Target,Split_ID,Split_Strategy,Grouping_Level,Train_Condition_Count,Validation_Condition_Count,Train_Group_Count,Validation_Group_Count,Train_Positive,Train_Negative,Validation_Positive,Validation_Negative,Both_Classes_Train,Both_Classes_Validation,Group_Overlap,Paper_Overlap,Study_Overlap,Material_Overlap,Source_Alloy_Family_Overlap,Strict_Leakage_Overlap,Feature_Set,Feature_Complete_Train,Feature_Complete_Validation,Scientific_Validity,Statistical_Limitation,Recommended_Status,Notes,Number_of_Folds,Fold_Number,Design_Feasibility,Validation_Group_IDs,Feature_Complete_Train_Positive,Feature_Complete_Train_Negative,Feature_Complete_Validation_Positive,Feature_Complete_Validation_Negative,Train_TRIP_Positive,Train_TRIP_Negative,Validation_TRIP_Positive,Validation_TRIP_Negative,Train_TWIP_Positive,Train_TWIP_Negative,Validation_TWIP_Positive,Validation_TWIP_Negative,Train_00,Train_10,Train_01,Train_11,Validation_00,Validation_10,Validation_01,Validation_11
T1_TRIP,T1_LOPO_F01_P001,LEAVE_ONE_PAPER_OUT,Paper_ID,29,3,11,1,24,5,3,0,True,False,0,0,0,0,0,0,M1_CHEMISTRY,21,3,ZERO_PAPER_STUDY_MATERIAL_STRICT_AND_EXACT_SOURCE_FAMILY_OVERLAP,Only 5 TRIP negatives across 4 strict groups; M2 retains 2 negatives across 2 strict groups; At least one required class is absent from training or validation,INVALID_CLASS_SUPPORT,"Deterministic leave-one-group-out fold holding P001; group independence takes precedence over exact stratification; no row-random split, resampling, or model fitting.",12,1,NOT_FEASIBLE,P001,18,3,3,0,24,5,3,0,21,3,0,3,1,2,4,17,0,3,0,0
T1_TRIP,T1_LOPO_F01_P001,LEAVE_ONE_PAPER_OUT,Paper_ID,29,3,11,1,24,5,3,0,True,False,0,0,0,0,0,0,M2_CHEMISTRY_PLUS_TEST,16,3,ZERO_PAPER_STUDY_MATERIAL_STRICT_AND_EXACT_SOURCE_FAMILY_OVERLAP,Only 5 TRIP negatives across 4 strict groups; M2 retains 2 negatives across 2 strict groups; At least one required class is absent from training or validation,INVALID_CLASS_SUPPORT,"Deterministic leave-one-group-out fold holding P001; group independence takes precedence over exact stratification; no row-random split, resampling, or model fitting.",12,1,NOT_FEASIBLE,P001,14,2,3,0,24,5,3,0,21,3,0,3,1,2,4,17,0,3,0,0
T1_TRIP,T1_LOPO_F01_P001,LEAVE_ONE_PAPER_OUT,Paper_ID,29,3,11,1,24,5,3,0,True,False,0,0,0,0,0,0,M3_PLUS_PROCESSING,16,3,ZERO_PAPER_STUDY_MATERIAL_STRICT_AND_EXACT_SOURCE_FAMILY_OVERLAP,Only 5 TRIP negatives across 4 strict groups; M2 retains 2 negatives across 2 strict groups; At least one required class is absent from training or validation,INVALID_CLASS_SUPPORT,"Deterministic leave-one-group-out fold holding P001; group independence takes precedence over exact stratification; no row-random split, resampling, or model fitting.",12,1,NOT_FEASIBLE,P001,14,2,3,0,24,5,3,0,21,3,0,3,1,2,4,17,0,3,0,0
T1_TRIP,T1_LOPO_F01_P001,LEAVE_ONE_PAPER_OUT,Paper_ID,29,3,11,1,24,5,3,0,True,False,0,0,0,0,0,0,M4_PLUS_PHYSICS,16,3,ZERO_PAPER_STUDY_MATERIAL_STRICT_AND_EXACT_SOURCE_FAMILY_OVERLAP,Only 5 TRIP negatives across 4 strict groups; M2 retains 2 negatives across 2 strict groups; At least one required class is absent from training or validation,INVALID_CLASS_SUPPORT,"Deterministic leave-one-group-out fold holding P001; group independence takes precedence over exact stratification; no row-random split, resampling, or model fitting.",12,1,NOT_FEASIBLE,P001,14,2,3,0,24,5,3,0,21,3,0,3,1,2,4,17,0,3,0,0
T1_TRIP,T1_LOPO_F01_P001,LEAVE_ONE_PAPER_OUT,Paper_ID,29,3,11,1,24,5,3,0,True,False,0,0,0,0,0,0,M5_PLUS_INITIAL_MICROSTRUCTURE,13,3,ZERO_PAPER_STUDY_MATERIAL_STRICT_AND_EXACT_SOURCE_FAMILY_OVERLAP,Only 5 TRIP negatives across 4 strict groups; M2 retains 2 negatives across 2 strict groups; At least one required class is absent from training or validation,INVALID_CLASS_SUPPORT,"Deterministic leave-one-group-out fold holding P001; group independence takes precedence over exact stratification; no row-random split, resampling, or model fitting.",12,1,NOT_FEASIBLE,P001,13,0,3,0,24,5,3,0,21,3,0,3,1,2,4,17,0,3,0,0
T1_TRIP,T1_LOPO_F02_P002,LEAVE_ONE_PAPER_OUT,Paper_ID,29,3,11,1,25,4,2,1,True,True,0,0,0,0,0,0,M1_CHEMISTRY,21,3,ZERO_PAPER_STUDY_MATERIAL_STRICT_AND_EXACT_SOURCE_FAMILY_OVERLAP,Only 5 TRIP negatives across 4 strict groups; M2 retains 2 negatives across 2 strict groups,EXPLORATORY_ONLY,"Deterministic leave-one-group-out fold holding P002; group independence takes precedence over exact stratification; no row-random split, resampling, or model fitting.",12,2,NOT_FEASIBLE,P002,19,2,2,1,25,4,2,1,19,5,2,1,0,5,4,15,1,0,0,2
T1_TRIP,T1_LOPO_F02_P002,LEAVE_ONE_PAPER_OUT,Paper_ID,29,3,11,1,25,4,2,1,True,True,0,0,0,0,0,0,M2_CHEMISTRY_PLUS_TEST,16,3,ZERO_PAPER_STUDY_MATERIAL_STRICT_AND_EXACT_SOURCE_FAMILY_OVERLAP,Only 5 TRIP negatives across 4 strict groups; M2 retains 2 negatives across 2 strict groups,EXPLORATORY_ONLY,"Deterministic leave-one-group-out fold holding P002; group independence takes precedence over exact stratification; no row-random split, resampling, or model fitting.",12,2,NOT_FEASIBLE,P002,15,1,2,1,25,4,2,1,19,5,2,1,0,5,4,15,1,0,0,2
T1_TRIP,T1_LOPO_F02_P002,LEAVE_ONE_PAPER_OUT,Paper_ID,29,3,11,1,25,4,2,1,True,True,0,0,0,0,0,0,M3_PLUS_PROCESSING,16,3,ZERO_PAPER_STUDY_MATERIAL_STRICT_AND_EXACT_SOURCE_FAMILY_OVERLAP,Only 5 TRIP negatives across 4 strict groups; M2 retains 2 negatives across 2 strict groups,EXPLORATORY_ONLY,"Deterministic leave-one-group-out fold holding P002; group independence takes precedence over exact stratification; no row-random split, resampling, or model fitting.",12,2,NOT_FEASIBLE,P002,15,1,2,1,25,4,2,1,19,5,2,1,0,5,4,15,1,0,0,2
T1_TRIP,T1_LOPO_F02_P002,LEAVE_ONE_PAPER_OUT,Paper_ID,29,3,11,1,25,4,2,1,True,True,0,0,0,0,0,0,M4_PLUS_PHYSICS,16,3,ZERO_PAPER_STUDY_MATERIAL_STRICT_AND_EXACT_SOURCE_FAMILY_OVERLAP,Only 5 TRIP negatives across 4 strict groups; M2 retains 2 negatives across 2 strict groups,EXPLORATORY_ONLY,"Deterministic leave-one-group-out fold holding P002; group independence takes precedence over exact stratification; no row-random split, resampling, or model fitting.",12,2,NOT_FEASIBLE,P002,15,1,2,1,25,4,2,1,19,5,2,1,0,5,4,15,1,0,0,2
T1_TRIP,T1_LOPO_F02_P002,LEAVE_ONE_PAPER_OUT,Paper_ID,29,3,11,1,25,4,2,1,True,True,0,0,0,0,0,0,M5_PLUS_INITIAL_MICROSTRUCTURE,15,1,ZERO_PAPER_STUDY_MATERIAL_STRICT_AND_EXACT_SOURCE_FAMILY_OVERLAP,Only 5 TRIP negatives across 4 strict groups; M2 retains 2 negatives across 2 strict groups,EXPLORATORY_ONLY,"Deterministic leave-one-group-out fold holding P002; group independence takes precedence over exact stratification; no row-random split, resampling, or model fitting.",12,2,NOT_FEASIBLE,P002,15,0,1,0,25,4,2,1,19,5,2,1,0,5,4,15,1,0,0,2
T1_TRIP,T1_LOPO_F03_P003,LEAVE_ONE_PAPER_OUT,Paper_ID,29,3,11,1,24,5,3,0,True,False,0,0,0,0,1,0,M1_CHEMISTRY,21,3,ZERO_PROVENANCE_GROUP_OVERLAP; EXACT_SOURCE_ALLOY_FAMILY_OVERLAP_LIMITS_G2,Only 5 TRIP negatives across 4 strict groups; M2 retains 2 negatives across 2 strict groups; At least one required class is absent from training or validation,INVALID_CLASS_SUPPORT,"Deterministic leave-one-group-out fold holding P003; group independence takes precedence over exact stratification; no row-random split, resampling, or model fitting.",12,3,NOT_FEASIBLE,P003,18,3,3,0,24,5,3,0,18,6,3,0,1,5,4,14,0,0,0,3
T1_TRIP,T1_LOPO_F03_P003,LEAVE_ONE_PAPER_OUT,Paper_ID,29,3,11,1,24,5,3,0,True,False,0,0,0,0,1,0,M2_CHEMISTRY_PLUS_TEST,16,3,ZERO_PROVENANCE_GROUP_OVERLAP; EXACT_SOURCE_ALLOY_FAMILY_OVERLAP_LIMITS_G2,Only 5 TRIP negatives across 4 strict groups; M2 retains 2 negatives across 2 strict groups; At least one required class is absent from training or validation,INVALID_CLASS_SUPPORT,"Deterministic leave-one-group-out fold holding P003; group independence takes precedence over exact stratification; no row-random split, resampling, or model fitting.",12,3,NOT_FEASIBLE,P003,14,2,3,0,24,5,3,0,18,6,3,0,1,5,4,14,0,0,0,3
T1_TRIP,T1_LOPO_F03_P003,LEAVE_ONE_PAPER_OUT,Paper_ID,29,3,11,1,24,5,3,0,True,False,0,0,0,0,1,0,M3_PLUS_PROCESSING,16,3,ZERO_PROVENANCE_GROUP_OVERLAP; EXACT_SOURCE_ALLOY_FAMILY_OVERLAP_LIMITS_G2,Only 5 TRIP negatives across 4 strict groups; M2 retains 2 negatives across 2 strict groups; At least one required class is absent from training or validation,INVALID_CLASS_SUPPORT,"Deterministic leave-one-group-out fold holding P003; group independence takes precedence over exact stratification; no row-random split, resampling, or model fitting.",12,3,NOT_FEASIBLE,P003,14,2,3,0,24,5,3,0,18,6,3,0,1,5,4,14,0,0,0,3
T1_TRIP,T1_LOPO_F03_P003,LEAVE_ONE_PAPER_OUT,Paper_ID,29,3,11,1,24,5,3,0,True,False,0,0,0,0,1,0,M4_PLUS_PHYSICS,16,3,ZERO_PROVENANCE_GROUP_OVERLAP; EXACT_SOURCE_ALLOY_FAMILY_OVERLAP_LIMITS_G2,Only 5 TRIP negatives across 4 strict groups; M2 retains 2 negatives across 2 strict groups; At least one required class is absent from training or validation,INVALID_CLASS_SUPPORT,"Deterministic leave-one-group-out fold holding P003; group independence takes precedence over exact stratification; no row-random split, resampling, or model fitting.",12,3,NOT_FEASIBLE,P003,14,2,3,0,24,5,3,0,18,6,3,0,1,5,4,14,0,0,0,3
T1_TRIP,T1_LOPO_F03_P003,LEAVE_ONE_PAPER_OUT,Paper_ID,29,3,11,1,24,5,3,0,True,False,0,0,0,0,1,0,M5_PLUS_INITIAL_MICROSTRUCTURE,13,3,ZERO_PROVENANCE_GROUP_OVERLAP; EXACT_SOURCE_ALLOY_FAMILY_OVERLAP_LIMITS_G2,Only 5 TRIP negatives across 4 strict groups; M2 retains 2 negatives across 2 strict groups; At least one required class is absent from training or validation,INVALID_CLASS_SUPPORT,"Deterministic leave-one-group-out fold holding P003; group independence takes precedence over exact stratification; no row-random split, resampling, or model fitting.",12,3,NOT_FEASIBLE,P003,13,0,3,0,24,5,3,0,18,6,3,0,1,5,4,14,0,0,0,3
T1_TRIP,T1_LOPO_F04_P007,LEAVE_ONE_PAPER_OUT,Paper_ID,28,4,11,1,23,5,4,0,True,False,0,0,0,0,0,0,M1_CHEMISTRY,20,4,ZERO_PAPER_STUDY_MATERIAL_STRICT_AND_EXACT_SOURCE_FAMILY_OVERLAP,Only 5 TRIP negatives across 4 strict groups; M2 retains 2 negatives across 2 strict groups; At least one required class is absent from training or validation,INVALID_CLASS_SUPPORT,"Deterministic leave-one-group-out fold holding P007; group independence takes precedence over exact stratification; no row-random split, resampling, or model fitting.",12,4,NOT_FEASIBLE,P007,17,3,4,0,23,5,4,0,18,5,3,1,1,4,4,14,0,1,0,3
T1_TRIP,T1_LOPO_F04_P007,LEAVE_ONE_PAPER_OUT,Paper_ID,28,4,11,1,23,5,4,0,True,False,0,0,0,0,0,0,M2_CHEMISTRY_PLUS_TEST,15,4,ZERO_PAPER_STUDY_MATERIAL_STRICT_AND_EXACT_SOURCE_FAMILY_OVERLAP,Only 5 TRIP negatives across 4 strict groups; M2 retains 2 negatives across 2 strict groups; At least one required class is absent from training or validation,INVALID_CLASS_SUPPORT,"Deterministic leave-one-group-out fold holding P007; group independence takes precedence over exact stratification; no row-random split, resampling, or model fitting.",12,4,NOT_FEASIBLE,P007,13,2,4,0,23,5,4,0,18,5,3,1,1,4,4,14,0,1,0,3
T1_TRIP,T1_LOPO_F04_P007,LEAVE_ONE_PAPER_OUT,Paper_ID,28,4,11,1,23,5,4,0,True,False,0,0,0,0,0,0,M3_PLUS_PROCESSING,15,4,ZERO_PAPER_STUDY_MATERIAL_STRICT_AND_EXACT_SOURCE_FAMILY_OVERLAP,Only 5 TRIP negatives across 4 strict groups; M2 retains 2 negatives across 2 strict groups; At least one required class is absent from training or validation,INVALID_CLASS_SUPPORT,"Deterministic leave-one-group-out fold holding P007; group independence takes precedence over exact stratification; no row-random split, resampling, or model fitting.",12,4,NOT_FEASIBLE,P007,13,2,4,0,23,5,4,0,18,5,3,1,1,4,4,14,0,1,0,3
T1_TRIP,T1_LOPO_F04_P007,LEAVE_ONE_PAPER_OUT,Paper_ID,28,4,11,1,23,5,4,0,True,False,0,0,0,0,0,0,M4_PLUS_PHYSICS,15,4,ZERO_PAPER_STUDY_MATERIAL_STRICT_AND_EXACT_SOURCE_FAMILY_OVERLAP,Only 5 TRIP negatives across 4 strict groups; M2 retains 2 negatives across 2 strict groups; At least one required class is absent from training or validation,INVALID_CLASS_SUPPORT,"Deterministic leave-one-group-out fold holding P007; group independence takes precedence over exact stratification; no row-random split, resampling, or model fitting.",12,4,NOT_FEASIBLE,P007,13,2,4,0,23,5,4,0,18,5,3,1,1,4,4,14,0,1,0,3
T1_TRIP,T1_LOPO_F04_P007,LEAVE_ONE_PAPER_OUT,Paper_ID,28,4,11,1,23,5,4,0,True,False,0,0,0,0,0,0,M5_PLUS_INITIAL_MICROSTRUCTURE,12,4,ZERO_PAPER_STUDY_MATERIAL_STRICT_AND_EXACT_SOURCE_FAMILY_OVERLAP,Only 5 TRIP negatives across 4 strict groups; M2 retains 2 negatives across 2 strict groups; At least one required class is absent from training or validation,INVALID_CLASS_SUPPORT,"Deterministic leave-one-group-out fold holding P007; group independence takes precedence over exact stratification; no row-random split, resampling, or model fitting.",12,4,NOT_FEASIBLE,P007,12,0,4,0,23,5,4,0,18,5,3,1,1,4,4,14,0,1,0,3
T1_TRIP,T1_LOPO_F05_P008,LEAVE_ONE_PAPER_OUT,Paper_ID,28,4,11,1,25,3,2,2,True,True,0,0,0,0,0,0,M1_CHEMISTRY,23,1,ZERO_PAPER_STUDY_MATERIAL_STRICT_AND_EXACT_SOURCE_FAMILY_OVERLAP,Only 5 TRIP negatives across 4 strict groups; M2 retains 2 negatives across 2 strict groups,EXPLORATORY_ONLY,"Deterministic leave-one-group-out fold holding P008; group independence takes precedence over exact stratification; no row-random split, resampling, or model fitting.",12,5,NOT_FEASIBLE,P008,21,2,0,1,25,3,2,2,18,6,3,0,1,5,2,16,0,0,2,1
T1_TRIP,T1_LOPO_F05_P008,LEAVE_ONE_PAPER_OUT,Paper_ID,28,4,11,1,25,3,2,2,True,True,0,0,0,0,0,0,M2_CHEMISTRY_PLUS_TEST,18,1,ZERO_PAPER_STUDY_MATERIAL_STRICT_AND_EXACT_SOURCE_FAMILY_OVERLAP,Only 5 TRIP negatives across 4 strict groups; M2 retains 2 negatives across 2 strict groups,EXPLORATORY_ONLY,"Deterministic leave-one-group-out fold holding P008; group independence takes precedence over exact stratification; no row-random split, resampling, or model fitting.",12,5,NOT_FEASIBLE,P008,17,1,0,1,25,3,2,2,18,6,3,0,1,5,2,16,0,0,2,1
T1_TRIP,T1_LOPO_F05_P008,LEAVE_ONE_PAPER_OUT,Paper_ID,28,4,11,1,25,3,2,2,True,True,0,0,0,0,0,0,M3_PLUS_PROCESSING,18,1,ZERO_PAPER_STUDY_MATERIAL_STRICT_AND_EXACT_SOURCE_FAMILY_OVERLAP,Only 5 TRIP negatives across 4 strict groups; M2 retains 2 negatives across 2 strict groups,EXPLORATORY_ONLY,"Deterministic leave-one-group-out fold holding P008; group independence takes precedence over exact stratification; no row-random split, resampling, or model fitting.",12,5,NOT_FEASIBLE,P008,17,1,0,1,25,3,2,2,18,6,3,0,1,5,2,16,0,0,2,1
T1_TRIP,T1_LOPO_F05_P008,LEAVE_ONE_PAPER_OUT,Paper_ID,28,4,11,1,25,3,2,2,True,True,0,0,0,0,0,0,M4_PLUS_PHYSICS,18,1,ZERO_PAPER_STUDY_MATERIAL_STRICT_AND_EXACT_SOURCE_FAMILY_OVERLAP,Only 5 TRIP negatives across 4 strict groups; M2 retains 2 negatives across 2 strict groups,EXPLORATORY_ONLY,"Deterministic leave-one-group-out fold holding P008; group independence takes precedence over exact stratification; no row-random split, resampling, or model fitting.",12,5,NOT_FEASIBLE,P008,17,1,0,1,25,3,2,2,18,6,3,0,1,5,2,16,0,0,2,1
T1_TRIP,T1_LOPO_F05_P008,LEAVE_ONE_PAPER_OUT,Paper_ID,28,4,11,1,25,3,2,2,True,True,0,0,0,0,0,0,M5_PLUS_INITIAL_MICROSTRUCTURE,16,0,ZERO_PAPER_STUDY_MATERIAL_STRICT_AND_EXACT_SOURCE_FAMILY_OVERLAP,Only 5 TRIP negatives across 4 strict groups; M2 retains 2 negatives across 2 strict groups,EXPLORATORY_ONLY,"Deterministic leave-one-group-out fold holding P008; group independence takes precedence over exact stratification; no row-random split, resampling, or model fitting.",12,5,NOT_FEASIBLE,P008,16,0,0,0,25,3,2,2,18,6,3,0,1,5,2,16,0,0,2,1
T1_TRIP,T1_LOPO_F06_P010,LEAVE_ONE_PAPER_OUT,Paper_ID,29,3,11,1,25,4,2,1,True,True,0,0,0,0,0,0,M1_CHEMISTRY,21,3,ZERO_PAPER_STUDY_MATERIAL_STRICT_AND_EXACT_SOURCE_FAMILY_OVERLAP,Only 5 TRIP negatives across 4 strict groups; M2 retains 2 negatives across 2 strict groups,EXPLORATORY_ONLY,"Deterministic leave-one-group-out fold holding P010; group independence takes precedence over exact stratification; no row-random split, resampling, or model fitting.",12,6,NOT_FEASIBLE,P010,19,2,2,1,25,4,2,1,18,6,3,0,1,5,3,15,0,0,1,2
T1_TRIP,T1_LOPO_F06_P010,LEAVE_ONE_PAPER_OUT,Paper_ID,29,3,11,1,25,4,2,1,True,True,0,0,0,0,0,0,M2_CHEMISTRY_PLUS_TEST,19,0,ZERO_PAPER_STUDY_MATERIAL_STRICT_AND_EXACT_SOURCE_FAMILY_OVERLAP,Only 5 TRIP negatives across 4 strict groups; M2 retains 2 negatives across 2 strict groups,EXPLORATORY_ONLY,"Deterministic leave-one-group-out fold holding P010; group independence takes precedence over exact stratification; no row-random split, resampling, or model fitting.",12,6,NOT_FEASIBLE,P010,17,2,0,0,25,4,2,1,18,6,3,0,1,5,3,15,0,0,1,2
T1_TRIP,T1_LOPO_F06_P010,LEAVE_ONE_PAPER_OUT,Paper_ID,29,3,11,1,25,4,2,1,True,True,0,0,0,0,0,0,M3_PLUS_PROCESSING,19,0,ZERO_PAPER_STUDY_MATERIAL_STRICT_AND_EXACT_SOURCE_FAMILY_OVERLAP,Only 5 TRIP negatives across 4 strict groups; M2 retains 2 negatives across 2 strict groups,EXPLORATORY_ONLY,"Deterministic leave-one-group-out fold holding P010; group independence takes precedence over exact stratification; no row-random split, resampling, or model fitting.",12,6,NOT_FEASIBLE,P010,17,2,0,0,25,4,2,1,18,6,3,0,1,5,3,15,0,0,1,2
T1_TRIP,T1_LOPO_F06_P010,LEAVE_ONE_PAPER_OUT,Paper_ID,29,3,11,1,25,4,2,1,True,True,0,0,0,0,0,0,M4_PLUS_PHYSICS,19,0,ZERO_PAPER_STUDY_MATERIAL_STRICT_AND_EXACT_SOURCE_FAMILY_OVERLAP,Only 5 TRIP negatives across 4 strict groups; M2 retains 2 negatives across 2 strict groups,EXPLORATORY_ONLY,"Deterministic leave-one-group-out fold holding P010; group independence takes precedence over exact stratification; no row-random split, resampling, or model fitting.",12,6,NOT_FEASIBLE,P010,17,2,0,0,25,4,2,1,18,6,3,0,1,5,3,15,0,0,1,2
T1_TRIP,T1_LOPO_F06_P010,LEAVE_ONE_PAPER_OUT,Paper_ID,29,3,11,1,25,4,2,1,True,True,0,0,0,0,0,0,M5_PLUS_INITIAL_MICROSTRUCTURE,16,0,ZERO_PAPER_STUDY_MATERIAL_STRICT_AND_EXACT_SOURCE_FAMILY_OVERLAP,Only 5 TRIP negatives across 4 strict groups; M2 retains 2 negatives across 2 strict groups,EXPLORATORY_ONLY,"Deterministic leave-one-group-out fold holding P010; group independence takes precedence over exact stratification; no row-random split, resampling, or model fitting.",12,6,NOT_FEASIBLE,P010,16,0,0,0,25,4,2,1,18,6,3,0,1,5,3,15,0,0,1,2
T1_TRIP,T1_LOPO_F07_P011,LEAVE_ONE_PAPER_OUT,Paper_ID,30,2,11,1,25,5,2,0,True,False,0,0,0,0,1,0,M1_CHEMISTRY,22,2,ZERO_PROVENANCE_GROUP_OVERLAP; EXACT_SOURCE_ALLOY_FAMILY_OVERLAP_LIMITS_G2,Only 5 TRIP negatives across 4 strict groups; M2 retains 2 negatives across 2 strict groups; At least one required class is absent from training or validation,INVALID_CLASS_SUPPORT,"Deterministic leave-one-group-out fold holding P011; group independence takes precedence over exact stratification; no row-random split, resampling, or model fitting.",12,7,NOT_FEASIBLE,P011,19,3,2,0,25,5,2,0,20,5,1,1,1,4,4,16,0,1,0,1
T1_TRIP,T1_LOPO_F07_P011,LEAVE_ONE_PAPER_OUT,Paper_ID,30,2,11,1,25,5,2,0,True,False,0,0,0,0,1,0,M2_CHEMISTRY_PLUS_TEST,17,2,ZERO_PROVENANCE_GROUP_OVERLAP; EXACT_SOURCE_ALLOY_FAMILY_OVERLAP_LIMITS_G2,Only 5 TRIP negatives across 4 strict groups; M2 retains 2 negatives across 2 strict groups; At least one required class is absent from training or validation,INVALID_CLASS_SUPPORT,"Deterministic leave-one-group-out fold holding P011; group independence takes precedence over exact stratification; no row-random split, resampling, or model fitting.",12,7,NOT_FEASIBLE,P011,15,2,2,0,25,5,2,0,20,5,1,1,1,4,4,16,0,1,0,1
T1_TRIP,T1_LOPO_F07_P011,LEAVE_ONE_PAPER_OUT,Paper_ID,30,2,11,1,25,5,2,0,True,False,0,0,0,0,1,0,M3_PLUS_PROCESSING,17,2,ZERO_PROVENANCE_GROUP_OVERLAP; EXACT_SOURCE_ALLOY_FAMILY_OVERLAP_LIMITS_G2,Only 5 TRIP negatives across 4 strict groups; M2 retains 2 negatives across 2 strict groups; At least one required class is absent from training or validation,INVALID_CLASS_SUPPORT,"Deterministic leave-one-group-out fold holding P011; group independence takes precedence over exact stratification; no row-random split, resampling, or model fitting.",12,7,NOT_FEASIBLE,P011,15,2,2,0,25,5,2,0,20,5,1,1,1,4,4,16,0,1,0,1
T1_TRIP,T1_LOPO_F07_P011,LEAVE_ONE_PAPER_OUT,Paper_ID,30,2,11,1,25,5,2,0,True,False,0,0,0,0,1,0,M4_PLUS_PHYSICS,17,2,ZERO_PROVENANCE_GROUP_OVERLAP; EXACT_SOURCE_ALLOY_FAMILY_OVERLAP_LIMITS_G2,Only 5 TRIP negatives across 4 strict groups; M2 retains 2 negatives across 2 strict groups; At least one required class is absent from training or validation,INVALID_CLASS_SUPPORT,"Deterministic leave-one-group-out fold holding P011; group independence takes precedence over exact stratification; no row-random split, resampling, or model fitting.",12,7,NOT_FEASIBLE,P011,15,2,2,0,25,5,2,0,20,5,1,1,1,4,4,16,0,1,0,1
T1_TRIP,T1_LOPO_F07_P011,LEAVE_ONE_PAPER_OUT,Paper_ID,30,2,11,1,25,5,2,0,True,False,0,0,0,0,1,0,M5_PLUS_INITIAL_MICROSTRUCTURE,14,2,ZERO_PROVENANCE_GROUP_OVERLAP; EXACT_SOURCE_ALLOY_FAMILY_OVERLAP_LIMITS_G2,Only 5 TRIP negatives across 4 strict groups; M2 retains 2 negatives across 2 strict groups; At least one required class is absent from training or validation,INVALID_CLASS_SUPPORT,"Deterministic leave-one-group-out fold holding P011; group independence takes precedence over exact stratification; no row-random split, resampling, or model fitting.",12,7,NOT_FEASIBLE,P011,14,0,2,0,25,5,2,0,20,5,1,1,1,4,4,16,0,1,0,1
T1_TRIP,T1_LOPO_F08_P012,LEAVE_ONE_PAPER_OUT,Paper_ID,29,3,11,1,24,5,3,0,True,False,0,0,0,0,0,0,M1_CHEMISTRY,21,3,ZERO_PAPER_STUDY_MATERIAL_STRICT_AND_EXACT_SOURCE_FAMILY_OVERLAP,Only 5 TRIP negatives across 4 strict groups; M2 retains 2 negatives across 2 strict groups; At least one required class is absent from training or validation,INVALID_CLASS_SUPPORT,"Deterministic leave-one-group-out fold holding P012; group independence takes precedence over exact stratification; no row-random split, resampling, or model fitting.",12,8,NOT_FEASIBLE,P012,18,3,3,0,24,5,3,0,20,6,1,0,1,5,4,16,0,0,0,1
T1_TRIP,T1_LOPO_F08_P012,LEAVE_ONE_PAPER_OUT,Paper_ID,29,3,11,1,24,5,3,0,True,False,0,0,0,0,0,0,M2_CHEMISTRY_PLUS_TEST,16,3,ZERO_PAPER_STUDY_MATERIAL_STRICT_AND_EXACT_SOURCE_FAMILY_OVERLAP,Only 5 TRIP negatives across 4 strict groups; M2 retains 2 negatives across 2 strict groups; At least one required class is absent from training or validation,INVALID_CLASS_SUPPORT,"Deterministic leave-one-group-out fold holding P012; group independence takes precedence over exact stratification; no row-random split, resampling, or model fitting.",12,8,NOT_FEASIBLE,P012,14,2,3,0,24,5,3,0,20,6,1,0,1,5,4,16,0,0,0,1
T1_TRIP,T1_LOPO_F08_P012,LEAVE_ONE_PAPER_OUT,Paper_ID,29,3,11,1,24,5,3,0,True,False,0,0,0,0,0,0,M3_PLUS_PROCESSING,16,3,ZERO_PAPER_STUDY_MATERIAL_STRICT_AND_EXACT_SOURCE_FAMILY_OVERLAP,Only 5 TRIP negatives across 4 strict groups; M2 retains 2 negatives across 2 strict groups; At least one required class is absent from training or validation,INVALID_CLASS_SUPPORT,"Deterministic leave-one-group-out fold holding P012; group independence takes precedence over exact stratification; no row-random split, resampling, or model fitting.",12,8,NOT_FEASIBLE,P012,14,2,3,0,24,5,3,0,20,6,1,0,1,5,4,16,0,0,0,1
T1_TRIP,T1_LOPO_F08_P012,LEAVE_ONE_PAPER_OUT,Paper_ID,29,3,11,1,24,5,3,0,True,False,0,0,0,0,0,0,M4_PLUS_PHYSICS,16,3,ZERO_PAPER_STUDY_MATERIAL_STRICT_AND_EXACT_SOURCE_FAMILY_OVERLAP,Only 5 TRIP negatives across 4 strict groups; M2 retains 2 negatives across 2 strict groups; At least one required class is absent from training or validation,INVALID_CLASS_SUPPORT,"Deterministic leave-one-group-out fold holding P012; group independence takes precedence over exact stratification; no row-random split, resampling, or model fitting.",12,8,NOT_FEASIBLE,P012,14,2,3,0,24,5,3,0,20,6,1,0,1,5,4,16,0,0,0,1
T1_TRIP,T1_LOPO_F08_P012,LEAVE_ONE_PAPER_OUT,Paper_ID,29,3,11,1,24,5,3,0,True,False,0,0,0,0,0,0,M5_PLUS_INITIAL_MICROSTRUCTURE,13,3,ZERO_PAPER_STUDY_MATERIAL_STRICT_AND_EXACT_SOURCE_FAMILY_OVERLAP,Only 5 TRIP negatives across 4 strict groups; M2 retains 2 negatives across 2 strict groups; At least one required class is absent from training or validation,INVALID_CLASS_SUPPORT,"Deterministic leave-one-group-out fold holding P012; group independence takes precedence over exact stratification; no row-random split, resampling, or model fitting.",12,8,NOT_FEASIBLE,P012,13,0,3,0,24,5,3,0,20,6,1,0,1,5,4,16,0,0,0,1
T1_TRIP,T1_LOPO_F09_P013,LEAVE_ONE_PAPER_OUT,Paper_ID,31,1,11,1,26,5,1,0,True,False,0,0,0,0,1,0,M1_CHEMISTRY,23,1,ZERO_PROVENANCE_GROUP_OVERLAP; EXACT_SOURCE_ALLOY_FAMILY_OVERLAP_LIMITS_G2,Only 5 TRIP negatives across 4 strict groups; M2 retains 2 negatives across 2 strict groups; At least one required class is absent from training or validation,INVALID_CLASS_SUPPORT,"Deterministic leave-one-group-out fold holding P013; group independence takes precedence over exact stratification; no row-random split, resampling, or model fitting.",12,9,NOT_FEASIBLE,P013,20,3,1,0,26,5,1,0,20,6,1,0,1,5,4,16,0,0,0,1
T1_TRIP,T1_LOPO_F09_P013,LEAVE_ONE_PAPER_OUT,Paper_ID,31,1,11,1,26,5,1,0,True,False,0,0,0,0,1,0,M2_CHEMISTRY_PLUS_TEST,19,0,ZERO_PROVENANCE_GROUP_OVERLAP; EXACT_SOURCE_ALLOY_FAMILY_OVERLAP_LIMITS_G2,Only 5 TRIP negatives across 4 strict groups; M2 retains 2 negatives across 2 strict groups; At least one required class is absent from training or validation,INVALID_CLASS_SUPPORT,"Deterministic leave-one-group-out fold holding P013; group independence takes precedence over exact stratification; no row-random split, resampling, or model fitting.",12,9,NOT_FEASIBLE,P013,17,2,0,0,26,5,1,0,20,6,1,0,1,5,4,16,0,0,0,1
T1_TRIP,T1_LOPO_F09_P013,LEAVE_ONE_PAPER_OUT,Paper_ID,31,1,11,1,26,5,1,0,True,False,0,0,0,0,1,0,M3_PLUS_PROCESSING,19,0,ZERO_PROVENANCE_GROUP_OVERLAP; EXACT_SOURCE_ALLOY_FAMILY_OVERLAP_LIMITS_G2,Only 5 TRIP negatives across 4 strict groups; M2 retains 2 negatives across 2 strict groups; At least one required class is absent from training or validation,INVALID_CLASS_SUPPORT,"Deterministic leave-one-group-out fold holding P013; group independence takes precedence over exact stratification; no row-random split, resampling, or model fitting.",12,9,NOT_FEASIBLE,P013,17,2,0,0,26,5,1,0,20,6,1,0,1,5,4,16,0,0,0,1
T1_TRIP,T1_LOPO_F09_P013,LEAVE_ONE_PAPER_OUT,Paper_ID,31,1,11,1,26,5,1,0,True,False,0,0,0,0,1,0,M4_PLUS_PHYSICS,19,0,ZERO_PROVENANCE_GROUP_OVERLAP; EXACT_SOURCE_ALLOY_FAMILY_OVERLAP_LIMITS_G2,Only 5 TRIP negatives across 4 strict groups; M2 retains 2 negatives across 2 strict groups; At least one required class is absent from training or validation,INVALID_CLASS_SUPPORT,"Deterministic leave-one-group-out fold holding P013; group independence takes precedence over exact stratification; no row-random split, resampling, or model fitting.",12,9,NOT_FEASIBLE,P013,17,2,0,0,26,5,1,0,20,6,1,0,1,5,4,16,0,0,0,1
T1_TRIP,T1_LOPO_F09_P013,LEAVE_ONE_PAPER_OUT,Paper_ID,31,1,11,1,26,5,1,0,True,False,0,0,0,0,1,0,M5_PLUS_INITIAL_MICROSTRUCTURE,16,0,ZERO_PROVENANCE_GROUP_OVERLAP; EXACT_SOURCE_ALLOY_FAMILY_OVERLAP_LIMITS_G2,Only 5 TRIP negatives across 4 strict groups; M2 retains 2 negatives across 2 strict groups; At least one required class is absent from training or validation,INVALID_CLASS_SUPPORT,"Deterministic leave-one-group-out fold holding P013; group independence takes precedence over exact stratification; no row-random split, resampling, or model fitting.",12,9,NOT_FEASIBLE,P013,16,0,0,0,26,5,1,0,20,6,1,0,1,5,4,16,0,0,0,1
T1_TRIP,T1_LOPO_F10_P014,LEAVE_ONE_PAPER_OUT,Paper_ID,31,1,11,1,26,5,1,0,True,False,0,0,0,0,1,0,M1_CHEMISTRY,23,1,ZERO_PROVENANCE_GROUP_OVERLAP; EXACT_SOURCE_ALLOY_FAMILY_OVERLAP_LIMITS_G2,Only 5 TRIP negatives across 4 strict groups; M2 retains 2 negatives across 2 strict groups; At least one required class is absent from training or validation,INVALID_CLASS_SUPPORT,"Deterministic leave-one-group-out fold holding P014; group independence takes precedence over exact stratification; no row-random split, resampling, or model fitting.",12,10,NOT_FEASIBLE,P014,20,3,1,0,26,5,1,0,20,6,1,0,1,5,4,16,0,0,0,1
T1_TRIP,T1_LOPO_F10_P014,LEAVE_ONE_PAPER_OUT,Paper_ID,31,1,11,1,26,5,1,0,True,False,0,0,0,0,1,0,M2_CHEMISTRY_PLUS_TEST,19,0,ZERO_PROVENANCE_GROUP_OVERLAP; EXACT_SOURCE_ALLOY_FAMILY_OVERLAP_LIMITS_G2,Only 5 TRIP negatives across 4 strict groups; M2 retains 2 negatives across 2 strict groups; At least one required class is absent from training or validation,INVALID_CLASS_SUPPORT,"Deterministic leave-one-group-out fold holding P014; group independence takes precedence over exact stratification; no row-random split, resampling, or model fitting.",12,10,NOT_FEASIBLE,P014,17,2,0,0,26,5,1,0,20,6,1,0,1,5,4,16,0,0,0,1
T1_TRIP,T1_LOPO_F10_P014,LEAVE_ONE_PAPER_OUT,Paper_ID,31,1,11,1,26,5,1,0,True,False,0,0,0,0,1,0,M3_PLUS_PROCESSING,19,0,ZERO_PROVENANCE_GROUP_OVERLAP; EXACT_SOURCE_ALLOY_FAMILY_OVERLAP_LIMITS_G2,Only 5 TRIP negatives across 4 strict groups; M2 retains 2 negatives across 2 strict groups; At least one required class is absent from training or validation,INVALID_CLASS_SUPPORT,"Deterministic leave-one-group-out fold holding P014; group independence takes precedence over exact stratification; no row-random split, resampling, or model fitting.",12,10,NOT_FEASIBLE,P014,17,2,0,0,26,5,1,0,20,6,1,0,1,5,4,16,0,0,0,1
T1_TRIP,T1_LOPO_F10_P014,LEAVE_ONE_PAPER_OUT,Paper_ID,31,1,11,1,26,5,1,0,True,False,0,0,0,0,1,0,M4_PLUS_PHYSICS,19,0,ZERO_PROVENANCE_GROUP_OVERLAP; EXACT_SOURCE_ALLOY_FAMILY_OVERLAP_LIMITS_G2,Only 5 TRIP negatives across 4 strict groups; M2 retains 2 negatives across 2 strict groups; At least one required class is absent from training or validation,INVALID_CLASS_SUPPORT,"Deterministic leave-one-group-out fold holding P014; group independence takes precedence over exact stratification; no row-random split, resampling, or model fitting.",12,10,NOT_FEASIBLE,P014,17,2,0,0,26,5,1,0,20,6,1,0,1,5,4,16,0,0,0,1
T1_TRIP,T1_LOPO_F10_P014,LEAVE_ONE_PAPER_OUT,Paper_ID,31,1,11,1,26,5,1,0,True,False,0,0,0,0,1,0,M5_PLUS_INITIAL_MICROSTRUCTURE,16,0,ZERO_PROVENANCE_GROUP_OVERLAP; EXACT_SOURCE_ALLOY_FAMILY_OVERLAP_LIMITS_G2,Only 5 TRIP negatives across 4 strict groups; M2 retains 2 negatives across 2 strict groups; At least one required class is absent from training or validation,INVALID_CLASS_SUPPORT,"Deterministic leave-one-group-out fold holding P014; group independence takes precedence over exact stratification; no row-random split, resampling, or model fitting.",12,10,NOT_FEASIBLE,P014,16,0,0,0,26,5,1,0,20,6,1,0,1,5,4,16,0,0,0,1
T1_TRIP,T1_LOPO_F11_P015,LEAVE_ONE_PAPER_OUT,Paper_ID,30,2,11,1,26,4,1,1,True,True,0,0,0,0,0,0,M1_CHEMISTRY,24,0,ZERO_PAPER_STUDY_MATERIAL_STRICT_AND_EXACT_SOURCE_FAMILY_OVERLAP,Only 5 TRIP negatives across 4 strict groups; M2 retains 2 negatives across 2 strict groups,EXPLORATORY_ONLY,"Deterministic leave-one-group-out fold holding P015; group independence takes precedence over exact stratification; no row-random split, resampling, or model fitting.",12,11,NOT_FEASIBLE,P015,21,3,0,0,26,4,1,1,19,6,2,0,1,5,3,16,0,0,1,1
T1_TRIP,T1_LOPO_F11_P015,LEAVE_ONE_PAPER_OUT,Paper_ID,30,2,11,1,26,4,1,1,True,True,0,0,0,0,0,0,M2_CHEMISTRY_PLUS_TEST,19,0,ZERO_PAPER_STUDY_MATERIAL_STRICT_AND_EXACT_SOURCE_FAMILY_OVERLAP,Only 5 TRIP negatives across 4 strict groups; M2 retains 2 negatives across 2 strict groups,EXPLORATORY_ONLY,"Deterministic leave-one-group-out fold holding P015; group independence takes precedence over exact stratification; no row-random split, resampling, or model fitting.",12,11,NOT_FEASIBLE,P015,17,2,0,0,26,4,1,1,19,6,2,0,1,5,3,16,0,0,1,1
T1_TRIP,T1_LOPO_F11_P015,LEAVE_ONE_PAPER_OUT,Paper_ID,30,2,11,1,26,4,1,1,True,True,0,0,0,0,0,0,M3_PLUS_PROCESSING,19,0,ZERO_PAPER_STUDY_MATERIAL_STRICT_AND_EXACT_SOURCE_FAMILY_OVERLAP,Only 5 TRIP negatives across 4 strict groups; M2 retains 2 negatives across 2 strict groups,EXPLORATORY_ONLY,"Deterministic leave-one-group-out fold holding P015; group independence takes precedence over exact stratification; no row-random split, resampling, or model fitting.",12,11,NOT_FEASIBLE,P015,17,2,0,0,26,4,1,1,19,6,2,0,1,5,3,16,0,0,1,1
T1_TRIP,T1_LOPO_F11_P015,LEAVE_ONE_PAPER_OUT,Paper_ID,30,2,11,1,26,4,1,1,True,True,0,0,0,0,0,0,M4_PLUS_PHYSICS,19,0,ZERO_PAPER_STUDY_MATERIAL_STRICT_AND_EXACT_SOURCE_FAMILY_OVERLAP,Only 5 TRIP negatives across 4 strict groups; M2 retains 2 negatives across 2 strict groups,EXPLORATORY_ONLY,"Deterministic leave-one-group-out fold holding P015; group independence takes precedence over exact stratification; no row-random split, resampling, or model fitting.",12,11,NOT_FEASIBLE,P015,17,2,0,0,26,4,1,1,19,6,2,0,1,5,3,16,0,0,1,1
T1_TRIP,T1_LOPO_F11_P015,LEAVE_ONE_PAPER_OUT,Paper_ID,30,2,11,1,26,4,1,1,True,True,0,0,0,0,0,0,M5_PLUS_INITIAL_MICROSTRUCTURE,16,0,ZERO_PAPER_STUDY_MATERIAL_STRICT_AND_EXACT_SOURCE_FAMILY_OVERLAP,Only 5 TRIP negatives across 4 strict groups; M2 retains 2 negatives across 2 strict groups,EXPLORATORY_ONLY,"Deterministic leave-one-group-out fold holding P015; group independence takes precedence over exact stratification; no row-random split, resampling, or model fitting.",12,11,NOT_FEASIBLE,P015,16,0,0,0,26,4,1,1,19,6,2,0,1,5,3,16,0,0,1,1
T1_TRIP,T1_LOPO_F12_P016,LEAVE_ONE_PAPER_OUT,Paper_ID,29,3,11,1,24,5,3,0,True,False,0,0,0,0,0,0,M1_CHEMISTRY,24,0,ZERO_PAPER_STUDY_MATERIAL_STRICT_AND_EXACT_SOURCE_FAMILY_OVERLAP,Only 5 TRIP negatives across 4 strict groups; M2 retains 2 negatives across 2 strict groups; At least one required class is absent from training or validation,INVALID_CLASS_SUPPORT,"Deterministic leave-one-group-out fold holding P016; group independence takes precedence over exact stratification; no row-random split, resampling, or model fitting.",12,12,NOT_FEASIBLE,P016,21,3,0,0,24,5,3,0,20,6,1,0,1,5,4,16,0,0,0,1
T1_TRIP,T1_LOPO_F12_P016,LEAVE_ONE_PAPER_OUT,Paper_ID,29,3,11,1,24,5,3,0,True,False,0,0,0,0,0,0,M2_CHEMISTRY_PLUS_TEST,19,0,ZERO_PAPER_STUDY_MATERIAL_STRICT_AND_EXACT_SOURCE_FAMILY_OVERLAP,Only 5 TRIP negatives across 4 strict groups; M2 retains 2 negatives across 2 strict groups; At least one required class is absent from training or validation,INVALID_CLASS_SUPPORT,"Deterministic leave-one-group-out fold holding P016; group independence takes precedence over exact stratification; no row-random split, resampling, or model fitting.",12,12,NOT_FEASIBLE,P016,17,2,0,0,24,5,3,0,20,6,1,0,1,5,4,16,0,0,0,1
T1_TRIP,T1_LOPO_F12_P016,LEAVE_ONE_PAPER_OUT,Paper_ID,29,3,11,1,24,5,3,0,True,False,0,0,0,0,0,0,M3_PLUS_PROCESSING,19,0,ZERO_PAPER_STUDY_MATERIAL_STRICT_AND_EXACT_SOURCE_FAMILY_OVERLAP,Only 5 TRIP negatives across 4 strict groups; M2 retains 2 negatives across 2 strict groups; At least one required class is absent from training or validation,INVALID_CLASS_SUPPORT,"Deterministic leave-one-group-out fold holding P016; group independence takes precedence over exact stratification; no row-random split, resampling, or model fitting.",12,12,NOT_FEASIBLE,P016,17,2,0,0,24,5,3,0,20,6,1,0,1,5,4,16,0,0,0,1
T1_TRIP,T1_LOPO_F12_P016,LEAVE_ONE_PAPER_OUT,Paper_ID,29,3,11,1,24,5,3,0,True,False,0,0,0,0,0,0,M4_PLUS_PHYSICS,19,0,ZERO_PAPER_STUDY_MATERIAL_STRICT_AND_EXACT_SOURCE_FAMILY_OVERLAP,Only 5 TRIP negatives across 4 strict groups; M2 retains 2 negatives across 2 strict groups; At least one required class is absent from training or validation,INVALID_CLASS_SUPPORT,"Deterministic leave-one-group-out fold holding P016; group independence takes precedence over exact stratification; no row-random split, resampling, or model fitting.",12,12,NOT_FEASIBLE,P016,17,2,0,0,24,5,3,0,20,6,1,0,1,5,4,16,0,0,0,1
T1_TRIP,T1_LOPO_F12_P016,LEAVE_ONE_PAPER_OUT,Paper_ID,29,3,11,1,24,5,3,0,True,False,0,0,0,0,0,0,M5_PLUS_INITIAL_MICROSTRUCTURE,16,0,ZERO_PAPER_STUDY_MATERIAL_STRICT_AND_EXACT_SOURCE_FAMILY_OVERLAP,Only 5 TRIP negatives across 4 strict groups; M2 retains 2 negatives across 2 strict groups; At least one required class is absent from training or validation,INVALID_CLASS_SUPPORT,"Deterministic leave-one-group-out fold holding P016; group independence takes precedence over exact stratification; no row-random split, resampling, or model fitting.",12,12,NOT_FEASIBLE,P016,16,0,0,0,24,5,3,0,20,6,1,0,1,5,4,16,0,0,0,1
T1_TRIP,T1_LOSO_F01_P007_SERIES01,LEAVE_ONE_STUDY_SERIES_OUT,Study_Series_ID_WITH_PAPER_FALLBACK,28,4,11,1,23,5,4,0,True,False,0,0,0,0,0,0,M1_CHEMISTRY,20,4,ZERO_PAPER_STUDY_MATERIAL_STRICT_AND_EXACT_SOURCE_FAMILY_OVERLAP,Only 5 TRIP negatives across 4 strict groups; M2 retains 2 negatives across 2 strict groups; At least one required class is absent from training or validation,INVALID_CLASS_SUPPORT,"Deterministic leave-one-group-out fold holding P007_SERIES01; group independence takes precedence over exact stratification; no row-random split, resampling, or model fitting.",12,1,NOT_FEASIBLE,P007_SERIES01,17,3,4,0,23,5,4,0,18,5,3,1,1,4,4,14,0,1,0,3
T1_TRIP,T1_LOSO_F01_P007_SERIES01,LEAVE_ONE_STUDY_SERIES_OUT,Study_Series_ID_WITH_PAPER_FALLBACK,28,4,11,1,23,5,4,0,True,False,0,0,0,0,0,0,M2_CHEMISTRY_PLUS_TEST,15,4,ZERO_PAPER_STUDY_MATERIAL_STRICT_AND_EXACT_SOURCE_FAMILY_OVERLAP,Only 5 TRIP negatives across 4 strict groups; M2 retains 2 negatives across 2 strict groups; At least one required class is absent from training or validation,INVALID_CLASS_SUPPORT,"Deterministic leave-one-group-out fold holding P007_SERIES01; group independence takes precedence over exact stratification; no row-random split, resampling, or model fitting.",12,1,NOT_FEASIBLE,P007_SERIES01,13,2,4,0,23,5,4,0,18,5,3,1,1,4,4,14,0,1,0,3
T1_TRIP,T1_LOSO_F01_P007_SERIES01,LEAVE_ONE_STUDY_SERIES_OUT,Study_Series_ID_WITH_PAPER_FALLBACK,28,4,11,1,23,5,4,0,True,False,0,0,0,0,0,0,M3_PLUS_PROCESSING,15,4,ZERO_PAPER_STUDY_MATERIAL_STRICT_AND_EXACT_SOURCE_FAMILY_OVERLAP,Only 5 TRIP negatives across 4 strict groups; M2 retains 2 negatives across 2 strict groups; At least one required class is absent from training or validation,INVALID_CLASS_SUPPORT,"Deterministic leave-one-group-out fold holding P007_SERIES01; group independence takes precedence over exact stratification; no row-random split, resampling, or model fitting.",12,1,NOT_FEASIBLE,P007_SERIES01,13,2,4,0,23,5,4,0,18,5,3,1,1,4,4,14,0,1,0,3
T1_TRIP,T1_LOSO_F01_P007_SERIES01,LEAVE_ONE_STUDY_SERIES_OUT,Study_Series_ID_WITH_PAPER_FALLBACK,28,4,11,1,23,5,4,0,True,False,0,0,0,0,0,0,M4_PLUS_PHYSICS,15,4,ZERO_PAPER_STUDY_MATERIAL_STRICT_AND_EXACT_SOURCE_FAMILY_OVERLAP,Only 5 TRIP negatives across 4 strict groups; M2 retains 2 negatives across 2 strict groups; At least one required class is absent from training or validation,INVALID_CLASS_SUPPORT,"Deterministic leave-one-group-out fold holding P007_SERIES01; group independence takes precedence over exact stratification; no row-random split, resampling, or model fitting.",12,1,NOT_FEASIBLE,P007_SERIES01,13,2,4,0,23,5,4,0,18,5,3,1,1,4,4,14,0,1,0,3
T1_TRIP,T1_LOSO_F01_P007_SERIES01,LEAVE_ONE_STUDY_SERIES_OUT,Study_Series_ID_WITH_PAPER_FALLBACK,28,4,11,1,23,5,4,0,True,False,0,0,0,0,0,0,M5_PLUS_INITIAL_MICROSTRUCTURE,12,4,ZERO_PAPER_STUDY_MATERIAL_STRICT_AND_EXACT_SOURCE_FAMILY_OVERLAP,Only 5 TRIP negatives across 4 strict groups; M2 retains 2 negatives across 2 strict groups; At least one required class is absent from training or validation,INVALID_CLASS_SUPPORT,"Deterministic leave-one-group-out fold holding P007_SERIES01; group independence takes precedence over exact stratification; no row-random split, resampling, or model fitting.",12,1,NOT_FEASIBLE,P007_SERIES01,12,0,4,0,23,5,4,0,18,5,3,1,1,4,4,14,0,1,0,3
T1_TRIP,T1_LOSO_F02_P008_SERIES01,LEAVE_ONE_STUDY_SERIES_OUT,Study_Series_ID_WITH_PAPER_FALLBACK,28,4,11,1,25,3,2,2,True,True,0,0,0,0,0,0,M1_CHEMISTRY,23,1,ZERO_PAPER_STUDY_MATERIAL_STRICT_AND_EXACT_SOURCE_FAMILY_OVERLAP,Only 5 TRIP negatives across 4 strict groups; M2 retains 2 negatives across 2 strict groups,EXPLORATORY_ONLY,"Deterministic leave-one-group-out fold holding P008_SERIES01; group independence takes precedence over exact stratification; no row-random split, resampling, or model fitting.",12,2,NOT_FEASIBLE,P008_SERIES01,21,2,0,1,25,3,2,2,18,6,3,0,1,5,2,16,0,0,2,1
T1_TRIP,T1_LOSO_F02_P008_SERIES01,LEAVE_ONE_STUDY_SERIES_OUT,Study_Series_ID_WITH_PAPER_FALLBACK,28,4,11,1,25,3,2,2,True,True,0,0,0,0,0,0,M2_CHEMISTRY_PLUS_TEST,18,1,ZERO_PAPER_STUDY_MATERIAL_STRICT_AND_EXACT_SOURCE_FAMILY_OVERLAP,Only 5 TRIP negatives across 4 strict groups; M2 retains 2 negatives across 2 strict groups,EXPLORATORY_ONLY,"Deterministic leave-one-group-out fold holding P008_SERIES01; group independence takes precedence over exact stratification; no row-random split, resampling, or model fitting.",12,2,NOT_FEASIBLE,P008_SERIES01,17,1,0,1,25,3,2,2,18,6,3,0,1,5,2,16,0,0,2,1
T1_TRIP,T1_LOSO_F02_P008_SERIES01,LEAVE_ONE_STUDY_SERIES_OUT,Study_Series_ID_WITH_PAPER_FALLBACK,28,4,11,1,25,3,2,2,True,True,0,0,0,0,0,0,M3_PLUS_PROCESSING,18,1,ZERO_PAPER_STUDY_MATERIAL_STRICT_AND_EXACT_SOURCE_FAMILY_OVERLAP,Only 5 TRIP negatives across 4 strict groups; M2 retains 2 negatives across 2 strict groups,EXPLORATORY_ONLY,"Deterministic leave-one-group-out fold holding P008_SERIES01; group independence takes precedence over exact stratification; no row-random split, resampling, or model fitting.",12,2,NOT_FEASIBLE,P008_SERIES01,17,1,0,1,25,3,2,2,18,6,3,0,1,5,2,16,0,0,2,1
T1_TRIP,T1_LOSO_F02_P008_SERIES01,LEAVE_ONE_STUDY_SERIES_OUT,Study_Series_ID_WITH_PAPER_FALLBACK,28,4,11,1,25,3,2,2,True,True,0,0,0,0,0,0,M4_PLUS_PHYSICS,18,1,ZERO_PAPER_STUDY_MATERIAL_STRICT_AND_EXACT_SOURCE_FAMILY_OVERLAP,Only 5 TRIP negatives across 4 strict groups; M2 retains 2 negatives across 2 strict groups,EXPLORATORY_ONLY,"Deterministic leave-one-group-out fold holding P008_SERIES01; group independence takes precedence over exact stratification; no row-random split, resampling, or model fitting.",12,2,NOT_FEASIBLE,P008_SERIES01,17,1,0,1,25,3,2,2,18,6,3,0,1,5,2,16,0,0,2,1
T1_TRIP,T1_LOSO_F02_P008_SERIES01,LEAVE_ONE_STUDY_SERIES_OUT,Study_Series_ID_WITH_PAPER_FALLBACK,28,4,11,1,25,3,2,2,True,True,0,0,0,0,0,0,M5_PLUS_INITIAL_MICROSTRUCTURE,16,0,ZERO_PAPER_STUDY_MATERIAL_STRICT_AND_EXACT_SOURCE_FAMILY_OVERLAP,Only 5 TRIP negatives across 4 strict groups; M2 retains 2 negatives across 2 strict groups,EXPLORATORY_ONLY,"Deterministic leave-one-group-out fold holding P008_SERIES01; group independence takes precedence over exact stratification; no row-random split, resampling, or model fitting.",12,2,NOT_FEASIBLE,P008_SERIES01,16,0,0,0,25,3,2,2,18,6,3,0,1,5,2,16,0,0,2,1
T1_TRIP,T1_LOSO_F03_P010_SERIES01,LEAVE_ONE_STUDY_SERIES_OUT,Study_Series_ID_WITH_PAPER_FALLBACK,29,3,11,1,25,4,2,1,True,True,0,0,0,0,0,0,M1_CHEMISTRY,21,3,ZERO_PAPER_STUDY_MATERIAL_STRICT_AND_EXACT_SOURCE_FAMILY_OVERLAP,Only 5 TRIP negatives across 4 strict groups; M2 retains 2 negatives across 2 strict groups,EXPLORATORY_ONLY,"Deterministic leave-one-group-out fold holding P010_SERIES01; group independence takes precedence over exact stratification; no row-random split, resampling, or model fitting.",12,3,NOT_FEASIBLE,P010_SERIES01,19,2,2,1,25,4,2,1,18,6,3,0,1,5,3,15,0,0,1,2
T1_TRIP,T1_LOSO_F03_P010_SERIES01,LEAVE_ONE_STUDY_SERIES_OUT,Study_Series_ID_WITH_PAPER_FALLBACK,29,3,11,1,25,4,2,1,True,True,0,0,0,0,0,0,M2_CHEMISTRY_PLUS_TEST,19,0,ZERO_PAPER_STUDY_MATERIAL_STRICT_AND_EXACT_SOURCE_FAMILY_OVERLAP,Only 5 TRIP negatives across 4 strict groups; M2 retains 2 negatives across 2 strict groups,EXPLORATORY_ONLY,"Deterministic leave-one-group-out fold holding P010_SERIES01; group independence takes precedence over exact stratification; no row-random split, resampling, or model fitting.",12,3,NOT_FEASIBLE,P010_SERIES01,17,2,0,0,25,4,2,1,18,6,3,0,1,5,3,15,0,0,1,2
T1_TRIP,T1_LOSO_F03_P010_SERIES01,LEAVE_ONE_STUDY_SERIES_OUT,Study_Series_ID_WITH_PAPER_FALLBACK,29,3,11,1,25,4,2,1,True,True,0,0,0,0,0,0,M3_PLUS_PROCESSING,19,0,ZERO_PAPER_STUDY_MATERIAL_STRICT_AND_EXACT_SOURCE_FAMILY_OVERLAP,Only 5 TRIP negatives across 4 strict groups; M2 retains 2 negatives across 2 strict groups,EXPLORATORY_ONLY,"Deterministic leave-one-group-out fold holding P010_SERIES01; group independence takes precedence over exact stratification; no row-random split, resampling, or model fitting.",12,3,NOT_FEASIBLE,P010_SERIES01,17,2,0,0,25,4,2,1,18,6,3,0,1,5,3,15,0,0,1,2
T1_TRIP,T1_LOSO_F03_P010_SERIES01,LEAVE_ONE_STUDY_SERIES_OUT,Study_Series_ID_WITH_PAPER_FALLBACK,29,3,11,1,25,4,2,1,True,True,0,0,0,0,0,0,M4_PLUS_PHYSICS,19,0,ZERO_PAPER_STUDY_MATERIAL_STRICT_AND_EXACT_SOURCE_FAMILY_OVERLAP,Only 5 TRIP negatives across 4 strict groups; M2 retains 2 negatives across 2 strict groups,EXPLORATORY_ONLY,"Deterministic leave-one-group-out fold holding P010_SERIES01; group independence takes precedence over exact stratification; no row-random split, resampling, or model fitting.",12,3,NOT_FEASIBLE,P010_SERIES01,17,2,0,0,25,4,2,1,18,6,3,0,1,5,3,15,0,0,1,2
T1_TRIP,T1_LOSO_F03_P010_SERIES01,LEAVE_ONE_STUDY_SERIES_OUT,Study_Series_ID_WITH_PAPER_FALLBACK,29,3,11,1,25,4,2,1,True,True,0,0,0,0,0,0,M5_PLUS_INITIAL_MICROSTRUCTURE,16,0,ZERO_PAPER_STUDY_MATERIAL_STRICT_AND_EXACT_SOURCE_FAMILY_OVERLAP,Only 5 TRIP negatives across 4 strict groups; M2 retains 2 negatives across 2 strict groups,EXPLORATORY_ONLY,"Deterministic leave-one-group-out fold holding P010_SERIES01; group independence takes precedence over exact stratification; no row-random split, resampling, or model fitting.",12,3,NOT_FEASIBLE,P010_SERIES01,16,0,0,0,25,4,2,1,18,6,3,0,1,5,3,15,0,0,1,2
T1_TRIP,T1_LOSO_F04_P011_SERIES01,LEAVE_ONE_STUDY_SERIES_OUT,Study_Series_ID_WITH_PAPER_FALLBACK,30,2,11,1,25,5,2,0,True,False,0,0,0,0,1,0,M1_CHEMISTRY,22,2,ZERO_PROVENANCE_GROUP_OVERLAP; EXACT_SOURCE_ALLOY_FAMILY_OVERLAP_LIMITS_G2,Only 5 TRIP negatives across 4 strict groups; M2 retains 2 negatives across 2 strict groups; At least one required class is absent from training or validation,INVALID_CLASS_SUPPORT,"Deterministic leave-one-group-out fold holding P011_SERIES01; group independence takes precedence over exact stratification; no row-random split, resampling, or model fitting.",12,4,NOT_FEASIBLE,P011_SERIES01,19,3,2,0,25,5,2,0,20,5,1,1,1,4,4,16,0,1,0,1
T1_TRIP,T1_LOSO_F04_P011_SERIES01,LEAVE_ONE_STUDY_SERIES_OUT,Study_Series_ID_WITH_PAPER_FALLBACK,30,2,11,1,25,5,2,0,True,False,0,0,0,0,1,0,M2_CHEMISTRY_PLUS_TEST,17,2,ZERO_PROVENANCE_GROUP_OVERLAP; EXACT_SOURCE_ALLOY_FAMILY_OVERLAP_LIMITS_G2,Only 5 TRIP negatives across 4 strict groups; M2 retains 2 negatives across 2 strict groups; At least one required class is absent from training or validation,INVALID_CLASS_SUPPORT,"Deterministic leave-one-group-out fold holding P011_SERIES01; group independence takes precedence over exact stratification; no row-random split, resampling, or model fitting.",12,4,NOT_FEASIBLE,P011_SERIES01,15,2,2,0,25,5,2,0,20,5,1,1,1,4,4,16,0,1,0,1
T1_TRIP,T1_LOSO_F04_P011_SERIES01,LEAVE_ONE_STUDY_SERIES_OUT,Study_Series_ID_WITH_PAPER_FALLBACK,30,2,11,1,25,5,2,0,True,False,0,0,0,0,1,0,M3_PLUS_PROCESSING,17,2,ZERO_PROVENANCE_GROUP_OVERLAP; EXACT_SOURCE_ALLOY_FAMILY_OVERLAP_LIMITS_G2,Only 5 TRIP negatives across 4 strict groups; M2 retains 2 negatives across 2 strict groups; At least one required class is absent from training or validation,INVALID_CLASS_SUPPORT,"Deterministic leave-one-group-out fold holding P011_SERIES01; group independence takes precedence over exact stratification; no row-random split, resampling, or model fitting.",12,4,NOT_FEASIBLE,P011_SERIES01,15,2,2,0,25,5,2,0,20,5,1,1,1,4,4,16,0,1,0,1
T1_TRIP,T1_LOSO_F04_P011_SERIES01,LEAVE_ONE_STUDY_SERIES_OUT,Study_Series_ID_WITH_PAPER_FALLBACK,30,2,11,1,25,5,2,0,True,False,0,0,0,0,1,0,M4_PLUS_PHYSICS,17,2,ZERO_PROVENANCE_GROUP_OVERLAP; EXACT_SOURCE_ALLOY_FAMILY_OVERLAP_LIMITS_G2,Only 5 TRIP negatives across 4 strict groups; M2 retains 2 negatives across 2 strict groups; At least one required class is absent from training or validation,INVALID_CLASS_SUPPORT,"Deterministic leave-one-group-out fold holding P011_SERIES01; group independence takes precedence over exact stratification; no row-random split, resampling, or model fitting.",12,4,NOT_FEASIBLE,P011_SERIES01,15,2,2,0,25,5,2,0,20,5,1,1,1,4,4,16,0,1,0,1
T1_TRIP,T1_LOSO_F04_P011_SERIES01,LEAVE_ONE_STUDY_SERIES_OUT,Study_Series_ID_WITH_PAPER_FALLBACK,30,2,11,1,25,5,2,0,True,False,0,0,0,0,1,0,M5_PLUS_INITIAL_MICROSTRUCTURE,14,2,ZERO_PROVENANCE_GROUP_OVERLAP; EXACT_SOURCE_ALLOY_FAMILY_OVERLAP_LIMITS_G2,Only 5 TRIP negatives across 4 strict groups; M2 retains 2 negatives across 2 strict groups; At least one required class is absent from training or validation,INVALID_CLASS_SUPPORT,"Deterministic leave-one-group-out fold holding P011_SERIES01; group independence takes precedence over exact stratification; no row-random split, resampling, or model fitting.",12,4,NOT_FEASIBLE,P011_SERIES01,14,0,2,0,25,5,2,0,20,5,1,1,1,4,4,16,0,1,0,1
T1_TRIP,T1_LOSO_F05_P012_SERIES01,LEAVE_ONE_STUDY_SERIES_OUT,Study_Series_ID_WITH_PAPER_FALLBACK,29,3,11,1,24,5,3,0,True,False,0,0,0,0,0,0,M1_CHEMISTRY,21,3,ZERO_PAPER_STUDY_MATERIAL_STRICT_AND_EXACT_SOURCE_FAMILY_OVERLAP,Only 5 TRIP negatives across 4 strict groups; M2 retains 2 negatives across 2 strict groups; At least one required class is absent from training or validation,INVALID_CLASS_SUPPORT,"Deterministic leave-one-group-out fold holding P012_SERIES01; group independence takes precedence over exact stratification; no row-random split, resampling, or model fitting.",12,5,NOT_FEASIBLE,P012_SERIES01,18,3,3,0,24,5,3,0,20,6,1,0,1,5,4,16,0,0,0,1
T1_TRIP,T1_LOSO_F05_P012_SERIES01,LEAVE_ONE_STUDY_SERIES_OUT,Study_Series_ID_WITH_PAPER_FALLBACK,29,3,11,1,24,5,3,0,True,False,0,0,0,0,0,0,M2_CHEMISTRY_PLUS_TEST,16,3,ZERO_PAPER_STUDY_MATERIAL_STRICT_AND_EXACT_SOURCE_FAMILY_OVERLAP,Only 5 TRIP negatives across 4 strict groups; M2 retains 2 negatives across 2 strict groups; At least one required class is absent from training or validation,INVALID_CLASS_SUPPORT,"Deterministic leave-one-group-out fold holding P012_SERIES01; group independence takes precedence over exact stratification; no row-random split, resampling, or model fitting.",12,5,NOT_FEASIBLE,P012_SERIES01,14,2,3,0,24,5,3,0,20,6,1,0,1,5,4,16,0,0,0,1
T1_TRIP,T1_LOSO_F05_P012_SERIES01,LEAVE_ONE_STUDY_SERIES_OUT,Study_Series_ID_WITH_PAPER_FALLBACK,29,3,11,1,24,5,3,0,True,False,0,0,0,0,0,0,M3_PLUS_PROCESSING,16,3,ZERO_PAPER_STUDY_MATERIAL_STRICT_AND_EXACT_SOURCE_FAMILY_OVERLAP,Only 5 TRIP negatives across 4 strict groups; M2 retains 2 negatives across 2 strict groups; At least one required class is absent from training or validation,INVALID_CLASS_SUPPORT,"Deterministic leave-one-group-out fold holding P012_SERIES01; group independence takes precedence over exact stratification; no row-random split, resampling, or model fitting.",12,5,NOT_FEASIBLE,P012_SERIES01,14,2,3,0,24,5,3,0,20,6,1,0,1,5,4,16,0,0,0,1
T1_TRIP,T1_LOSO_F05_P012_SERIES01,LEAVE_ONE_STUDY_SERIES_OUT,Study_Series_ID_WITH_PAPER_FALLBACK,29,3,11,1,24,5,3,0,True,False,0,0,0,0,0,0,M4_PLUS_PHYSICS,16,3,ZERO_PAPER_STUDY_MATERIAL_STRICT_AND_EXACT_SOURCE_FAMILY_OVERLAP,Only 5 TRIP negatives across 4 strict groups; M2 retains 2 negatives across 2 strict groups; At least one required class is absent from training or validation,INVALID_CLASS_SUPPORT,"Deterministic leave-one-group-out fold holding P012_SERIES01; group independence takes precedence over exact stratification; no row-random split, resampling, or model fitting.",12,5,NOT_FEASIBLE,P012_SERIES01,14,2,3,0,24,5,3,0,20,6,1,0,1,5,4,16,0,0,0,1
T1_TRIP,T1_LOSO_F05_P012_SERIES01,LEAVE_ONE_STUDY_SERIES_OUT,Study_Series_ID_WITH_PAPER_FALLBACK,29,3,11,1,24,5,3,0,True,False,0,0,0,0,0,0,M5_PLUS_INITIAL_MICROSTRUCTURE,13,3,ZERO_PAPER_STUDY_MATERIAL_STRICT_AND_EXACT_SOURCE_FAMILY_OVERLAP,Only 5 TRIP negatives across 4 strict groups; M2 retains 2 negatives across 2 strict groups; At least one required class is absent from training or validation,INVALID_CLASS_SUPPORT,"Deterministic leave-one-group-out fold holding P012_SERIES01; group independence takes precedence over exact stratification; no row-random split, resampling, or model fitting.",12,5,NOT_FEASIBLE,P012_SERIES01,13,0,3,0,24,5,3,0,20,6,1,0,1,5,4,16,0,0,0,1
T1_TRIP,T1_LOSO_F06_P013_SERIES01,LEAVE_ONE_STUDY_SERIES_OUT,Study_Series_ID_WITH_PAPER_FALLBACK,31,1,11,1,26,5,1,0,True,False,0,0,0,0,1,0,M1_CHEMISTRY,23,1,ZERO_PROVENANCE_GROUP_OVERLAP; EXACT_SOURCE_ALLOY_FAMILY_OVERLAP_LIMITS_G2,Only 5 TRIP negatives across 4 strict groups; M2 retains 2 negatives across 2 strict groups; At least one required class is absent from training or validation,INVALID_CLASS_SUPPORT,"Deterministic leave-one-group-out fold holding P013_SERIES01; group independence takes precedence over exact stratification; no row-random split, resampling, or model fitting.",12,6,NOT_FEASIBLE,P013_SERIES01,20,3,1,0,26,5,1,0,20,6,1,0,1,5,4,16,0,0,0,1
T1_TRIP,T1_LOSO_F06_P013_SERIES01,LEAVE_ONE_STUDY_SERIES_OUT,Study_Series_ID_WITH_PAPER_FALLBACK,31,1,11,1,26,5,1,0,True,False,0,0,0,0,1,0,M2_CHEMISTRY_PLUS_TEST,19,0,ZERO_PROVENANCE_GROUP_OVERLAP; EXACT_SOURCE_ALLOY_FAMILY_OVERLAP_LIMITS_G2,Only 5 TRIP negatives across 4 strict groups; M2 retains 2 negatives across 2 strict groups; At least one required class is absent from training or validation,INVALID_CLASS_SUPPORT,"Deterministic leave-one-group-out fold holding P013_SERIES01; group independence takes precedence over exact stratification; no row-random split, resampling, or model fitting.",12,6,NOT_FEASIBLE,P013_SERIES01,17,2,0,0,26,5,1,0,20,6,1,0,1,5,4,16,0,0,0,1
T1_TRIP,T1_LOSO_F06_P013_SERIES01,LEAVE_ONE_STUDY_SERIES_OUT,Study_Series_ID_WITH_PAPER_FALLBACK,31,1,11,1,26,5,1,0,True,False,0,0,0,0,1,0,M3_PLUS_PROCESSING,19,0,ZERO_PROVENANCE_GROUP_OVERLAP; EXACT_SOURCE_ALLOY_FAMILY_OVERLAP_LIMITS_G2,Only 5 TRIP negatives across 4 strict groups; M2 retains 2 negatives across 2 strict groups; At least one required class is absent from training or validation,INVALID_CLASS_SUPPORT,"Deterministic leave-one-group-out fold holding P013_SERIES01; group independence takes precedence over exact stratification; no row-random split, resampling, or model fitting.",12,6,NOT_FEASIBLE,P013_SERIES01,17,2,0,0,26,5,1,0,20,6,1,0,1,5,4,16,0,0,0,1
T1_TRIP,T1_LOSO_F06_P013_SERIES01,LEAVE_ONE_STUDY_SERIES_OUT,Study_Series_ID_WITH_PAPER_FALLBACK,31,1,11,1,26,5,1,0,True,False,0,0,0,0,1,0,M4_PLUS_PHYSICS,19,0,ZERO_PROVENANCE_GROUP_OVERLAP; EXACT_SOURCE_ALLOY_FAMILY_OVERLAP_LIMITS_G2,Only 5 TRIP negatives across 4 strict groups; M2 retains 2 negatives across 2 strict groups; At least one required class is absent from training or validation,INVALID_CLASS_SUPPORT,"Deterministic leave-one-group-out fold holding P013_SERIES01; group independence takes precedence over exact stratification; no row-random split, resampling, or model fitting.",12,6,NOT_FEASIBLE,P013_SERIES01,17,2,0,0,26,5,1,0,20,6,1,0,1,5,4,16,0,0,0,1
T1_TRIP,T1_LOSO_F06_P013_SERIES01,LEAVE_ONE_STUDY_SERIES_OUT,Study_Series_ID_WITH_PAPER_FALLBACK,31,1,11,1,26,5,1,0,True,False,0,0,0,0,1,0,M5_PLUS_INITIAL_MICROSTRUCTURE,16,0,ZERO_PROVENANCE_GROUP_OVERLAP; EXACT_SOURCE_ALLOY_FAMILY_OVERLAP_LIMITS_G2,Only 5 TRIP negatives across 4 strict groups; M2 retains 2 negatives across 2 strict groups; At least one required class is absent from training or validation,INVALID_CLASS_SUPPORT,"Deterministic leave-one-group-out fold holding P013_SERIES01; group independence takes precedence over exact stratification; no row-random split, resampling, or model fitting.",12,6,NOT_FEASIBLE,P013_SERIES01,16,0,0,0,26,5,1,0,20,6,1,0,1,5,4,16,0,0,0,1
T1_TRIP,T1_LOSO_F07_P014_SERIES01,LEAVE_ONE_STUDY_SERIES_OUT,Study_Series_ID_WITH_PAPER_FALLBACK,31,1,11,1,26,5,1,0,True,False,0,0,0,0,1,0,M1_CHEMISTRY,23,1,ZERO_PROVENANCE_GROUP_OVERLAP; EXACT_SOURCE_ALLOY_FAMILY_OVERLAP_LIMITS_G2,Only 5 TRIP negatives across 4 strict groups; M2 retains 2 negatives across 2 strict groups; At least one required class is absent from training or validation,INVALID_CLASS_SUPPORT,"Deterministic leave-one-group-out fold holding P014_SERIES01; group independence takes precedence over exact stratification; no row-random split, resampling, or model fitting.",12,7,NOT_FEASIBLE,P014_SERIES01,20,3,1,0,26,5,1,0,20,6,1,0,1,5,4,16,0,0,0,1
T1_TRIP,T1_LOSO_F07_P014_SERIES01,LEAVE_ONE_STUDY_SERIES_OUT,Study_Series_ID_WITH_PAPER_FALLBACK,31,1,11,1,26,5,1,0,True,False,0,0,0,0,1,0,M2_CHEMISTRY_PLUS_TEST,19,0,ZERO_PROVENANCE_GROUP_OVERLAP; EXACT_SOURCE_ALLOY_FAMILY_OVERLAP_LIMITS_G2,Only 5 TRIP negatives across 4 strict groups; M2 retains 2 negatives across 2 strict groups; At least one required class is absent from training or validation,INVALID_CLASS_SUPPORT,"Deterministic leave-one-group-out fold holding P014_SERIES01; group independence takes precedence over exact stratification; no row-random split, resampling, or model fitting.",12,7,NOT_FEASIBLE,P014_SERIES01,17,2,0,0,26,5,1,0,20,6,1,0,1,5,4,16,0,0,0,1
T1_TRIP,T1_LOSO_F07_P014_SERIES01,LEAVE_ONE_STUDY_SERIES_OUT,Study_Series_ID_WITH_PAPER_FALLBACK,31,1,11,1,26,5,1,0,True,False,0,0,0,0,1,0,M3_PLUS_PROCESSING,19,0,ZERO_PROVENANCE_GROUP_OVERLAP; EXACT_SOURCE_ALLOY_FAMILY_OVERLAP_LIMITS_G2,Only 5 TRIP negatives across 4 strict groups; M2 retains 2 negatives across 2 strict groups; At least one required class is absent from training or validation,INVALID_CLASS_SUPPORT,"Deterministic leave-one-group-out fold holding P014_SERIES01; group independence takes precedence over exact stratification; no row-random split, resampling, or model fitting.",12,7,NOT_FEASIBLE,P014_SERIES01,17,2,0,0,26,5,1,0,20,6,1,0,1,5,4,16,0,0,0,1
T1_TRIP,T1_LOSO_F07_P014_SERIES01,LEAVE_ONE_STUDY_SERIES_OUT,Study_Series_ID_WITH_PAPER_FALLBACK,31,1,11,1,26,5,1,0,True,False,0,0,0,0,1,0,M4_PLUS_PHYSICS,19,0,ZERO_PROVENANCE_GROUP_OVERLAP; EXACT_SOURCE_ALLOY_FAMILY_OVERLAP_LIMITS_G2,Only 5 TRIP negatives across 4 strict groups; M2 retains 2 negatives across 2 strict groups; At least one required class is absent from training or validation,INVALID_CLASS_SUPPORT,"Deterministic leave-one-group-out fold holding P014_SERIES01; group independence takes precedence over exact stratification; no row-random split, resampling, or model fitting.",12,7,NOT_FEASIBLE,P014_SERIES01,17,2,0,0,26,5,1,0,20,6,1,0,1,5,4,16,0,0,0,1
T1_TRIP,T1_LOSO_F07_P014_SERIES01,LEAVE_ONE_STUDY_SERIES_OUT,Study_Series_ID_WITH_PAPER_FALLBACK,31,1,11,1,26,5,1,0,True,False,0,0,0,0,1,0,M5_PLUS_INITIAL_MICROSTRUCTURE,16,0,ZERO_PROVENANCE_GROUP_OVERLAP; EXACT_SOURCE_ALLOY_FAMILY_OVERLAP_LIMITS_G2,Only 5 TRIP negatives across 4 strict groups; M2 retains 2 negatives across 2 strict groups; At least one required class is absent from training or validation,INVALID_CLASS_SUPPORT,"Deterministic leave-one-group-out fold holding P014_SERIES01; group independence takes precedence over exact stratification; no row-random split, resampling, or model fitting.",12,7,NOT_FEASIBLE,P014_SERIES01,16,0,0,0,26,5,1,0,20,6,1,0,1,5,4,16,0,0,0,1
T1_TRIP,T1_LOSO_F08_P015_SERIES01,LEAVE_ONE_STUDY_SERIES_OUT,Study_Series_ID_WITH_PAPER_FALLBACK,30,2,11,1,26,4,1,1,True,True,0,0,0,0,0,0,M1_CHEMISTRY,24,0,ZERO_PAPER_STUDY_MATERIAL_STRICT_AND_EXACT_SOURCE_FAMILY_OVERLAP,Only 5 TRIP negatives across 4 strict groups; M2 retains 2 negatives across 2 strict groups,EXPLORATORY_ONLY,"Deterministic leave-one-group-out fold holding P015_SERIES01; group independence takes precedence over exact stratification; no row-random split, resampling, or model fitting.",12,8,NOT_FEASIBLE,P015_SERIES01,21,3,0,0,26,4,1,1,19,6,2,0,1,5,3,16,0,0,1,1
T1_TRIP,T1_LOSO_F08_P015_SERIES01,LEAVE_ONE_STUDY_SERIES_OUT,Study_Series_ID_WITH_PAPER_FALLBACK,30,2,11,1,26,4,1,1,True,True,0,0,0,0,0,0,M2_CHEMISTRY_PLUS_TEST,19,0,ZERO_PAPER_STUDY_MATERIAL_STRICT_AND_EXACT_SOURCE_FAMILY_OVERLAP,Only 5 TRIP negatives across 4 strict groups; M2 retains 2 negatives across 2 strict groups,EXPLORATORY_ONLY,"Deterministic leave-one-group-out fold holding P015_SERIES01; group independence takes precedence over exact stratification; no row-random split, resampling, or model fitting.",12,8,NOT_FEASIBLE,P015_SERIES01,17,2,0,0,26,4,1,1,19,6,2,0,1,5,3,16,0,0,1,1
T1_TRIP,T1_LOSO_F08_P015_SERIES01,LEAVE_ONE_STUDY_SERIES_OUT,Study_Series_ID_WITH_PAPER_FALLBACK,30,2,11,1,26,4,1,1,True,True,0,0,0,0,0,0,M3_PLUS_PROCESSING,19,0,ZERO_PAPER_STUDY_MATERIAL_STRICT_AND_EXACT_SOURCE_FAMILY_OVERLAP,Only 5 TRIP negatives across 4 strict groups; M2 retains 2 negatives across 2 strict groups,EXPLORATORY_ONLY,"Deterministic leave-one-group-out fold holding P015_SERIES01; group independence takes precedence over exact stratification; no row-random split, resampling, or model fitting.",12,8,NOT_FEASIBLE,P015_SERIES01,17,2,0,0,26,4,1,1,19,6,2,0,1,5,3,16,0,0,1,1
T1_TRIP,T1_LOSO_F08_P015_SERIES01,LEAVE_ONE_STUDY_SERIES_OUT,Study_Series_ID_WITH_PAPER_FALLBACK,30,2,11,1,26,4,1,1,True,True,0,0,0,0,0,0,M4_PLUS_PHYSICS,19,0,ZERO_PAPER_STUDY_MATERIAL_STRICT_AND_EXACT_SOURCE_FAMILY_OVERLAP,Only 5 TRIP negatives across 4 strict groups; M2 retains 2 negatives across 2 strict groups,EXPLORATORY_ONLY,"Deterministic leave-one-group-out fold holding P015_SERIES01; group independence takes precedence over exact stratification; no row-random split, resampling, or model fitting.",12,8,NOT_FEASIBLE,P015_SERIES01,17,2,0,0,26,4,1,1,19,6,2,0,1,5,3,16,0,0,1,1
T1_TRIP,T1_LOSO_F08_P015_SERIES01,LEAVE_ONE_STUDY_SERIES_OUT,Study_Series_ID_WITH_PAPER_FALLBACK,30,2,11,1,26,4,1,1,True,True,0,0,0,0,0,0,M5_PLUS_INITIAL_MICROSTRUCTURE,16,0,ZERO_PAPER_STUDY_MATERIAL_STRICT_AND_EXACT_SOURCE_FAMILY_OVERLAP,Only 5 TRIP negatives across 4 strict groups; M2 retains 2 negatives across 2 strict groups,EXPLORATORY_ONLY,"Deterministic leave-one-group-out fold holding P015_SERIES01; group independence takes precedence over exact stratification; no row-random split, resampling, or model fitting.",12,8,NOT_FEASIBLE,P015_SERIES01,16,0,0,0,26,4,1,1,19,6,2,0,1,5,3,16,0,0,1,1
T1_TRIP,T1_LOSO_F09_PAPER_FALLBACK_P001,LEAVE_ONE_STUDY_SERIES_OUT,Study_Series_ID_WITH_PAPER_FALLBACK,29,3,11,1,24,5,3,0,True,False,0,0,0,0,0,0,M1_CHEMISTRY,21,3,ZERO_PAPER_STUDY_MATERIAL_STRICT_AND_EXACT_SOURCE_FAMILY_OVERLAP,Only 5 TRIP negatives across 4 strict groups; M2 retains 2 negatives across 2 strict groups; At least one required class is absent from training or validation,INVALID_CLASS_SUPPORT,"Deterministic leave-one-group-out fold holding PAPER_FALLBACK::P001; group independence takes precedence over exact stratification; no row-random split, resampling, or model fitting.",12,9,NOT_FEASIBLE,PAPER_FALLBACK::P001,18,3,3,0,24,5,3,0,21,3,0,3,1,2,4,17,0,3,0,0
T1_TRIP,T1_LOSO_F09_PAPER_FALLBACK_P001,LEAVE_ONE_STUDY_SERIES_OUT,Study_Series_ID_WITH_PAPER_FALLBACK,29,3,11,1,24,5,3,0,True,False,0,0,0,0,0,0,M2_CHEMISTRY_PLUS_TEST,16,3,ZERO_PAPER_STUDY_MATERIAL_STRICT_AND_EXACT_SOURCE_FAMILY_OVERLAP,Only 5 TRIP negatives across 4 strict groups; M2 retains 2 negatives across 2 strict groups; At least one required class is absent from training or validation,INVALID_CLASS_SUPPORT,"Deterministic leave-one-group-out fold holding PAPER_FALLBACK::P001; group independence takes precedence over exact stratification; no row-random split, resampling, or model fitting.",12,9,NOT_FEASIBLE,PAPER_FALLBACK::P001,14,2,3,0,24,5,3,0,21,3,0,3,1,2,4,17,0,3,0,0
T1_TRIP,T1_LOSO_F09_PAPER_FALLBACK_P001,LEAVE_ONE_STUDY_SERIES_OUT,Study_Series_ID_WITH_PAPER_FALLBACK,29,3,11,1,24,5,3,0,True,False,0,0,0,0,0,0,M3_PLUS_PROCESSING,16,3,ZERO_PAPER_STUDY_MATERIAL_STRICT_AND_EXACT_SOURCE_FAMILY_OVERLAP,Only 5 TRIP negatives across 4 strict groups; M2 retains 2 negatives across 2 strict groups; At least one required class is absent from training or validation,INVALID_CLASS_SUPPORT,"Deterministic leave-one-group-out fold holding PAPER_FALLBACK::P001; group independence takes precedence over exact stratification; no row-random split, resampling, or model fitting.",12,9,NOT_FEASIBLE,PAPER_FALLBACK::P001,14,2,3,0,24,5,3,0,21,3,0,3,1,2,4,17,0,3,0,0
T1_TRIP,T1_LOSO_F09_PAPER_FALLBACK_P001,LEAVE_ONE_STUDY_SERIES_OUT,Study_Series_ID_WITH_PAPER_FALLBACK,29,3,11,1,24,5,3,0,True,False,0,0,0,0,0,0,M4_PLUS_PHYSICS,16,3,ZERO_PAPER_STUDY_MATERIAL_STRICT_AND_EXACT_SOURCE_FAMILY_OVERLAP,Only 5 TRIP negatives across 4 strict groups; M2 retains 2 negatives across 2 strict groups; At least one required class is absent from training or validation,INVALID_CLASS_SUPPORT,"Deterministic leave-one-group-out fold holding PAPER_FALLBACK::P001; group independence takes precedence over exact stratification; no row-random split, resampling, or model fitting.",12,9,NOT_FEASIBLE,PAPER_FALLBACK::P001,14,2,3,0,24,5,3,0,21,3,0,3,1,2,4,17,0,3,0,0
T1_TRIP,T1_LOSO_F09_PAPER_FALLBACK_P001,LEAVE_ONE_STUDY_SERIES_OUT,Study_Series_ID_WITH_PAPER_FALLBACK,29,3,11,1,24,5,3,0,True,False,0,0,0,0,0,0,M5_PLUS_INITIAL_MICROSTRUCTURE,13,3,ZERO_PAPER_STUDY_MATERIAL_STRICT_AND_EXACT_SOURCE_FAMILY_OVERLAP,Only 5 TRIP negatives across 4 strict groups; M2 retains 2 negatives across 2 strict groups; At least one required class is absent from training or validation,INVALID_CLASS_SUPPORT,"Deterministic leave-one-group-out fold holding PAPER_FALLBACK::P001; group independence takes precedence over exact stratification; no row-random split, resampling, or model fitting.",12,9,NOT_FEASIBLE,PAPER_FALLBACK::P001,13,0,3,0,24,5,3,0,21,3,0,3,1,2,4,17,0,3,0,0
T1_TRIP,T1_LOSO_F10_PAPER_FALLBACK_P002,LEAVE_ONE_STUDY_SERIES_OUT,Study_Series_ID_WITH_PAPER_FALLBACK,29,3,11,1,25,4,2,1,True,True,0,0,0,0,0,0,M1_CHEMISTRY,21,3,ZERO_PAPER_STUDY_MATERIAL_STRICT_AND_EXACT_SOURCE_FAMILY_OVERLAP,Only 5 TRIP negatives across 4 strict groups; M2 retains 2 negatives across 2 strict groups,EXPLORATORY_ONLY,"Deterministic leave-one-group-out fold holding PAPER_FALLBACK::P002; group independence takes precedence over exact stratification; no row-random split, resampling, or model fitting.",12,10,NOT_FEASIBLE,PAPER_FALLBACK::P002,19,2,2,1,25,4,2,1,19,5,2,1,0,5,4,15,1,0,0,2
T1_TRIP,T1_LOSO_F10_PAPER_FALLBACK_P002,LEAVE_ONE_STUDY_SERIES_OUT,Study_Series_ID_WITH_PAPER_FALLBACK,29,3,11,1,25,4,2,1,True,True,0,0,0,0,0,0,M2_CHEMISTRY_PLUS_TEST,16,3,ZERO_PAPER_STUDY_MATERIAL_STRICT_AND_EXACT_SOURCE_FAMILY_OVERLAP,Only 5 TRIP negatives across 4 strict groups; M2 retains 2 negatives across 2 strict groups,EXPLORATORY_ONLY,"Deterministic leave-one-group-out fold holding PAPER_FALLBACK::P002; group independence takes precedence over exact stratification; no row-random split, resampling, or model fitting.",12,10,NOT_FEASIBLE,PAPER_FALLBACK::P002,15,1,2,1,25,4,2,1,19,5,2,1,0,5,4,15,1,0,0,2
T1_TRIP,T1_LOSO_F10_PAPER_FALLBACK_P002,LEAVE_ONE_STUDY_SERIES_OUT,Study_Series_ID_WITH_PAPER_FALLBACK,29,3,11,1,25,4,2,1,True,True,0,0,0,0,0,0,M3_PLUS_PROCESSING,16,3,ZERO_PAPER_STUDY_MATERIAL_STRICT_AND_EXACT_SOURCE_FAMILY_OVERLAP,Only 5 TRIP negatives across 4 strict groups; M2 retains 2 negatives across 2 strict groups,EXPLORATORY_ONLY,"Deterministic leave-one-group-out fold holding PAPER_FALLBACK::P002; group independence takes precedence over exact stratification; no row-random split, resampling, or model fitting.",12,10,NOT_FEASIBLE,PAPER_FALLBACK::P002,15,1,2,1,25,4,2,1,19,5,2,1,0,5,4,15,1,0,0,2
T1_TRIP,T1_LOSO_F10_PAPER_FALLBACK_P002,LEAVE_ONE_STUDY_SERIES_OUT,Study_Series_ID_WITH_PAPER_FALLBACK,29,3,11,1,25,4,2,1,True,True,0,0,0,0,0,0,M4_PLUS_PHYSICS,16,3,ZERO_PAPER_STUDY_MATERIAL_STRICT_AND_EXACT_SOURCE_FAMILY_OVERLAP,Only 5 TRIP negatives across 4 strict groups; M2 retains 2 negatives across 2 strict groups,EXPLORATORY_ONLY,"Deterministic leave-one-group-out fold holding PAPER_FALLBACK::P002; group independence takes precedence over exact stratification; no row-random split, resampling, or model fitting.",12,10,NOT_FEASIBLE,PAPER_FALLBACK::P002,15,1,2,1,25,4,2,1,19,5,2,1,0,5,4,15,1,0,0,2
T1_TRIP,T1_LOSO_F10_PAPER_FALLBACK_P002,LEAVE_ONE_STUDY_SERIES_OUT,Study_Series_ID_WITH_PAPER_FALLBACK,29,3,11,1,25,4,2,1,True,True,0,0,0,0,0,0,M5_PLUS_INITIAL_MICROSTRUCTURE,15,1,ZERO_PAPER_STUDY_MATERIAL_STRICT_AND_EXACT_SOURCE_FAMILY_OVERLAP,Only 5 TRIP negatives across 4 strict groups; M2 retains 2 negatives across 2 strict groups,EXPLORATORY_ONLY,"Deterministic leave-one-group-out fold holding PAPER_FALLBACK::P002; group independence takes precedence over exact stratification; no row-random split, resampling, or model fitting.",12,10,NOT_FEASIBLE,PAPER_FALLBACK::P002,15,0,1,0,25,4,2,1,19,5,2,1,0,5,4,15,1,0,0,2
T1_TRIP,T1_LOSO_F11_PAPER_FALLBACK_P003,LEAVE_ONE_STUDY_SERIES_OUT,Study_Series_ID_WITH_PAPER_FALLBACK,29,3,11,1,24,5,3,0,True,False,0,0,0,0,1,0,M1_CHEMISTRY,21,3,ZERO_PROVENANCE_GROUP_OVERLAP; EXACT_SOURCE_ALLOY_FAMILY_OVERLAP_LIMITS_G2,Only 5 TRIP negatives across 4 strict groups; M2 retains 2 negatives across 2 strict groups; At least one required class is absent from training or validation,INVALID_CLASS_SUPPORT,"Deterministic leave-one-group-out fold holding PAPER_FALLBACK::P003; group independence takes precedence over exact stratification; no row-random split, resampling, or model fitting.",12,11,NOT_FEASIBLE,PAPER_FALLBACK::P003,18,3,3,0,24,5,3,0,18,6,3,0,1,5,4,14,0,0,0,3
T1_TRIP,T1_LOSO_F11_PAPER_FALLBACK_P003,LEAVE_ONE_STUDY_SERIES_OUT,Study_Series_ID_WITH_PAPER_FALLBACK,29,3,11,1,24,5,3,0,True,False,0,0,0,0,1,0,M2_CHEMISTRY_PLUS_TEST,16,3,ZERO_PROVENANCE_GROUP_OVERLAP; EXACT_SOURCE_ALLOY_FAMILY_OVERLAP_LIMITS_G2,Only 5 TRIP negatives across 4 strict groups; M2 retains 2 negatives across 2 strict groups; At least one required class is absent from training or validation,INVALID_CLASS_SUPPORT,"Deterministic leave-one-group-out fold holding PAPER_FALLBACK::P003; group independence takes precedence over exact stratification; no row-random split, resampling, or model fitting.",12,11,NOT_FEASIBLE,PAPER_FALLBACK::P003,14,2,3,0,24,5,3,0,18,6,3,0,1,5,4,14,0,0,0,3
T1_TRIP,T1_LOSO_F11_PAPER_FALLBACK_P003,LEAVE_ONE_STUDY_SERIES_OUT,Study_Series_ID_WITH_PAPER_FALLBACK,29,3,11,1,24,5,3,0,True,False,0,0,0,0,1,0,M3_PLUS_PROCESSING,16,3,ZERO_PROVENANCE_GROUP_OVERLAP; EXACT_SOURCE_ALLOY_FAMILY_OVERLAP_LIMITS_G2,Only 5 TRIP negatives across 4 strict groups; M2 retains 2 negatives across 2 strict groups; At least one required class is absent from training or validation,INVALID_CLASS_SUPPORT,"Deterministic leave-one-group-out fold holding PAPER_FALLBACK::P003; group independence takes precedence over exact stratification; no row-random split, resampling, or model fitting.",12,11,NOT_FEASIBLE,PAPER_FALLBACK::P003,14,2,3,0,24,5,3,0,18,6,3,0,1,5,4,14,0,0,0,3
T1_TRIP,T1_LOSO_F11_PAPER_FALLBACK_P003,LEAVE_ONE_STUDY_SERIES_OUT,Study_Series_ID_WITH_PAPER_FALLBACK,29,3,11,1,24,5,3,0,True,False,0,0,0,0,1,0,M4_PLUS_PHYSICS,16,3,ZERO_PROVENANCE_GROUP_OVERLAP; EXACT_SOURCE_ALLOY_FAMILY_OVERLAP_LIMITS_G2,Only 5 TRIP negatives across 4 strict groups; M2 retains 2 negatives across 2 strict groups; At least one required class is absent from training or validation,INVALID_CLASS_SUPPORT,"Deterministic leave-one-group-out fold holding PAPER_FALLBACK::P003; group independence takes precedence over exact stratification; no row-random split, resampling, or model fitting.",12,11,NOT_FEASIBLE,PAPER_FALLBACK::P003,14,2,3,0,24,5,3,0,18,6,3,0,1,5,4,14,0,0,0,3
T1_TRIP,T1_LOSO_F11_PAPER_FALLBACK_P003,LEAVE_ONE_STUDY_SERIES_OUT,Study_Series_ID_WITH_PAPER_FALLBACK,29,3,11,1,24,5,3,0,True,False,0,0,0,0,1,0,M5_PLUS_INITIAL_MICROSTRUCTURE,13,3,ZERO_PROVENANCE_GROUP_OVERLAP; EXACT_SOURCE_ALLOY_FAMILY_OVERLAP_LIMITS_G2,Only 5 TRIP negatives across 4 strict groups; M2 retains 2 negatives across 2 strict groups; At least one required class is absent from training or validation,INVALID_CLASS_SUPPORT,"Deterministic leave-one-group-out fold holding PAPER_FALLBACK::P003; group independence takes precedence over exact stratification; no row-random split, resampling, or model fitting.",12,11,NOT_FEASIBLE,PAPER_FALLBACK::P003,13,0,3,0,24,5,3,0,18,6,3,0,1,5,4,14,0,0,0,3
T1_TRIP,T1_LOSO_F12_PAPER_FALLBACK_P016,LEAVE_ONE_STUDY_SERIES_OUT,Study_Series_ID_WITH_PAPER_FALLBACK,29,3,11,1,24,5,3,0,True,False,0,0,0,0,0,0,M1_CHEMISTRY,24,0,ZERO_PAPER_STUDY_MATERIAL_STRICT_AND_EXACT_SOURCE_FAMILY_OVERLAP,Only 5 TRIP negatives across 4 strict groups; M2 retains 2 negatives across 2 strict groups; At least one required class is absent from training or validation,INVALID_CLASS_SUPPORT,"Deterministic leave-one-group-out fold holding PAPER_FALLBACK::P016; group independence takes precedence over exact stratification; no row-random split, resampling, or model fitting.",12,12,NOT_FEASIBLE,PAPER_FALLBACK::P016,21,3,0,0,24,5,3,0,20,6,1,0,1,5,4,16,0,0,0,1
T1_TRIP,T1_LOSO_F12_PAPER_FALLBACK_P016,LEAVE_ONE_STUDY_SERIES_OUT,Study_Series_ID_WITH_PAPER_FALLBACK,29,3,11,1,24,5,3,0,True,False,0,0,0,0,0,0,M2_CHEMISTRY_PLUS_TEST,19,0,ZERO_PAPER_STUDY_MATERIAL_STRICT_AND_EXACT_SOURCE_FAMILY_OVERLAP,Only 5 TRIP negatives across 4 strict groups; M2 retains 2 negatives across 2 strict groups; At least one required class is absent from training or validation,INVALID_CLASS_SUPPORT,"Deterministic leave-one-group-out fold holding PAPER_FALLBACK::P016; group independence takes precedence over exact stratification; no row-random split, resampling, or model fitting.",12,12,NOT_FEASIBLE,PAPER_FALLBACK::P016,17,2,0,0,24,5,3,0,20,6,1,0,1,5,4,16,0,0,0,1
T1_TRIP,T1_LOSO_F12_PAPER_FALLBACK_P016,LEAVE_ONE_STUDY_SERIES_OUT,Study_Series_ID_WITH_PAPER_FALLBACK,29,3,11,1,24,5,3,0,True,False,0,0,0,0,0,0,M3_PLUS_PROCESSING,19,0,ZERO_PAPER_STUDY_MATERIAL_STRICT_AND_EXACT_SOURCE_FAMILY_OVERLAP,Only 5 TRIP negatives across 4 strict groups; M2 retains 2 negatives across 2 strict groups; At least one required class is absent from training or validation,INVALID_CLASS_SUPPORT,"Deterministic leave-one-group-out fold holding PAPER_FALLBACK::P016; group independence takes precedence over exact stratification; no row-random split, resampling, or model fitting.",12,12,NOT_FEASIBLE,PAPER_FALLBACK::P016,17,2,0,0,24,5,3,0,20,6,1,0,1,5,4,16,0,0,0,1
T1_TRIP,T1_LOSO_F12_PAPER_FALLBACK_P016,LEAVE_ONE_STUDY_SERIES_OUT,Study_Series_ID_WITH_PAPER_FALLBACK,29,3,11,1,24,5,3,0,True,False,0,0,0,0,0,0,M4_PLUS_PHYSICS,19,0,ZERO_PAPER_STUDY_MATERIAL_STRICT_AND_EXACT_SOURCE_FAMILY_OVERLAP,Only 5 TRIP negatives across 4 strict groups; M2 retains 2 negatives across 2 strict groups; At least one required class is absent from training or validation,INVALID_CLASS_SUPPORT,"Deterministic leave-one-group-out fold holding PAPER_FALLBACK::P016; group independence takes precedence over exact stratification; no row-random split, resampling, or model fitting.",12,12,NOT_FEASIBLE,PAPER_FALLBACK::P016,17,2,0,0,24,5,3,0,20,6,1,0,1,5,4,16,0,0,0,1
T1_TRIP,T1_LOSO_F12_PAPER_FALLBACK_P016,LEAVE_ONE_STUDY_SERIES_OUT,Study_Series_ID_WITH_PAPER_FALLBACK,29,3,11,1,24,5,3,0,True,False,0,0,0,0,0,0,M5_PLUS_INITIAL_MICROSTRUCTURE,16,0,ZERO_PAPER_STUDY_MATERIAL_STRICT_AND_EXACT_SOURCE_FAMILY_OVERLAP,Only 5 TRIP negatives across 4 strict groups; M2 retains 2 negatives across 2 strict groups; At least one required class is absent from training or validation,INVALID_CLASS_SUPPORT,"Deterministic leave-one-group-out fold holding PAPER_FALLBACK::P016; group independence takes precedence over exact stratification; no row-random split, resampling, or model fitting.",12,12,NOT_FEASIBLE,PAPER_FALLBACK::P016,16,0,0,0,24,5,3,0,20,6,1,0,1,5,4,16,0,0,0,1
T1_TRIP,T1_LOMFO_F01_P007_MAT01,LEAVE_ONE_MATERIAL_FAMILY_OUT,Leakage_Group_Material_WITH_CONSERVATIVE_FALLBACK,28,4,16,1,23,5,4,0,True,False,0,0,0,0,0,0,M1_CHEMISTRY,20,4,ZERO_PAPER_STUDY_MATERIAL_STRICT_AND_EXACT_SOURCE_FAMILY_OVERLAP,Only 5 TRIP negatives across 4 strict groups; M2 retains 2 negatives across 2 strict groups; At least one required class is absent from training or validation,INVALID_CLASS_SUPPORT,"Deterministic leave-one-group-out fold holding P007_MAT01; group independence takes precedence over exact stratification; no row-random split, resampling, or model fitting.",17,1,NOT_FEASIBLE,P007_MAT01,17,3,4,0,23,5,4,0,18,5,3,1,1,4,4,14,0,1,0,3
T1_TRIP,T1_LOMFO_F01_P007_MAT01,LEAVE_ONE_MATERIAL_FAMILY_OUT,Leakage_Group_Material_WITH_CONSERVATIVE_FALLBACK,28,4,16,1,23,5,4,0,True,False,0,0,0,0,0,0,M2_CHEMISTRY_PLUS_TEST,15,4,ZERO_PAPER_STUDY_MATERIAL_STRICT_AND_EXACT_SOURCE_FAMILY_OVERLAP,Only 5 TRIP negatives across 4 strict groups; M2 retains 2 negatives across 2 strict groups; At least one required class is absent from training or validation,INVALID_CLASS_SUPPORT,"Deterministic leave-one-group-out fold holding P007_MAT01; group independence takes precedence over exact stratification; no row-random split, resampling, or model fitting.",17,1,NOT_FEASIBLE,P007_MAT01,13,2,4,0,23,5,4,0,18,5,3,1,1,4,4,14,0,1,0,3
T1_TRIP,T1_LOMFO_F01_P007_MAT01,LEAVE_ONE_MATERIAL_FAMILY_OUT,Leakage_Group_Material_WITH_CONSERVATIVE_FALLBACK,28,4,16,1,23,5,4,0,True,False,0,0,0,0,0,0,M3_PLUS_PROCESSING,15,4,ZERO_PAPER_STUDY_MATERIAL_STRICT_AND_EXACT_SOURCE_FAMILY_OVERLAP,Only 5 TRIP negatives across 4 strict groups; M2 retains 2 negatives across 2 strict groups; At least one required class is absent from training or validation,INVALID_CLASS_SUPPORT,"Deterministic leave-one-group-out fold holding P007_MAT01; group independence takes precedence over exact stratification; no row-random split, resampling, or model fitting.",17,1,NOT_FEASIBLE,P007_MAT01,13,2,4,0,23,5,4,0,18,5,3,1,1,4,4,14,0,1,0,3
T1_TRIP,T1_LOMFO_F01_P007_MAT01,LEAVE_ONE_MATERIAL_FAMILY_OUT,Leakage_Group_Material_WITH_CONSERVATIVE_FALLBACK,28,4,16,1,23,5,4,0,True,False,0,0,0,0,0,0,M4_PLUS_PHYSICS,15,4,ZERO_PAPER_STUDY_MATERIAL_STRICT_AND_EXACT_SOURCE_FAMILY_OVERLAP,Only 5 TRIP negatives across 4 strict groups; M2 retains 2 negatives across 2 strict groups; At least one required class is absent from training or validation,INVALID_CLASS_SUPPORT,"Deterministic leave-one-group-out fold holding P007_MAT01; group independence takes precedence over exact stratification; no row-random split, resampling, or model fitting.",17,1,NOT_FEASIBLE,P007_MAT01,13,2,4,0,23,5,4,0,18,5,3,1,1,4,4,14,0,1,0,3
T1_TRIP,T1_LOMFO_F01_P007_MAT01,LEAVE_ONE_MATERIAL_FAMILY_OUT,Leakage_Group_Material_WITH_CONSERVATIVE_FALLBACK,28,4,16,1,23,5,4,0,True,False,0,0,0,0,0,0,M5_PLUS_INITIAL_MICROSTRUCTURE,12,4,ZERO_PAPER_STUDY_MATERIAL_STRICT_AND_EXACT_SOURCE_FAMILY_OVERLAP,Only 5 TRIP negatives across 4 strict groups; M2 retains 2 negatives across 2 strict groups; At least one required class is absent from training or validation,INVALID_CLASS_SUPPORT,"Deterministic leave-one-group-out fold holding P007_MAT01; group independence takes precedence over exact stratification; no row-random split, resampling, or model fitting.",17,1,NOT_FEASIBLE,P007_MAT01,12,0,4,0,23,5,4,0,18,5,3,1,1,4,4,14,0,1,0,3
T1_TRIP,T1_LOMFO_F02_P008_MAT_N0,LEAVE_ONE_MATERIAL_FAMILY_OUT,Leakage_Group_Material_WITH_CONSERVATIVE_FALLBACK,30,2,16,1,25,5,2,0,True,False,0,1,1,0,0,1,M1_CHEMISTRY,24,0,FORBIDDEN_RELATED_GROUPS_CROSS_TRAIN_VALIDATION,Only 5 TRIP negatives across 4 strict groups; M2 retains 2 negatives across 2 strict groups; Strict/paper/material relatedness crosses the partition,INVALID_GROUP_LEAKAGE,"Deterministic leave-one-group-out fold holding P008_MAT_N0; group independence takes precedence over exact stratification; no row-random split, resampling, or model fitting.",17,2,NOT_FEASIBLE,P008_MAT_N0,21,3,0,0,25,5,2,0,20,6,1,0,1,5,4,16,0,0,0,1
T1_TRIP,T1_LOMFO_F02_P008_MAT_N0,LEAVE_ONE_MATERIAL_FAMILY_OUT,Leakage_Group_Material_WITH_CONSERVATIVE_FALLBACK,30,2,16,1,25,5,2,0,True,False,0,1,1,0,0,1,M2_CHEMISTRY_PLUS_TEST,19,0,FORBIDDEN_RELATED_GROUPS_CROSS_TRAIN_VALIDATION,Only 5 TRIP negatives across 4 strict groups; M2 retains 2 negatives across 2 strict groups; Strict/paper/material relatedness crosses the partition,INVALID_GROUP_LEAKAGE,"Deterministic leave-one-group-out fold holding P008_MAT_N0; group independence takes precedence over exact stratification; no row-random split, resampling, or model fitting.",17,2,NOT_FEASIBLE,P008_MAT_N0,17,2,0,0,25,5,2,0,20,6,1,0,1,5,4,16,0,0,0,1
T1_TRIP,T1_LOMFO_F02_P008_MAT_N0,LEAVE_ONE_MATERIAL_FAMILY_OUT,Leakage_Group_Material_WITH_CONSERVATIVE_FALLBACK,30,2,16,1,25,5,2,0,True,False,0,1,1,0,0,1,M3_PLUS_PROCESSING,19,0,FORBIDDEN_RELATED_GROUPS_CROSS_TRAIN_VALIDATION,Only 5 TRIP negatives across 4 strict groups; M2 retains 2 negatives across 2 strict groups; Strict/paper/material relatedness crosses the partition,INVALID_GROUP_LEAKAGE,"Deterministic leave-one-group-out fold holding P008_MAT_N0; group independence takes precedence over exact stratification; no row-random split, resampling, or model fitting.",17,2,NOT_FEASIBLE,P008_MAT_N0,17,2,0,0,25,5,2,0,20,6,1,0,1,5,4,16,0,0,0,1
T1_TRIP,T1_LOMFO_F02_P008_MAT_N0,LEAVE_ONE_MATERIAL_FAMILY_OUT,Leakage_Group_Material_WITH_CONSERVATIVE_FALLBACK,30,2,16,1,25,5,2,0,True,False,0,1,1,0,0,1,M4_PLUS_PHYSICS,19,0,FORBIDDEN_RELATED_GROUPS_CROSS_TRAIN_VALIDATION,Only 5 TRIP negatives across 4 strict groups; M2 retains 2 negatives across 2 strict groups; Strict/paper/material relatedness crosses the partition,INVALID_GROUP_LEAKAGE,"Deterministic leave-one-group-out fold holding P008_MAT_N0; group independence takes precedence over exact stratification; no row-random split, resampling, or model fitting.",17,2,NOT_FEASIBLE,P008_MAT_N0,17,2,0,0,25,5,2,0,20,6,1,0,1,5,4,16,0,0,0,1
T1_TRIP,T1_LOMFO_F02_P008_MAT_N0,LEAVE_ONE_MATERIAL_FAMILY_OUT,Leakage_Group_Material_WITH_CONSERVATIVE_FALLBACK,30,2,16,1,25,5,2,0,True,False,0,1,1,0,0,1,M5_PLUS_INITIAL_MICROSTRUCTURE,16,0,FORBIDDEN_RELATED_GROUPS_CROSS_TRAIN_VALIDATION,Only 5 TRIP negatives across 4 strict groups; M2 retains 2 negatives across 2 strict groups; Strict/paper/material relatedness crosses the partition,INVALID_GROUP_LEAKAGE,"Deterministic leave-one-group-out fold holding P008_MAT_N0; group independence takes precedence over exact stratification; no row-random split, resampling, or model fitting.",17,2,NOT_FEASIBLE,P008_MAT_N0,16,0,0,0,25,5,2,0,20,6,1,0,1,5,4,16,0,0,0,1
T1_TRIP,T1_LOMFO_F03_P008_MAT_N2p6,LEAVE_ONE_MATERIAL_FAMILY_OUT,Leakage_Group_Material_WITH_CONSERVATIVE_FALLBACK,30,2,16,1,27,3,0,2,True,False,0,1,1,0,0,1,M1_CHEMISTRY,23,1,FORBIDDEN_RELATED_GROUPS_CROSS_TRAIN_VALIDATION,Only 5 TRIP negatives across 4 strict groups; M2 retains 2 negatives across 2 strict groups; Strict/paper/material relatedness crosses the partition,INVALID_GROUP_LEAKAGE,"Deterministic leave-one-group-out fold holding P008_MAT_N2p6; group independence takes precedence over exact stratification; no row-random split, resampling, or model fitting.",17,3,NOT_FEASIBLE,P008_MAT_N2p6,21,2,0,1,27,3,0,2,19,6,2,0,1,5,2,17,0,0,2,0
T1_TRIP,T1_LOMFO_F03_P008_MAT_N2p6,LEAVE_ONE_MATERIAL_FAMILY_OUT,Leakage_Group_Material_WITH_CONSERVATIVE_FALLBACK,30,2,16,1,27,3,0,2,True,False,0,1,1,0,0,1,M2_CHEMISTRY_PLUS_TEST,18,1,FORBIDDEN_RELATED_GROUPS_CROSS_TRAIN_VALIDATION,Only 5 TRIP negatives across 4 strict groups; M2 retains 2 negatives across 2 strict groups; Strict/paper/material relatedness crosses the partition,INVALID_GROUP_LEAKAGE,"Deterministic leave-one-group-out fold holding P008_MAT_N2p6; group independence takes precedence over exact stratification; no row-random split, resampling, or model fitting.",17,3,NOT_FEASIBLE,P008_MAT_N2p6,17,1,0,1,27,3,0,2,19,6,2,0,1,5,2,17,0,0,2,0
T1_TRIP,T1_LOMFO_F03_P008_MAT_N2p6,LEAVE_ONE_MATERIAL_FAMILY_OUT,Leakage_Group_Material_WITH_CONSERVATIVE_FALLBACK,30,2,16,1,27,3,0,2,True,False,0,1,1,0,0,1,M3_PLUS_PROCESSING,18,1,FORBIDDEN_RELATED_GROUPS_CROSS_TRAIN_VALIDATION,Only 5 TRIP negatives across 4 strict groups; M2 retains 2 negatives across 2 strict groups; Strict/paper/material relatedness crosses the partition,INVALID_GROUP_LEAKAGE,"Deterministic leave-one-group-out fold holding P008_MAT_N2p6; group independence takes precedence over exact stratification; no row-random split, resampling, or model fitting.",17,3,NOT_FEASIBLE,P008_MAT_N2p6,17,1,0,1,27,3,0,2,19,6,2,0,1,5,2,17,0,0,2,0
T1_TRIP,T1_LOMFO_F03_P008_MAT_N2p6,LEAVE_ONE_MATERIAL_FAMILY_OUT,Leakage_Group_Material_WITH_CONSERVATIVE_FALLBACK,30,2,16,1,27,3,0,2,True,False,0,1,1,0,0,1,M4_PLUS_PHYSICS,18,1,FORBIDDEN_RELATED_GROUPS_CROSS_TRAIN_VALIDATION,Only 5 TRIP negatives across 4 strict groups; M2 retains 2 negatives across 2 strict groups; Strict/paper/material relatedness crosses the partition,INVALID_GROUP_LEAKAGE,"Deterministic leave-one-group-out fold holding P008_MAT_N2p6; group independence takes precedence over exact stratification; no row-random split, resampling, or model fitting.",17,3,NOT_FEASIBLE,P008_MAT_N2p6,17,1,0,1,27,3,0,2,19,6,2,0,1,5,2,17,0,0,2,0
T1_TRIP,T1_LOMFO_F03_P008_MAT_N2p6,LEAVE_ONE_MATERIAL_FAMILY_OUT,Leakage_Group_Material_WITH_CONSERVATIVE_FALLBACK,30,2,16,1,27,3,0,2,True,False,0,1,1,0,0,1,M5_PLUS_INITIAL_MICROSTRUCTURE,16,0,FORBIDDEN_RELATED_GROUPS_CROSS_TRAIN_VALIDATION,Only 5 TRIP negatives across 4 strict groups; M2 retains 2 negatives across 2 strict groups; Strict/paper/material relatedness crosses the partition,INVALID_GROUP_LEAKAGE,"Deterministic leave-one-group-out fold holding P008_MAT_N2p6; group independence takes precedence over exact stratification; no row-random split, resampling, or model fitting.",17,3,NOT_FEASIBLE,P008_MAT_N2p6,16,0,0,0,27,3,0,2,19,6,2,0,1,5,2,17,0,0,2,0
T1_TRIP,T1_LOMFO_F04_P010_MAT_AlloyI,LEAVE_ONE_MATERIAL_FAMILY_OUT,Leakage_Group_Material_WITH_CONSERVATIVE_FALLBACK,31,1,16,1,26,5,1,0,True,False,0,1,1,0,0,1,M1_CHEMISTRY,23,1,FORBIDDEN_RELATED_GROUPS_CROSS_TRAIN_VALIDATION,Only 5 TRIP negatives across 4 strict groups; M2 retains 2 negatives across 2 strict groups; Strict/paper/material relatedness crosses the partition,INVALID_GROUP_LEAKAGE,"Deterministic leave-one-group-out fold holding P010_MAT_AlloyI; group independence takes precedence over exact stratification; no row-random split, resampling, or model fitting.",17,4,NOT_FEASIBLE,P010_MAT_AlloyI,20,3,1,0,26,5,1,0,20,6,1,0,1,5,4,16,0,0,0,1
T1_TRIP,T1_LOMFO_F04_P010_MAT_AlloyI,LEAVE_ONE_MATERIAL_FAMILY_OUT,Leakage_Group_Material_WITH_CONSERVATIVE_FALLBACK,31,1,16,1,26,5,1,0,True,False,0,1,1,0,0,1,M2_CHEMISTRY_PLUS_TEST,19,0,FORBIDDEN_RELATED_GROUPS_CROSS_TRAIN_VALIDATION,Only 5 TRIP negatives across 4 strict groups; M2 retains 2 negatives across 2 strict groups; Strict/paper/material relatedness crosses the partition,INVALID_GROUP_LEAKAGE,"Deterministic leave-one-group-out fold holding P010_MAT_AlloyI; group independence takes precedence over exact stratification; no row-random split, resampling, or model fitting.",17,4,NOT_FEASIBLE,P010_MAT_AlloyI,17,2,0,0,26,5,1,0,20,6,1,0,1,5,4,16,0,0,0,1
T1_TRIP,T1_LOMFO_F04_P010_MAT_AlloyI,LEAVE_ONE_MATERIAL_FAMILY_OUT,Leakage_Group_Material_WITH_CONSERVATIVE_FALLBACK,31,1,16,1,26,5,1,0,True,False,0,1,1,0,0,1,M3_PLUS_PROCESSING,19,0,FORBIDDEN_RELATED_GROUPS_CROSS_TRAIN_VALIDATION,Only 5 TRIP negatives across 4 strict groups; M2 retains 2 negatives across 2 strict groups; Strict/paper/material relatedness crosses the partition,INVALID_GROUP_LEAKAGE,"Deterministic leave-one-group-out fold holding P010_MAT_AlloyI; group independence takes precedence over exact stratification; no row-random split, resampling, or model fitting.",17,4,NOT_FEASIBLE,P010_MAT_AlloyI,17,2,0,0,26,5,1,0,20,6,1,0,1,5,4,16,0,0,0,1
T1_TRIP,T1_LOMFO_F04_P010_MAT_AlloyI,LEAVE_ONE_MATERIAL_FAMILY_OUT,Leakage_Group_Material_WITH_CONSERVATIVE_FALLBACK,31,1,16,1,26,5,1,0,True,False,0,1,1,0,0,1,M4_PLUS_PHYSICS,19,0,FORBIDDEN_RELATED_GROUPS_CROSS_TRAIN_VALIDATION,Only 5 TRIP negatives across 4 strict groups; M2 retains 2 negatives across 2 strict groups; Strict/paper/material relatedness crosses the partition,INVALID_GROUP_LEAKAGE,"Deterministic leave-one-group-out fold holding P010_MAT_AlloyI; group independence takes precedence over exact stratification; no row-random split, resampling, or model fitting.",17,4,NOT_FEASIBLE,P010_MAT_AlloyI,17,2,0,0,26,5,1,0,20,6,1,0,1,5,4,16,0,0,0,1
T1_TRIP,T1_LOMFO_F04_P010_MAT_AlloyI,LEAVE_ONE_MATERIAL_FAMILY_OUT,Leakage_Group_Material_WITH_CONSERVATIVE_FALLBACK,31,1,16,1,26,5,1,0,True,False,0,1,1,0,0,1,M5_PLUS_INITIAL_MICROSTRUCTURE,16,0,FORBIDDEN_RELATED_GROUPS_CROSS_TRAIN_VALIDATION,Only 5 TRIP negatives across 4 strict groups; M2 retains 2 negatives across 2 strict groups; Strict/paper/material relatedness crosses the partition,INVALID_GROUP_LEAKAGE,"Deterministic leave-one-group-out fold holding P010_MAT_AlloyI; group independence takes precedence over exact stratification; no row-random split, resampling, or model fitting.",17,4,NOT_FEASIBLE,P010_MAT_AlloyI,16,0,0,0,26,5,1,0,20,6,1,0,1,5,4,16,0,0,0,1
T1_TRIP,T1_LOMFO_F05_P010_MAT_AlloyII,LEAVE_ONE_MATERIAL_FAMILY_OUT,Leakage_Group_Material_WITH_CONSERVATIVE_FALLBACK,31,1,16,1,27,4,0,1,True,False,0,1,1,0,0,1,M1_CHEMISTRY,23,1,FORBIDDEN_RELATED_GROUPS_CROSS_TRAIN_VALIDATION,Only 5 TRIP negatives across 4 strict groups; M2 retains 2 negatives across 2 strict groups; Strict/paper/material relatedness crosses the partition,INVALID_GROUP_LEAKAGE,"Deterministic leave-one-group-out fold holding P010_MAT_AlloyII; group independence takes precedence over exact stratification; no row-random split, resampling, or model fitting.",17,5,NOT_FEASIBLE,P010_MAT_AlloyII,21,2,0,1,27,4,0,1,20,6,1,0,1,5,3,17,0,0,1,0
T1_TRIP,T1_LOMFO_F05_P010_MAT_AlloyII,LEAVE_ONE_MATERIAL_FAMILY_OUT,Leakage_Group_Material_WITH_CONSERVATIVE_FALLBACK,31,1,16,1,27,4,0,1,True,False,0,1,1,0,0,1,M2_CHEMISTRY_PLUS_TEST,19,0,FORBIDDEN_RELATED_GROUPS_CROSS_TRAIN_VALIDATION,Only 5 TRIP negatives across 4 strict groups; M2 retains 2 negatives across 2 strict groups; Strict/paper/material relatedness crosses the partition,INVALID_GROUP_LEAKAGE,"Deterministic leave-one-group-out fold holding P010_MAT_AlloyII; group independence takes precedence over exact stratification; no row-random split, resampling, or model fitting.",17,5,NOT_FEASIBLE,P010_MAT_AlloyII,17,2,0,0,27,4,0,1,20,6,1,0,1,5,3,17,0,0,1,0
T1_TRIP,T1_LOMFO_F05_P010_MAT_AlloyII,LEAVE_ONE_MATERIAL_FAMILY_OUT,Leakage_Group_Material_WITH_CONSERVATIVE_FALLBACK,31,1,16,1,27,4,0,1,True,False,0,1,1,0,0,1,M3_PLUS_PROCESSING,19,0,FORBIDDEN_RELATED_GROUPS_CROSS_TRAIN_VALIDATION,Only 5 TRIP negatives across 4 strict groups; M2 retains 2 negatives across 2 strict groups; Strict/paper/material relatedness crosses the partition,INVALID_GROUP_LEAKAGE,"Deterministic leave-one-group-out fold holding P010_MAT_AlloyII; group independence takes precedence over exact stratification; no row-random split, resampling, or model fitting.",17,5,NOT_FEASIBLE,P010_MAT_AlloyII,17,2,0,0,27,4,0,1,20,6,1,0,1,5,3,17,0,0,1,0
T1_TRIP,T1_LOMFO_F05_P010_MAT_AlloyII,LEAVE_ONE_MATERIAL_FAMILY_OUT,Leakage_Group_Material_WITH_CONSERVATIVE_FALLBACK,31,1,16,1,27,4,0,1,True,False,0,1,1,0,0,1,M4_PLUS_PHYSICS,19,0,FORBIDDEN_RELATED_GROUPS_CROSS_TRAIN_VALIDATION,Only 5 TRIP negatives across 4 strict groups; M2 retains 2 negatives across 2 strict groups; Strict/paper/material relatedness crosses the partition,INVALID_GROUP_LEAKAGE,"Deterministic leave-one-group-out fold holding P010_MAT_AlloyII; group independence takes precedence over exact stratification; no row-random split, resampling, or model fitting.",17,5,NOT_FEASIBLE,P010_MAT_AlloyII,17,2,0,0,27,4,0,1,20,6,1,0,1,5,3,17,0,0,1,0
T1_TRIP,T1_LOMFO_F05_P010_MAT_AlloyII,LEAVE_ONE_MATERIAL_FAMILY_OUT,Leakage_Group_Material_WITH_CONSERVATIVE_FALLBACK,31,1,16,1,27,4,0,1,True,False,0,1,1,0,0,1,M5_PLUS_INITIAL_MICROSTRUCTURE,16,0,FORBIDDEN_RELATED_GROUPS_CROSS_TRAIN_VALIDATION,Only 5 TRIP negatives across 4 strict groups; M2 retains 2 negatives across 2 strict groups; Strict/paper/material relatedness crosses the partition,INVALID_GROUP_LEAKAGE,"Deterministic leave-one-group-out fold holding P010_MAT_AlloyII; group independence takes precedence over exact stratification; no row-random split, resampling, or model fitting.",17,5,NOT_FEASIBLE,P010_MAT_AlloyII,16,0,0,0,27,4,0,1,20,6,1,0,1,5,3,17,0,0,1,0
T1_TRIP,T1_LOMFO_F06_P010_MAT_AlloyIII,LEAVE_ONE_MATERIAL_FAMILY_OUT,Leakage_Group_Material_WITH_CONSERVATIVE_FALLBACK,31,1,16,1,26,5,1,0,True,False,0,1,1,0,0,1,M1_CHEMISTRY,23,1,FORBIDDEN_RELATED_GROUPS_CROSS_TRAIN_VALIDATION,Only 5 TRIP negatives across 4 strict groups; M2 retains 2 negatives across 2 strict groups; Strict/paper/material relatedness crosses the partition,INVALID_GROUP_LEAKAGE,"Deterministic leave-one-group-out fold holding P010_MAT_AlloyIII; group independence takes precedence over exact stratification; no row-random split, resampling, or model fitting.",17,6,NOT_FEASIBLE,P010_MAT_AlloyIII,20,3,1,0,26,5,1,0,20,6,1,0,1,5,4,16,0,0,0,1
T1_TRIP,T1_LOMFO_F06_P010_MAT_AlloyIII,LEAVE_ONE_MATERIAL_FAMILY_OUT,Leakage_Group_Material_WITH_CONSERVATIVE_FALLBACK,31,1,16,1,26,5,1,0,True,False,0,1,1,0,0,1,M2_CHEMISTRY_PLUS_TEST,19,0,FORBIDDEN_RELATED_GROUPS_CROSS_TRAIN_VALIDATION,Only 5 TRIP negatives across 4 strict groups; M2 retains 2 negatives across 2 strict groups; Strict/paper/material relatedness crosses the partition,INVALID_GROUP_LEAKAGE,"Deterministic leave-one-group-out fold holding P010_MAT_AlloyIII; group independence takes precedence over exact stratification; no row-random split, resampling, or model fitting.",17,6,NOT_FEASIBLE,P010_MAT_AlloyIII,17,2,0,0,26,5,1,0,20,6,1,0,1,5,4,16,0,0,0,1
T1_TRIP,T1_LOMFO_F06_P010_MAT_AlloyIII,LEAVE_ONE_MATERIAL_FAMILY_OUT,Leakage_Group_Material_WITH_CONSERVATIVE_FALLBACK,31,1,16,1,26,5,1,0,True,False,0,1,1,0,0,1,M3_PLUS_PROCESSING,19,0,FORBIDDEN_RELATED_GROUPS_CROSS_TRAIN_VALIDATION,Only 5 TRIP negatives across 4 strict groups; M2 retains 2 negatives across 2 strict groups; Strict/paper/material relatedness crosses the partition,INVALID_GROUP_LEAKAGE,"Deterministic leave-one-group-out fold holding P010_MAT_AlloyIII; group independence takes precedence over exact stratification; no row-random split, resampling, or model fitting.",17,6,NOT_FEASIBLE,P010_MAT_AlloyIII,17,2,0,0,26,5,1,0,20,6,1,0,1,5,4,16,0,0,0,1
T1_TRIP,T1_LOMFO_F06_P010_MAT_AlloyIII,LEAVE_ONE_MATERIAL_FAMILY_OUT,Leakage_Group_Material_WITH_CONSERVATIVE_FALLBACK,31,1,16,1,26,5,1,0,True,False,0,1,1,0,0,1,M4_PLUS_PHYSICS,19,0,FORBIDDEN_RELATED_GROUPS_CROSS_TRAIN_VALIDATION,Only 5 TRIP negatives across 4 strict groups; M2 retains 2 negatives across 2 strict groups; Strict/paper/material relatedness crosses the partition,INVALID_GROUP_LEAKAGE,"Deterministic leave-one-group-out fold holding P010_MAT_AlloyIII; group independence takes precedence over exact stratification; no row-random split, resampling, or model fitting.",17,6,NOT_FEASIBLE,P010_MAT_AlloyIII,17,2,0,0,26,5,1,0,20,6,1,0,1,5,4,16,0,0,0,1
T1_TRIP,T1_LOMFO_F06_P010_MAT_AlloyIII,LEAVE_ONE_MATERIAL_FAMILY_OUT,Leakage_Group_Material_WITH_CONSERVATIVE_FALLBACK,31,1,16,1,26,5,1,0,True,False,0,1,1,0,0,1,M5_PLUS_INITIAL_MICROSTRUCTURE,16,0,FORBIDDEN_RELATED_GROUPS_CROSS_TRAIN_VALIDATION,Only 5 TRIP negatives across 4 strict groups; M2 retains 2 negatives across 2 strict groups; Strict/paper/material relatedness crosses the partition,INVALID_GROUP_LEAKAGE,"Deterministic leave-one-group-out fold holding P010_MAT_AlloyIII; group independence takes precedence over exact stratification; no row-random split, resampling, or model fitting.",17,6,NOT_FEASIBLE,P010_MAT_AlloyIII,16,0,0,0,26,5,1,0,20,6,1,0,1,5,4,16,0,0,0,1
T1_TRIP,T1_LOMFO_F07_P011_MAT_FE50MN30CO10CR10,LEAVE_ONE_MATERIAL_FAMILY_OUT,Leakage_Group_Material_WITH_CONSERVATIVE_FALLBACK,30,2,16,1,25,5,2,0,True,False,0,0,0,0,1,0,M1_CHEMISTRY,22,2,ZERO_PROVENANCE_GROUP_OVERLAP; EXACT_SOURCE_ALLOY_FAMILY_OVERLAP_LIMITS_G2,Only 5 TRIP negatives across 4 strict groups; M2 retains 2 negatives across 2 strict groups; At least one required class is absent from training or validation,INVALID_CLASS_SUPPORT,"Deterministic leave-one-group-out fold holding P011_MAT_FE50MN30CO10CR10; group independence takes precedence over exact stratification; no row-random split, resampling, or model fitting.",17,7,NOT_FEASIBLE,P011_MAT_FE50MN30CO10CR10,19,3,2,0,25,5,2,0,20,5,1,1,1,4,4,16,0,1,0,1
T1_TRIP,T1_LOMFO_F07_P011_MAT_FE50MN30CO10CR10,LEAVE_ONE_MATERIAL_FAMILY_OUT,Leakage_Group_Material_WITH_CONSERVATIVE_FALLBACK,30,2,16,1,25,5,2,0,True,False,0,0,0,0,1,0,M2_CHEMISTRY_PLUS_TEST,17,2,ZERO_PROVENANCE_GROUP_OVERLAP; EXACT_SOURCE_ALLOY_FAMILY_OVERLAP_LIMITS_G2,Only 5 TRIP negatives across 4 strict groups; M2 retains 2 negatives across 2 strict groups; At least one required class is absent from training or validation,INVALID_CLASS_SUPPORT,"Deterministic leave-one-group-out fold holding P011_MAT_FE50MN30CO10CR10; group independence takes precedence over exact stratification; no row-random split, resampling, or model fitting.",17,7,NOT_FEASIBLE,P011_MAT_FE50MN30CO10CR10,15,2,2,0,25,5,2,0,20,5,1,1,1,4,4,16,0,1,0,1
T1_TRIP,T1_LOMFO_F07_P011_MAT_FE50MN30CO10CR10,LEAVE_ONE_MATERIAL_FAMILY_OUT,Leakage_Group_Material_WITH_CONSERVATIVE_FALLBACK,30,2,16,1,25,5,2,0,True,False,0,0,0,0,1,0,M3_PLUS_PROCESSING,17,2,ZERO_PROVENANCE_GROUP_OVERLAP; EXACT_SOURCE_ALLOY_FAMILY_OVERLAP_LIMITS_G2,Only 5 TRIP negatives across 4 strict groups; M2 retains 2 negatives across 2 strict groups; At least one required class is absent from training or validation,INVALID_CLASS_SUPPORT,"Deterministic leave-one-group-out fold holding P011_MAT_FE50MN30CO10CR10; group independence takes precedence over exact stratification; no row-random split, resampling, or model fitting.",17,7,NOT_FEASIBLE,P011_MAT_FE50MN30CO10CR10,15,2,2,0,25,5,2,0,20,5,1,1,1,4,4,16,0,1,0,1
T1_TRIP,T1_LOMFO_F07_P011_MAT_FE50MN30CO10CR10,LEAVE_ONE_MATERIAL_FAMILY_OUT,Leakage_Group_Material_WITH_CONSERVATIVE_FALLBACK,30,2,16,1,25,5,2,0,True,False,0,0,0,0,1,0,M4_PLUS_PHYSICS,17,2,ZERO_PROVENANCE_GROUP_OVERLAP; EXACT_SOURCE_ALLOY_FAMILY_OVERLAP_LIMITS_G2,Only 5 TRIP negatives across 4 strict groups; M2 retains 2 negatives across 2 strict groups; At least one required class is absent from training or validation,INVALID_CLASS_SUPPORT,"Deterministic leave-one-group-out fold holding P011_MAT_FE50MN30CO10CR10; group independence takes precedence over exact stratification; no row-random split, resampling, or model fitting.",17,7,NOT_FEASIBLE,P011_MAT_FE50MN30CO10CR10,15,2,2,0,25,5,2,0,20,5,1,1,1,4,4,16,0,1,0,1
T1_TRIP,T1_LOMFO_F07_P011_MAT_FE50MN30CO10CR10,LEAVE_ONE_MATERIAL_FAMILY_OUT,Leakage_Group_Material_WITH_CONSERVATIVE_FALLBACK,30,2,16,1,25,5,2,0,True,False,0,0,0,0,1,0,M5_PLUS_INITIAL_MICROSTRUCTURE,14,2,ZERO_PROVENANCE_GROUP_OVERLAP; EXACT_SOURCE_ALLOY_FAMILY_OVERLAP_LIMITS_G2,Only 5 TRIP negatives across 4 strict groups; M2 retains 2 negatives across 2 strict groups; At least one required class is absent from training or validation,INVALID_CLASS_SUPPORT,"Deterministic leave-one-group-out fold holding P011_MAT_FE50MN30CO10CR10; group independence takes precedence over exact stratification; no row-random split, resampling, or model fitting.",17,7,NOT_FEASIBLE,P011_MAT_FE50MN30CO10CR10,14,0,2,0,25,5,2,0,20,5,1,1,1,4,4,16,0,1,0,1
T1_TRIP,T1_LOMFO_F08_P012_MAT_BASE,LEAVE_ONE_MATERIAL_FAMILY_OUT,Leakage_Group_Material_WITH_CONSERVATIVE_FALLBACK,31,1,16,1,26,5,1,0,True,False,0,1,1,0,0,1,M1_CHEMISTRY,23,1,FORBIDDEN_RELATED_GROUPS_CROSS_TRAIN_VALIDATION,Only 5 TRIP negatives across 4 strict groups; M2 retains 2 negatives across 2 strict groups; Strict/paper/material relatedness crosses the partition,INVALID_GROUP_LEAKAGE,"Deterministic leave-one-group-out fold holding P012_MAT_BASE; group independence takes precedence over exact stratification; no row-random split, resampling, or model fitting.",17,8,NOT_FEASIBLE,P012_MAT_BASE,20,3,1,0,26,5,1,0,21,6,0,0,1,5,4,17,0,0,0,0
T1_TRIP,T1_LOMFO_F08_P012_MAT_BASE,LEAVE_ONE_MATERIAL_FAMILY_OUT,Leakage_Group_Material_WITH_CONSERVATIVE_FALLBACK,31,1,16,1,26,5,1,0,True,False,0,1,1,0,0,1,M2_CHEMISTRY_PLUS_TEST,18,1,FORBIDDEN_RELATED_GROUPS_CROSS_TRAIN_VALIDATION,Only 5 TRIP negatives across 4 strict groups; M2 retains 2 negatives across 2 strict groups; Strict/paper/material relatedness crosses the partition,INVALID_GROUP_LEAKAGE,"Deterministic leave-one-group-out fold holding P012_MAT_BASE; group independence takes precedence over exact stratification; no row-random split, resampling, or model fitting.",17,8,NOT_FEASIBLE,P012_MAT_BASE,16,2,1,0,26,5,1,0,21,6,0,0,1,5,4,17,0,0,0,0
T1_TRIP,T1_LOMFO_F08_P012_MAT_BASE,LEAVE_ONE_MATERIAL_FAMILY_OUT,Leakage_Group_Material_WITH_CONSERVATIVE_FALLBACK,31,1,16,1,26,5,1,0,True,False,0,1,1,0,0,1,M3_PLUS_PROCESSING,18,1,FORBIDDEN_RELATED_GROUPS_CROSS_TRAIN_VALIDATION,Only 5 TRIP negatives across 4 strict groups; M2 retains 2 negatives across 2 strict groups; Strict/paper/material relatedness crosses the partition,INVALID_GROUP_LEAKAGE,"Deterministic leave-one-group-out fold holding P012_MAT_BASE; group independence takes precedence over exact stratification; no row-random split, resampling, or model fitting.",17,8,NOT_FEASIBLE,P012_MAT_BASE,16,2,1,0,26,5,1,0,21,6,0,0,1,5,4,17,0,0,0,0
T1_TRIP,T1_LOMFO_F08_P012_MAT_BASE,LEAVE_ONE_MATERIAL_FAMILY_OUT,Leakage_Group_Material_WITH_CONSERVATIVE_FALLBACK,31,1,16,1,26,5,1,0,True,False,0,1,1,0,0,1,M4_PLUS_PHYSICS,18,1,FORBIDDEN_RELATED_GROUPS_CROSS_TRAIN_VALIDATION,Only 5 TRIP negatives across 4 strict groups; M2 retains 2 negatives across 2 strict groups; Strict/paper/material relatedness crosses the partition,INVALID_GROUP_LEAKAGE,"Deterministic leave-one-group-out fold holding P012_MAT_BASE; group independence takes precedence over exact stratification; no row-random split, resampling, or model fitting.",17,8,NOT_FEASIBLE,P012_MAT_BASE,16,2,1,0,26,5,1,0,21,6,0,0,1,5,4,17,0,0,0,0
T1_TRIP,T1_LOMFO_F08_P012_MAT_BASE,LEAVE_ONE_MATERIAL_FAMILY_OUT,Leakage_Group_Material_WITH_CONSERVATIVE_FALLBACK,31,1,16,1,26,5,1,0,True,False,0,1,1,0,0,1,M5_PLUS_INITIAL_MICROSTRUCTURE,15,1,FORBIDDEN_RELATED_GROUPS_CROSS_TRAIN_VALIDATION,Only 5 TRIP negatives across 4 strict groups; M2 retains 2 negatives across 2 strict groups; Strict/paper/material relatedness crosses the partition,INVALID_GROUP_LEAKAGE,"Deterministic leave-one-group-out fold holding P012_MAT_BASE; group independence takes precedence over exact stratification; no row-random split, resampling, or model fitting.",17,8,NOT_FEASIBLE,P012_MAT_BASE,15,0,1,0,26,5,1,0,21,6,0,0,1,5,4,17,0,0,0,0
T1_TRIP,T1_LOMFO_F09_P012_MAT_C,LEAVE_ONE_MATERIAL_FAMILY_OUT,Leakage_Group_Material_WITH_CONSERVATIVE_FALLBACK,31,1,16,1,26,5,1,0,True,False,0,1,1,0,0,1,M1_CHEMISTRY,23,1,FORBIDDEN_RELATED_GROUPS_CROSS_TRAIN_VALIDATION,Only 5 TRIP negatives across 4 strict groups; M2 retains 2 negatives across 2 strict groups; Strict/paper/material relatedness crosses the partition,INVALID_GROUP_LEAKAGE,"Deterministic leave-one-group-out fold holding P012_MAT_C; group independence takes precedence over exact stratification; no row-random split, resampling, or model fitting.",17,9,NOT_FEASIBLE,P012_MAT_C,20,3,1,0,26,5,1,0,20,6,1,0,1,5,4,16,0,0,0,1
T1_TRIP,T1_LOMFO_F09_P012_MAT_C,LEAVE_ONE_MATERIAL_FAMILY_OUT,Leakage_Group_Material_WITH_CONSERVATIVE_FALLBACK,31,1,16,1,26,5,1,0,True,False,0,1,1,0,0,1,M2_CHEMISTRY_PLUS_TEST,18,1,FORBIDDEN_RELATED_GROUPS_CROSS_TRAIN_VALIDATION,Only 5 TRIP negatives across 4 strict groups; M2 retains 2 negatives across 2 strict groups; Strict/paper/material relatedness crosses the partition,INVALID_GROUP_LEAKAGE,"Deterministic leave-one-group-out fold holding P012_MAT_C; group independence takes precedence over exact stratification; no row-random split, resampling, or model fitting.",17,9,NOT_FEASIBLE,P012_MAT_C,16,2,1,0,26,5,1,0,20,6,1,0,1,5,4,16,0,0,0,1
T1_TRIP,T1_LOMFO_F09_P012_MAT_C,LEAVE_ONE_MATERIAL_FAMILY_OUT,Leakage_Group_Material_WITH_CONSERVATIVE_FALLBACK,31,1,16,1,26,5,1,0,True,False,0,1,1,0,0,1,M3_PLUS_PROCESSING,18,1,FORBIDDEN_RELATED_GROUPS_CROSS_TRAIN_VALIDATION,Only 5 TRIP negatives across 4 strict groups; M2 retains 2 negatives across 2 strict groups; Strict/paper/material relatedness crosses the partition,INVALID_GROUP_LEAKAGE,"Deterministic leave-one-group-out fold holding P012_MAT_C; group independence takes precedence over exact stratification; no row-random split, resampling, or model fitting.",17,9,NOT_FEASIBLE,P012_MAT_C,16,2,1,0,26,5,1,0,20,6,1,0,1,5,4,16,0,0,0,1
T1_TRIP,T1_LOMFO_F09_P012_MAT_C,LEAVE_ONE_MATERIAL_FAMILY_OUT,Leakage_Group_Material_WITH_CONSERVATIVE_FALLBACK,31,1,16,1,26,5,1,0,True,False,0,1,1,0,0,1,M4_PLUS_PHYSICS,18,1,FORBIDDEN_RELATED_GROUPS_CROSS_TRAIN_VALIDATION,Only 5 TRIP negatives across 4 strict groups; M2 retains 2 negatives across 2 strict groups; Strict/paper/material relatedness crosses the partition,INVALID_GROUP_LEAKAGE,"Deterministic leave-one-group-out fold holding P012_MAT_C; group independence takes precedence over exact stratification; no row-random split, resampling, or model fitting.",17,9,NOT_FEASIBLE,P012_MAT_C,16,2,1,0,26,5,1,0,20,6,1,0,1,5,4,16,0,0,0,1
T1_TRIP,T1_LOMFO_F09_P012_MAT_C,LEAVE_ONE_MATERIAL_FAMILY_OUT,Leakage_Group_Material_WITH_CONSERVATIVE_FALLBACK,31,1,16,1,26,5,1,0,True,False,0,1,1,0,0,1,M5_PLUS_INITIAL_MICROSTRUCTURE,15,1,FORBIDDEN_RELATED_GROUPS_CROSS_TRAIN_VALIDATION,Only 5 TRIP negatives across 4 strict groups; M2 retains 2 negatives across 2 strict groups; Strict/paper/material relatedness crosses the partition,INVALID_GROUP_LEAKAGE,"Deterministic leave-one-group-out fold holding P012_MAT_C; group independence takes precedence over exact stratification; no row-random split, resampling, or model fitting.",17,9,NOT_FEASIBLE,P012_MAT_C,15,0,1,0,26,5,1,0,20,6,1,0,1,5,4,16,0,0,0,1
T1_TRIP,T1_LOMFO_F10_P012_MAT_MO,LEAVE_ONE_MATERIAL_FAMILY_OUT,Leakage_Group_Material_WITH_CONSERVATIVE_FALLBACK,31,1,16,1,26,5,1,0,True,False,0,1,1,0,0,1,M1_CHEMISTRY,23,1,FORBIDDEN_RELATED_GROUPS_CROSS_TRAIN_VALIDATION,Only 5 TRIP negatives across 4 strict groups; M2 retains 2 negatives across 2 strict groups; Strict/paper/material relatedness crosses the partition,INVALID_GROUP_LEAKAGE,"Deterministic leave-one-group-out fold holding P012_MAT_MO; group independence takes precedence over exact stratification; no row-random split, resampling, or model fitting.",17,10,NOT_FEASIBLE,P012_MAT_MO,20,3,1,0,26,5,1,0,21,6,0,0,1,5,4,17,0,0,0,0
T1_TRIP,T1_LOMFO_F10_P012_MAT_MO,LEAVE_ONE_MATERIAL_FAMILY_OUT,Leakage_Group_Material_WITH_CONSERVATIVE_FALLBACK,31,1,16,1,26,5,1,0,True,False,0,1,1,0,0,1,M2_CHEMISTRY_PLUS_TEST,18,1,FORBIDDEN_RELATED_GROUPS_CROSS_TRAIN_VALIDATION,Only 5 TRIP negatives across 4 strict groups; M2 retains 2 negatives across 2 strict groups; Strict/paper/material relatedness crosses the partition,INVALID_GROUP_LEAKAGE,"Deterministic leave-one-group-out fold holding P012_MAT_MO; group independence takes precedence over exact stratification; no row-random split, resampling, or model fitting.",17,10,NOT_FEASIBLE,P012_MAT_MO,16,2,1,0,26,5,1,0,21,6,0,0,1,5,4,17,0,0,0,0
T1_TRIP,T1_LOMFO_F10_P012_MAT_MO,LEAVE_ONE_MATERIAL_FAMILY_OUT,Leakage_Group_Material_WITH_CONSERVATIVE_FALLBACK,31,1,16,1,26,5,1,0,True,False,0,1,1,0,0,1,M3_PLUS_PROCESSING,18,1,FORBIDDEN_RELATED_GROUPS_CROSS_TRAIN_VALIDATION,Only 5 TRIP negatives across 4 strict groups; M2 retains 2 negatives across 2 strict groups; Strict/paper/material relatedness crosses the partition,INVALID_GROUP_LEAKAGE,"Deterministic leave-one-group-out fold holding P012_MAT_MO; group independence takes precedence over exact stratification; no row-random split, resampling, or model fitting.",17,10,NOT_FEASIBLE,P012_MAT_MO,16,2,1,0,26,5,1,0,21,6,0,0,1,5,4,17,0,0,0,0
T1_TRIP,T1_LOMFO_F10_P012_MAT_MO,LEAVE_ONE_MATERIAL_FAMILY_OUT,Leakage_Group_Material_WITH_CONSERVATIVE_FALLBACK,31,1,16,1,26,5,1,0,True,False,0,1,1,0,0,1,M4_PLUS_PHYSICS,18,1,FORBIDDEN_RELATED_GROUPS_CROSS_TRAIN_VALIDATION,Only 5 TRIP negatives across 4 strict groups; M2 retains 2 negatives across 2 strict groups; Strict/paper/material relatedness crosses the partition,INVALID_GROUP_LEAKAGE,"Deterministic leave-one-group-out fold holding P012_MAT_MO; group independence takes precedence over exact stratification; no row-random split, resampling, or model fitting.",17,10,NOT_FEASIBLE,P012_MAT_MO,16,2,1,0,26,5,1,0,21,6,0,0,1,5,4,17,0,0,0,0
T1_TRIP,T1_LOMFO_F10_P012_MAT_MO,LEAVE_ONE_MATERIAL_FAMILY_OUT,Leakage_Group_Material_WITH_CONSERVATIVE_FALLBACK,31,1,16,1,26,5,1,0,True,False,0,1,1,0,0,1,M5_PLUS_INITIAL_MICROSTRUCTURE,15,1,FORBIDDEN_RELATED_GROUPS_CROSS_TRAIN_VALIDATION,Only 5 TRIP negatives across 4 strict groups; M2 retains 2 negatives across 2 strict groups; Strict/paper/material relatedness crosses the partition,INVALID_GROUP_LEAKAGE,"Deterministic leave-one-group-out fold holding P012_MAT_MO; group independence takes precedence over exact stratification; no row-random split, resampling, or model fitting.",17,10,NOT_FEASIBLE,P012_MAT_MO,15,0,1,0,26,5,1,0,21,6,0,0,1,5,4,17,0,0,0,0
T1_TRIP,T1_LOMFO_F11_P013_MAT_ASCAST,LEAVE_ONE_MATERIAL_FAMILY_OUT,Leakage_Group_Material_WITH_CONSERVATIVE_FALLBACK,31,1,16,1,26,5,1,0,True,False,0,0,0,0,1,0,M1_CHEMISTRY,23,1,ZERO_PROVENANCE_GROUP_OVERLAP; EXACT_SOURCE_ALLOY_FAMILY_OVERLAP_LIMITS_G2,Only 5 TRIP negatives across 4 strict groups; M2 retains 2 negatives across 2 strict groups; At least one required class is absent from training or validation,INVALID_CLASS_SUPPORT,"Deterministic leave-one-group-out fold holding P013_MAT_ASCAST; group independence takes precedence over exact stratification; no row-random split, resampling, or model fitting.",17,11,NOT_FEASIBLE,P013_MAT_ASCAST,20,3,1,0,26,5,1,0,20,6,1,0,1,5,4,16,0,0,0,1
T1_TRIP,T1_LOMFO_F11_P013_MAT_ASCAST,LEAVE_ONE_MATERIAL_FAMILY_OUT,Leakage_Group_Material_WITH_CONSERVATIVE_FALLBACK,31,1,16,1,26,5,1,0,True,False,0,0,0,0,1,0,M2_CHEMISTRY_PLUS_TEST,19,0,ZERO_PROVENANCE_GROUP_OVERLAP; EXACT_SOURCE_ALLOY_FAMILY_OVERLAP_LIMITS_G2,Only 5 TRIP negatives across 4 strict groups; M2 retains 2 negatives across 2 strict groups; At least one required class is absent from training or validation,INVALID_CLASS_SUPPORT,"Deterministic leave-one-group-out fold holding P013_MAT_ASCAST; group independence takes precedence over exact stratification; no row-random split, resampling, or model fitting.",17,11,NOT_FEASIBLE,P013_MAT_ASCAST,17,2,0,0,26,5,1,0,20,6,1,0,1,5,4,16,0,0,0,1
T1_TRIP,T1_LOMFO_F11_P013_MAT_ASCAST,LEAVE_ONE_MATERIAL_FAMILY_OUT,Leakage_Group_Material_WITH_CONSERVATIVE_FALLBACK,31,1,16,1,26,5,1,0,True,False,0,0,0,0,1,0,M3_PLUS_PROCESSING,19,0,ZERO_PROVENANCE_GROUP_OVERLAP; EXACT_SOURCE_ALLOY_FAMILY_OVERLAP_LIMITS_G2,Only 5 TRIP negatives across 4 strict groups; M2 retains 2 negatives across 2 strict groups; At least one required class is absent from training or validation,INVALID_CLASS_SUPPORT,"Deterministic leave-one-group-out fold holding P013_MAT_ASCAST; group independence takes precedence over exact stratification; no row-random split, resampling, or model fitting.",17,11,NOT_FEASIBLE,P013_MAT_ASCAST,17,2,0,0,26,5,1,0,20,6,1,0,1,5,4,16,0,0,0,1
T1_TRIP,T1_LOMFO_F11_P013_MAT_ASCAST,LEAVE_ONE_MATERIAL_FAMILY_OUT,Leakage_Group_Material_WITH_CONSERVATIVE_FALLBACK,31,1,16,1,26,5,1,0,True,False,0,0,0,0,1,0,M4_PLUS_PHYSICS,19,0,ZERO_PROVENANCE_GROUP_OVERLAP; EXACT_SOURCE_ALLOY_FAMILY_OVERLAP_LIMITS_G2,Only 5 TRIP negatives across 4 strict groups; M2 retains 2 negatives across 2 strict groups; At least one required class is absent from training or validation,INVALID_CLASS_SUPPORT,"Deterministic leave-one-group-out fold holding P013_MAT_ASCAST; group independence takes precedence over exact stratification; no row-random split, resampling, or model fitting.",17,11,NOT_FEASIBLE,P013_MAT_ASCAST,17,2,0,0,26,5,1,0,20,6,1,0,1,5,4,16,0,0,0,1
T1_TRIP,T1_LOMFO_F11_P013_MAT_ASCAST,LEAVE_ONE_MATERIAL_FAMILY_OUT,Leakage_Group_Material_WITH_CONSERVATIVE_FALLBACK,31,1,16,1,26,5,1,0,True,False,0,0,0,0,1,0,M5_PLUS_INITIAL_MICROSTRUCTURE,16,0,ZERO_PROVENANCE_GROUP_OVERLAP; EXACT_SOURCE_ALLOY_FAMILY_OVERLAP_LIMITS_G2,Only 5 TRIP negatives across 4 strict groups; M2 retains 2 negatives across 2 strict groups; At least one required class is absent from training or validation,INVALID_CLASS_SUPPORT,"Deterministic leave-one-group-out fold holding P013_MAT_ASCAST; group independence takes precedence over exact stratification; no row-random split, resampling, or model fitting.",17,11,NOT_FEASIBLE,P013_MAT_ASCAST,16,0,0,0,26,5,1,0,20,6,1,0,1,5,4,16,0,0,0,1
T1_TRIP,T1_LOMFO_F12_P014_MAT_FE50MN30CO10CR10,LEAVE_ONE_MATERIAL_FAMILY_OUT,Leakage_Group_Material_WITH_CONSERVATIVE_FALLBACK,31,1,16,1,26,5,1,0,True,False,0,0,0,0,1,0,M1_CHEMISTRY,23,1,ZERO_PROVENANCE_GROUP_OVERLAP; EXACT_SOURCE_ALLOY_FAMILY_OVERLAP_LIMITS_G2,Only 5 TRIP negatives across 4 strict groups; M2 retains 2 negatives across 2 strict groups; At least one required class is absent from training or validation,INVALID_CLASS_SUPPORT,"Deterministic leave-one-group-out fold holding P014_MAT_FE50MN30CO10CR10; group independence takes precedence over exact stratification; no row-random split, resampling, or model fitting.",17,12,NOT_FEASIBLE,P014_MAT_FE50MN30CO10CR10,20,3,1,0,26,5,1,0,20,6,1,0,1,5,4,16,0,0,0,1
T1_TRIP,T1_LOMFO_F12_P014_MAT_FE50MN30CO10CR10,LEAVE_ONE_MATERIAL_FAMILY_OUT,Leakage_Group_Material_WITH_CONSERVATIVE_FALLBACK,31,1,16,1,26,5,1,0,True,False,0,0,0,0,1,0,M2_CHEMISTRY_PLUS_TEST,19,0,ZERO_PROVENANCE_GROUP_OVERLAP; EXACT_SOURCE_ALLOY_FAMILY_OVERLAP_LIMITS_G2,Only 5 TRIP negatives across 4 strict groups; M2 retains 2 negatives across 2 strict groups; At least one required class is absent from training or validation,INVALID_CLASS_SUPPORT,"Deterministic leave-one-group-out fold holding P014_MAT_FE50MN30CO10CR10; group independence takes precedence over exact stratification; no row-random split, resampling, or model fitting.",17,12,NOT_FEASIBLE,P014_MAT_FE50MN30CO10CR10,17,2,0,0,26,5,1,0,20,6,1,0,1,5,4,16,0,0,0,1
T1_TRIP,T1_LOMFO_F12_P014_MAT_FE50MN30CO10CR10,LEAVE_ONE_MATERIAL_FAMILY_OUT,Leakage_Group_Material_WITH_CONSERVATIVE_FALLBACK,31,1,16,1,26,5,1,0,True,False,0,0,0,0,1,0,M3_PLUS_PROCESSING,19,0,ZERO_PROVENANCE_GROUP_OVERLAP; EXACT_SOURCE_ALLOY_FAMILY_OVERLAP_LIMITS_G2,Only 5 TRIP negatives across 4 strict groups; M2 retains 2 negatives across 2 strict groups; At least one required class is absent from training or validation,INVALID_CLASS_SUPPORT,"Deterministic leave-one-group-out fold holding P014_MAT_FE50MN30CO10CR10; group independence takes precedence over exact stratification; no row-random split, resampling, or model fitting.",17,12,NOT_FEASIBLE,P014_MAT_FE50MN30CO10CR10,17,2,0,0,26,5,1,0,20,6,1,0,1,5,4,16,0,0,0,1
T1_TRIP,T1_LOMFO_F12_P014_MAT_FE50MN30CO10CR10,LEAVE_ONE_MATERIAL_FAMILY_OUT,Leakage_Group_Material_WITH_CONSERVATIVE_FALLBACK,31,1,16,1,26,5,1,0,True,False,0,0,0,0,1,0,M4_PLUS_PHYSICS,19,0,ZERO_PROVENANCE_GROUP_OVERLAP; EXACT_SOURCE_ALLOY_FAMILY_OVERLAP_LIMITS_G2,Only 5 TRIP negatives across 4 strict groups; M2 retains 2 negatives across 2 strict groups; At least one required class is absent from training or validation,INVALID_CLASS_SUPPORT,"Deterministic leave-one-group-out fold holding P014_MAT_FE50MN30CO10CR10; group independence takes precedence over exact stratification; no row-random split, resampling, or model fitting.",17,12,NOT_FEASIBLE,P014_MAT_FE50MN30CO10CR10,17,2,0,0,26,5,1,0,20,6,1,0,1,5,4,16,0,0,0,1
T1_TRIP,T1_LOMFO_F12_P014_MAT_FE50MN30CO10CR10,LEAVE_ONE_MATERIAL_FAMILY_OUT,Leakage_Group_Material_WITH_CONSERVATIVE_FALLBACK,31,1,16,1,26,5,1,0,True,False,0,0,0,0,1,0,M5_PLUS_INITIAL_MICROSTRUCTURE,16,0,ZERO_PROVENANCE_GROUP_OVERLAP; EXACT_SOURCE_ALLOY_FAMILY_OVERLAP_LIMITS_G2,Only 5 TRIP negatives across 4 strict groups; M2 retains 2 negatives across 2 strict groups; At least one required class is absent from training or validation,INVALID_CLASS_SUPPORT,"Deterministic leave-one-group-out fold holding P014_MAT_FE50MN30CO10CR10; group independence takes precedence over exact stratification; no row-random split, resampling, or model fitting.",17,12,NOT_FEASIBLE,P014_MAT_FE50MN30CO10CR10,16,0,0,0,26,5,1,0,20,6,1,0,1,5,4,16,0,0,0,1
T1_TRIP,T1_LOMFO_F13_P015_MAT_FE50MN20CR20NI10,LEAVE_ONE_MATERIAL_FAMILY_OUT,Leakage_Group_Material_WITH_CONSERVATIVE_FALLBACK,30,2,16,1,26,4,1,1,True,True,0,0,0,0,0,0,M1_CHEMISTRY,24,0,ZERO_PAPER_STUDY_MATERIAL_STRICT_AND_EXACT_SOURCE_FAMILY_OVERLAP,Only 5 TRIP negatives across 4 strict groups; M2 retains 2 negatives across 2 strict groups,EXPLORATORY_ONLY,"Deterministic leave-one-group-out fold holding P015_MAT_FE50MN20CR20NI10; group independence takes precedence over exact stratification; no row-random split, resampling, or model fitting.",17,13,NOT_FEASIBLE,P015_MAT_FE50MN20CR20NI10,21,3,0,0,26,4,1,1,19,6,2,0,1,5,3,16,0,0,1,1
T1_TRIP,T1_LOMFO_F13_P015_MAT_FE50MN20CR20NI10,LEAVE_ONE_MATERIAL_FAMILY_OUT,Leakage_Group_Material_WITH_CONSERVATIVE_FALLBACK,30,2,16,1,26,4,1,1,True,True,0,0,0,0,0,0,M2_CHEMISTRY_PLUS_TEST,19,0,ZERO_PAPER_STUDY_MATERIAL_STRICT_AND_EXACT_SOURCE_FAMILY_OVERLAP,Only 5 TRIP negatives across 4 strict groups; M2 retains 2 negatives across 2 strict groups,EXPLORATORY_ONLY,"Deterministic leave-one-group-out fold holding P015_MAT_FE50MN20CR20NI10; group independence takes precedence over exact stratification; no row-random split, resampling, or model fitting.",17,13,NOT_FEASIBLE,P015_MAT_FE50MN20CR20NI10,17,2,0,0,26,4,1,1,19,6,2,0,1,5,3,16,0,0,1,1
T1_TRIP,T1_LOMFO_F13_P015_MAT_FE50MN20CR20NI10,LEAVE_ONE_MATERIAL_FAMILY_OUT,Leakage_Group_Material_WITH_CONSERVATIVE_FALLBACK,30,2,16,1,26,4,1,1,True,True,0,0,0,0,0,0,M3_PLUS_PROCESSING,19,0,ZERO_PAPER_STUDY_MATERIAL_STRICT_AND_EXACT_SOURCE_FAMILY_OVERLAP,Only 5 TRIP negatives across 4 strict groups; M2 retains 2 negatives across 2 strict groups,EXPLORATORY_ONLY,"Deterministic leave-one-group-out fold holding P015_MAT_FE50MN20CR20NI10; group independence takes precedence over exact stratification; no row-random split, resampling, or model fitting.",17,13,NOT_FEASIBLE,P015_MAT_FE50MN20CR20NI10,17,2,0,0,26,4,1,1,19,6,2,0,1,5,3,16,0,0,1,1
T1_TRIP,T1_LOMFO_F13_P015_MAT_FE50MN20CR20NI10,LEAVE_ONE_MATERIAL_FAMILY_OUT,Leakage_Group_Material_WITH_CONSERVATIVE_FALLBACK,30,2,16,1,26,4,1,1,True,True,0,0,0,0,0,0,M4_PLUS_PHYSICS,19,0,ZERO_PAPER_STUDY_MATERIAL_STRICT_AND_EXACT_SOURCE_FAMILY_OVERLAP,Only 5 TRIP negatives across 4 strict groups; M2 retains 2 negatives across 2 strict groups,EXPLORATORY_ONLY,"Deterministic leave-one-group-out fold holding P015_MAT_FE50MN20CR20NI10; group independence takes precedence over exact stratification; no row-random split, resampling, or model fitting.",17,13,NOT_FEASIBLE,P015_MAT_FE50MN20CR20NI10,17,2,0,0,26,4,1,1,19,6,2,0,1,5,3,16,0,0,1,1
T1_TRIP,T1_LOMFO_F13_P015_MAT_FE50MN20CR20NI10,LEAVE_ONE_MATERIAL_FAMILY_OUT,Leakage_Group_Material_WITH_CONSERVATIVE_FALLBACK,30,2,16,1,26,4,1,1,True,True,0,0,0,0,0,0,M5_PLUS_INITIAL_MICROSTRUCTURE,16,0,ZERO_PAPER_STUDY_MATERIAL_STRICT_AND_EXACT_SOURCE_FAMILY_OVERLAP,Only 5 TRIP negatives across 4 strict groups; M2 retains 2 negatives across 2 strict groups,EXPLORATORY_ONLY,"Deterministic leave-one-group-out fold holding P015_MAT_FE50MN20CR20NI10; group independence takes precedence over exact stratification; no row-random split, resampling, or model fitting.",17,13,NOT_FEASIBLE,P015_MAT_FE50MN20CR20NI10,16,0,0,0,26,4,1,1,19,6,2,0,1,5,3,16,0,0,1,1
T1_TRIP,T1_LOMFO_F14_PAPER_FALLBACK_P001,LEAVE_ONE_MATERIAL_FAMILY_OUT,Leakage_Group_Material_WITH_CONSERVATIVE_FALLBACK,29,3,16,1,24,5,3,0,True,False,0,0,0,0,0,0,M1_CHEMISTRY,21,3,ZERO_PAPER_STUDY_MATERIAL_STRICT_AND_EXACT_SOURCE_FAMILY_OVERLAP,Only 5 TRIP negatives across 4 strict groups; M2 retains 2 negatives across 2 strict groups; At least one required class is absent from training or validation,INVALID_CLASS_SUPPORT,"Deterministic leave-one-group-out fold holding PAPER_FALLBACK::P001; group independence takes precedence over exact stratification; no row-random split, resampling, or model fitting.",17,14,NOT_FEASIBLE,PAPER_FALLBACK::P001,18,3,3,0,24,5,3,0,21,3,0,3,1,2,4,17,0,3,0,0
T1_TRIP,T1_LOMFO_F14_PAPER_FALLBACK_P001,LEAVE_ONE_MATERIAL_FAMILY_OUT,Leakage_Group_Material_WITH_CONSERVATIVE_FALLBACK,29,3,16,1,24,5,3,0,True,False,0,0,0,0,0,0,M2_CHEMISTRY_PLUS_TEST,16,3,ZERO_PAPER_STUDY_MATERIAL_STRICT_AND_EXACT_SOURCE_FAMILY_OVERLAP,Only 5 TRIP negatives across 4 strict groups; M2 retains 2 negatives across 2 strict groups; At least one required class is absent from training or validation,INVALID_CLASS_SUPPORT,"Deterministic leave-one-group-out fold holding PAPER_FALLBACK::P001; group independence takes precedence over exact stratification; no row-random split, resampling, or model fitting.",17,14,NOT_FEASIBLE,PAPER_FALLBACK::P001,14,2,3,0,24,5,3,0,21,3,0,3,1,2,4,17,0,3,0,0
T1_TRIP,T1_LOMFO_F14_PAPER_FALLBACK_P001,LEAVE_ONE_MATERIAL_FAMILY_OUT,Leakage_Group_Material_WITH_CONSERVATIVE_FALLBACK,29,3,16,1,24,5,3,0,True,False,0,0,0,0,0,0,M3_PLUS_PROCESSING,16,3,ZERO_PAPER_STUDY_MATERIAL_STRICT_AND_EXACT_SOURCE_FAMILY_OVERLAP,Only 5 TRIP negatives across 4 strict groups; M2 retains 2 negatives across 2 strict groups; At least one required class is absent from training or validation,INVALID_CLASS_SUPPORT,"Deterministic leave-one-group-out fold holding PAPER_FALLBACK::P001; group independence takes precedence over exact stratification; no row-random split, resampling, or model fitting.",17,14,NOT_FEASIBLE,PAPER_FALLBACK::P001,14,2,3,0,24,5,3,0,21,3,0,3,1,2,4,17,0,3,0,0
T1_TRIP,T1_LOMFO_F14_PAPER_FALLBACK_P001,LEAVE_ONE_MATERIAL_FAMILY_OUT,Leakage_Group_Material_WITH_CONSERVATIVE_FALLBACK,29,3,16,1,24,5,3,0,True,False,0,0,0,0,0,0,M4_PLUS_PHYSICS,16,3,ZERO_PAPER_STUDY_MATERIAL_STRICT_AND_EXACT_SOURCE_FAMILY_OVERLAP,Only 5 TRIP negatives across 4 strict groups; M2 retains 2 negatives across 2 strict groups; At least one required class is absent from training or validation,INVALID_CLASS_SUPPORT,"Deterministic leave-one-group-out fold holding PAPER_FALLBACK::P001; group independence takes precedence over exact stratification; no row-random split, resampling, or model fitting.",17,14,NOT_FEASIBLE,PAPER_FALLBACK::P001,14,2,3,0,24,5,3,0,21,3,0,3,1,2,4,17,0,3,0,0
T1_TRIP,T1_LOMFO_F14_PAPER_FALLBACK_P001,LEAVE_ONE_MATERIAL_FAMILY_OUT,Leakage_Group_Material_WITH_CONSERVATIVE_FALLBACK,29,3,16,1,24,5,3,0,True,False,0,0,0,0,0,0,M5_PLUS_INITIAL_MICROSTRUCTURE,13,3,ZERO_PAPER_STUDY_MATERIAL_STRICT_AND_EXACT_SOURCE_FAMILY_OVERLAP,Only 5 TRIP negatives across 4 strict groups; M2 retains 2 negatives across 2 strict groups; At least one required class is absent from training or validation,INVALID_CLASS_SUPPORT,"Deterministic leave-one-group-out fold holding PAPER_FALLBACK::P001; group independence takes precedence over exact stratification; no row-random split, resampling, or model fitting.",17,14,NOT_FEASIBLE,PAPER_FALLBACK::P001,13,0,3,0,24,5,3,0,21,3,0,3,1,2,4,17,0,3,0,0
T1_TRIP,T1_LOMFO_F15_PAPER_FALLBACK_P002,LEAVE_ONE_MATERIAL_FAMILY_OUT,Leakage_Group_Material_WITH_CONSERVATIVE_FALLBACK,29,3,16,1,25,4,2,1,True,True,0,0,0,0,0,0,M1_CHEMISTRY,21,3,ZERO_PAPER_STUDY_MATERIAL_STRICT_AND_EXACT_SOURCE_FAMILY_OVERLAP,Only 5 TRIP negatives across 4 strict groups; M2 retains 2 negatives across 2 strict groups,EXPLORATORY_ONLY,"Deterministic leave-one-group-out fold holding PAPER_FALLBACK::P002; group independence takes precedence over exact stratification; no row-random split, resampling, or model fitting.",17,15,NOT_FEASIBLE,PAPER_FALLBACK::P002,19,2,2,1,25,4,2,1,19,5,2,1,0,5,4,15,1,0,0,2
T1_TRIP,T1_LOMFO_F15_PAPER_FALLBACK_P002,LEAVE_ONE_MATERIAL_FAMILY_OUT,Leakage_Group_Material_WITH_CONSERVATIVE_FALLBACK,29,3,16,1,25,4,2,1,True,True,0,0,0,0,0,0,M2_CHEMISTRY_PLUS_TEST,16,3,ZERO_PAPER_STUDY_MATERIAL_STRICT_AND_EXACT_SOURCE_FAMILY_OVERLAP,Only 5 TRIP negatives across 4 strict groups; M2 retains 2 negatives across 2 strict groups,EXPLORATORY_ONLY,"Deterministic leave-one-group-out fold holding PAPER_FALLBACK::P002; group independence takes precedence over exact stratification; no row-random split, resampling, or model fitting.",17,15,NOT_FEASIBLE,PAPER_FALLBACK::P002,15,1,2,1,25,4,2,1,19,5,2,1,0,5,4,15,1,0,0,2
T1_TRIP,T1_LOMFO_F15_PAPER_FALLBACK_P002,LEAVE_ONE_MATERIAL_FAMILY_OUT,Leakage_Group_Material_WITH_CONSERVATIVE_FALLBACK,29,3,16,1,25,4,2,1,True,True,0,0,0,0,0,0,M3_PLUS_PROCESSING,16,3,ZERO_PAPER_STUDY_MATERIAL_STRICT_AND_EXACT_SOURCE_FAMILY_OVERLAP,Only 5 TRIP negatives across 4 strict groups; M2 retains 2 negatives across 2 strict groups,EXPLORATORY_ONLY,"Deterministic leave-one-group-out fold holding PAPER_FALLBACK::P002; group independence takes precedence over exact stratification; no row-random split, resampling, or model fitting.",17,15,NOT_FEASIBLE,PAPER_FALLBACK::P002,15,1,2,1,25,4,2,1,19,5,2,1,0,5,4,15,1,0,0,2
T1_TRIP,T1_LOMFO_F15_PAPER_FALLBACK_P002,LEAVE_ONE_MATERIAL_FAMILY_OUT,Leakage_Group_Material_WITH_CONSERVATIVE_FALLBACK,29,3,16,1,25,4,2,1,True,True,0,0,0,0,0,0,M4_PLUS_PHYSICS,16,3,ZERO_PAPER_STUDY_MATERIAL_STRICT_AND_EXACT_SOURCE_FAMILY_OVERLAP,Only 5 TRIP negatives across 4 strict groups; M2 retains 2 negatives across 2 strict groups,EXPLORATORY_ONLY,"Deterministic leave-one-group-out fold holding PAPER_FALLBACK::P002; group independence takes precedence over exact stratification; no row-random split, resampling, or model fitting.",17,15,NOT_FEASIBLE,PAPER_FALLBACK::P002,15,1,2,1,25,4,2,1,19,5,2,1,0,5,4,15,1,0,0,2
T1_TRIP,T1_LOMFO_F15_PAPER_FALLBACK_P002,LEAVE_ONE_MATERIAL_FAMILY_OUT,Leakage_Group_Material_WITH_CONSERVATIVE_FALLBACK,29,3,16,1,25,4,2,1,True,True,0,0,0,0,0,0,M5_PLUS_INITIAL_MICROSTRUCTURE,15,1,ZERO_PAPER_STUDY_MATERIAL_STRICT_AND_EXACT_SOURCE_FAMILY_OVERLAP,Only 5 TRIP negatives across 4 strict groups; M2 retains 2 negatives across 2 strict groups,EXPLORATORY_ONLY,"Deterministic leave-one-group-out fold holding PAPER_FALLBACK::P002; group independence takes precedence over exact stratification; no row-random split, resampling, or model fitting.",17,15,NOT_FEASIBLE,PAPER_FALLBACK::P002,15,0,1,0,25,4,2,1,19,5,2,1,0,5,4,15,1,0,0,2
T1_TRIP,T1_LOMFO_F16_PAPER_FALLBACK_P003,LEAVE_ONE_MATERIAL_FAMILY_OUT,Leakage_Group_Material_WITH_CONSERVATIVE_FALLBACK,29,3,16,1,24,5,3,0,True,False,0,0,0,0,1,0,M1_CHEMISTRY,21,3,ZERO_PROVENANCE_GROUP_OVERLAP; EXACT_SOURCE_ALLOY_FAMILY_OVERLAP_LIMITS_G2,Only 5 TRIP negatives across 4 strict groups; M2 retains 2 negatives across 2 strict groups; At least one required class is absent from training or validation,INVALID_CLASS_SUPPORT,"Deterministic leave-one-group-out fold holding PAPER_FALLBACK::P003; group independence takes precedence over exact stratification; no row-random split, resampling, or model fitting.",17,16,NOT_FEASIBLE,PAPER_FALLBACK::P003,18,3,3,0,24,5,3,0,18,6,3,0,1,5,4,14,0,0,0,3
T1_TRIP,T1_LOMFO_F16_PAPER_FALLBACK_P003,LEAVE_ONE_MATERIAL_FAMILY_OUT,Leakage_Group_Material_WITH_CONSERVATIVE_FALLBACK,29,3,16,1,24,5,3,0,True,False,0,0,0,0,1,0,M2_CHEMISTRY_PLUS_TEST,16,3,ZERO_PROVENANCE_GROUP_OVERLAP; EXACT_SOURCE_ALLOY_FAMILY_OVERLAP_LIMITS_G2,Only 5 TRIP negatives across 4 strict groups; M2 retains 2 negatives across 2 strict groups; At least one required class is absent from training or validation,INVALID_CLASS_SUPPORT,"Deterministic leave-one-group-out fold holding PAPER_FALLBACK::P003; group independence takes precedence over exact stratification; no row-random split, resampling, or model fitting.",17,16,NOT_FEASIBLE,PAPER_FALLBACK::P003,14,2,3,0,24,5,3,0,18,6,3,0,1,5,4,14,0,0,0,3
T1_TRIP,T1_LOMFO_F16_PAPER_FALLBACK_P003,LEAVE_ONE_MATERIAL_FAMILY_OUT,Leakage_Group_Material_WITH_CONSERVATIVE_FALLBACK,29,3,16,1,24,5,3,0,True,False,0,0,0,0,1,0,M3_PLUS_PROCESSING,16,3,ZERO_PROVENANCE_GROUP_OVERLAP; EXACT_SOURCE_ALLOY_FAMILY_OVERLAP_LIMITS_G2,Only 5 TRIP negatives across 4 strict groups; M2 retains 2 negatives across 2 strict groups; At least one required class is absent from training or validation,INVALID_CLASS_SUPPORT,"Deterministic leave-one-group-out fold holding PAPER_FALLBACK::P003; group independence takes precedence over exact stratification; no row-random split, resampling, or model fitting.",17,16,NOT_FEASIBLE,PAPER_FALLBACK::P003,14,2,3,0,24,5,3,0,18,6,3,0,1,5,4,14,0,0,0,3
T1_TRIP,T1_LOMFO_F16_PAPER_FALLBACK_P003,LEAVE_ONE_MATERIAL_FAMILY_OUT,Leakage_Group_Material_WITH_CONSERVATIVE_FALLBACK,29,3,16,1,24,5,3,0,True,False,0,0,0,0,1,0,M4_PLUS_PHYSICS,16,3,ZERO_PROVENANCE_GROUP_OVERLAP; EXACT_SOURCE_ALLOY_FAMILY_OVERLAP_LIMITS_G2,Only 5 TRIP negatives across 4 strict groups; M2 retains 2 negatives across 2 strict groups; At least one required class is absent from training or validation,INVALID_CLASS_SUPPORT,"Deterministic leave-one-group-out fold holding PAPER_FALLBACK::P003; group independence takes precedence over exact stratification; no row-random split, resampling, or model fitting.",17,16,NOT_FEASIBLE,PAPER_FALLBACK::P003,14,2,3,0,24,5,3,0,18,6,3,0,1,5,4,14,0,0,0,3
T1_TRIP,T1_LOMFO_F16_PAPER_FALLBACK_P003,LEAVE_ONE_MATERIAL_FAMILY_OUT,Leakage_Group_Material_WITH_CONSERVATIVE_FALLBACK,29,3,16,1,24,5,3,0,True,False,0,0,0,0,1,0,M5_PLUS_INITIAL_MICROSTRUCTURE,13,3,ZERO_PROVENANCE_GROUP_OVERLAP; EXACT_SOURCE_ALLOY_FAMILY_OVERLAP_LIMITS_G2,Only 5 TRIP negatives across 4 strict groups; M2 retains 2 negatives across 2 strict groups; At least one required class is absent from training or validation,INVALID_CLASS_SUPPORT,"Deterministic leave-one-group-out fold holding PAPER_FALLBACK::P003; group independence takes precedence over exact stratification; no row-random split, resampling, or model fitting.",17,16,NOT_FEASIBLE,PAPER_FALLBACK::P003,13,0,3,0,24,5,3,0,18,6,3,0,1,5,4,14,0,0,0,3
T1_TRIP,T1_LOMFO_F17_PAPER_FALLBACK_P016,LEAVE_ONE_MATERIAL_FAMILY_OUT,Leakage_Group_Material_WITH_CONSERVATIVE_FALLBACK,29,3,16,1,24,5,3,0,True,False,0,0,0,0,0,0,M1_CHEMISTRY,24,0,ZERO_PAPER_STUDY_MATERIAL_STRICT_AND_EXACT_SOURCE_FAMILY_OVERLAP,Only 5 TRIP negatives across 4 strict groups; M2 retains 2 negatives across 2 strict groups; At least one required class is absent from training or validation,INVALID_CLASS_SUPPORT,"Deterministic leave-one-group-out fold holding PAPER_FALLBACK::P016; group independence takes precedence over exact stratification; no row-random split, resampling, or model fitting.",17,17,NOT_FEASIBLE,PAPER_FALLBACK::P016,21,3,0,0,24,5,3,0,20,6,1,0,1,5,4,16,0,0,0,1
T1_TRIP,T1_LOMFO_F17_PAPER_FALLBACK_P016,LEAVE_ONE_MATERIAL_FAMILY_OUT,Leakage_Group_Material_WITH_CONSERVATIVE_FALLBACK,29,3,16,1,24,5,3,0,True,False,0,0,0,0,0,0,M2_CHEMISTRY_PLUS_TEST,19,0,ZERO_PAPER_STUDY_MATERIAL_STRICT_AND_EXACT_SOURCE_FAMILY_OVERLAP,Only 5 TRIP negatives across 4 strict groups; M2 retains 2 negatives across 2 strict groups; At least one required class is absent from training or validation,INVALID_CLASS_SUPPORT,"Deterministic leave-one-group-out fold holding PAPER_FALLBACK::P016; group independence takes precedence over exact stratification; no row-random split, resampling, or model fitting.",17,17,NOT_FEASIBLE,PAPER_FALLBACK::P016,17,2,0,0,24,5,3,0,20,6,1,0,1,5,4,16,0,0,0,1
T1_TRIP,T1_LOMFO_F17_PAPER_FALLBACK_P016,LEAVE_ONE_MATERIAL_FAMILY_OUT,Leakage_Group_Material_WITH_CONSERVATIVE_FALLBACK,29,3,16,1,24,5,3,0,True,False,0,0,0,0,0,0,M3_PLUS_PROCESSING,19,0,ZERO_PAPER_STUDY_MATERIAL_STRICT_AND_EXACT_SOURCE_FAMILY_OVERLAP,Only 5 TRIP negatives across 4 strict groups; M2 retains 2 negatives across 2 strict groups; At least one required class is absent from training or validation,INVALID_CLASS_SUPPORT,"Deterministic leave-one-group-out fold holding PAPER_FALLBACK::P016; group independence takes precedence over exact stratification; no row-random split, resampling, or model fitting.",17,17,NOT_FEASIBLE,PAPER_FALLBACK::P016,17,2,0,0,24,5,3,0,20,6,1,0,1,5,4,16,0,0,0,1
T1_TRIP,T1_LOMFO_F17_PAPER_FALLBACK_P016,LEAVE_ONE_MATERIAL_FAMILY_OUT,Leakage_Group_Material_WITH_CONSERVATIVE_FALLBACK,29,3,16,1,24,5,3,0,True,False,0,0,0,0,0,0,M4_PLUS_PHYSICS,19,0,ZERO_PAPER_STUDY_MATERIAL_STRICT_AND_EXACT_SOURCE_FAMILY_OVERLAP,Only 5 TRIP negatives across 4 strict groups; M2 retains 2 negatives across 2 strict groups; At least one required class is absent from training or validation,INVALID_CLASS_SUPPORT,"Deterministic leave-one-group-out fold holding PAPER_FALLBACK::P016; group independence takes precedence over exact stratification; no row-random split, resampling, or model fitting.",17,17,NOT_FEASIBLE,PAPER_FALLBACK::P016,17,2,0,0,24,5,3,0,20,6,1,0,1,5,4,16,0,0,0,1
T1_TRIP,T1_LOMFO_F17_PAPER_FALLBACK_P016,LEAVE_ONE_MATERIAL_FAMILY_OUT,Leakage_Group_Material_WITH_CONSERVATIVE_FALLBACK,29,3,16,1,24,5,3,0,True,False,0,0,0,0,0,0,M5_PLUS_INITIAL_MICROSTRUCTURE,16,0,ZERO_PAPER_STUDY_MATERIAL_STRICT_AND_EXACT_SOURCE_FAMILY_OVERLAP,Only 5 TRIP negatives across 4 strict groups; M2 retains 2 negatives across 2 strict groups; At least one required class is absent from training or validation,INVALID_CLASS_SUPPORT,"Deterministic leave-one-group-out fold holding PAPER_FALLBACK::P016; group independence takes precedence over exact stratification; no row-random split, resampling, or model fitting.",17,17,NOT_FEASIBLE,PAPER_FALLBACK::P016,16,0,0,0,24,5,3,0,20,6,1,0,1,5,4,16,0,0,0,1
T1_TRIP,T1_GKF_K2_F01,GROUP_K_FOLD_K2,Leakage_Group_Strict_WITH_PAPER_FALLBACK,16,16,6,6,12,4,15,1,True,True,0,0,0,0,1,0,M1_CHEMISTRY,8,16,ZERO_PROVENANCE_GROUP_OVERLAP; EXACT_SOURCE_ALLOY_FAMILY_OVERLAP_LIMITS_G2,Only 5 TRIP negatives across 4 strict groups; M2 retains 2 negatives across 2 strict groups,VALID_LIMITED,"Label-blind deterministic greedy group allocation by descending target-usable group size and lexical group ID; group independence takes precedence over exact stratification; no row-random split, resampling, or model fitting.",2,1,FEASIBLE,P007_SERIES01|P010_SERIES01|P011_SERIES01|P013_SERIES01|PAPER_FALLBACK::P001|PAPER_FALLBACK::P003,6,2,15,1,12,4,15,1,10,1,11,5,1,0,3,7,0,5,1,10
T1_TRIP,T1_GKF_K2_F01,GROUP_K_FOLD_K2,Leakage_Group_Strict_WITH_PAPER_FALLBACK,16,16,6,6,12,4,15,1,True,True,0,0,0,0,1,0,M2_CHEMISTRY_PLUS_TEST,7,12,ZERO_PROVENANCE_GROUP_OVERLAP; EXACT_SOURCE_ALLOY_FAMILY_OVERLAP_LIMITS_G2,Only 5 TRIP negatives across 4 strict groups; M2 retains 2 negatives across 2 strict groups; M2_CHEMISTRY_PLUS_TEST complete cases do not retain both target classes in training and validation,INVALID_CLASS_SUPPORT,"Label-blind deterministic greedy group allocation by descending target-usable group size and lexical group ID; group independence takes precedence over exact stratification; no row-random split, resampling, or model fitting.",2,1,TARGET_ROSTER_FEASIBLE; FEATURE_SET_NOT_FEASIBLE,P007_SERIES01|P010_SERIES01|P011_SERIES01|P013_SERIES01|PAPER_FALLBACK::P001|PAPER_FALLBACK::P003,5,2,12,0,12,4,15,1,10,1,11,5,1,0,3,7,0,5,1,10
T1_TRIP,T1_GKF_K2_F01,GROUP_K_FOLD_K2,Leakage_Group_Strict_WITH_PAPER_FALLBACK,16,16,6,6,12,4,15,1,True,True,0,0,0,0,1,0,M3_PLUS_PROCESSING,7,12,ZERO_PROVENANCE_GROUP_OVERLAP; EXACT_SOURCE_ALLOY_FAMILY_OVERLAP_LIMITS_G2,Only 5 TRIP negatives across 4 strict groups; M2 retains 2 negatives across 2 strict groups; M3_PLUS_PROCESSING complete cases do not retain both target classes in training and validation,INVALID_CLASS_SUPPORT,"Label-blind deterministic greedy group allocation by descending target-usable group size and lexical group ID; group independence takes precedence over exact stratification; no row-random split, resampling, or model fitting.",2,1,TARGET_ROSTER_FEASIBLE; FEATURE_SET_NOT_FEASIBLE,P007_SERIES01|P010_SERIES01|P011_SERIES01|P013_SERIES01|PAPER_FALLBACK::P001|PAPER_FALLBACK::P003,5,2,12,0,12,4,15,1,10,1,11,5,1,0,3,7,0,5,1,10
T1_TRIP,T1_GKF_K2_F01,GROUP_K_FOLD_K2,Leakage_Group_Strict_WITH_PAPER_FALLBACK,16,16,6,6,12,4,15,1,True,True,0,0,0,0,1,0,M4_PLUS_PHYSICS,7,12,ZERO_PROVENANCE_GROUP_OVERLAP; EXACT_SOURCE_ALLOY_FAMILY_OVERLAP_LIMITS_G2,Only 5 TRIP negatives across 4 strict groups; M2 retains 2 negatives across 2 strict groups; M4_PLUS_PHYSICS complete cases do not retain both target classes in training and validation,INVALID_CLASS_SUPPORT,"Label-blind deterministic greedy group allocation by descending target-usable group size and lexical group ID; group independence takes precedence over exact stratification; no row-random split, resampling, or model fitting.",2,1,TARGET_ROSTER_FEASIBLE; FEATURE_SET_NOT_FEASIBLE,P007_SERIES01|P010_SERIES01|P011_SERIES01|P013_SERIES01|PAPER_FALLBACK::P001|PAPER_FALLBACK::P003,5,2,12,0,12,4,15,1,10,1,11,5,1,0,3,7,0,5,1,10
T1_TRIP,T1_GKF_K2_F01,GROUP_K_FOLD_K2,Leakage_Group_Strict_WITH_PAPER_FALLBACK,16,16,6,6,12,4,15,1,True,True,0,0,0,0,1,0,M5_PLUS_INITIAL_MICROSTRUCTURE,4,12,ZERO_PROVENANCE_GROUP_OVERLAP; EXACT_SOURCE_ALLOY_FAMILY_OVERLAP_LIMITS_G2,Only 5 TRIP negatives across 4 strict groups; M2 retains 2 negatives across 2 strict groups; M5_PLUS_INITIAL_MICROSTRUCTURE complete cases do not retain both target classes in training and validation,INVALID_CLASS_SUPPORT,"Label-blind deterministic greedy group allocation by descending target-usable group size and lexical group ID; group independence takes precedence over exact stratification; no row-random split, resampling, or model fitting.",2,1,TARGET_ROSTER_FEASIBLE; FEATURE_SET_NOT_FEASIBLE,P007_SERIES01|P010_SERIES01|P011_SERIES01|P013_SERIES01|PAPER_FALLBACK::P001|PAPER_FALLBACK::P003,4,0,12,0,12,4,15,1,10,1,11,5,1,0,3,7,0,5,1,10
T1_TRIP,T1_GKF_K2_F02,GROUP_K_FOLD_K2,Leakage_Group_Strict_WITH_PAPER_FALLBACK,16,16,6,6,15,1,12,4,True,True,0,0,0,0,1,0,M1_CHEMISTRY,16,8,ZERO_PROVENANCE_GROUP_OVERLAP; EXACT_SOURCE_ALLOY_FAMILY_OVERLAP_LIMITS_G2,Only 5 TRIP negatives across 4 strict groups; M2 retains 2 negatives across 2 strict groups,VALID_LIMITED,"Label-blind deterministic greedy group allocation by descending target-usable group size and lexical group ID; group independence takes precedence over exact stratification; no row-random split, resampling, or model fitting.",2,2,FEASIBLE,P008_SERIES01|P012_SERIES01|P014_SERIES01|P015_SERIES01|PAPER_FALLBACK::P002|PAPER_FALLBACK::P016,15,1,6,2,15,1,12,4,11,5,10,1,0,5,1,10,1,0,3,7
T1_TRIP,T1_GKF_K2_F02,GROUP_K_FOLD_K2,Leakage_Group_Strict_WITH_PAPER_FALLBACK,16,16,6,6,15,1,12,4,True,True,0,0,0,0,1,0,M2_CHEMISTRY_PLUS_TEST,12,7,ZERO_PROVENANCE_GROUP_OVERLAP; EXACT_SOURCE_ALLOY_FAMILY_OVERLAP_LIMITS_G2,Only 5 TRIP negatives across 4 strict groups; M2 retains 2 negatives across 2 strict groups; M2_CHEMISTRY_PLUS_TEST complete cases do not retain both target classes in training and validation,INVALID_CLASS_SUPPORT,"Label-blind deterministic greedy group allocation by descending target-usable group size and lexical group ID; group independence takes precedence over exact stratification; no row-random split, resampling, or model fitting.",2,2,TARGET_ROSTER_FEASIBLE; FEATURE_SET_NOT_FEASIBLE,P008_SERIES01|P012_SERIES01|P014_SERIES01|P015_SERIES01|PAPER_FALLBACK::P002|PAPER_FALLBACK::P016,12,0,5,2,15,1,12,4,11,5,10,1,0,5,1,10,1,0,3,7
T1_TRIP,T1_GKF_K2_F02,GROUP_K_FOLD_K2,Leakage_Group_Strict_WITH_PAPER_FALLBACK,16,16,6,6,15,1,12,4,True,True,0,0,0,0,1,0,M3_PLUS_PROCESSING,12,7,ZERO_PROVENANCE_GROUP_OVERLAP; EXACT_SOURCE_ALLOY_FAMILY_OVERLAP_LIMITS_G2,Only 5 TRIP negatives across 4 strict groups; M2 retains 2 negatives across 2 strict groups; M3_PLUS_PROCESSING complete cases do not retain both target classes in training and validation,INVALID_CLASS_SUPPORT,"Label-blind deterministic greedy group allocation by descending target-usable group size and lexical group ID; group independence takes precedence over exact stratification; no row-random split, resampling, or model fitting.",2,2,TARGET_ROSTER_FEASIBLE; FEATURE_SET_NOT_FEASIBLE,P008_SERIES01|P012_SERIES01|P014_SERIES01|P015_SERIES01|PAPER_FALLBACK::P002|PAPER_FALLBACK::P016,12,0,5,2,15,1,12,4,11,5,10,1,0,5,1,10,1,0,3,7
T1_TRIP,T1_GKF_K2_F02,GROUP_K_FOLD_K2,Leakage_Group_Strict_WITH_PAPER_FALLBACK,16,16,6,6,15,1,12,4,True,True,0,0,0,0,1,0,M4_PLUS_PHYSICS,12,7,ZERO_PROVENANCE_GROUP_OVERLAP; EXACT_SOURCE_ALLOY_FAMILY_OVERLAP_LIMITS_G2,Only 5 TRIP negatives across 4 strict groups; M2 retains 2 negatives across 2 strict groups; M4_PLUS_PHYSICS complete cases do not retain both target classes in training and validation,INVALID_CLASS_SUPPORT,"Label-blind deterministic greedy group allocation by descending target-usable group size and lexical group ID; group independence takes precedence over exact stratification; no row-random split, resampling, or model fitting.",2,2,TARGET_ROSTER_FEASIBLE; FEATURE_SET_NOT_FEASIBLE,P008_SERIES01|P012_SERIES01|P014_SERIES01|P015_SERIES01|PAPER_FALLBACK::P002|PAPER_FALLBACK::P016,12,0,5,2,15,1,12,4,11,5,10,1,0,5,1,10,1,0,3,7
T1_TRIP,T1_GKF_K2_F02,GROUP_K_FOLD_K2,Leakage_Group_Strict_WITH_PAPER_FALLBACK,16,16,6,6,15,1,12,4,True,True,0,0,0,0,1,0,M5_PLUS_INITIAL_MICROSTRUCTURE,12,4,ZERO_PROVENANCE_GROUP_OVERLAP; EXACT_SOURCE_ALLOY_FAMILY_OVERLAP_LIMITS_G2,Only 5 TRIP negatives across 4 strict groups; M2 retains 2 negatives across 2 strict groups; M5_PLUS_INITIAL_MICROSTRUCTURE complete cases do not retain both target classes in training and validation,INVALID_CLASS_SUPPORT,"Label-blind deterministic greedy group allocation by descending target-usable group size and lexical group ID; group independence takes precedence over exact stratification; no row-random split, resampling, or model fitting.",2,2,TARGET_ROSTER_FEASIBLE; FEATURE_SET_NOT_FEASIBLE,P008_SERIES01|P012_SERIES01|P014_SERIES01|P015_SERIES01|PAPER_FALLBACK::P002|PAPER_FALLBACK::P016,12,0,4,0,15,1,12,4,11,5,10,1,0,5,1,10,1,0,3,7
T1_TRIP,T1_GKF_K3_F01,GROUP_K_FOLD_K3,Leakage_Group_Strict_WITH_PAPER_FALLBACK,21,11,8,4,16,5,11,0,True,False,0,0,0,0,1,0,M1_CHEMISTRY,16,8,ZERO_PROVENANCE_GROUP_OVERLAP; EXACT_SOURCE_ALLOY_FAMILY_OVERLAP_LIMITS_G2,Only 5 TRIP negatives across 4 strict groups; M2 retains 2 negatives across 2 strict groups; At least one required class is absent from training or validation,INVALID_CLASS_SUPPORT,"Label-blind deterministic greedy group allocation by descending target-usable group size and lexical group ID; group independence takes precedence over exact stratification; no row-random split, resampling, or model fitting.",3,1,NOT_FEASIBLE,P007_SERIES01|P014_SERIES01|PAPER_FALLBACK::P001|PAPER_FALLBACK::P016,13,3,8,0,16,5,11,0,16,2,5,4,1,1,4,12,0,4,0,5
T1_TRIP,T1_GKF_K3_F01,GROUP_K_FOLD_K3,Leakage_Group_Strict_WITH_PAPER_FALLBACK,21,11,8,4,16,5,11,0,True,False,0,0,0,0,1,0,M2_CHEMISTRY_PLUS_TEST,12,7,ZERO_PROVENANCE_GROUP_OVERLAP; EXACT_SOURCE_ALLOY_FAMILY_OVERLAP_LIMITS_G2,Only 5 TRIP negatives across 4 strict groups; M2 retains 2 negatives across 2 strict groups; At least one required class is absent from training or validation,INVALID_CLASS_SUPPORT,"Label-blind deterministic greedy group allocation by descending target-usable group size and lexical group ID; group independence takes precedence over exact stratification; no row-random split, resampling, or model fitting.",3,1,NOT_FEASIBLE,P007_SERIES01|P014_SERIES01|PAPER_FALLBACK::P001|PAPER_FALLBACK::P016,10,2,7,0,16,5,11,0,16,2,5,4,1,1,4,12,0,4,0,5
T1_TRIP,T1_GKF_K3_F01,GROUP_K_FOLD_K3,Leakage_Group_Strict_WITH_PAPER_FALLBACK,21,11,8,4,16,5,11,0,True,False,0,0,0,0,1,0,M3_PLUS_PROCESSING,12,7,ZERO_PROVENANCE_GROUP_OVERLAP; EXACT_SOURCE_ALLOY_FAMILY_OVERLAP_LIMITS_G2,Only 5 TRIP negatives across 4 strict groups; M2 retains 2 negatives across 2 strict groups; At least one required class is absent from training or validation,INVALID_CLASS_SUPPORT,"Label-blind deterministic greedy group allocation by descending target-usable group size and lexical group ID; group independence takes precedence over exact stratification; no row-random split, resampling, or model fitting.",3,1,NOT_FEASIBLE,P007_SERIES01|P014_SERIES01|PAPER_FALLBACK::P001|PAPER_FALLBACK::P016,10,2,7,0,16,5,11,0,16,2,5,4,1,1,4,12,0,4,0,5
T1_TRIP,T1_GKF_K3_F01,GROUP_K_FOLD_K3,Leakage_Group_Strict_WITH_PAPER_FALLBACK,21,11,8,4,16,5,11,0,True,False,0,0,0,0,1,0,M4_PLUS_PHYSICS,12,7,ZERO_PROVENANCE_GROUP_OVERLAP; EXACT_SOURCE_ALLOY_FAMILY_OVERLAP_LIMITS_G2,Only 5 TRIP negatives across 4 strict groups; M2 retains 2 negatives across 2 strict groups; At least one required class is absent from training or validation,INVALID_CLASS_SUPPORT,"Label-blind deterministic greedy group allocation by descending target-usable group size and lexical group ID; group independence takes precedence over exact stratification; no row-random split, resampling, or model fitting.",3,1,NOT_FEASIBLE,P007_SERIES01|P014_SERIES01|PAPER_FALLBACK::P001|PAPER_FALLBACK::P016,10,2,7,0,16,5,11,0,16,2,5,4,1,1,4,12,0,4,0,5
T1_TRIP,T1_GKF_K3_F01,GROUP_K_FOLD_K3,Leakage_Group_Strict_WITH_PAPER_FALLBACK,21,11,8,4,16,5,11,0,True,False,0,0,0,0,1,0,M5_PLUS_INITIAL_MICROSTRUCTURE,9,7,ZERO_PROVENANCE_GROUP_OVERLAP; EXACT_SOURCE_ALLOY_FAMILY_OVERLAP_LIMITS_G2,Only 5 TRIP negatives across 4 strict groups; M2 retains 2 negatives across 2 strict groups; At least one required class is absent from training or validation,INVALID_CLASS_SUPPORT,"Label-blind deterministic greedy group allocation by descending target-usable group size and lexical group ID; group independence takes precedence over exact stratification; no row-random split, resampling, or model fitting.",3,1,NOT_FEASIBLE,P007_SERIES01|P014_SERIES01|PAPER_FALLBACK::P001|PAPER_FALLBACK::P016,9,0,7,0,16,5,11,0,16,2,5,4,1,1,4,12,0,4,0,5
T1_TRIP,T1_GKF_K3_F02,GROUP_K_FOLD_K3,Leakage_Group_Strict_WITH_PAPER_FALLBACK,21,11,8,4,20,1,7,4,True,True,0,0,0,0,1,0,M1_CHEMISTRY,18,6,ZERO_PROVENANCE_GROUP_OVERLAP; EXACT_SOURCE_ALLOY_FAMILY_OVERLAP_LIMITS_G2,Only 5 TRIP negatives across 4 strict groups; M2 retains 2 negatives across 2 strict groups,EXPLORATORY_ONLY,"Label-blind deterministic greedy group allocation by descending target-usable group size and lexical group ID; group independence takes precedence over exact stratification; no row-random split, resampling, or model fitting.",3,2,NOT_FEASIBLE,P008_SERIES01|P011_SERIES01|P015_SERIES01|PAPER_FALLBACK::P002,17,1,4,2,20,1,7,4,13,4,8,2,0,4,1,12,1,1,3,5
T1_TRIP,T1_GKF_K3_F02,GROUP_K_FOLD_K3,Leakage_Group_Strict_WITH_PAPER_FALLBACK,21,11,8,4,20,1,7,4,True,True,0,0,0,0,1,0,M2_CHEMISTRY_PLUS_TEST,13,6,ZERO_PROVENANCE_GROUP_OVERLAP; EXACT_SOURCE_ALLOY_FAMILY_OVERLAP_LIMITS_G2,Only 5 TRIP negatives across 4 strict groups; M2 retains 2 negatives across 2 strict groups,EXPLORATORY_ONLY,"Label-blind deterministic greedy group allocation by descending target-usable group size and lexical group ID; group independence takes precedence over exact stratification; no row-random split, resampling, or model fitting.",3,2,NOT_FEASIBLE,P008_SERIES01|P011_SERIES01|P015_SERIES01|PAPER_FALLBACK::P002,13,0,4,2,20,1,7,4,13,4,8,2,0,4,1,12,1,1,3,5
T1_TRIP,T1_GKF_K3_F02,GROUP_K_FOLD_K3,Leakage_Group_Strict_WITH_PAPER_FALLBACK,21,11,8,4,20,1,7,4,True,True,0,0,0,0,1,0,M3_PLUS_PROCESSING,13,6,ZERO_PROVENANCE_GROUP_OVERLAP; EXACT_SOURCE_ALLOY_FAMILY_OVERLAP_LIMITS_G2,Only 5 TRIP negatives across 4 strict groups; M2 retains 2 negatives across 2 strict groups,EXPLORATORY_ONLY,"Label-blind deterministic greedy group allocation by descending target-usable group size and lexical group ID; group independence takes precedence over exact stratification; no row-random split, resampling, or model fitting.",3,2,NOT_FEASIBLE,P008_SERIES01|P011_SERIES01|P015_SERIES01|PAPER_FALLBACK::P002,13,0,4,2,20,1,7,4,13,4,8,2,0,4,1,12,1,1,3,5
T1_TRIP,T1_GKF_K3_F02,GROUP_K_FOLD_K3,Leakage_Group_Strict_WITH_PAPER_FALLBACK,21,11,8,4,20,1,7,4,True,True,0,0,0,0,1,0,M4_PLUS_PHYSICS,13,6,ZERO_PROVENANCE_GROUP_OVERLAP; EXACT_SOURCE_ALLOY_FAMILY_OVERLAP_LIMITS_G2,Only 5 TRIP negatives across 4 strict groups; M2 retains 2 negatives across 2 strict groups,EXPLORATORY_ONLY,"Label-blind deterministic greedy group allocation by descending target-usable group size and lexical group ID; group independence takes precedence over exact stratification; no row-random split, resampling, or model fitting.",3,2,NOT_FEASIBLE,P008_SERIES01|P011_SERIES01|P015_SERIES01|PAPER_FALLBACK::P002,13,0,4,2,20,1,7,4,13,4,8,2,0,4,1,12,1,1,3,5
T1_TRIP,T1_GKF_K3_F02,GROUP_K_FOLD_K3,Leakage_Group_Strict_WITH_PAPER_FALLBACK,21,11,8,4,20,1,7,4,True,True,0,0,0,0,1,0,M5_PLUS_INITIAL_MICROSTRUCTURE,13,3,ZERO_PROVENANCE_GROUP_OVERLAP; EXACT_SOURCE_ALLOY_FAMILY_OVERLAP_LIMITS_G2,Only 5 TRIP negatives across 4 strict groups; M2 retains 2 negatives across 2 strict groups,EXPLORATORY_ONLY,"Label-blind deterministic greedy group allocation by descending target-usable group size and lexical group ID; group independence takes precedence over exact stratification; no row-random split, resampling, or model fitting.",3,2,NOT_FEASIBLE,P008_SERIES01|P011_SERIES01|P015_SERIES01|PAPER_FALLBACK::P002,13,0,3,0,20,1,7,4,13,4,8,2,0,4,1,12,1,1,3,5
T1_TRIP,T1_GKF_K3_F03,GROUP_K_FOLD_K3,Leakage_Group_Strict_WITH_PAPER_FALLBACK,22,10,8,4,18,4,9,1,True,True,0,0,0,0,1,0,M1_CHEMISTRY,14,10,ZERO_PROVENANCE_GROUP_OVERLAP; EXACT_SOURCE_ALLOY_FAMILY_OVERLAP_LIMITS_G2,Only 5 TRIP negatives across 4 strict groups; M2 retains 2 negatives across 2 strict groups,EXPLORATORY_ONLY,"Label-blind deterministic greedy group allocation by descending target-usable group size and lexical group ID; group independence takes precedence over exact stratification; no row-random split, resampling, or model fitting.",3,3,NOT_FEASIBLE,P010_SERIES01|P012_SERIES01|P013_SERIES01|PAPER_FALLBACK::P003,12,2,9,1,18,4,9,1,13,6,8,0,1,5,3,10,0,0,1,7
T1_TRIP,T1_GKF_K3_F03,GROUP_K_FOLD_K3,Leakage_Group_Strict_WITH_PAPER_FALLBACK,22,10,8,4,18,4,9,1,True,True,0,0,0,0,1,0,M2_CHEMISTRY_PLUS_TEST,13,6,ZERO_PROVENANCE_GROUP_OVERLAP; EXACT_SOURCE_ALLOY_FAMILY_OVERLAP_LIMITS_G2,Only 5 TRIP negatives across 4 strict groups; M2 retains 2 negatives across 2 strict groups,EXPLORATORY_ONLY,"Label-blind deterministic greedy group allocation by descending target-usable group size and lexical group ID; group independence takes precedence over exact stratification; no row-random split, resampling, or model fitting.",3,3,NOT_FEASIBLE,P010_SERIES01|P012_SERIES01|P013_SERIES01|PAPER_FALLBACK::P003,11,2,6,0,18,4,9,1,13,6,8,0,1,5,3,10,0,0,1,7
T1_TRIP,T1_GKF_K3_F03,GROUP_K_FOLD_K3,Leakage_Group_Strict_WITH_PAPER_FALLBACK,22,10,8,4,18,4,9,1,True,True,0,0,0,0,1,0,M3_PLUS_PROCESSING,13,6,ZERO_PROVENANCE_GROUP_OVERLAP; EXACT_SOURCE_ALLOY_FAMILY_OVERLAP_LIMITS_G2,Only 5 TRIP negatives across 4 strict groups; M2 retains 2 negatives across 2 strict groups,EXPLORATORY_ONLY,"Label-blind deterministic greedy group allocation by descending target-usable group size and lexical group ID; group independence takes precedence over exact stratification; no row-random split, resampling, or model fitting.",3,3,NOT_FEASIBLE,P010_SERIES01|P012_SERIES01|P013_SERIES01|PAPER_FALLBACK::P003,11,2,6,0,18,4,9,1,13,6,8,0,1,5,3,10,0,0,1,7
T1_TRIP,T1_GKF_K3_F03,GROUP_K_FOLD_K3,Leakage_Group_Strict_WITH_PAPER_FALLBACK,22,10,8,4,18,4,9,1,True,True,0,0,0,0,1,0,M4_PLUS_PHYSICS,13,6,ZERO_PROVENANCE_GROUP_OVERLAP; EXACT_SOURCE_ALLOY_FAMILY_OVERLAP_LIMITS_G2,Only 5 TRIP negatives across 4 strict groups; M2 retains 2 negatives across 2 strict groups,EXPLORATORY_ONLY,"Label-blind deterministic greedy group allocation by descending target-usable group size and lexical group ID; group independence takes precedence over exact stratification; no row-random split, resampling, or model fitting.",3,3,NOT_FEASIBLE,P010_SERIES01|P012_SERIES01|P013_SERIES01|PAPER_FALLBACK::P003,11,2,6,0,18,4,9,1,13,6,8,0,1,5,3,10,0,0,1,7
T1_TRIP,T1_GKF_K3_F03,GROUP_K_FOLD_K3,Leakage_Group_Strict_WITH_PAPER_FALLBACK,22,10,8,4,18,4,9,1,True,True,0,0,0,0,1,0,M5_PLUS_INITIAL_MICROSTRUCTURE,10,6,ZERO_PROVENANCE_GROUP_OVERLAP; EXACT_SOURCE_ALLOY_FAMILY_OVERLAP_LIMITS_G2,Only 5 TRIP negatives across 4 strict groups; M2 retains 2 negatives across 2 strict groups,EXPLORATORY_ONLY,"Label-blind deterministic greedy group allocation by descending target-usable group size and lexical group ID; group independence takes precedence over exact stratification; no row-random split, resampling, or model fitting.",3,3,NOT_FEASIBLE,P010_SERIES01|P012_SERIES01|P013_SERIES01|PAPER_FALLBACK::P003,10,0,6,0,18,4,9,1,13,6,8,0,1,5,3,10,0,0,1,7
T1_TRIP,T1_GKF_K4_F01,GROUP_K_FOLD_K4,Leakage_Group_Strict_WITH_PAPER_FALLBACK,24,8,9,3,19,5,8,0,True,False,0,0,0,0,1,0,M1_CHEMISTRY,16,8,ZERO_PROVENANCE_GROUP_OVERLAP; EXACT_SOURCE_ALLOY_FAMILY_OVERLAP_LIMITS_G2,Only 5 TRIP negatives across 4 strict groups; M2 retains 2 negatives across 2 strict groups; At least one required class is absent from training or validation,INVALID_CLASS_SUPPORT,"Label-blind deterministic greedy group allocation by descending target-usable group size and lexical group ID; group independence takes precedence over exact stratification; no row-random split, resampling, or model fitting.",4,1,NOT_FEASIBLE,P007_SERIES01|P013_SERIES01|PAPER_FALLBACK::P003,13,3,8,0,19,5,8,0,14,5,7,1,1,4,4,10,0,1,0,7
T1_TRIP,T1_GKF_K4_F01,GROUP_K_FOLD_K4,Leakage_Group_Strict_WITH_PAPER_FALLBACK,24,8,9,3,19,5,8,0,True,False,0,0,0,0,1,0,M2_CHEMISTRY_PLUS_TEST,12,7,ZERO_PROVENANCE_GROUP_OVERLAP; EXACT_SOURCE_ALLOY_FAMILY_OVERLAP_LIMITS_G2,Only 5 TRIP negatives across 4 strict groups; M2 retains 2 negatives across 2 strict groups; At least one required class is absent from training or validation,INVALID_CLASS_SUPPORT,"Label-blind deterministic greedy group allocation by descending target-usable group size and lexical group ID; group independence takes precedence over exact stratification; no row-random split, resampling, or model fitting.",4,1,NOT_FEASIBLE,P007_SERIES01|P013_SERIES01|PAPER_FALLBACK::P003,10,2,7,0,19,5,8,0,14,5,7,1,1,4,4,10,0,1,0,7
T1_TRIP,T1_GKF_K4_F01,GROUP_K_FOLD_K4,Leakage_Group_Strict_WITH_PAPER_FALLBACK,24,8,9,3,19,5,8,0,True,False,0,0,0,0,1,0,M3_PLUS_PROCESSING,12,7,ZERO_PROVENANCE_GROUP_OVERLAP; EXACT_SOURCE_ALLOY_FAMILY_OVERLAP_LIMITS_G2,Only 5 TRIP negatives across 4 strict groups; M2 retains 2 negatives across 2 strict groups; At least one required class is absent from training or validation,INVALID_CLASS_SUPPORT,"Label-blind deterministic greedy group allocation by descending target-usable group size and lexical group ID; group independence takes precedence over exact stratification; no row-random split, resampling, or model fitting.",4,1,NOT_FEASIBLE,P007_SERIES01|P013_SERIES01|PAPER_FALLBACK::P003,10,2,7,0,19,5,8,0,14,5,7,1,1,4,4,10,0,1,0,7
T1_TRIP,T1_GKF_K4_F01,GROUP_K_FOLD_K4,Leakage_Group_Strict_WITH_PAPER_FALLBACK,24,8,9,3,19,5,8,0,True,False,0,0,0,0,1,0,M4_PLUS_PHYSICS,12,7,ZERO_PROVENANCE_GROUP_OVERLAP; EXACT_SOURCE_ALLOY_FAMILY_OVERLAP_LIMITS_G2,Only 5 TRIP negatives across 4 strict groups; M2 retains 2 negatives across 2 strict groups; At least one required class is absent from training or validation,INVALID_CLASS_SUPPORT,"Label-blind deterministic greedy group allocation by descending target-usable group size and lexical group ID; group independence takes precedence over exact stratification; no row-random split, resampling, or model fitting.",4,1,NOT_FEASIBLE,P007_SERIES01|P013_SERIES01|PAPER_FALLBACK::P003,10,2,7,0,19,5,8,0,14,5,7,1,1,4,4,10,0,1,0,7
T1_TRIP,T1_GKF_K4_F01,GROUP_K_FOLD_K4,Leakage_Group_Strict_WITH_PAPER_FALLBACK,24,8,9,3,19,5,8,0,True,False,0,0,0,0,1,0,M5_PLUS_INITIAL_MICROSTRUCTURE,9,7,ZERO_PROVENANCE_GROUP_OVERLAP; EXACT_SOURCE_ALLOY_FAMILY_OVERLAP_LIMITS_G2,Only 5 TRIP negatives across 4 strict groups; M2 retains 2 negatives across 2 strict groups; At least one required class is absent from training or validation,INVALID_CLASS_SUPPORT,"Label-blind deterministic greedy group allocation by descending target-usable group size and lexical group ID; group independence takes precedence over exact stratification; no row-random split, resampling, or model fitting.",4,1,NOT_FEASIBLE,P007_SERIES01|P013_SERIES01|PAPER_FALLBACK::P003,9,0,7,0,19,5,8,0,14,5,7,1,1,4,4,10,0,1,0,7
T1_TRIP,T1_GKF_K4_F02,GROUP_K_FOLD_K4,Leakage_Group_Strict_WITH_PAPER_FALLBACK,24,8,9,3,21,3,6,2,True,True,0,0,0,0,1,0,M1_CHEMISTRY,22,2,ZERO_PROVENANCE_GROUP_OVERLAP; EXACT_SOURCE_ALLOY_FAMILY_OVERLAP_LIMITS_G2,Only 5 TRIP negatives across 4 strict groups; M2 retains 2 negatives across 2 strict groups,EXPLORATORY_ONLY,"Label-blind deterministic greedy group allocation by descending target-usable group size and lexical group ID; group independence takes precedence over exact stratification; no row-random split, resampling, or model fitting.",4,2,NOT_FEASIBLE,P008_SERIES01|P014_SERIES01|PAPER_FALLBACK::P016,20,2,1,1,21,3,6,2,16,6,5,0,1,5,2,14,0,0,2,3
T1_TRIP,T1_GKF_K4_F02,GROUP_K_FOLD_K4,Leakage_Group_Strict_WITH_PAPER_FALLBACK,24,8,9,3,21,3,6,2,True,True,0,0,0,0,1,0,M2_CHEMISTRY_PLUS_TEST,18,1,ZERO_PROVENANCE_GROUP_OVERLAP; EXACT_SOURCE_ALLOY_FAMILY_OVERLAP_LIMITS_G2,Only 5 TRIP negatives across 4 strict groups; M2 retains 2 negatives across 2 strict groups,EXPLORATORY_ONLY,"Label-blind deterministic greedy group allocation by descending target-usable group size and lexical group ID; group independence takes precedence over exact stratification; no row-random split, resampling, or model fitting.",4,2,NOT_FEASIBLE,P008_SERIES01|P014_SERIES01|PAPER_FALLBACK::P016,17,1,0,1,21,3,6,2,16,6,5,0,1,5,2,14,0,0,2,3
T1_TRIP,T1_GKF_K4_F02,GROUP_K_FOLD_K4,Leakage_Group_Strict_WITH_PAPER_FALLBACK,24,8,9,3,21,3,6,2,True,True,0,0,0,0,1,0,M3_PLUS_PROCESSING,18,1,ZERO_PROVENANCE_GROUP_OVERLAP; EXACT_SOURCE_ALLOY_FAMILY_OVERLAP_LIMITS_G2,Only 5 TRIP negatives across 4 strict groups; M2 retains 2 negatives across 2 strict groups,EXPLORATORY_ONLY,"Label-blind deterministic greedy group allocation by descending target-usable group size and lexical group ID; group independence takes precedence over exact stratification; no row-random split, resampling, or model fitting.",4,2,NOT_FEASIBLE,P008_SERIES01|P014_SERIES01|PAPER_FALLBACK::P016,17,1,0,1,21,3,6,2,16,6,5,0,1,5,2,14,0,0,2,3
T1_TRIP,T1_GKF_K4_F02,GROUP_K_FOLD_K4,Leakage_Group_Strict_WITH_PAPER_FALLBACK,24,8,9,3,21,3,6,2,True,True,0,0,0,0,1,0,M4_PLUS_PHYSICS,18,1,ZERO_PROVENANCE_GROUP_OVERLAP; EXACT_SOURCE_ALLOY_FAMILY_OVERLAP_LIMITS_G2,Only 5 TRIP negatives across 4 strict groups; M2 retains 2 negatives across 2 strict groups,EXPLORATORY_ONLY,"Label-blind deterministic greedy group allocation by descending target-usable group size and lexical group ID; group independence takes precedence over exact stratification; no row-random split, resampling, or model fitting.",4,2,NOT_FEASIBLE,P008_SERIES01|P014_SERIES01|PAPER_FALLBACK::P016,17,1,0,1,21,3,6,2,16,6,5,0,1,5,2,14,0,0,2,3
T1_TRIP,T1_GKF_K4_F02,GROUP_K_FOLD_K4,Leakage_Group_Strict_WITH_PAPER_FALLBACK,24,8,9,3,21,3,6,2,True,True,0,0,0,0,1,0,M5_PLUS_INITIAL_MICROSTRUCTURE,16,0,ZERO_PROVENANCE_GROUP_OVERLAP; EXACT_SOURCE_ALLOY_FAMILY_OVERLAP_LIMITS_G2,Only 5 TRIP negatives across 4 strict groups; M2 retains 2 negatives across 2 strict groups,EXPLORATORY_ONLY,"Label-blind deterministic greedy group allocation by descending target-usable group size and lexical group ID; group independence takes precedence over exact stratification; no row-random split, resampling, or model fitting.",4,2,NOT_FEASIBLE,P008_SERIES01|P014_SERIES01|PAPER_FALLBACK::P016,16,0,0,0,21,3,6,2,16,6,5,0,1,5,2,14,0,0,2,3
T1_TRIP,T1_GKF_K4_F03,GROUP_K_FOLD_K4,Leakage_Group_Strict_WITH_PAPER_FALLBACK,24,8,9,3,20,4,7,1,True,True,0,0,0,0,1,0,M1_CHEMISTRY,16,8,ZERO_PROVENANCE_GROUP_OVERLAP; EXACT_SOURCE_ALLOY_FAMILY_OVERLAP_LIMITS_G2,Only 5 TRIP negatives across 4 strict groups; M2 retains 2 negatives across 2 strict groups,EXPLORATORY_ONLY,"Label-blind deterministic greedy group allocation by descending target-usable group size and lexical group ID; group independence takes precedence over exact stratification; no row-random split, resampling, or model fitting.",4,3,NOT_FEASIBLE,P010_SERIES01|P011_SERIES01|PAPER_FALLBACK::P001,14,2,7,1,20,4,7,1,17,2,4,4,1,1,3,14,0,4,1,3
T1_TRIP,T1_GKF_K4_F03,GROUP_K_FOLD_K4,Leakage_Group_Strict_WITH_PAPER_FALLBACK,24,8,9,3,20,4,7,1,True,True,0,0,0,0,1,0,M2_CHEMISTRY_PLUS_TEST,14,5,ZERO_PROVENANCE_GROUP_OVERLAP; EXACT_SOURCE_ALLOY_FAMILY_OVERLAP_LIMITS_G2,Only 5 TRIP negatives across 4 strict groups; M2 retains 2 negatives across 2 strict groups,EXPLORATORY_ONLY,"Label-blind deterministic greedy group allocation by descending target-usable group size and lexical group ID; group independence takes precedence over exact stratification; no row-random split, resampling, or model fitting.",4,3,NOT_FEASIBLE,P010_SERIES01|P011_SERIES01|PAPER_FALLBACK::P001,12,2,5,0,20,4,7,1,17,2,4,4,1,1,3,14,0,4,1,3
T1_TRIP,T1_GKF_K4_F03,GROUP_K_FOLD_K4,Leakage_Group_Strict_WITH_PAPER_FALLBACK,24,8,9,3,20,4,7,1,True,True,0,0,0,0,1,0,M3_PLUS_PROCESSING,14,5,ZERO_PROVENANCE_GROUP_OVERLAP; EXACT_SOURCE_ALLOY_FAMILY_OVERLAP_LIMITS_G2,Only 5 TRIP negatives across 4 strict groups; M2 retains 2 negatives across 2 strict groups,EXPLORATORY_ONLY,"Label-blind deterministic greedy group allocation by descending target-usable group size and lexical group ID; group independence takes precedence over exact stratification; no row-random split, resampling, or model fitting.",4,3,NOT_FEASIBLE,P010_SERIES01|P011_SERIES01|PAPER_FALLBACK::P001,12,2,5,0,20,4,7,1,17,2,4,4,1,1,3,14,0,4,1,3
T1_TRIP,T1_GKF_K4_F03,GROUP_K_FOLD_K4,Leakage_Group_Strict_WITH_PAPER_FALLBACK,24,8,9,3,20,4,7,1,True,True,0,0,0,0,1,0,M4_PLUS_PHYSICS,14,5,ZERO_PROVENANCE_GROUP_OVERLAP; EXACT_SOURCE_ALLOY_FAMILY_OVERLAP_LIMITS_G2,Only 5 TRIP negatives across 4 strict groups; M2 retains 2 negatives across 2 strict groups,EXPLORATORY_ONLY,"Label-blind deterministic greedy group allocation by descending target-usable group size and lexical group ID; group independence takes precedence over exact stratification; no row-random split, resampling, or model fitting.",4,3,NOT_FEASIBLE,P010_SERIES01|P011_SERIES01|PAPER_FALLBACK::P001,12,2,5,0,20,4,7,1,17,2,4,4,1,1,3,14,0,4,1,3
T1_TRIP,T1_GKF_K4_F03,GROUP_K_FOLD_K4,Leakage_Group_Strict_WITH_PAPER_FALLBACK,24,8,9,3,20,4,7,1,True,True,0,0,0,0,1,0,M5_PLUS_INITIAL_MICROSTRUCTURE,11,5,ZERO_PROVENANCE_GROUP_OVERLAP; EXACT_SOURCE_ALLOY_FAMILY_OVERLAP_LIMITS_G2,Only 5 TRIP negatives across 4 strict groups; M2 retains 2 negatives across 2 strict groups,EXPLORATORY_ONLY,"Label-blind deterministic greedy group allocation by descending target-usable group size and lexical group ID; group independence takes precedence over exact stratification; no row-random split, resampling, or model fitting.",4,3,NOT_FEASIBLE,P010_SERIES01|P011_SERIES01|PAPER_FALLBACK::P001,11,0,5,0,20,4,7,1,17,2,4,4,1,1,3,14,0,4,1,3
T1_TRIP,T1_GKF_K4_F04,GROUP_K_FOLD_K4,Leakage_Group_Strict_WITH_PAPER_FALLBACK,24,8,9,3,21,3,6,2,True,True,0,0,0,0,0,0,M1_CHEMISTRY,18,6,ZERO_PAPER_STUDY_MATERIAL_STRICT_AND_EXACT_SOURCE_FAMILY_OVERLAP,Only 5 TRIP negatives across 4 strict groups; M2 retains 2 negatives across 2 strict groups,EXPLORATORY_ONLY,"Label-blind deterministic greedy group allocation by descending target-usable group size and lexical group ID; group independence takes precedence over exact stratification; no row-random split, resampling, or model fitting.",4,4,NOT_FEASIBLE,P012_SERIES01|P015_SERIES01|PAPER_FALLBACK::P002,16,2,5,1,21,3,6,2,16,5,5,1,0,5,3,13,1,0,1,4
T1_TRIP,T1_GKF_K4_F04,GROUP_K_FOLD_K4,Leakage_Group_Strict_WITH_PAPER_FALLBACK,24,8,9,3,21,3,6,2,True,True,0,0,0,0,0,0,M2_CHEMISTRY_PLUS_TEST,13,6,ZERO_PAPER_STUDY_MATERIAL_STRICT_AND_EXACT_SOURCE_FAMILY_OVERLAP,Only 5 TRIP negatives across 4 strict groups; M2 retains 2 negatives across 2 strict groups,EXPLORATORY_ONLY,"Label-blind deterministic greedy group allocation by descending target-usable group size and lexical group ID; group independence takes precedence over exact stratification; no row-random split, resampling, or model fitting.",4,4,NOT_FEASIBLE,P012_SERIES01|P015_SERIES01|PAPER_FALLBACK::P002,12,1,5,1,21,3,6,2,16,5,5,1,0,5,3,13,1,0,1,4
T1_TRIP,T1_GKF_K4_F04,GROUP_K_FOLD_K4,Leakage_Group_Strict_WITH_PAPER_FALLBACK,24,8,9,3,21,3,6,2,True,True,0,0,0,0,0,0,M3_PLUS_PROCESSING,13,6,ZERO_PAPER_STUDY_MATERIAL_STRICT_AND_EXACT_SOURCE_FAMILY_OVERLAP,Only 5 TRIP negatives across 4 strict groups; M2 retains 2 negatives across 2 strict groups,EXPLORATORY_ONLY,"Label-blind deterministic greedy group allocation by descending target-usable group size and lexical group ID; group independence takes precedence over exact stratification; no row-random split, resampling, or model fitting.",4,4,NOT_FEASIBLE,P012_SERIES01|P015_SERIES01|PAPER_FALLBACK::P002,12,1,5,1,21,3,6,2,16,5,5,1,0,5,3,13,1,0,1,4
T1_TRIP,T1_GKF_K4_F04,GROUP_K_FOLD_K4,Leakage_Group_Strict_WITH_PAPER_FALLBACK,24,8,9,3,21,3,6,2,True,True,0,0,0,0,0,0,M4_PLUS_PHYSICS,13,6,ZERO_PAPER_STUDY_MATERIAL_STRICT_AND_EXACT_SOURCE_FAMILY_OVERLAP,Only 5 TRIP negatives across 4 strict groups; M2 retains 2 negatives across 2 strict groups,EXPLORATORY_ONLY,"Label-blind deterministic greedy group allocation by descending target-usable group size and lexical group ID; group independence takes precedence over exact stratification; no row-random split, resampling, or model fitting.",4,4,NOT_FEASIBLE,P012_SERIES01|P015_SERIES01|PAPER_FALLBACK::P002,12,1,5,1,21,3,6,2,16,5,5,1,0,5,3,13,1,0,1,4
T1_TRIP,T1_GKF_K4_F04,GROUP_K_FOLD_K4,Leakage_Group_Strict_WITH_PAPER_FALLBACK,24,8,9,3,21,3,6,2,True,True,0,0,0,0,0,0,M5_PLUS_INITIAL_MICROSTRUCTURE,12,4,ZERO_PAPER_STUDY_MATERIAL_STRICT_AND_EXACT_SOURCE_FAMILY_OVERLAP,Only 5 TRIP negatives across 4 strict groups; M2 retains 2 negatives across 2 strict groups,EXPLORATORY_ONLY,"Label-blind deterministic greedy group allocation by descending target-usable group size and lexical group ID; group independence takes precedence over exact stratification; no row-random split, resampling, or model fitting.",4,4,NOT_FEASIBLE,P012_SERIES01|P015_SERIES01|PAPER_FALLBACK::P002,12,0,4,0,21,3,6,2,16,5,5,1,0,5,3,13,1,0,1,4
T1_TRIP,T1_GKF_K5_F01,GROUP_K_FOLD_K5,Leakage_Group_Strict_WITH_PAPER_FALLBACK,25,7,9,3,20,5,7,0,True,False,0,0,0,0,1,0,M1_CHEMISTRY,17,7,ZERO_PROVENANCE_GROUP_OVERLAP; EXACT_SOURCE_ALLOY_FAMILY_OVERLAP_LIMITS_G2,Only 5 TRIP negatives across 4 strict groups; M2 retains 2 negatives across 2 strict groups; At least one required class is absent from training or validation,INVALID_CLASS_SUPPORT,"Label-blind deterministic greedy group allocation by descending target-usable group size and lexical group ID; group independence takes precedence over exact stratification; no row-random split, resampling, or model fitting.",5,1,NOT_FEASIBLE,P007_SERIES01|P011_SERIES01|P013_SERIES01,14,3,7,0,20,5,7,0,16,4,5,2,1,3,4,12,0,2,0,5
T1_TRIP,T1_GKF_K5_F01,GROUP_K_FOLD_K5,Leakage_Group_Strict_WITH_PAPER_FALLBACK,25,7,9,3,20,5,7,0,True,False,0,0,0,0,1,0,M2_CHEMISTRY_PLUS_TEST,13,6,ZERO_PROVENANCE_GROUP_OVERLAP; EXACT_SOURCE_ALLOY_FAMILY_OVERLAP_LIMITS_G2,Only 5 TRIP negatives across 4 strict groups; M2 retains 2 negatives across 2 strict groups; At least one required class is absent from training or validation,INVALID_CLASS_SUPPORT,"Label-blind deterministic greedy group allocation by descending target-usable group size and lexical group ID; group independence takes precedence over exact stratification; no row-random split, resampling, or model fitting.",5,1,NOT_FEASIBLE,P007_SERIES01|P011_SERIES01|P013_SERIES01,11,2,6,0,20,5,7,0,16,4,5,2,1,3,4,12,0,2,0,5
T1_TRIP,T1_GKF_K5_F01,GROUP_K_FOLD_K5,Leakage_Group_Strict_WITH_PAPER_FALLBACK,25,7,9,3,20,5,7,0,True,False,0,0,0,0,1,0,M3_PLUS_PROCESSING,13,6,ZERO_PROVENANCE_GROUP_OVERLAP; EXACT_SOURCE_ALLOY_FAMILY_OVERLAP_LIMITS_G2,Only 5 TRIP negatives across 4 strict groups; M2 retains 2 negatives across 2 strict groups; At least one required class is absent from training or validation,INVALID_CLASS_SUPPORT,"Label-blind deterministic greedy group allocation by descending target-usable group size and lexical group ID; group independence takes precedence over exact stratification; no row-random split, resampling, or model fitting.",5,1,NOT_FEASIBLE,P007_SERIES01|P011_SERIES01|P013_SERIES01,11,2,6,0,20,5,7,0,16,4,5,2,1,3,4,12,0,2,0,5
T1_TRIP,T1_GKF_K5_F01,GROUP_K_FOLD_K5,Leakage_Group_Strict_WITH_PAPER_FALLBACK,25,7,9,3,20,5,7,0,True,False,0,0,0,0,1,0,M4_PLUS_PHYSICS,13,6,ZERO_PROVENANCE_GROUP_OVERLAP; EXACT_SOURCE_ALLOY_FAMILY_OVERLAP_LIMITS_G2,Only 5 TRIP negatives across 4 strict groups; M2 retains 2 negatives across 2 strict groups; At least one required class is absent from training or validation,INVALID_CLASS_SUPPORT,"Label-blind deterministic greedy group allocation by descending target-usable group size and lexical group ID; group independence takes precedence over exact stratification; no row-random split, resampling, or model fitting.",5,1,NOT_FEASIBLE,P007_SERIES01|P011_SERIES01|P013_SERIES01,11,2,6,0,20,5,7,0,16,4,5,2,1,3,4,12,0,2,0,5
T1_TRIP,T1_GKF_K5_F01,GROUP_K_FOLD_K5,Leakage_Group_Strict_WITH_PAPER_FALLBACK,25,7,9,3,20,5,7,0,True,False,0,0,0,0,1,0,M5_PLUS_INITIAL_MICROSTRUCTURE,10,6,ZERO_PROVENANCE_GROUP_OVERLAP; EXACT_SOURCE_ALLOY_FAMILY_OVERLAP_LIMITS_G2,Only 5 TRIP negatives across 4 strict groups; M2 retains 2 negatives across 2 strict groups; At least one required class is absent from training or validation,INVALID_CLASS_SUPPORT,"Label-blind deterministic greedy group allocation by descending target-usable group size and lexical group ID; group independence takes precedence over exact stratification; no row-random split, resampling, or model fitting.",5,1,NOT_FEASIBLE,P007_SERIES01|P011_SERIES01|P013_SERIES01,10,0,6,0,20,5,7,0,16,4,5,2,1,3,4,12,0,2,0,5
T1_TRIP,T1_GKF_K5_F02,GROUP_K_FOLD_K5,Leakage_Group_Strict_WITH_PAPER_FALLBACK,25,7,9,3,23,2,4,3,True,True,0,0,0,0,1,0,M1_CHEMISTRY,22,2,ZERO_PROVENANCE_GROUP_OVERLAP; EXACT_SOURCE_ALLOY_FAMILY_OVERLAP_LIMITS_G2,Only 5 TRIP negatives across 4 strict groups; M2 retains 2 negatives across 2 strict groups,EXPLORATORY_ONLY,"Label-blind deterministic greedy group allocation by descending target-usable group size and lexical group ID; group independence takes precedence over exact stratification; no row-random split, resampling, or model fitting.",5,2,NOT_FEASIBLE,P008_SERIES01|P014_SERIES01|P015_SERIES01,20,2,1,1,23,2,4,3,15,6,6,0,1,5,1,14,0,0,3,3
T1_TRIP,T1_GKF_K5_F02,GROUP_K_FOLD_K5,Leakage_Group_Strict_WITH_PAPER_FALLBACK,25,7,9,3,23,2,4,3,True,True,0,0,0,0,1,0,M2_CHEMISTRY_PLUS_TEST,18,1,ZERO_PROVENANCE_GROUP_OVERLAP; EXACT_SOURCE_ALLOY_FAMILY_OVERLAP_LIMITS_G2,Only 5 TRIP negatives across 4 strict groups; M2 retains 2 negatives across 2 strict groups,EXPLORATORY_ONLY,"Label-blind deterministic greedy group allocation by descending target-usable group size and lexical group ID; group independence takes precedence over exact stratification; no row-random split, resampling, or model fitting.",5,2,NOT_FEASIBLE,P008_SERIES01|P014_SERIES01|P015_SERIES01,17,1,0,1,23,2,4,3,15,6,6,0,1,5,1,14,0,0,3,3
T1_TRIP,T1_GKF_K5_F02,GROUP_K_FOLD_K5,Leakage_Group_Strict_WITH_PAPER_FALLBACK,25,7,9,3,23,2,4,3,True,True,0,0,0,0,1,0,M3_PLUS_PROCESSING,18,1,ZERO_PROVENANCE_GROUP_OVERLAP; EXACT_SOURCE_ALLOY_FAMILY_OVERLAP_LIMITS_G2,Only 5 TRIP negatives across 4 strict groups; M2 retains 2 negatives across 2 strict groups,EXPLORATORY_ONLY,"Label-blind deterministic greedy group allocation by descending target-usable group size and lexical group ID; group independence takes precedence over exact stratification; no row-random split, resampling, or model fitting.",5,2,NOT_FEASIBLE,P008_SERIES01|P014_SERIES01|P015_SERIES01,17,1,0,1,23,2,4,3,15,6,6,0,1,5,1,14,0,0,3,3
T1_TRIP,T1_GKF_K5_F02,GROUP_K_FOLD_K5,Leakage_Group_Strict_WITH_PAPER_FALLBACK,25,7,9,3,23,2,4,3,True,True,0,0,0,0,1,0,M4_PLUS_PHYSICS,18,1,ZERO_PROVENANCE_GROUP_OVERLAP; EXACT_SOURCE_ALLOY_FAMILY_OVERLAP_LIMITS_G2,Only 5 TRIP negatives across 4 strict groups; M2 retains 2 negatives across 2 strict groups,EXPLORATORY_ONLY,"Label-blind deterministic greedy group allocation by descending target-usable group size and lexical group ID; group independence takes precedence over exact stratification; no row-random split, resampling, or model fitting.",5,2,NOT_FEASIBLE,P008_SERIES01|P014_SERIES01|P015_SERIES01,17,1,0,1,23,2,4,3,15,6,6,0,1,5,1,14,0,0,3,3
T1_TRIP,T1_GKF_K5_F02,GROUP_K_FOLD_K5,Leakage_Group_Strict_WITH_PAPER_FALLBACK,25,7,9,3,23,2,4,3,True,True,0,0,0,0,1,0,M5_PLUS_INITIAL_MICROSTRUCTURE,16,0,ZERO_PROVENANCE_GROUP_OVERLAP; EXACT_SOURCE_ALLOY_FAMILY_OVERLAP_LIMITS_G2,Only 5 TRIP negatives across 4 strict groups; M2 retains 2 negatives across 2 strict groups,EXPLORATORY_ONLY,"Label-blind deterministic greedy group allocation by descending target-usable group size and lexical group ID; group independence takes precedence over exact stratification; no row-random split, resampling, or model fitting.",5,2,NOT_FEASIBLE,P008_SERIES01|P014_SERIES01|P015_SERIES01,16,0,0,0,23,2,4,3,15,6,6,0,1,5,1,14,0,0,3,3
T1_TRIP,T1_GKF_K5_F03,GROUP_K_FOLD_K5,Leakage_Group_Strict_WITH_PAPER_FALLBACK,26,6,10,2,23,3,4,2,True,True,0,0,0,0,0,0,M1_CHEMISTRY,18,6,ZERO_PAPER_STUDY_MATERIAL_STRICT_AND_EXACT_SOURCE_FAMILY_OVERLAP,Only 5 TRIP negatives across 4 strict groups; M2 retains 2 negatives across 2 strict groups,EXPLORATORY_ONLY,"Label-blind deterministic greedy group allocation by descending target-usable group size and lexical group ID; group independence takes precedence over exact stratification; no row-random split, resampling, or model fitting.",5,3,NOT_FEASIBLE,P010_SERIES01|PAPER_FALLBACK::P002,17,1,4,2,23,3,4,2,16,5,5,1,0,5,3,13,1,0,1,4
T1_TRIP,T1_GKF_K5_F03,GROUP_K_FOLD_K5,Leakage_Group_Strict_WITH_PAPER_FALLBACK,26,6,10,2,23,3,4,2,True,True,0,0,0,0,0,0,M2_CHEMISTRY_PLUS_TEST,16,3,ZERO_PAPER_STUDY_MATERIAL_STRICT_AND_EXACT_SOURCE_FAMILY_OVERLAP,Only 5 TRIP negatives across 4 strict groups; M2 retains 2 negatives across 2 strict groups,EXPLORATORY_ONLY,"Label-blind deterministic greedy group allocation by descending target-usable group size and lexical group ID; group independence takes precedence over exact stratification; no row-random split, resampling, or model fitting.",5,3,NOT_FEASIBLE,P010_SERIES01|PAPER_FALLBACK::P002,15,1,2,1,23,3,4,2,16,5,5,1,0,5,3,13,1,0,1,4
T1_TRIP,T1_GKF_K5_F03,GROUP_K_FOLD_K5,Leakage_Group_Strict_WITH_PAPER_FALLBACK,26,6,10,2,23,3,4,2,True,True,0,0,0,0,0,0,M3_PLUS_PROCESSING,16,3,ZERO_PAPER_STUDY_MATERIAL_STRICT_AND_EXACT_SOURCE_FAMILY_OVERLAP,Only 5 TRIP negatives across 4 strict groups; M2 retains 2 negatives across 2 strict groups,EXPLORATORY_ONLY,"Label-blind deterministic greedy group allocation by descending target-usable group size and lexical group ID; group independence takes precedence over exact stratification; no row-random split, resampling, or model fitting.",5,3,NOT_FEASIBLE,P010_SERIES01|PAPER_FALLBACK::P002,15,1,2,1,23,3,4,2,16,5,5,1,0,5,3,13,1,0,1,4
T1_TRIP,T1_GKF_K5_F03,GROUP_K_FOLD_K5,Leakage_Group_Strict_WITH_PAPER_FALLBACK,26,6,10,2,23,3,4,2,True,True,0,0,0,0,0,0,M4_PLUS_PHYSICS,16,3,ZERO_PAPER_STUDY_MATERIAL_STRICT_AND_EXACT_SOURCE_FAMILY_OVERLAP,Only 5 TRIP negatives across 4 strict groups; M2 retains 2 negatives across 2 strict groups,EXPLORATORY_ONLY,"Label-blind deterministic greedy group allocation by descending target-usable group size and lexical group ID; group independence takes precedence over exact stratification; no row-random split, resampling, or model fitting.",5,3,NOT_FEASIBLE,P010_SERIES01|PAPER_FALLBACK::P002,15,1,2,1,23,3,4,2,16,5,5,1,0,5,3,13,1,0,1,4
T1_TRIP,T1_GKF_K5_F03,GROUP_K_FOLD_K5,Leakage_Group_Strict_WITH_PAPER_FALLBACK,26,6,10,2,23,3,4,2,True,True,0,0,0,0,0,0,M5_PLUS_INITIAL_MICROSTRUCTURE,15,1,ZERO_PAPER_STUDY_MATERIAL_STRICT_AND_EXACT_SOURCE_FAMILY_OVERLAP,Only 5 TRIP negatives across 4 strict groups; M2 retains 2 negatives across 2 strict groups,EXPLORATORY_ONLY,"Label-blind deterministic greedy group allocation by descending target-usable group size and lexical group ID; group independence takes precedence over exact stratification; no row-random split, resampling, or model fitting.",5,3,NOT_FEASIBLE,P010_SERIES01|PAPER_FALLBACK::P002,15,0,1,0,23,3,4,2,16,5,5,1,0,5,3,13,1,0,1,4
T1_TRIP,T1_GKF_K5_F04,GROUP_K_FOLD_K5,Leakage_Group_Strict_WITH_PAPER_FALLBACK,26,6,10,2,21,5,6,0,True,False,0,0,0,0,1,0,M1_CHEMISTRY,18,6,ZERO_PROVENANCE_GROUP_OVERLAP; EXACT_SOURCE_ALLOY_FAMILY_OVERLAP_LIMITS_G2,Only 5 TRIP negatives across 4 strict groups; M2 retains 2 negatives across 2 strict groups; At least one required class is absent from training or validation,INVALID_CLASS_SUPPORT,"Label-blind deterministic greedy group allocation by descending target-usable group size and lexical group ID; group independence takes precedence over exact stratification; no row-random split, resampling, or model fitting.",5,4,NOT_FEASIBLE,P012_SERIES01|PAPER_FALLBACK::P003,15,3,6,0,21,5,6,0,17,6,4,0,1,5,4,13,0,0,0,4
T1_TRIP,T1_GKF_K5_F04,GROUP_K_FOLD_K5,Leakage_Group_Strict_WITH_PAPER_FALLBACK,26,6,10,2,21,5,6,0,True,False,0,0,0,0,1,0,M2_CHEMISTRY_PLUS_TEST,13,6,ZERO_PROVENANCE_GROUP_OVERLAP; EXACT_SOURCE_ALLOY_FAMILY_OVERLAP_LIMITS_G2,Only 5 TRIP negatives across 4 strict groups; M2 retains 2 negatives across 2 strict groups; At least one required class is absent from training or validation,INVALID_CLASS_SUPPORT,"Label-blind deterministic greedy group allocation by descending target-usable group size and lexical group ID; group independence takes precedence over exact stratification; no row-random split, resampling, or model fitting.",5,4,NOT_FEASIBLE,P012_SERIES01|PAPER_FALLBACK::P003,11,2,6,0,21,5,6,0,17,6,4,0,1,5,4,13,0,0,0,4
T1_TRIP,T1_GKF_K5_F04,GROUP_K_FOLD_K5,Leakage_Group_Strict_WITH_PAPER_FALLBACK,26,6,10,2,21,5,6,0,True,False,0,0,0,0,1,0,M3_PLUS_PROCESSING,13,6,ZERO_PROVENANCE_GROUP_OVERLAP; EXACT_SOURCE_ALLOY_FAMILY_OVERLAP_LIMITS_G2,Only 5 TRIP negatives across 4 strict groups; M2 retains 2 negatives across 2 strict groups; At least one required class is absent from training or validation,INVALID_CLASS_SUPPORT,"Label-blind deterministic greedy group allocation by descending target-usable group size and lexical group ID; group independence takes precedence over exact stratification; no row-random split, resampling, or model fitting.",5,4,NOT_FEASIBLE,P012_SERIES01|PAPER_FALLBACK::P003,11,2,6,0,21,5,6,0,17,6,4,0,1,5,4,13,0,0,0,4
T1_TRIP,T1_GKF_K5_F04,GROUP_K_FOLD_K5,Leakage_Group_Strict_WITH_PAPER_FALLBACK,26,6,10,2,21,5,6,0,True,False,0,0,0,0,1,0,M4_PLUS_PHYSICS,13,6,ZERO_PROVENANCE_GROUP_OVERLAP; EXACT_SOURCE_ALLOY_FAMILY_OVERLAP_LIMITS_G2,Only 5 TRIP negatives across 4 strict groups; M2 retains 2 negatives across 2 strict groups; At least one required class is absent from training or validation,INVALID_CLASS_SUPPORT,"Label-blind deterministic greedy group allocation by descending target-usable group size and lexical group ID; group independence takes precedence over exact stratification; no row-random split, resampling, or model fitting.",5,4,NOT_FEASIBLE,P012_SERIES01|PAPER_FALLBACK::P003,11,2,6,0,21,5,6,0,17,6,4,0,1,5,4,13,0,0,0,4
T1_TRIP,T1_GKF_K5_F04,GROUP_K_FOLD_K5,Leakage_Group_Strict_WITH_PAPER_FALLBACK,26,6,10,2,21,5,6,0,True,False,0,0,0,0,1,0,M5_PLUS_INITIAL_MICROSTRUCTURE,10,6,ZERO_PROVENANCE_GROUP_OVERLAP; EXACT_SOURCE_ALLOY_FAMILY_OVERLAP_LIMITS_G2,Only 5 TRIP negatives across 4 strict groups; M2 retains 2 negatives across 2 strict groups; At least one required class is absent from training or validation,INVALID_CLASS_SUPPORT,"Label-blind deterministic greedy group allocation by descending target-usable group size and lexical group ID; group independence takes precedence over exact stratification; no row-random split, resampling, or model fitting.",5,4,NOT_FEASIBLE,P012_SERIES01|PAPER_FALLBACK::P003,10,0,6,0,21,5,6,0,17,6,4,0,1,5,4,13,0,0,0,4
T1_TRIP,T1_GKF_K5_F05,GROUP_K_FOLD_K5,Leakage_Group_Strict_WITH_PAPER_FALLBACK,26,6,10,2,21,5,6,0,True,False,0,0,0,0,0,0,M1_CHEMISTRY,21,3,ZERO_PAPER_STUDY_MATERIAL_STRICT_AND_EXACT_SOURCE_FAMILY_OVERLAP,Only 5 TRIP negatives across 4 strict groups; M2 retains 2 negatives across 2 strict groups; At least one required class is absent from training or validation,INVALID_CLASS_SUPPORT,"Label-blind deterministic greedy group allocation by descending target-usable group size and lexical group ID; group independence takes precedence over exact stratification; no row-random split, resampling, or model fitting.",5,5,NOT_FEASIBLE,PAPER_FALLBACK::P001|PAPER_FALLBACK::P016,18,3,3,0,21,5,6,0,20,3,1,3,1,2,4,16,0,3,0,1
T1_TRIP,T1_GKF_K5_F05,GROUP_K_FOLD_K5,Leakage_Group_Strict_WITH_PAPER_FALLBACK,26,6,10,2,21,5,6,0,True,False,0,0,0,0,0,0,M2_CHEMISTRY_PLUS_TEST,16,3,ZERO_PAPER_STUDY_MATERIAL_STRICT_AND_EXACT_SOURCE_FAMILY_OVERLAP,Only 5 TRIP negatives across 4 strict groups; M2 retains 2 negatives across 2 strict groups; At least one required class is absent from training or validation,INVALID_CLASS_SUPPORT,"Label-blind deterministic greedy group allocation by descending target-usable group size and lexical group ID; group independence takes precedence over exact stratification; no row-random split, resampling, or model fitting.",5,5,NOT_FEASIBLE,PAPER_FALLBACK::P001|PAPER_FALLBACK::P016,14,2,3,0,21,5,6,0,20,3,1,3,1,2,4,16,0,3,0,1
T1_TRIP,T1_GKF_K5_F05,GROUP_K_FOLD_K5,Leakage_Group_Strict_WITH_PAPER_FALLBACK,26,6,10,2,21,5,6,0,True,False,0,0,0,0,0,0,M3_PLUS_PROCESSING,16,3,ZERO_PAPER_STUDY_MATERIAL_STRICT_AND_EXACT_SOURCE_FAMILY_OVERLAP,Only 5 TRIP negatives across 4 strict groups; M2 retains 2 negatives across 2 strict groups; At least one required class is absent from training or validation,INVALID_CLASS_SUPPORT,"Label-blind deterministic greedy group allocation by descending target-usable group size and lexical group ID; group independence takes precedence over exact stratification; no row-random split, resampling, or model fitting.",5,5,NOT_FEASIBLE,PAPER_FALLBACK::P001|PAPER_FALLBACK::P016,14,2,3,0,21,5,6,0,20,3,1,3,1,2,4,16,0,3,0,1
T1_TRIP,T1_GKF_K5_F05,GROUP_K_FOLD_K5,Leakage_Group_Strict_WITH_PAPER_FALLBACK,26,6,10,2,21,5,6,0,True,False,0,0,0,0,0,0,M4_PLUS_PHYSICS,16,3,ZERO_PAPER_STUDY_MATERIAL_STRICT_AND_EXACT_SOURCE_FAMILY_OVERLAP,Only 5 TRIP negatives across 4 strict groups; M2 retains 2 negatives across 2 strict groups; At least one required class is absent from training or validation,INVALID_CLASS_SUPPORT,"Label-blind deterministic greedy group allocation by descending target-usable group size and lexical group ID; group independence takes precedence over exact stratification; no row-random split, resampling, or model fitting.",5,5,NOT_FEASIBLE,PAPER_FALLBACK::P001|PAPER_FALLBACK::P016,14,2,3,0,21,5,6,0,20,3,1,3,1,2,4,16,0,3,0,1
T1_TRIP,T1_GKF_K5_F05,GROUP_K_FOLD_K5,Leakage_Group_Strict_WITH_PAPER_FALLBACK,26,6,10,2,21,5,6,0,True,False,0,0,0,0,0,0,M5_PLUS_INITIAL_MICROSTRUCTURE,13,3,ZERO_PAPER_STUDY_MATERIAL_STRICT_AND_EXACT_SOURCE_FAMILY_OVERLAP,Only 5 TRIP negatives across 4 strict groups; M2 retains 2 negatives across 2 strict groups; At least one required class is absent from training or validation,INVALID_CLASS_SUPPORT,"Label-blind deterministic greedy group allocation by descending target-usable group size and lexical group ID; group independence takes precedence over exact stratification; no row-random split, resampling, or model fitting.",5,5,NOT_FEASIBLE,PAPER_FALLBACK::P001|PAPER_FALLBACK::P016,13,0,3,0,21,5,6,0,20,3,1,3,1,2,4,16,0,3,0,1
T1_TRIP,T1_GH_STRICT_01,DETERMINISTIC_GROUPED_HOLDOUT,Leakage_Group_Strict_WITH_PAPER_FALLBACK,24,8,9,3,22,2,5,3,True,True,0,0,0,0,0,0,M1_CHEMISTRY,18,6,ZERO_PAPER_STUDY_MATERIAL_STRICT_AND_EXACT_SOURCE_FAMILY_OVERLAP,Only 5 TRIP negatives across 4 strict groups; M2 retains 2 negatives across 2 strict groups,VALID_LIMITED,"Exhaustive lexical search over two/three strict validation groups; validation size constrained to 18-35%; both full-target and raw M2-complete subsets retain both classes; exact unparsed source-alloy families are disjoint; distinct negative-group sets retained; held groups=P010_SERIES01|P015_SERIES01|PAPER_FALLBACK::P002; group independence takes precedence over exact stratification; no row-random split, resampling, or model fitting.",1,1,FEASIBLE,P010_SERIES01|P015_SERIES01|PAPER_FALLBACK::P002,17,1,4,2,22,2,5,3,14,5,7,1,0,5,2,12,1,0,2,5
T1_TRIP,T1_GH_STRICT_01,DETERMINISTIC_GROUPED_HOLDOUT,Leakage_Group_Strict_WITH_PAPER_FALLBACK,24,8,9,3,22,2,5,3,True,True,0,0,0,0,0,0,M2_CHEMISTRY_PLUS_TEST,16,3,ZERO_PAPER_STUDY_MATERIAL_STRICT_AND_EXACT_SOURCE_FAMILY_OVERLAP,Only 5 TRIP negatives across 4 strict groups; M2 retains 2 negatives across 2 strict groups,VALID_LIMITED,"Exhaustive lexical search over two/three strict validation groups; validation size constrained to 18-35%; both full-target and raw M2-complete subsets retain both classes; exact unparsed source-alloy families are disjoint; distinct negative-group sets retained; held groups=P010_SERIES01|P015_SERIES01|PAPER_FALLBACK::P002; group independence takes precedence over exact stratification; no row-random split, resampling, or model fitting.",1,1,FEASIBLE,P010_SERIES01|P015_SERIES01|PAPER_FALLBACK::P002,15,1,2,1,22,2,5,3,14,5,7,1,0,5,2,12,1,0,2,5
T1_TRIP,T1_GH_STRICT_01,DETERMINISTIC_GROUPED_HOLDOUT,Leakage_Group_Strict_WITH_PAPER_FALLBACK,24,8,9,3,22,2,5,3,True,True,0,0,0,0,0,0,M3_PLUS_PROCESSING,16,3,ZERO_PAPER_STUDY_MATERIAL_STRICT_AND_EXACT_SOURCE_FAMILY_OVERLAP,Only 5 TRIP negatives across 4 strict groups; M2 retains 2 negatives across 2 strict groups,VALID_LIMITED,"Exhaustive lexical search over two/three strict validation groups; validation size constrained to 18-35%; both full-target and raw M2-complete subsets retain both classes; exact unparsed source-alloy families are disjoint; distinct negative-group sets retained; held groups=P010_SERIES01|P015_SERIES01|PAPER_FALLBACK::P002; group independence takes precedence over exact stratification; no row-random split, resampling, or model fitting.",1,1,FEASIBLE,P010_SERIES01|P015_SERIES01|PAPER_FALLBACK::P002,15,1,2,1,22,2,5,3,14,5,7,1,0,5,2,12,1,0,2,5
T1_TRIP,T1_GH_STRICT_01,DETERMINISTIC_GROUPED_HOLDOUT,Leakage_Group_Strict_WITH_PAPER_FALLBACK,24,8,9,3,22,2,5,3,True,True,0,0,0,0,0,0,M4_PLUS_PHYSICS,16,3,ZERO_PAPER_STUDY_MATERIAL_STRICT_AND_EXACT_SOURCE_FAMILY_OVERLAP,Only 5 TRIP negatives across 4 strict groups; M2 retains 2 negatives across 2 strict groups,VALID_LIMITED,"Exhaustive lexical search over two/three strict validation groups; validation size constrained to 18-35%; both full-target and raw M2-complete subsets retain both classes; exact unparsed source-alloy families are disjoint; distinct negative-group sets retained; held groups=P010_SERIES01|P015_SERIES01|PAPER_FALLBACK::P002; group independence takes precedence over exact stratification; no row-random split, resampling, or model fitting.",1,1,FEASIBLE,P010_SERIES01|P015_SERIES01|PAPER_FALLBACK::P002,15,1,2,1,22,2,5,3,14,5,7,1,0,5,2,12,1,0,2,5
T1_TRIP,T1_GH_STRICT_01,DETERMINISTIC_GROUPED_HOLDOUT,Leakage_Group_Strict_WITH_PAPER_FALLBACK,24,8,9,3,22,2,5,3,True,True,0,0,0,0,0,0,M5_PLUS_INITIAL_MICROSTRUCTURE,15,1,ZERO_PAPER_STUDY_MATERIAL_STRICT_AND_EXACT_SOURCE_FAMILY_OVERLAP,Only 5 TRIP negatives across 4 strict groups; M2 retains 2 negatives across 2 strict groups; M5_PLUS_INITIAL_MICROSTRUCTURE complete cases do not retain both target classes in training and validation,INVALID_CLASS_SUPPORT,"Exhaustive lexical search over two/three strict validation groups; validation size constrained to 18-35%; both full-target and raw M2-complete subsets retain both classes; exact unparsed source-alloy families are disjoint; distinct negative-group sets retained; held groups=P010_SERIES01|P015_SERIES01|PAPER_FALLBACK::P002; group independence takes precedence over exact stratification; no row-random split, resampling, or model fitting.",1,1,TARGET_ROSTER_FEASIBLE; FEATURE_SET_NOT_FEASIBLE,P010_SERIES01|P015_SERIES01|PAPER_FALLBACK::P002,15,0,1,0,22,2,5,3,14,5,7,1,0,5,2,12,1,0,2,5
T1_TRIP,T1_GH_STRICT_02,DETERMINISTIC_GROUPED_HOLDOUT,Leakage_Group_Strict_WITH_PAPER_FALLBACK,24,8,9,3,21,3,6,2,True,True,0,0,0,0,0,0,M1_CHEMISTRY,18,6,ZERO_PAPER_STUDY_MATERIAL_STRICT_AND_EXACT_SOURCE_FAMILY_OVERLAP,Only 5 TRIP negatives across 4 strict groups; M2 retains 2 negatives across 2 strict groups,VALID_LIMITED,"Exhaustive lexical search over two/three strict validation groups; validation size constrained to 18-35%; both full-target and raw M2-complete subsets retain both classes; exact unparsed source-alloy families are disjoint; distinct negative-group sets retained; held groups=P012_SERIES01|P015_SERIES01|PAPER_FALLBACK::P002; group independence takes precedence over exact stratification; no row-random split, resampling, or model fitting.",1,1,FEASIBLE,P012_SERIES01|P015_SERIES01|PAPER_FALLBACK::P002,16,2,5,1,21,3,6,2,16,5,5,1,0,5,3,13,1,0,1,4
T1_TRIP,T1_GH_STRICT_02,DETERMINISTIC_GROUPED_HOLDOUT,Leakage_Group_Strict_WITH_PAPER_FALLBACK,24,8,9,3,21,3,6,2,True,True,0,0,0,0,0,0,M2_CHEMISTRY_PLUS_TEST,13,6,ZERO_PAPER_STUDY_MATERIAL_STRICT_AND_EXACT_SOURCE_FAMILY_OVERLAP,Only 5 TRIP negatives across 4 strict groups; M2 retains 2 negatives across 2 strict groups,VALID_LIMITED,"Exhaustive lexical search over two/three strict validation groups; validation size constrained to 18-35%; both full-target and raw M2-complete subsets retain both classes; exact unparsed source-alloy families are disjoint; distinct negative-group sets retained; held groups=P012_SERIES01|P015_SERIES01|PAPER_FALLBACK::P002; group independence takes precedence over exact stratification; no row-random split, resampling, or model fitting.",1,1,FEASIBLE,P012_SERIES01|P015_SERIES01|PAPER_FALLBACK::P002,12,1,5,1,21,3,6,2,16,5,5,1,0,5,3,13,1,0,1,4
T1_TRIP,T1_GH_STRICT_02,DETERMINISTIC_GROUPED_HOLDOUT,Leakage_Group_Strict_WITH_PAPER_FALLBACK,24,8,9,3,21,3,6,2,True,True,0,0,0,0,0,0,M3_PLUS_PROCESSING,13,6,ZERO_PAPER_STUDY_MATERIAL_STRICT_AND_EXACT_SOURCE_FAMILY_OVERLAP,Only 5 TRIP negatives across 4 strict groups; M2 retains 2 negatives across 2 strict groups,VALID_LIMITED,"Exhaustive lexical search over two/three strict validation groups; validation size constrained to 18-35%; both full-target and raw M2-complete subsets retain both classes; exact unparsed source-alloy families are disjoint; distinct negative-group sets retained; held groups=P012_SERIES01|P015_SERIES01|PAPER_FALLBACK::P002; group independence takes precedence over exact stratification; no row-random split, resampling, or model fitting.",1,1,FEASIBLE,P012_SERIES01|P015_SERIES01|PAPER_FALLBACK::P002,12,1,5,1,21,3,6,2,16,5,5,1,0,5,3,13,1,0,1,4
T1_TRIP,T1_GH_STRICT_02,DETERMINISTIC_GROUPED_HOLDOUT,Leakage_Group_Strict_WITH_PAPER_FALLBACK,24,8,9,3,21,3,6,2,True,True,0,0,0,0,0,0,M4_PLUS_PHYSICS,13,6,ZERO_PAPER_STUDY_MATERIAL_STRICT_AND_EXACT_SOURCE_FAMILY_OVERLAP,Only 5 TRIP negatives across 4 strict groups; M2 retains 2 negatives across 2 strict groups,VALID_LIMITED,"Exhaustive lexical search over two/three strict validation groups; validation size constrained to 18-35%; both full-target and raw M2-complete subsets retain both classes; exact unparsed source-alloy families are disjoint; distinct negative-group sets retained; held groups=P012_SERIES01|P015_SERIES01|PAPER_FALLBACK::P002; group independence takes precedence over exact stratification; no row-random split, resampling, or model fitting.",1,1,FEASIBLE,P012_SERIES01|P015_SERIES01|PAPER_FALLBACK::P002,12,1,5,1,21,3,6,2,16,5,5,1,0,5,3,13,1,0,1,4
T1_TRIP,T1_GH_STRICT_02,DETERMINISTIC_GROUPED_HOLDOUT,Leakage_Group_Strict_WITH_PAPER_FALLBACK,24,8,9,3,21,3,6,2,True,True,0,0,0,0,0,0,M5_PLUS_INITIAL_MICROSTRUCTURE,12,4,ZERO_PAPER_STUDY_MATERIAL_STRICT_AND_EXACT_SOURCE_FAMILY_OVERLAP,Only 5 TRIP negatives across 4 strict groups; M2 retains 2 negatives across 2 strict groups; M5_PLUS_INITIAL_MICROSTRUCTURE complete cases do not retain both target classes in training and validation,INVALID_CLASS_SUPPORT,"Exhaustive lexical search over two/three strict validation groups; validation size constrained to 18-35%; both full-target and raw M2-complete subsets retain both classes; exact unparsed source-alloy families are disjoint; distinct negative-group sets retained; held groups=P012_SERIES01|P015_SERIES01|PAPER_FALLBACK::P002; group independence takes precedence over exact stratification; no row-random split, resampling, or model fitting.",1,1,TARGET_ROSTER_FEASIBLE; FEATURE_SET_NOT_FEASIBLE,P012_SERIES01|P015_SERIES01|PAPER_FALLBACK::P002,12,0,4,0,21,3,6,2,16,5,5,1,0,5,3,13,1,0,1,4
T1_TRIP,T1_GH_STRICT_03,DETERMINISTIC_GROUPED_HOLDOUT,Leakage_Group_Strict_WITH_PAPER_FALLBACK,24,8,10,2,21,3,6,2,True,True,0,0,0,0,0,0,M1_CHEMISTRY,19,5,ZERO_PAPER_STUDY_MATERIAL_STRICT_AND_EXACT_SOURCE_FAMILY_OVERLAP,Only 5 TRIP negatives across 4 strict groups; M2 retains 2 negatives across 2 strict groups,VALID_LIMITED,"Exhaustive lexical search over two/three strict validation groups; validation size constrained to 18-35%; both full-target and raw M2-complete subsets retain both classes; exact unparsed source-alloy families are disjoint; distinct negative-group sets retained; held groups=P007_SERIES01|P008_SERIES01; group independence takes precedence over exact stratification; no row-random split, resampling, or model fitting.",1,1,FEASIBLE,P007_SERIES01|P008_SERIES01,17,2,4,1,21,3,6,2,15,5,6,1,1,4,2,13,0,1,2,4
T1_TRIP,T1_GH_STRICT_03,DETERMINISTIC_GROUPED_HOLDOUT,Leakage_Group_Strict_WITH_PAPER_FALLBACK,24,8,10,2,21,3,6,2,True,True,0,0,0,0,0,0,M2_CHEMISTRY_PLUS_TEST,14,5,ZERO_PAPER_STUDY_MATERIAL_STRICT_AND_EXACT_SOURCE_FAMILY_OVERLAP,Only 5 TRIP negatives across 4 strict groups; M2 retains 2 negatives across 2 strict groups,VALID_LIMITED,"Exhaustive lexical search over two/three strict validation groups; validation size constrained to 18-35%; both full-target and raw M2-complete subsets retain both classes; exact unparsed source-alloy families are disjoint; distinct negative-group sets retained; held groups=P007_SERIES01|P008_SERIES01; group independence takes precedence over exact stratification; no row-random split, resampling, or model fitting.",1,1,FEASIBLE,P007_SERIES01|P008_SERIES01,13,1,4,1,21,3,6,2,15,5,6,1,1,4,2,13,0,1,2,4
T1_TRIP,T1_GH_STRICT_03,DETERMINISTIC_GROUPED_HOLDOUT,Leakage_Group_Strict_WITH_PAPER_FALLBACK,24,8,10,2,21,3,6,2,True,True,0,0,0,0,0,0,M3_PLUS_PROCESSING,14,5,ZERO_PAPER_STUDY_MATERIAL_STRICT_AND_EXACT_SOURCE_FAMILY_OVERLAP,Only 5 TRIP negatives across 4 strict groups; M2 retains 2 negatives across 2 strict groups,VALID_LIMITED,"Exhaustive lexical search over two/three strict validation groups; validation size constrained to 18-35%; both full-target and raw M2-complete subsets retain both classes; exact unparsed source-alloy families are disjoint; distinct negative-group sets retained; held groups=P007_SERIES01|P008_SERIES01; group independence takes precedence over exact stratification; no row-random split, resampling, or model fitting.",1,1,FEASIBLE,P007_SERIES01|P008_SERIES01,13,1,4,1,21,3,6,2,15,5,6,1,1,4,2,13,0,1,2,4
T1_TRIP,T1_GH_STRICT_03,DETERMINISTIC_GROUPED_HOLDOUT,Leakage_Group_Strict_WITH_PAPER_FALLBACK,24,8,10,2,21,3,6,2,True,True,0,0,0,0,0,0,M4_PLUS_PHYSICS,14,5,ZERO_PAPER_STUDY_MATERIAL_STRICT_AND_EXACT_SOURCE_FAMILY_OVERLAP,Only 5 TRIP negatives across 4 strict groups; M2 retains 2 negatives across 2 strict groups,VALID_LIMITED,"Exhaustive lexical search over two/three strict validation groups; validation size constrained to 18-35%; both full-target and raw M2-complete subsets retain both classes; exact unparsed source-alloy families are disjoint; distinct negative-group sets retained; held groups=P007_SERIES01|P008_SERIES01; group independence takes precedence over exact stratification; no row-random split, resampling, or model fitting.",1,1,FEASIBLE,P007_SERIES01|P008_SERIES01,13,1,4,1,21,3,6,2,15,5,6,1,1,4,2,13,0,1,2,4
T1_TRIP,T1_GH_STRICT_03,DETERMINISTIC_GROUPED_HOLDOUT,Leakage_Group_Strict_WITH_PAPER_FALLBACK,24,8,10,2,21,3,6,2,True,True,0,0,0,0,0,0,M5_PLUS_INITIAL_MICROSTRUCTURE,12,4,ZERO_PAPER_STUDY_MATERIAL_STRICT_AND_EXACT_SOURCE_FAMILY_OVERLAP,Only 5 TRIP negatives across 4 strict groups; M2 retains 2 negatives across 2 strict groups; M5_PLUS_INITIAL_MICROSTRUCTURE complete cases do not retain both target classes in training and validation,INVALID_CLASS_SUPPORT,"Exhaustive lexical search over two/three strict validation groups; validation size constrained to 18-35%; both full-target and raw M2-complete subsets retain both classes; exact unparsed source-alloy families are disjoint; distinct negative-group sets retained; held groups=P007_SERIES01|P008_SERIES01; group independence takes precedence over exact stratification; no row-random split, resampling, or model fitting.",1,1,TARGET_ROSTER_FEASIBLE; FEATURE_SET_NOT_FEASIBLE,P007_SERIES01|P008_SERIES01,12,0,4,0,21,3,6,2,15,5,6,1,1,4,2,13,0,1,2,4
T2_TWIP,T2_LOPO_F01_P001,LEAVE_ONE_PAPER_OUT,Paper_ID,27,3,11,1,24,3,0,3,True,False,0,0,0,0,0,0,M1_CHEMISTRY,22,3,ZERO_PAPER_STUDY_MATERIAL_STRICT_AND_EXACT_SOURCE_FAMILY_OVERLAP,Only 6 TWIP negatives across 4 strict groups; one paper contributes 3 negatives; At least one required class is absent from training or validation,INVALID_CLASS_SUPPORT,"Deterministic leave-one-group-out fold holding P001; group independence takes precedence over exact stratification; no row-random split, resampling, or model fitting.",12,1,NOT_FEASIBLE,P001,19,3,0,3,19,5,3,0,24,3,0,3,1,2,4,17,0,3,0,0
T2_TWIP,T2_LOPO_F01_P001,LEAVE_ONE_PAPER_OUT,Paper_ID,27,3,11,1,24,3,0,3,True,False,0,0,0,0,0,0,M2_CHEMISTRY_PLUS_TEST,17,3,ZERO_PAPER_STUDY_MATERIAL_STRICT_AND_EXACT_SOURCE_FAMILY_OVERLAP,Only 6 TWIP negatives across 4 strict groups; one paper contributes 3 negatives; At least one required class is absent from training or validation,INVALID_CLASS_SUPPORT,"Deterministic leave-one-group-out fold holding P001; group independence takes precedence over exact stratification; no row-random split, resampling, or model fitting.",12,1,NOT_FEASIBLE,P001,14,3,0,3,19,5,3,0,24,3,0,3,1,2,4,17,0,3,0,0
T2_TWIP,T2_LOPO_F01_P001,LEAVE_ONE_PAPER_OUT,Paper_ID,27,3,11,1,24,3,0,3,True,False,0,0,0,0,0,0,M3_PLUS_PROCESSING,17,3,ZERO_PAPER_STUDY_MATERIAL_STRICT_AND_EXACT_SOURCE_FAMILY_OVERLAP,Only 6 TWIP negatives across 4 strict groups; one paper contributes 3 negatives; At least one required class is absent from training or validation,INVALID_CLASS_SUPPORT,"Deterministic leave-one-group-out fold holding P001; group independence takes precedence over exact stratification; no row-random split, resampling, or model fitting.",12,1,NOT_FEASIBLE,P001,14,3,0,3,19,5,3,0,24,3,0,3,1,2,4,17,0,3,0,0
T2_TWIP,T2_LOPO_F01_P001,LEAVE_ONE_PAPER_OUT,Paper_ID,27,3,11,1,24,3,0,3,True,False,0,0,0,0,0,0,M4_PLUS_PHYSICS,17,3,ZERO_PAPER_STUDY_MATERIAL_STRICT_AND_EXACT_SOURCE_FAMILY_OVERLAP,Only 6 TWIP negatives across 4 strict groups; one paper contributes 3 negatives; At least one required class is absent from training or validation,INVALID_CLASS_SUPPORT,"Deterministic leave-one-group-out fold holding P001; group independence takes precedence over exact stratification; no row-random split, resampling, or model fitting.",12,1,NOT_FEASIBLE,P001,14,3,0,3,19,5,3,0,24,3,0,3,1,2,4,17,0,3,0,0
T2_TWIP,T2_LOPO_F01_P001,LEAVE_ONE_PAPER_OUT,Paper_ID,27,3,11,1,24,3,0,3,True,False,0,0,0,0,0,0,M5_PLUS_INITIAL_MICROSTRUCTURE,14,3,ZERO_PAPER_STUDY_MATERIAL_STRICT_AND_EXACT_SOURCE_FAMILY_OVERLAP,Only 6 TWIP negatives across 4 strict groups; one paper contributes 3 negatives; At least one required class is absent from training or validation,INVALID_CLASS_SUPPORT,"Deterministic leave-one-group-out fold holding P001; group independence takes precedence over exact stratification; no row-random split, resampling, or model fitting.",12,1,NOT_FEASIBLE,P001,12,2,0,3,19,5,3,0,24,3,0,3,1,2,4,17,0,3,0,0
T2_TWIP,T2_LOPO_F02_P002,LEAVE_ONE_PAPER_OUT,Paper_ID,27,3,11,1,22,5,2,1,True,True,0,0,0,0,0,0,M1_CHEMISTRY,22,3,ZERO_PAPER_STUDY_MATERIAL_STRICT_AND_EXACT_SOURCE_FAMILY_OVERLAP,Only 6 TWIP negatives across 4 strict groups; one paper contributes 3 negatives,EXPLORATORY_ONLY,"Deterministic leave-one-group-out fold holding P002; group independence takes precedence over exact stratification; no row-random split, resampling, or model fitting.",12,2,NOT_FEASIBLE,P002,17,5,2,1,20,4,2,1,22,5,2,1,0,5,4,15,1,0,0,2
T2_TWIP,T2_LOPO_F02_P002,LEAVE_ONE_PAPER_OUT,Paper_ID,27,3,11,1,22,5,2,1,True,True,0,0,0,0,0,0,M2_CHEMISTRY_PLUS_TEST,17,3,ZERO_PAPER_STUDY_MATERIAL_STRICT_AND_EXACT_SOURCE_FAMILY_OVERLAP,Only 6 TWIP negatives across 4 strict groups; one paper contributes 3 negatives,EXPLORATORY_ONLY,"Deterministic leave-one-group-out fold holding P002; group independence takes precedence over exact stratification; no row-random split, resampling, or model fitting.",12,2,NOT_FEASIBLE,P002,12,5,2,1,20,4,2,1,22,5,2,1,0,5,4,15,1,0,0,2
T2_TWIP,T2_LOPO_F02_P002,LEAVE_ONE_PAPER_OUT,Paper_ID,27,3,11,1,22,5,2,1,True,True,0,0,0,0,0,0,M3_PLUS_PROCESSING,17,3,ZERO_PAPER_STUDY_MATERIAL_STRICT_AND_EXACT_SOURCE_FAMILY_OVERLAP,Only 6 TWIP negatives across 4 strict groups; one paper contributes 3 negatives,EXPLORATORY_ONLY,"Deterministic leave-one-group-out fold holding P002; group independence takes precedence over exact stratification; no row-random split, resampling, or model fitting.",12,2,NOT_FEASIBLE,P002,12,5,2,1,20,4,2,1,22,5,2,1,0,5,4,15,1,0,0,2
T2_TWIP,T2_LOPO_F02_P002,LEAVE_ONE_PAPER_OUT,Paper_ID,27,3,11,1,22,5,2,1,True,True,0,0,0,0,0,0,M4_PLUS_PHYSICS,17,3,ZERO_PAPER_STUDY_MATERIAL_STRICT_AND_EXACT_SOURCE_FAMILY_OVERLAP,Only 6 TWIP negatives across 4 strict groups; one paper contributes 3 negatives,EXPLORATORY_ONLY,"Deterministic leave-one-group-out fold holding P002; group independence takes precedence over exact stratification; no row-random split, resampling, or model fitting.",12,2,NOT_FEASIBLE,P002,12,5,2,1,20,4,2,1,22,5,2,1,0,5,4,15,1,0,0,2
T2_TWIP,T2_LOPO_F02_P002,LEAVE_ONE_PAPER_OUT,Paper_ID,27,3,11,1,22,5,2,1,True,True,0,0,0,0,0,0,M5_PLUS_INITIAL_MICROSTRUCTURE,16,1,ZERO_PAPER_STUDY_MATERIAL_STRICT_AND_EXACT_SOURCE_FAMILY_OVERLAP,Only 6 TWIP negatives across 4 strict groups; one paper contributes 3 negatives,EXPLORATORY_ONLY,"Deterministic leave-one-group-out fold holding P002; group independence takes precedence over exact stratification; no row-random split, resampling, or model fitting.",12,2,NOT_FEASIBLE,P002,11,5,1,0,20,4,2,1,22,5,2,1,0,5,4,15,1,0,0,2
T2_TWIP,T2_LOPO_F03_P003,LEAVE_ONE_PAPER_OUT,Paper_ID,27,3,11,1,21,6,3,0,True,False,0,0,0,0,1,0,M1_CHEMISTRY,22,3,ZERO_PROVENANCE_GROUP_OVERLAP; EXACT_SOURCE_ALLOY_FAMILY_OVERLAP_LIMITS_G2,Only 6 TWIP negatives across 4 strict groups; one paper contributes 3 negatives; At least one required class is absent from training or validation,INVALID_CLASS_SUPPORT,"Deterministic leave-one-group-out fold holding P003; group independence takes precedence over exact stratification; no row-random split, resampling, or model fitting.",12,3,NOT_FEASIBLE,P003,16,6,3,0,19,5,3,0,21,6,3,0,1,5,4,14,0,0,0,3
T2_TWIP,T2_LOPO_F03_P003,LEAVE_ONE_PAPER_OUT,Paper_ID,27,3,11,1,21,6,3,0,True,False,0,0,0,0,1,0,M2_CHEMISTRY_PLUS_TEST,17,3,ZERO_PROVENANCE_GROUP_OVERLAP; EXACT_SOURCE_ALLOY_FAMILY_OVERLAP_LIMITS_G2,Only 6 TWIP negatives across 4 strict groups; one paper contributes 3 negatives; At least one required class is absent from training or validation,INVALID_CLASS_SUPPORT,"Deterministic leave-one-group-out fold holding P003; group independence takes precedence over exact stratification; no row-random split, resampling, or model fitting.",12,3,NOT_FEASIBLE,P003,11,6,3,0,19,5,3,0,21,6,3,0,1,5,4,14,0,0,0,3
T2_TWIP,T2_LOPO_F03_P003,LEAVE_ONE_PAPER_OUT,Paper_ID,27,3,11,1,21,6,3,0,True,False,0,0,0,0,1,0,M3_PLUS_PROCESSING,17,3,ZERO_PROVENANCE_GROUP_OVERLAP; EXACT_SOURCE_ALLOY_FAMILY_OVERLAP_LIMITS_G2,Only 6 TWIP negatives across 4 strict groups; one paper contributes 3 negatives; At least one required class is absent from training or validation,INVALID_CLASS_SUPPORT,"Deterministic leave-one-group-out fold holding P003; group independence takes precedence over exact stratification; no row-random split, resampling, or model fitting.",12,3,NOT_FEASIBLE,P003,11,6,3,0,19,5,3,0,21,6,3,0,1,5,4,14,0,0,0,3
T2_TWIP,T2_LOPO_F03_P003,LEAVE_ONE_PAPER_OUT,Paper_ID,27,3,11,1,21,6,3,0,True,False,0,0,0,0,1,0,M4_PLUS_PHYSICS,17,3,ZERO_PROVENANCE_GROUP_OVERLAP; EXACT_SOURCE_ALLOY_FAMILY_OVERLAP_LIMITS_G2,Only 6 TWIP negatives across 4 strict groups; one paper contributes 3 negatives; At least one required class is absent from training or validation,INVALID_CLASS_SUPPORT,"Deterministic leave-one-group-out fold holding P003; group independence takes precedence over exact stratification; no row-random split, resampling, or model fitting.",12,3,NOT_FEASIBLE,P003,11,6,3,0,19,5,3,0,21,6,3,0,1,5,4,14,0,0,0,3
T2_TWIP,T2_LOPO_F03_P003,LEAVE_ONE_PAPER_OUT,Paper_ID,27,3,11,1,21,6,3,0,True,False,0,0,0,0,1,0,M5_PLUS_INITIAL_MICROSTRUCTURE,14,3,ZERO_PROVENANCE_GROUP_OVERLAP; EXACT_SOURCE_ALLOY_FAMILY_OVERLAP_LIMITS_G2,Only 6 TWIP negatives across 4 strict groups; one paper contributes 3 negatives; At least one required class is absent from training or validation,INVALID_CLASS_SUPPORT,"Deterministic leave-one-group-out fold holding P003; group independence takes precedence over exact stratification; no row-random split, resampling, or model fitting.",12,3,NOT_FEASIBLE,P003,9,5,3,0,19,5,3,0,21,6,3,0,1,5,4,14,0,0,0,3
T2_TWIP,T2_LOPO_F04_P007,LEAVE_ONE_PAPER_OUT,Paper_ID,26,4,11,1,21,5,3,1,True,True,0,0,0,0,0,0,M1_CHEMISTRY,21,4,ZERO_PAPER_STUDY_MATERIAL_STRICT_AND_EXACT_SOURCE_FAMILY_OVERLAP,Only 6 TWIP negatives across 4 strict groups; one paper contributes 3 negatives,EXPLORATORY_ONLY,"Deterministic leave-one-group-out fold holding P007; group independence takes precedence over exact stratification; no row-random split, resampling, or model fitting.",12,4,NOT_FEASIBLE,P007,16,5,3,1,18,5,4,0,21,5,3,1,1,4,4,14,0,1,0,3
T2_TWIP,T2_LOPO_F04_P007,LEAVE_ONE_PAPER_OUT,Paper_ID,26,4,11,1,21,5,3,1,True,True,0,0,0,0,0,0,M2_CHEMISTRY_PLUS_TEST,16,4,ZERO_PAPER_STUDY_MATERIAL_STRICT_AND_EXACT_SOURCE_FAMILY_OVERLAP,Only 6 TWIP negatives across 4 strict groups; one paper contributes 3 negatives,EXPLORATORY_ONLY,"Deterministic leave-one-group-out fold holding P007; group independence takes precedence over exact stratification; no row-random split, resampling, or model fitting.",12,4,NOT_FEASIBLE,P007,11,5,3,1,18,5,4,0,21,5,3,1,1,4,4,14,0,1,0,3
T2_TWIP,T2_LOPO_F04_P007,LEAVE_ONE_PAPER_OUT,Paper_ID,26,4,11,1,21,5,3,1,True,True,0,0,0,0,0,0,M3_PLUS_PROCESSING,16,4,ZERO_PAPER_STUDY_MATERIAL_STRICT_AND_EXACT_SOURCE_FAMILY_OVERLAP,Only 6 TWIP negatives across 4 strict groups; one paper contributes 3 negatives,EXPLORATORY_ONLY,"Deterministic leave-one-group-out fold holding P007; group independence takes precedence over exact stratification; no row-random split, resampling, or model fitting.",12,4,NOT_FEASIBLE,P007,11,5,3,1,18,5,4,0,21,5,3,1,1,4,4,14,0,1,0,3
T2_TWIP,T2_LOPO_F04_P007,LEAVE_ONE_PAPER_OUT,Paper_ID,26,4,11,1,21,5,3,1,True,True,0,0,0,0,0,0,M4_PLUS_PHYSICS,16,4,ZERO_PAPER_STUDY_MATERIAL_STRICT_AND_EXACT_SOURCE_FAMILY_OVERLAP,Only 6 TWIP negatives across 4 strict groups; one paper contributes 3 negatives,EXPLORATORY_ONLY,"Deterministic leave-one-group-out fold holding P007; group independence takes precedence over exact stratification; no row-random split, resampling, or model fitting.",12,4,NOT_FEASIBLE,P007,11,5,3,1,18,5,4,0,21,5,3,1,1,4,4,14,0,1,0,3
T2_TWIP,T2_LOPO_F04_P007,LEAVE_ONE_PAPER_OUT,Paper_ID,26,4,11,1,21,5,3,1,True,True,0,0,0,0,0,0,M5_PLUS_INITIAL_MICROSTRUCTURE,13,4,ZERO_PAPER_STUDY_MATERIAL_STRICT_AND_EXACT_SOURCE_FAMILY_OVERLAP,Only 6 TWIP negatives across 4 strict groups; one paper contributes 3 negatives,EXPLORATORY_ONLY,"Deterministic leave-one-group-out fold holding P007; group independence takes precedence over exact stratification; no row-random split, resampling, or model fitting.",12,4,NOT_FEASIBLE,P007,9,4,3,1,18,5,4,0,21,5,3,1,1,4,4,14,0,1,0,3
T2_TWIP,T2_LOPO_F05_P008,LEAVE_ONE_PAPER_OUT,Paper_ID,27,3,11,1,21,6,3,0,True,False,0,0,0,0,0,0,M1_CHEMISTRY,24,1,ZERO_PAPER_STUDY_MATERIAL_STRICT_AND_EXACT_SOURCE_FAMILY_OVERLAP,Only 6 TWIP negatives across 4 strict groups; one paper contributes 3 negatives; At least one required class is absent from training or validation,INVALID_CLASS_SUPPORT,"Deterministic leave-one-group-out fold holding P008; group independence takes precedence over exact stratification; no row-random split, resampling, or model fitting.",12,5,NOT_FEASIBLE,P008,18,6,1,0,21,3,1,2,21,6,3,0,1,5,2,16,0,0,2,1
T2_TWIP,T2_LOPO_F05_P008,LEAVE_ONE_PAPER_OUT,Paper_ID,27,3,11,1,21,6,3,0,True,False,0,0,0,0,0,0,M2_CHEMISTRY_PLUS_TEST,19,1,ZERO_PAPER_STUDY_MATERIAL_STRICT_AND_EXACT_SOURCE_FAMILY_OVERLAP,Only 6 TWIP negatives across 4 strict groups; one paper contributes 3 negatives; At least one required class is absent from training or validation,INVALID_CLASS_SUPPORT,"Deterministic leave-one-group-out fold holding P008; group independence takes precedence over exact stratification; no row-random split, resampling, or model fitting.",12,5,NOT_FEASIBLE,P008,13,6,1,0,21,3,1,2,21,6,3,0,1,5,2,16,0,0,2,1
T2_TWIP,T2_LOPO_F05_P008,LEAVE_ONE_PAPER_OUT,Paper_ID,27,3,11,1,21,6,3,0,True,False,0,0,0,0,0,0,M3_PLUS_PROCESSING,19,1,ZERO_PAPER_STUDY_MATERIAL_STRICT_AND_EXACT_SOURCE_FAMILY_OVERLAP,Only 6 TWIP negatives across 4 strict groups; one paper contributes 3 negatives; At least one required class is absent from training or validation,INVALID_CLASS_SUPPORT,"Deterministic leave-one-group-out fold holding P008; group independence takes precedence over exact stratification; no row-random split, resampling, or model fitting.",12,5,NOT_FEASIBLE,P008,13,6,1,0,21,3,1,2,21,6,3,0,1,5,2,16,0,0,2,1
T2_TWIP,T2_LOPO_F05_P008,LEAVE_ONE_PAPER_OUT,Paper_ID,27,3,11,1,21,6,3,0,True,False,0,0,0,0,0,0,M4_PLUS_PHYSICS,19,1,ZERO_PAPER_STUDY_MATERIAL_STRICT_AND_EXACT_SOURCE_FAMILY_OVERLAP,Only 6 TWIP negatives across 4 strict groups; one paper contributes 3 negatives; At least one required class is absent from training or validation,INVALID_CLASS_SUPPORT,"Deterministic leave-one-group-out fold holding P008; group independence takes precedence over exact stratification; no row-random split, resampling, or model fitting.",12,5,NOT_FEASIBLE,P008,13,6,1,0,21,3,1,2,21,6,3,0,1,5,2,16,0,0,2,1
T2_TWIP,T2_LOPO_F05_P008,LEAVE_ONE_PAPER_OUT,Paper_ID,27,3,11,1,21,6,3,0,True,False,0,0,0,0,0,0,M5_PLUS_INITIAL_MICROSTRUCTURE,17,0,ZERO_PAPER_STUDY_MATERIAL_STRICT_AND_EXACT_SOURCE_FAMILY_OVERLAP,Only 6 TWIP negatives across 4 strict groups; one paper contributes 3 negatives; At least one required class is absent from training or validation,INVALID_CLASS_SUPPORT,"Deterministic leave-one-group-out fold holding P008; group independence takes precedence over exact stratification; no row-random split, resampling, or model fitting.",12,5,NOT_FEASIBLE,P008,12,5,0,0,21,3,1,2,21,6,3,0,1,5,2,16,0,0,2,1
T2_TWIP,T2_LOPO_F06_P010,LEAVE_ONE_PAPER_OUT,Paper_ID,27,3,11,1,21,6,3,0,True,False,0,0,0,0,0,0,M1_CHEMISTRY,22,3,ZERO_PAPER_STUDY_MATERIAL_STRICT_AND_EXACT_SOURCE_FAMILY_OVERLAP,Only 6 TWIP negatives across 4 strict groups; one paper contributes 3 negatives; At least one required class is absent from training or validation,INVALID_CLASS_SUPPORT,"Deterministic leave-one-group-out fold holding P010; group independence takes precedence over exact stratification; no row-random split, resampling, or model fitting.",12,6,NOT_FEASIBLE,P010,16,6,3,0,20,4,2,1,21,6,3,0,1,5,3,15,0,0,1,2
T2_TWIP,T2_LOPO_F06_P010,LEAVE_ONE_PAPER_OUT,Paper_ID,27,3,11,1,21,6,3,0,True,False,0,0,0,0,0,0,M2_CHEMISTRY_PLUS_TEST,20,0,ZERO_PAPER_STUDY_MATERIAL_STRICT_AND_EXACT_SOURCE_FAMILY_OVERLAP,Only 6 TWIP negatives across 4 strict groups; one paper contributes 3 negatives; At least one required class is absent from training or validation,INVALID_CLASS_SUPPORT,"Deterministic leave-one-group-out fold holding P010; group independence takes precedence over exact stratification; no row-random split, resampling, or model fitting.",12,6,NOT_FEASIBLE,P010,14,6,0,0,20,4,2,1,21,6,3,0,1,5,3,15,0,0,1,2
T2_TWIP,T2_LOPO_F06_P010,LEAVE_ONE_PAPER_OUT,Paper_ID,27,3,11,1,21,6,3,0,True,False,0,0,0,0,0,0,M3_PLUS_PROCESSING,20,0,ZERO_PAPER_STUDY_MATERIAL_STRICT_AND_EXACT_SOURCE_FAMILY_OVERLAP,Only 6 TWIP negatives across 4 strict groups; one paper contributes 3 negatives; At least one required class is absent from training or validation,INVALID_CLASS_SUPPORT,"Deterministic leave-one-group-out fold holding P010; group independence takes precedence over exact stratification; no row-random split, resampling, or model fitting.",12,6,NOT_FEASIBLE,P010,14,6,0,0,20,4,2,1,21,6,3,0,1,5,3,15,0,0,1,2
T2_TWIP,T2_LOPO_F06_P010,LEAVE_ONE_PAPER_OUT,Paper_ID,27,3,11,1,21,6,3,0,True,False,0,0,0,0,0,0,M4_PLUS_PHYSICS,20,0,ZERO_PAPER_STUDY_MATERIAL_STRICT_AND_EXACT_SOURCE_FAMILY_OVERLAP,Only 6 TWIP negatives across 4 strict groups; one paper contributes 3 negatives; At least one required class is absent from training or validation,INVALID_CLASS_SUPPORT,"Deterministic leave-one-group-out fold holding P010; group independence takes precedence over exact stratification; no row-random split, resampling, or model fitting.",12,6,NOT_FEASIBLE,P010,14,6,0,0,20,4,2,1,21,6,3,0,1,5,3,15,0,0,1,2
T2_TWIP,T2_LOPO_F06_P010,LEAVE_ONE_PAPER_OUT,Paper_ID,27,3,11,1,21,6,3,0,True,False,0,0,0,0,0,0,M5_PLUS_INITIAL_MICROSTRUCTURE,17,0,ZERO_PAPER_STUDY_MATERIAL_STRICT_AND_EXACT_SOURCE_FAMILY_OVERLAP,Only 6 TWIP negatives across 4 strict groups; one paper contributes 3 negatives; At least one required class is absent from training or validation,INVALID_CLASS_SUPPORT,"Deterministic leave-one-group-out fold holding P010; group independence takes precedence over exact stratification; no row-random split, resampling, or model fitting.",12,6,NOT_FEASIBLE,P010,12,5,0,0,20,4,2,1,21,6,3,0,1,5,3,15,0,0,1,2
T2_TWIP,T2_LOPO_F07_P011,LEAVE_ONE_PAPER_OUT,Paper_ID,28,2,11,1,23,5,1,1,True,True,0,0,0,0,1,0,M1_CHEMISTRY,23,2,ZERO_PROVENANCE_GROUP_OVERLAP; EXACT_SOURCE_ALLOY_FAMILY_OVERLAP_LIMITS_G2,Only 6 TWIP negatives across 4 strict groups; one paper contributes 3 negatives,EXPLORATORY_ONLY,"Deterministic leave-one-group-out fold holding P011; group independence takes precedence over exact stratification; no row-random split, resampling, or model fitting.",12,7,NOT_FEASIBLE,P011,18,5,1,1,20,5,2,0,23,5,1,1,1,4,4,16,0,1,0,1
T2_TWIP,T2_LOPO_F07_P011,LEAVE_ONE_PAPER_OUT,Paper_ID,28,2,11,1,23,5,1,1,True,True,0,0,0,0,1,0,M2_CHEMISTRY_PLUS_TEST,18,2,ZERO_PROVENANCE_GROUP_OVERLAP; EXACT_SOURCE_ALLOY_FAMILY_OVERLAP_LIMITS_G2,Only 6 TWIP negatives across 4 strict groups; one paper contributes 3 negatives,EXPLORATORY_ONLY,"Deterministic leave-one-group-out fold holding P011; group independence takes precedence over exact stratification; no row-random split, resampling, or model fitting.",12,7,NOT_FEASIBLE,P011,13,5,1,1,20,5,2,0,23,5,1,1,1,4,4,16,0,1,0,1
T2_TWIP,T2_LOPO_F07_P011,LEAVE_ONE_PAPER_OUT,Paper_ID,28,2,11,1,23,5,1,1,True,True,0,0,0,0,1,0,M3_PLUS_PROCESSING,18,2,ZERO_PROVENANCE_GROUP_OVERLAP; EXACT_SOURCE_ALLOY_FAMILY_OVERLAP_LIMITS_G2,Only 6 TWIP negatives across 4 strict groups; one paper contributes 3 negatives,EXPLORATORY_ONLY,"Deterministic leave-one-group-out fold holding P011; group independence takes precedence over exact stratification; no row-random split, resampling, or model fitting.",12,7,NOT_FEASIBLE,P011,13,5,1,1,20,5,2,0,23,5,1,1,1,4,4,16,0,1,0,1
T2_TWIP,T2_LOPO_F07_P011,LEAVE_ONE_PAPER_OUT,Paper_ID,28,2,11,1,23,5,1,1,True,True,0,0,0,0,1,0,M4_PLUS_PHYSICS,18,2,ZERO_PROVENANCE_GROUP_OVERLAP; EXACT_SOURCE_ALLOY_FAMILY_OVERLAP_LIMITS_G2,Only 6 TWIP negatives across 4 strict groups; one paper contributes 3 negatives,EXPLORATORY_ONLY,"Deterministic leave-one-group-out fold holding P011; group independence takes precedence over exact stratification; no row-random split, resampling, or model fitting.",12,7,NOT_FEASIBLE,P011,13,5,1,1,20,5,2,0,23,5,1,1,1,4,4,16,0,1,0,1
T2_TWIP,T2_LOPO_F07_P011,LEAVE_ONE_PAPER_OUT,Paper_ID,28,2,11,1,23,5,1,1,True,True,0,0,0,0,1,0,M5_PLUS_INITIAL_MICROSTRUCTURE,15,2,ZERO_PROVENANCE_GROUP_OVERLAP; EXACT_SOURCE_ALLOY_FAMILY_OVERLAP_LIMITS_G2,Only 6 TWIP negatives across 4 strict groups; one paper contributes 3 negatives,EXPLORATORY_ONLY,"Deterministic leave-one-group-out fold holding P011; group independence takes precedence over exact stratification; no row-random split, resampling, or model fitting.",12,7,NOT_FEASIBLE,P011,11,4,1,1,20,5,2,0,23,5,1,1,1,4,4,16,0,1,0,1
T2_TWIP,T2_LOPO_F08_P012,LEAVE_ONE_PAPER_OUT,Paper_ID,26,4,11,1,20,6,4,0,True,False,0,0,0,0,0,0,M1_CHEMISTRY,21,4,ZERO_PAPER_STUDY_MATERIAL_STRICT_AND_EXACT_SOURCE_FAMILY_OVERLAP,Only 6 TWIP negatives across 4 strict groups; one paper contributes 3 negatives; At least one required class is absent from training or validation,INVALID_CLASS_SUPPORT,"Deterministic leave-one-group-out fold holding P012; group independence takes precedence over exact stratification; no row-random split, resampling, or model fitting.",12,8,NOT_FEASIBLE,P012,15,6,4,0,21,5,1,0,20,6,4,0,1,5,4,16,0,0,0,1
T2_TWIP,T2_LOPO_F08_P012,LEAVE_ONE_PAPER_OUT,Paper_ID,26,4,11,1,20,6,4,0,True,False,0,0,0,0,0,0,M2_CHEMISTRY_PLUS_TEST,16,4,ZERO_PAPER_STUDY_MATERIAL_STRICT_AND_EXACT_SOURCE_FAMILY_OVERLAP,Only 6 TWIP negatives across 4 strict groups; one paper contributes 3 negatives; At least one required class is absent from training or validation,INVALID_CLASS_SUPPORT,"Deterministic leave-one-group-out fold holding P012; group independence takes precedence over exact stratification; no row-random split, resampling, or model fitting.",12,8,NOT_FEASIBLE,P012,10,6,4,0,21,5,1,0,20,6,4,0,1,5,4,16,0,0,0,1
T2_TWIP,T2_LOPO_F08_P012,LEAVE_ONE_PAPER_OUT,Paper_ID,26,4,11,1,20,6,4,0,True,False,0,0,0,0,0,0,M3_PLUS_PROCESSING,16,4,ZERO_PAPER_STUDY_MATERIAL_STRICT_AND_EXACT_SOURCE_FAMILY_OVERLAP,Only 6 TWIP negatives across 4 strict groups; one paper contributes 3 negatives; At least one required class is absent from training or validation,INVALID_CLASS_SUPPORT,"Deterministic leave-one-group-out fold holding P012; group independence takes precedence over exact stratification; no row-random split, resampling, or model fitting.",12,8,NOT_FEASIBLE,P012,10,6,4,0,21,5,1,0,20,6,4,0,1,5,4,16,0,0,0,1
T2_TWIP,T2_LOPO_F08_P012,LEAVE_ONE_PAPER_OUT,Paper_ID,26,4,11,1,20,6,4,0,True,False,0,0,0,0,0,0,M4_PLUS_PHYSICS,16,4,ZERO_PAPER_STUDY_MATERIAL_STRICT_AND_EXACT_SOURCE_FAMILY_OVERLAP,Only 6 TWIP negatives across 4 strict groups; one paper contributes 3 negatives; At least one required class is absent from training or validation,INVALID_CLASS_SUPPORT,"Deterministic leave-one-group-out fold holding P012; group independence takes precedence over exact stratification; no row-random split, resampling, or model fitting.",12,8,NOT_FEASIBLE,P012,10,6,4,0,21,5,1,0,20,6,4,0,1,5,4,16,0,0,0,1
T2_TWIP,T2_LOPO_F08_P012,LEAVE_ONE_PAPER_OUT,Paper_ID,26,4,11,1,20,6,4,0,True,False,0,0,0,0,0,0,M5_PLUS_INITIAL_MICROSTRUCTURE,13,4,ZERO_PAPER_STUDY_MATERIAL_STRICT_AND_EXACT_SOURCE_FAMILY_OVERLAP,Only 6 TWIP negatives across 4 strict groups; one paper contributes 3 negatives; At least one required class is absent from training or validation,INVALID_CLASS_SUPPORT,"Deterministic leave-one-group-out fold holding P012; group independence takes precedence over exact stratification; no row-random split, resampling, or model fitting.",12,8,NOT_FEASIBLE,P012,8,5,4,0,21,5,1,0,20,6,4,0,1,5,4,16,0,0,0,1
T2_TWIP,T2_LOPO_F09_P013,LEAVE_ONE_PAPER_OUT,Paper_ID,29,1,11,1,23,6,1,0,True,False,0,0,0,0,1,0,M1_CHEMISTRY,24,1,ZERO_PROVENANCE_GROUP_OVERLAP; EXACT_SOURCE_ALLOY_FAMILY_OVERLAP_LIMITS_G2,Only 6 TWIP negatives across 4 strict groups; one paper contributes 3 negatives; At least one required class is absent from training or validation,INVALID_CLASS_SUPPORT,"Deterministic leave-one-group-out fold holding P013; group independence takes precedence over exact stratification; no row-random split, resampling, or model fitting.",12,9,NOT_FEASIBLE,P013,18,6,1,0,21,5,1,0,23,6,1,0,1,5,4,16,0,0,0,1
T2_TWIP,T2_LOPO_F09_P013,LEAVE_ONE_PAPER_OUT,Paper_ID,29,1,11,1,23,6,1,0,True,False,0,0,0,0,1,0,M2_CHEMISTRY_PLUS_TEST,20,0,ZERO_PROVENANCE_GROUP_OVERLAP; EXACT_SOURCE_ALLOY_FAMILY_OVERLAP_LIMITS_G2,Only 6 TWIP negatives across 4 strict groups; one paper contributes 3 negatives; At least one required class is absent from training or validation,INVALID_CLASS_SUPPORT,"Deterministic leave-one-group-out fold holding P013; group independence takes precedence over exact stratification; no row-random split, resampling, or model fitting.",12,9,NOT_FEASIBLE,P013,14,6,0,0,21,5,1,0,23,6,1,0,1,5,4,16,0,0,0,1
T2_TWIP,T2_LOPO_F09_P013,LEAVE_ONE_PAPER_OUT,Paper_ID,29,1,11,1,23,6,1,0,True,False,0,0,0,0,1,0,M3_PLUS_PROCESSING,20,0,ZERO_PROVENANCE_GROUP_OVERLAP; EXACT_SOURCE_ALLOY_FAMILY_OVERLAP_LIMITS_G2,Only 6 TWIP negatives across 4 strict groups; one paper contributes 3 negatives; At least one required class is absent from training or validation,INVALID_CLASS_SUPPORT,"Deterministic leave-one-group-out fold holding P013; group independence takes precedence over exact stratification; no row-random split, resampling, or model fitting.",12,9,NOT_FEASIBLE,P013,14,6,0,0,21,5,1,0,23,6,1,0,1,5,4,16,0,0,0,1
T2_TWIP,T2_LOPO_F09_P013,LEAVE_ONE_PAPER_OUT,Paper_ID,29,1,11,1,23,6,1,0,True,False,0,0,0,0,1,0,M4_PLUS_PHYSICS,20,0,ZERO_PROVENANCE_GROUP_OVERLAP; EXACT_SOURCE_ALLOY_FAMILY_OVERLAP_LIMITS_G2,Only 6 TWIP negatives across 4 strict groups; one paper contributes 3 negatives; At least one required class is absent from training or validation,INVALID_CLASS_SUPPORT,"Deterministic leave-one-group-out fold holding P013; group independence takes precedence over exact stratification; no row-random split, resampling, or model fitting.",12,9,NOT_FEASIBLE,P013,14,6,0,0,21,5,1,0,23,6,1,0,1,5,4,16,0,0,0,1
T2_TWIP,T2_LOPO_F09_P013,LEAVE_ONE_PAPER_OUT,Paper_ID,29,1,11,1,23,6,1,0,True,False,0,0,0,0,1,0,M5_PLUS_INITIAL_MICROSTRUCTURE,17,0,ZERO_PROVENANCE_GROUP_OVERLAP; EXACT_SOURCE_ALLOY_FAMILY_OVERLAP_LIMITS_G2,Only 6 TWIP negatives across 4 strict groups; one paper contributes 3 negatives; At least one required class is absent from training or validation,INVALID_CLASS_SUPPORT,"Deterministic leave-one-group-out fold holding P013; group independence takes precedence over exact stratification; no row-random split, resampling, or model fitting.",12,9,NOT_FEASIBLE,P013,12,5,0,0,21,5,1,0,23,6,1,0,1,5,4,16,0,0,0,1
T2_TWIP,T2_LOPO_F10_P014,LEAVE_ONE_PAPER_OUT,Paper_ID,29,1,11,1,23,6,1,0,True,False,0,0,0,0,1,0,M1_CHEMISTRY,24,1,ZERO_PROVENANCE_GROUP_OVERLAP; EXACT_SOURCE_ALLOY_FAMILY_OVERLAP_LIMITS_G2,Only 6 TWIP negatives across 4 strict groups; one paper contributes 3 negatives; At least one required class is absent from training or validation,INVALID_CLASS_SUPPORT,"Deterministic leave-one-group-out fold holding P014; group independence takes precedence over exact stratification; no row-random split, resampling, or model fitting.",12,10,NOT_FEASIBLE,P014,18,6,1,0,21,5,1,0,23,6,1,0,1,5,4,16,0,0,0,1
T2_TWIP,T2_LOPO_F10_P014,LEAVE_ONE_PAPER_OUT,Paper_ID,29,1,11,1,23,6,1,0,True,False,0,0,0,0,1,0,M2_CHEMISTRY_PLUS_TEST,20,0,ZERO_PROVENANCE_GROUP_OVERLAP; EXACT_SOURCE_ALLOY_FAMILY_OVERLAP_LIMITS_G2,Only 6 TWIP negatives across 4 strict groups; one paper contributes 3 negatives; At least one required class is absent from training or validation,INVALID_CLASS_SUPPORT,"Deterministic leave-one-group-out fold holding P014; group independence takes precedence over exact stratification; no row-random split, resampling, or model fitting.",12,10,NOT_FEASIBLE,P014,14,6,0,0,21,5,1,0,23,6,1,0,1,5,4,16,0,0,0,1
T2_TWIP,T2_LOPO_F10_P014,LEAVE_ONE_PAPER_OUT,Paper_ID,29,1,11,1,23,6,1,0,True,False,0,0,0,0,1,0,M3_PLUS_PROCESSING,20,0,ZERO_PROVENANCE_GROUP_OVERLAP; EXACT_SOURCE_ALLOY_FAMILY_OVERLAP_LIMITS_G2,Only 6 TWIP negatives across 4 strict groups; one paper contributes 3 negatives; At least one required class is absent from training or validation,INVALID_CLASS_SUPPORT,"Deterministic leave-one-group-out fold holding P014; group independence takes precedence over exact stratification; no row-random split, resampling, or model fitting.",12,10,NOT_FEASIBLE,P014,14,6,0,0,21,5,1,0,23,6,1,0,1,5,4,16,0,0,0,1
T2_TWIP,T2_LOPO_F10_P014,LEAVE_ONE_PAPER_OUT,Paper_ID,29,1,11,1,23,6,1,0,True,False,0,0,0,0,1,0,M4_PLUS_PHYSICS,20,0,ZERO_PROVENANCE_GROUP_OVERLAP; EXACT_SOURCE_ALLOY_FAMILY_OVERLAP_LIMITS_G2,Only 6 TWIP negatives across 4 strict groups; one paper contributes 3 negatives; At least one required class is absent from training or validation,INVALID_CLASS_SUPPORT,"Deterministic leave-one-group-out fold holding P014; group independence takes precedence over exact stratification; no row-random split, resampling, or model fitting.",12,10,NOT_FEASIBLE,P014,14,6,0,0,21,5,1,0,23,6,1,0,1,5,4,16,0,0,0,1
T2_TWIP,T2_LOPO_F10_P014,LEAVE_ONE_PAPER_OUT,Paper_ID,29,1,11,1,23,6,1,0,True,False,0,0,0,0,1,0,M5_PLUS_INITIAL_MICROSTRUCTURE,17,0,ZERO_PROVENANCE_GROUP_OVERLAP; EXACT_SOURCE_ALLOY_FAMILY_OVERLAP_LIMITS_G2,Only 6 TWIP negatives across 4 strict groups; one paper contributes 3 negatives; At least one required class is absent from training or validation,INVALID_CLASS_SUPPORT,"Deterministic leave-one-group-out fold holding P014; group independence takes precedence over exact stratification; no row-random split, resampling, or model fitting.",12,10,NOT_FEASIBLE,P014,12,5,0,0,21,5,1,0,23,6,1,0,1,5,4,16,0,0,0,1
T2_TWIP,T2_LOPO_F11_P015,LEAVE_ONE_PAPER_OUT,Paper_ID,28,2,11,1,22,6,2,0,True,False,0,0,0,0,0,0,M1_CHEMISTRY,25,0,ZERO_PAPER_STUDY_MATERIAL_STRICT_AND_EXACT_SOURCE_FAMILY_OVERLAP,Only 6 TWIP negatives across 4 strict groups; one paper contributes 3 negatives; At least one required class is absent from training or validation,INVALID_CLASS_SUPPORT,"Deterministic leave-one-group-out fold holding P015; group independence takes precedence over exact stratification; no row-random split, resampling, or model fitting.",12,11,NOT_FEASIBLE,P015,19,6,0,0,21,4,1,1,22,6,2,0,1,5,3,16,0,0,1,1
T2_TWIP,T2_LOPO_F11_P015,LEAVE_ONE_PAPER_OUT,Paper_ID,28,2,11,1,22,6,2,0,True,False,0,0,0,0,0,0,M2_CHEMISTRY_PLUS_TEST,20,0,ZERO_PAPER_STUDY_MATERIAL_STRICT_AND_EXACT_SOURCE_FAMILY_OVERLAP,Only 6 TWIP negatives across 4 strict groups; one paper contributes 3 negatives; At least one required class is absent from training or validation,INVALID_CLASS_SUPPORT,"Deterministic leave-one-group-out fold holding P015; group independence takes precedence over exact stratification; no row-random split, resampling, or model fitting.",12,11,NOT_FEASIBLE,P015,14,6,0,0,21,4,1,1,22,6,2,0,1,5,3,16,0,0,1,1
T2_TWIP,T2_LOPO_F11_P015,LEAVE_ONE_PAPER_OUT,Paper_ID,28,2,11,1,22,6,2,0,True,False,0,0,0,0,0,0,M3_PLUS_PROCESSING,20,0,ZERO_PAPER_STUDY_MATERIAL_STRICT_AND_EXACT_SOURCE_FAMILY_OVERLAP,Only 6 TWIP negatives across 4 strict groups; one paper contributes 3 negatives; At least one required class is absent from training or validation,INVALID_CLASS_SUPPORT,"Deterministic leave-one-group-out fold holding P015; group independence takes precedence over exact stratification; no row-random split, resampling, or model fitting.",12,11,NOT_FEASIBLE,P015,14,6,0,0,21,4,1,1,22,6,2,0,1,5,3,16,0,0,1,1
T2_TWIP,T2_LOPO_F11_P015,LEAVE_ONE_PAPER_OUT,Paper_ID,28,2,11,1,22,6,2,0,True,False,0,0,0,0,0,0,M4_PLUS_PHYSICS,20,0,ZERO_PAPER_STUDY_MATERIAL_STRICT_AND_EXACT_SOURCE_FAMILY_OVERLAP,Only 6 TWIP negatives across 4 strict groups; one paper contributes 3 negatives; At least one required class is absent from training or validation,INVALID_CLASS_SUPPORT,"Deterministic leave-one-group-out fold holding P015; group independence takes precedence over exact stratification; no row-random split, resampling, or model fitting.",12,11,NOT_FEASIBLE,P015,14,6,0,0,21,4,1,1,22,6,2,0,1,5,3,16,0,0,1,1
T2_TWIP,T2_LOPO_F11_P015,LEAVE_ONE_PAPER_OUT,Paper_ID,28,2,11,1,22,6,2,0,True,False,0,0,0,0,0,0,M5_PLUS_INITIAL_MICROSTRUCTURE,17,0,ZERO_PAPER_STUDY_MATERIAL_STRICT_AND_EXACT_SOURCE_FAMILY_OVERLAP,Only 6 TWIP negatives across 4 strict groups; one paper contributes 3 negatives; At least one required class is absent from training or validation,INVALID_CLASS_SUPPORT,"Deterministic leave-one-group-out fold holding P015; group independence takes precedence over exact stratification; no row-random split, resampling, or model fitting.",12,11,NOT_FEASIBLE,P015,12,5,0,0,21,4,1,1,22,6,2,0,1,5,3,16,0,0,1,1
T2_TWIP,T2_LOPO_F12_P016,LEAVE_ONE_PAPER_OUT,Paper_ID,29,1,11,1,23,6,1,0,True,False,0,0,0,0,0,0,M1_CHEMISTRY,25,0,ZERO_PAPER_STUDY_MATERIAL_STRICT_AND_EXACT_SOURCE_FAMILY_OVERLAP,Only 6 TWIP negatives across 4 strict groups; one paper contributes 3 negatives; At least one required class is absent from training or validation,INVALID_CLASS_SUPPORT,"Deterministic leave-one-group-out fold holding P016; group independence takes precedence over exact stratification; no row-random split, resampling, or model fitting.",12,12,NOT_FEASIBLE,P016,19,6,0,0,21,5,1,0,23,6,1,0,1,5,4,16,0,0,0,1
T2_TWIP,T2_LOPO_F12_P016,LEAVE_ONE_PAPER_OUT,Paper_ID,29,1,11,1,23,6,1,0,True,False,0,0,0,0,0,0,M2_CHEMISTRY_PLUS_TEST,20,0,ZERO_PAPER_STUDY_MATERIAL_STRICT_AND_EXACT_SOURCE_FAMILY_OVERLAP,Only 6 TWIP negatives across 4 strict groups; one paper contributes 3 negatives; At least one required class is absent from training or validation,INVALID_CLASS_SUPPORT,"Deterministic leave-one-group-out fold holding P016; group independence takes precedence over exact stratification; no row-random split, resampling, or model fitting.",12,12,NOT_FEASIBLE,P016,14,6,0,0,21,5,1,0,23,6,1,0,1,5,4,16,0,0,0,1
T2_TWIP,T2_LOPO_F12_P016,LEAVE_ONE_PAPER_OUT,Paper_ID,29,1,11,1,23,6,1,0,True,False,0,0,0,0,0,0,M3_PLUS_PROCESSING,20,0,ZERO_PAPER_STUDY_MATERIAL_STRICT_AND_EXACT_SOURCE_FAMILY_OVERLAP,Only 6 TWIP negatives across 4 strict groups; one paper contributes 3 negatives; At least one required class is absent from training or validation,INVALID_CLASS_SUPPORT,"Deterministic leave-one-group-out fold holding P016; group independence takes precedence over exact stratification; no row-random split, resampling, or model fitting.",12,12,NOT_FEASIBLE,P016,14,6,0,0,21,5,1,0,23,6,1,0,1,5,4,16,0,0,0,1
T2_TWIP,T2_LOPO_F12_P016,LEAVE_ONE_PAPER_OUT,Paper_ID,29,1,11,1,23,6,1,0,True,False,0,0,0,0,0,0,M4_PLUS_PHYSICS,20,0,ZERO_PAPER_STUDY_MATERIAL_STRICT_AND_EXACT_SOURCE_FAMILY_OVERLAP,Only 6 TWIP negatives across 4 strict groups; one paper contributes 3 negatives; At least one required class is absent from training or validation,INVALID_CLASS_SUPPORT,"Deterministic leave-one-group-out fold holding P016; group independence takes precedence over exact stratification; no row-random split, resampling, or model fitting.",12,12,NOT_FEASIBLE,P016,14,6,0,0,21,5,1,0,23,6,1,0,1,5,4,16,0,0,0,1
T2_TWIP,T2_LOPO_F12_P016,LEAVE_ONE_PAPER_OUT,Paper_ID,29,1,11,1,23,6,1,0,True,False,0,0,0,0,0,0,M5_PLUS_INITIAL_MICROSTRUCTURE,17,0,ZERO_PAPER_STUDY_MATERIAL_STRICT_AND_EXACT_SOURCE_FAMILY_OVERLAP,Only 6 TWIP negatives across 4 strict groups; one paper contributes 3 negatives; At least one required class is absent from training or validation,INVALID_CLASS_SUPPORT,"Deterministic leave-one-group-out fold holding P016; group independence takes precedence over exact stratification; no row-random split, resampling, or model fitting.",12,12,NOT_FEASIBLE,P016,12,5,0,0,21,5,1,0,23,6,1,0,1,5,4,16,0,0,0,1
T2_TWIP,T2_LOSO_F01_P007_SERIES01,LEAVE_ONE_STUDY_SERIES_OUT,Study_Series_ID_WITH_PAPER_FALLBACK,26,4,11,1,21,5,3,1,True,True,0,0,0,0,0,0,M1_CHEMISTRY,21,4,ZERO_PAPER_STUDY_MATERIAL_STRICT_AND_EXACT_SOURCE_FAMILY_OVERLAP,Only 6 TWIP negatives across 4 strict groups; one paper contributes 3 negatives,EXPLORATORY_ONLY,"Deterministic leave-one-group-out fold holding P007_SERIES01; group independence takes precedence over exact stratification; no row-random split, resampling, or model fitting.",12,1,NOT_FEASIBLE,P007_SERIES01,16,5,3,1,18,5,4,0,21,5,3,1,1,4,4,14,0,1,0,3
T2_TWIP,T2_LOSO_F01_P007_SERIES01,LEAVE_ONE_STUDY_SERIES_OUT,Study_Series_ID_WITH_PAPER_FALLBACK,26,4,11,1,21,5,3,1,True,True,0,0,0,0,0,0,M2_CHEMISTRY_PLUS_TEST,16,4,ZERO_PAPER_STUDY_MATERIAL_STRICT_AND_EXACT_SOURCE_FAMILY_OVERLAP,Only 6 TWIP negatives across 4 strict groups; one paper contributes 3 negatives,EXPLORATORY_ONLY,"Deterministic leave-one-group-out fold holding P007_SERIES01; group independence takes precedence over exact stratification; no row-random split, resampling, or model fitting.",12,1,NOT_FEASIBLE,P007_SERIES01,11,5,3,1,18,5,4,0,21,5,3,1,1,4,4,14,0,1,0,3
T2_TWIP,T2_LOSO_F01_P007_SERIES01,LEAVE_ONE_STUDY_SERIES_OUT,Study_Series_ID_WITH_PAPER_FALLBACK,26,4,11,1,21,5,3,1,True,True,0,0,0,0,0,0,M3_PLUS_PROCESSING,16,4,ZERO_PAPER_STUDY_MATERIAL_STRICT_AND_EXACT_SOURCE_FAMILY_OVERLAP,Only 6 TWIP negatives across 4 strict groups; one paper contributes 3 negatives,EXPLORATORY_ONLY,"Deterministic leave-one-group-out fold holding P007_SERIES01; group independence takes precedence over exact stratification; no row-random split, resampling, or model fitting.",12,1,NOT_FEASIBLE,P007_SERIES01,11,5,3,1,18,5,4,0,21,5,3,1,1,4,4,14,0,1,0,3
T2_TWIP,T2_LOSO_F01_P007_SERIES01,LEAVE_ONE_STUDY_SERIES_OUT,Study_Series_ID_WITH_PAPER_FALLBACK,26,4,11,1,21,5,3,1,True,True,0,0,0,0,0,0,M4_PLUS_PHYSICS,16,4,ZERO_PAPER_STUDY_MATERIAL_STRICT_AND_EXACT_SOURCE_FAMILY_OVERLAP,Only 6 TWIP negatives across 4 strict groups; one paper contributes 3 negatives,EXPLORATORY_ONLY,"Deterministic leave-one-group-out fold holding P007_SERIES01; group independence takes precedence over exact stratification; no row-random split, resampling, or model fitting.",12,1,NOT_FEASIBLE,P007_SERIES01,11,5,3,1,18,5,4,0,21,5,3,1,1,4,4,14,0,1,0,3
T2_TWIP,T2_LOSO_F01_P007_SERIES01,LEAVE_ONE_STUDY_SERIES_OUT,Study_Series_ID_WITH_PAPER_FALLBACK,26,4,11,1,21,5,3,1,True,True,0,0,0,0,0,0,M5_PLUS_INITIAL_MICROSTRUCTURE,13,4,ZERO_PAPER_STUDY_MATERIAL_STRICT_AND_EXACT_SOURCE_FAMILY_OVERLAP,Only 6 TWIP negatives across 4 strict groups; one paper contributes 3 negatives,EXPLORATORY_ONLY,"Deterministic leave-one-group-out fold holding P007_SERIES01; group independence takes precedence over exact stratification; no row-random split, resampling, or model fitting.",12,1,NOT_FEASIBLE,P007_SERIES01,9,4,3,1,18,5,4,0,21,5,3,1,1,4,4,14,0,1,0,3
T2_TWIP,T2_LOSO_F02_P008_SERIES01,LEAVE_ONE_STUDY_SERIES_OUT,Study_Series_ID_WITH_PAPER_FALLBACK,27,3,11,1,21,6,3,0,True,False,0,0,0,0,0,0,M1_CHEMISTRY,24,1,ZERO_PAPER_STUDY_MATERIAL_STRICT_AND_EXACT_SOURCE_FAMILY_OVERLAP,Only 6 TWIP negatives across 4 strict groups; one paper contributes 3 negatives; At least one required class is absent from training or validation,INVALID_CLASS_SUPPORT,"Deterministic leave-one-group-out fold holding P008_SERIES01; group independence takes precedence over exact stratification; no row-random split, resampling, or model fitting.",12,2,NOT_FEASIBLE,P008_SERIES01,18,6,1,0,21,3,1,2,21,6,3,0,1,5,2,16,0,0,2,1
T2_TWIP,T2_LOSO_F02_P008_SERIES01,LEAVE_ONE_STUDY_SERIES_OUT,Study_Series_ID_WITH_PAPER_FALLBACK,27,3,11,1,21,6,3,0,True,False,0,0,0,0,0,0,M2_CHEMISTRY_PLUS_TEST,19,1,ZERO_PAPER_STUDY_MATERIAL_STRICT_AND_EXACT_SOURCE_FAMILY_OVERLAP,Only 6 TWIP negatives across 4 strict groups; one paper contributes 3 negatives; At least one required class is absent from training or validation,INVALID_CLASS_SUPPORT,"Deterministic leave-one-group-out fold holding P008_SERIES01; group independence takes precedence over exact stratification; no row-random split, resampling, or model fitting.",12,2,NOT_FEASIBLE,P008_SERIES01,13,6,1,0,21,3,1,2,21,6,3,0,1,5,2,16,0,0,2,1
T2_TWIP,T2_LOSO_F02_P008_SERIES01,LEAVE_ONE_STUDY_SERIES_OUT,Study_Series_ID_WITH_PAPER_FALLBACK,27,3,11,1,21,6,3,0,True,False,0,0,0,0,0,0,M3_PLUS_PROCESSING,19,1,ZERO_PAPER_STUDY_MATERIAL_STRICT_AND_EXACT_SOURCE_FAMILY_OVERLAP,Only 6 TWIP negatives across 4 strict groups; one paper contributes 3 negatives; At least one required class is absent from training or validation,INVALID_CLASS_SUPPORT,"Deterministic leave-one-group-out fold holding P008_SERIES01; group independence takes precedence over exact stratification; no row-random split, resampling, or model fitting.",12,2,NOT_FEASIBLE,P008_SERIES01,13,6,1,0,21,3,1,2,21,6,3,0,1,5,2,16,0,0,2,1
T2_TWIP,T2_LOSO_F02_P008_SERIES01,LEAVE_ONE_STUDY_SERIES_OUT,Study_Series_ID_WITH_PAPER_FALLBACK,27,3,11,1,21,6,3,0,True,False,0,0,0,0,0,0,M4_PLUS_PHYSICS,19,1,ZERO_PAPER_STUDY_MATERIAL_STRICT_AND_EXACT_SOURCE_FAMILY_OVERLAP,Only 6 TWIP negatives across 4 strict groups; one paper contributes 3 negatives; At least one required class is absent from training or validation,INVALID_CLASS_SUPPORT,"Deterministic leave-one-group-out fold holding P008_SERIES01; group independence takes precedence over exact stratification; no row-random split, resampling, or model fitting.",12,2,NOT_FEASIBLE,P008_SERIES01,13,6,1,0,21,3,1,2,21,6,3,0,1,5,2,16,0,0,2,1
T2_TWIP,T2_LOSO_F02_P008_SERIES01,LEAVE_ONE_STUDY_SERIES_OUT,Study_Series_ID_WITH_PAPER_FALLBACK,27,3,11,1,21,6,3,0,True,False,0,0,0,0,0,0,M5_PLUS_INITIAL_MICROSTRUCTURE,17,0,ZERO_PAPER_STUDY_MATERIAL_STRICT_AND_EXACT_SOURCE_FAMILY_OVERLAP,Only 6 TWIP negatives across 4 strict groups; one paper contributes 3 negatives; At least one required class is absent from training or validation,INVALID_CLASS_SUPPORT,"Deterministic leave-one-group-out fold holding P008_SERIES01; group independence takes precedence over exact stratification; no row-random split, resampling, or model fitting.",12,2,NOT_FEASIBLE,P008_SERIES01,12,5,0,0,21,3,1,2,21,6,3,0,1,5,2,16,0,0,2,1
T2_TWIP,T2_LOSO_F03_P010_SERIES01,LEAVE_ONE_STUDY_SERIES_OUT,Study_Series_ID_WITH_PAPER_FALLBACK,27,3,11,1,21,6,3,0,True,False,0,0,0,0,0,0,M1_CHEMISTRY,22,3,ZERO_PAPER_STUDY_MATERIAL_STRICT_AND_EXACT_SOURCE_FAMILY_OVERLAP,Only 6 TWIP negatives across 4 strict groups; one paper contributes 3 negatives; At least one required class is absent from training or validation,INVALID_CLASS_SUPPORT,"Deterministic leave-one-group-out fold holding P010_SERIES01; group independence takes precedence over exact stratification; no row-random split, resampling, or model fitting.",12,3,NOT_FEASIBLE,P010_SERIES01,16,6,3,0,20,4,2,1,21,6,3,0,1,5,3,15,0,0,1,2
T2_TWIP,T2_LOSO_F03_P010_SERIES01,LEAVE_ONE_STUDY_SERIES_OUT,Study_Series_ID_WITH_PAPER_FALLBACK,27,3,11,1,21,6,3,0,True,False,0,0,0,0,0,0,M2_CHEMISTRY_PLUS_TEST,20,0,ZERO_PAPER_STUDY_MATERIAL_STRICT_AND_EXACT_SOURCE_FAMILY_OVERLAP,Only 6 TWIP negatives across 4 strict groups; one paper contributes 3 negatives; At least one required class is absent from training or validation,INVALID_CLASS_SUPPORT,"Deterministic leave-one-group-out fold holding P010_SERIES01; group independence takes precedence over exact stratification; no row-random split, resampling, or model fitting.",12,3,NOT_FEASIBLE,P010_SERIES01,14,6,0,0,20,4,2,1,21,6,3,0,1,5,3,15,0,0,1,2
T2_TWIP,T2_LOSO_F03_P010_SERIES01,LEAVE_ONE_STUDY_SERIES_OUT,Study_Series_ID_WITH_PAPER_FALLBACK,27,3,11,1,21,6,3,0,True,False,0,0,0,0,0,0,M3_PLUS_PROCESSING,20,0,ZERO_PAPER_STUDY_MATERIAL_STRICT_AND_EXACT_SOURCE_FAMILY_OVERLAP,Only 6 TWIP negatives across 4 strict groups; one paper contributes 3 negatives; At least one required class is absent from training or validation,INVALID_CLASS_SUPPORT,"Deterministic leave-one-group-out fold holding P010_SERIES01; group independence takes precedence over exact stratification; no row-random split, resampling, or model fitting.",12,3,NOT_FEASIBLE,P010_SERIES01,14,6,0,0,20,4,2,1,21,6,3,0,1,5,3,15,0,0,1,2
T2_TWIP,T2_LOSO_F03_P010_SERIES01,LEAVE_ONE_STUDY_SERIES_OUT,Study_Series_ID_WITH_PAPER_FALLBACK,27,3,11,1,21,6,3,0,True,False,0,0,0,0,0,0,M4_PLUS_PHYSICS,20,0,ZERO_PAPER_STUDY_MATERIAL_STRICT_AND_EXACT_SOURCE_FAMILY_OVERLAP,Only 6 TWIP negatives across 4 strict groups; one paper contributes 3 negatives; At least one required class is absent from training or validation,INVALID_CLASS_SUPPORT,"Deterministic leave-one-group-out fold holding P010_SERIES01; group independence takes precedence over exact stratification; no row-random split, resampling, or model fitting.",12,3,NOT_FEASIBLE,P010_SERIES01,14,6,0,0,20,4,2,1,21,6,3,0,1,5,3,15,0,0,1,2
T2_TWIP,T2_LOSO_F03_P010_SERIES01,LEAVE_ONE_STUDY_SERIES_OUT,Study_Series_ID_WITH_PAPER_FALLBACK,27,3,11,1,21,6,3,0,True,False,0,0,0,0,0,0,M5_PLUS_INITIAL_MICROSTRUCTURE,17,0,ZERO_PAPER_STUDY_MATERIAL_STRICT_AND_EXACT_SOURCE_FAMILY_OVERLAP,Only 6 TWIP negatives across 4 strict groups; one paper contributes 3 negatives; At least one required class is absent from training or validation,INVALID_CLASS_SUPPORT,"Deterministic leave-one-group-out fold holding P010_SERIES01; group independence takes precedence over exact stratification; no row-random split, resampling, or model fitting.",12,3,NOT_FEASIBLE,P010_SERIES01,12,5,0,0,20,4,2,1,21,6,3,0,1,5,3,15,0,0,1,2
T2_TWIP,T2_LOSO_F04_P011_SERIES01,LEAVE_ONE_STUDY_SERIES_OUT,Study_Series_ID_WITH_PAPER_FALLBACK,28,2,11,1,23,5,1,1,True,True,0,0,0,0,1,0,M1_CHEMISTRY,23,2,ZERO_PROVENANCE_GROUP_OVERLAP; EXACT_SOURCE_ALLOY_FAMILY_OVERLAP_LIMITS_G2,Only 6 TWIP negatives across 4 strict groups; one paper contributes 3 negatives,EXPLORATORY_ONLY,"Deterministic leave-one-group-out fold holding P011_SERIES01; group independence takes precedence over exact stratification; no row-random split, resampling, or model fitting.",12,4,NOT_FEASIBLE,P011_SERIES01,18,5,1,1,20,5,2,0,23,5,1,1,1,4,4,16,0,1,0,1
T2_TWIP,T2_LOSO_F04_P011_SERIES01,LEAVE_ONE_STUDY_SERIES_OUT,Study_Series_ID_WITH_PAPER_FALLBACK,28,2,11,1,23,5,1,1,True,True,0,0,0,0,1,0,M2_CHEMISTRY_PLUS_TEST,18,2,ZERO_PROVENANCE_GROUP_OVERLAP; EXACT_SOURCE_ALLOY_FAMILY_OVERLAP_LIMITS_G2,Only 6 TWIP negatives across 4 strict groups; one paper contributes 3 negatives,EXPLORATORY_ONLY,"Deterministic leave-one-group-out fold holding P011_SERIES01; group independence takes precedence over exact stratification; no row-random split, resampling, or model fitting.",12,4,NOT_FEASIBLE,P011_SERIES01,13,5,1,1,20,5,2,0,23,5,1,1,1,4,4,16,0,1,0,1
T2_TWIP,T2_LOSO_F04_P011_SERIES01,LEAVE_ONE_STUDY_SERIES_OUT,Study_Series_ID_WITH_PAPER_FALLBACK,28,2,11,1,23,5,1,1,True,True,0,0,0,0,1,0,M3_PLUS_PROCESSING,18,2,ZERO_PROVENANCE_GROUP_OVERLAP; EXACT_SOURCE_ALLOY_FAMILY_OVERLAP_LIMITS_G2,Only 6 TWIP negatives across 4 strict groups; one paper contributes 3 negatives,EXPLORATORY_ONLY,"Deterministic leave-one-group-out fold holding P011_SERIES01; group independence takes precedence over exact stratification; no row-random split, resampling, or model fitting.",12,4,NOT_FEASIBLE,P011_SERIES01,13,5,1,1,20,5,2,0,23,5,1,1,1,4,4,16,0,1,0,1
T2_TWIP,T2_LOSO_F04_P011_SERIES01,LEAVE_ONE_STUDY_SERIES_OUT,Study_Series_ID_WITH_PAPER_FALLBACK,28,2,11,1,23,5,1,1,True,True,0,0,0,0,1,0,M4_PLUS_PHYSICS,18,2,ZERO_PROVENANCE_GROUP_OVERLAP; EXACT_SOURCE_ALLOY_FAMILY_OVERLAP_LIMITS_G2,Only 6 TWIP negatives across 4 strict groups; one paper contributes 3 negatives,EXPLORATORY_ONLY,"Deterministic leave-one-group-out fold holding P011_SERIES01; group independence takes precedence over exact stratification; no row-random split, resampling, or model fitting.",12,4,NOT_FEASIBLE,P011_SERIES01,13,5,1,1,20,5,2,0,23,5,1,1,1,4,4,16,0,1,0,1
T2_TWIP,T2_LOSO_F04_P011_SERIES01,LEAVE_ONE_STUDY_SERIES_OUT,Study_Series_ID_WITH_PAPER_FALLBACK,28,2,11,1,23,5,1,1,True,True,0,0,0,0,1,0,M5_PLUS_INITIAL_MICROSTRUCTURE,15,2,ZERO_PROVENANCE_GROUP_OVERLAP; EXACT_SOURCE_ALLOY_FAMILY_OVERLAP_LIMITS_G2,Only 6 TWIP negatives across 4 strict groups; one paper contributes 3 negatives,EXPLORATORY_ONLY,"Deterministic leave-one-group-out fold holding P011_SERIES01; group independence takes precedence over exact stratification; no row-random split, resampling, or model fitting.",12,4,NOT_FEASIBLE,P011_SERIES01,11,4,1,1,20,5,2,0,23,5,1,1,1,4,4,16,0,1,0,1
T2_TWIP,T2_LOSO_F05_P012_SERIES01,LEAVE_ONE_STUDY_SERIES_OUT,Study_Series_ID_WITH_PAPER_FALLBACK,26,4,11,1,20,6,4,0,True,False,0,0,0,0,0,0,M1_CHEMISTRY,21,4,ZERO_PAPER_STUDY_MATERIAL_STRICT_AND_EXACT_SOURCE_FAMILY_OVERLAP,Only 6 TWIP negatives across 4 strict groups; one paper contributes 3 negatives; At least one required class is absent from training or validation,INVALID_CLASS_SUPPORT,"Deterministic leave-one-group-out fold holding P012_SERIES01; group independence takes precedence over exact stratification; no row-random split, resampling, or model fitting.",12,5,NOT_FEASIBLE,P012_SERIES01,15,6,4,0,21,5,1,0,20,6,4,0,1,5,4,16,0,0,0,1
T2_TWIP,T2_LOSO_F05_P012_SERIES01,LEAVE_ONE_STUDY_SERIES_OUT,Study_Series_ID_WITH_PAPER_FALLBACK,26,4,11,1,20,6,4,0,True,False,0,0,0,0,0,0,M2_CHEMISTRY_PLUS_TEST,16,4,ZERO_PAPER_STUDY_MATERIAL_STRICT_AND_EXACT_SOURCE_FAMILY_OVERLAP,Only 6 TWIP negatives across 4 strict groups; one paper contributes 3 negatives; At least one required class is absent from training or validation,INVALID_CLASS_SUPPORT,"Deterministic leave-one-group-out fold holding P012_SERIES01; group independence takes precedence over exact stratification; no row-random split, resampling, or model fitting.",12,5,NOT_FEASIBLE,P012_SERIES01,10,6,4,0,21,5,1,0,20,6,4,0,1,5,4,16,0,0,0,1
T2_TWIP,T2_LOSO_F05_P012_SERIES01,LEAVE_ONE_STUDY_SERIES_OUT,Study_Series_ID_WITH_PAPER_FALLBACK,26,4,11,1,20,6,4,0,True,False,0,0,0,0,0,0,M3_PLUS_PROCESSING,16,4,ZERO_PAPER_STUDY_MATERIAL_STRICT_AND_EXACT_SOURCE_FAMILY_OVERLAP,Only 6 TWIP negatives across 4 strict groups; one paper contributes 3 negatives; At least one required class is absent from training or validation,INVALID_CLASS_SUPPORT,"Deterministic leave-one-group-out fold holding P012_SERIES01; group independence takes precedence over exact stratification; no row-random split, resampling, or model fitting.",12,5,NOT_FEASIBLE,P012_SERIES01,10,6,4,0,21,5,1,0,20,6,4,0,1,5,4,16,0,0,0,1
T2_TWIP,T2_LOSO_F05_P012_SERIES01,LEAVE_ONE_STUDY_SERIES_OUT,Study_Series_ID_WITH_PAPER_FALLBACK,26,4,11,1,20,6,4,0,True,False,0,0,0,0,0,0,M4_PLUS_PHYSICS,16,4,ZERO_PAPER_STUDY_MATERIAL_STRICT_AND_EXACT_SOURCE_FAMILY_OVERLAP,Only 6 TWIP negatives across 4 strict groups; one paper contributes 3 negatives; At least one required class is absent from training or validation,INVALID_CLASS_SUPPORT,"Deterministic leave-one-group-out fold holding P012_SERIES01; group independence takes precedence over exact stratification; no row-random split, resampling, or model fitting.",12,5,NOT_FEASIBLE,P012_SERIES01,10,6,4,0,21,5,1,0,20,6,4,0,1,5,4,16,0,0,0,1
T2_TWIP,T2_LOSO_F05_P012_SERIES01,LEAVE_ONE_STUDY_SERIES_OUT,Study_Series_ID_WITH_PAPER_FALLBACK,26,4,11,1,20,6,4,0,True,False,0,0,0,0,0,0,M5_PLUS_INITIAL_MICROSTRUCTURE,13,4,ZERO_PAPER_STUDY_MATERIAL_STRICT_AND_EXACT_SOURCE_FAMILY_OVERLAP,Only 6 TWIP negatives across 4 strict groups; one paper contributes 3 negatives; At least one required class is absent from training or validation,INVALID_CLASS_SUPPORT,"Deterministic leave-one-group-out fold holding P012_SERIES01; group independence takes precedence over exact stratification; no row-random split, resampling, or model fitting.",12,5,NOT_FEASIBLE,P012_SERIES01,8,5,4,0,21,5,1,0,20,6,4,0,1,5,4,16,0,0,0,1
T2_TWIP,T2_LOSO_F06_P013_SERIES01,LEAVE_ONE_STUDY_SERIES_OUT,Study_Series_ID_WITH_PAPER_FALLBACK,29,1,11,1,23,6,1,0,True,False,0,0,0,0,1,0,M1_CHEMISTRY,24,1,ZERO_PROVENANCE_GROUP_OVERLAP; EXACT_SOURCE_ALLOY_FAMILY_OVERLAP_LIMITS_G2,Only 6 TWIP negatives across 4 strict groups; one paper contributes 3 negatives; At least one required class is absent from training or validation,INVALID_CLASS_SUPPORT,"Deterministic leave-one-group-out fold holding P013_SERIES01; group independence takes precedence over exact stratification; no row-random split, resampling, or model fitting.",12,6,NOT_FEASIBLE,P013_SERIES01,18,6,1,0,21,5,1,0,23,6,1,0,1,5,4,16,0,0,0,1
T2_TWIP,T2_LOSO_F06_P013_SERIES01,LEAVE_ONE_STUDY_SERIES_OUT,Study_Series_ID_WITH_PAPER_FALLBACK,29,1,11,1,23,6,1,0,True,False,0,0,0,0,1,0,M2_CHEMISTRY_PLUS_TEST,20,0,ZERO_PROVENANCE_GROUP_OVERLAP; EXACT_SOURCE_ALLOY_FAMILY_OVERLAP_LIMITS_G2,Only 6 TWIP negatives across 4 strict groups; one paper contributes 3 negatives; At least one required class is absent from training or validation,INVALID_CLASS_SUPPORT,"Deterministic leave-one-group-out fold holding P013_SERIES01; group independence takes precedence over exact stratification; no row-random split, resampling, or model fitting.",12,6,NOT_FEASIBLE,P013_SERIES01,14,6,0,0,21,5,1,0,23,6,1,0,1,5,4,16,0,0,0,1
T2_TWIP,T2_LOSO_F06_P013_SERIES01,LEAVE_ONE_STUDY_SERIES_OUT,Study_Series_ID_WITH_PAPER_FALLBACK,29,1,11,1,23,6,1,0,True,False,0,0,0,0,1,0,M3_PLUS_PROCESSING,20,0,ZERO_PROVENANCE_GROUP_OVERLAP; EXACT_SOURCE_ALLOY_FAMILY_OVERLAP_LIMITS_G2,Only 6 TWIP negatives across 4 strict groups; one paper contributes 3 negatives; At least one required class is absent from training or validation,INVALID_CLASS_SUPPORT,"Deterministic leave-one-group-out fold holding P013_SERIES01; group independence takes precedence over exact stratification; no row-random split, resampling, or model fitting.",12,6,NOT_FEASIBLE,P013_SERIES01,14,6,0,0,21,5,1,0,23,6,1,0,1,5,4,16,0,0,0,1
T2_TWIP,T2_LOSO_F06_P013_SERIES01,LEAVE_ONE_STUDY_SERIES_OUT,Study_Series_ID_WITH_PAPER_FALLBACK,29,1,11,1,23,6,1,0,True,False,0,0,0,0,1,0,M4_PLUS_PHYSICS,20,0,ZERO_PROVENANCE_GROUP_OVERLAP; EXACT_SOURCE_ALLOY_FAMILY_OVERLAP_LIMITS_G2,Only 6 TWIP negatives across 4 strict groups; one paper contributes 3 negatives; At least one required class is absent from training or validation,INVALID_CLASS_SUPPORT,"Deterministic leave-one-group-out fold holding P013_SERIES01; group independence takes precedence over exact stratification; no row-random split, resampling, or model fitting.",12,6,NOT_FEASIBLE,P013_SERIES01,14,6,0,0,21,5,1,0,23,6,1,0,1,5,4,16,0,0,0,1
T2_TWIP,T2_LOSO_F06_P013_SERIES01,LEAVE_ONE_STUDY_SERIES_OUT,Study_Series_ID_WITH_PAPER_FALLBACK,29,1,11,1,23,6,1,0,True,False,0,0,0,0,1,0,M5_PLUS_INITIAL_MICROSTRUCTURE,17,0,ZERO_PROVENANCE_GROUP_OVERLAP; EXACT_SOURCE_ALLOY_FAMILY_OVERLAP_LIMITS_G2,Only 6 TWIP negatives across 4 strict groups; one paper contributes 3 negatives; At least one required class is absent from training or validation,INVALID_CLASS_SUPPORT,"Deterministic leave-one-group-out fold holding P013_SERIES01; group independence takes precedence over exact stratification; no row-random split, resampling, or model fitting.",12,6,NOT_FEASIBLE,P013_SERIES01,12,5,0,0,21,5,1,0,23,6,1,0,1,5,4,16,0,0,0,1
T2_TWIP,T2_LOSO_F07_P014_SERIES01,LEAVE_ONE_STUDY_SERIES_OUT,Study_Series_ID_WITH_PAPER_FALLBACK,29,1,11,1,23,6,1,0,True,False,0,0,0,0,1,0,M1_CHEMISTRY,24,1,ZERO_PROVENANCE_GROUP_OVERLAP; EXACT_SOURCE_ALLOY_FAMILY_OVERLAP_LIMITS_G2,Only 6 TWIP negatives across 4 strict groups; one paper contributes 3 negatives; At least one required class is absent from training or validation,INVALID_CLASS_SUPPORT,"Deterministic leave-one-group-out fold holding P014_SERIES01; group independence takes precedence over exact stratification; no row-random split, resampling, or model fitting.",12,7,NOT_FEASIBLE,P014_SERIES01,18,6,1,0,21,5,1,0,23,6,1,0,1,5,4,16,0,0,0,1
T2_TWIP,T2_LOSO_F07_P014_SERIES01,LEAVE_ONE_STUDY_SERIES_OUT,Study_Series_ID_WITH_PAPER_FALLBACK,29,1,11,1,23,6,1,0,True,False,0,0,0,0,1,0,M2_CHEMISTRY_PLUS_TEST,20,0,ZERO_PROVENANCE_GROUP_OVERLAP; EXACT_SOURCE_ALLOY_FAMILY_OVERLAP_LIMITS_G2,Only 6 TWIP negatives across 4 strict groups; one paper contributes 3 negatives; At least one required class is absent from training or validation,INVALID_CLASS_SUPPORT,"Deterministic leave-one-group-out fold holding P014_SERIES01; group independence takes precedence over exact stratification; no row-random split, resampling, or model fitting.",12,7,NOT_FEASIBLE,P014_SERIES01,14,6,0,0,21,5,1,0,23,6,1,0,1,5,4,16,0,0,0,1
T2_TWIP,T2_LOSO_F07_P014_SERIES01,LEAVE_ONE_STUDY_SERIES_OUT,Study_Series_ID_WITH_PAPER_FALLBACK,29,1,11,1,23,6,1,0,True,False,0,0,0,0,1,0,M3_PLUS_PROCESSING,20,0,ZERO_PROVENANCE_GROUP_OVERLAP; EXACT_SOURCE_ALLOY_FAMILY_OVERLAP_LIMITS_G2,Only 6 TWIP negatives across 4 strict groups; one paper contributes 3 negatives; At least one required class is absent from training or validation,INVALID_CLASS_SUPPORT,"Deterministic leave-one-group-out fold holding P014_SERIES01; group independence takes precedence over exact stratification; no row-random split, resampling, or model fitting.",12,7,NOT_FEASIBLE,P014_SERIES01,14,6,0,0,21,5,1,0,23,6,1,0,1,5,4,16,0,0,0,1
T2_TWIP,T2_LOSO_F07_P014_SERIES01,LEAVE_ONE_STUDY_SERIES_OUT,Study_Series_ID_WITH_PAPER_FALLBACK,29,1,11,1,23,6,1,0,True,False,0,0,0,0,1,0,M4_PLUS_PHYSICS,20,0,ZERO_PROVENANCE_GROUP_OVERLAP; EXACT_SOURCE_ALLOY_FAMILY_OVERLAP_LIMITS_G2,Only 6 TWIP negatives across 4 strict groups; one paper contributes 3 negatives; At least one required class is absent from training or validation,INVALID_CLASS_SUPPORT,"Deterministic leave-one-group-out fold holding P014_SERIES01; group independence takes precedence over exact stratification; no row-random split, resampling, or model fitting.",12,7,NOT_FEASIBLE,P014_SERIES01,14,6,0,0,21,5,1,0,23,6,1,0,1,5,4,16,0,0,0,1
T2_TWIP,T2_LOSO_F07_P014_SERIES01,LEAVE_ONE_STUDY_SERIES_OUT,Study_Series_ID_WITH_PAPER_FALLBACK,29,1,11,1,23,6,1,0,True,False,0,0,0,0,1,0,M5_PLUS_INITIAL_MICROSTRUCTURE,17,0,ZERO_PROVENANCE_GROUP_OVERLAP; EXACT_SOURCE_ALLOY_FAMILY_OVERLAP_LIMITS_G2,Only 6 TWIP negatives across 4 strict groups; one paper contributes 3 negatives; At least one required class is absent from training or validation,INVALID_CLASS_SUPPORT,"Deterministic leave-one-group-out fold holding P014_SERIES01; group independence takes precedence over exact stratification; no row-random split, resampling, or model fitting.",12,7,NOT_FEASIBLE,P014_SERIES01,12,5,0,0,21,5,1,0,23,6,1,0,1,5,4,16,0,0,0,1
T2_TWIP,T2_LOSO_F08_P015_SERIES01,LEAVE_ONE_STUDY_SERIES_OUT,Study_Series_ID_WITH_PAPER_FALLBACK,28,2,11,1,22,6,2,0,True,False,0,0,0,0,0,0,M1_CHEMISTRY,25,0,ZERO_PAPER_STUDY_MATERIAL_STRICT_AND_EXACT_SOURCE_FAMILY_OVERLAP,Only 6 TWIP negatives across 4 strict groups; one paper contributes 3 negatives; At least one required class is absent from training or validation,INVALID_CLASS_SUPPORT,"Deterministic leave-one-group-out fold holding P015_SERIES01; group independence takes precedence over exact stratification; no row-random split, resampling, or model fitting.",12,8,NOT_FEASIBLE,P015_SERIES01,19,6,0,0,21,4,1,1,22,6,2,0,1,5,3,16,0,0,1,1
T2_TWIP,T2_LOSO_F08_P015_SERIES01,LEAVE_ONE_STUDY_SERIES_OUT,Study_Series_ID_WITH_PAPER_FALLBACK,28,2,11,1,22,6,2,0,True,False,0,0,0,0,0,0,M2_CHEMISTRY_PLUS_TEST,20,0,ZERO_PAPER_STUDY_MATERIAL_STRICT_AND_EXACT_SOURCE_FAMILY_OVERLAP,Only 6 TWIP negatives across 4 strict groups; one paper contributes 3 negatives; At least one required class is absent from training or validation,INVALID_CLASS_SUPPORT,"Deterministic leave-one-group-out fold holding P015_SERIES01; group independence takes precedence over exact stratification; no row-random split, resampling, or model fitting.",12,8,NOT_FEASIBLE,P015_SERIES01,14,6,0,0,21,4,1,1,22,6,2,0,1,5,3,16,0,0,1,1
T2_TWIP,T2_LOSO_F08_P015_SERIES01,LEAVE_ONE_STUDY_SERIES_OUT,Study_Series_ID_WITH_PAPER_FALLBACK,28,2,11,1,22,6,2,0,True,False,0,0,0,0,0,0,M3_PLUS_PROCESSING,20,0,ZERO_PAPER_STUDY_MATERIAL_STRICT_AND_EXACT_SOURCE_FAMILY_OVERLAP,Only 6 TWIP negatives across 4 strict groups; one paper contributes 3 negatives; At least one required class is absent from training or validation,INVALID_CLASS_SUPPORT,"Deterministic leave-one-group-out fold holding P015_SERIES01; group independence takes precedence over exact stratification; no row-random split, resampling, or model fitting.",12,8,NOT_FEASIBLE,P015_SERIES01,14,6,0,0,21,4,1,1,22,6,2,0,1,5,3,16,0,0,1,1
T2_TWIP,T2_LOSO_F08_P015_SERIES01,LEAVE_ONE_STUDY_SERIES_OUT,Study_Series_ID_WITH_PAPER_FALLBACK,28,2,11,1,22,6,2,0,True,False,0,0,0,0,0,0,M4_PLUS_PHYSICS,20,0,ZERO_PAPER_STUDY_MATERIAL_STRICT_AND_EXACT_SOURCE_FAMILY_OVERLAP,Only 6 TWIP negatives across 4 strict groups; one paper contributes 3 negatives; At least one required class is absent from training or validation,INVALID_CLASS_SUPPORT,"Deterministic leave-one-group-out fold holding P015_SERIES01; group independence takes precedence over exact stratification; no row-random split, resampling, or model fitting.",12,8,NOT_FEASIBLE,P015_SERIES01,14,6,0,0,21,4,1,1,22,6,2,0,1,5,3,16,0,0,1,1
T2_TWIP,T2_LOSO_F08_P015_SERIES01,LEAVE_ONE_STUDY_SERIES_OUT,Study_Series_ID_WITH_PAPER_FALLBACK,28,2,11,1,22,6,2,0,True,False,0,0,0,0,0,0,M5_PLUS_INITIAL_MICROSTRUCTURE,17,0,ZERO_PAPER_STUDY_MATERIAL_STRICT_AND_EXACT_SOURCE_FAMILY_OVERLAP,Only 6 TWIP negatives across 4 strict groups; one paper contributes 3 negatives; At least one required class is absent from training or validation,INVALID_CLASS_SUPPORT,"Deterministic leave-one-group-out fold holding P015_SERIES01; group independence takes precedence over exact stratification; no row-random split, resampling, or model fitting.",12,8,NOT_FEASIBLE,P015_SERIES01,12,5,0,0,21,4,1,1,22,6,2,0,1,5,3,16,0,0,1,1
T2_TWIP,T2_LOSO_F09_PAPER_FALLBACK_P001,LEAVE_ONE_STUDY_SERIES_OUT,Study_Series_ID_WITH_PAPER_FALLBACK,27,3,11,1,24,3,0,3,True,False,0,0,0,0,0,0,M1_CHEMISTRY,22,3,ZERO_PAPER_STUDY_MATERIAL_STRICT_AND_EXACT_SOURCE_FAMILY_OVERLAP,Only 6 TWIP negatives across 4 strict groups; one paper contributes 3 negatives; At least one required class is absent from training or validation,INVALID_CLASS_SUPPORT,"Deterministic leave-one-group-out fold holding PAPER_FALLBACK::P001; group independence takes precedence over exact stratification; no row-random split, resampling, or model fitting.",12,9,NOT_FEASIBLE,PAPER_FALLBACK::P001,19,3,0,3,19,5,3,0,24,3,0,3,1,2,4,17,0,3,0,0
T2_TWIP,T2_LOSO_F09_PAPER_FALLBACK_P001,LEAVE_ONE_STUDY_SERIES_OUT,Study_Series_ID_WITH_PAPER_FALLBACK,27,3,11,1,24,3,0,3,True,False,0,0,0,0,0,0,M2_CHEMISTRY_PLUS_TEST,17,3,ZERO_PAPER_STUDY_MATERIAL_STRICT_AND_EXACT_SOURCE_FAMILY_OVERLAP,Only 6 TWIP negatives across 4 strict groups; one paper contributes 3 negatives; At least one required class is absent from training or validation,INVALID_CLASS_SUPPORT,"Deterministic leave-one-group-out fold holding PAPER_FALLBACK::P001; group independence takes precedence over exact stratification; no row-random split, resampling, or model fitting.",12,9,NOT_FEASIBLE,PAPER_FALLBACK::P001,14,3,0,3,19,5,3,0,24,3,0,3,1,2,4,17,0,3,0,0
T2_TWIP,T2_LOSO_F09_PAPER_FALLBACK_P001,LEAVE_ONE_STUDY_SERIES_OUT,Study_Series_ID_WITH_PAPER_FALLBACK,27,3,11,1,24,3,0,3,True,False,0,0,0,0,0,0,M3_PLUS_PROCESSING,17,3,ZERO_PAPER_STUDY_MATERIAL_STRICT_AND_EXACT_SOURCE_FAMILY_OVERLAP,Only 6 TWIP negatives across 4 strict groups; one paper contributes 3 negatives; At least one required class is absent from training or validation,INVALID_CLASS_SUPPORT,"Deterministic leave-one-group-out fold holding PAPER_FALLBACK::P001; group independence takes precedence over exact stratification; no row-random split, resampling, or model fitting.",12,9,NOT_FEASIBLE,PAPER_FALLBACK::P001,14,3,0,3,19,5,3,0,24,3,0,3,1,2,4,17,0,3,0,0
T2_TWIP,T2_LOSO_F09_PAPER_FALLBACK_P001,LEAVE_ONE_STUDY_SERIES_OUT,Study_Series_ID_WITH_PAPER_FALLBACK,27,3,11,1,24,3,0,3,True,False,0,0,0,0,0,0,M4_PLUS_PHYSICS,17,3,ZERO_PAPER_STUDY_MATERIAL_STRICT_AND_EXACT_SOURCE_FAMILY_OVERLAP,Only 6 TWIP negatives across 4 strict groups; one paper contributes 3 negatives; At least one required class is absent from training or validation,INVALID_CLASS_SUPPORT,"Deterministic leave-one-group-out fold holding PAPER_FALLBACK::P001; group independence takes precedence over exact stratification; no row-random split, resampling, or model fitting.",12,9,NOT_FEASIBLE,PAPER_FALLBACK::P001,14,3,0,3,19,5,3,0,24,3,0,3,1,2,4,17,0,3,0,0
T2_TWIP,T2_LOSO_F09_PAPER_FALLBACK_P001,LEAVE_ONE_STUDY_SERIES_OUT,Study_Series_ID_WITH_PAPER_FALLBACK,27,3,11,1,24,3,0,3,True,False,0,0,0,0,0,0,M5_PLUS_INITIAL_MICROSTRUCTURE,14,3,ZERO_PAPER_STUDY_MATERIAL_STRICT_AND_EXACT_SOURCE_FAMILY_OVERLAP,Only 6 TWIP negatives across 4 strict groups; one paper contributes 3 negatives; At least one required class is absent from training or validation,INVALID_CLASS_SUPPORT,"Deterministic leave-one-group-out fold holding PAPER_FALLBACK::P001; group independence takes precedence over exact stratification; no row-random split, resampling, or model fitting.",12,9,NOT_FEASIBLE,PAPER_FALLBACK::P001,12,2,0,3,19,5,3,0,24,3,0,3,1,2,4,17,0,3,0,0
T2_TWIP,T2_LOSO_F10_PAPER_FALLBACK_P002,LEAVE_ONE_STUDY_SERIES_OUT,Study_Series_ID_WITH_PAPER_FALLBACK,27,3,11,1,22,5,2,1,True,True,0,0,0,0,0,0,M1_CHEMISTRY,22,3,ZERO_PAPER_STUDY_MATERIAL_STRICT_AND_EXACT_SOURCE_FAMILY_OVERLAP,Only 6 TWIP negatives across 4 strict groups; one paper contributes 3 negatives,EXPLORATORY_ONLY,"Deterministic leave-one-group-out fold holding PAPER_FALLBACK::P002; group independence takes precedence over exact stratification; no row-random split, resampling, or model fitting.",12,10,NOT_FEASIBLE,PAPER_FALLBACK::P002,17,5,2,1,20,4,2,1,22,5,2,1,0,5,4,15,1,0,0,2
T2_TWIP,T2_LOSO_F10_PAPER_FALLBACK_P002,LEAVE_ONE_STUDY_SERIES_OUT,Study_Series_ID_WITH_PAPER_FALLBACK,27,3,11,1,22,5,2,1,True,True,0,0,0,0,0,0,M2_CHEMISTRY_PLUS_TEST,17,3,ZERO_PAPER_STUDY_MATERIAL_STRICT_AND_EXACT_SOURCE_FAMILY_OVERLAP,Only 6 TWIP negatives across 4 strict groups; one paper contributes 3 negatives,EXPLORATORY_ONLY,"Deterministic leave-one-group-out fold holding PAPER_FALLBACK::P002; group independence takes precedence over exact stratification; no row-random split, resampling, or model fitting.",12,10,NOT_FEASIBLE,PAPER_FALLBACK::P002,12,5,2,1,20,4,2,1,22,5,2,1,0,5,4,15,1,0,0,2
T2_TWIP,T2_LOSO_F10_PAPER_FALLBACK_P002,LEAVE_ONE_STUDY_SERIES_OUT,Study_Series_ID_WITH_PAPER_FALLBACK,27,3,11,1,22,5,2,1,True,True,0,0,0,0,0,0,M3_PLUS_PROCESSING,17,3,ZERO_PAPER_STUDY_MATERIAL_STRICT_AND_EXACT_SOURCE_FAMILY_OVERLAP,Only 6 TWIP negatives across 4 strict groups; one paper contributes 3 negatives,EXPLORATORY_ONLY,"Deterministic leave-one-group-out fold holding PAPER_FALLBACK::P002; group independence takes precedence over exact stratification; no row-random split, resampling, or model fitting.",12,10,NOT_FEASIBLE,PAPER_FALLBACK::P002,12,5,2,1,20,4,2,1,22,5,2,1,0,5,4,15,1,0,0,2
T2_TWIP,T2_LOSO_F10_PAPER_FALLBACK_P002,LEAVE_ONE_STUDY_SERIES_OUT,Study_Series_ID_WITH_PAPER_FALLBACK,27,3,11,1,22,5,2,1,True,True,0,0,0,0,0,0,M4_PLUS_PHYSICS,17,3,ZERO_PAPER_STUDY_MATERIAL_STRICT_AND_EXACT_SOURCE_FAMILY_OVERLAP,Only 6 TWIP negatives across 4 strict groups; one paper contributes 3 negatives,EXPLORATORY_ONLY,"Deterministic leave-one-group-out fold holding PAPER_FALLBACK::P002; group independence takes precedence over exact stratification; no row-random split, resampling, or model fitting.",12,10,NOT_FEASIBLE,PAPER_FALLBACK::P002,12,5,2,1,20,4,2,1,22,5,2,1,0,5,4,15,1,0,0,2
T2_TWIP,T2_LOSO_F10_PAPER_FALLBACK_P002,LEAVE_ONE_STUDY_SERIES_OUT,Study_Series_ID_WITH_PAPER_FALLBACK,27,3,11,1,22,5,2,1,True,True,0,0,0,0,0,0,M5_PLUS_INITIAL_MICROSTRUCTURE,16,1,ZERO_PAPER_STUDY_MATERIAL_STRICT_AND_EXACT_SOURCE_FAMILY_OVERLAP,Only 6 TWIP negatives across 4 strict groups; one paper contributes 3 negatives,EXPLORATORY_ONLY,"Deterministic leave-one-group-out fold holding PAPER_FALLBACK::P002; group independence takes precedence over exact stratification; no row-random split, resampling, or model fitting.",12,10,NOT_FEASIBLE,PAPER_FALLBACK::P002,11,5,1,0,20,4,2,1,22,5,2,1,0,5,4,15,1,0,0,2
T2_TWIP,T2_LOSO_F11_PAPER_FALLBACK_P003,LEAVE_ONE_STUDY_SERIES_OUT,Study_Series_ID_WITH_PAPER_FALLBACK,27,3,11,1,21,6,3,0,True,False,0,0,0,0,1,0,M1_CHEMISTRY,22,3,ZERO_PROVENANCE_GROUP_OVERLAP; EXACT_SOURCE_ALLOY_FAMILY_OVERLAP_LIMITS_G2,Only 6 TWIP negatives across 4 strict groups; one paper contributes 3 negatives; At least one required class is absent from training or validation,INVALID_CLASS_SUPPORT,"Deterministic leave-one-group-out fold holding PAPER_FALLBACK::P003; group independence takes precedence over exact stratification; no row-random split, resampling, or model fitting.",12,11,NOT_FEASIBLE,PAPER_FALLBACK::P003,16,6,3,0,19,5,3,0,21,6,3,0,1,5,4,14,0,0,0,3
T2_TWIP,T2_LOSO_F11_PAPER_FALLBACK_P003,LEAVE_ONE_STUDY_SERIES_OUT,Study_Series_ID_WITH_PAPER_FALLBACK,27,3,11,1,21,6,3,0,True,False,0,0,0,0,1,0,M2_CHEMISTRY_PLUS_TEST,17,3,ZERO_PROVENANCE_GROUP_OVERLAP; EXACT_SOURCE_ALLOY_FAMILY_OVERLAP_LIMITS_G2,Only 6 TWIP negatives across 4 strict groups; one paper contributes 3 negatives; At least one required class is absent from training or validation,INVALID_CLASS_SUPPORT,"Deterministic leave-one-group-out fold holding PAPER_FALLBACK::P003; group independence takes precedence over exact stratification; no row-random split, resampling, or model fitting.",12,11,NOT_FEASIBLE,PAPER_FALLBACK::P003,11,6,3,0,19,5,3,0,21,6,3,0,1,5,4,14,0,0,0,3
T2_TWIP,T2_LOSO_F11_PAPER_FALLBACK_P003,LEAVE_ONE_STUDY_SERIES_OUT,Study_Series_ID_WITH_PAPER_FALLBACK,27,3,11,1,21,6,3,0,True,False,0,0,0,0,1,0,M3_PLUS_PROCESSING,17,3,ZERO_PROVENANCE_GROUP_OVERLAP; EXACT_SOURCE_ALLOY_FAMILY_OVERLAP_LIMITS_G2,Only 6 TWIP negatives across 4 strict groups; one paper contributes 3 negatives; At least one required class is absent from training or validation,INVALID_CLASS_SUPPORT,"Deterministic leave-one-group-out fold holding PAPER_FALLBACK::P003; group independence takes precedence over exact stratification; no row-random split, resampling, or model fitting.",12,11,NOT_FEASIBLE,PAPER_FALLBACK::P003,11,6,3,0,19,5,3,0,21,6,3,0,1,5,4,14,0,0,0,3
T2_TWIP,T2_LOSO_F11_PAPER_FALLBACK_P003,LEAVE_ONE_STUDY_SERIES_OUT,Study_Series_ID_WITH_PAPER_FALLBACK,27,3,11,1,21,6,3,0,True,False,0,0,0,0,1,0,M4_PLUS_PHYSICS,17,3,ZERO_PROVENANCE_GROUP_OVERLAP; EXACT_SOURCE_ALLOY_FAMILY_OVERLAP_LIMITS_G2,Only 6 TWIP negatives across 4 strict groups; one paper contributes 3 negatives; At least one required class is absent from training or validation,INVALID_CLASS_SUPPORT,"Deterministic leave-one-group-out fold holding PAPER_FALLBACK::P003; group independence takes precedence over exact stratification; no row-random split, resampling, or model fitting.",12,11,NOT_FEASIBLE,PAPER_FALLBACK::P003,11,6,3,0,19,5,3,0,21,6,3,0,1,5,4,14,0,0,0,3
T2_TWIP,T2_LOSO_F11_PAPER_FALLBACK_P003,LEAVE_ONE_STUDY_SERIES_OUT,Study_Series_ID_WITH_PAPER_FALLBACK,27,3,11,1,21,6,3,0,True,False,0,0,0,0,1,0,M5_PLUS_INITIAL_MICROSTRUCTURE,14,3,ZERO_PROVENANCE_GROUP_OVERLAP; EXACT_SOURCE_ALLOY_FAMILY_OVERLAP_LIMITS_G2,Only 6 TWIP negatives across 4 strict groups; one paper contributes 3 negatives; At least one required class is absent from training or validation,INVALID_CLASS_SUPPORT,"Deterministic leave-one-group-out fold holding PAPER_FALLBACK::P003; group independence takes precedence over exact stratification; no row-random split, resampling, or model fitting.",12,11,NOT_FEASIBLE,PAPER_FALLBACK::P003,9,5,3,0,19,5,3,0,21,6,3,0,1,5,4,14,0,0,0,3
T2_TWIP,T2_LOSO_F12_PAPER_FALLBACK_P016,LEAVE_ONE_STUDY_SERIES_OUT,Study_Series_ID_WITH_PAPER_FALLBACK,29,1,11,1,23,6,1,0,True,False,0,0,0,0,0,0,M1_CHEMISTRY,25,0,ZERO_PAPER_STUDY_MATERIAL_STRICT_AND_EXACT_SOURCE_FAMILY_OVERLAP,Only 6 TWIP negatives across 4 strict groups; one paper contributes 3 negatives; At least one required class is absent from training or validation,INVALID_CLASS_SUPPORT,"Deterministic leave-one-group-out fold holding PAPER_FALLBACK::P016; group independence takes precedence over exact stratification; no row-random split, resampling, or model fitting.",12,12,NOT_FEASIBLE,PAPER_FALLBACK::P016,19,6,0,0,21,5,1,0,23,6,1,0,1,5,4,16,0,0,0,1
T2_TWIP,T2_LOSO_F12_PAPER_FALLBACK_P016,LEAVE_ONE_STUDY_SERIES_OUT,Study_Series_ID_WITH_PAPER_FALLBACK,29,1,11,1,23,6,1,0,True,False,0,0,0,0,0,0,M2_CHEMISTRY_PLUS_TEST,20,0,ZERO_PAPER_STUDY_MATERIAL_STRICT_AND_EXACT_SOURCE_FAMILY_OVERLAP,Only 6 TWIP negatives across 4 strict groups; one paper contributes 3 negatives; At least one required class is absent from training or validation,INVALID_CLASS_SUPPORT,"Deterministic leave-one-group-out fold holding PAPER_FALLBACK::P016; group independence takes precedence over exact stratification; no row-random split, resampling, or model fitting.",12,12,NOT_FEASIBLE,PAPER_FALLBACK::P016,14,6,0,0,21,5,1,0,23,6,1,0,1,5,4,16,0,0,0,1
T2_TWIP,T2_LOSO_F12_PAPER_FALLBACK_P016,LEAVE_ONE_STUDY_SERIES_OUT,Study_Series_ID_WITH_PAPER_FALLBACK,29,1,11,1,23,6,1,0,True,False,0,0,0,0,0,0,M3_PLUS_PROCESSING,20,0,ZERO_PAPER_STUDY_MATERIAL_STRICT_AND_EXACT_SOURCE_FAMILY_OVERLAP,Only 6 TWIP negatives across 4 strict groups; one paper contributes 3 negatives; At least one required class is absent from training or validation,INVALID_CLASS_SUPPORT,"Deterministic leave-one-group-out fold holding PAPER_FALLBACK::P016; group independence takes precedence over exact stratification; no row-random split, resampling, or model fitting.",12,12,NOT_FEASIBLE,PAPER_FALLBACK::P016,14,6,0,0,21,5,1,0,23,6,1,0,1,5,4,16,0,0,0,1
T2_TWIP,T2_LOSO_F12_PAPER_FALLBACK_P016,LEAVE_ONE_STUDY_SERIES_OUT,Study_Series_ID_WITH_PAPER_FALLBACK,29,1,11,1,23,6,1,0,True,False,0,0,0,0,0,0,M4_PLUS_PHYSICS,20,0,ZERO_PAPER_STUDY_MATERIAL_STRICT_AND_EXACT_SOURCE_FAMILY_OVERLAP,Only 6 TWIP negatives across 4 strict groups; one paper contributes 3 negatives; At least one required class is absent from training or validation,INVALID_CLASS_SUPPORT,"Deterministic leave-one-group-out fold holding PAPER_FALLBACK::P016; group independence takes precedence over exact stratification; no row-random split, resampling, or model fitting.",12,12,NOT_FEASIBLE,PAPER_FALLBACK::P016,14,6,0,0,21,5,1,0,23,6,1,0,1,5,4,16,0,0,0,1
T2_TWIP,T2_LOSO_F12_PAPER_FALLBACK_P016,LEAVE_ONE_STUDY_SERIES_OUT,Study_Series_ID_WITH_PAPER_FALLBACK,29,1,11,1,23,6,1,0,True,False,0,0,0,0,0,0,M5_PLUS_INITIAL_MICROSTRUCTURE,17,0,ZERO_PAPER_STUDY_MATERIAL_STRICT_AND_EXACT_SOURCE_FAMILY_OVERLAP,Only 6 TWIP negatives across 4 strict groups; one paper contributes 3 negatives; At least one required class is absent from training or validation,INVALID_CLASS_SUPPORT,"Deterministic leave-one-group-out fold holding PAPER_FALLBACK::P016; group independence takes precedence over exact stratification; no row-random split, resampling, or model fitting.",12,12,NOT_FEASIBLE,PAPER_FALLBACK::P016,12,5,0,0,21,5,1,0,23,6,1,0,1,5,4,16,0,0,0,1
T2_TWIP,T2_LOMFO_F01_P007_MAT01,LEAVE_ONE_MATERIAL_FAMILY_OUT,Leakage_Group_Material_WITH_CONSERVATIVE_FALLBACK,26,4,16,1,21,5,3,1,True,True,0,0,0,0,0,0,M1_CHEMISTRY,21,4,ZERO_PAPER_STUDY_MATERIAL_STRICT_AND_EXACT_SOURCE_FAMILY_OVERLAP,Only 6 TWIP negatives across 4 strict groups; one paper contributes 3 negatives,EXPLORATORY_ONLY,"Deterministic leave-one-group-out fold holding P007_MAT01; group independence takes precedence over exact stratification; no row-random split, resampling, or model fitting.",17,1,NOT_FEASIBLE,P007_MAT01,16,5,3,1,18,5,4,0,21,5,3,1,1,4,4,14,0,1,0,3
T2_TWIP,T2_LOMFO_F01_P007_MAT01,LEAVE_ONE_MATERIAL_FAMILY_OUT,Leakage_Group_Material_WITH_CONSERVATIVE_FALLBACK,26,4,16,1,21,5,3,1,True,True,0,0,0,0,0,0,M2_CHEMISTRY_PLUS_TEST,16,4,ZERO_PAPER_STUDY_MATERIAL_STRICT_AND_EXACT_SOURCE_FAMILY_OVERLAP,Only 6 TWIP negatives across 4 strict groups; one paper contributes 3 negatives,EXPLORATORY_ONLY,"Deterministic leave-one-group-out fold holding P007_MAT01; group independence takes precedence over exact stratification; no row-random split, resampling, or model fitting.",17,1,NOT_FEASIBLE,P007_MAT01,11,5,3,1,18,5,4,0,21,5,3,1,1,4,4,14,0,1,0,3
T2_TWIP,T2_LOMFO_F01_P007_MAT01,LEAVE_ONE_MATERIAL_FAMILY_OUT,Leakage_Group_Material_WITH_CONSERVATIVE_FALLBACK,26,4,16,1,21,5,3,1,True,True,0,0,0,0,0,0,M3_PLUS_PROCESSING,16,4,ZERO_PAPER_STUDY_MATERIAL_STRICT_AND_EXACT_SOURCE_FAMILY_OVERLAP,Only 6 TWIP negatives across 4 strict groups; one paper contributes 3 negatives,EXPLORATORY_ONLY,"Deterministic leave-one-group-out fold holding P007_MAT01; group independence takes precedence over exact stratification; no row-random split, resampling, or model fitting.",17,1,NOT_FEASIBLE,P007_MAT01,11,5,3,1,18,5,4,0,21,5,3,1,1,4,4,14,0,1,0,3
T2_TWIP,T2_LOMFO_F01_P007_MAT01,LEAVE_ONE_MATERIAL_FAMILY_OUT,Leakage_Group_Material_WITH_CONSERVATIVE_FALLBACK,26,4,16,1,21,5,3,1,True,True,0,0,0,0,0,0,M4_PLUS_PHYSICS,16,4,ZERO_PAPER_STUDY_MATERIAL_STRICT_AND_EXACT_SOURCE_FAMILY_OVERLAP,Only 6 TWIP negatives across 4 strict groups; one paper contributes 3 negatives,EXPLORATORY_ONLY,"Deterministic leave-one-group-out fold holding P007_MAT01; group independence takes precedence over exact stratification; no row-random split, resampling, or model fitting.",17,1,NOT_FEASIBLE,P007_MAT01,11,5,3,1,18,5,4,0,21,5,3,1,1,4,4,14,0,1,0,3
T2_TWIP,T2_LOMFO_F01_P007_MAT01,LEAVE_ONE_MATERIAL_FAMILY_OUT,Leakage_Group_Material_WITH_CONSERVATIVE_FALLBACK,26,4,16,1,21,5,3,1,True,True,0,0,0,0,0,0,M5_PLUS_INITIAL_MICROSTRUCTURE,13,4,ZERO_PAPER_STUDY_MATERIAL_STRICT_AND_EXACT_SOURCE_FAMILY_OVERLAP,Only 6 TWIP negatives across 4 strict groups; one paper contributes 3 negatives,EXPLORATORY_ONLY,"Deterministic leave-one-group-out fold holding P007_MAT01; group independence takes precedence over exact stratification; no row-random split, resampling, or model fitting.",17,1,NOT_FEASIBLE,P007_MAT01,9,4,3,1,18,5,4,0,21,5,3,1,1,4,4,14,0,1,0,3
T2_TWIP,T2_LOMFO_F02_P008_MAT_N0,LEAVE_ONE_MATERIAL_FAMILY_OUT,Leakage_Group_Material_WITH_CONSERVATIVE_FALLBACK,29,1,16,1,23,6,1,0,True,False,0,1,1,0,0,1,M1_CHEMISTRY,25,0,FORBIDDEN_RELATED_GROUPS_CROSS_TRAIN_VALIDATION,Only 6 TWIP negatives across 4 strict groups; one paper contributes 3 negatives; Strict/paper/material relatedness crosses the partition,INVALID_GROUP_LEAKAGE,"Deterministic leave-one-group-out fold holding P008_MAT_N0; group independence takes precedence over exact stratification; no row-random split, resampling, or model fitting.",17,2,NOT_FEASIBLE,P008_MAT_N0,19,6,0,0,21,5,1,0,23,6,1,0,1,5,4,16,0,0,0,1
T2_TWIP,T2_LOMFO_F02_P008_MAT_N0,LEAVE_ONE_MATERIAL_FAMILY_OUT,Leakage_Group_Material_WITH_CONSERVATIVE_FALLBACK,29,1,16,1,23,6,1,0,True,False,0,1,1,0,0,1,M2_CHEMISTRY_PLUS_TEST,20,0,FORBIDDEN_RELATED_GROUPS_CROSS_TRAIN_VALIDATION,Only 6 TWIP negatives across 4 strict groups; one paper contributes 3 negatives; Strict/paper/material relatedness crosses the partition,INVALID_GROUP_LEAKAGE,"Deterministic leave-one-group-out fold holding P008_MAT_N0; group independence takes precedence over exact stratification; no row-random split, resampling, or model fitting.",17,2,NOT_FEASIBLE,P008_MAT_N0,14,6,0,0,21,5,1,0,23,6,1,0,1,5,4,16,0,0,0,1
T2_TWIP,T2_LOMFO_F02_P008_MAT_N0,LEAVE_ONE_MATERIAL_FAMILY_OUT,Leakage_Group_Material_WITH_CONSERVATIVE_FALLBACK,29,1,16,1,23,6,1,0,True,False,0,1,1,0,0,1,M3_PLUS_PROCESSING,20,0,FORBIDDEN_RELATED_GROUPS_CROSS_TRAIN_VALIDATION,Only 6 TWIP negatives across 4 strict groups; one paper contributes 3 negatives; Strict/paper/material relatedness crosses the partition,INVALID_GROUP_LEAKAGE,"Deterministic leave-one-group-out fold holding P008_MAT_N0; group independence takes precedence over exact stratification; no row-random split, resampling, or model fitting.",17,2,NOT_FEASIBLE,P008_MAT_N0,14,6,0,0,21,5,1,0,23,6,1,0,1,5,4,16,0,0,0,1
T2_TWIP,T2_LOMFO_F02_P008_MAT_N0,LEAVE_ONE_MATERIAL_FAMILY_OUT,Leakage_Group_Material_WITH_CONSERVATIVE_FALLBACK,29,1,16,1,23,6,1,0,True,False,0,1,1,0,0,1,M4_PLUS_PHYSICS,20,0,FORBIDDEN_RELATED_GROUPS_CROSS_TRAIN_VALIDATION,Only 6 TWIP negatives across 4 strict groups; one paper contributes 3 negatives; Strict/paper/material relatedness crosses the partition,INVALID_GROUP_LEAKAGE,"Deterministic leave-one-group-out fold holding P008_MAT_N0; group independence takes precedence over exact stratification; no row-random split, resampling, or model fitting.",17,2,NOT_FEASIBLE,P008_MAT_N0,14,6,0,0,21,5,1,0,23,6,1,0,1,5,4,16,0,0,0,1
T2_TWIP,T2_LOMFO_F02_P008_MAT_N0,LEAVE_ONE_MATERIAL_FAMILY_OUT,Leakage_Group_Material_WITH_CONSERVATIVE_FALLBACK,29,1,16,1,23,6,1,0,True,False,0,1,1,0,0,1,M5_PLUS_INITIAL_MICROSTRUCTURE,17,0,FORBIDDEN_RELATED_GROUPS_CROSS_TRAIN_VALIDATION,Only 6 TWIP negatives across 4 strict groups; one paper contributes 3 negatives; Strict/paper/material relatedness crosses the partition,INVALID_GROUP_LEAKAGE,"Deterministic leave-one-group-out fold holding P008_MAT_N0; group independence takes precedence over exact stratification; no row-random split, resampling, or model fitting.",17,2,NOT_FEASIBLE,P008_MAT_N0,12,5,0,0,21,5,1,0,23,6,1,0,1,5,4,16,0,0,0,1
T2_TWIP,T2_LOMFO_F03_P008_MAT_N2p6,LEAVE_ONE_MATERIAL_FAMILY_OUT,Leakage_Group_Material_WITH_CONSERVATIVE_FALLBACK,28,2,16,1,22,6,2,0,True,False,0,1,1,0,0,1,M1_CHEMISTRY,24,1,FORBIDDEN_RELATED_GROUPS_CROSS_TRAIN_VALIDATION,Only 6 TWIP negatives across 4 strict groups; one paper contributes 3 negatives; Strict/paper/material relatedness crosses the partition,INVALID_GROUP_LEAKAGE,"Deterministic leave-one-group-out fold holding P008_MAT_N2p6; group independence takes precedence over exact stratification; no row-random split, resampling, or model fitting.",17,3,NOT_FEASIBLE,P008_MAT_N2p6,18,6,1,0,22,3,0,2,22,6,2,0,1,5,2,17,0,0,2,0
T2_TWIP,T2_LOMFO_F03_P008_MAT_N2p6,LEAVE_ONE_MATERIAL_FAMILY_OUT,Leakage_Group_Material_WITH_CONSERVATIVE_FALLBACK,28,2,16,1,22,6,2,0,True,False,0,1,1,0,0,1,M2_CHEMISTRY_PLUS_TEST,19,1,FORBIDDEN_RELATED_GROUPS_CROSS_TRAIN_VALIDATION,Only 6 TWIP negatives across 4 strict groups; one paper contributes 3 negatives; Strict/paper/material relatedness crosses the partition,INVALID_GROUP_LEAKAGE,"Deterministic leave-one-group-out fold holding P008_MAT_N2p6; group independence takes precedence over exact stratification; no row-random split, resampling, or model fitting.",17,3,NOT_FEASIBLE,P008_MAT_N2p6,13,6,1,0,22,3,0,2,22,6,2,0,1,5,2,17,0,0,2,0
T2_TWIP,T2_LOMFO_F03_P008_MAT_N2p6,LEAVE_ONE_MATERIAL_FAMILY_OUT,Leakage_Group_Material_WITH_CONSERVATIVE_FALLBACK,28,2,16,1,22,6,2,0,True,False,0,1,1,0,0,1,M3_PLUS_PROCESSING,19,1,FORBIDDEN_RELATED_GROUPS_CROSS_TRAIN_VALIDATION,Only 6 TWIP negatives across 4 strict groups; one paper contributes 3 negatives; Strict/paper/material relatedness crosses the partition,INVALID_GROUP_LEAKAGE,"Deterministic leave-one-group-out fold holding P008_MAT_N2p6; group independence takes precedence over exact stratification; no row-random split, resampling, or model fitting.",17,3,NOT_FEASIBLE,P008_MAT_N2p6,13,6,1,0,22,3,0,2,22,6,2,0,1,5,2,17,0,0,2,0
T2_TWIP,T2_LOMFO_F03_P008_MAT_N2p6,LEAVE_ONE_MATERIAL_FAMILY_OUT,Leakage_Group_Material_WITH_CONSERVATIVE_FALLBACK,28,2,16,1,22,6,2,0,True,False,0,1,1,0,0,1,M4_PLUS_PHYSICS,19,1,FORBIDDEN_RELATED_GROUPS_CROSS_TRAIN_VALIDATION,Only 6 TWIP negatives across 4 strict groups; one paper contributes 3 negatives; Strict/paper/material relatedness crosses the partition,INVALID_GROUP_LEAKAGE,"Deterministic leave-one-group-out fold holding P008_MAT_N2p6; group independence takes precedence over exact stratification; no row-random split, resampling, or model fitting.",17,3,NOT_FEASIBLE,P008_MAT_N2p6,13,6,1,0,22,3,0,2,22,6,2,0,1,5,2,17,0,0,2,0
T2_TWIP,T2_LOMFO_F03_P008_MAT_N2p6,LEAVE_ONE_MATERIAL_FAMILY_OUT,Leakage_Group_Material_WITH_CONSERVATIVE_FALLBACK,28,2,16,1,22,6,2,0,True,False,0,1,1,0,0,1,M5_PLUS_INITIAL_MICROSTRUCTURE,17,0,FORBIDDEN_RELATED_GROUPS_CROSS_TRAIN_VALIDATION,Only 6 TWIP negatives across 4 strict groups; one paper contributes 3 negatives; Strict/paper/material relatedness crosses the partition,INVALID_GROUP_LEAKAGE,"Deterministic leave-one-group-out fold holding P008_MAT_N2p6; group independence takes precedence over exact stratification; no row-random split, resampling, or model fitting.",17,3,NOT_FEASIBLE,P008_MAT_N2p6,12,5,0,0,22,3,0,2,22,6,2,0,1,5,2,17,0,0,2,0
T2_TWIP,T2_LOMFO_F04_P010_MAT_AlloyI,LEAVE_ONE_MATERIAL_FAMILY_OUT,Leakage_Group_Material_WITH_CONSERVATIVE_FALLBACK,29,1,16,1,23,6,1,0,True,False,0,1,1,0,0,1,M1_CHEMISTRY,24,1,FORBIDDEN_RELATED_GROUPS_CROSS_TRAIN_VALIDATION,Only 6 TWIP negatives across 4 strict groups; one paper contributes 3 negatives; Strict/paper/material relatedness crosses the partition,INVALID_GROUP_LEAKAGE,"Deterministic leave-one-group-out fold holding P010_MAT_AlloyI; group independence takes precedence over exact stratification; no row-random split, resampling, or model fitting.",17,4,NOT_FEASIBLE,P010_MAT_AlloyI,18,6,1,0,21,5,1,0,23,6,1,0,1,5,4,16,0,0,0,1
T2_TWIP,T2_LOMFO_F04_P010_MAT_AlloyI,LEAVE_ONE_MATERIAL_FAMILY_OUT,Leakage_Group_Material_WITH_CONSERVATIVE_FALLBACK,29,1,16,1,23,6,1,0,True,False,0,1,1,0,0,1,M2_CHEMISTRY_PLUS_TEST,20,0,FORBIDDEN_RELATED_GROUPS_CROSS_TRAIN_VALIDATION,Only 6 TWIP negatives across 4 strict groups; one paper contributes 3 negatives; Strict/paper/material relatedness crosses the partition,INVALID_GROUP_LEAKAGE,"Deterministic leave-one-group-out fold holding P010_MAT_AlloyI; group independence takes precedence over exact stratification; no row-random split, resampling, or model fitting.",17,4,NOT_FEASIBLE,P010_MAT_AlloyI,14,6,0,0,21,5,1,0,23,6,1,0,1,5,4,16,0,0,0,1
T2_TWIP,T2_LOMFO_F04_P010_MAT_AlloyI,LEAVE_ONE_MATERIAL_FAMILY_OUT,Leakage_Group_Material_WITH_CONSERVATIVE_FALLBACK,29,1,16,1,23,6,1,0,True,False,0,1,1,0,0,1,M3_PLUS_PROCESSING,20,0,FORBIDDEN_RELATED_GROUPS_CROSS_TRAIN_VALIDATION,Only 6 TWIP negatives across 4 strict groups; one paper contributes 3 negatives; Strict/paper/material relatedness crosses the partition,INVALID_GROUP_LEAKAGE,"Deterministic leave-one-group-out fold holding P010_MAT_AlloyI; group independence takes precedence over exact stratification; no row-random split, resampling, or model fitting.",17,4,NOT_FEASIBLE,P010_MAT_AlloyI,14,6,0,0,21,5,1,0,23,6,1,0,1,5,4,16,0,0,0,1
T2_TWIP,T2_LOMFO_F04_P010_MAT_AlloyI,LEAVE_ONE_MATERIAL_FAMILY_OUT,Leakage_Group_Material_WITH_CONSERVATIVE_FALLBACK,29,1,16,1,23,6,1,0,True,False,0,1,1,0,0,1,M4_PLUS_PHYSICS,20,0,FORBIDDEN_RELATED_GROUPS_CROSS_TRAIN_VALIDATION,Only 6 TWIP negatives across 4 strict groups; one paper contributes 3 negatives; Strict/paper/material relatedness crosses the partition,INVALID_GROUP_LEAKAGE,"Deterministic leave-one-group-out fold holding P010_MAT_AlloyI; group independence takes precedence over exact stratification; no row-random split, resampling, or model fitting.",17,4,NOT_FEASIBLE,P010_MAT_AlloyI,14,6,0,0,21,5,1,0,23,6,1,0,1,5,4,16,0,0,0,1
T2_TWIP,T2_LOMFO_F04_P010_MAT_AlloyI,LEAVE_ONE_MATERIAL_FAMILY_OUT,Leakage_Group_Material_WITH_CONSERVATIVE_FALLBACK,29,1,16,1,23,6,1,0,True,False,0,1,1,0,0,1,M5_PLUS_INITIAL_MICROSTRUCTURE,17,0,FORBIDDEN_RELATED_GROUPS_CROSS_TRAIN_VALIDATION,Only 6 TWIP negatives across 4 strict groups; one paper contributes 3 negatives; Strict/paper/material relatedness crosses the partition,INVALID_GROUP_LEAKAGE,"Deterministic leave-one-group-out fold holding P010_MAT_AlloyI; group independence takes precedence over exact stratification; no row-random split, resampling, or model fitting.",17,4,NOT_FEASIBLE,P010_MAT_AlloyI,12,5,0,0,21,5,1,0,23,6,1,0,1,5,4,16,0,0,0,1
T2_TWIP,T2_LOMFO_F05_P010_MAT_AlloyII,LEAVE_ONE_MATERIAL_FAMILY_OUT,Leakage_Group_Material_WITH_CONSERVATIVE_FALLBACK,29,1,16,1,23,6,1,0,True,False,0,1,1,0,0,1,M1_CHEMISTRY,24,1,FORBIDDEN_RELATED_GROUPS_CROSS_TRAIN_VALIDATION,Only 6 TWIP negatives across 4 strict groups; one paper contributes 3 negatives; Strict/paper/material relatedness crosses the partition,INVALID_GROUP_LEAKAGE,"Deterministic leave-one-group-out fold holding P010_MAT_AlloyII; group independence takes precedence over exact stratification; no row-random split, resampling, or model fitting.",17,5,NOT_FEASIBLE,P010_MAT_AlloyII,18,6,1,0,22,4,0,1,23,6,1,0,1,5,3,17,0,0,1,0
T2_TWIP,T2_LOMFO_F05_P010_MAT_AlloyII,LEAVE_ONE_MATERIAL_FAMILY_OUT,Leakage_Group_Material_WITH_CONSERVATIVE_FALLBACK,29,1,16,1,23,6,1,0,True,False,0,1,1,0,0,1,M2_CHEMISTRY_PLUS_TEST,20,0,FORBIDDEN_RELATED_GROUPS_CROSS_TRAIN_VALIDATION,Only 6 TWIP negatives across 4 strict groups; one paper contributes 3 negatives; Strict/paper/material relatedness crosses the partition,INVALID_GROUP_LEAKAGE,"Deterministic leave-one-group-out fold holding P010_MAT_AlloyII; group independence takes precedence over exact stratification; no row-random split, resampling, or model fitting.",17,5,NOT_FEASIBLE,P010_MAT_AlloyII,14,6,0,0,22,4,0,1,23,6,1,0,1,5,3,17,0,0,1,0
T2_TWIP,T2_LOMFO_F05_P010_MAT_AlloyII,LEAVE_ONE_MATERIAL_FAMILY_OUT,Leakage_Group_Material_WITH_CONSERVATIVE_FALLBACK,29,1,16,1,23,6,1,0,True,False,0,1,1,0,0,1,M3_PLUS_PROCESSING,20,0,FORBIDDEN_RELATED_GROUPS_CROSS_TRAIN_VALIDATION,Only 6 TWIP negatives across 4 strict groups; one paper contributes 3 negatives; Strict/paper/material relatedness crosses the partition,INVALID_GROUP_LEAKAGE,"Deterministic leave-one-group-out fold holding P010_MAT_AlloyII; group independence takes precedence over exact stratification; no row-random split, resampling, or model fitting.",17,5,NOT_FEASIBLE,P010_MAT_AlloyII,14,6,0,0,22,4,0,1,23,6,1,0,1,5,3,17,0,0,1,0
T2_TWIP,T2_LOMFO_F05_P010_MAT_AlloyII,LEAVE_ONE_MATERIAL_FAMILY_OUT,Leakage_Group_Material_WITH_CONSERVATIVE_FALLBACK,29,1,16,1,23,6,1,0,True,False,0,1,1,0,0,1,M4_PLUS_PHYSICS,20,0,FORBIDDEN_RELATED_GROUPS_CROSS_TRAIN_VALIDATION,Only 6 TWIP negatives across 4 strict groups; one paper contributes 3 negatives; Strict/paper/material relatedness crosses the partition,INVALID_GROUP_LEAKAGE,"Deterministic leave-one-group-out fold holding P010_MAT_AlloyII; group independence takes precedence over exact stratification; no row-random split, resampling, or model fitting.",17,5,NOT_FEASIBLE,P010_MAT_AlloyII,14,6,0,0,22,4,0,1,23,6,1,0,1,5,3,17,0,0,1,0
T2_TWIP,T2_LOMFO_F05_P010_MAT_AlloyII,LEAVE_ONE_MATERIAL_FAMILY_OUT,Leakage_Group_Material_WITH_CONSERVATIVE_FALLBACK,29,1,16,1,23,6,1,0,True,False,0,1,1,0,0,1,M5_PLUS_INITIAL_MICROSTRUCTURE,17,0,FORBIDDEN_RELATED_GROUPS_CROSS_TRAIN_VALIDATION,Only 6 TWIP negatives across 4 strict groups; one paper contributes 3 negatives; Strict/paper/material relatedness crosses the partition,INVALID_GROUP_LEAKAGE,"Deterministic leave-one-group-out fold holding P010_MAT_AlloyII; group independence takes precedence over exact stratification; no row-random split, resampling, or model fitting.",17,5,NOT_FEASIBLE,P010_MAT_AlloyII,12,5,0,0,22,4,0,1,23,6,1,0,1,5,3,17,0,0,1,0
T2_TWIP,T2_LOMFO_F06_P010_MAT_AlloyIII,LEAVE_ONE_MATERIAL_FAMILY_OUT,Leakage_Group_Material_WITH_CONSERVATIVE_FALLBACK,29,1,16,1,23,6,1,0,True,False,0,1,1,0,0,1,M1_CHEMISTRY,24,1,FORBIDDEN_RELATED_GROUPS_CROSS_TRAIN_VALIDATION,Only 6 TWIP negatives across 4 strict groups; one paper contributes 3 negatives; Strict/paper/material relatedness crosses the partition,INVALID_GROUP_LEAKAGE,"Deterministic leave-one-group-out fold holding P010_MAT_AlloyIII; group independence takes precedence over exact stratification; no row-random split, resampling, or model fitting.",17,6,NOT_FEASIBLE,P010_MAT_AlloyIII,18,6,1,0,21,5,1,0,23,6,1,0,1,5,4,16,0,0,0,1
T2_TWIP,T2_LOMFO_F06_P010_MAT_AlloyIII,LEAVE_ONE_MATERIAL_FAMILY_OUT,Leakage_Group_Material_WITH_CONSERVATIVE_FALLBACK,29,1,16,1,23,6,1,0,True,False,0,1,1,0,0,1,M2_CHEMISTRY_PLUS_TEST,20,0,FORBIDDEN_RELATED_GROUPS_CROSS_TRAIN_VALIDATION,Only 6 TWIP negatives across 4 strict groups; one paper contributes 3 negatives; Strict/paper/material relatedness crosses the partition,INVALID_GROUP_LEAKAGE,"Deterministic leave-one-group-out fold holding P010_MAT_AlloyIII; group independence takes precedence over exact stratification; no row-random split, resampling, or model fitting.",17,6,NOT_FEASIBLE,P010_MAT_AlloyIII,14,6,0,0,21,5,1,0,23,6,1,0,1,5,4,16,0,0,0,1
T2_TWIP,T2_LOMFO_F06_P010_MAT_AlloyIII,LEAVE_ONE_MATERIAL_FAMILY_OUT,Leakage_Group_Material_WITH_CONSERVATIVE_FALLBACK,29,1,16,1,23,6,1,0,True,False,0,1,1,0,0,1,M3_PLUS_PROCESSING,20,0,FORBIDDEN_RELATED_GROUPS_CROSS_TRAIN_VALIDATION,Only 6 TWIP negatives across 4 strict groups; one paper contributes 3 negatives; Strict/paper/material relatedness crosses the partition,INVALID_GROUP_LEAKAGE,"Deterministic leave-one-group-out fold holding P010_MAT_AlloyIII; group independence takes precedence over exact stratification; no row-random split, resampling, or model fitting.",17,6,NOT_FEASIBLE,P010_MAT_AlloyIII,14,6,0,0,21,5,1,0,23,6,1,0,1,5,4,16,0,0,0,1
T2_TWIP,T2_LOMFO_F06_P010_MAT_AlloyIII,LEAVE_ONE_MATERIAL_FAMILY_OUT,Leakage_Group_Material_WITH_CONSERVATIVE_FALLBACK,29,1,16,1,23,6,1,0,True,False,0,1,1,0,0,1,M4_PLUS_PHYSICS,20,0,FORBIDDEN_RELATED_GROUPS_CROSS_TRAIN_VALIDATION,Only 6 TWIP negatives across 4 strict groups; one paper contributes 3 negatives; Strict/paper/material relatedness crosses the partition,INVALID_GROUP_LEAKAGE,"Deterministic leave-one-group-out fold holding P010_MAT_AlloyIII; group independence takes precedence over exact stratification; no row-random split, resampling, or model fitting.",17,6,NOT_FEASIBLE,P010_MAT_AlloyIII,14,6,0,0,21,5,1,0,23,6,1,0,1,5,4,16,0,0,0,1
T2_TWIP,T2_LOMFO_F06_P010_MAT_AlloyIII,LEAVE_ONE_MATERIAL_FAMILY_OUT,Leakage_Group_Material_WITH_CONSERVATIVE_FALLBACK,29,1,16,1,23,6,1,0,True,False,0,1,1,0,0,1,M5_PLUS_INITIAL_MICROSTRUCTURE,17,0,FORBIDDEN_RELATED_GROUPS_CROSS_TRAIN_VALIDATION,Only 6 TWIP negatives across 4 strict groups; one paper contributes 3 negatives; Strict/paper/material relatedness crosses the partition,INVALID_GROUP_LEAKAGE,"Deterministic leave-one-group-out fold holding P010_MAT_AlloyIII; group independence takes precedence over exact stratification; no row-random split, resampling, or model fitting.",17,6,NOT_FEASIBLE,P010_MAT_AlloyIII,12,5,0,0,21,5,1,0,23,6,1,0,1,5,4,16,0,0,0,1
T2_TWIP,T2_LOMFO_F07_P011_MAT_FE50MN30CO10CR10,LEAVE_ONE_MATERIAL_FAMILY_OUT,Leakage_Group_Material_WITH_CONSERVATIVE_FALLBACK,28,2,16,1,23,5,1,1,True,True,0,0,0,0,1,0,M1_CHEMISTRY,23,2,ZERO_PROVENANCE_GROUP_OVERLAP; EXACT_SOURCE_ALLOY_FAMILY_OVERLAP_LIMITS_G2,Only 6 TWIP negatives across 4 strict groups; one paper contributes 3 negatives,EXPLORATORY_ONLY,"Deterministic leave-one-group-out fold holding P011_MAT_FE50MN30CO10CR10; group independence takes precedence over exact stratification; no row-random split, resampling, or model fitting.",17,7,NOT_FEASIBLE,P011_MAT_FE50MN30CO10CR10,18,5,1,1,20,5,2,0,23,5,1,1,1,4,4,16,0,1,0,1
T2_TWIP,T2_LOMFO_F07_P011_MAT_FE50MN30CO10CR10,LEAVE_ONE_MATERIAL_FAMILY_OUT,Leakage_Group_Material_WITH_CONSERVATIVE_FALLBACK,28,2,16,1,23,5,1,1,True,True,0,0,0,0,1,0,M2_CHEMISTRY_PLUS_TEST,18,2,ZERO_PROVENANCE_GROUP_OVERLAP; EXACT_SOURCE_ALLOY_FAMILY_OVERLAP_LIMITS_G2,Only 6 TWIP negatives across 4 strict groups; one paper contributes 3 negatives,EXPLORATORY_ONLY,"Deterministic leave-one-group-out fold holding P011_MAT_FE50MN30CO10CR10; group independence takes precedence over exact stratification; no row-random split, resampling, or model fitting.",17,7,NOT_FEASIBLE,P011_MAT_FE50MN30CO10CR10,13,5,1,1,20,5,2,0,23,5,1,1,1,4,4,16,0,1,0,1
T2_TWIP,T2_LOMFO_F07_P011_MAT_FE50MN30CO10CR10,LEAVE_ONE_MATERIAL_FAMILY_OUT,Leakage_Group_Material_WITH_CONSERVATIVE_FALLBACK,28,2,16,1,23,5,1,1,True,True,0,0,0,0,1,0,M3_PLUS_PROCESSING,18,2,ZERO_PROVENANCE_GROUP_OVERLAP; EXACT_SOURCE_ALLOY_FAMILY_OVERLAP_LIMITS_G2,Only 6 TWIP negatives across 4 strict groups; one paper contributes 3 negatives,EXPLORATORY_ONLY,"Deterministic leave-one-group-out fold holding P011_MAT_FE50MN30CO10CR10; group independence takes precedence over exact stratification; no row-random split, resampling, or model fitting.",17,7,NOT_FEASIBLE,P011_MAT_FE50MN30CO10CR10,13,5,1,1,20,5,2,0,23,5,1,1,1,4,4,16,0,1,0,1
T2_TWIP,T2_LOMFO_F07_P011_MAT_FE50MN30CO10CR10,LEAVE_ONE_MATERIAL_FAMILY_OUT,Leakage_Group_Material_WITH_CONSERVATIVE_FALLBACK,28,2,16,1,23,5,1,1,True,True,0,0,0,0,1,0,M4_PLUS_PHYSICS,18,2,ZERO_PROVENANCE_GROUP_OVERLAP; EXACT_SOURCE_ALLOY_FAMILY_OVERLAP_LIMITS_G2,Only 6 TWIP negatives across 4 strict groups; one paper contributes 3 negatives,EXPLORATORY_ONLY,"Deterministic leave-one-group-out fold holding P011_MAT_FE50MN30CO10CR10; group independence takes precedence over exact stratification; no row-random split, resampling, or model fitting.",17,7,NOT_FEASIBLE,P011_MAT_FE50MN30CO10CR10,13,5,1,1,20,5,2,0,23,5,1,1,1,4,4,16,0,1,0,1
T2_TWIP,T2_LOMFO_F07_P011_MAT_FE50MN30CO10CR10,LEAVE_ONE_MATERIAL_FAMILY_OUT,Leakage_Group_Material_WITH_CONSERVATIVE_FALLBACK,28,2,16,1,23,5,1,1,True,True,0,0,0,0,1,0,M5_PLUS_INITIAL_MICROSTRUCTURE,15,2,ZERO_PROVENANCE_GROUP_OVERLAP; EXACT_SOURCE_ALLOY_FAMILY_OVERLAP_LIMITS_G2,Only 6 TWIP negatives across 4 strict groups; one paper contributes 3 negatives,EXPLORATORY_ONLY,"Deterministic leave-one-group-out fold holding P011_MAT_FE50MN30CO10CR10; group independence takes precedence over exact stratification; no row-random split, resampling, or model fitting.",17,7,NOT_FEASIBLE,P011_MAT_FE50MN30CO10CR10,11,4,1,1,20,5,2,0,23,5,1,1,1,4,4,16,0,1,0,1
T2_TWIP,T2_LOMFO_F08_P012_MAT_BASE,LEAVE_ONE_MATERIAL_FAMILY_OUT,Leakage_Group_Material_WITH_CONSERVATIVE_FALLBACK,29,1,16,1,23,6,1,0,True,False,0,1,1,0,0,1,M1_CHEMISTRY,24,1,FORBIDDEN_RELATED_GROUPS_CROSS_TRAIN_VALIDATION,Only 6 TWIP negatives across 4 strict groups; one paper contributes 3 negatives; Strict/paper/material relatedness crosses the partition,INVALID_GROUP_LEAKAGE,"Deterministic leave-one-group-out fold holding P012_MAT_BASE; group independence takes precedence over exact stratification; no row-random split, resampling, or model fitting.",17,8,NOT_FEASIBLE,P012_MAT_BASE,18,6,1,0,22,5,0,0,23,6,1,0,1,5,4,17,0,0,0,0
T2_TWIP,T2_LOMFO_F08_P012_MAT_BASE,LEAVE_ONE_MATERIAL_FAMILY_OUT,Leakage_Group_Material_WITH_CONSERVATIVE_FALLBACK,29,1,16,1,23,6,1,0,True,False,0,1,1,0,0,1,M2_CHEMISTRY_PLUS_TEST,19,1,FORBIDDEN_RELATED_GROUPS_CROSS_TRAIN_VALIDATION,Only 6 TWIP negatives across 4 strict groups; one paper contributes 3 negatives; Strict/paper/material relatedness crosses the partition,INVALID_GROUP_LEAKAGE,"Deterministic leave-one-group-out fold holding P012_MAT_BASE; group independence takes precedence over exact stratification; no row-random split, resampling, or model fitting.",17,8,NOT_FEASIBLE,P012_MAT_BASE,13,6,1,0,22,5,0,0,23,6,1,0,1,5,4,17,0,0,0,0
T2_TWIP,T2_LOMFO_F08_P012_MAT_BASE,LEAVE_ONE_MATERIAL_FAMILY_OUT,Leakage_Group_Material_WITH_CONSERVATIVE_FALLBACK,29,1,16,1,23,6,1,0,True,False,0,1,1,0,0,1,M3_PLUS_PROCESSING,19,1,FORBIDDEN_RELATED_GROUPS_CROSS_TRAIN_VALIDATION,Only 6 TWIP negatives across 4 strict groups; one paper contributes 3 negatives; Strict/paper/material relatedness crosses the partition,INVALID_GROUP_LEAKAGE,"Deterministic leave-one-group-out fold holding P012_MAT_BASE; group independence takes precedence over exact stratification; no row-random split, resampling, or model fitting.",17,8,NOT_FEASIBLE,P012_MAT_BASE,13,6,1,0,22,5,0,0,23,6,1,0,1,5,4,17,0,0,0,0
T2_TWIP,T2_LOMFO_F08_P012_MAT_BASE,LEAVE_ONE_MATERIAL_FAMILY_OUT,Leakage_Group_Material_WITH_CONSERVATIVE_FALLBACK,29,1,16,1,23,6,1,0,True,False,0,1,1,0,0,1,M4_PLUS_PHYSICS,19,1,FORBIDDEN_RELATED_GROUPS_CROSS_TRAIN_VALIDATION,Only 6 TWIP negatives across 4 strict groups; one paper contributes 3 negatives; Strict/paper/material relatedness crosses the partition,INVALID_GROUP_LEAKAGE,"Deterministic leave-one-group-out fold holding P012_MAT_BASE; group independence takes precedence over exact stratification; no row-random split, resampling, or model fitting.",17,8,NOT_FEASIBLE,P012_MAT_BASE,13,6,1,0,22,5,0,0,23,6,1,0,1,5,4,17,0,0,0,0
T2_TWIP,T2_LOMFO_F08_P012_MAT_BASE,LEAVE_ONE_MATERIAL_FAMILY_OUT,Leakage_Group_Material_WITH_CONSERVATIVE_FALLBACK,29,1,16,1,23,6,1,0,True,False,0,1,1,0,0,1,M5_PLUS_INITIAL_MICROSTRUCTURE,16,1,FORBIDDEN_RELATED_GROUPS_CROSS_TRAIN_VALIDATION,Only 6 TWIP negatives across 4 strict groups; one paper contributes 3 negatives; Strict/paper/material relatedness crosses the partition,INVALID_GROUP_LEAKAGE,"Deterministic leave-one-group-out fold holding P012_MAT_BASE; group independence takes precedence over exact stratification; no row-random split, resampling, or model fitting.",17,8,NOT_FEASIBLE,P012_MAT_BASE,11,5,1,0,22,5,0,0,23,6,1,0,1,5,4,17,0,0,0,0
T2_TWIP,T2_LOMFO_F09_P012_MAT_C,LEAVE_ONE_MATERIAL_FAMILY_OUT,Leakage_Group_Material_WITH_CONSERVATIVE_FALLBACK,28,2,16,1,22,6,2,0,True,False,0,1,1,0,0,1,M1_CHEMISTRY,23,2,FORBIDDEN_RELATED_GROUPS_CROSS_TRAIN_VALIDATION,Only 6 TWIP negatives across 4 strict groups; one paper contributes 3 negatives; Strict/paper/material relatedness crosses the partition,INVALID_GROUP_LEAKAGE,"Deterministic leave-one-group-out fold holding P012_MAT_C; group independence takes precedence over exact stratification; no row-random split, resampling, or model fitting.",17,9,NOT_FEASIBLE,P012_MAT_C,17,6,2,0,21,5,1,0,22,6,2,0,1,5,4,16,0,0,0,1
T2_TWIP,T2_LOMFO_F09_P012_MAT_C,LEAVE_ONE_MATERIAL_FAMILY_OUT,Leakage_Group_Material_WITH_CONSERVATIVE_FALLBACK,28,2,16,1,22,6,2,0,True,False,0,1,1,0,0,1,M2_CHEMISTRY_PLUS_TEST,18,2,FORBIDDEN_RELATED_GROUPS_CROSS_TRAIN_VALIDATION,Only 6 TWIP negatives across 4 strict groups; one paper contributes 3 negatives; Strict/paper/material relatedness crosses the partition,INVALID_GROUP_LEAKAGE,"Deterministic leave-one-group-out fold holding P012_MAT_C; group independence takes precedence over exact stratification; no row-random split, resampling, or model fitting.",17,9,NOT_FEASIBLE,P012_MAT_C,12,6,2,0,21,5,1,0,22,6,2,0,1,5,4,16,0,0,0,1
T2_TWIP,T2_LOMFO_F09_P012_MAT_C,LEAVE_ONE_MATERIAL_FAMILY_OUT,Leakage_Group_Material_WITH_CONSERVATIVE_FALLBACK,28,2,16,1,22,6,2,0,True,False,0,1,1,0,0,1,M3_PLUS_PROCESSING,18,2,FORBIDDEN_RELATED_GROUPS_CROSS_TRAIN_VALIDATION,Only 6 TWIP negatives across 4 strict groups; one paper contributes 3 negatives; Strict/paper/material relatedness crosses the partition,INVALID_GROUP_LEAKAGE,"Deterministic leave-one-group-out fold holding P012_MAT_C; group independence takes precedence over exact stratification; no row-random split, resampling, or model fitting.",17,9,NOT_FEASIBLE,P012_MAT_C,12,6,2,0,21,5,1,0,22,6,2,0,1,5,4,16,0,0,0,1
T2_TWIP,T2_LOMFO_F09_P012_MAT_C,LEAVE_ONE_MATERIAL_FAMILY_OUT,Leakage_Group_Material_WITH_CONSERVATIVE_FALLBACK,28,2,16,1,22,6,2,0,True,False,0,1,1,0,0,1,M4_PLUS_PHYSICS,18,2,FORBIDDEN_RELATED_GROUPS_CROSS_TRAIN_VALIDATION,Only 6 TWIP negatives across 4 strict groups; one paper contributes 3 negatives; Strict/paper/material relatedness crosses the partition,INVALID_GROUP_LEAKAGE,"Deterministic leave-one-group-out fold holding P012_MAT_C; group independence takes precedence over exact stratification; no row-random split, resampling, or model fitting.",17,9,NOT_FEASIBLE,P012_MAT_C,12,6,2,0,21,5,1,0,22,6,2,0,1,5,4,16,0,0,0,1
T2_TWIP,T2_LOMFO_F09_P012_MAT_C,LEAVE_ONE_MATERIAL_FAMILY_OUT,Leakage_Group_Material_WITH_CONSERVATIVE_FALLBACK,28,2,16,1,22,6,2,0,True,False,0,1,1,0,0,1,M5_PLUS_INITIAL_MICROSTRUCTURE,15,2,FORBIDDEN_RELATED_GROUPS_CROSS_TRAIN_VALIDATION,Only 6 TWIP negatives across 4 strict groups; one paper contributes 3 negatives; Strict/paper/material relatedness crosses the partition,INVALID_GROUP_LEAKAGE,"Deterministic leave-one-group-out fold holding P012_MAT_C; group independence takes precedence over exact stratification; no row-random split, resampling, or model fitting.",17,9,NOT_FEASIBLE,P012_MAT_C,10,5,2,0,21,5,1,0,22,6,2,0,1,5,4,16,0,0,0,1
T2_TWIP,T2_LOMFO_F10_P012_MAT_MO,LEAVE_ONE_MATERIAL_FAMILY_OUT,Leakage_Group_Material_WITH_CONSERVATIVE_FALLBACK,29,1,16,1,23,6,1,0,True,False,0,1,1,0,0,1,M1_CHEMISTRY,24,1,FORBIDDEN_RELATED_GROUPS_CROSS_TRAIN_VALIDATION,Only 6 TWIP negatives across 4 strict groups; one paper contributes 3 negatives; Strict/paper/material relatedness crosses the partition,INVALID_GROUP_LEAKAGE,"Deterministic leave-one-group-out fold holding P012_MAT_MO; group independence takes precedence over exact stratification; no row-random split, resampling, or model fitting.",17,10,NOT_FEASIBLE,P012_MAT_MO,18,6,1,0,22,5,0,0,23,6,1,0,1,5,4,17,0,0,0,0
T2_TWIP,T2_LOMFO_F10_P012_MAT_MO,LEAVE_ONE_MATERIAL_FAMILY_OUT,Leakage_Group_Material_WITH_CONSERVATIVE_FALLBACK,29,1,16,1,23,6,1,0,True,False,0,1,1,0,0,1,M2_CHEMISTRY_PLUS_TEST,19,1,FORBIDDEN_RELATED_GROUPS_CROSS_TRAIN_VALIDATION,Only 6 TWIP negatives across 4 strict groups; one paper contributes 3 negatives; Strict/paper/material relatedness crosses the partition,INVALID_GROUP_LEAKAGE,"Deterministic leave-one-group-out fold holding P012_MAT_MO; group independence takes precedence over exact stratification; no row-random split, resampling, or model fitting.",17,10,NOT_FEASIBLE,P012_MAT_MO,13,6,1,0,22,5,0,0,23,6,1,0,1,5,4,17,0,0,0,0
T2_TWIP,T2_LOMFO_F10_P012_MAT_MO,LEAVE_ONE_MATERIAL_FAMILY_OUT,Leakage_Group_Material_WITH_CONSERVATIVE_FALLBACK,29,1,16,1,23,6,1,0,True,False,0,1,1,0,0,1,M3_PLUS_PROCESSING,19,1,FORBIDDEN_RELATED_GROUPS_CROSS_TRAIN_VALIDATION,Only 6 TWIP negatives across 4 strict groups; one paper contributes 3 negatives; Strict/paper/material relatedness crosses the partition,INVALID_GROUP_LEAKAGE,"Deterministic leave-one-group-out fold holding P012_MAT_MO; group independence takes precedence over exact stratification; no row-random split, resampling, or model fitting.",17,10,NOT_FEASIBLE,P012_MAT_MO,13,6,1,0,22,5,0,0,23,6,1,0,1,5,4,17,0,0,0,0
T2_TWIP,T2_LOMFO_F10_P012_MAT_MO,LEAVE_ONE_MATERIAL_FAMILY_OUT,Leakage_Group_Material_WITH_CONSERVATIVE_FALLBACK,29,1,16,1,23,6,1,0,True,False,0,1,1,0,0,1,M4_PLUS_PHYSICS,19,1,FORBIDDEN_RELATED_GROUPS_CROSS_TRAIN_VALIDATION,Only 6 TWIP negatives across 4 strict groups; one paper contributes 3 negatives; Strict/paper/material relatedness crosses the partition,INVALID_GROUP_LEAKAGE,"Deterministic leave-one-group-out fold holding P012_MAT_MO; group independence takes precedence over exact stratification; no row-random split, resampling, or model fitting.",17,10,NOT_FEASIBLE,P012_MAT_MO,13,6,1,0,22,5,0,0,23,6,1,0,1,5,4,17,0,0,0,0
T2_TWIP,T2_LOMFO_F10_P012_MAT_MO,LEAVE_ONE_MATERIAL_FAMILY_OUT,Leakage_Group_Material_WITH_CONSERVATIVE_FALLBACK,29,1,16,1,23,6,1,0,True,False,0,1,1,0,0,1,M5_PLUS_INITIAL_MICROSTRUCTURE,16,1,FORBIDDEN_RELATED_GROUPS_CROSS_TRAIN_VALIDATION,Only 6 TWIP negatives across 4 strict groups; one paper contributes 3 negatives; Strict/paper/material relatedness crosses the partition,INVALID_GROUP_LEAKAGE,"Deterministic leave-one-group-out fold holding P012_MAT_MO; group independence takes precedence over exact stratification; no row-random split, resampling, or model fitting.",17,10,NOT_FEASIBLE,P012_MAT_MO,11,5,1,0,22,5,0,0,23,6,1,0,1,5,4,17,0,0,0,0
T2_TWIP,T2_LOMFO_F11_P013_MAT_ASCAST,LEAVE_ONE_MATERIAL_FAMILY_OUT,Leakage_Group_Material_WITH_CONSERVATIVE_FALLBACK,29,1,16,1,23,6,1,0,True,False,0,0,0,0,1,0,M1_CHEMISTRY,24,1,ZERO_PROVENANCE_GROUP_OVERLAP; EXACT_SOURCE_ALLOY_FAMILY_OVERLAP_LIMITS_G2,Only 6 TWIP negatives across 4 strict groups; one paper contributes 3 negatives; At least one required class is absent from training or validation,INVALID_CLASS_SUPPORT,"Deterministic leave-one-group-out fold holding P013_MAT_ASCAST; group independence takes precedence over exact stratification; no row-random split, resampling, or model fitting.",17,11,NOT_FEASIBLE,P013_MAT_ASCAST,18,6,1,0,21,5,1,0,23,6,1,0,1,5,4,16,0,0,0,1
T2_TWIP,T2_LOMFO_F11_P013_MAT_ASCAST,LEAVE_ONE_MATERIAL_FAMILY_OUT,Leakage_Group_Material_WITH_CONSERVATIVE_FALLBACK,29,1,16,1,23,6,1,0,True,False,0,0,0,0,1,0,M2_CHEMISTRY_PLUS_TEST,20,0,ZERO_PROVENANCE_GROUP_OVERLAP; EXACT_SOURCE_ALLOY_FAMILY_OVERLAP_LIMITS_G2,Only 6 TWIP negatives across 4 strict groups; one paper contributes 3 negatives; At least one required class is absent from training or validation,INVALID_CLASS_SUPPORT,"Deterministic leave-one-group-out fold holding P013_MAT_ASCAST; group independence takes precedence over exact stratification; no row-random split, resampling, or model fitting.",17,11,NOT_FEASIBLE,P013_MAT_ASCAST,14,6,0,0,21,5,1,0,23,6,1,0,1,5,4,16,0,0,0,1
T2_TWIP,T2_LOMFO_F11_P013_MAT_ASCAST,LEAVE_ONE_MATERIAL_FAMILY_OUT,Leakage_Group_Material_WITH_CONSERVATIVE_FALLBACK,29,1,16,1,23,6,1,0,True,False,0,0,0,0,1,0,M3_PLUS_PROCESSING,20,0,ZERO_PROVENANCE_GROUP_OVERLAP; EXACT_SOURCE_ALLOY_FAMILY_OVERLAP_LIMITS_G2,Only 6 TWIP negatives across 4 strict groups; one paper contributes 3 negatives; At least one required class is absent from training or validation,INVALID_CLASS_SUPPORT,"Deterministic leave-one-group-out fold holding P013_MAT_ASCAST; group independence takes precedence over exact stratification; no row-random split, resampling, or model fitting.",17,11,NOT_FEASIBLE,P013_MAT_ASCAST,14,6,0,0,21,5,1,0,23,6,1,0,1,5,4,16,0,0,0,1
T2_TWIP,T2_LOMFO_F11_P013_MAT_ASCAST,LEAVE_ONE_MATERIAL_FAMILY_OUT,Leakage_Group_Material_WITH_CONSERVATIVE_FALLBACK,29,1,16,1,23,6,1,0,True,False,0,0,0,0,1,0,M4_PLUS_PHYSICS,20,0,ZERO_PROVENANCE_GROUP_OVERLAP; EXACT_SOURCE_ALLOY_FAMILY_OVERLAP_LIMITS_G2,Only 6 TWIP negatives across 4 strict groups; one paper contributes 3 negatives; At least one required class is absent from training or validation,INVALID_CLASS_SUPPORT,"Deterministic leave-one-group-out fold holding P013_MAT_ASCAST; group independence takes precedence over exact stratification; no row-random split, resampling, or model fitting.",17,11,NOT_FEASIBLE,P013_MAT_ASCAST,14,6,0,0,21,5,1,0,23,6,1,0,1,5,4,16,0,0,0,1
T2_TWIP,T2_LOMFO_F11_P013_MAT_ASCAST,LEAVE_ONE_MATERIAL_FAMILY_OUT,Leakage_Group_Material_WITH_CONSERVATIVE_FALLBACK,29,1,16,1,23,6,1,0,True,False,0,0,0,0,1,0,M5_PLUS_INITIAL_MICROSTRUCTURE,17,0,ZERO_PROVENANCE_GROUP_OVERLAP; EXACT_SOURCE_ALLOY_FAMILY_OVERLAP_LIMITS_G2,Only 6 TWIP negatives across 4 strict groups; one paper contributes 3 negatives; At least one required class is absent from training or validation,INVALID_CLASS_SUPPORT,"Deterministic leave-one-group-out fold holding P013_MAT_ASCAST; group independence takes precedence over exact stratification; no row-random split, resampling, or model fitting.",17,11,NOT_FEASIBLE,P013_MAT_ASCAST,12,5,0,0,21,5,1,0,23,6,1,0,1,5,4,16,0,0,0,1
T2_TWIP,T2_LOMFO_F12_P014_MAT_FE50MN30CO10CR10,LEAVE_ONE_MATERIAL_FAMILY_OUT,Leakage_Group_Material_WITH_CONSERVATIVE_FALLBACK,29,1,16,1,23,6,1,0,True,False,0,0,0,0,1,0,M1_CHEMISTRY,24,1,ZERO_PROVENANCE_GROUP_OVERLAP; EXACT_SOURCE_ALLOY_FAMILY_OVERLAP_LIMITS_G2,Only 6 TWIP negatives across 4 strict groups; one paper contributes 3 negatives; At least one required class is absent from training or validation,INVALID_CLASS_SUPPORT,"Deterministic leave-one-group-out fold holding P014_MAT_FE50MN30CO10CR10; group independence takes precedence over exact stratification; no row-random split, resampling, or model fitting.",17,12,NOT_FEASIBLE,P014_MAT_FE50MN30CO10CR10,18,6,1,0,21,5,1,0,23,6,1,0,1,5,4,16,0,0,0,1
T2_TWIP,T2_LOMFO_F12_P014_MAT_FE50MN30CO10CR10,LEAVE_ONE_MATERIAL_FAMILY_OUT,Leakage_Group_Material_WITH_CONSERVATIVE_FALLBACK,29,1,16,1,23,6,1,0,True,False,0,0,0,0,1,0,M2_CHEMISTRY_PLUS_TEST,20,0,ZERO_PROVENANCE_GROUP_OVERLAP; EXACT_SOURCE_ALLOY_FAMILY_OVERLAP_LIMITS_G2,Only 6 TWIP negatives across 4 strict groups; one paper contributes 3 negatives; At least one required class is absent from training or validation,INVALID_CLASS_SUPPORT,"Deterministic leave-one-group-out fold holding P014_MAT_FE50MN30CO10CR10; group independence takes precedence over exact stratification; no row-random split, resampling, or model fitting.",17,12,NOT_FEASIBLE,P014_MAT_FE50MN30CO10CR10,14,6,0,0,21,5,1,0,23,6,1,0,1,5,4,16,0,0,0,1
T2_TWIP,T2_LOMFO_F12_P014_MAT_FE50MN30CO10CR10,LEAVE_ONE_MATERIAL_FAMILY_OUT,Leakage_Group_Material_WITH_CONSERVATIVE_FALLBACK,29,1,16,1,23,6,1,0,True,False,0,0,0,0,1,0,M3_PLUS_PROCESSING,20,0,ZERO_PROVENANCE_GROUP_OVERLAP; EXACT_SOURCE_ALLOY_FAMILY_OVERLAP_LIMITS_G2,Only 6 TWIP negatives across 4 strict groups; one paper contributes 3 negatives; At least one required class is absent from training or validation,INVALID_CLASS_SUPPORT,"Deterministic leave-one-group-out fold holding P014_MAT_FE50MN30CO10CR10; group independence takes precedence over exact stratification; no row-random split, resampling, or model fitting.",17,12,NOT_FEASIBLE,P014_MAT_FE50MN30CO10CR10,14,6,0,0,21,5,1,0,23,6,1,0,1,5,4,16,0,0,0,1
T2_TWIP,T2_LOMFO_F12_P014_MAT_FE50MN30CO10CR10,LEAVE_ONE_MATERIAL_FAMILY_OUT,Leakage_Group_Material_WITH_CONSERVATIVE_FALLBACK,29,1,16,1,23,6,1,0,True,False,0,0,0,0,1,0,M4_PLUS_PHYSICS,20,0,ZERO_PROVENANCE_GROUP_OVERLAP; EXACT_SOURCE_ALLOY_FAMILY_OVERLAP_LIMITS_G2,Only 6 TWIP negatives across 4 strict groups; one paper contributes 3 negatives; At least one required class is absent from training or validation,INVALID_CLASS_SUPPORT,"Deterministic leave-one-group-out fold holding P014_MAT_FE50MN30CO10CR10; group independence takes precedence over exact stratification; no row-random split, resampling, or model fitting.",17,12,NOT_FEASIBLE,P014_MAT_FE50MN30CO10CR10,14,6,0,0,21,5,1,0,23,6,1,0,1,5,4,16,0,0,0,1
T2_TWIP,T2_LOMFO_F12_P014_MAT_FE50MN30CO10CR10,LEAVE_ONE_MATERIAL_FAMILY_OUT,Leakage_Group_Material_WITH_CONSERVATIVE_FALLBACK,29,1,16,1,23,6,1,0,True,False,0,0,0,0,1,0,M5_PLUS_INITIAL_MICROSTRUCTURE,17,0,ZERO_PROVENANCE_GROUP_OVERLAP; EXACT_SOURCE_ALLOY_FAMILY_OVERLAP_LIMITS_G2,Only 6 TWIP negatives across 4 strict groups; one paper contributes 3 negatives; At least one required class is absent from training or validation,INVALID_CLASS_SUPPORT,"Deterministic leave-one-group-out fold holding P014_MAT_FE50MN30CO10CR10; group independence takes precedence over exact stratification; no row-random split, resampling, or model fitting.",17,12,NOT_FEASIBLE,P014_MAT_FE50MN30CO10CR10,12,5,0,0,21,5,1,0,23,6,1,0,1,5,4,16,0,0,0,1
T2_TWIP,T2_LOMFO_F13_P015_MAT_FE50MN20CR20NI10,LEAVE_ONE_MATERIAL_FAMILY_OUT,Leakage_Group_Material_WITH_CONSERVATIVE_FALLBACK,28,2,16,1,22,6,2,0,True,False,0,0,0,0,0,0,M1_CHEMISTRY,25,0,ZERO_PAPER_STUDY_MATERIAL_STRICT_AND_EXACT_SOURCE_FAMILY_OVERLAP,Only 6 TWIP negatives across 4 strict groups; one paper contributes 3 negatives; At least one required class is absent from training or validation,INVALID_CLASS_SUPPORT,"Deterministic leave-one-group-out fold holding P015_MAT_FE50MN20CR20NI10; group independence takes precedence over exact stratification; no row-random split, resampling, or model fitting.",17,13,NOT_FEASIBLE,P015_MAT_FE50MN20CR20NI10,19,6,0,0,21,4,1,1,22,6,2,0,1,5,3,16,0,0,1,1
T2_TWIP,T2_LOMFO_F13_P015_MAT_FE50MN20CR20NI10,LEAVE_ONE_MATERIAL_FAMILY_OUT,Leakage_Group_Material_WITH_CONSERVATIVE_FALLBACK,28,2,16,1,22,6,2,0,True,False,0,0,0,0,0,0,M2_CHEMISTRY_PLUS_TEST,20,0,ZERO_PAPER_STUDY_MATERIAL_STRICT_AND_EXACT_SOURCE_FAMILY_OVERLAP,Only 6 TWIP negatives across 4 strict groups; one paper contributes 3 negatives; At least one required class is absent from training or validation,INVALID_CLASS_SUPPORT,"Deterministic leave-one-group-out fold holding P015_MAT_FE50MN20CR20NI10; group independence takes precedence over exact stratification; no row-random split, resampling, or model fitting.",17,13,NOT_FEASIBLE,P015_MAT_FE50MN20CR20NI10,14,6,0,0,21,4,1,1,22,6,2,0,1,5,3,16,0,0,1,1
T2_TWIP,T2_LOMFO_F13_P015_MAT_FE50MN20CR20NI10,LEAVE_ONE_MATERIAL_FAMILY_OUT,Leakage_Group_Material_WITH_CONSERVATIVE_FALLBACK,28,2,16,1,22,6,2,0,True,False,0,0,0,0,0,0,M3_PLUS_PROCESSING,20,0,ZERO_PAPER_STUDY_MATERIAL_STRICT_AND_EXACT_SOURCE_FAMILY_OVERLAP,Only 6 TWIP negatives across 4 strict groups; one paper contributes 3 negatives; At least one required class is absent from training or validation,INVALID_CLASS_SUPPORT,"Deterministic leave-one-group-out fold holding P015_MAT_FE50MN20CR20NI10; group independence takes precedence over exact stratification; no row-random split, resampling, or model fitting.",17,13,NOT_FEASIBLE,P015_MAT_FE50MN20CR20NI10,14,6,0,0,21,4,1,1,22,6,2,0,1,5,3,16,0,0,1,1
T2_TWIP,T2_LOMFO_F13_P015_MAT_FE50MN20CR20NI10,LEAVE_ONE_MATERIAL_FAMILY_OUT,Leakage_Group_Material_WITH_CONSERVATIVE_FALLBACK,28,2,16,1,22,6,2,0,True,False,0,0,0,0,0,0,M4_PLUS_PHYSICS,20,0,ZERO_PAPER_STUDY_MATERIAL_STRICT_AND_EXACT_SOURCE_FAMILY_OVERLAP,Only 6 TWIP negatives across 4 strict groups; one paper contributes 3 negatives; At least one required class is absent from training or validation,INVALID_CLASS_SUPPORT,"Deterministic leave-one-group-out fold holding P015_MAT_FE50MN20CR20NI10; group independence takes precedence over exact stratification; no row-random split, resampling, or model fitting.",17,13,NOT_FEASIBLE,P015_MAT_FE50MN20CR20NI10,14,6,0,0,21,4,1,1,22,6,2,0,1,5,3,16,0,0,1,1
T2_TWIP,T2_LOMFO_F13_P015_MAT_FE50MN20CR20NI10,LEAVE_ONE_MATERIAL_FAMILY_OUT,Leakage_Group_Material_WITH_CONSERVATIVE_FALLBACK,28,2,16,1,22,6,2,0,True,False,0,0,0,0,0,0,M5_PLUS_INITIAL_MICROSTRUCTURE,17,0,ZERO_PAPER_STUDY_MATERIAL_STRICT_AND_EXACT_SOURCE_FAMILY_OVERLAP,Only 6 TWIP negatives across 4 strict groups; one paper contributes 3 negatives; At least one required class is absent from training or validation,INVALID_CLASS_SUPPORT,"Deterministic leave-one-group-out fold holding P015_MAT_FE50MN20CR20NI10; group independence takes precedence over exact stratification; no row-random split, resampling, or model fitting.",17,13,NOT_FEASIBLE,P015_MAT_FE50MN20CR20NI10,12,5,0,0,21,4,1,1,22,6,2,0,1,5,3,16,0,0,1,1
T2_TWIP,T2_LOMFO_F14_PAPER_FALLBACK_P001,LEAVE_ONE_MATERIAL_FAMILY_OUT,Leakage_Group_Material_WITH_CONSERVATIVE_FALLBACK,27,3,16,1,24,3,0,3,True,False,0,0,0,0,0,0,M1_CHEMISTRY,22,3,ZERO_PAPER_STUDY_MATERIAL_STRICT_AND_EXACT_SOURCE_FAMILY_OVERLAP,Only 6 TWIP negatives across 4 strict groups; one paper contributes 3 negatives; At least one required class is absent from training or validation,INVALID_CLASS_SUPPORT,"Deterministic leave-one-group-out fold holding PAPER_FALLBACK::P001; group independence takes precedence over exact stratification; no row-random split, resampling, or model fitting.",17,14,NOT_FEASIBLE,PAPER_FALLBACK::P001,19,3,0,3,19,5,3,0,24,3,0,3,1,2,4,17,0,3,0,0
T2_TWIP,T2_LOMFO_F14_PAPER_FALLBACK_P001,LEAVE_ONE_MATERIAL_FAMILY_OUT,Leakage_Group_Material_WITH_CONSERVATIVE_FALLBACK,27,3,16,1,24,3,0,3,True,False,0,0,0,0,0,0,M2_CHEMISTRY_PLUS_TEST,17,3,ZERO_PAPER_STUDY_MATERIAL_STRICT_AND_EXACT_SOURCE_FAMILY_OVERLAP,Only 6 TWIP negatives across 4 strict groups; one paper contributes 3 negatives; At least one required class is absent from training or validation,INVALID_CLASS_SUPPORT,"Deterministic leave-one-group-out fold holding PAPER_FALLBACK::P001; group independence takes precedence over exact stratification; no row-random split, resampling, or model fitting.",17,14,NOT_FEASIBLE,PAPER_FALLBACK::P001,14,3,0,3,19,5,3,0,24,3,0,3,1,2,4,17,0,3,0,0
T2_TWIP,T2_LOMFO_F14_PAPER_FALLBACK_P001,LEAVE_ONE_MATERIAL_FAMILY_OUT,Leakage_Group_Material_WITH_CONSERVATIVE_FALLBACK,27,3,16,1,24,3,0,3,True,False,0,0,0,0,0,0,M3_PLUS_PROCESSING,17,3,ZERO_PAPER_STUDY_MATERIAL_STRICT_AND_EXACT_SOURCE_FAMILY_OVERLAP,Only 6 TWIP negatives across 4 strict groups; one paper contributes 3 negatives; At least one required class is absent from training or validation,INVALID_CLASS_SUPPORT,"Deterministic leave-one-group-out fold holding PAPER_FALLBACK::P001; group independence takes precedence over exact stratification; no row-random split, resampling, or model fitting.",17,14,NOT_FEASIBLE,PAPER_FALLBACK::P001,14,3,0,3,19,5,3,0,24,3,0,3,1,2,4,17,0,3,0,0
T2_TWIP,T2_LOMFO_F14_PAPER_FALLBACK_P001,LEAVE_ONE_MATERIAL_FAMILY_OUT,Leakage_Group_Material_WITH_CONSERVATIVE_FALLBACK,27,3,16,1,24,3,0,3,True,False,0,0,0,0,0,0,M4_PLUS_PHYSICS,17,3,ZERO_PAPER_STUDY_MATERIAL_STRICT_AND_EXACT_SOURCE_FAMILY_OVERLAP,Only 6 TWIP negatives across 4 strict groups; one paper contributes 3 negatives; At least one required class is absent from training or validation,INVALID_CLASS_SUPPORT,"Deterministic leave-one-group-out fold holding PAPER_FALLBACK::P001; group independence takes precedence over exact stratification; no row-random split, resampling, or model fitting.",17,14,NOT_FEASIBLE,PAPER_FALLBACK::P001,14,3,0,3,19,5,3,0,24,3,0,3,1,2,4,17,0,3,0,0
T2_TWIP,T2_LOMFO_F14_PAPER_FALLBACK_P001,LEAVE_ONE_MATERIAL_FAMILY_OUT,Leakage_Group_Material_WITH_CONSERVATIVE_FALLBACK,27,3,16,1,24,3,0,3,True,False,0,0,0,0,0,0,M5_PLUS_INITIAL_MICROSTRUCTURE,14,3,ZERO_PAPER_STUDY_MATERIAL_STRICT_AND_EXACT_SOURCE_FAMILY_OVERLAP,Only 6 TWIP negatives across 4 strict groups; one paper contributes 3 negatives; At least one required class is absent from training or validation,INVALID_CLASS_SUPPORT,"Deterministic leave-one-group-out fold holding PAPER_FALLBACK::P001; group independence takes precedence over exact stratification; no row-random split, resampling, or model fitting.",17,14,NOT_FEASIBLE,PAPER_FALLBACK::P001,12,2,0,3,19,5,3,0,24,3,0,3,1,2,4,17,0,3,0,0
T2_TWIP,T2_LOMFO_F15_PAPER_FALLBACK_P002,LEAVE_ONE_MATERIAL_FAMILY_OUT,Leakage_Group_Material_WITH_CONSERVATIVE_FALLBACK,27,3,16,1,22,5,2,1,True,True,0,0,0,0,0,0,M1_CHEMISTRY,22,3,ZERO_PAPER_STUDY_MATERIAL_STRICT_AND_EXACT_SOURCE_FAMILY_OVERLAP,Only 6 TWIP negatives across 4 strict groups; one paper contributes 3 negatives,EXPLORATORY_ONLY,"Deterministic leave-one-group-out fold holding PAPER_FALLBACK::P002; group independence takes precedence over exact stratification; no row-random split, resampling, or model fitting.",17,15,NOT_FEASIBLE,PAPER_FALLBACK::P002,17,5,2,1,20,4,2,1,22,5,2,1,0,5,4,15,1,0,0,2
T2_TWIP,T2_LOMFO_F15_PAPER_FALLBACK_P002,LEAVE_ONE_MATERIAL_FAMILY_OUT,Leakage_Group_Material_WITH_CONSERVATIVE_FALLBACK,27,3,16,1,22,5,2,1,True,True,0,0,0,0,0,0,M2_CHEMISTRY_PLUS_TEST,17,3,ZERO_PAPER_STUDY_MATERIAL_STRICT_AND_EXACT_SOURCE_FAMILY_OVERLAP,Only 6 TWIP negatives across 4 strict groups; one paper contributes 3 negatives,EXPLORATORY_ONLY,"Deterministic leave-one-group-out fold holding PAPER_FALLBACK::P002; group independence takes precedence over exact stratification; no row-random split, resampling, or model fitting.",17,15,NOT_FEASIBLE,PAPER_FALLBACK::P002,12,5,2,1,20,4,2,1,22,5,2,1,0,5,4,15,1,0,0,2
T2_TWIP,T2_LOMFO_F15_PAPER_FALLBACK_P002,LEAVE_ONE_MATERIAL_FAMILY_OUT,Leakage_Group_Material_WITH_CONSERVATIVE_FALLBACK,27,3,16,1,22,5,2,1,True,True,0,0,0,0,0,0,M3_PLUS_PROCESSING,17,3,ZERO_PAPER_STUDY_MATERIAL_STRICT_AND_EXACT_SOURCE_FAMILY_OVERLAP,Only 6 TWIP negatives across 4 strict groups; one paper contributes 3 negatives,EXPLORATORY_ONLY,"Deterministic leave-one-group-out fold holding PAPER_FALLBACK::P002; group independence takes precedence over exact stratification; no row-random split, resampling, or model fitting.",17,15,NOT_FEASIBLE,PAPER_FALLBACK::P002,12,5,2,1,20,4,2,1,22,5,2,1,0,5,4,15,1,0,0,2
T2_TWIP,T2_LOMFO_F15_PAPER_FALLBACK_P002,LEAVE_ONE_MATERIAL_FAMILY_OUT,Leakage_Group_Material_WITH_CONSERVATIVE_FALLBACK,27,3,16,1,22,5,2,1,True,True,0,0,0,0,0,0,M4_PLUS_PHYSICS,17,3,ZERO_PAPER_STUDY_MATERIAL_STRICT_AND_EXACT_SOURCE_FAMILY_OVERLAP,Only 6 TWIP negatives across 4 strict groups; one paper contributes 3 negatives,EXPLORATORY_ONLY,"Deterministic leave-one-group-out fold holding PAPER_FALLBACK::P002; group independence takes precedence over exact stratification; no row-random split, resampling, or model fitting.",17,15,NOT_FEASIBLE,PAPER_FALLBACK::P002,12,5,2,1,20,4,2,1,22,5,2,1,0,5,4,15,1,0,0,2
T2_TWIP,T2_LOMFO_F15_PAPER_FALLBACK_P002,LEAVE_ONE_MATERIAL_FAMILY_OUT,Leakage_Group_Material_WITH_CONSERVATIVE_FALLBACK,27,3,16,1,22,5,2,1,True,True,0,0,0,0,0,0,M5_PLUS_INITIAL_MICROSTRUCTURE,16,1,ZERO_PAPER_STUDY_MATERIAL_STRICT_AND_EXACT_SOURCE_FAMILY_OVERLAP,Only 6 TWIP negatives across 4 strict groups; one paper contributes 3 negatives,EXPLORATORY_ONLY,"Deterministic leave-one-group-out fold holding PAPER_FALLBACK::P002; group independence takes precedence over exact stratification; no row-random split, resampling, or model fitting.",17,15,NOT_FEASIBLE,PAPER_FALLBACK::P002,11,5,1,0,20,4,2,1,22,5,2,1,0,5,4,15,1,0,0,2
T2_TWIP,T2_LOMFO_F16_PAPER_FALLBACK_P003,LEAVE_ONE_MATERIAL_FAMILY_OUT,Leakage_Group_Material_WITH_CONSERVATIVE_FALLBACK,27,3,16,1,21,6,3,0,True,False,0,0,0,0,1,0,M1_CHEMISTRY,22,3,ZERO_PROVENANCE_GROUP_OVERLAP; EXACT_SOURCE_ALLOY_FAMILY_OVERLAP_LIMITS_G2,Only 6 TWIP negatives across 4 strict groups; one paper contributes 3 negatives; At least one required class is absent from training or validation,INVALID_CLASS_SUPPORT,"Deterministic leave-one-group-out fold holding PAPER_FALLBACK::P003; group independence takes precedence over exact stratification; no row-random split, resampling, or model fitting.",17,16,NOT_FEASIBLE,PAPER_FALLBACK::P003,16,6,3,0,19,5,3,0,21,6,3,0,1,5,4,14,0,0,0,3
T2_TWIP,T2_LOMFO_F16_PAPER_FALLBACK_P003,LEAVE_ONE_MATERIAL_FAMILY_OUT,Leakage_Group_Material_WITH_CONSERVATIVE_FALLBACK,27,3,16,1,21,6,3,0,True,False,0,0,0,0,1,0,M2_CHEMISTRY_PLUS_TEST,17,3,ZERO_PROVENANCE_GROUP_OVERLAP; EXACT_SOURCE_ALLOY_FAMILY_OVERLAP_LIMITS_G2,Only 6 TWIP negatives across 4 strict groups; one paper contributes 3 negatives; At least one required class is absent from training or validation,INVALID_CLASS_SUPPORT,"Deterministic leave-one-group-out fold holding PAPER_FALLBACK::P003; group independence takes precedence over exact stratification; no row-random split, resampling, or model fitting.",17,16,NOT_FEASIBLE,PAPER_FALLBACK::P003,11,6,3,0,19,5,3,0,21,6,3,0,1,5,4,14,0,0,0,3
T2_TWIP,T2_LOMFO_F16_PAPER_FALLBACK_P003,LEAVE_ONE_MATERIAL_FAMILY_OUT,Leakage_Group_Material_WITH_CONSERVATIVE_FALLBACK,27,3,16,1,21,6,3,0,True,False,0,0,0,0,1,0,M3_PLUS_PROCESSING,17,3,ZERO_PROVENANCE_GROUP_OVERLAP; EXACT_SOURCE_ALLOY_FAMILY_OVERLAP_LIMITS_G2,Only 6 TWIP negatives across 4 strict groups; one paper contributes 3 negatives; At least one required class is absent from training or validation,INVALID_CLASS_SUPPORT,"Deterministic leave-one-group-out fold holding PAPER_FALLBACK::P003; group independence takes precedence over exact stratification; no row-random split, resampling, or model fitting.",17,16,NOT_FEASIBLE,PAPER_FALLBACK::P003,11,6,3,0,19,5,3,0,21,6,3,0,1,5,4,14,0,0,0,3
T2_TWIP,T2_LOMFO_F16_PAPER_FALLBACK_P003,LEAVE_ONE_MATERIAL_FAMILY_OUT,Leakage_Group_Material_WITH_CONSERVATIVE_FALLBACK,27,3,16,1,21,6,3,0,True,False,0,0,0,0,1,0,M4_PLUS_PHYSICS,17,3,ZERO_PROVENANCE_GROUP_OVERLAP; EXACT_SOURCE_ALLOY_FAMILY_OVERLAP_LIMITS_G2,Only 6 TWIP negatives across 4 strict groups; one paper contributes 3 negatives; At least one required class is absent from training or validation,INVALID_CLASS_SUPPORT,"Deterministic leave-one-group-out fold holding PAPER_FALLBACK::P003; group independence takes precedence over exact stratification; no row-random split, resampling, or model fitting.",17,16,NOT_FEASIBLE,PAPER_FALLBACK::P003,11,6,3,0,19,5,3,0,21,6,3,0,1,5,4,14,0,0,0,3
T2_TWIP,T2_LOMFO_F16_PAPER_FALLBACK_P003,LEAVE_ONE_MATERIAL_FAMILY_OUT,Leakage_Group_Material_WITH_CONSERVATIVE_FALLBACK,27,3,16,1,21,6,3,0,True,False,0,0,0,0,1,0,M5_PLUS_INITIAL_MICROSTRUCTURE,14,3,ZERO_PROVENANCE_GROUP_OVERLAP; EXACT_SOURCE_ALLOY_FAMILY_OVERLAP_LIMITS_G2,Only 6 TWIP negatives across 4 strict groups; one paper contributes 3 negatives; At least one required class is absent from training or validation,INVALID_CLASS_SUPPORT,"Deterministic leave-one-group-out fold holding PAPER_FALLBACK::P003; group independence takes precedence over exact stratification; no row-random split, resampling, or model fitting.",17,16,NOT_FEASIBLE,PAPER_FALLBACK::P003,9,5,3,0,19,5,3,0,21,6,3,0,1,5,4,14,0,0,0,3
T2_TWIP,T2_LOMFO_F17_PAPER_FALLBACK_P016,LEAVE_ONE_MATERIAL_FAMILY_OUT,Leakage_Group_Material_WITH_CONSERVATIVE_FALLBACK,29,1,16,1,23,6,1,0,True,False,0,0,0,0,0,0,M1_CHEMISTRY,25,0,ZERO_PAPER_STUDY_MATERIAL_STRICT_AND_EXACT_SOURCE_FAMILY_OVERLAP,Only 6 TWIP negatives across 4 strict groups; one paper contributes 3 negatives; At least one required class is absent from training or validation,INVALID_CLASS_SUPPORT,"Deterministic leave-one-group-out fold holding PAPER_FALLBACK::P016; group independence takes precedence over exact stratification; no row-random split, resampling, or model fitting.",17,17,NOT_FEASIBLE,PAPER_FALLBACK::P016,19,6,0,0,21,5,1,0,23,6,1,0,1,5,4,16,0,0,0,1
T2_TWIP,T2_LOMFO_F17_PAPER_FALLBACK_P016,LEAVE_ONE_MATERIAL_FAMILY_OUT,Leakage_Group_Material_WITH_CONSERVATIVE_FALLBACK,29,1,16,1,23,6,1,0,True,False,0,0,0,0,0,0,M2_CHEMISTRY_PLUS_TEST,20,0,ZERO_PAPER_STUDY_MATERIAL_STRICT_AND_EXACT_SOURCE_FAMILY_OVERLAP,Only 6 TWIP negatives across 4 strict groups; one paper contributes 3 negatives; At least one required class is absent from training or validation,INVALID_CLASS_SUPPORT,"Deterministic leave-one-group-out fold holding PAPER_FALLBACK::P016; group independence takes precedence over exact stratification; no row-random split, resampling, or model fitting.",17,17,NOT_FEASIBLE,PAPER_FALLBACK::P016,14,6,0,0,21,5,1,0,23,6,1,0,1,5,4,16,0,0,0,1
T2_TWIP,T2_LOMFO_F17_PAPER_FALLBACK_P016,LEAVE_ONE_MATERIAL_FAMILY_OUT,Leakage_Group_Material_WITH_CONSERVATIVE_FALLBACK,29,1,16,1,23,6,1,0,True,False,0,0,0,0,0,0,M3_PLUS_PROCESSING,20,0,ZERO_PAPER_STUDY_MATERIAL_STRICT_AND_EXACT_SOURCE_FAMILY_OVERLAP,Only 6 TWIP negatives across 4 strict groups; one paper contributes 3 negatives; At least one required class is absent from training or validation,INVALID_CLASS_SUPPORT,"Deterministic leave-one-group-out fold holding PAPER_FALLBACK::P016; group independence takes precedence over exact stratification; no row-random split, resampling, or model fitting.",17,17,NOT_FEASIBLE,PAPER_FALLBACK::P016,14,6,0,0,21,5,1,0,23,6,1,0,1,5,4,16,0,0,0,1
T2_TWIP,T2_LOMFO_F17_PAPER_FALLBACK_P016,LEAVE_ONE_MATERIAL_FAMILY_OUT,Leakage_Group_Material_WITH_CONSERVATIVE_FALLBACK,29,1,16,1,23,6,1,0,True,False,0,0,0,0,0,0,M4_PLUS_PHYSICS,20,0,ZERO_PAPER_STUDY_MATERIAL_STRICT_AND_EXACT_SOURCE_FAMILY_OVERLAP,Only 6 TWIP negatives across 4 strict groups; one paper contributes 3 negatives; At least one required class is absent from training or validation,INVALID_CLASS_SUPPORT,"Deterministic leave-one-group-out fold holding PAPER_FALLBACK::P016; group independence takes precedence over exact stratification; no row-random split, resampling, or model fitting.",17,17,NOT_FEASIBLE,PAPER_FALLBACK::P016,14,6,0,0,21,5,1,0,23,6,1,0,1,5,4,16,0,0,0,1
T2_TWIP,T2_LOMFO_F17_PAPER_FALLBACK_P016,LEAVE_ONE_MATERIAL_FAMILY_OUT,Leakage_Group_Material_WITH_CONSERVATIVE_FALLBACK,29,1,16,1,23,6,1,0,True,False,0,0,0,0,0,0,M5_PLUS_INITIAL_MICROSTRUCTURE,17,0,ZERO_PAPER_STUDY_MATERIAL_STRICT_AND_EXACT_SOURCE_FAMILY_OVERLAP,Only 6 TWIP negatives across 4 strict groups; one paper contributes 3 negatives; At least one required class is absent from training or validation,INVALID_CLASS_SUPPORT,"Deterministic leave-one-group-out fold holding PAPER_FALLBACK::P016; group independence takes precedence over exact stratification; no row-random split, resampling, or model fitting.",17,17,NOT_FEASIBLE,PAPER_FALLBACK::P016,12,5,0,0,21,5,1,0,23,6,1,0,1,5,4,16,0,0,0,1
T2_TWIP,T2_GKF_K2_F01,GROUP_K_FOLD_K2,Leakage_Group_Strict_WITH_PAPER_FALLBACK,15,15,6,6,13,2,11,4,True,True,0,0,0,0,1,0,M1_CHEMISTRY,12,13,ZERO_PROVENANCE_GROUP_OVERLAP; EXACT_SOURCE_ALLOY_FAMILY_OVERLAP_LIMITS_G2,Only 6 TWIP negatives across 4 strict groups; one paper contributes 3 negatives,VALID_LIMITED,"Label-blind deterministic greedy group allocation by descending target-usable group size and lexical group ID; group independence takes precedence over exact stratification; no row-random split, resampling, or model fitting.",2,1,FEASIBLE,P007_SERIES01|P008_SERIES01|P013_SERIES01|P014_SERIES01|PAPER_FALLBACK::P001|PAPER_FALLBACK::P003,10,2,9,4,9,3,13,2,13,2,11,4,1,1,2,8,0,4,2,9
T2_TWIP,T2_GKF_K2_F01,GROUP_K_FOLD_K2,Leakage_Group_Strict_WITH_PAPER_FALLBACK,15,15,6,6,13,2,11,4,True,True,0,0,0,0,1,0,M2_CHEMISTRY_PLUS_TEST,9,11,ZERO_PROVENANCE_GROUP_OVERLAP; EXACT_SOURCE_ALLOY_FAMILY_OVERLAP_LIMITS_G2,Only 6 TWIP negatives across 4 strict groups; one paper contributes 3 negatives,VALID_LIMITED,"Label-blind deterministic greedy group allocation by descending target-usable group size and lexical group ID; group independence takes precedence over exact stratification; no row-random split, resampling, or model fitting.",2,1,FEASIBLE,P007_SERIES01|P008_SERIES01|P013_SERIES01|P014_SERIES01|PAPER_FALLBACK::P001|PAPER_FALLBACK::P003,7,2,7,4,9,3,13,2,13,2,11,4,1,1,2,8,0,4,2,9
T2_TWIP,T2_GKF_K2_F01,GROUP_K_FOLD_K2,Leakage_Group_Strict_WITH_PAPER_FALLBACK,15,15,6,6,13,2,11,4,True,True,0,0,0,0,1,0,M3_PLUS_PROCESSING,9,11,ZERO_PROVENANCE_GROUP_OVERLAP; EXACT_SOURCE_ALLOY_FAMILY_OVERLAP_LIMITS_G2,Only 6 TWIP negatives across 4 strict groups; one paper contributes 3 negatives,VALID_LIMITED,"Label-blind deterministic greedy group allocation by descending target-usable group size and lexical group ID; group independence takes precedence over exact stratification; no row-random split, resampling, or model fitting.",2,1,FEASIBLE,P007_SERIES01|P008_SERIES01|P013_SERIES01|P014_SERIES01|PAPER_FALLBACK::P001|PAPER_FALLBACK::P003,7,2,7,4,9,3,13,2,13,2,11,4,1,1,2,8,0,4,2,9
T2_TWIP,T2_GKF_K2_F01,GROUP_K_FOLD_K2,Leakage_Group_Strict_WITH_PAPER_FALLBACK,15,15,6,6,13,2,11,4,True,True,0,0,0,0,1,0,M4_PLUS_PHYSICS,9,11,ZERO_PROVENANCE_GROUP_OVERLAP; EXACT_SOURCE_ALLOY_FAMILY_OVERLAP_LIMITS_G2,Only 6 TWIP negatives across 4 strict groups; one paper contributes 3 negatives,VALID_LIMITED,"Label-blind deterministic greedy group allocation by descending target-usable group size and lexical group ID; group independence takes precedence over exact stratification; no row-random split, resampling, or model fitting.",2,1,FEASIBLE,P007_SERIES01|P008_SERIES01|P013_SERIES01|P014_SERIES01|PAPER_FALLBACK::P001|PAPER_FALLBACK::P003,7,2,7,4,9,3,13,2,13,2,11,4,1,1,2,8,0,4,2,9
T2_TWIP,T2_GKF_K2_F01,GROUP_K_FOLD_K2,Leakage_Group_Strict_WITH_PAPER_FALLBACK,15,15,6,6,13,2,11,4,True,True,0,0,0,0,1,0,M5_PLUS_INITIAL_MICROSTRUCTURE,7,10,ZERO_PROVENANCE_GROUP_OVERLAP; EXACT_SOURCE_ALLOY_FAMILY_OVERLAP_LIMITS_G2,Only 6 TWIP negatives across 4 strict groups; one paper contributes 3 negatives,VALID_LIMITED,"Label-blind deterministic greedy group allocation by descending target-usable group size and lexical group ID; group independence takes precedence over exact stratification; no row-random split, resampling, or model fitting.",2,1,FEASIBLE,P007_SERIES01|P008_SERIES01|P013_SERIES01|P014_SERIES01|PAPER_FALLBACK::P001|PAPER_FALLBACK::P003,6,1,6,4,9,3,13,2,13,2,11,4,1,1,2,8,0,4,2,9
T2_TWIP,T2_GKF_K2_F02,GROUP_K_FOLD_K2,Leakage_Group_Strict_WITH_PAPER_FALLBACK,15,15,6,6,11,4,13,2,True,True,0,0,0,0,1,0,M1_CHEMISTRY,13,12,ZERO_PROVENANCE_GROUP_OVERLAP; EXACT_SOURCE_ALLOY_FAMILY_OVERLAP_LIMITS_G2,Only 6 TWIP negatives across 4 strict groups; one paper contributes 3 negatives,VALID_LIMITED,"Label-blind deterministic greedy group allocation by descending target-usable group size and lexical group ID; group independence takes precedence over exact stratification; no row-random split, resampling, or model fitting.",2,2,FEASIBLE,P010_SERIES01|P011_SERIES01|P012_SERIES01|P015_SERIES01|PAPER_FALLBACK::P002|PAPER_FALLBACK::P016,9,4,10,2,13,2,9,3,11,4,13,2,0,4,2,9,1,1,2,8
T2_TWIP,T2_GKF_K2_F02,GROUP_K_FOLD_K2,Leakage_Group_Strict_WITH_PAPER_FALLBACK,15,15,6,6,11,4,13,2,True,True,0,0,0,0,1,0,M2_CHEMISTRY_PLUS_TEST,11,9,ZERO_PROVENANCE_GROUP_OVERLAP; EXACT_SOURCE_ALLOY_FAMILY_OVERLAP_LIMITS_G2,Only 6 TWIP negatives across 4 strict groups; one paper contributes 3 negatives,VALID_LIMITED,"Label-blind deterministic greedy group allocation by descending target-usable group size and lexical group ID; group independence takes precedence over exact stratification; no row-random split, resampling, or model fitting.",2,2,FEASIBLE,P010_SERIES01|P011_SERIES01|P012_SERIES01|P015_SERIES01|PAPER_FALLBACK::P002|PAPER_FALLBACK::P016,7,4,7,2,13,2,9,3,11,4,13,2,0,4,2,9,1,1,2,8
T2_TWIP,T2_GKF_K2_F02,GROUP_K_FOLD_K2,Leakage_Group_Strict_WITH_PAPER_FALLBACK,15,15,6,6,11,4,13,2,True,True,0,0,0,0,1,0,M3_PLUS_PROCESSING,11,9,ZERO_PROVENANCE_GROUP_OVERLAP; EXACT_SOURCE_ALLOY_FAMILY_OVERLAP_LIMITS_G2,Only 6 TWIP negatives across 4 strict groups; one paper contributes 3 negatives,VALID_LIMITED,"Label-blind deterministic greedy group allocation by descending target-usable group size and lexical group ID; group independence takes precedence over exact stratification; no row-random split, resampling, or model fitting.",2,2,FEASIBLE,P010_SERIES01|P011_SERIES01|P012_SERIES01|P015_SERIES01|PAPER_FALLBACK::P002|PAPER_FALLBACK::P016,7,4,7,2,13,2,9,3,11,4,13,2,0,4,2,9,1,1,2,8
T2_TWIP,T2_GKF_K2_F02,GROUP_K_FOLD_K2,Leakage_Group_Strict_WITH_PAPER_FALLBACK,15,15,6,6,11,4,13,2,True,True,0,0,0,0,1,0,M4_PLUS_PHYSICS,11,9,ZERO_PROVENANCE_GROUP_OVERLAP; EXACT_SOURCE_ALLOY_FAMILY_OVERLAP_LIMITS_G2,Only 6 TWIP negatives across 4 strict groups; one paper contributes 3 negatives,VALID_LIMITED,"Label-blind deterministic greedy group allocation by descending target-usable group size and lexical group ID; group independence takes precedence over exact stratification; no row-random split, resampling, or model fitting.",2,2,FEASIBLE,P010_SERIES01|P011_SERIES01|P012_SERIES01|P015_SERIES01|PAPER_FALLBACK::P002|PAPER_FALLBACK::P016,7,4,7,2,13,2,9,3,11,4,13,2,0,4,2,9,1,1,2,8
T2_TWIP,T2_GKF_K2_F02,GROUP_K_FOLD_K2,Leakage_Group_Strict_WITH_PAPER_FALLBACK,15,15,6,6,11,4,13,2,True,True,0,0,0,0,1,0,M5_PLUS_INITIAL_MICROSTRUCTURE,10,7,ZERO_PROVENANCE_GROUP_OVERLAP; EXACT_SOURCE_ALLOY_FAMILY_OVERLAP_LIMITS_G2,Only 6 TWIP negatives across 4 strict groups; one paper contributes 3 negatives,VALID_LIMITED,"Label-blind deterministic greedy group allocation by descending target-usable group size and lexical group ID; group independence takes precedence over exact stratification; no row-random split, resampling, or model fitting.",2,2,FEASIBLE,P010_SERIES01|P011_SERIES01|P012_SERIES01|P015_SERIES01|PAPER_FALLBACK::P002|PAPER_FALLBACK::P016,6,4,6,1,13,2,9,3,11,4,13,2,0,4,2,9,1,1,2,8
T2_TWIP,T2_GKF_K3_F01,GROUP_K_FOLD_K3,Leakage_Group_Strict_WITH_PAPER_FALLBACK,20,10,8,4,19,1,5,5,True,True,0,0,0,0,1,0,M1_CHEMISTRY,15,10,ZERO_PROVENANCE_GROUP_OVERLAP; EXACT_SOURCE_ALLOY_FAMILY_OVERLAP_LIMITS_G2,Only 6 TWIP negatives across 4 strict groups; one paper contributes 3 negatives,EXPLORATORY_ONLY,"Label-blind deterministic greedy group allocation by descending target-usable group size and lexical group ID; group independence takes precedence over exact stratification; no row-random split, resampling, or model fitting.",3,1,NOT_FEASIBLE,P007_SERIES01|P011_SERIES01|P013_SERIES01|PAPER_FALLBACK::P001,14,1,5,5,12,5,10,0,19,1,5,5,1,0,4,12,0,5,0,5
T2_TWIP,T2_GKF_K3_F01,GROUP_K_FOLD_K3,Leakage_Group_Strict_WITH_PAPER_FALLBACK,20,10,8,4,19,1,5,5,True,True,0,0,0,0,1,0,M2_CHEMISTRY_PLUS_TEST,11,9,ZERO_PROVENANCE_GROUP_OVERLAP; EXACT_SOURCE_ALLOY_FAMILY_OVERLAP_LIMITS_G2,Only 6 TWIP negatives across 4 strict groups; one paper contributes 3 negatives,EXPLORATORY_ONLY,"Label-blind deterministic greedy group allocation by descending target-usable group size and lexical group ID; group independence takes precedence over exact stratification; no row-random split, resampling, or model fitting.",3,1,NOT_FEASIBLE,P007_SERIES01|P011_SERIES01|P013_SERIES01|PAPER_FALLBACK::P001,10,1,4,5,12,5,10,0,19,1,5,5,1,0,4,12,0,5,0,5
T2_TWIP,T2_GKF_K3_F01,GROUP_K_FOLD_K3,Leakage_Group_Strict_WITH_PAPER_FALLBACK,20,10,8,4,19,1,5,5,True,True,0,0,0,0,1,0,M3_PLUS_PROCESSING,11,9,ZERO_PROVENANCE_GROUP_OVERLAP; EXACT_SOURCE_ALLOY_FAMILY_OVERLAP_LIMITS_G2,Only 6 TWIP negatives across 4 strict groups; one paper contributes 3 negatives,EXPLORATORY_ONLY,"Label-blind deterministic greedy group allocation by descending target-usable group size and lexical group ID; group independence takes precedence over exact stratification; no row-random split, resampling, or model fitting.",3,1,NOT_FEASIBLE,P007_SERIES01|P011_SERIES01|P013_SERIES01|PAPER_FALLBACK::P001,10,1,4,5,12,5,10,0,19,1,5,5,1,0,4,12,0,5,0,5
T2_TWIP,T2_GKF_K3_F01,GROUP_K_FOLD_K3,Leakage_Group_Strict_WITH_PAPER_FALLBACK,20,10,8,4,19,1,5,5,True,True,0,0,0,0,1,0,M4_PLUS_PHYSICS,11,9,ZERO_PROVENANCE_GROUP_OVERLAP; EXACT_SOURCE_ALLOY_FAMILY_OVERLAP_LIMITS_G2,Only 6 TWIP negatives across 4 strict groups; one paper contributes 3 negatives,EXPLORATORY_ONLY,"Label-blind deterministic greedy group allocation by descending target-usable group size and lexical group ID; group independence takes precedence over exact stratification; no row-random split, resampling, or model fitting.",3,1,NOT_FEASIBLE,P007_SERIES01|P011_SERIES01|P013_SERIES01|PAPER_FALLBACK::P001,10,1,4,5,12,5,10,0,19,1,5,5,1,0,4,12,0,5,0,5
T2_TWIP,T2_GKF_K3_F01,GROUP_K_FOLD_K3,Leakage_Group_Strict_WITH_PAPER_FALLBACK,20,10,8,4,19,1,5,5,True,True,0,0,0,0,1,0,M5_PLUS_INITIAL_MICROSTRUCTURE,8,9,ZERO_PROVENANCE_GROUP_OVERLAP; EXACT_SOURCE_ALLOY_FAMILY_OVERLAP_LIMITS_G2,Only 6 TWIP negatives across 4 strict groups; one paper contributes 3 negatives,EXPLORATORY_ONLY,"Label-blind deterministic greedy group allocation by descending target-usable group size and lexical group ID; group independence takes precedence over exact stratification; no row-random split, resampling, or model fitting.",3,1,NOT_FEASIBLE,P007_SERIES01|P011_SERIES01|P013_SERIES01|PAPER_FALLBACK::P001,8,0,4,5,12,5,10,0,19,1,5,5,1,0,4,12,0,5,0,5
T2_TWIP,T2_GKF_K3_F02,GROUP_K_FOLD_K3,Leakage_Group_Strict_WITH_PAPER_FALLBACK,20,10,8,4,15,5,9,1,True,True,0,0,0,0,1,0,M1_CHEMISTRY,17,8,ZERO_PROVENANCE_GROUP_OVERLAP; EXACT_SOURCE_ALLOY_FAMILY_OVERLAP_LIMITS_G2,Only 6 TWIP negatives across 4 strict groups; one paper contributes 3 negatives,EXPLORATORY_ONLY,"Label-blind deterministic greedy group allocation by descending target-usable group size and lexical group ID; group independence takes precedence over exact stratification; no row-random split, resampling, or model fitting.",3,2,NOT_FEASIBLE,P012_SERIES01|P014_SERIES01|P015_SERIES01|PAPER_FALLBACK::P002,12,5,7,1,17,3,5,2,15,5,9,1,0,5,3,12,1,0,1,5
T2_TWIP,T2_GKF_K3_F02,GROUP_K_FOLD_K3,Leakage_Group_Strict_WITH_PAPER_FALLBACK,20,10,8,4,15,5,9,1,True,True,0,0,0,0,1,0,M2_CHEMISTRY_PLUS_TEST,13,7,ZERO_PROVENANCE_GROUP_OVERLAP; EXACT_SOURCE_ALLOY_FAMILY_OVERLAP_LIMITS_G2,Only 6 TWIP negatives across 4 strict groups; one paper contributes 3 negatives,EXPLORATORY_ONLY,"Label-blind deterministic greedy group allocation by descending target-usable group size and lexical group ID; group independence takes precedence over exact stratification; no row-random split, resampling, or model fitting.",3,2,NOT_FEASIBLE,P012_SERIES01|P014_SERIES01|P015_SERIES01|PAPER_FALLBACK::P002,8,5,6,1,17,3,5,2,15,5,9,1,0,5,3,12,1,0,1,5
T2_TWIP,T2_GKF_K3_F02,GROUP_K_FOLD_K3,Leakage_Group_Strict_WITH_PAPER_FALLBACK,20,10,8,4,15,5,9,1,True,True,0,0,0,0,1,0,M3_PLUS_PROCESSING,13,7,ZERO_PROVENANCE_GROUP_OVERLAP; EXACT_SOURCE_ALLOY_FAMILY_OVERLAP_LIMITS_G2,Only 6 TWIP negatives across 4 strict groups; one paper contributes 3 negatives,EXPLORATORY_ONLY,"Label-blind deterministic greedy group allocation by descending target-usable group size and lexical group ID; group independence takes precedence over exact stratification; no row-random split, resampling, or model fitting.",3,2,NOT_FEASIBLE,P012_SERIES01|P014_SERIES01|P015_SERIES01|PAPER_FALLBACK::P002,8,5,6,1,17,3,5,2,15,5,9,1,0,5,3,12,1,0,1,5
T2_TWIP,T2_GKF_K3_F02,GROUP_K_FOLD_K3,Leakage_Group_Strict_WITH_PAPER_FALLBACK,20,10,8,4,15,5,9,1,True,True,0,0,0,0,1,0,M4_PLUS_PHYSICS,13,7,ZERO_PROVENANCE_GROUP_OVERLAP; EXACT_SOURCE_ALLOY_FAMILY_OVERLAP_LIMITS_G2,Only 6 TWIP negatives across 4 strict groups; one paper contributes 3 negatives,EXPLORATORY_ONLY,"Label-blind deterministic greedy group allocation by descending target-usable group size and lexical group ID; group independence takes precedence over exact stratification; no row-random split, resampling, or model fitting.",3,2,NOT_FEASIBLE,P012_SERIES01|P014_SERIES01|P015_SERIES01|PAPER_FALLBACK::P002,8,5,6,1,17,3,5,2,15,5,9,1,0,5,3,12,1,0,1,5
T2_TWIP,T2_GKF_K3_F02,GROUP_K_FOLD_K3,Leakage_Group_Strict_WITH_PAPER_FALLBACK,20,10,8,4,15,5,9,1,True,True,0,0,0,0,1,0,M5_PLUS_INITIAL_MICROSTRUCTURE,12,5,ZERO_PROVENANCE_GROUP_OVERLAP; EXACT_SOURCE_ALLOY_FAMILY_OVERLAP_LIMITS_G2,Only 6 TWIP negatives across 4 strict groups; one paper contributes 3 negatives,EXPLORATORY_ONLY,"Label-blind deterministic greedy group allocation by descending target-usable group size and lexical group ID; group independence takes precedence over exact stratification; no row-random split, resampling, or model fitting.",3,2,NOT_FEASIBLE,P012_SERIES01|P014_SERIES01|P015_SERIES01|PAPER_FALLBACK::P002,7,5,5,0,17,3,5,2,15,5,9,1,0,5,3,12,1,0,1,5
T2_TWIP,T2_GKF_K3_F03,GROUP_K_FOLD_K3,Leakage_Group_Strict_WITH_PAPER_FALLBACK,20,10,8,4,14,6,10,0,True,False,0,0,0,0,1,0,M1_CHEMISTRY,18,7,ZERO_PROVENANCE_GROUP_OVERLAP; EXACT_SOURCE_ALLOY_FAMILY_OVERLAP_LIMITS_G2,Only 6 TWIP negatives across 4 strict groups; one paper contributes 3 negatives; At least one required class is absent from training or validation,INVALID_CLASS_SUPPORT,"Label-blind deterministic greedy group allocation by descending target-usable group size and lexical group ID; group independence takes precedence over exact stratification; no row-random split, resampling, or model fitting.",3,3,NOT_FEASIBLE,P008_SERIES01|P010_SERIES01|PAPER_FALLBACK::P003|PAPER_FALLBACK::P016,12,6,7,0,15,2,7,3,14,6,10,0,1,5,1,10,0,0,3,7
T2_TWIP,T2_GKF_K3_F03,GROUP_K_FOLD_K3,Leakage_Group_Strict_WITH_PAPER_FALLBACK,20,10,8,4,14,6,10,0,True,False,0,0,0,0,1,0,M2_CHEMISTRY_PLUS_TEST,16,4,ZERO_PROVENANCE_GROUP_OVERLAP; EXACT_SOURCE_ALLOY_FAMILY_OVERLAP_LIMITS_G2,Only 6 TWIP negatives across 4 strict groups; one paper contributes 3 negatives; At least one required class is absent from training or validation,INVALID_CLASS_SUPPORT,"Label-blind deterministic greedy group allocation by descending target-usable group size and lexical group ID; group independence takes precedence over exact stratification; no row-random split, resampling, or model fitting.",3,3,NOT_FEASIBLE,P008_SERIES01|P010_SERIES01|PAPER_FALLBACK::P003|PAPER_FALLBACK::P016,10,6,4,0,15,2,7,3,14,6,10,0,1,5,1,10,0,0,3,7
T2_TWIP,T2_GKF_K3_F03,GROUP_K_FOLD_K3,Leakage_Group_Strict_WITH_PAPER_FALLBACK,20,10,8,4,14,6,10,0,True,False,0,0,0,0,1,0,M3_PLUS_PROCESSING,16,4,ZERO_PROVENANCE_GROUP_OVERLAP; EXACT_SOURCE_ALLOY_FAMILY_OVERLAP_LIMITS_G2,Only 6 TWIP negatives across 4 strict groups; one paper contributes 3 negatives; At least one required class is absent from training or validation,INVALID_CLASS_SUPPORT,"Label-blind deterministic greedy group allocation by descending target-usable group size and lexical group ID; group independence takes precedence over exact stratification; no row-random split, resampling, or model fitting.",3,3,NOT_FEASIBLE,P008_SERIES01|P010_SERIES01|PAPER_FALLBACK::P003|PAPER_FALLBACK::P016,10,6,4,0,15,2,7,3,14,6,10,0,1,5,1,10,0,0,3,7
T2_TWIP,T2_GKF_K3_F03,GROUP_K_FOLD_K3,Leakage_Group_Strict_WITH_PAPER_FALLBACK,20,10,8,4,14,6,10,0,True,False,0,0,0,0,1,0,M4_PLUS_PHYSICS,16,4,ZERO_PROVENANCE_GROUP_OVERLAP; EXACT_SOURCE_ALLOY_FAMILY_OVERLAP_LIMITS_G2,Only 6 TWIP negatives across 4 strict groups; one paper contributes 3 negatives; At least one required class is absent from training or validation,INVALID_CLASS_SUPPORT,"Label-blind deterministic greedy group allocation by descending target-usable group size and lexical group ID; group independence takes precedence over exact stratification; no row-random split, resampling, or model fitting.",3,3,NOT_FEASIBLE,P008_SERIES01|P010_SERIES01|PAPER_FALLBACK::P003|PAPER_FALLBACK::P016,10,6,4,0,15,2,7,3,14,6,10,0,1,5,1,10,0,0,3,7
T2_TWIP,T2_GKF_K3_F03,GROUP_K_FOLD_K3,Leakage_Group_Strict_WITH_PAPER_FALLBACK,20,10,8,4,14,6,10,0,True,False,0,0,0,0,1,0,M5_PLUS_INITIAL_MICROSTRUCTURE,14,3,ZERO_PROVENANCE_GROUP_OVERLAP; EXACT_SOURCE_ALLOY_FAMILY_OVERLAP_LIMITS_G2,Only 6 TWIP negatives across 4 strict groups; one paper contributes 3 negatives; At least one required class is absent from training or validation,INVALID_CLASS_SUPPORT,"Label-blind deterministic greedy group allocation by descending target-usable group size and lexical group ID; group independence takes precedence over exact stratification; no row-random split, resampling, or model fitting.",3,3,NOT_FEASIBLE,P008_SERIES01|P010_SERIES01|PAPER_FALLBACK::P003|PAPER_FALLBACK::P016,9,5,3,0,15,2,7,3,14,6,10,0,1,5,1,10,0,0,3,7
T2_TWIP,T2_GKF_K4_F01,GROUP_K_FOLD_K4,Leakage_Group_Strict_WITH_PAPER_FALLBACK,22,8,9,3,17,5,7,1,True,True,0,0,0,0,1,0,M1_CHEMISTRY,18,7,ZERO_PROVENANCE_GROUP_OVERLAP; EXACT_SOURCE_ALLOY_FAMILY_OVERLAP_LIMITS_G2,Only 6 TWIP negatives across 4 strict groups; one paper contributes 3 negatives,VALID_LIMITED,"Label-blind deterministic greedy group allocation by descending target-usable group size and lexical group ID; group independence takes precedence over exact stratification; no row-random split, resampling, or model fitting.",4,1,FEASIBLE,P007_SERIES01|PAPER_FALLBACK::P003|PAPER_FALLBACK::P016,13,5,6,1,14,5,8,0,17,5,7,1,1,4,4,10,0,1,0,7
T2_TWIP,T2_GKF_K4_F01,GROUP_K_FOLD_K4,Leakage_Group_Strict_WITH_PAPER_FALLBACK,22,8,9,3,17,5,7,1,True,True,0,0,0,0,1,0,M2_CHEMISTRY_PLUS_TEST,13,7,ZERO_PROVENANCE_GROUP_OVERLAP; EXACT_SOURCE_ALLOY_FAMILY_OVERLAP_LIMITS_G2,Only 6 TWIP negatives across 4 strict groups; one paper contributes 3 negatives,VALID_LIMITED,"Label-blind deterministic greedy group allocation by descending target-usable group size and lexical group ID; group independence takes precedence over exact stratification; no row-random split, resampling, or model fitting.",4,1,FEASIBLE,P007_SERIES01|PAPER_FALLBACK::P003|PAPER_FALLBACK::P016,8,5,6,1,14,5,8,0,17,5,7,1,1,4,4,10,0,1,0,7
T2_TWIP,T2_GKF_K4_F01,GROUP_K_FOLD_K4,Leakage_Group_Strict_WITH_PAPER_FALLBACK,22,8,9,3,17,5,7,1,True,True,0,0,0,0,1,0,M3_PLUS_PROCESSING,13,7,ZERO_PROVENANCE_GROUP_OVERLAP; EXACT_SOURCE_ALLOY_FAMILY_OVERLAP_LIMITS_G2,Only 6 TWIP negatives across 4 strict groups; one paper contributes 3 negatives,VALID_LIMITED,"Label-blind deterministic greedy group allocation by descending target-usable group size and lexical group ID; group independence takes precedence over exact stratification; no row-random split, resampling, or model fitting.",4,1,FEASIBLE,P007_SERIES01|PAPER_FALLBACK::P003|PAPER_FALLBACK::P016,8,5,6,1,14,5,8,0,17,5,7,1,1,4,4,10,0,1,0,7
T2_TWIP,T2_GKF_K4_F01,GROUP_K_FOLD_K4,Leakage_Group_Strict_WITH_PAPER_FALLBACK,22,8,9,3,17,5,7,1,True,True,0,0,0,0,1,0,M4_PLUS_PHYSICS,13,7,ZERO_PROVENANCE_GROUP_OVERLAP; EXACT_SOURCE_ALLOY_FAMILY_OVERLAP_LIMITS_G2,Only 6 TWIP negatives across 4 strict groups; one paper contributes 3 negatives,VALID_LIMITED,"Label-blind deterministic greedy group allocation by descending target-usable group size and lexical group ID; group independence takes precedence over exact stratification; no row-random split, resampling, or model fitting.",4,1,FEASIBLE,P007_SERIES01|PAPER_FALLBACK::P003|PAPER_FALLBACK::P016,8,5,6,1,14,5,8,0,17,5,7,1,1,4,4,10,0,1,0,7
T2_TWIP,T2_GKF_K4_F01,GROUP_K_FOLD_K4,Leakage_Group_Strict_WITH_PAPER_FALLBACK,22,8,9,3,17,5,7,1,True,True,0,0,0,0,1,0,M5_PLUS_INITIAL_MICROSTRUCTURE,10,7,ZERO_PROVENANCE_GROUP_OVERLAP; EXACT_SOURCE_ALLOY_FAMILY_OVERLAP_LIMITS_G2,Only 6 TWIP negatives across 4 strict groups; one paper contributes 3 negatives,VALID_LIMITED,"Label-blind deterministic greedy group allocation by descending target-usable group size and lexical group ID; group independence takes precedence over exact stratification; no row-random split, resampling, or model fitting.",4,1,FEASIBLE,P007_SERIES01|PAPER_FALLBACK::P003|PAPER_FALLBACK::P016,6,4,6,1,14,5,8,0,17,5,7,1,1,4,4,10,0,1,0,7
T2_TWIP,T2_GKF_K4_F02,GROUP_K_FOLD_K4,Leakage_Group_Strict_WITH_PAPER_FALLBACK,22,8,9,3,17,5,7,1,True,True,0,0,0,0,1,0,M1_CHEMISTRY,19,6,ZERO_PROVENANCE_GROUP_OVERLAP; EXACT_SOURCE_ALLOY_FAMILY_OVERLAP_LIMITS_G2,Only 6 TWIP negatives across 4 strict groups; one paper contributes 3 negatives,VALID_LIMITED,"Label-blind deterministic greedy group allocation by descending target-usable group size and lexical group ID; group independence takes precedence over exact stratification; no row-random split, resampling, or model fitting.",4,2,FEASIBLE,P011_SERIES01|P012_SERIES01|P015_SERIES01,14,5,5,1,18,4,4,1,17,5,7,1,1,4,3,14,0,1,1,3
T2_TWIP,T2_GKF_K4_F02,GROUP_K_FOLD_K4,Leakage_Group_Strict_WITH_PAPER_FALLBACK,22,8,9,3,17,5,7,1,True,True,0,0,0,0,1,0,M2_CHEMISTRY_PLUS_TEST,14,6,ZERO_PROVENANCE_GROUP_OVERLAP; EXACT_SOURCE_ALLOY_FAMILY_OVERLAP_LIMITS_G2,Only 6 TWIP negatives across 4 strict groups; one paper contributes 3 negatives,VALID_LIMITED,"Label-blind deterministic greedy group allocation by descending target-usable group size and lexical group ID; group independence takes precedence over exact stratification; no row-random split, resampling, or model fitting.",4,2,FEASIBLE,P011_SERIES01|P012_SERIES01|P015_SERIES01,9,5,5,1,18,4,4,1,17,5,7,1,1,4,3,14,0,1,1,3
T2_TWIP,T2_GKF_K4_F02,GROUP_K_FOLD_K4,Leakage_Group_Strict_WITH_PAPER_FALLBACK,22,8,9,3,17,5,7,1,True,True,0,0,0,0,1,0,M3_PLUS_PROCESSING,14,6,ZERO_PROVENANCE_GROUP_OVERLAP; EXACT_SOURCE_ALLOY_FAMILY_OVERLAP_LIMITS_G2,Only 6 TWIP negatives across 4 strict groups; one paper contributes 3 negatives,VALID_LIMITED,"Label-blind deterministic greedy group allocation by descending target-usable group size and lexical group ID; group independence takes precedence over exact stratification; no row-random split, resampling, or model fitting.",4,2,FEASIBLE,P011_SERIES01|P012_SERIES01|P015_SERIES01,9,5,5,1,18,4,4,1,17,5,7,1,1,4,3,14,0,1,1,3
T2_TWIP,T2_GKF_K4_F02,GROUP_K_FOLD_K4,Leakage_Group_Strict_WITH_PAPER_FALLBACK,22,8,9,3,17,5,7,1,True,True,0,0,0,0,1,0,M4_PLUS_PHYSICS,14,6,ZERO_PROVENANCE_GROUP_OVERLAP; EXACT_SOURCE_ALLOY_FAMILY_OVERLAP_LIMITS_G2,Only 6 TWIP negatives across 4 strict groups; one paper contributes 3 negatives,VALID_LIMITED,"Label-blind deterministic greedy group allocation by descending target-usable group size and lexical group ID; group independence takes precedence over exact stratification; no row-random split, resampling, or model fitting.",4,2,FEASIBLE,P011_SERIES01|P012_SERIES01|P015_SERIES01,9,5,5,1,18,4,4,1,17,5,7,1,1,4,3,14,0,1,1,3
T2_TWIP,T2_GKF_K4_F02,GROUP_K_FOLD_K4,Leakage_Group_Strict_WITH_PAPER_FALLBACK,22,8,9,3,17,5,7,1,True,True,0,0,0,0,1,0,M5_PLUS_INITIAL_MICROSTRUCTURE,11,6,ZERO_PROVENANCE_GROUP_OVERLAP; EXACT_SOURCE_ALLOY_FAMILY_OVERLAP_LIMITS_G2,Only 6 TWIP negatives across 4 strict groups; one paper contributes 3 negatives,VALID_LIMITED,"Label-blind deterministic greedy group allocation by descending target-usable group size and lexical group ID; group independence takes precedence over exact stratification; no row-random split, resampling, or model fitting.",4,2,FEASIBLE,P011_SERIES01|P012_SERIES01|P015_SERIES01,7,4,5,1,18,4,4,1,17,5,7,1,1,4,3,14,0,1,1,3
T2_TWIP,T2_GKF_K4_F03,GROUP_K_FOLD_K4,Leakage_Group_Strict_WITH_PAPER_FALLBACK,23,7,9,3,20,3,4,3,True,True,0,0,0,0,1,0,M1_CHEMISTRY,20,5,ZERO_PROVENANCE_GROUP_OVERLAP; EXACT_SOURCE_ALLOY_FAMILY_OVERLAP_LIMITS_G2,Only 6 TWIP negatives across 4 strict groups; one paper contributes 3 negatives,VALID_LIMITED,"Label-blind deterministic greedy group allocation by descending target-usable group size and lexical group ID; group independence takes precedence over exact stratification; no row-random split, resampling, or model fitting.",4,3,FEASIBLE,P008_SERIES01|P013_SERIES01|PAPER_FALLBACK::P001,17,3,2,3,17,3,5,2,20,3,4,3,1,2,2,15,0,3,2,2
T2_TWIP,T2_GKF_K4_F03,GROUP_K_FOLD_K4,Leakage_Group_Strict_WITH_PAPER_FALLBACK,23,7,9,3,20,3,4,3,True,True,0,0,0,0,1,0,M2_CHEMISTRY_PLUS_TEST,16,4,ZERO_PROVENANCE_GROUP_OVERLAP; EXACT_SOURCE_ALLOY_FAMILY_OVERLAP_LIMITS_G2,Only 6 TWIP negatives across 4 strict groups; one paper contributes 3 negatives,VALID_LIMITED,"Label-blind deterministic greedy group allocation by descending target-usable group size and lexical group ID; group independence takes precedence over exact stratification; no row-random split, resampling, or model fitting.",4,3,FEASIBLE,P008_SERIES01|P013_SERIES01|PAPER_FALLBACK::P001,13,3,1,3,17,3,5,2,20,3,4,3,1,2,2,15,0,3,2,2
T2_TWIP,T2_GKF_K4_F03,GROUP_K_FOLD_K4,Leakage_Group_Strict_WITH_PAPER_FALLBACK,23,7,9,3,20,3,4,3,True,True,0,0,0,0,1,0,M3_PLUS_PROCESSING,16,4,ZERO_PROVENANCE_GROUP_OVERLAP; EXACT_SOURCE_ALLOY_FAMILY_OVERLAP_LIMITS_G2,Only 6 TWIP negatives across 4 strict groups; one paper contributes 3 negatives,VALID_LIMITED,"Label-blind deterministic greedy group allocation by descending target-usable group size and lexical group ID; group independence takes precedence over exact stratification; no row-random split, resampling, or model fitting.",4,3,FEASIBLE,P008_SERIES01|P013_SERIES01|PAPER_FALLBACK::P001,13,3,1,3,17,3,5,2,20,3,4,3,1,2,2,15,0,3,2,2
T2_TWIP,T2_GKF_K4_F03,GROUP_K_FOLD_K4,Leakage_Group_Strict_WITH_PAPER_FALLBACK,23,7,9,3,20,3,4,3,True,True,0,0,0,0,1,0,M4_PLUS_PHYSICS,16,4,ZERO_PROVENANCE_GROUP_OVERLAP; EXACT_SOURCE_ALLOY_FAMILY_OVERLAP_LIMITS_G2,Only 6 TWIP negatives across 4 strict groups; one paper contributes 3 negatives,VALID_LIMITED,"Label-blind deterministic greedy group allocation by descending target-usable group size and lexical group ID; group independence takes precedence over exact stratification; no row-random split, resampling, or model fitting.",4,3,FEASIBLE,P008_SERIES01|P013_SERIES01|PAPER_FALLBACK::P001,13,3,1,3,17,3,5,2,20,3,4,3,1,2,2,15,0,3,2,2
T2_TWIP,T2_GKF_K4_F03,GROUP_K_FOLD_K4,Leakage_Group_Strict_WITH_PAPER_FALLBACK,23,7,9,3,20,3,4,3,True,True,0,0,0,0,1,0,M5_PLUS_INITIAL_MICROSTRUCTURE,14,3,ZERO_PROVENANCE_GROUP_OVERLAP; EXACT_SOURCE_ALLOY_FAMILY_OVERLAP_LIMITS_G2,Only 6 TWIP negatives across 4 strict groups; one paper contributes 3 negatives; M5_PLUS_INITIAL_MICROSTRUCTURE complete cases do not retain both target classes in training and validation,INVALID_CLASS_SUPPORT,"Label-blind deterministic greedy group allocation by descending target-usable group size and lexical group ID; group independence takes precedence over exact stratification; no row-random split, resampling, or model fitting.",4,3,TARGET_ROSTER_FEASIBLE; FEATURE_SET_NOT_FEASIBLE,P008_SERIES01|P013_SERIES01|PAPER_FALLBACK::P001,12,2,0,3,17,3,5,2,20,3,4,3,1,2,2,15,0,3,2,2
T2_TWIP,T2_GKF_K4_F04,GROUP_K_FOLD_K4,Leakage_Group_Strict_WITH_PAPER_FALLBACK,23,7,9,3,18,5,6,1,True,True,0,0,0,0,1,0,M1_CHEMISTRY,18,7,ZERO_PROVENANCE_GROUP_OVERLAP; EXACT_SOURCE_ALLOY_FAMILY_OVERLAP_LIMITS_G2,Only 6 TWIP negatives across 4 strict groups; one paper contributes 3 negatives,VALID_LIMITED,"Label-blind deterministic greedy group allocation by descending target-usable group size and lexical group ID; group independence takes precedence over exact stratification; no row-random split, resampling, or model fitting.",4,4,FEASIBLE,P010_SERIES01|P014_SERIES01|PAPER_FALLBACK::P002,13,5,6,1,17,3,5,2,18,5,6,1,0,5,3,12,1,0,1,5
T2_TWIP,T2_GKF_K4_F04,GROUP_K_FOLD_K4,Leakage_Group_Strict_WITH_PAPER_FALLBACK,23,7,9,3,18,5,6,1,True,True,0,0,0,0,1,0,M2_CHEMISTRY_PLUS_TEST,17,3,ZERO_PROVENANCE_GROUP_OVERLAP; EXACT_SOURCE_ALLOY_FAMILY_OVERLAP_LIMITS_G2,Only 6 TWIP negatives across 4 strict groups; one paper contributes 3 negatives,VALID_LIMITED,"Label-blind deterministic greedy group allocation by descending target-usable group size and lexical group ID; group independence takes precedence over exact stratification; no row-random split, resampling, or model fitting.",4,4,FEASIBLE,P010_SERIES01|P014_SERIES01|PAPER_FALLBACK::P002,12,5,2,1,17,3,5,2,18,5,6,1,0,5,3,12,1,0,1,5
T2_TWIP,T2_GKF_K4_F04,GROUP_K_FOLD_K4,Leakage_Group_Strict_WITH_PAPER_FALLBACK,23,7,9,3,18,5,6,1,True,True,0,0,0,0,1,0,M3_PLUS_PROCESSING,17,3,ZERO_PROVENANCE_GROUP_OVERLAP; EXACT_SOURCE_ALLOY_FAMILY_OVERLAP_LIMITS_G2,Only 6 TWIP negatives across 4 strict groups; one paper contributes 3 negatives,VALID_LIMITED,"Label-blind deterministic greedy group allocation by descending target-usable group size and lexical group ID; group independence takes precedence over exact stratification; no row-random split, resampling, or model fitting.",4,4,FEASIBLE,P010_SERIES01|P014_SERIES01|PAPER_FALLBACK::P002,12,5,2,1,17,3,5,2,18,5,6,1,0,5,3,12,1,0,1,5
T2_TWIP,T2_GKF_K4_F04,GROUP_K_FOLD_K4,Leakage_Group_Strict_WITH_PAPER_FALLBACK,23,7,9,3,18,5,6,1,True,True,0,0,0,0,1,0,M4_PLUS_PHYSICS,17,3,ZERO_PROVENANCE_GROUP_OVERLAP; EXACT_SOURCE_ALLOY_FAMILY_OVERLAP_LIMITS_G2,Only 6 TWIP negatives across 4 strict groups; one paper contributes 3 negatives,VALID_LIMITED,"Label-blind deterministic greedy group allocation by descending target-usable group size and lexical group ID; group independence takes precedence over exact stratification; no row-random split, resampling, or model fitting.",4,4,FEASIBLE,P010_SERIES01|P014_SERIES01|PAPER_FALLBACK::P002,12,5,2,1,17,3,5,2,18,5,6,1,0,5,3,12,1,0,1,5
T2_TWIP,T2_GKF_K4_F04,GROUP_K_FOLD_K4,Leakage_Group_Strict_WITH_PAPER_FALLBACK,23,7,9,3,18,5,6,1,True,True,0,0,0,0,1,0,M5_PLUS_INITIAL_MICROSTRUCTURE,16,1,ZERO_PROVENANCE_GROUP_OVERLAP; EXACT_SOURCE_ALLOY_FAMILY_OVERLAP_LIMITS_G2,Only 6 TWIP negatives across 4 strict groups; one paper contributes 3 negatives; M5_PLUS_INITIAL_MICROSTRUCTURE complete cases do not retain both target classes in training and validation,INVALID_CLASS_SUPPORT,"Label-blind deterministic greedy group allocation by descending target-usable group size and lexical group ID; group independence takes precedence over exact stratification; no row-random split, resampling, or model fitting.",4,4,TARGET_ROSTER_FEASIBLE; FEATURE_SET_NOT_FEASIBLE,P010_SERIES01|P014_SERIES01|PAPER_FALLBACK::P002,11,5,1,0,17,3,5,2,18,5,6,1,0,5,3,12,1,0,1,5
T2_TWIP,T2_GKF_K5_F01,GROUP_K_FOLD_K5,Leakage_Group_Strict_WITH_PAPER_FALLBACK,24,6,10,2,19,5,5,1,True,True,0,0,0,0,0,0,M1_CHEMISTRY,21,4,ZERO_PAPER_STUDY_MATERIAL_STRICT_AND_EXACT_SOURCE_FAMILY_OVERLAP,Only 6 TWIP negatives across 4 strict groups; one paper contributes 3 negatives,EXPLORATORY_ONLY,"Label-blind deterministic greedy group allocation by descending target-usable group size and lexical group ID; group independence takes precedence over exact stratification; no row-random split, resampling, or model fitting.",5,1,NOT_FEASIBLE,P007_SERIES01|P015_SERIES01,16,5,3,1,17,4,5,1,19,5,5,1,1,4,3,13,0,1,1,4
T2_TWIP,T2_GKF_K5_F01,GROUP_K_FOLD_K5,Leakage_Group_Strict_WITH_PAPER_FALLBACK,24,6,10,2,19,5,5,1,True,True,0,0,0,0,0,0,M2_CHEMISTRY_PLUS_TEST,16,4,ZERO_PAPER_STUDY_MATERIAL_STRICT_AND_EXACT_SOURCE_FAMILY_OVERLAP,Only 6 TWIP negatives across 4 strict groups; one paper contributes 3 negatives,EXPLORATORY_ONLY,"Label-blind deterministic greedy group allocation by descending target-usable group size and lexical group ID; group independence takes precedence over exact stratification; no row-random split, resampling, or model fitting.",5,1,NOT_FEASIBLE,P007_SERIES01|P015_SERIES01,11,5,3,1,17,4,5,1,19,5,5,1,1,4,3,13,0,1,1,4
T2_TWIP,T2_GKF_K5_F01,GROUP_K_FOLD_K5,Leakage_Group_Strict_WITH_PAPER_FALLBACK,24,6,10,2,19,5,5,1,True,True,0,0,0,0,0,0,M3_PLUS_PROCESSING,16,4,ZERO_PAPER_STUDY_MATERIAL_STRICT_AND_EXACT_SOURCE_FAMILY_OVERLAP,Only 6 TWIP negatives across 4 strict groups; one paper contributes 3 negatives,EXPLORATORY_ONLY,"Label-blind deterministic greedy group allocation by descending target-usable group size and lexical group ID; group independence takes precedence over exact stratification; no row-random split, resampling, or model fitting.",5,1,NOT_FEASIBLE,P007_SERIES01|P015_SERIES01,11,5,3,1,17,4,5,1,19,5,5,1,1,4,3,13,0,1,1,4
T2_TWIP,T2_GKF_K5_F01,GROUP_K_FOLD_K5,Leakage_Group_Strict_WITH_PAPER_FALLBACK,24,6,10,2,19,5,5,1,True,True,0,0,0,0,0,0,M4_PLUS_PHYSICS,16,4,ZERO_PAPER_STUDY_MATERIAL_STRICT_AND_EXACT_SOURCE_FAMILY_OVERLAP,Only 6 TWIP negatives across 4 strict groups; one paper contributes 3 negatives,EXPLORATORY_ONLY,"Label-blind deterministic greedy group allocation by descending target-usable group size and lexical group ID; group independence takes precedence over exact stratification; no row-random split, resampling, or model fitting.",5,1,NOT_FEASIBLE,P007_SERIES01|P015_SERIES01,11,5,3,1,17,4,5,1,19,5,5,1,1,4,3,13,0,1,1,4
T2_TWIP,T2_GKF_K5_F01,GROUP_K_FOLD_K5,Leakage_Group_Strict_WITH_PAPER_FALLBACK,24,6,10,2,19,5,5,1,True,True,0,0,0,0,0,0,M5_PLUS_INITIAL_MICROSTRUCTURE,13,4,ZERO_PAPER_STUDY_MATERIAL_STRICT_AND_EXACT_SOURCE_FAMILY_OVERLAP,Only 6 TWIP negatives across 4 strict groups; one paper contributes 3 negatives,EXPLORATORY_ONLY,"Label-blind deterministic greedy group allocation by descending target-usable group size and lexical group ID; group independence takes precedence over exact stratification; no row-random split, resampling, or model fitting.",5,1,NOT_FEASIBLE,P007_SERIES01|P015_SERIES01,9,4,3,1,17,4,5,1,19,5,5,1,1,4,3,13,0,1,1,4
T2_TWIP,T2_GKF_K5_F02,GROUP_K_FOLD_K5,Leakage_Group_Strict_WITH_PAPER_FALLBACK,24,6,9,3,18,6,6,0,True,False,0,0,0,0,1,0,M1_CHEMISTRY,19,6,ZERO_PROVENANCE_GROUP_OVERLAP; EXACT_SOURCE_ALLOY_FAMILY_OVERLAP_LIMITS_G2,Only 6 TWIP negatives across 4 strict groups; one paper contributes 3 negatives; At least one required class is absent from training or validation,INVALID_CLASS_SUPPORT,"Label-blind deterministic greedy group allocation by descending target-usable group size and lexical group ID; group independence takes precedence over exact stratification; no row-random split, resampling, or model fitting.",5,2,NOT_FEASIBLE,P012_SERIES01|P013_SERIES01|P014_SERIES01,13,6,6,0,19,5,3,0,18,6,6,0,1,5,4,14,0,0,0,3
T2_TWIP,T2_GKF_K5_F02,GROUP_K_FOLD_K5,Leakage_Group_Strict_WITH_PAPER_FALLBACK,24,6,9,3,18,6,6,0,True,False,0,0,0,0,1,0,M2_CHEMISTRY_PLUS_TEST,16,4,ZERO_PROVENANCE_GROUP_OVERLAP; EXACT_SOURCE_ALLOY_FAMILY_OVERLAP_LIMITS_G2,Only 6 TWIP negatives across 4 strict groups; one paper contributes 3 negatives; At least one required class is absent from training or validation,INVALID_CLASS_SUPPORT,"Label-blind deterministic greedy group allocation by descending target-usable group size and lexical group ID; group independence takes precedence over exact stratification; no row-random split, resampling, or model fitting.",5,2,NOT_FEASIBLE,P012_SERIES01|P013_SERIES01|P014_SERIES01,10,6,4,0,19,5,3,0,18,6,6,0,1,5,4,14,0,0,0,3
T2_TWIP,T2_GKF_K5_F02,GROUP_K_FOLD_K5,Leakage_Group_Strict_WITH_PAPER_FALLBACK,24,6,9,3,18,6,6,0,True,False,0,0,0,0,1,0,M3_PLUS_PROCESSING,16,4,ZERO_PROVENANCE_GROUP_OVERLAP; EXACT_SOURCE_ALLOY_FAMILY_OVERLAP_LIMITS_G2,Only 6 TWIP negatives across 4 strict groups; one paper contributes 3 negatives; At least one required class is absent from training or validation,INVALID_CLASS_SUPPORT,"Label-blind deterministic greedy group allocation by descending target-usable group size and lexical group ID; group independence takes precedence over exact stratification; no row-random split, resampling, or model fitting.",5,2,NOT_FEASIBLE,P012_SERIES01|P013_SERIES01|P014_SERIES01,10,6,4,0,19,5,3,0,18,6,6,0,1,5,4,14,0,0,0,3
T2_TWIP,T2_GKF_K5_F02,GROUP_K_FOLD_K5,Leakage_Group_Strict_WITH_PAPER_FALLBACK,24,6,9,3,18,6,6,0,True,False,0,0,0,0,1,0,M4_PLUS_PHYSICS,16,4,ZERO_PROVENANCE_GROUP_OVERLAP; EXACT_SOURCE_ALLOY_FAMILY_OVERLAP_LIMITS_G2,Only 6 TWIP negatives across 4 strict groups; one paper contributes 3 negatives; At least one required class is absent from training or validation,INVALID_CLASS_SUPPORT,"Label-blind deterministic greedy group allocation by descending target-usable group size and lexical group ID; group independence takes precedence over exact stratification; no row-random split, resampling, or model fitting.",5,2,NOT_FEASIBLE,P012_SERIES01|P013_SERIES01|P014_SERIES01,10,6,4,0,19,5,3,0,18,6,6,0,1,5,4,14,0,0,0,3
T2_TWIP,T2_GKF_K5_F02,GROUP_K_FOLD_K5,Leakage_Group_Strict_WITH_PAPER_FALLBACK,24,6,9,3,18,6,6,0,True,False,0,0,0,0,1,0,M5_PLUS_INITIAL_MICROSTRUCTURE,13,4,ZERO_PROVENANCE_GROUP_OVERLAP; EXACT_SOURCE_ALLOY_FAMILY_OVERLAP_LIMITS_G2,Only 6 TWIP negatives across 4 strict groups; one paper contributes 3 negatives; At least one required class is absent from training or validation,INVALID_CLASS_SUPPORT,"Label-blind deterministic greedy group allocation by descending target-usable group size and lexical group ID; group independence takes precedence over exact stratification; no row-random split, resampling, or model fitting.",5,2,NOT_FEASIBLE,P012_SERIES01|P013_SERIES01|P014_SERIES01,8,5,4,0,19,5,3,0,18,6,6,0,1,5,4,14,0,0,0,3
T2_TWIP,T2_GKF_K5_F03,GROUP_K_FOLD_K5,Leakage_Group_Strict_WITH_PAPER_FALLBACK,24,6,10,2,19,5,5,1,True,True,0,0,0,0,0,0,M1_CHEMISTRY,21,4,ZERO_PAPER_STUDY_MATERIAL_STRICT_AND_EXACT_SOURCE_FAMILY_OVERLAP,Only 6 TWIP negatives across 4 strict groups; one paper contributes 3 negatives,EXPLORATORY_ONLY,"Label-blind deterministic greedy group allocation by descending target-usable group size and lexical group ID; group independence takes precedence over exact stratification; no row-random split, resampling, or model fitting.",5,3,NOT_FEASIBLE,P008_SERIES01|PAPER_FALLBACK::P002,16,5,3,1,19,2,3,3,19,5,5,1,0,5,2,14,1,0,2,3
T2_TWIP,T2_GKF_K5_F03,GROUP_K_FOLD_K5,Leakage_Group_Strict_WITH_PAPER_FALLBACK,24,6,10,2,19,5,5,1,True,True,0,0,0,0,0,0,M2_CHEMISTRY_PLUS_TEST,16,4,ZERO_PAPER_STUDY_MATERIAL_STRICT_AND_EXACT_SOURCE_FAMILY_OVERLAP,Only 6 TWIP negatives across 4 strict groups; one paper contributes 3 negatives,EXPLORATORY_ONLY,"Label-blind deterministic greedy group allocation by descending target-usable group size and lexical group ID; group independence takes precedence over exact stratification; no row-random split, resampling, or model fitting.",5,3,NOT_FEASIBLE,P008_SERIES01|PAPER_FALLBACK::P002,11,5,3,1,19,2,3,3,19,5,5,1,0,5,2,14,1,0,2,3
T2_TWIP,T2_GKF_K5_F03,GROUP_K_FOLD_K5,Leakage_Group_Strict_WITH_PAPER_FALLBACK,24,6,10,2,19,5,5,1,True,True,0,0,0,0,0,0,M3_PLUS_PROCESSING,16,4,ZERO_PAPER_STUDY_MATERIAL_STRICT_AND_EXACT_SOURCE_FAMILY_OVERLAP,Only 6 TWIP negatives across 4 strict groups; one paper contributes 3 negatives,EXPLORATORY_ONLY,"Label-blind deterministic greedy group allocation by descending target-usable group size and lexical group ID; group independence takes precedence over exact stratification; no row-random split, resampling, or model fitting.",5,3,NOT_FEASIBLE,P008_SERIES01|PAPER_FALLBACK::P002,11,5,3,1,19,2,3,3,19,5,5,1,0,5,2,14,1,0,2,3
T2_TWIP,T2_GKF_K5_F03,GROUP_K_FOLD_K5,Leakage_Group_Strict_WITH_PAPER_FALLBACK,24,6,10,2,19,5,5,1,True,True,0,0,0,0,0,0,M4_PLUS_PHYSICS,16,4,ZERO_PAPER_STUDY_MATERIAL_STRICT_AND_EXACT_SOURCE_FAMILY_OVERLAP,Only 6 TWIP negatives across 4 strict groups; one paper contributes 3 negatives,EXPLORATORY_ONLY,"Label-blind deterministic greedy group allocation by descending target-usable group size and lexical group ID; group independence takes precedence over exact stratification; no row-random split, resampling, or model fitting.",5,3,NOT_FEASIBLE,P008_SERIES01|PAPER_FALLBACK::P002,11,5,3,1,19,2,3,3,19,5,5,1,0,5,2,14,1,0,2,3
T2_TWIP,T2_GKF_K5_F03,GROUP_K_FOLD_K5,Leakage_Group_Strict_WITH_PAPER_FALLBACK,24,6,10,2,19,5,5,1,True,True,0,0,0,0,0,0,M5_PLUS_INITIAL_MICROSTRUCTURE,16,1,ZERO_PAPER_STUDY_MATERIAL_STRICT_AND_EXACT_SOURCE_FAMILY_OVERLAP,Only 6 TWIP negatives across 4 strict groups; one paper contributes 3 negatives,EXPLORATORY_ONLY,"Label-blind deterministic greedy group allocation by descending target-usable group size and lexical group ID; group independence takes precedence over exact stratification; no row-random split, resampling, or model fitting.",5,3,NOT_FEASIBLE,P008_SERIES01|PAPER_FALLBACK::P002,11,5,1,0,19,2,3,3,19,5,5,1,0,5,2,14,1,0,2,3
T2_TWIP,T2_GKF_K5_F04,GROUP_K_FOLD_K5,Leakage_Group_Strict_WITH_PAPER_FALLBACK,24,6,10,2,18,6,6,0,True,False,0,0,0,0,1,0,M1_CHEMISTRY,19,6,ZERO_PROVENANCE_GROUP_OVERLAP; EXACT_SOURCE_ALLOY_FAMILY_OVERLAP_LIMITS_G2,Only 6 TWIP negatives across 4 strict groups; one paper contributes 3 negatives; At least one required class is absent from training or validation,INVALID_CLASS_SUPPORT,"Label-blind deterministic greedy group allocation by descending target-usable group size and lexical group ID; group independence takes precedence over exact stratification; no row-random split, resampling, or model fitting.",5,4,NOT_FEASIBLE,P010_SERIES01|PAPER_FALLBACK::P003,13,6,6,0,17,4,5,1,18,6,6,0,1,5,3,12,0,0,1,5
T2_TWIP,T2_GKF_K5_F04,GROUP_K_FOLD_K5,Leakage_Group_Strict_WITH_PAPER_FALLBACK,24,6,10,2,18,6,6,0,True,False,0,0,0,0,1,0,M2_CHEMISTRY_PLUS_TEST,17,3,ZERO_PROVENANCE_GROUP_OVERLAP; EXACT_SOURCE_ALLOY_FAMILY_OVERLAP_LIMITS_G2,Only 6 TWIP negatives across 4 strict groups; one paper contributes 3 negatives; At least one required class is absent from training or validation,INVALID_CLASS_SUPPORT,"Label-blind deterministic greedy group allocation by descending target-usable group size and lexical group ID; group independence takes precedence over exact stratification; no row-random split, resampling, or model fitting.",5,4,NOT_FEASIBLE,P010_SERIES01|PAPER_FALLBACK::P003,11,6,3,0,17,4,5,1,18,6,6,0,1,5,3,12,0,0,1,5
T2_TWIP,T2_GKF_K5_F04,GROUP_K_FOLD_K5,Leakage_Group_Strict_WITH_PAPER_FALLBACK,24,6,10,2,18,6,6,0,True,False,0,0,0,0,1,0,M3_PLUS_PROCESSING,17,3,ZERO_PROVENANCE_GROUP_OVERLAP; EXACT_SOURCE_ALLOY_FAMILY_OVERLAP_LIMITS_G2,Only 6 TWIP negatives across 4 strict groups; one paper contributes 3 negatives; At least one required class is absent from training or validation,INVALID_CLASS_SUPPORT,"Label-blind deterministic greedy group allocation by descending target-usable group size and lexical group ID; group independence takes precedence over exact stratification; no row-random split, resampling, or model fitting.",5,4,NOT_FEASIBLE,P010_SERIES01|PAPER_FALLBACK::P003,11,6,3,0,17,4,5,1,18,6,6,0,1,5,3,12,0,0,1,5
T2_TWIP,T2_GKF_K5_F04,GROUP_K_FOLD_K5,Leakage_Group_Strict_WITH_PAPER_FALLBACK,24,6,10,2,18,6,6,0,True,False,0,0,0,0,1,0,M4_PLUS_PHYSICS,17,3,ZERO_PROVENANCE_GROUP_OVERLAP; EXACT_SOURCE_ALLOY_FAMILY_OVERLAP_LIMITS_G2,Only 6 TWIP negatives across 4 strict groups; one paper contributes 3 negatives; At least one required class is absent from training or validation,INVALID_CLASS_SUPPORT,"Label-blind deterministic greedy group allocation by descending target-usable group size and lexical group ID; group independence takes precedence over exact stratification; no row-random split, resampling, or model fitting.",5,4,NOT_FEASIBLE,P010_SERIES01|PAPER_FALLBACK::P003,11,6,3,0,17,4,5,1,18,6,6,0,1,5,3,12,0,0,1,5
T2_TWIP,T2_GKF_K5_F04,GROUP_K_FOLD_K5,Leakage_Group_Strict_WITH_PAPER_FALLBACK,24,6,10,2,18,6,6,0,True,False,0,0,0,0,1,0,M5_PLUS_INITIAL_MICROSTRUCTURE,14,3,ZERO_PROVENANCE_GROUP_OVERLAP; EXACT_SOURCE_ALLOY_FAMILY_OVERLAP_LIMITS_G2,Only 6 TWIP negatives across 4 strict groups; one paper contributes 3 negatives; At least one required class is absent from training or validation,INVALID_CLASS_SUPPORT,"Label-blind deterministic greedy group allocation by descending target-usable group size and lexical group ID; group independence takes precedence over exact stratification; no row-random split, resampling, or model fitting.",5,4,NOT_FEASIBLE,P010_SERIES01|PAPER_FALLBACK::P003,9,5,3,0,17,4,5,1,18,6,6,0,1,5,3,12,0,0,1,5
T2_TWIP,T2_GKF_K5_F05,GROUP_K_FOLD_K5,Leakage_Group_Strict_WITH_PAPER_FALLBACK,24,6,9,3,22,2,2,4,True,True,0,0,0,0,1,0,M1_CHEMISTRY,20,5,ZERO_PROVENANCE_GROUP_OVERLAP; EXACT_SOURCE_ALLOY_FAMILY_OVERLAP_LIMITS_G2,Only 6 TWIP negatives across 4 strict groups; one paper contributes 3 negatives,EXPLORATORY_ONLY,"Label-blind deterministic greedy group allocation by descending target-usable group size and lexical group ID; group independence takes precedence over exact stratification; no row-random split, resampling, or model fitting.",5,5,NOT_FEASIBLE,P011_SERIES01|PAPER_FALLBACK::P001|PAPER_FALLBACK::P016,18,2,1,4,16,5,6,0,22,2,2,4,1,1,4,15,0,4,0,2
T2_TWIP,T2_GKF_K5_F05,GROUP_K_FOLD_K5,Leakage_Group_Strict_WITH_PAPER_FALLBACK,24,6,9,3,22,2,2,4,True,True,0,0,0,0,1,0,M2_CHEMISTRY_PLUS_TEST,15,5,ZERO_PROVENANCE_GROUP_OVERLAP; EXACT_SOURCE_ALLOY_FAMILY_OVERLAP_LIMITS_G2,Only 6 TWIP negatives across 4 strict groups; one paper contributes 3 negatives,EXPLORATORY_ONLY,"Label-blind deterministic greedy group allocation by descending target-usable group size and lexical group ID; group independence takes precedence over exact stratification; no row-random split, resampling, or model fitting.",5,5,NOT_FEASIBLE,P011_SERIES01|PAPER_FALLBACK::P001|PAPER_FALLBACK::P016,13,2,1,4,16,5,6,0,22,2,2,4,1,1,4,15,0,4,0,2
T2_TWIP,T2_GKF_K5_F05,GROUP_K_FOLD_K5,Leakage_Group_Strict_WITH_PAPER_FALLBACK,24,6,9,3,22,2,2,4,True,True,0,0,0,0,1,0,M3_PLUS_PROCESSING,15,5,ZERO_PROVENANCE_GROUP_OVERLAP; EXACT_SOURCE_ALLOY_FAMILY_OVERLAP_LIMITS_G2,Only 6 TWIP negatives across 4 strict groups; one paper contributes 3 negatives,EXPLORATORY_ONLY,"Label-blind deterministic greedy group allocation by descending target-usable group size and lexical group ID; group independence takes precedence over exact stratification; no row-random split, resampling, or model fitting.",5,5,NOT_FEASIBLE,P011_SERIES01|PAPER_FALLBACK::P001|PAPER_FALLBACK::P016,13,2,1,4,16,5,6,0,22,2,2,4,1,1,4,15,0,4,0,2
T2_TWIP,T2_GKF_K5_F05,GROUP_K_FOLD_K5,Leakage_Group_Strict_WITH_PAPER_FALLBACK,24,6,9,3,22,2,2,4,True,True,0,0,0,0,1,0,M4_PLUS_PHYSICS,15,5,ZERO_PROVENANCE_GROUP_OVERLAP; EXACT_SOURCE_ALLOY_FAMILY_OVERLAP_LIMITS_G2,Only 6 TWIP negatives across 4 strict groups; one paper contributes 3 negatives,EXPLORATORY_ONLY,"Label-blind deterministic greedy group allocation by descending target-usable group size and lexical group ID; group independence takes precedence over exact stratification; no row-random split, resampling, or model fitting.",5,5,NOT_FEASIBLE,P011_SERIES01|PAPER_FALLBACK::P001|PAPER_FALLBACK::P016,13,2,1,4,16,5,6,0,22,2,2,4,1,1,4,15,0,4,0,2
T2_TWIP,T2_GKF_K5_F05,GROUP_K_FOLD_K5,Leakage_Group_Strict_WITH_PAPER_FALLBACK,24,6,9,3,22,2,2,4,True,True,0,0,0,0,1,0,M5_PLUS_INITIAL_MICROSTRUCTURE,12,5,ZERO_PROVENANCE_GROUP_OVERLAP; EXACT_SOURCE_ALLOY_FAMILY_OVERLAP_LIMITS_G2,Only 6 TWIP negatives across 4 strict groups; one paper contributes 3 negatives,EXPLORATORY_ONLY,"Label-blind deterministic greedy group allocation by descending target-usable group size and lexical group ID; group independence takes precedence over exact stratification; no row-random split, resampling, or model fitting.",5,5,NOT_FEASIBLE,P011_SERIES01|PAPER_FALLBACK::P001|PAPER_FALLBACK::P016,11,1,1,4,16,5,6,0,22,2,2,4,1,1,4,15,0,4,0,2
T2_TWIP,T2_GH_STRICT_01,DETERMINISTIC_GROUPED_HOLDOUT,Leakage_Group_Strict_WITH_PAPER_FALLBACK,22,8,9,3,17,5,7,1,True,True,0,0,0,0,0,0,M1_CHEMISTRY,20,5,ZERO_PAPER_STUDY_MATERIAL_STRICT_AND_EXACT_SOURCE_FAMILY_OVERLAP,Only 6 TWIP negatives across 4 strict groups; one paper contributes 3 negatives,VALID_LIMITED,"Exhaustive lexical search over two/three strict validation groups; validation size constrained to 18-35%; both full-target and raw M2-complete subsets retain both classes; exact unparsed source-alloy families are disjoint; distinct negative-group sets retained; held groups=P007_SERIES01|P008_SERIES01|PAPER_FALLBACK::P016; group independence takes precedence over exact stratification; no row-random split, resampling, or model fitting.",1,1,FEASIBLE,P007_SERIES01|P008_SERIES01|PAPER_FALLBACK::P016,15,5,4,1,16,3,6,2,17,5,7,1,1,4,2,12,0,1,2,5
T2_TWIP,T2_GH_STRICT_01,DETERMINISTIC_GROUPED_HOLDOUT,Leakage_Group_Strict_WITH_PAPER_FALLBACK,22,8,9,3,17,5,7,1,True,True,0,0,0,0,0,0,M2_CHEMISTRY_PLUS_TEST,15,5,ZERO_PAPER_STUDY_MATERIAL_STRICT_AND_EXACT_SOURCE_FAMILY_OVERLAP,Only 6 TWIP negatives across 4 strict groups; one paper contributes 3 negatives,VALID_LIMITED,"Exhaustive lexical search over two/three strict validation groups; validation size constrained to 18-35%; both full-target and raw M2-complete subsets retain both classes; exact unparsed source-alloy families are disjoint; distinct negative-group sets retained; held groups=P007_SERIES01|P008_SERIES01|PAPER_FALLBACK::P016; group independence takes precedence over exact stratification; no row-random split, resampling, or model fitting.",1,1,FEASIBLE,P007_SERIES01|P008_SERIES01|PAPER_FALLBACK::P016,10,5,4,1,16,3,6,2,17,5,7,1,1,4,2,12,0,1,2,5
T2_TWIP,T2_GH_STRICT_01,DETERMINISTIC_GROUPED_HOLDOUT,Leakage_Group_Strict_WITH_PAPER_FALLBACK,22,8,9,3,17,5,7,1,True,True,0,0,0,0,0,0,M3_PLUS_PROCESSING,15,5,ZERO_PAPER_STUDY_MATERIAL_STRICT_AND_EXACT_SOURCE_FAMILY_OVERLAP,Only 6 TWIP negatives across 4 strict groups; one paper contributes 3 negatives,VALID_LIMITED,"Exhaustive lexical search over two/three strict validation groups; validation size constrained to 18-35%; both full-target and raw M2-complete subsets retain both classes; exact unparsed source-alloy families are disjoint; distinct negative-group sets retained; held groups=P007_SERIES01|P008_SERIES01|PAPER_FALLBACK::P016; group independence takes precedence over exact stratification; no row-random split, resampling, or model fitting.",1,1,FEASIBLE,P007_SERIES01|P008_SERIES01|PAPER_FALLBACK::P016,10,5,4,1,16,3,6,2,17,5,7,1,1,4,2,12,0,1,2,5
T2_TWIP,T2_GH_STRICT_01,DETERMINISTIC_GROUPED_HOLDOUT,Leakage_Group_Strict_WITH_PAPER_FALLBACK,22,8,9,3,17,5,7,1,True,True,0,0,0,0,0,0,M4_PLUS_PHYSICS,15,5,ZERO_PAPER_STUDY_MATERIAL_STRICT_AND_EXACT_SOURCE_FAMILY_OVERLAP,Only 6 TWIP negatives across 4 strict groups; one paper contributes 3 negatives,VALID_LIMITED,"Exhaustive lexical search over two/three strict validation groups; validation size constrained to 18-35%; both full-target and raw M2-complete subsets retain both classes; exact unparsed source-alloy families are disjoint; distinct negative-group sets retained; held groups=P007_SERIES01|P008_SERIES01|PAPER_FALLBACK::P016; group independence takes precedence over exact stratification; no row-random split, resampling, or model fitting.",1,1,FEASIBLE,P007_SERIES01|P008_SERIES01|PAPER_FALLBACK::P016,10,5,4,1,16,3,6,2,17,5,7,1,1,4,2,12,0,1,2,5
T2_TWIP,T2_GH_STRICT_01,DETERMINISTIC_GROUPED_HOLDOUT,Leakage_Group_Strict_WITH_PAPER_FALLBACK,22,8,9,3,17,5,7,1,True,True,0,0,0,0,0,0,M5_PLUS_INITIAL_MICROSTRUCTURE,13,4,ZERO_PAPER_STUDY_MATERIAL_STRICT_AND_EXACT_SOURCE_FAMILY_OVERLAP,Only 6 TWIP negatives across 4 strict groups; one paper contributes 3 negatives,VALID_LIMITED,"Exhaustive lexical search over two/three strict validation groups; validation size constrained to 18-35%; both full-target and raw M2-complete subsets retain both classes; exact unparsed source-alloy families are disjoint; distinct negative-group sets retained; held groups=P007_SERIES01|P008_SERIES01|PAPER_FALLBACK::P016; group independence takes precedence over exact stratification; no row-random split, resampling, or model fitting.",1,1,FEASIBLE,P007_SERIES01|P008_SERIES01|PAPER_FALLBACK::P016,9,4,3,1,16,3,6,2,17,5,7,1,1,4,2,12,0,1,2,5
T2_TWIP,T2_GH_STRICT_02,DETERMINISTIC_GROUPED_HOLDOUT,Leakage_Group_Strict_WITH_PAPER_FALLBACK,22,8,9,3,20,2,4,4,True,True,0,0,0,0,0,0,M1_CHEMISTRY,18,7,ZERO_PAPER_STUDY_MATERIAL_STRICT_AND_EXACT_SOURCE_FAMILY_OVERLAP,Only 6 TWIP negatives across 4 strict groups; one paper contributes 3 negatives,VALID_LIMITED,"Exhaustive lexical search over two/three strict validation groups; validation size constrained to 18-35%; both full-target and raw M2-complete subsets retain both classes; exact unparsed source-alloy families are disjoint; distinct negative-group sets retained; held groups=P007_SERIES01|PAPER_FALLBACK::P001|PAPER_FALLBACK::P016; group independence takes precedence over exact stratification; no row-random split, resampling, or model fitting.",1,1,FEASIBLE,P007_SERIES01|PAPER_FALLBACK::P001|PAPER_FALLBACK::P016,16,2,3,4,14,5,8,0,20,2,4,4,1,1,4,13,0,4,0,4
T2_TWIP,T2_GH_STRICT_02,DETERMINISTIC_GROUPED_HOLDOUT,Leakage_Group_Strict_WITH_PAPER_FALLBACK,22,8,9,3,20,2,4,4,True,True,0,0,0,0,0,0,M2_CHEMISTRY_PLUS_TEST,13,7,ZERO_PAPER_STUDY_MATERIAL_STRICT_AND_EXACT_SOURCE_FAMILY_OVERLAP,Only 6 TWIP negatives across 4 strict groups; one paper contributes 3 negatives,VALID_LIMITED,"Exhaustive lexical search over two/three strict validation groups; validation size constrained to 18-35%; both full-target and raw M2-complete subsets retain both classes; exact unparsed source-alloy families are disjoint; distinct negative-group sets retained; held groups=P007_SERIES01|PAPER_FALLBACK::P001|PAPER_FALLBACK::P016; group independence takes precedence over exact stratification; no row-random split, resampling, or model fitting.",1,1,FEASIBLE,P007_SERIES01|PAPER_FALLBACK::P001|PAPER_FALLBACK::P016,11,2,3,4,14,5,8,0,20,2,4,4,1,1,4,13,0,4,0,4
T2_TWIP,T2_GH_STRICT_02,DETERMINISTIC_GROUPED_HOLDOUT,Leakage_Group_Strict_WITH_PAPER_FALLBACK,22,8,9,3,20,2,4,4,True,True,0,0,0,0,0,0,M3_PLUS_PROCESSING,13,7,ZERO_PAPER_STUDY_MATERIAL_STRICT_AND_EXACT_SOURCE_FAMILY_OVERLAP,Only 6 TWIP negatives across 4 strict groups; one paper contributes 3 negatives,VALID_LIMITED,"Exhaustive lexical search over two/three strict validation groups; validation size constrained to 18-35%; both full-target and raw M2-complete subsets retain both classes; exact unparsed source-alloy families are disjoint; distinct negative-group sets retained; held groups=P007_SERIES01|PAPER_FALLBACK::P001|PAPER_FALLBACK::P016; group independence takes precedence over exact stratification; no row-random split, resampling, or model fitting.",1,1,FEASIBLE,P007_SERIES01|PAPER_FALLBACK::P001|PAPER_FALLBACK::P016,11,2,3,4,14,5,8,0,20,2,4,4,1,1,4,13,0,4,0,4
T2_TWIP,T2_GH_STRICT_02,DETERMINISTIC_GROUPED_HOLDOUT,Leakage_Group_Strict_WITH_PAPER_FALLBACK,22,8,9,3,20,2,4,4,True,True,0,0,0,0,0,0,M4_PLUS_PHYSICS,13,7,ZERO_PAPER_STUDY_MATERIAL_STRICT_AND_EXACT_SOURCE_FAMILY_OVERLAP,Only 6 TWIP negatives across 4 strict groups; one paper contributes 3 negatives,VALID_LIMITED,"Exhaustive lexical search over two/three strict validation groups; validation size constrained to 18-35%; both full-target and raw M2-complete subsets retain both classes; exact unparsed source-alloy families are disjoint; distinct negative-group sets retained; held groups=P007_SERIES01|PAPER_FALLBACK::P001|PAPER_FALLBACK::P016; group independence takes precedence over exact stratification; no row-random split, resampling, or model fitting.",1,1,FEASIBLE,P007_SERIES01|PAPER_FALLBACK::P001|PAPER_FALLBACK::P016,11,2,3,4,14,5,8,0,20,2,4,4,1,1,4,13,0,4,0,4
T2_TWIP,T2_GH_STRICT_02,DETERMINISTIC_GROUPED_HOLDOUT,Leakage_Group_Strict_WITH_PAPER_FALLBACK,22,8,9,3,20,2,4,4,True,True,0,0,0,0,0,0,M5_PLUS_INITIAL_MICROSTRUCTURE,10,7,ZERO_PAPER_STUDY_MATERIAL_STRICT_AND_EXACT_SOURCE_FAMILY_OVERLAP,Only 6 TWIP negatives across 4 strict groups; one paper contributes 3 negatives,VALID_LIMITED,"Exhaustive lexical search over two/three strict validation groups; validation size constrained to 18-35%; both full-target and raw M2-complete subsets retain both classes; exact unparsed source-alloy families are disjoint; distinct negative-group sets retained; held groups=P007_SERIES01|PAPER_FALLBACK::P001|PAPER_FALLBACK::P016; group independence takes precedence over exact stratification; no row-random split, resampling, or model fitting.",1,1,FEASIBLE,P007_SERIES01|PAPER_FALLBACK::P001|PAPER_FALLBACK::P016,9,1,3,4,14,5,8,0,20,2,4,4,1,1,4,13,0,4,0,4
T2_TWIP,T2_GH_STRICT_03,DETERMINISTIC_GROUPED_HOLDOUT,Leakage_Group_Strict_WITH_PAPER_FALLBACK,22,8,9,3,18,4,6,2,True,True,0,0,0,0,0,0,M1_CHEMISTRY,18,7,ZERO_PAPER_STUDY_MATERIAL_STRICT_AND_EXACT_SOURCE_FAMILY_OVERLAP,Only 6 TWIP negatives across 4 strict groups; one paper contributes 3 negatives,VALID_LIMITED,"Exhaustive lexical search over two/three strict validation groups; validation size constrained to 18-35%; both full-target and raw M2-complete subsets retain both classes; exact unparsed source-alloy families are disjoint; distinct negative-group sets retained; held groups=P007_SERIES01|PAPER_FALLBACK::P002|PAPER_FALLBACK::P016; group independence takes precedence over exact stratification; no row-random split, resampling, or model fitting.",1,1,FEASIBLE,P007_SERIES01|PAPER_FALLBACK::P002|PAPER_FALLBACK::P016,14,4,5,2,15,4,7,1,18,4,6,2,0,4,4,11,1,1,0,6
T2_TWIP,T2_GH_STRICT_03,DETERMINISTIC_GROUPED_HOLDOUT,Leakage_Group_Strict_WITH_PAPER_FALLBACK,22,8,9,3,18,4,6,2,True,True,0,0,0,0,0,0,M2_CHEMISTRY_PLUS_TEST,13,7,ZERO_PAPER_STUDY_MATERIAL_STRICT_AND_EXACT_SOURCE_FAMILY_OVERLAP,Only 6 TWIP negatives across 4 strict groups; one paper contributes 3 negatives,VALID_LIMITED,"Exhaustive lexical search over two/three strict validation groups; validation size constrained to 18-35%; both full-target and raw M2-complete subsets retain both classes; exact unparsed source-alloy families are disjoint; distinct negative-group sets retained; held groups=P007_SERIES01|PAPER_FALLBACK::P002|PAPER_FALLBACK::P016; group independence takes precedence over exact stratification; no row-random split, resampling, or model fitting.",1,1,FEASIBLE,P007_SERIES01|PAPER_FALLBACK::P002|PAPER_FALLBACK::P016,9,4,5,2,15,4,7,1,18,4,6,2,0,4,4,11,1,1,0,6
T2_TWIP,T2_GH_STRICT_03,DETERMINISTIC_GROUPED_HOLDOUT,Leakage_Group_Strict_WITH_PAPER_FALLBACK,22,8,9,3,18,4,6,2,True,True,0,0,0,0,0,0,M3_PLUS_PROCESSING,13,7,ZERO_PAPER_STUDY_MATERIAL_STRICT_AND_EXACT_SOURCE_FAMILY_OVERLAP,Only 6 TWIP negatives across 4 strict groups; one paper contributes 3 negatives,VALID_LIMITED,"Exhaustive lexical search over two/three strict validation groups; validation size constrained to 18-35%; both full-target and raw M2-complete subsets retain both classes; exact unparsed source-alloy families are disjoint; distinct negative-group sets retained; held groups=P007_SERIES01|PAPER_FALLBACK::P002|PAPER_FALLBACK::P016; group independence takes precedence over exact stratification; no row-random split, resampling, or model fitting.",1,1,FEASIBLE,P007_SERIES01|PAPER_FALLBACK::P002|PAPER_FALLBACK::P016,9,4,5,2,15,4,7,1,18,4,6,2,0,4,4,11,1,1,0,6
T2_TWIP,T2_GH_STRICT_03,DETERMINISTIC_GROUPED_HOLDOUT,Leakage_Group_Strict_WITH_PAPER_FALLBACK,22,8,9,3,18,4,6,2,True,True,0,0,0,0,0,0,M4_PLUS_PHYSICS,13,7,ZERO_PAPER_STUDY_MATERIAL_STRICT_AND_EXACT_SOURCE_FAMILY_OVERLAP,Only 6 TWIP negatives across 4 strict groups; one paper contributes 3 negatives,VALID_LIMITED,"Exhaustive lexical search over two/three strict validation groups; validation size constrained to 18-35%; both full-target and raw M2-complete subsets retain both classes; exact unparsed source-alloy families are disjoint; distinct negative-group sets retained; held groups=P007_SERIES01|PAPER_FALLBACK::P002|PAPER_FALLBACK::P016; group independence takes precedence over exact stratification; no row-random split, resampling, or model fitting.",1,1,FEASIBLE,P007_SERIES01|PAPER_FALLBACK::P002|PAPER_FALLBACK::P016,9,4,5,2,15,4,7,1,18,4,6,2,0,4,4,11,1,1,0,6
T2_TWIP,T2_GH_STRICT_03,DETERMINISTIC_GROUPED_HOLDOUT,Leakage_Group_Strict_WITH_PAPER_FALLBACK,22,8,9,3,18,4,6,2,True,True,0,0,0,0,0,0,M5_PLUS_INITIAL_MICROSTRUCTURE,12,5,ZERO_PAPER_STUDY_MATERIAL_STRICT_AND_EXACT_SOURCE_FAMILY_OVERLAP,Only 6 TWIP negatives across 4 strict groups; one paper contributes 3 negatives,VALID_LIMITED,"Exhaustive lexical search over two/three strict validation groups; validation size constrained to 18-35%; both full-target and raw M2-complete subsets retain both classes; exact unparsed source-alloy families are disjoint; distinct negative-group sets retained; held groups=P007_SERIES01|PAPER_FALLBACK::P002|PAPER_FALLBACK::P016; group independence takes precedence over exact stratification; no row-random split, resampling, or model fitting.",1,1,FEASIBLE,P007_SERIES01|PAPER_FALLBACK::P002|PAPER_FALLBACK::P016,8,4,4,1,15,4,7,1,18,4,6,2,0,4,4,11,1,1,0,6
T3A_FOUR_CLASS,T3A_LOPO_F01_P001,LEAVE_ONE_PAPER_OUT_FOUR_CLASS_DIAGNOSTIC,Paper_ID,24,3,11,1,23,1,3,0,True,False,0,0,0,0,0,0,M2_CHEMISTRY_PLUS_TEST,14,3,ZERO_PAPER_STUDY_MATERIAL_STRICT_AND_EXACT_SOURCE_FAMILY_OVERLAP,T3_FOUR_CLASS_NOT_CURRENTLY_VALIDATABLE; state 00 is a singleton,INVALID_CLASS_SUPPORT,"Deterministic leave-one-group-out fold holding P001; group independence takes precedence over exact stratification; no row-random split, resampling, or model fitting.",12,1,NOT_FEASIBLE,P001,13,1,3,0,19,5,3,0,21,3,0,3,1,2,4,17,0,3,0,0
T3A_FOUR_CLASS,T3A_LOPO_F02_P002,LEAVE_ONE_PAPER_OUT_FOUR_CLASS_DIAGNOSTIC,Paper_ID,24,3,11,1,24,0,2,1,False,False,0,0,0,0,0,0,M2_CHEMISTRY_PLUS_TEST,14,3,ZERO_PAPER_STUDY_MATERIAL_STRICT_AND_EXACT_SOURCE_FAMILY_OVERLAP,T3_FOUR_CLASS_NOT_CURRENTLY_VALIDATABLE; state 00 is a singleton,INVALID_CLASS_SUPPORT,"Deterministic leave-one-group-out fold holding P002; group independence takes precedence over exact stratification; no row-random split, resampling, or model fitting.",12,2,NOT_FEASIBLE,P002,14,0,2,1,20,4,2,1,19,5,2,1,0,5,4,15,1,0,0,2
T3A_FOUR_CLASS,T3A_LOPO_F03_P003,LEAVE_ONE_PAPER_OUT_FOUR_CLASS_DIAGNOSTIC,Paper_ID,24,3,11,1,23,1,3,0,True,False,0,0,0,0,1,0,M2_CHEMISTRY_PLUS_TEST,14,3,ZERO_PROVENANCE_GROUP_OVERLAP; EXACT_SOURCE_ALLOY_FAMILY_OVERLAP_LIMITS_G2,T3_FOUR_CLASS_NOT_CURRENTLY_VALIDATABLE; state 00 is a singleton,INVALID_CLASS_SUPPORT,"Deterministic leave-one-group-out fold holding P003; group independence takes precedence over exact stratification; no row-random split, resampling, or model fitting.",12,3,NOT_FEASIBLE,P003,13,1,3,0,19,5,3,0,18,6,3,0,1,5,4,14,0,0,0,3
T3A_FOUR_CLASS,T3A_LOPO_F04_P007,LEAVE_ONE_PAPER_OUT_FOUR_CLASS_DIAGNOSTIC,Paper_ID,23,4,11,1,22,1,4,0,True,False,0,0,0,0,0,0,M2_CHEMISTRY_PLUS_TEST,13,4,ZERO_PAPER_STUDY_MATERIAL_STRICT_AND_EXACT_SOURCE_FAMILY_OVERLAP,T3_FOUR_CLASS_NOT_CURRENTLY_VALIDATABLE; state 00 is a singleton,INVALID_CLASS_SUPPORT,"Deterministic leave-one-group-out fold holding P007; group independence takes precedence over exact stratification; no row-random split, resampling, or model fitting.",12,4,NOT_FEASIBLE,P007,12,1,4,0,18,5,4,0,18,5,3,1,1,4,4,14,0,1,0,3
T3A_FOUR_CLASS,T3A_LOPO_F05_P008,LEAVE_ONE_PAPER_OUT_FOUR_CLASS_DIAGNOSTIC,Paper_ID,24,3,11,1,23,1,3,0,True,False,0,0,0,0,0,0,M2_CHEMISTRY_PLUS_TEST,16,1,ZERO_PAPER_STUDY_MATERIAL_STRICT_AND_EXACT_SOURCE_FAMILY_OVERLAP,T3_FOUR_CLASS_NOT_CURRENTLY_VALIDATABLE; state 00 is a singleton,INVALID_CLASS_SUPPORT,"Deterministic leave-one-group-out fold holding P008; group independence takes precedence over exact stratification; no row-random split, resampling, or model fitting.",12,5,NOT_FEASIBLE,P008,15,1,1,0,21,3,1,2,18,6,3,0,1,5,2,16,0,0,2,1
T3A_FOUR_CLASS,T3A_LOPO_F06_P010,LEAVE_ONE_PAPER_OUT_FOUR_CLASS_DIAGNOSTIC,Paper_ID,24,3,11,1,23,1,3,0,True,False,0,0,0,0,0,0,M2_CHEMISTRY_PLUS_TEST,17,0,ZERO_PAPER_STUDY_MATERIAL_STRICT_AND_EXACT_SOURCE_FAMILY_OVERLAP,T3_FOUR_CLASS_NOT_CURRENTLY_VALIDATABLE; state 00 is a singleton,INVALID_CLASS_SUPPORT,"Deterministic leave-one-group-out fold holding P010; group independence takes precedence over exact stratification; no row-random split, resampling, or model fitting.",12,6,NOT_FEASIBLE,P010,16,1,0,0,20,4,2,1,18,6,3,0,1,5,3,15,0,0,1,2
T3A_FOUR_CLASS,T3A_LOPO_F07_P011,LEAVE_ONE_PAPER_OUT_FOUR_CLASS_DIAGNOSTIC,Paper_ID,25,2,11,1,24,1,2,0,True,False,0,0,0,0,1,0,M2_CHEMISTRY_PLUS_TEST,15,2,ZERO_PROVENANCE_GROUP_OVERLAP; EXACT_SOURCE_ALLOY_FAMILY_OVERLAP_LIMITS_G2,T3_FOUR_CLASS_NOT_CURRENTLY_VALIDATABLE; state 00 is a singleton,INVALID_CLASS_SUPPORT,"Deterministic leave-one-group-out fold holding P011; group independence takes precedence over exact stratification; no row-random split, resampling, or model fitting.",12,7,NOT_FEASIBLE,P011,14,1,2,0,20,5,2,0,20,5,1,1,1,4,4,16,0,1,0,1
T3A_FOUR_CLASS,T3A_LOPO_F08_P012,LEAVE_ONE_PAPER_OUT_FOUR_CLASS_DIAGNOSTIC,Paper_ID,26,1,11,1,25,1,1,0,True,False,0,0,0,0,0,0,M2_CHEMISTRY_PLUS_TEST,16,1,ZERO_PAPER_STUDY_MATERIAL_STRICT_AND_EXACT_SOURCE_FAMILY_OVERLAP,T3_FOUR_CLASS_NOT_CURRENTLY_VALIDATABLE; state 00 is a singleton,INVALID_CLASS_SUPPORT,"Deterministic leave-one-group-out fold holding P012; group independence takes precedence over exact stratification; no row-random split, resampling, or model fitting.",12,8,NOT_FEASIBLE,P012,15,1,1,0,21,5,1,0,20,6,1,0,1,5,4,16,0,0,0,1
T3A_FOUR_CLASS,T3A_LOPO_F09_P013,LEAVE_ONE_PAPER_OUT_FOUR_CLASS_DIAGNOSTIC,Paper_ID,26,1,11,1,25,1,1,0,True,False,0,0,0,0,1,0,M2_CHEMISTRY_PLUS_TEST,17,0,ZERO_PROVENANCE_GROUP_OVERLAP; EXACT_SOURCE_ALLOY_FAMILY_OVERLAP_LIMITS_G2,T3_FOUR_CLASS_NOT_CURRENTLY_VALIDATABLE; state 00 is a singleton,INVALID_CLASS_SUPPORT,"Deterministic leave-one-group-out fold holding P013; group independence takes precedence over exact stratification; no row-random split, resampling, or model fitting.",12,9,NOT_FEASIBLE,P013,16,1,0,0,21,5,1,0,20,6,1,0,1,5,4,16,0,0,0,1
T3A_FOUR_CLASS,T3A_LOPO_F10_P014,LEAVE_ONE_PAPER_OUT_FOUR_CLASS_DIAGNOSTIC,Paper_ID,26,1,11,1,25,1,1,0,True,False,0,0,0,0,1,0,M2_CHEMISTRY_PLUS_TEST,17,0,ZERO_PROVENANCE_GROUP_OVERLAP; EXACT_SOURCE_ALLOY_FAMILY_OVERLAP_LIMITS_G2,T3_FOUR_CLASS_NOT_CURRENTLY_VALIDATABLE; state 00 is a singleton,INVALID_CLASS_SUPPORT,"Deterministic leave-one-group-out fold holding P014; group independence takes precedence over exact stratification; no row-random split, resampling, or model fitting.",12,10,NOT_FEASIBLE,P014,16,1,0,0,21,5,1,0,20,6,1,0,1,5,4,16,0,0,0,1
T3A_FOUR_CLASS,T3A_LOPO_F11_P015,LEAVE_ONE_PAPER_OUT_FOUR_CLASS_DIAGNOSTIC,Paper_ID,25,2,11,1,24,1,2,0,True,False,0,0,0,0,0,0,M2_CHEMISTRY_PLUS_TEST,17,0,ZERO_PAPER_STUDY_MATERIAL_STRICT_AND_EXACT_SOURCE_FAMILY_OVERLAP,T3_FOUR_CLASS_NOT_CURRENTLY_VALIDATABLE; state 00 is a singleton,INVALID_CLASS_SUPPORT,"Deterministic leave-one-group-out fold holding P015; group independence takes precedence over exact stratification; no row-random split, resampling, or model fitting.",12,11,NOT_FEASIBLE,P015,16,1,0,0,21,4,1,1,19,6,2,0,1,5,3,16,0,0,1,1
T3A_FOUR_CLASS,T3A_LOPO_F12_P016,LEAVE_ONE_PAPER_OUT_FOUR_CLASS_DIAGNOSTIC,Paper_ID,26,1,11,1,25,1,1,0,True,False,0,0,0,0,0,0,M2_CHEMISTRY_PLUS_TEST,17,0,ZERO_PAPER_STUDY_MATERIAL_STRICT_AND_EXACT_SOURCE_FAMILY_OVERLAP,T3_FOUR_CLASS_NOT_CURRENTLY_VALIDATABLE; state 00 is a singleton,INVALID_CLASS_SUPPORT,"Deterministic leave-one-group-out fold holding P016; group independence takes precedence over exact stratification; no row-random split, resampling, or model fitting.",12,12,NOT_FEASIBLE,P016,16,1,0,0,21,5,1,0,20,6,1,0,1,5,4,16,0,0,0,1
T3B_MULTILABEL,T3B_GH_STRICT_01,DETERMINISTIC_GROUPED_HOLDOUT_FUTURE_MULTILABEL,Leakage_Group_Strict_WITH_PAPER_FALLBACK,20,7,9,3,19,1,7,0,True,True,0,0,0,0,0,0,M2_CHEMISTRY_PLUS_TEST,12,5,ZERO_PAPER_STUDY_MATERIAL_STRICT_AND_EXACT_SOURCE_FAMILY_OVERLAP,Output-wise binary support does not solve the singleton 00 joint-state limitation,EXPLORATORY_ONLY,"Future-only output-wise binary-support holdout; held groups=P007_SERIES01|P012_SERIES01|P015_SERIES01; group independence takes precedence over exact stratification; no row-random split, resampling, or model fitting.",1,1,EXPLORATORY_ONLY,P007_SERIES01|P012_SERIES01|P015_SERIES01,11,1,5,0,16,4,6,1,15,5,6,1,1,4,3,12,0,1,1,5
T3B_MULTILABEL,T3B_GH_STRICT_02,DETERMINISTIC_GROUPED_HOLDOUT_FUTURE_MULTILABEL,Leakage_Group_Strict_WITH_PAPER_FALLBACK,20,7,9,3,19,1,7,0,True,True,0,0,0,0,1,0,M2_CHEMISTRY_PLUS_TEST,13,4,ZERO_PROVENANCE_GROUP_OVERLAP; EXACT_SOURCE_ALLOY_FAMILY_OVERLAP_LIMITS_G2,Output-wise binary support does not solve the singleton 00 joint-state limitation,EXPLORATORY_ONLY,"Future-only output-wise binary-support holdout; held groups=P007_SERIES01|P013_SERIES01|P015_SERIES01; group independence takes precedence over exact stratification; no row-random split, resampling, or model fitting.",1,1,EXPLORATORY_ONLY,P007_SERIES01|P013_SERIES01|P015_SERIES01,12,1,4,0,16,4,6,1,15,5,6,1,1,4,3,12,0,1,1,5
T3B_MULTILABEL,T3B_GH_STRICT_03,DETERMINISTIC_GROUPED_HOLDOUT_FUTURE_MULTILABEL,Leakage_Group_Strict_WITH_PAPER_FALLBACK,20,7,9,3,19,1,7,0,True,True,0,0,0,0,1,0,M2_CHEMISTRY_PLUS_TEST,13,4,ZERO_PROVENANCE_GROUP_OVERLAP; EXACT_SOURCE_ALLOY_FAMILY_OVERLAP_LIMITS_G2,Output-wise binary support does not solve the singleton 00 joint-state limitation,EXPLORATORY_ONLY,"Future-only output-wise binary-support holdout; held groups=P007_SERIES01|P014_SERIES01|P015_SERIES01; group independence takes precedence over exact stratification; no row-random split, resampling, or model fitting.",1,1,EXPLORATORY_ONLY,P007_SERIES01|P014_SERIES01|P015_SERIES01,12,1,4,0,16,4,6,1,15,5,6,1,1,4,3,12,0,1,1,5
