Paper_ID,DOI,Paper_Title,Condition_ID,Experiment_Group_ID,Original_Experiment_Group_ID,Row_Type,Alloy_ID,Original_Composition,Composition_basis,Fe_at%,Mn_at%,Co_at%,Cr_at%,Ni_at%,N_at%,C_at%,Mo_at%,Si_at%,Ti_at%,V_at%,Other_elements,Processing_route,Cast_method,Homogenization_T_K,Homogenization_time_h,Hot_rolling_T_K,Hot_rolling_reduction_pct,Cold_rolling_reduction_pct,Annealing_T_K,Annealing_time_min,Cooling_route,Test_T_K,Strain_rate_s-1,Gauge_length_mm,Gauge_width_mm,Specimen_thickness_mm,True_strain,Local_strain,Deformation_stage,Grain_size_um,Grain_size_SD_um,Initial_FCC_fraction,Initial_HCP_fraction,Initial_twin_boundary_status,SFE_mJ_m2,SFE_error_mJ_m2,SFE_method,DeltaG_FCC_HCP_J_mol,DeltaG_method,Elastic_modulus_GPa,Shear_modulus_GPa,Poisson_ratio,Lattice_parameter_nm,Atomic_size_misfit_pct,CSRO_present,TRIP,TWIP,Slip,Stacking_faulting,HCP_to_FCC_reversion,Dominant_mechanism,HCP_fraction_at_condition,Twin_fraction_or_Sigma3,Twin_thickness_nm,HCP_lath_or_lamella_note,YS_MPa,YS_error_MPa,UTS_MPa,UTS_error_MPa,Elongation_pct,Elongation_error_pct,Uniform_elongation_pct,Critical_twin_stress_MPa,Critical_TRIP_stress_MPa,Twin_onset_true_strain,TRIP_onset_true_strain,Adiabatic_temperature_K,SFE_increase_dynamic_mJ_m2,Evidence_TRIP,Evidence_TWIP,Characterization_methods,Image_usable_for_descriptors,Source_location,Label_confidence,Notes,Unmapped_Fields,Source_File,Source_Sheet,Schema_Mapping_Review,QC_Status,Requires_Manual_Review,Row_Role,Target_Review_Status,Schema_Review_Status,Parent_Experiment_ID,ML_Condition_ID,Observation_ID,Data_Origin,Observation_Role,Deformation_Stage_ID,Grouping_Review_Required,Grouping_Confidence,Grouping_Reason,Recovered_Grain_size_um,Recovered_ISFE_DFT_0K_mJ_m2,Recovered_DeltaG_FCC_HCP_300K_J_mol,Recovered_YS_MPa,Recovered_UTS_MPa,Recovered_Elongation_pct,Recovered_Uniform_elongation_pct,Recovered_Initial_FCC_fraction,Recovered_Initial_HCP_fraction,Recovered_TRIP,Recovered_TWIP,Recovered_Recrystallized_fraction,Recovered_SFE_assumed_for_calculation_mJ_m2,Recovery_Provenance_JSON,Target_Correction_TRIP,Target_Correction_TWIP,Resolution_Provenance_JSON,Effective_TRIP,Effective_TWIP,Study_Series_ID,Material_Parent_ID,Physical_Batch_ID,Replicate_ID,Leakage_Group_Strict,Leakage_Group_Material,Parent_Linkage_Status,Aggregate_Property_Status,Parent_ML_Condition_ID,YS_mean,YS_uncertainty,UTS_mean,UTS_uncertainty,TE_mean,TE_uncertainty,UE_mean,UE_uncertainty,Replicate_n,uncertainty_type,P008_Record_Role,P008_Legacy_Mapping_Status,P008_Source_State,Recovered_Bulk_Composition_at_pct,Recovered_Composition_Status,Recovered_Processing_route,Recovered_Test_T_Reported,Recovered_Test_T_Status,Recovered_Grain_size_scope,Recovered_Grain_size_status,Recovered_Initial_HCP_status,Initial_BCC_alpha_martensite_fraction,Initial_BCC_alpha_martensite_status,Recovered_Recrystallized_fraction_status,Recovered_YS_status,Recovered_UTS_status,Recovered_Uniform_elongation_status,SFE_scope,SFE_value_alloy_level_mJ_m2,SFE_status,SFE_source_provenance,Alpha_lath_thickness,Alpha_lath_spacing,Recovery_twin_fraction,Recovery_twin_thickness,Recovery_twin_spacing_observed,Recovery_twin_spacing_fraction_input_nm,Deformation_twin_width,Deformation_twin_spacing,Precipitate_type,APT_local_composition,EDS_local_composition,P008_Recovery_Provenance_JSON,Independent_ML_sample,Nominal_Composition_at_pct,Measured_Composition_Status,Cr_at%_uncertainty,Mn_at%_uncertainty,Fe_at%_uncertainty,Co_at%_uncertainty,Ni_at%_uncertainty,Initial_Phase_State_Qualitative,Initial_Phase_Status,Magnetic_transition_T_K,Magnetic_transition_Status,Low_T_Magnetic_Behavior,Low_T_Magnetic_Behavior_T_K,Computational_Magnetic_States,PM_Model,AFM_Model,Computational_SFE_Scope,SFE_Relative_Trend,Finite_T_SFE_Excitations_Status,P010_Record_Role,P010_Recovery_Provenance_JSON,Processing_State_ID,Source_Material_ID,Sintering_T_C,Relative_Density_pct,Effective_Grain_Size_Including_TB_PhaseBoundary_um,Initial_Sigma3_TB_fraction,Initial_Twin_Type,Mn_Oxide_Area_Fraction,SPS_Pressure_MPa,SPS_Time_min,SPS_Vacuum_Pa,Detwinning,Feedstock_Composition_at_pct,Feedstock_Composition_Method,Feedstock_Composition_Scope,Local_EDS_Composition_at_pct,Local_EDS_Composition_Scope,FCC_lattice_a_XRD_A,HCP_lattice_a_XRD_A,HCP_lattice_c_XRD_A,KAM_mean_deg,HCP_lath_thickness_nm,Deformation_Twin_thickness_nm,P011_Record_Role,P011_Target_Status,P011_Negative_TWIP_Evidence,P011_Recovery_Provenance_JSON,Original_TRIP,Original_TWIP,P012_Record_Role,Measured_Composition_at_pct,Measured_Composition_Method,Grain_Size_Including_TB_as_HAB_um,XRD_Replicate_n,XRD_Replicate_Scope,Gauge_Cross_Section_mm,Loading_Direction,GND_density_m-2,Martensite_lath_thickness,Martensite_interspace_nm,Observed_Microstructure,P012_Target_Status,P012_Recovery_Provenance_JSON
P001,10.1016/j.actamat.2023.119389,Unexpected sluggish martensitic transformation in a strong and super-ductile high-entropy alloy of ultralow stacking fault energy,P001_C01,P001_G01,P001_G01,Tensile condition,Fe30Ni20Co20Cr20Si10,Nominal Fe30Ni20Co20Cr20Si10; measured Fe29.33Ni20.32Co20.26Cr19.86Si10.2,at.%,30.0,0.0,20.0,20.0,20.0,,,,10.0,,,,Vacuum arc melting/casting; hot rolled 1100C 50%; homogenized 1180C/2h; water quenched; cold rolled ~80%; annealed,Vacuum arc melting,1453.0,2.0,1373.0,50.0,80.0,1223.0,5.0,Water quench,298.0,0.001,8.0,2.5,1.0,,,final tensile,14.9,3.2,1.0,0.0,abundant annealing twins in recrystallized FCC,7.0,,weak-beam dark-field STEM partial separation,,,220.4,86.7,0.27,0.3569,2.36,Yes,1.0,0.0,1,1.0,0,Stacking-faulting dominated; sluggish/suppressed martensitic transformation,0.083,,,HCP fraction remains very low; <8.3% even after equivalent strain 1.85 / cold-rolled state,392.0,5.0,903.0,10.0,83.1,4.4,,,,,,,,Neutron diffraction/TEM/STEM confirm very limited deformation-induced HCP,Mechanical twinning largely suppressed/not dominant,SEM/BSE; EBSD; ECC; XRD; WBDF-STEM; HRTEM; APT; neutron diffraction; DIC,Yes,Abstract; Methods; Table 1; Figs. 4-13,High,Ultralow SFE but martensitic transformation is sluggish; CSRO and atomic size misfit are key mechanisms.,,TRIP_TWIP_First5_FULL_EXTRACTION.xlsx,First5_Master_Extraction,,SAFE_QC_COMPLETE_MANUAL_REVIEW_REMAINS,True,EXPERIMENTAL_INDEPENDENT,REVIEW_REQUIRED,CANONICAL_OR_SAFE_ALIAS,P001_PE01,P001_MC01,OBS001,EXPERIMENTAL,INDEPENDENT_CONDITION,,0.0,HIGH,Distinct extracted condition retained as a conservative parent; no cross-row specimen linkage is documented.,,,,,,,,,,,,,,,,,,1.0,0.0,,,,,,,,,,,,,,,,,,,,,,,,,,,,,,,,,,,,,,,,,,,,,,,,,,,,,,,,,,,,,,,,,,,,,,,,,,,,,,,,,,,,,,,,,,,,,,,,,,,,,,,,,,,,,,,,,,,,,
P001,10.1016/j.actamat.2023.119389,Unexpected sluggish martensitic transformation in a strong and super-ductile high-entropy alloy of ultralow stacking fault energy,P001_C02,P001_G01,P001_G01,Tensile condition,Fe30Ni20Co20Cr20Si10,Nominal Fe30Ni20Co20Cr20Si10; measured Fe29.33Ni20.32Co20.26Cr19.86Si10.2,at.%,30.0,0.0,20.0,20.0,20.0,,,,10.0,,,,Vacuum arc melting/casting; hot rolled 1100C 50%; homogenized 1180C/2h; water quenched; cold rolled ~80%; annealed,Vacuum arc melting,1453.0,2.0,1373.0,50.0,80.0,1273.0,10.0,Water quench,298.0,0.001,8.0,2.5,1.0,,,final tensile,45.6,10.9,1.0,0.0,abundant annealing twins in recrystallized FCC,7.0,,weak-beam dark-field STEM partial separation,,,220.4,86.7,0.27,0.3569,2.36,Yes,1.0,0.0,1,1.0,0,Stacking-faulting dominated; sluggish/suppressed martensitic transformation,,,,HCP fraction remains very low; <8.3% even after equivalent strain 1.85 / cold-rolled state,343.0,4.0,843.0,18.0,85.3,3.6,,,,,,,,Neutron diffraction/TEM/STEM confirm very limited deformation-induced HCP,Mechanical twinning largely suppressed/not dominant,SEM/BSE; EBSD; ECC; XRD; WBDF-STEM; HRTEM; APT; neutron diffraction; DIC,Yes,Abstract; Methods; Table 1; Figs. 4-13,High,Ultralow SFE but martensitic transformation is sluggish; CSRO and atomic size misfit are key mechanisms.,,TRIP_TWIP_First5_FULL_EXTRACTION.xlsx,First5_Master_Extraction,,SAFE_QC_COMPLETE_MANUAL_REVIEW_REMAINS,True,EXPERIMENTAL_INDEPENDENT,REVIEW_REQUIRED,CANONICAL_OR_SAFE_ALIAS,P001_PE02,P001_MC02,OBS002,EXPERIMENTAL,INDEPENDENT_CONDITION,,0.0,HIGH,Distinct extracted condition retained as a conservative parent; no cross-row specimen linkage is documented.,,,,,,,,,,,,,,,,,,1.0,0.0,,,,,,,,,,,,,,,,,,,,,,,,,,,,,,,,,,,,,,,,,,,,,,,,,,,,,,,,,,,,,,,,,,,,,,,,,,,,,,,,,,,,,,,,,,,,,,,,,,,,,,,,,,,,,,,,,,,,,
P001,10.1016/j.actamat.2023.119389,Unexpected sluggish martensitic transformation in a strong and super-ductile high-entropy alloy of ultralow stacking fault energy,P001_C03,P001_G01,P001_G01,Tensile condition,Fe30Ni20Co20Cr20Si10,Nominal Fe30Ni20Co20Cr20Si10; measured Fe29.33Ni20.32Co20.26Cr19.86Si10.2,at.%,30.0,0.0,20.0,20.0,20.0,,,,10.0,,,,Vacuum arc melting/casting; hot rolled 1100C 50%; homogenized 1180C/2h; water quenched; cold rolled ~80%; annealed,Vacuum arc melting,1453.0,2.0,1373.0,50.0,80.0,1373.0,10.0,Water quench,298.0,0.001,8.0,2.5,1.0,,,final tensile,135.3,20.7,1.0,0.0,abundant annealing twins in recrystallized FCC,7.0,,weak-beam dark-field STEM partial separation,,,220.4,86.7,0.27,0.3569,2.36,Yes,1.0,0.0,1,1.0,0,Stacking-faulting dominated; sluggish/suppressed martensitic transformation,,,,HCP fraction remains very low; <8.3% even after equivalent strain 1.85 / cold-rolled state,295.0,7.0,774.0,13.0,89.0,2.8,,,,,,,,Neutron diffraction/TEM/STEM confirm very limited deformation-induced HCP,Mechanical twinning largely suppressed/not dominant,SEM/BSE; EBSD; ECC; XRD; WBDF-STEM; HRTEM; APT; neutron diffraction; DIC,Yes,Abstract; Methods; Table 1; Figs. 4-13,High,Ultralow SFE but martensitic transformation is sluggish; CSRO and atomic size misfit are key mechanisms.,,TRIP_TWIP_First5_FULL_EXTRACTION.xlsx,First5_Master_Extraction,,SAFE_QC_COMPLETE_MANUAL_REVIEW_REMAINS,True,EXPERIMENTAL_INDEPENDENT,REVIEW_REQUIRED,CANONICAL_OR_SAFE_ALIAS,P001_PE03,P001_MC03,OBS003,EXPERIMENTAL,INDEPENDENT_CONDITION,,0.0,HIGH,Distinct extracted condition retained as a conservative parent; no cross-row specimen linkage is documented.,,,,,,,,,,,,,,,,,,1.0,0.0,,,,,,,,,,,,,,,,,,,,,,,,,,,,,,,,,,,,,,,,,,,,,,,,,,,,,,,,,,,,,,,,,,,,,,,,,,,,,,,,,,,,,,,,,,,,,,,,,,,,,,,,,,,,,,,,,,,,,
P001,10.1016/j.actamat.2023.119389,Unexpected sluggish martensitic transformation in a strong and super-ductile high-entropy alloy of ultralow stacking fault energy,P001_C04,P001_G01,P001_G01,Local-strain microstructure,Fe30Ni20Co20Cr20Si10,Nominal Fe30Ni20Co20Cr20Si10; measured Fe29.33Ni20.32Co20.26Cr19.86Si10.2,at.%,30.0,0.0,20.0,20.0,20.0,,,,10.0,,,,Same as P001_C01; local strain regions after tensile testing,Vacuum arc melting,1453.0,2.0,1373.0,50.0,80.0,1223.0,5.0,Water quench,298.0,0.001,,,,,0.01,local strain ~1%,14.9,3.2,1.0,0.0,annealing twins present,7.0,,weak-beam dark-field STEM partial separation,,,220.4,86.7,0.27,0.3569,2.36,Yes,0.0,0.0,1,1.0,0,Early stacking faults,,,,ECC: SFs at low local strain; HCP/twins almost absent,,,,,,,,,,,,,,HCP/twins almost absent at early local strain,No strong deformation twin contribution reported,ECC; EBSD; HRTEM; neutron diffraction,Yes,Figs. 6-12,Medium,Microstructure-evolution row; do not use as independent tensile-property row.,,TRIP_TWIP_First5_FULL_EXTRACTION.xlsx,First5_Master_Extraction,,SAFE_QC_COMPLETE,False,EXPERIMENTAL_REPEATED_STAGE,NO_FLAG,CANONICAL_OR_SAFE_ALIAS,P001_PE01,P001_MC01,OBS004,EXPERIMENTAL,REPEATED_STAGE,P001_MC01_DS01,0.0,HIGH,Processing text explicitly links the local-strain observation to test condition P001_C01.,,,,,,,,,,,,,,,,,,0.0,0.0,,,,,,,,,,,,,,,,,,,,,,,,,,,,,,,,,,,,,,,,,,,,,,,,,,,,,,,,,,,,,,,,,,,,,,,,,,,,,,,,,,,,,,,,,,,,,,,,,,,,,,,,,,,,,,,,,,,,,
P001,10.1016/j.actamat.2023.119389,Unexpected sluggish martensitic transformation in a strong and super-ductile high-entropy alloy of ultralow stacking fault energy,P001_C05,P001_G01,P001_G01,Local-strain microstructure,Fe30Ni20Co20Cr20Si10,Nominal Fe30Ni20Co20Cr20Si10; measured Fe29.33Ni20.32Co20.26Cr19.86Si10.2,at.%,30.0,0.0,20.0,20.0,20.0,,,,10.0,,,,Same as P001_C01; local strain regions after tensile testing,Vacuum arc melting,1453.0,2.0,1373.0,50.0,80.0,1223.0,5.0,Water quench,298.0,0.001,,,,,0.03,local strain ~3%,14.9,3.2,1.0,0.0,annealing twins present,7.0,,weak-beam dark-field STEM partial separation,,,220.4,86.7,0.27,0.3569,2.36,Yes,0.0,0.0,1,1.0,0,Stacking faults,,,,ECC: SF density increases with local strain,,,,,,,,,,,,,,HCP/twins almost absent at early local strain,No strong deformation twin contribution reported,ECC; EBSD; HRTEM; neutron diffraction,Yes,Figs. 6-12,Medium,Microstructure-evolution row; do not use as independent tensile-property row.,,TRIP_TWIP_First5_FULL_EXTRACTION.xlsx,First5_Master_Extraction,,SAFE_QC_COMPLETE,False,EXPERIMENTAL_REPEATED_STAGE,NO_FLAG,CANONICAL_OR_SAFE_ALIAS,P001_PE01,P001_MC01,OBS005,EXPERIMENTAL,REPEATED_STAGE,P001_MC01_DS02,0.0,HIGH,Processing text explicitly links the local-strain observation to test condition P001_C01.,,,,,,,,,,,,,,,,,,0.0,0.0,,,,,,,,,,,,,,,,,,,,,,,,,,,,,,,,,,,,,,,,,,,,,,,,,,,,,,,,,,,,,,,,,,,,,,,,,,,,,,,,,,,,,,,,,,,,,,,,,,,,,,,,,,,,,,,,,,,,,
P001,10.1016/j.actamat.2023.119389,Unexpected sluggish martensitic transformation in a strong and super-ductile high-entropy alloy of ultralow stacking fault energy,P001_C06,P001_G01,P001_G01,Local-strain microstructure,Fe30Ni20Co20Cr20Si10,Nominal Fe30Ni20Co20Cr20Si10; measured Fe29.33Ni20.32Co20.26Cr19.86Si10.2,at.%,30.0,0.0,20.0,20.0,20.0,,,,10.0,,,,Same as P001_C01; local strain regions after tensile testing,Vacuum arc melting,1453.0,2.0,1373.0,50.0,80.0,1223.0,5.0,Water quench,298.0,0.001,,,,,0.05,local strain ~5%,14.9,3.2,1.0,0.0,annealing twins present,7.0,,weak-beam dark-field STEM partial separation,,,220.4,86.7,0.27,0.3569,2.36,Yes,0.0,0.0,1,1.0,0,Stacking faults,,,,ECC: SF density increases with local strain,,,,,,,,,,,,,,HCP/twins almost absent at early local strain,No strong deformation twin contribution reported,ECC; EBSD; HRTEM; neutron diffraction,Yes,Figs. 6-12,Medium,Microstructure-evolution row; do not use as independent tensile-property row.,,TRIP_TWIP_First5_FULL_EXTRACTION.xlsx,First5_Master_Extraction,,SAFE_QC_COMPLETE,False,EXPERIMENTAL_REPEATED_STAGE,NO_FLAG,CANONICAL_OR_SAFE_ALIAS,P001_PE01,P001_MC01,OBS006,EXPERIMENTAL,REPEATED_STAGE,P001_MC01_DS03,0.0,HIGH,Processing text explicitly links the local-strain observation to test condition P001_C01.,,,,,,,,,,,,,,,,,,0.0,0.0,,,,,,,,,,,,,,,,,,,,,,,,,,,,,,,,,,,,,,,,,,,,,,,,,,,,,,,,,,,,,,,,,,,,,,,,,,,,,,,,,,,,,,,,,,,,,,,,,,,,,,,,,,,,,,,,,,,,,
P001,10.1016/j.actamat.2023.119389,Unexpected sluggish martensitic transformation in a strong and super-ductile high-entropy alloy of ultralow stacking fault energy,P001_C07,P001_G01,P001_G01,Local-strain microstructure,Fe30Ni20Co20Cr20Si10,Nominal Fe30Ni20Co20Cr20Si10; measured Fe29.33Ni20.32Co20.26Cr19.86Si10.2,at.%,30.0,0.0,20.0,20.0,20.0,,,,10.0,,,,Same as P001_C01; local strain regions after tensile testing,Vacuum arc melting,1453.0,2.0,1373.0,50.0,80.0,1223.0,5.0,Water quench,298.0,0.001,,,,,0.07,local strain ~7%,14.9,3.2,1.0,0.0,annealing twins present,7.0,,weak-beam dark-field STEM partial separation,,,220.4,86.7,0.27,0.3569,2.36,Yes,0.0,0.0,1,1.0,0,Stacking faults,,,,ECC: SF density increases; HCP/twins almost absent in ECC,,,,,,,,,,,,,,HCP/twins almost absent at early local strain,No strong deformation twin contribution reported,ECC; EBSD; HRTEM; neutron diffraction,Yes,Figs. 6-12,Medium,Microstructure-evolution row; do not use as independent tensile-property row.,,TRIP_TWIP_First5_FULL_EXTRACTION.xlsx,First5_Master_Extraction,,SAFE_QC_COMPLETE,False,EXPERIMENTAL_REPEATED_STAGE,NO_FLAG,CANONICAL_OR_SAFE_ALIAS,P001_PE01,P001_MC01,OBS007,EXPERIMENTAL,REPEATED_STAGE,P001_MC01_DS04,0.0,HIGH,Processing text explicitly links the local-strain observation to test condition P001_C01.,,,,,,,,,,,,,,,,,,0.0,0.0,,,,,,,,,,,,,,,,,,,,,,,,,,,,,,,,,,,,,,,,,,,,,,,,,,,,,,,,,,,,,,,,,,,,,,,,,,,,,,,,,,,,,,,,,,,,,,,,,,,,,,,,,,,,,,,,,,,,,
P001,10.1016/j.actamat.2023.119389,Unexpected sluggish martensitic transformation in a strong and super-ductile high-entropy alloy of ultralow stacking fault energy,P001_C08,P001_G01,P001_G01,Local-strain microstructure,Fe30Ni20Co20Cr20Si10,Nominal Fe30Ni20Co20Cr20Si10; measured Fe29.33Ni20.32Co20.26Cr19.86Si10.2,at.%,30.0,0.0,20.0,20.0,20.0,,,,10.0,,,,Same as P001_C01; local strain regions after tensile testing,Vacuum arc melting,1453.0,2.0,1373.0,50.0,80.0,1223.0,5.0,Water quench,298.0,0.001,,,,,0.8,local strain ~80%,14.9,3.2,1.0,0.0,annealing twins present,7.0,,weak-beam dark-field STEM partial separation,,,220.4,86.7,0.27,0.3569,2.36,Yes,1.0,0.0,1,1.0,0,SF-dominated with minor HCP,,,,EBSD/HRTEM: very limited HCP; SFs dominant over HCP lamella growth,,,,,,,,,,,,,,EBSD/HRTEM/neutron evidence for limited HCP at high deformation,No strong deformation twin contribution reported,ECC; EBSD; HRTEM; neutron diffraction,Yes,Figs. 6-12,High,Microstructure-evolution row; do not use as independent tensile-property row.,,TRIP_TWIP_First5_FULL_EXTRACTION.xlsx,First5_Master_Extraction,,SAFE_QC_COMPLETE,False,EXPERIMENTAL_REPEATED_STAGE,NO_FLAG,CANONICAL_OR_SAFE_ALIAS,P001_PE01,P001_MC01,OBS008,EXPERIMENTAL,REPEATED_STAGE,P001_MC01_DS05,0.0,HIGH,Processing text explicitly links the local-strain observation to test condition P001_C01.,,,,,,,,,,,,,,,,,,1.0,0.0,,,,,,,,,,,,,,,,,,,,,,,,,,,,,,,,,,,,,,,,,,,,,,,,,,,,,,,,,,,,,,,,,,,,,,,,,,,,,,,,,,,,,,,,,,,,,,,,,,,,,,,,,,,,,,,,,,,,,
P002,10.1016/j.msea.2020.140441,A TWIP-TRIP quinary high-entropy alloy: tuning phase stability and microstructure for enhanced mechanical properties,P002_C01,P002_G01,P002_G01,Processing/tensile condition,Fe40Mn10Co20Cr20Ni10,Fe40Mn10Co20Cr20Ni10,at.%,40.0,10.0,20.0,20.0,10.0,,,,,,,,Vacuum induction cast; hot rolled 900C 50%; homogenized 1200C/2h Ar; water quenched; cold rolled 70%; annealed 30 min,Vacuum induction melting,1473.0,2.0,1173.0,50.0,70.0,1073.0,30.0,Water quench,298.0,0.001,10.0,2.5,1.25,,,final tensile,4.7,,1.0,0.0,initial FCC; annealing twins in recrystallized regions,14.0,,estimated/calculated in paper,-292.0,Thermo-Calc TCFE7,,,,,,,1.0,1.0,1,1.0,0,TRIP + TWIP + dislocation slip,,,,,375.0,,785.0,,77.5,,,,,,,,,EBSD/TEM evidence for FCC→HCP where activated,TEM/EBSD evidence for nano-twinning where activated,EBSD; XRD; EDS; TEM; HAADF-STEM; DIC,Yes,Abstract; Methods; Fig. 1-6; mechanical-property discussion,High,Non-recrystallized zones ~0 vol.%. ΔG_FCC→HCP = -292 J/mol.,,TRIP_TWIP_First5_FULL_EXTRACTION.xlsx,First5_Master_Extraction,,SAFE_QC_COMPLETE,False,EXPERIMENTAL_INDEPENDENT,NO_FLAG,CANONICAL_OR_SAFE_ALIAS,P002_PE01,P002_MC01,OBS009,EXPERIMENTAL,INDEPENDENT_CONDITION,,0.0,HIGH,Distinct extracted condition retained as a conservative parent; no cross-row specimen linkage is documented.,,,,,,,,,,,,,,,,,,1.0,1.0,,,,,,,,,,,,,,,,,,,,,,,,,,,,,,,,,,,,,,,,,,,,,,,,,,,,,,,,,,,,,,,,,,,,,,,,,,,,,,,,,,,,,,,,,,,,,,,,,,,,,,,,,,,,,,,,,,,,,
P002,10.1016/j.msea.2020.140441,A TWIP-TRIP quinary high-entropy alloy: tuning phase stability and microstructure for enhanced mechanical properties,P002_C02,P002_G01,P002_G01,Processing/tensile condition,Fe40Mn10Co20Cr20Ni10,Fe40Mn10Co20Cr20Ni10,at.%,40.0,10.0,20.0,20.0,10.0,,,,,,,,Vacuum induction cast; hot rolled 900C 50%; homogenized 1200C/2h Ar; water quenched; cold rolled 70%; annealed 30 min,Vacuum induction melting,1473.0,2.0,1173.0,50.0,70.0,973.0,30.0,Water quench,298.0,0.001,10.0,2.5,1.25,,,final tensile,,,1.0,0.0,initial FCC; annealing twins in recrystallized regions,14.0,,estimated/calculated in paper,-292.0,Thermo-Calc TCFE7,,,,,,,1.0,1.0,1,1.0,0,TRIP + TWIP + dislocation slip in partially recrystallized state,,,,,589.0,,865.0,,69.1,,,,,,,,,EBSD/TEM evidence for FCC→HCP where activated,TEM/EBSD evidence for nano-twinning where activated,EBSD; XRD; EDS; TEM; HAADF-STEM; DIC,Yes,Abstract; Methods; Fig. 1-6; mechanical-property discussion,High,Non-recrystallized zones ~8 vol.%. ΔG_FCC→HCP = -292 J/mol.,,TRIP_TWIP_First5_FULL_EXTRACTION.xlsx,First5_Master_Extraction,,SAFE_QC_COMPLETE,False,EXPERIMENTAL_INDEPENDENT,NO_FLAG,CANONICAL_OR_SAFE_ALIAS,P002_PE02,P002_MC02,OBS010,EXPERIMENTAL,INDEPENDENT_CONDITION,,0.0,HIGH,Distinct extracted condition retained as a conservative parent; no cross-row specimen linkage is documented.,,,,,,,,,,,,,,,,,,1.0,1.0,,,,,,,,,,,,,,,,,,,,,,,,,,,,,,,,,,,,,,,,,,,,,,,,,,,,,,,,,,,,,,,,,,,,,,,,,,,,,,,,,,,,,,,,,,,,,,,,,,,,,,,,,,,,,,,,,,,,,
P002,10.1016/j.msea.2020.140441,A TWIP-TRIP quinary high-entropy alloy: tuning phase stability and microstructure for enhanced mechanical properties,P002_C03,P002_G01,P002_G01,Processing/tensile condition,Fe40Mn10Co20Cr20Ni10,Fe40Mn10Co20Cr20Ni10,at.%,40.0,10.0,20.0,20.0,10.0,,,,,,,,Vacuum induction cast; hot rolled 900C 50%; homogenized 1200C/2h Ar; water quenched; cold rolled 70%; annealed 30 min,Vacuum induction melting,1473.0,2.0,1173.0,50.0,70.0,873.0,30.0,Water quench,298.0,0.001,10.0,2.5,1.25,,,final tensile,,,1.0,0.0,initial FCC; annealing twins in recrystallized regions,14.0,,estimated/calculated in paper,-292.0,Thermo-Calc TCFE7,,,,,,,0.0,0.0,1,,0,TRIP/TWIP hindered; limited dislocation slip dominates due to high non-recrystallized zone fraction,,,,,1060.0,,,,,,,,,,,,,EBSD/TEM evidence for FCC→HCP where activated,TEM/EBSD evidence for nano-twinning where activated,EBSD; XRD; EDS; TEM; HAADF-STEM; DIC,Yes,Abstract; Methods; Fig. 1-6; mechanical-property discussion,High,Non-recrystallized zones ~87 vol.%. ΔG_FCC→HCP = -292 J/mol.,,TRIP_TWIP_First5_FULL_EXTRACTION.xlsx,First5_Master_Extraction,,SAFE_QC_COMPLETE_MANUAL_REVIEW_REMAINS,True,EXPERIMENTAL_INDEPENDENT,REVIEW_REQUIRED,CANONICAL_OR_SAFE_ALIAS,P002_PE03,P002_MC03,OBS011,EXPERIMENTAL,INDEPENDENT_CONDITION,,0.0,HIGH,Distinct extracted condition retained as a conservative parent; no cross-row specimen linkage is documented.,,,,,,,,,,,,,,,,,,0.0,0.0,,,,,,,,,,,,,,,,,,,,,,,,,,,,,,,,,,,,,,,,,,,,,,,,,,,,,,,,,,,,,,,,,,,,,,,,,,,,,,,,,,,,,,,,,,,,,,,,,,,,,,,,,,,,,,,,,,,,,
P002,10.1016/j.msea.2020.140441,A TWIP-TRIP quinary high-entropy alloy: tuning phase stability and microstructure for enhanced mechanical properties,P002_C04,P002_G_REF,P002_G_REF,Reference comparator,Fe20Mn20Co20Cr20Ni20,Reference equiatomic HEA in paper,at.%,20.0,20.0,20.0,20.0,20.0,,,,,,,,"Reference comparator, similar grain size",,,,,,,,,,298.0,,,,,,,reference tensile,4.5,,1.0,0.0,,,,,,,,,,,,,,,,,Reference equiatomic HEA,,,,,349,,657.0,,59.9,,,,,,,,,Reference comparator only,Reference comparator only,reported in abstract comparison,No,Abstract,Medium,Use only as comparator; not a core TRIP/TWIP condition.,,,TRIP_TWIP_First5_FULL_EXTRACTION.xlsx,First5_Master_Extraction,,SAFE_QC_COMPLETE_MANUAL_REVIEW_REMAINS,True,EXPERIMENTAL_SUMMARY,REVIEW_REQUIRED,CANONICAL_OR_SAFE_ALIAS,P002_PE04,P002_MC04,OBS012,EXPERIMENTAL,SUMMARY,,0.0,HIGH,Reference summary is retained but is not an independent condition.,,,,,,,,,,,,,,,,,,,,,,,,,,,,,,,,,,,,,,,,,,,,,,,,,,,,,,,,,,,,,,,,,,,,,,,,,,,,,,,,,,,,,,,,,,,,,,,,,,,,,,,,,,,,,,,,,,,,,,,,,,,,,,,,,,,,,,,,
P002,10.1016/j.msea.2020.140441,A TWIP-TRIP quinary high-entropy alloy: tuning phase stability and microstructure for enhanced mechanical properties,P002_C05,P002_G_DESIGN,P002_G_DESIGN,Alloy-design descriptor,Fe40Mn10Co20Cr20Ni10,Fe40Mn10Co20Cr20Ni10,at.%,40.0,10.0,20.0,20.0,10.0,,,,,,,,CALPHAD design condition,,,,,,,,,,,,,,,,,thermodynamic design,,,1.0,0.0,,14.0,,estimated/calculated in paper,-292.0,Thermo-Calc TCFE7,,,,,,,,,Targeted phase stability for TRIP/TWIP activation,,,,,,,,,,,,,,,Thermo-Calc design criterion,Not a deformation row,Thermo-Calc; alloy design,No,Methods section 2.1,High,Keep this row for descriptor provenance; exclude from ML training labels.,,,,,,,,TRIP_TWIP_First5_FULL_EXTRACTION.xlsx,First5_Master_Extraction,,SAFE_QC_COMPLETE_MANUAL_REVIEW_REMAINS,True,EXPERIMENTAL_SUMMARY,REVIEW_REQUIRED,CANONICAL_OR_SAFE_ALIAS,P002_PE05,P002_MC05,OBS013,CALPHAD,COMPUTATIONAL_CONDITION,,0.0,HIGH,Computational condition is isolated from experimental parents and experimental condition counts.,,,,,,,,,,,,,,,,,,,,,,,,,,,,,,,,,,,,,,,,,,,,,,,,,,,,,,,,,,,,,,,,,,,,,,,,,,,,,,,,,,,,,,,,,,,,,,,,,,,,,,,,,,,,,,,,,,,,,,,,,,,,,,,,,,,,,,,,
P003,10.1016/j.msea.2020.138982,The effect of strain rate on mechanical properties and microstructure of a metastable FeMnCoCr high entropy alloy,P003_C01,P003_G01,P003_G01,Strain-rate tensile condition,Fe50Mn30Co10Cr10,Fe50Mn30Co10Cr10,at.%,50.0,30.0,10.0,10.0,0.0,,,,,,,,Vacuum cast in Ar; hot-forged 1200C; hot-rolled 900C 50%; solution 1200C/2h; cold-rolled 60%; annealed 900C/3min salt bath; air cooled,Vacuum melting,1473.0,2.0,1173.0,50.0,60.0,1173.0,3.0,air cooling,300.0,0.001,20.0,,,,,tensile at selected strain rate,4.5,,0.63,0.37,Initial dual phase FCC+HCP; no elemental segregation at grain scale,6.5,,reported/estimated; dynamic includes +13 mJ/m2 adiabatic increase,,,139.0,,,,,,1.0,1.0,1,1.0,1,quasi-static: martensitic transformation dominant; TRIP+TWIP+B-TRIP,0.47,,,"At 50% cross-section reduction: HCP fraction 47%, 24%, 18% for 10^-3, 1, 10^3 s^-1 respectively",280.0,,720.0,,,,64.2,322,520,0.05,0.16,,,EBSD/TEM show deformation-induced martensite and reverse transformation depending on strain rate,TEM identifies deformation twins; dynamic loading makes twinning dominant at later strain,Tensile; DSC; dilatometry; SEM/EBSD; TEM,Yes,Abstract; Methods; Figs. 1-7; Table 1; discussion,High,Exact properties for intermediate strain rates should be digitized/checked from Table 1/Fig. 2; blanks intentionally retained.,,TRIP_TWIP_First5_FULL_EXTRACTION.xlsx,First5_Master_Extraction,,SAFE_QC_COMPLETE_MANUAL_REVIEW_REMAINS,True,EXPERIMENTAL_INDEPENDENT,REVIEW_REQUIRED,CANONICAL_OR_SAFE_ALIAS,P003_PE01,P003_MC01,OBS014,EXPERIMENTAL,INDEPENDENT_CONDITION,,0.0,HIGH,Distinct extracted condition retained as a conservative parent; no cross-row specimen linkage is documented.,,,,,,,,,,,,,,,,,,1.0,1.0,,,,,,,,,,,,,,,,,,,,,,,,,,,,,,,,,,,,,,,,,,,,,,,,,,,,,,,,,,,,,,,,,,,,,,,,,,,,,,,,,,,,,,,,,,,,,,,,,,,,,,,,,,,,,,,,,,,,,
P003,10.1016/j.msea.2020.138982,The effect of strain rate on mechanical properties and microstructure of a metastable FeMnCoCr high entropy alloy,P003_C02,P003_G01,P003_G01,Strain-rate tensile condition,Fe50Mn30Co10Cr10,Fe50Mn30Co10Cr10,at.%,50.0,30.0,10.0,10.0,0.0,,,,,,,,Vacuum cast in Ar; hot-forged 1200C; hot-rolled 900C 50%; solution 1200C/2h; cold-rolled 60%; annealed 900C/3min salt bath; air cooled,Vacuum melting,1473.0,2.0,1173.0,50.0,60.0,1173.0,3.0,air cooling,300.0,0.01,20.0,,,,,tensile at selected strain rate,4.5,,0.63,0.37,Initial dual phase FCC+HCP; no elemental segregation at grain scale,6.5,,reported/estimated; dynamic includes +13 mJ/m2 adiabatic increase,,,,,,,,,,,1,1.0,,tested strain-rate condition; exact properties require digitization from Fig. 2/Table 1,,,,,,,,,,,,,,,,,,EBSD/TEM show deformation-induced martensite and reverse transformation depending on strain rate,TEM identifies deformation twins; dynamic loading makes twinning dominant at later strain,Tensile; DSC; dilatometry; SEM/EBSD; TEM,Yes,Abstract; Methods; Figs. 1-7; Table 1; discussion,Medium,Exact properties for intermediate strain rates should be digitized/checked from Table 1/Fig. 2; blanks intentionally retained.,,TRIP_TWIP_First5_FULL_EXTRACTION.xlsx,First5_Master_Extraction,,SAFE_QC_COMPLETE_MANUAL_REVIEW_REMAINS,True,EXPERIMENTAL_INDEPENDENT,REVIEW_REQUIRED,CANONICAL_OR_SAFE_ALIAS,P003_PE02,P003_MC02,OBS015,EXPERIMENTAL,INDEPENDENT_CONDITION,,0.0,HIGH,Distinct extracted condition retained as a conservative parent; no cross-row specimen linkage is documented.,,,,,,,,,,,,,,,,,,,,,,,,,,,,,,,,,,,,,,,,,,,,,,,,,,,,,,,,,,,,,,,,,,,,,,,,,,,,,,,,,,,,,,,,,,,,,,,,,,,,,,,,,,,,,,,,,,,,,,,,,,,,,,,,,,,,,,,,
P003,10.1016/j.msea.2020.138982,The effect of strain rate on mechanical properties and microstructure of a metastable FeMnCoCr high entropy alloy,P003_C03,P003_G01,P003_G01,Strain-rate tensile condition,Fe50Mn30Co10Cr10,Fe50Mn30Co10Cr10,at.%,50.0,30.0,10.0,10.0,0.0,,,,,,,,Vacuum cast in Ar; hot-forged 1200C; hot-rolled 900C 50%; solution 1200C/2h; cold-rolled 60%; annealed 900C/3min salt bath; air cooled,Vacuum melting,1473.0,2.0,1173.0,50.0,60.0,1173.0,3.0,air cooling,300.0,0.1,20.0,,,,,tensile at selected strain rate,4.5,,0.63,0.37,Initial dual phase FCC+HCP; no elemental segregation at grain scale,6.5,,reported/estimated; dynamic includes +13 mJ/m2 adiabatic increase,,,,,,,,,,,1,1.0,,tested strain-rate condition; exact properties require digitization from Fig. 2/Table 1,,,,,,,,,,,,,,,,,,EBSD/TEM show deformation-induced martensite and reverse transformation depending on strain rate,TEM identifies deformation twins; dynamic loading makes twinning dominant at later strain,Tensile; DSC; dilatometry; SEM/EBSD; TEM,Yes,Abstract; Methods; Figs. 1-7; Table 1; discussion,Medium,Exact properties for intermediate strain rates should be digitized/checked from Table 1/Fig. 2; blanks intentionally retained.,,TRIP_TWIP_First5_FULL_EXTRACTION.xlsx,First5_Master_Extraction,,SAFE_QC_COMPLETE_MANUAL_REVIEW_REMAINS,True,EXPERIMENTAL_INDEPENDENT,REVIEW_REQUIRED,CANONICAL_OR_SAFE_ALIAS,P003_PE03,P003_MC03,OBS016,EXPERIMENTAL,INDEPENDENT_CONDITION,,0.0,HIGH,Distinct extracted condition retained as a conservative parent; no cross-row specimen linkage is documented.,,,,,,,,,,,,,,,,,,,,,,,,,,,,,,,,,,,,,,,,,,,,,,,,,,,,,,,,,,,,,,,,,,,,,,,,,,,,,,,,,,,,,,,,,,,,,,,,,,,,,,,,,,,,,,,,,,,,,,,,,,,,,,,,,,,,,,,,
P003,10.1016/j.msea.2020.138982,The effect of strain rate on mechanical properties and microstructure of a metastable FeMnCoCr high entropy alloy,P003_C04,P003_G01,P003_G01,Strain-rate tensile condition,Fe50Mn30Co10Cr10,Fe50Mn30Co10Cr10,at.%,50.0,30.0,10.0,10.0,0.0,,,,,,,,Vacuum cast in Ar; hot-forged 1200C; hot-rolled 900C 50%; solution 1200C/2h; cold-rolled 60%; annealed 900C/3min salt bath; air cooled,Vacuum melting,1473.0,2.0,1173.0,50.0,60.0,1173.0,3.0,air cooling,300.0,1.0,20.0,,,,,tensile at selected strain rate,4.5,,0.63,0.37,Initial dual phase FCC+HCP; no elemental segregation at grain scale,6.5,,reported/estimated; dynamic includes +13 mJ/m2 adiabatic increase,,,,,,,,,1.0,1.0,1,1.0,1,transition state; TRIP/TWIP mixed,0.24,,,"At 50% cross-section reduction: HCP fraction 47%, 24%, 18% for 10^-3, 1, 10^3 s^-1 respectively",300.0,,672.0,,,,49.2,,,,,,,EBSD/TEM show deformation-induced martensite and reverse transformation depending on strain rate,TEM identifies deformation twins; dynamic loading makes twinning dominant at later strain,Tensile; DSC; dilatometry; SEM/EBSD; TEM,Yes,Abstract; Methods; Figs. 1-7; Table 1; discussion,High,Exact properties for intermediate strain rates should be digitized/checked from Table 1/Fig. 2; blanks intentionally retained.,,TRIP_TWIP_First5_FULL_EXTRACTION.xlsx,First5_Master_Extraction,,SAFE_QC_COMPLETE_MANUAL_REVIEW_REMAINS,True,EXPERIMENTAL_INDEPENDENT,REVIEW_REQUIRED,CANONICAL_OR_SAFE_ALIAS,P003_PE04,P003_MC04,OBS017,EXPERIMENTAL,INDEPENDENT_CONDITION,,0.0,HIGH,Distinct extracted condition retained as a conservative parent; no cross-row specimen linkage is documented.,,,,,,,,,,,,,,,,,,1.0,1.0,,,,,,,,,,,,,,,,,,,,,,,,,,,,,,,,,,,,,,,,,,,,,,,,,,,,,,,,,,,,,,,,,,,,,,,,,,,,,,,,,,,,,,,,,,,,,,,,,,,,,,,,,,,,,,,,,,,,,
P003,10.1016/j.msea.2020.138982,The effect of strain rate on mechanical properties and microstructure of a metastable FeMnCoCr high entropy alloy,P003_C05,P003_G01,P003_G01,Strain-rate tensile condition,Fe50Mn30Co10Cr10,Fe50Mn30Co10Cr10,at.%,50.0,30.0,10.0,10.0,0.0,,,,,,,,Vacuum cast in Ar; hot-forged 1200C; hot-rolled 900C 50%; solution 1200C/2h; cold-rolled 60%; annealed 900C/3min salt bath; air cooled,Vacuum melting,1473.0,2.0,1173.0,50.0,60.0,1173.0,3.0,air cooling,300.0,10.0,15.0,,,,,tensile at selected strain rate,4.5,,0.63,0.37,Initial dual phase FCC+HCP; no elemental segregation at grain scale,6.5,,reported/estimated; dynamic includes +13 mJ/m2 adiabatic increase,,,,,,,,,,,1,1.0,,tested strain-rate condition; exact properties require digitization from Fig. 2/Table 1,,,,,,,,,,,,,,,,,,EBSD/TEM show deformation-induced martensite and reverse transformation depending on strain rate,TEM identifies deformation twins; dynamic loading makes twinning dominant at later strain,Tensile; DSC; dilatometry; SEM/EBSD; TEM,Yes,Abstract; Methods; Figs. 1-7; Table 1; discussion,Medium,Exact properties for intermediate strain rates should be digitized/checked from Table 1/Fig. 2; blanks intentionally retained.,,TRIP_TWIP_First5_FULL_EXTRACTION.xlsx,First5_Master_Extraction,,SAFE_QC_COMPLETE_MANUAL_REVIEW_REMAINS,True,EXPERIMENTAL_INDEPENDENT,REVIEW_REQUIRED,CANONICAL_OR_SAFE_ALIAS,P003_PE05,P003_MC05,OBS018,EXPERIMENTAL,INDEPENDENT_CONDITION,,0.0,HIGH,Distinct extracted condition retained as a conservative parent; no cross-row specimen linkage is documented.,,,,,,,,,,,,,,,,,,,,,,,,,,,,,,,,,,,,,,,,,,,,,,,,,,,,,,,,,,,,,,,,,,,,,,,,,,,,,,,,,,,,,,,,,,,,,,,,,,,,,,,,,,,,,,,,,,,,,,,,,,,,,,,,,,,,,,,,
P003,10.1016/j.msea.2020.138982,The effect of strain rate on mechanical properties and microstructure of a metastable FeMnCoCr high entropy alloy,P003_C06,P003_G01,P003_G01,Strain-rate tensile condition,Fe50Mn30Co10Cr10,Fe50Mn30Co10Cr10,at.%,50.0,30.0,10.0,10.0,0.0,,,,,,,,Vacuum cast in Ar; hot-forged 1200C; hot-rolled 900C 50%; solution 1200C/2h; cold-rolled 60%; annealed 900C/3min salt bath; air cooled,Vacuum melting,1473.0,2.0,1173.0,50.0,60.0,1173.0,3.0,air cooling,300.0,100.0,15.0,,,,,tensile at selected strain rate,4.5,,0.63,0.37,Initial dual phase FCC+HCP; no elemental segregation at grain scale,6.5,,reported/estimated; dynamic includes +13 mJ/m2 adiabatic increase,,,,,,,,,,,1,1.0,,tested strain-rate condition; exact properties require digitization from Fig. 2/Table 1,,,,,,,,,,,,,,,,,,EBSD/TEM show deformation-induced martensite and reverse transformation depending on strain rate,TEM identifies deformation twins; dynamic loading makes twinning dominant at later strain,Tensile; DSC; dilatometry; SEM/EBSD; TEM,Yes,Abstract; Methods; Figs. 1-7; Table 1; discussion,Medium,Exact properties for intermediate strain rates should be digitized/checked from Table 1/Fig. 2; blanks intentionally retained.,,TRIP_TWIP_First5_FULL_EXTRACTION.xlsx,First5_Master_Extraction,,SAFE_QC_COMPLETE_MANUAL_REVIEW_REMAINS,True,EXPERIMENTAL_INDEPENDENT,REVIEW_REQUIRED,CANONICAL_OR_SAFE_ALIAS,P003_PE06,P003_MC06,OBS019,EXPERIMENTAL,INDEPENDENT_CONDITION,,0.0,HIGH,Distinct extracted condition retained as a conservative parent; no cross-row specimen linkage is documented.,,,,,,,,,,,,,,,,,,,,,,,,,,,,,,,,,,,,,,,,,,,,,,,,,,,,,,,,,,,,,,,,,,,,,,,,,,,,,,,,,,,,,,,,,,,,,,,,,,,,,,,,,,,,,,,,,,,,,,,,,,,,,,,,,,,,,,,,
P003,10.1016/j.msea.2020.138982,The effect of strain rate on mechanical properties and microstructure of a metastable FeMnCoCr high entropy alloy,P003_C07,P003_G01,P003_G01,Strain-rate tensile condition,Fe50Mn30Co10Cr10,Fe50Mn30Co10Cr10,at.%,50.0,30.0,10.0,10.0,0.0,,,,,,,,Vacuum cast in Ar; hot-forged 1200C; hot-rolled 900C 50%; solution 1200C/2h; cold-rolled 60%; annealed 900C/3min salt bath; air cooled,Vacuum melting,1473.0,2.0,1173.0,50.0,60.0,1173.0,3.0,air cooling,300.0,1000.0,15.0,,,,,tensile at selected strain rate,4.5,,0.63,0.37,Initial dual phase FCC+HCP; no elemental segregation at grain scale,19.5,,reported/estimated; dynamic includes +13 mJ/m2 adiabatic increase,,,,,,,,,1.0,1.0,1,1.0,1,dynamic: low-strain TRIP then TWIP-dominant; reverse HCP→FCC,0.18,,,"At 50% cross-section reduction: HCP fraction 47%, 24%, 18% for 10^-3, 1, 10^3 s^-1 respectively",380.0,,810.0,,,,67.0,322,520,0.007,0.1,420,13,EBSD/TEM show deformation-induced martensite and reverse transformation depending on strain rate,TEM identifies deformation twins; dynamic loading makes twinning dominant at later strain,Tensile; DSC; dilatometry; SEM/EBSD; TEM,Yes,Abstract; Methods; Figs. 1-7; Table 1; discussion,High,Exact properties for intermediate strain rates should be digitized/checked from Table 1/Fig. 2; blanks intentionally retained.,,TRIP_TWIP_First5_FULL_EXTRACTION.xlsx,First5_Master_Extraction,,SAFE_QC_COMPLETE_MANUAL_REVIEW_REMAINS,True,EXPERIMENTAL_INDEPENDENT,REVIEW_REQUIRED,CANONICAL_OR_SAFE_ALIAS,P003_PE07,P003_MC07,OBS020,EXPERIMENTAL,INDEPENDENT_CONDITION,,0.0,HIGH,Distinct extracted condition retained as a conservative parent; no cross-row specimen linkage is documented.,,,,,,,,,,,,,,,,,,1.0,1.0,,,,,,,,,,,,,,,,,,,,,,,,,,,,,,,,,,,,,,,,,,,,,,,,,,,,,,,,,,,,,,,,,,,,,,,,,,,,,,,,,,,,,,,,,,,,,,,,,,,,,,,,,,,,,,,,,,,,,
P004,10.1016/j.msea.2026.150025,Sequential activation of TRIP and TWIP enables multi-stage hardening in a metastable FeMnCoCrN high-entropy alloy at elevated temperature,P004_C01,P004_G01,P004_G01,Interrupted strain stage,Fe46Mn35.5Co9Cr9N0.5,Fe46Mn35.5Co9Cr9N0.5 at.%; Fe45.8Mn35.4Co9.92Cr8.74N0.14 wt.%,at.%,46.0,35.5,9.0,9.0,0.0,0.5,,,,,,,Vacuum induction melting from 99.99% feedstock; two VAR cycles; as-cast; preheated 400C/10min before tensile,VIM + 2x VAR,,,,,,,,water quench immediately after deformation,673.0,0.001,25.0,,1.0,0.08,,Stage I,690.0,,1.0,0.0,single-phase FCC matrix with Fe/Mn partitioning and local metastability,,,,,,,,,,,,1.0,0.0,1,1.0,0,planar slip + early TRIP; HCP forms,0.22,,,HCP increased to ~22% by end of Stage I,,,,,,,,,,,,,,,XRD phase fraction + EBSD phase maps track FCC/HCP evolution,EBSD IPF/boundary/KAM maps; Σ3 twin boundaries and twin-twin interactions,XRD; EBSD phase/IPF/boundary/KAM/pole figure; EPMA; high-temperature tensile,Yes,Methods; Fig. 1-2; Results/discussion,High,,TRIP_TWIP_First5_FULL_EXTRACTION.xlsx,First5_Master_Extraction,,SAFE_QC_COMPLETE_MANUAL_REVIEW_REMAINS,True,EXPERIMENTAL_REPEATED_STAGE,REVIEW_REQUIRED,CANONICAL_OR_SAFE_ALIAS,P004_PE01,P004_MC01,OBS021,EXPERIMENTAL,REPEATED_STAGE,P004_MC01_DS01,0.0,HIGH,Extracted stage metadata identifies observations from one interrupted or in-situ tensile series.,,,,,,,,,,,,,,,,,,1.0,0.0,,,,,,,,,,,,,,,,,,,,,,,,,,,,,,,,,,,,,,,,,,,,,,,,,,,,,,,,,,,,,,,,,,,,,,,,,,,,,,,,,,,,,,,,,,,,,,,,,,,,,,,,,,,,,,,,,,,,,
P004,10.1016/j.msea.2026.150025,Sequential activation of TRIP and TWIP enables multi-stage hardening in a metastable FeMnCoCrN high-entropy alloy at elevated temperature,P004_C02,P004_G01,P004_G01,Interrupted strain stage,Fe46Mn35.5Co9Cr9N0.5,Fe46Mn35.5Co9Cr9N0.5 at.%; Fe45.8Mn35.4Co9.92Cr8.74N0.14 wt.%,at.%,46.0,35.5,9.0,9.0,0.0,0.5,,,,,,,Vacuum induction melting from 99.99% feedstock; two VAR cycles; as-cast; preheated 400C/10min before tensile,VIM + 2x VAR,,,,,,,,water quench immediately after deformation,673.0,0.001,25.0,,1.0,0.11,,Stage II,690.0,,1.0,0.0,single-phase FCC matrix with Fe/Mn partitioning and local metastability,,,,,,,,,,,,1.0,0.0,1,1.0,0,TRIP; HCP lath thickening; first WHR peak,0.37,,,HCP rises to ~37% by completion of Stage II,,,,,,,,,,,,,,,XRD phase fraction + EBSD phase maps track FCC/HCP evolution,EBSD IPF/boundary/KAM maps; Σ3 twin boundaries and twin-twin interactions,XRD; EBSD phase/IPF/boundary/KAM/pole figure; EPMA; high-temperature tensile,Yes,Methods; Fig. 1-2; Results/discussion,High,,TRIP_TWIP_First5_FULL_EXTRACTION.xlsx,First5_Master_Extraction,,SAFE_QC_COMPLETE_MANUAL_REVIEW_REMAINS,True,EXPERIMENTAL_REPEATED_STAGE,REVIEW_REQUIRED,CANONICAL_OR_SAFE_ALIAS,P004_PE01,P004_MC01,OBS022,EXPERIMENTAL,REPEATED_STAGE,P004_MC01_DS02,0.0,HIGH,Extracted stage metadata identifies observations from one interrupted or in-situ tensile series.,,,,,,,,,,,,,,,,,,1.0,0.0,,,,,,,,,,,,,,,,,,,,,,,,,,,,,,,,,,,,,,,,,,,,,,,,,,,,,,,,,,,,,,,,,,,,,,,,,,,,,,,,,,,,,,,,,,,,,,,,,,,,,,,,,,,,,,,,,,,,,
P004,10.1016/j.msea.2026.150025,Sequential activation of TRIP and TWIP enables multi-stage hardening in a metastable FeMnCoCrN high-entropy alloy at elevated temperature,P004_C03,P004_G01,P004_G01,Interrupted strain stage,Fe46Mn35.5Co9Cr9N0.5,Fe46Mn35.5Co9Cr9N0.5 at.%; Fe45.8Mn35.4Co9.92Cr8.74N0.14 wt.%,at.%,46.0,35.5,9.0,9.0,0.0,0.5,,,,,,,Vacuum induction melting from 99.99% feedstock; two VAR cycles; as-cast; preheated 400C/10min before tensile,VIM + 2x VAR,,,,,,,,water quench immediately after deformation,673.0,0.001,25.0,,1.0,0.18,,Stage III,690.0,,1.0,0.0,single-phase FCC matrix with Fe/Mn partitioning and local metastability,,,,,,,,,,,,1.0,1.0,1,1.0,1,TWIP initiation in untransformed FCC + partial HCP→FCC reversion,,,,moderate HCP reduction; twinning confirmed by Σ3 boundaries,,,,,,,,,,,,,,,XRD phase fraction + EBSD phase maps track FCC/HCP evolution,EBSD IPF/boundary/KAM maps; Σ3 twin boundaries and twin-twin interactions,XRD; EBSD phase/IPF/boundary/KAM/pole figure; EPMA; high-temperature tensile,Yes,Methods; Fig. 1-2; Results/discussion,High,,TRIP_TWIP_First5_FULL_EXTRACTION.xlsx,First5_Master_Extraction,,SAFE_QC_COMPLETE,False,EXPERIMENTAL_REPEATED_STAGE,NO_FLAG,CANONICAL_OR_SAFE_ALIAS,P004_PE01,P004_MC01,OBS023,EXPERIMENTAL,REPEATED_STAGE,P004_MC01_DS03,0.0,HIGH,Extracted stage metadata identifies observations from one interrupted or in-situ tensile series.,,,,,,,,,,,,,,,,,,1.0,1.0,,,,,,,,,,,,,,,,,,,,,,,,,,,,,,,,,,,,,,,,,,,,,,,,,,,,,,,,,,,,,,,,,,,,,,,,,,,,,,,,,,,,,,,,,,,,,,,,,,,,,,,,,,,,,,,,,,,,,
P004,10.1016/j.msea.2026.150025,Sequential activation of TRIP and TWIP enables multi-stage hardening in a metastable FeMnCoCrN high-entropy alloy at elevated temperature,P004_C04,P004_G01,P004_G01,Interrupted strain stage,Fe46Mn35.5Co9Cr9N0.5,Fe46Mn35.5Co9Cr9N0.5 at.%; Fe45.8Mn35.4Co9.92Cr8.74N0.14 wt.%,at.%,46.0,35.5,9.0,9.0,0.0,0.5,,,,,,,Vacuum induction melting from 99.99% feedstock; two VAR cycles; as-cast; preheated 400C/10min before tensile,VIM + 2x VAR,,,,,,,,water quench immediately after deformation,673.0,0.001,25.0,,1.0,0.26,,Stage IV,690.0,,1.0,0.0,single-phase FCC matrix with Fe/Mn partitioning and local metastability,,,,,,,,,,,,1.0,1.0,1,1.0,1,twin-twin interaction + grain fragmentation + partial reversion,,,,second WHR peak despite continued decrease in HCP fraction,,,,,,,,,,,,,,,XRD phase fraction + EBSD phase maps track FCC/HCP evolution,EBSD IPF/boundary/KAM maps; Σ3 twin boundaries and twin-twin interactions,XRD; EBSD phase/IPF/boundary/KAM/pole figure; EPMA; high-temperature tensile,Yes,Methods; Fig. 1-2; Results/discussion,High,,TRIP_TWIP_First5_FULL_EXTRACTION.xlsx,First5_Master_Extraction,,SAFE_QC_COMPLETE,False,EXPERIMENTAL_REPEATED_STAGE,NO_FLAG,CANONICAL_OR_SAFE_ALIAS,P004_PE01,P004_MC01,OBS024,EXPERIMENTAL,REPEATED_STAGE,P004_MC01_DS04,0.0,HIGH,Extracted stage metadata identifies observations from one interrupted or in-situ tensile series.,,,,,,,,,,,,,,,,,,1.0,1.0,,,,,,,,,,,,,,,,,,,,,,,,,,,,,,,,,,,,,,,,,,,,,,,,,,,,,,,,,,,,,,,,,,,,,,,,,,,,,,,,,,,,,,,,,,,,,,,,,,,,,,,,,,,,,,,,,,,,,
P004,10.1016/j.msea.2026.150025,Sequential activation of TRIP and TWIP enables multi-stage hardening in a metastable FeMnCoCrN high-entropy alloy at elevated temperature,P004_C05,P004_G01,P004_G01,Interrupted strain stage,Fe46Mn35.5Co9Cr9N0.5,Fe46Mn35.5Co9Cr9N0.5 at.%; Fe45.8Mn35.4Co9.92Cr8.74N0.14 wt.%,at.%,46.0,35.5,9.0,9.0,0.0,0.5,,,,,,,Vacuum induction melting from 99.99% feedstock; two VAR cycles; as-cast; preheated 400C/10min before tensile,VIM + 2x VAR,,,,,,,,water quench immediately after deformation,673.0,0.001,25.0,,1.0,0.3,,Stage V,690.0,,1.0,0.0,single-phase FCC matrix with Fe/Mn partitioning and local metastability,,,,,,,,,,,,1.0,1.0,1,1.0,1,TRIP + TWIP + reversion; HCP laths partially thicken but overall fraction decreases,,,,EBSD phase map at ε~0.30,,,,,,,,,,,,,,,XRD phase fraction + EBSD phase maps track FCC/HCP evolution,EBSD IPF/boundary/KAM maps; Σ3 twin boundaries and twin-twin interactions,XRD; EBSD phase/IPF/boundary/KAM/pole figure; EPMA; high-temperature tensile,Yes,Methods; Fig. 1-2; Results/discussion,High,,TRIP_TWIP_First5_FULL_EXTRACTION.xlsx,First5_Master_Extraction,,SAFE_QC_COMPLETE_MANUAL_REVIEW_REMAINS,True,EXPERIMENTAL_REPEATED_STAGE,REVIEW_REQUIRED,CANONICAL_OR_SAFE_ALIAS,P004_PE01,P004_MC01,OBS025,EXPERIMENTAL,REPEATED_STAGE,P004_MC01_DS05,0.0,HIGH,Extracted stage metadata identifies observations from one interrupted or in-situ tensile series.,,,,,,,,,,,,,,,,,,1.0,1.0,,,,,,,,,,,,,,,,,,,,,,,,,,,,,,,,,,,,,,,,,,,,,,,,,,,,,,,,,,,,,,,,,,,,,,,,,,,,,,,,,,,,,,,,,,,,,,,,,,,,,,,,,,,,,,,,,,,,,
P004,10.1016/j.msea.2026.150025,Sequential activation of TRIP and TWIP enables multi-stage hardening in a metastable FeMnCoCrN high-entropy alloy at elevated temperature,P004_C06,P004_G01,P004_G01,Interrupted strain stage,Fe46Mn35.5Co9Cr9N0.5,Fe46Mn35.5Co9Cr9N0.5 at.%; Fe45.8Mn35.4Co9.92Cr8.74N0.14 wt.%,at.%,46.0,35.5,9.0,9.0,0.0,0.5,,,,,,,Vacuum induction melting from 99.99% feedstock; two VAR cycles; as-cast; preheated 400C/10min before tensile,VIM + 2x VAR,,,,,,,,water quench immediately after deformation,673.0,0.001,25.0,,1.0,,,fracture/final,690.0,,1.0,0.0,single-phase FCC matrix with Fe/Mn partitioning and local metastability,,,,,,,,,,,,1.0,1.0,1,1.0,1,HCP fraction rises again at final strain; new martensite variants mostly from grain boundaries,,,,final strain level; exact strain not specified in extraction,,,,,,,,,,,,,,,XRD phase fraction + EBSD phase maps track FCC/HCP evolution,EBSD IPF/boundary/KAM maps; Σ3 twin boundaries and twin-twin interactions,XRD; EBSD phase/IPF/boundary/KAM/pole figure; EPMA; high-temperature tensile,Yes,Methods; Fig. 1-2; Results/discussion,High,,TRIP_TWIP_First5_FULL_EXTRACTION.xlsx,First5_Master_Extraction,,SAFE_QC_COMPLETE_MANUAL_REVIEW_REMAINS,True,EXPERIMENTAL_REPEATED_STAGE,REVIEW_REQUIRED,CANONICAL_OR_SAFE_ALIAS,P004_PE01,P004_MC01,OBS026,EXPERIMENTAL,REPEATED_STAGE,P004_MC01_DS06,0.0,HIGH,Extracted stage metadata identifies observations from one interrupted or in-situ tensile series.,,,,,,,,,,,,,,,,,,1.0,1.0,,,,,,,,,,,,,,,,,,,,,,,,,,,,,,,,,,,,,,,,,,,,,,,,,,,,,,,,,,,,,,,,,,,,,,,,,,,,,,,,,,,,,,,,,,,,,,,,,,,,,,,,,,,,,,,,,,,,,
P005,10.1016/j.actamat.2022.118049,Potential TRIP/TWIP coupled effects in equiatomic CrCoNi medium-entropy alloy,P005_C01,P005_G01,P005_G01,Interrupted strain microstructure,CrCoNi_equiatomic,Measured Cr33.9Co32.0Ni33.7 with trace Fe0.22Mn0.09Si0.06 at.%,at.%,0.22,0.09,32.0,33.9,33.7,,,,0.06,,,trace Fe/Mn/Si,Vacuum induction melting; hot rolled 1273K to 5 mm; cold rolled to 1 mm (>80% total deformation); annealed 1073K/1h,Vacuum induction melting,,,1273.0,,80.0,1073.0,60.0,,298.0,,30.0,6.0,1.0,0.02,,interrupted tensile,3.5,,1.0,0.0,fully recrystallized FCC/MEA with annealing twins,24.0,3.0,TEM/WBDF partial-dislocation separation,,,,87.0,0.3,,,,0.0,0.0,1,1.0,0,Planar dislocation slip; increased dislocation density; pile-ups at grain boundaries,,,,HCP/twins not yet observed,,,,,,,,,,,,,,,Atomic-resolution HAADF-STEM identifies HCP lamellae from ε≈0.1,TEM/SAED and HAADF-STEM identify three-layer twin embryos and numerous twins by ε≈0.2,SEM; BF-TEM; WBDF-TEM; HAADF-STEM; SAED; tensile curve,Yes,Figs. 1-10; SFE section; Experimental procedure,High,,TRIP_TWIP_First5_FULL_EXTRACTION.xlsx,First5_Master_Extraction,,SAFE_QC_COMPLETE_MANUAL_REVIEW_REMAINS,True,EXPERIMENTAL_REPEATED_STAGE,REVIEW_REQUIRED,CANONICAL_OR_SAFE_ALIAS,P005_PE01,P005_MC01,OBS027,EXPERIMENTAL,REPEATED_STAGE,P005_MC01_DS01,0.0,HIGH,Extracted stage metadata identifies observations from one interrupted or in-situ tensile series.,,,,,,,,,,,,,,,,,,0.0,0.0,,,,,,,,,,,,,,,,,,,,,,,,,,,,,,,,,,,,,,,,,,,,,,,,,,,,,,,,,,,,,,,,,,,,,,,,,,,,,,,,,,,,,,,,,,,,,,,,,,,,,,,,,,,,,,,,,,,,,
P005,10.1016/j.actamat.2022.118049,Potential TRIP/TWIP coupled effects in equiatomic CrCoNi medium-entropy alloy,P005_C02,P005_G01,P005_G01,Interrupted strain microstructure,CrCoNi_equiatomic,Measured Cr33.9Co32.0Ni33.7 with trace Fe0.22Mn0.09Si0.06 at.%,at.%,0.22,0.09,32.0,33.9,33.7,,,,0.06,,,trace Fe/Mn/Si,Vacuum induction melting; hot rolled 1273K to 5 mm; cold rolled to 1 mm (>80% total deformation); annealed 1073K/1h,Vacuum induction melting,,,1273.0,,80.0,1073.0,60.0,,298.0,,30.0,6.0,1.0,0.1,,interrupted tensile,3.5,,1.0,0.0,fully recrystallized FCC/MEA with annealing twins,24.0,3.0,TEM/WBDF partial-dislocation separation,,,,87.0,0.3,,,,1.0,1.0,1,1.0,0,High density stacking faults; extrinsic/intrinsic fault pairs; 3-layer twin embryos; 4/6/8-layer HCP lamellae,,,,HCP laths account for ~10% of planar defects including twins and HCP phase,,,,,,,,,,,,,,,Atomic-resolution HAADF-STEM identifies HCP lamellae from ε≈0.1,TEM/SAED and HAADF-STEM identify three-layer twin embryos and numerous twins by ε≈0.2,SEM; BF-TEM; WBDF-TEM; HAADF-STEM; SAED; tensile curve,Yes,Figs. 1-10; SFE section; Experimental procedure,High,,TRIP_TWIP_First5_FULL_EXTRACTION.xlsx,First5_Master_Extraction,,SAFE_QC_COMPLETE_MANUAL_REVIEW_REMAINS,True,EXPERIMENTAL_REPEATED_STAGE,REVIEW_REQUIRED,CANONICAL_OR_SAFE_ALIAS,P005_PE01,P005_MC01,OBS028,EXPERIMENTAL,REPEATED_STAGE,P005_MC01_DS02,0.0,HIGH,Extracted stage metadata identifies observations from one interrupted or in-situ tensile series.,,,,,,,,,,,,,,,,,,1.0,1.0,,,,,,,,,,,,,,,,,,,,,,,,,,,,,,,,,,,,,,,,,,,,,,,,,,,,,,,,,,,,,,,,,,,,,,,,,,,,,,,,,,,,,,,,,,,,,,,,,,,,,,,,,,,,,,,,,,,,,
P005,10.1016/j.actamat.2022.118049,Potential TRIP/TWIP coupled effects in equiatomic CrCoNi medium-entropy alloy,P005_C03,P005_G01,P005_G01,Interrupted strain microstructure,CrCoNi_equiatomic,Measured Cr33.9Co32.0Ni33.7 with trace Fe0.22Mn0.09Si0.06 at.%,at.%,0.22,0.09,32.0,33.9,33.7,,,,0.06,,,trace Fe/Mn/Si,Vacuum induction melting; hot rolled 1273K to 5 mm; cold rolled to 1 mm (>80% total deformation); annealed 1073K/1h,Vacuum induction melting,,,1273.0,,80.0,1073.0,60.0,,298.0,,30.0,6.0,1.0,0.2,,interrupted tensile,3.5,,1.0,0.0,fully recrystallized FCC/MEA with annealing twins,24.0,3.0,TEM/WBDF partial-dislocation separation,,,,87.0,0.3,,,,1.0,1.0,1,1.0,0,Numerous thin deformation twins; multiple twin systems in grains; HCP-twin overlap observed,,,5.4,average twin thickness ~5.4 ± 3 nm,,,,,,,,,,,,,,,Atomic-resolution HAADF-STEM identifies HCP lamellae from ε≈0.1,TEM/SAED and HAADF-STEM identify three-layer twin embryos and numerous twins by ε≈0.2,SEM; BF-TEM; WBDF-TEM; HAADF-STEM; SAED; tensile curve,Yes,Figs. 1-10; SFE section; Experimental procedure,High,,TRIP_TWIP_First5_FULL_EXTRACTION.xlsx,First5_Master_Extraction,,SAFE_QC_COMPLETE_MANUAL_REVIEW_REMAINS,True,EXPERIMENTAL_REPEATED_STAGE,REVIEW_REQUIRED,CANONICAL_OR_SAFE_ALIAS,P005_PE01,P005_MC01,OBS029,EXPERIMENTAL,REPEATED_STAGE,P005_MC01_DS03,0.0,HIGH,Extracted stage metadata identifies observations from one interrupted or in-situ tensile series.,,,,,,,,,,,,,,,,,,1.0,1.0,,,,,,,,,,,,,,,,,,,,,,,,,,,,,,,,,,,,,,,,,,,,,,,,,,,,,,,,,,,,,,,,,,,,,,,,,,,,,,,,,,,,,,,,,,,,,,,,,,,,,,,,,,,,,,,,,,,,,
P006,10.1016/j.scriptamat.2019.02.018,,P006_C01,P006_G01,P006_G01,Experimental + DFT/CALPHAD,CoCrMnNiFe_series,,at.%,20.0,20.0,20.0,20.0,20.0,,,,,,,,Arc melt; homogenize 1473K/5h; forge 50%; age 1273K/10min; roll 40%; age 1273K/6min,,1473.0,5.0,,,40.0,1273.0,6.0,,298.0,0.00015,,,,,,final tensile,,,1.0,0.0,,,,,87.0,Thermo-Calc at 300 K,,,,,,,,,1,,0,Reference equiatomic alloy; label not forced,,,,,,,,,,,,,,,,,,XRD/EBSD; TRIP explicitly identified for Ni15Fe10,EBSD; TWIP explicitly identified for Ni15Fe15,SEM/EBSD; XRD,Yes,Figs. 1-3; abstract/conclusions,Medium,0 K DFT ISFE is kept separate from finite-temperature experimental SFE. | 0 K DFT ISFE and finite-temperature thermodynamic ΔG retained separately.,"{""Derived_feature_status"": ""NA — reserved for later calculation; do not infer during raw extraction"", ""ISFE_DFT_0K_mJ_m2"": ""-72""}",TRIP_TWIP_P006_P010_FULL_EXTRACTION.xlsx,P006_P010_Master_Extraction,Data_role -> Row_Type | Composition_basis_original -> Composition_basis | Image_modalities -> Characterization_methods,SAFE_QC_COMPLETE_MANUAL_REVIEW_REMAINS,True,HYBRID_EXPERIMENTAL_COMPUTATIONAL,REVIEW_REQUIRED,SOURCE_HAS_UNMAPPED_FIELDS,P006_PE01,P006_MC_Ni20Fe20,OBS030,HYBRID,INDEPENDENT_CONDITION,,1.0,LOW,Specimen identity and condition-to-test-series linkage are absent from the extraction; verify them in the paper.,19.8,-72.0,87.0,199.0,565.0,74.0,,,,0.0,,,,"[{""feature"": ""Grain_size_um"", ""status"": ""VERIFIED"", ""page"": ""3"", ""figure"": ""Fig. 2a""}, {""feature"": ""ISFE_DFT_0K_mJ_m2"", ""status"": ""VERIFIED_METHOD_SPECIFIC"", ""page"": ""2"", ""figure"": ""Fig. 1c""}, {""feature"": ""DeltaG_FCC_HCP_300K_J_mol"", ""status"": ""VERIFIED_METHOD_SPECIFIC"", ""page"": ""3"", ""figure"": ""Fig. 1d""}, {""feature"": ""YS_MPa"", ""status"": ""VERIFIED"", ""page"": ""3"", ""figure"": ""Fig. 3""}, {""feature"": ""UTS_MPa"", ""status"": ""VERIFIED"", ""page"": ""3"", ""figure"": ""Fig. 3""}, {""feature"": ""Elongation_pct"", ""status"": ""VERIFIED"", ""page"": ""3"", ""figure"": ""Fig. 3""}, {""feature"": ""TRIP"", ""status"": ""VERIFIED_TARGET_EVIDENCE"", ""page"": ""3"", ""figure"": ""Fig. 4b""}]",,,,0.0,,P006_SERIES01,P006_MAT_Ni20Fe20,,,P006_SERIES01,P006_MAT_Ni20Fe20,RESOLVED_AT_MATERIAL_LEVEL,No evidence of averaging/replicate statistics in source,P006_MC_Ni20Fe20,,,,,,,,,,,,,,,,,,,,,,,,,,,,,,,,,,,,,,,,,,,,,,,,,,,,,,,,,,,,,,,,,,,,,,,,,,,,,,,,,,,,,,,,,,,,,,,,,,,,,,,,,,,,
P006,10.1016/j.scriptamat.2019.02.018,,P006_C02,P006_G01,P006_G01,Experimental + DFT/CALPHAD,CoCrMnNiFe_series,,at.%,15.0,15.0,35.0,20.0,15.0,,,,,,,,Arc melt; homogenize 1473K/5h; forge 50%; age 1273K/10min; roll 40%; age 1273K/6min,,1473.0,5.0,,,40.0,1273.0,6.0,,298.0,0.00015,,,,,,final tensile,,,1.0,0.0,,,,,-34.0,Thermo-Calc at 300 K,,,,,,,0.0,1.0,1,,0,TWIP-dominant,,,,,,,,,,,,,,,,,,XRD/EBSD; TRIP explicitly identified for Ni15Fe10,EBSD; TWIP explicitly identified for Ni15Fe15,SEM/EBSD; XRD,Yes,Figs. 1-3; abstract/conclusions,High,0 K DFT ISFE is kept separate from finite-temperature experimental SFE. | 0 K DFT ISFE and finite-temperature thermodynamic ΔG retained separately.,"{""Derived_feature_status"": ""NA — reserved for later calculation; do not infer during raw extraction"", ""ISFE_DFT_0K_mJ_m2"": ""-75""}",TRIP_TWIP_P006_P010_FULL_EXTRACTION.xlsx,P006_P010_Master_Extraction,Data_role -> Row_Type | Composition_basis_original -> Composition_basis | Image_modalities -> Characterization_methods,SAFE_QC_COMPLETE,False,HYBRID_EXPERIMENTAL_COMPUTATIONAL,NO_FLAG,SOURCE_HAS_UNMAPPED_FIELDS,P006_PE02,P006_MC_Ni15Fe15,OBS031,HYBRID,INDEPENDENT_CONDITION,,1.0,LOW,Specimen identity and condition-to-test-series linkage are absent from the extraction; verify them in the paper.,16.3,-75.0,-34.0,231.0,688.0,96.0,,,,0.0,1.0,,,"[{""feature"": ""Grain_size_um"", ""status"": ""VERIFIED"", ""page"": ""3"", ""figure"": ""Fig. 2b""}, {""feature"": ""ISFE_DFT_0K_mJ_m2"", ""status"": ""VERIFIED_METHOD_SPECIFIC"", ""page"": ""2"", ""figure"": ""Fig. 1c""}, {""feature"": ""DeltaG_FCC_HCP_300K_J_mol"", ""status"": ""VERIFIED_METHOD_SPECIFIC"", ""page"": ""3"", ""figure"": ""Fig. 1d""}, {""feature"": ""YS_MPa"", ""status"": ""VERIFIED"", ""page"": ""3"", ""figure"": ""Fig. 3""}, {""feature"": ""UTS_MPa"", ""status"": ""VERIFIED"", ""page"": ""3"", ""figure"": ""Fig. 3""}, {""feature"": ""Elongation_pct"", ""status"": ""VERIFIED"", ""page"": ""3"", ""figure"": ""Fig. 3""}, {""feature"": ""TRIP"", ""status"": ""VERIFIED_TARGET_EVIDENCE"", ""page"": ""3"", ""figure"": ""Fig. 4b""}, {""feature"": ""TWIP"", ""status"": ""VERIFIED_TARGET_EVIDENCE"", ""page"": ""3"", ""figure"": ""Fig. 4c""}]",,,,0.0,1.0,P006_SERIES01,P006_MAT_Ni15Fe15,,,P006_SERIES01,P006_MAT_Ni15Fe15,RESOLVED_AT_MATERIAL_LEVEL,No evidence of averaging/replicate statistics in source,P006_MC_Ni15Fe15,,,,,,,,,,,,,,,,,,,,,,,,,,,,,,,,,,,,,,,,,,,,,,,,,,,,,,,,,,,,,,,,,,,,,,,,,,,,,,,,,,,,,,,,,,,,,,,,,,,,,,,,,,,,
P006,10.1016/j.scriptamat.2019.02.018,,P006_C03,P006_G01,P006_G01,Experimental + DFT/CALPHAD,CoCrMnNiFe_series,,at.%,10.0,15.0,35.0,25.0,15.0,,,,,,,,Arc melt; homogenize 1473K/5h; forge 50%; age 1273K/10min; roll 40%; age 1273K/6min,,1473.0,5.0,,,40.0,1273.0,6.0,,298.0,0.00015,,,,,,final tensile,,,1.0,0.0,,,,,-276.0,Thermo-Calc at 300 K,,,,,,,1.0,0.0,1,,0,TRIP-dominant,,,,,,,,,,,,,,,,,,XRD/EBSD; TRIP explicitly identified for Ni15Fe10,EBSD; TWIP explicitly identified for Ni15Fe15,SEM/EBSD; XRD,Yes,Figs. 1-3; abstract/conclusions,High,0 K DFT ISFE is kept separate from finite-temperature experimental SFE. | 0 K DFT ISFE and finite-temperature thermodynamic ΔG retained separately.,"{""Derived_feature_status"": ""NA — reserved for later calculation; do not infer during raw extraction"", ""ISFE_DFT_0K_mJ_m2"": ""-87""}",TRIP_TWIP_P006_P010_FULL_EXTRACTION.xlsx,P006_P010_Master_Extraction,Data_role -> Row_Type | Composition_basis_original -> Composition_basis | Image_modalities -> Characterization_methods,SAFE_QC_COMPLETE,False,HYBRID_EXPERIMENTAL_COMPUTATIONAL,NO_FLAG,SOURCE_HAS_UNMAPPED_FIELDS,P006_PE03,P006_MC_Ni15Fe10,OBS032,HYBRID,INDEPENDENT_CONDITION,,1.0,LOW,Specimen identity and condition-to-test-series linkage are absent from the extraction; verify them in the paper.,11.2,-87.0,-276.0,305.0,806.0,76.0,,,,1.0,,,,"[{""feature"": ""Grain_size_um"", ""status"": ""VERIFIED"", ""page"": ""3"", ""figure"": ""Fig. 2c""}, {""feature"": ""ISFE_DFT_0K_mJ_m2"", ""status"": ""VERIFIED_METHOD_SPECIFIC"", ""page"": ""2"", ""figure"": ""Fig. 1c""}, {""feature"": ""DeltaG_FCC_HCP_300K_J_mol"", ""status"": ""VERIFIED_METHOD_SPECIFIC"", ""page"": ""3"", ""figure"": ""Fig. 1d""}, {""feature"": ""YS_MPa"", ""status"": ""VERIFIED"", ""page"": ""3"", ""figure"": ""Fig. 3""}, {""feature"": ""UTS_MPa"", ""status"": ""VERIFIED"", ""page"": ""3"", ""figure"": ""Fig. 3""}, {""feature"": ""Elongation_pct"", ""status"": ""VERIFIED"", ""page"": ""3"", ""figure"": ""Fig. 3""}, {""feature"": ""TRIP"", ""status"": ""VERIFIED_TARGET_EVIDENCE"", ""page"": ""3"", ""figure"": ""Fig. 4b,d,e""}]",,INVALIDATE_TO_NA,,1.0,,P006_SERIES01,P006_MAT_Ni15Fe10,,,P006_SERIES01,P006_MAT_Ni15Fe10,RESOLVED_AT_MATERIAL_LEVEL,No evidence of averaging/replicate statistics in source,P006_MC_Ni15Fe10,,,,,,,,,,,,,,,,,,,,,,,,,,,,,,,,,,,,,,,,,,,,,,,,,,,,,,,,,,,,,,,,,,,,,,,,,,,,,,,,,,,,,,,,,,,,,,,,,,,,,,,,,,,,
P007,10.1016/j.actamat.2022.117974,,P007_C01,P007_G01,P007_G01,Experimental,Fe49.5Mn30Co10Cr10C0.2Ti0.1V0.1Mo0.1,,at.%,49.78,29.86,9.88,9.91,,,0.23,0.12,,0.12,0.11,,VIM; homogenize 1200C/2h; hot roll; cold roll 50%; anneal 600C,,1473.0,2.0,,,50.0,873.0,60.0,,298.0,0.001,,,,,,final tensile,1.4,,1.0,,,,,,,,,,,,,,1.0,1.0,1,,0,Dislocation slip + TWIP + TRIP,,,,,916.0,,1103.0,,33.0,,,,,,,,,TEM/XRD evidence for deformation-induced ε and reverse transformation,TEM deformation twins for short annealing times,XRD; BSE; EBSD/GOS/KAM; TEM; STEM-EDS,Yes,"Table 3; Figs. 3,5-10; conclusions",High,"Average grain size ~1.3–1.5 µm across series. Initial ε ~0.8% at 10 h and ~2.2% at 72 h. | Hierarchical precipitates; longer annealing activates multi-variant ε, ε→γ reversion and sequential γ→ε→γ→ε transformation.","{""Derived_feature_status"": ""NA — reserved for later calculation; do not infer during raw extraction"", ""Precipitate_types"": ""σ phase; Cr-rich MC-type carbides; nanoscale (Ti,V,Mo)C""}",TRIP_TWIP_P006_P010_FULL_EXTRACTION.xlsx,P006_P010_Master_Extraction,Data_role -> Row_Type | Composition_basis_original -> Composition_basis | Image_modalities -> Characterization_methods,SAFE_QC_COMPLETE,False,EXPERIMENTAL_INDEPENDENT,NO_FLAG,SOURCE_HAS_UNMAPPED_FIELDS,P007_PE01,P007_MC_A600_1h,OBS033,EXPERIMENTAL,INDEPENDENT_CONDITION,,1.0,LOW,Specimen identity and condition-to-test-series linkage are absent from the extraction; verify them in the paper.,,,,916.0,1103.0,33.0,25.0,1.0,0.0,1.0,1.0,,,"[{""feature"": ""YS_MPa"", ""status"": ""VERIFIED"", ""page"": ""pp. 2,4–7,12; Figs. 1,3,5,6,9; Table 3"", ""figure"": """"}, {""feature"": ""UTS_MPa"", ""status"": ""VERIFIED"", ""page"": ""pp. 2,4–7,12; Figs. 1,3,5,6,9; Table 3"", ""figure"": """"}, {""feature"": ""Uniform_elongation_pct"", ""status"": ""VERIFIED"", ""page"": ""pp. 2,4–7,12; Figs. 1,3,5,6,9; Table 3"", ""figure"": """"}, {""feature"": ""Elongation_pct"", ""status"": ""VERIFIED"", ""page"": ""pp. 2,4–7,12; Figs. 1,3,5,6,9; Table 3"", ""figure"": """"}, {""feature"": ""Initial_FCC_fraction"", ""status"": ""VERIFIED"", ""page"": ""pp. 2,4–7,12; Figs. 1,3,5,6,9; Table 3"", ""figure"": """"}, {""feature"": ""Initial_HCP_fraction"", ""status"": ""VERIFIED"", ""page"": ""pp. 2,4–7,12; Figs. 1,3,5,6,9; Table 3"", ""figure"": """"}, {""feature"": ""TRIP"", ""status"": ""VERIFIED_TARGET_EVIDENCE"", ""page"": ""pp. 2,4–7,12; Figs. 1,3,5,6,9; Table 3"", ""figure"": """"}, {""feature"": ""TWIP"", ""status"": ""VERIFIED_TARGET_EVIDENCE"", ""page"": ""pp. 2,4–7,12; Figs. 1,3,5,6,9; Table 3"", ""figure"": """"}]",,,,1.0,1.0,P007_SERIES01,P007_MAT01,,,P007_SERIES01,P007_MAT01,RESOLVED_AS_SHARED_MATERIAL_SERIES_BATCH_UNKNOWN,REPORTED_AGGREGATE_MEAN_WITH_UNCERTAINTY; replicate n not reported,P007_MC_A600_1h,916.0,5.0,1103.0,9.0,33.0,2.0,25.0,1.0,,UNKNOWN_REPORTED_PM,,,,,,,,,,,,,,,,,,,,,,,,,,,,,,,,,,,,,,,,,,,,,,,,,,,,,,,,,,,,,,,,,,,,,,,,,,,,,,,,,,,,,,,,,,,,,,,,,,
P007,10.1016/j.actamat.2022.117974,,P007_C02,P007_G01,P007_G01,Experimental,Fe49.5Mn30Co10Cr10C0.2Ti0.1V0.1Mo0.1,,at.%,49.78,29.86,9.88,9.91,,,0.23,0.12,,0.12,0.11,,VIM; homogenize 1200C/2h; hot roll; cold roll 50%; anneal 600C,,1473.0,2.0,,,50.0,873.0,120.0,,298.0,0.001,,,,,,final tensile,1.4,,1.0,,,,,,,,,,,,,,1.0,1.0,1,,0,Dislocation slip + TWIP + TRIP,,,,,822.0,,1079.0,,42.0,,,,,,,,,TEM/XRD evidence for deformation-induced ε and reverse transformation,TEM deformation twins for short annealing times,XRD; BSE; EBSD/GOS/KAM; TEM; STEM-EDS,Yes,"Table 3; Figs. 3,5-10; conclusions",High,"Average grain size ~1.3–1.5 µm across series. Initial ε ~0.8% at 10 h and ~2.2% at 72 h. | Hierarchical precipitates; longer annealing activates multi-variant ε, ε→γ reversion and sequential γ→ε→γ→ε transformation.","{""Derived_feature_status"": ""NA — reserved for later calculation; do not infer during raw extraction"", ""Precipitate_types"": ""σ phase; Cr-rich MC-type carbides; nanoscale (Ti,V,Mo)C""}",TRIP_TWIP_P006_P010_FULL_EXTRACTION.xlsx,P006_P010_Master_Extraction,Data_role -> Row_Type | Composition_basis_original -> Composition_basis | Image_modalities -> Characterization_methods,SAFE_QC_COMPLETE,False,EXPERIMENTAL_INDEPENDENT,NO_FLAG,SOURCE_HAS_UNMAPPED_FIELDS,P007_PE02,P007_MC_A600_2h,OBS034,EXPERIMENTAL,INDEPENDENT_CONDITION,,1.0,LOW,Specimen identity and condition-to-test-series linkage are absent from the extraction; verify them in the paper.,,,,822.0,1079.0,42.0,33.0,1.0,0.0,1.0,1.0,,,"[{""feature"": ""YS_MPa"", ""status"": ""VERIFIED"", ""page"": ""pp. 2,4–7,12; Figs. 1,3,5,6,9; Table 3"", ""figure"": """"}, {""feature"": ""UTS_MPa"", ""status"": ""VERIFIED"", ""page"": ""pp. 2,4–7,12; Figs. 1,3,5,6,9; Table 3"", ""figure"": """"}, {""feature"": ""Uniform_elongation_pct"", ""status"": ""VERIFIED"", ""page"": ""pp. 2,4–7,12; Figs. 1,3,5,6,9; Table 3"", ""figure"": """"}, {""feature"": ""Elongation_pct"", ""status"": ""VERIFIED"", ""page"": ""pp. 2,4–7,12; Figs. 1,3,5,6,9; Table 3"", ""figure"": """"}, {""feature"": ""Initial_FCC_fraction"", ""status"": ""VERIFIED"", ""page"": ""pp. 2,4–7,12; Figs. 1,3,5,6,9; Table 3"", ""figure"": """"}, {""feature"": ""Initial_HCP_fraction"", ""status"": ""VERIFIED"", ""page"": ""pp. 2,4–7,12; Figs. 1,3,5,6,9; Table 3"", ""figure"": """"}, {""feature"": ""TRIP"", ""status"": ""VERIFIED_TARGET_EVIDENCE"", ""page"": ""pp. 2,4–7,12; Figs. 1,3,5,6,9; Table 3"", ""figure"": """"}, {""feature"": ""TWIP"", ""status"": ""VERIFIED_TARGET_EVIDENCE"", ""page"": ""pp. 2,4–7,12; Figs. 1,3,5,6,9; Table 3"", ""figure"": """"}]",,,,1.0,1.0,P007_SERIES01,P007_MAT01,,,P007_SERIES01,P007_MAT01,RESOLVED_AS_SHARED_MATERIAL_SERIES_BATCH_UNKNOWN,REPORTED_AGGREGATE_MEAN_WITH_UNCERTAINTY; replicate n not reported,P007_MC_A600_2h,822.0,9.0,1079.0,6.0,42.0,3.0,33.0,3.0,,UNKNOWN_REPORTED_PM,,,,,,,,,,,,,,,,,,,,,,,,,,,,,,,,,,,,,,,,,,,,,,,,,,,,,,,,,,,,,,,,,,,,,,,,,,,,,,,,,,,,,,,,,,,,,,,,,,
P007,10.1016/j.actamat.2022.117974,,P007_C03,P007_G01,P007_G01,Experimental,Fe49.5Mn30Co10Cr10C0.2Ti0.1V0.1Mo0.1,,at.%,49.78,29.86,9.88,9.91,,,0.23,0.12,,0.12,0.11,,VIM; homogenize 1200C/2h; hot roll; cold roll 50%; anneal 600C,,1473.0,2.0,,,50.0,873.0,300.0,,298.0,0.001,,,,,,final tensile,1.4,,1.0,,,,,,,,,,,,,,,,1,,,Mechanism transition; exact class to verify,,,,,735.0,,1038.0,,43.0,,,,,,,,,TEM/XRD evidence for deformation-induced ε and reverse transformation,TEM deformation twins for short annealing times,XRD; BSE; EBSD/GOS/KAM; TEM; STEM-EDS,Yes,"Table 3; Figs. 3,5-10; conclusions",Medium,"Average grain size ~1.3–1.5 µm across series. Initial ε ~0.8% at 10 h and ~2.2% at 72 h. | Hierarchical precipitates; longer annealing activates multi-variant ε, ε→γ reversion and sequential γ→ε→γ→ε transformation.","{""Derived_feature_status"": ""NA — reserved for later calculation; do not infer during raw extraction"", ""Precipitate_types"": ""σ phase; Cr-rich MC-type carbides; nanoscale (Ti,V,Mo)C""}",TRIP_TWIP_P006_P010_FULL_EXTRACTION.xlsx,P006_P010_Master_Extraction,Data_role -> Row_Type | Composition_basis_original -> Composition_basis | Image_modalities -> Characterization_methods,SAFE_QC_COMPLETE_MANUAL_REVIEW_REMAINS,True,EXPERIMENTAL_INDEPENDENT,REVIEW_REQUIRED,SOURCE_HAS_UNMAPPED_FIELDS,P007_PE03,P007_MC_A600_5h,OBS035,EXPERIMENTAL,INDEPENDENT_CONDITION,,1.0,LOW,Specimen identity and condition-to-test-series linkage are absent from the extraction; verify them in the paper.,,,,735.0,1038.0,43.0,36.0,1.0,0.0,,,,,"[{""feature"": ""YS_MPa"", ""status"": ""VERIFIED"", ""page"": ""pp. 2,4–6,9,12; Figs. 1,3,5,9; Table 3"", ""figure"": """"}, {""feature"": ""UTS_MPa"", ""status"": ""VERIFIED"", ""page"": ""pp. 2,4–6,9,12; Figs. 1,3,5,9; Table 3"", ""figure"": """"}, {""feature"": ""Uniform_elongation_pct"", ""status"": ""VERIFIED"", ""page"": ""pp. 2,4–6,9,12; Figs. 1,3,5,9; Table 3"", ""figure"": """"}, {""feature"": ""Elongation_pct"", ""status"": ""VERIFIED"", ""page"": ""pp. 2,4–6,9,12; Figs. 1,3,5,9; Table 3"", ""figure"": """"}, {""feature"": ""Initial_FCC_fraction"", ""status"": ""VERIFIED"", ""page"": ""pp. 2,4–6,9,12; Figs. 1,3,5,9; Table 3"", ""figure"": """"}, {""feature"": ""Initial_HCP_fraction"", ""status"": ""VERIFIED"", ""page"": ""pp. 2,4–6,9,12; Figs. 1,3,5,9; Table 3"", ""figure"": """"}]",,,,,,P007_SERIES01,P007_MAT01,,,P007_SERIES01,P007_MAT01,RESOLVED_AS_SHARED_MATERIAL_SERIES_BATCH_UNKNOWN,REPORTED_AGGREGATE_MEAN_WITH_UNCERTAINTY; replicate n not reported,P007_MC_A600_5h,735.0,6.0,1038.0,15.0,43.0,0.0,36.0,1.0,,UNKNOWN_REPORTED_PM,,,,,,,,,,,,,,,,,,,,,,,,,,,,,,,,,,,,,,,,,,,,,,,,,,,,,,,,,,,,,,,,,,,,,,,,,,,,,,,,,,,,,,,,,,,,,,,,,,
P007,10.1016/j.actamat.2022.117974,,P007_C04,P007_G01,P007_G01,Experimental,Fe49.5Mn30Co10Cr10C0.2Ti0.1V0.1Mo0.1,,at.%,49.78,29.86,9.88,9.91,,,0.23,0.12,,0.12,0.11,,VIM; homogenize 1200C/2h; hot roll; cold roll 50%; anneal 600C,,1473.0,2.0,,,50.0,873.0,600.0,,298.0,0.001,,,,,,final tensile,1.4,,1.0,,,,,,,,,,,,,,1.0,,1,,1,Multi-variant ε + reverse transformation + sequential transformation,,,,,699.0,,1041.0,,45.0,,,,,,,,,TEM/XRD evidence for deformation-induced ε and reverse transformation,TEM deformation twins for short annealing times,XRD; BSE; EBSD/GOS/KAM; TEM; STEM-EDS,Yes,"Table 3; Figs. 3,5-10; conclusions",High,"Average grain size ~1.3–1.5 µm across series. Initial ε ~0.8% at 10 h and ~2.2% at 72 h. | Hierarchical precipitates; longer annealing activates multi-variant ε, ε→γ reversion and sequential γ→ε→γ→ε transformation.","{""Derived_feature_status"": ""NA — reserved for later calculation; do not infer during raw extraction"", ""Precipitate_types"": ""σ phase; Cr-rich MC-type carbides; nanoscale (Ti,V,Mo)C""}",TRIP_TWIP_P006_P010_FULL_EXTRACTION.xlsx,P006_P010_Master_Extraction,Data_role -> Row_Type | Composition_basis_original -> Composition_basis | Image_modalities -> Characterization_methods,SAFE_QC_COMPLETE_MANUAL_REVIEW_REMAINS,True,EXPERIMENTAL_INDEPENDENT,REVIEW_REQUIRED,SOURCE_HAS_UNMAPPED_FIELDS,P007_PE04,P007_MC_A600_10h,OBS036,EXPERIMENTAL,INDEPENDENT_CONDITION,,1.0,LOW,Specimen identity and condition-to-test-series linkage are absent from the extraction; verify them in the paper.,,,,699.0,1041.0,45.0,37.0,0.992,0.008,1.0,0.0,,,"[{""feature"": ""YS_MPa"", ""status"": ""VERIFIED"", ""page"": ""pp. 5,7–9,12; Figs. 5,7,9; Table 3"", ""figure"": """"}, {""feature"": ""UTS_MPa"", ""status"": ""VERIFIED"", ""page"": ""pp. 5,7–9,12; Figs. 5,7,9; Table 3"", ""figure"": """"}, {""feature"": ""Uniform_elongation_pct"", ""status"": ""VERIFIED"", ""page"": ""pp. 5,7–9,12; Figs. 5,7,9; Table 3"", ""figure"": """"}, {""feature"": ""Elongation_pct"", ""status"": ""VERIFIED"", ""page"": ""pp. 5,7–9,12; Figs. 5,7,9; Table 3"", ""figure"": """"}, {""feature"": ""Initial_FCC_fraction"", ""status"": ""VERIFIED"", ""page"": ""pp. 5,7–9,12; Figs. 5,7,9; Table 3"", ""figure"": """"}, {""feature"": ""Initial_HCP_fraction"", ""status"": ""VERIFIED"", ""page"": ""pp. 5,7–9,12; Figs. 5,7,9; Table 3"", ""figure"": """"}, {""feature"": ""TRIP"", ""status"": ""VERIFIED_TARGET_EVIDENCE"", ""page"": ""pp. 5,7–9,12; Figs. 5,7,9; Table 3"", ""figure"": """"}, {""feature"": ""TWIP"", ""status"": ""VERIFIED_TARGET_EVIDENCE"", ""page"": ""pp. 5,7–9,12; Figs. 5,7,9; Table 3"", ""figure"": """"}]",,,,1.0,0.0,P007_SERIES01,P007_MAT01,,,P007_SERIES01,P007_MAT01,RESOLVED_AS_SHARED_MATERIAL_SERIES_BATCH_UNKNOWN,REPORTED_AGGREGATE_MEAN_WITH_UNCERTAINTY; replicate n not reported,P007_MC_A600_10h,699.0,1.0,1041.0,18.0,45.0,2.0,37.0,1.0,,UNKNOWN_REPORTED_PM,,,,,,,,,,,,,,,,,,,,,,,,,,,,,,,,,,,,,,,,,,,,,,,,,,,,,,,,,,,,,,,,,,,,,,,,,,,,,,,,,,,,,,,,,,,,,,,,,,
P007,10.1016/j.actamat.2022.117974,,P007_C05,P007_G01,P007_G01,Experimental,Fe49.5Mn30Co10Cr10C0.2Ti0.1V0.1Mo0.1,,at.%,49.78,29.86,9.88,9.91,,,0.23,0.12,,0.12,0.11,,VIM; homogenize 1200C/2h; hot roll; cold roll 50%; anneal 600C,,1473.0,2.0,,,50.0,873.0,4320.0,,298.0,0.001,,,,,,final tensile,1.4,,1.0,,,,,,,,,,,,,,1.0,,1,,1,Multi-variant ε + reverse transformation + sequential transformation,,,,,689.0,,1077.0,,37.0,,,,,,,,,TEM/XRD evidence for deformation-induced ε and reverse transformation,TEM deformation twins for short annealing times,XRD; BSE; EBSD/GOS/KAM; TEM; STEM-EDS,Yes,"Table 3; Figs. 3,5-10; conclusions",High,"Average grain size ~1.3–1.5 µm across series. Initial ε ~0.8% at 10 h and ~2.2% at 72 h. | Hierarchical precipitates; longer annealing activates multi-variant ε, ε→γ reversion and sequential γ→ε→γ→ε transformation.","{""Derived_feature_status"": ""NA — reserved for later calculation; do not infer during raw extraction"", ""Precipitate_types"": ""σ phase; Cr-rich MC-type carbides; nanoscale (Ti,V,Mo)C""}",TRIP_TWIP_P006_P010_FULL_EXTRACTION.xlsx,P006_P010_Master_Extraction,Data_role -> Row_Type | Composition_basis_original -> Composition_basis | Image_modalities -> Characterization_methods,SAFE_QC_COMPLETE_MANUAL_REVIEW_REMAINS,True,EXPERIMENTAL_INDEPENDENT,REVIEW_REQUIRED,SOURCE_HAS_UNMAPPED_FIELDS,P007_PE05,P007_MC_A600_72h,OBS037,EXPERIMENTAL,INDEPENDENT_CONDITION,,1.0,LOW,Specimen identity and condition-to-test-series linkage are absent from the extraction; verify them in the paper.,,,,689.0,1077.0,37.0,33.0,0.978,0.022,1.0,1.0,0.7,,"[{""feature"": ""YS_MPa"", ""status"": ""VERIFIED"", ""page"": ""pp. 5,8–10,12; Figs. 5,8–10; Table 3"", ""figure"": """"}, {""feature"": ""UTS_MPa"", ""status"": ""VERIFIED"", ""page"": ""pp. 5,8–10,12; Figs. 5,8–10; Table 3"", ""figure"": """"}, {""feature"": ""Uniform_elongation_pct"", ""status"": ""VERIFIED"", ""page"": ""pp. 5,8–10,12; Figs. 5,8–10; Table 3"", ""figure"": """"}, {""feature"": ""Elongation_pct"", ""status"": ""VERIFIED"", ""page"": ""pp. 5,8–10,12; Figs. 5,8–10; Table 3"", ""figure"": """"}, {""feature"": ""Initial_FCC_fraction"", ""status"": ""VERIFIED"", ""page"": ""pp. 5,8–10,12; Figs. 5,8–10; Table 3"", ""figure"": """"}, {""feature"": ""Initial_HCP_fraction"", ""status"": ""VERIFIED"", ""page"": ""pp. 5,8–10,12; Figs. 5,8–10; Table 3"", ""figure"": """"}, {""feature"": ""TRIP"", ""status"": ""VERIFIED_TARGET_EVIDENCE"", ""page"": ""pp. 5,8–10,12; Figs. 5,8–10; Table 3"", ""figure"": """"}, {""feature"": ""TWIP"", ""status"": ""VERIFIED_TARGET_EVIDENCE"", ""page"": ""pp. 5,8–10,12; Figs. 5,8–10; Table 3"", ""figure"": """"}, {""feature"": ""Recrystallized_fraction"", ""status"": ""APPROX_REPORTED"", ""page"": ""pp. 5,8–10,12; Figs. 5,8–10; Table 3"", ""figure"": """"}]",,,,1.0,1.0,P007_SERIES01,P007_MAT01,,,P007_SERIES01,P007_MAT01,RESOLVED_AS_SHARED_MATERIAL_SERIES_BATCH_UNKNOWN,REPORTED_AGGREGATE_MEAN_WITH_UNCERTAINTY; replicate n not reported,P007_MC_A600_72h,689.0,43.0,1077.0,21.0,37.0,2.0,33.0,2.0,,UNKNOWN_REPORTED_PM,,,,,,,,,,,,,,,,,,,,,,,,,,,,,,,,,,,,,,,,,,,,,,,,,,,,,,,,,,,,,,,,,,,,,,,,,,,,,,,,,,,,,,,,,,,,,,,,,,
P008,10.1016/j.ijplas.2021.102965,,P008_C01,P008_G01,P008_G01,Experimental,Fe49.6Mn30.0Co10.0Cr10.4,,at.%,49.6,30.0,10.0,10.4,,,,,,,,,Base alloy reference; thermomechanically processed,,1473.0,2.0,,,60.0,,,,298.0,0.001,,,,,,final tensile,,,,,,,,,,,,,,,,,1.0,,1,,,Martensitic-transformation-dominant base alloy,,,,,210.0,,,,,,,,,,,,,Paper states base alloy dominated by martensitic transformation,Not assigned until condition-specific twin evidence is extracted,SEM; EBSD; TEM; XRD,Yes,Abstract + methods + mechanism comparison,Medium,YS ~210 MPa inferred from statement that N2.6 raises YS from 210 to 1310 MPa. | Heavy N doping changes dominant deformation from martensitic transformation to twinning.,"{""Derived_feature_status"": ""NA — reserved for later calculation; do not infer during raw extraction""}",TRIP_TWIP_P006_P010_FULL_EXTRACTION.xlsx,P006_P010_Master_Extraction,Data_role -> Row_Type | Composition_basis_original -> Composition_basis | Image_modalities -> Characterization_methods,SAFE_QC_COMPLETE_MANUAL_REVIEW_REMAINS,True,EXPERIMENTAL_INDEPENDENT,REVIEW_REQUIRED,SOURCE_HAS_UNMAPPED_FIELDS,P008_PE01,P008_MC01,OBS038,EXPERIMENTAL,INDEPENDENT_CONDITION,,0.0,HIGH,Distinct extracted condition retained as a conservative parent; no cross-row specimen linkage is documented.,,,,,,,,,,,,,,,,,,1.0,,,,,,,,,,,,,,,,,,,,,LEGACY_PRESERVED_EXCLUDED_FROM_INDEPENDENT_COUNT,MANUAL_IDENTITY_REVIEW,,,,,,,,,,,,,,,,,,,,,,,,,,,,,,,,,,,,,,,,,,,,,,,,,,,,,,,,,,,,,,,,,,,,,,,,,,,,,,,,,,,,,,,,,,,,,,,,
P008,10.1016/j.ijplas.2021.102965,,P008_C02,P008_G02,P008_G02,Experimental,Fe45.9Mn30.4Co10.5Cr10.6N2.6,,at.%,45.9,30.4,10.5,10.6,,2.6,,,,,,,High-N alloy; thermomechanical processing producing multi-heterostructure,,1473.0,2.0,,,60.0,1023.0,3.0,,298.0,0.001,,,,,,final tensile,,,,,,,,,,,,,,,,,0.0,1.0,1,,,Twinning-dominant; martensitic transformation suppressed,,,,,1310.0,,,,16.5,,16.5,,,,,,,Paper explicitly states dominant mechanism changes away from martensitic transformation,TEM/EBSD evidence; twinning becomes dominant,SEM; EBSD; TEM; APT,Yes,Abstract; methods; deformation microstructure section,High,Contains pre-existing α-martensite laths; do not confuse initial α with deformation-induced TRIP. | Heavy N doping changes dominant deformation from martensitic transformation to twinning.,"{""Derived_feature_status"": ""NA — reserved for later calculation; do not infer during raw extraction"", ""HDI_strengthening_MPa"": ""750"", ""Initial_alpha_martensite_area_fraction"": ""0.24""}",TRIP_TWIP_P006_P010_FULL_EXTRACTION.xlsx,P006_P010_Master_Extraction,Data_role -> Row_Type | Composition_basis_original -> Composition_basis | Image_modalities -> Characterization_methods,SAFE_QC_COMPLETE_MANUAL_REVIEW_REMAINS,True,EXPERIMENTAL_INDEPENDENT,REVIEW_REQUIRED,SOURCE_HAS_UNMAPPED_FIELDS,P008_PE02,P008_MC_N2p6_PC,OBS039,EXPERIMENTAL,INDEPENDENT_CONDITION,,0.0,HIGH,Distinct extracted condition retained as a conservative parent; no cross-row specimen linkage is documented.,0.8,,,1310.0,1394.0,,16.5,,0.0,0.0,1.0,0.2,,,,,,0.0,1.0,P008_SERIES01,P008_MAT_N2p6,,,P008_SERIES01,P008_MAT_N2p6,,,,,,,,,,,,,,EXACT_CONDITION_LEGACY_MAPPED,VERIFIED_EXACT_MATCH,PC,Fe45.9Mn30.4Co10.5Cr10.6N2.6,EXACT_BULK_CHEMISTRY_REPORTED,"Vacuum induction cast in Ar; hot forged 1200C; hot rolled 1050→900C, 50% thickness reduction; homogenized 1200C/2h and water quenched.",Room temperature,ROOM_TEMPERATURE_REPORTED,recrystallized fine-grain population,Bimodal; 0.8 µm recrystallized grains embedded in deformation matrix with grains of several tens of µm,NO_HCP_IDENTIFIED_BY_EBSD_XRD,0.24,ESTIMATED_IN_PAPER_FOR_PREDEFORMATION_BCC_ALPHA_MARTENSITE,DIRECT_TEXT,DIRECT_TEXT,DIRECT_TEXT,DIRECT_TEXT,ALLOY_LEVEL,26.0,CURRENT_STUDY_ALLOY_LEVEL,TEM; p. 13; state not specified,<50,~100,0.095,~10,~115,190.0,~3,~8,Cr2N,Fe45.5Mn30.5Co10.9Cr11.0N2.1,Fe45.1Mn31.6Co10.6Cr10.6N2.1,"[{""Paper_ID"": ""P008"", ""DOI"": ""10.1016/j.ijplas.2021.102965"", ""ML_Condition_ID"": ""P008_MC_N2p6_PC"", ""Feature_Name"": ""Study_Series_ID"", ""Original_Value"": NaN, ""Recovered_Value"": ""P008_SERIES01"", ""Units"": ""source/schema units"", ""Evidence_Type"": ""VERIFIED_WORKBOOK"", ""Evidence_Location"": ""pp. 7\u20138,13\u201314; Figs. 6b,8a"", ""Page_Figure_Section"": ""pp. 7\u20138,13\u201314; Figs. 6b,8a"", ""Extraction_Method"": ""Verified direct source extraction"", ""Confidence"": ""High"", ""Recovery_Status"": ""VERIFIED""}, {""Paper_ID"": ""P008"", ""DOI"": ""10.1016/j.ijplas.2021.102965"", ""ML_Condition_ID"": ""P008_MC_N2p6_PC"", ""Feature_Name"": ""Material_Parent_ID"", ""Original_Value"": NaN, ""Recovered_Value"": ""P008_MAT_N2p6"", ""Units"": ""source/schema units"", ""Evidence_Type"": ""VERIFIED_WORKBOOK"", ""Evidence_Location"": ""pp. 7\u20138,13\u201314; Figs. 6b,8a"", ""Page_Figure_Section"": ""pp. 7\u20138,13\u201314; Figs. 6b,8a"", ""Extraction_Method"": ""Verified direct source extraction"", ""Confidence"": ""High"", ""Recovery_Status"": ""VERIFIED""}, {""Paper_ID"": ""P008"", ""DOI"": ""10.1016/j.ijplas.2021.102965"", ""ML_Condition_ID"": ""P008_MC_N2p6_PC"", ""Feature_Name"": ""Leakage_Group_Strict"", ""Original_Value"": NaN, ""Recovered_Value"": ""P008_SERIES01"", ""Units"": ""source/schema units"", ""Evidence_Type"": ""VERIFIED_WORKBOOK"", ""Evidence_Location"": ""pp. 7\u20138,13\u201314; Figs. 6b,8a"", ""Page_Figure_Section"": ""pp. 7\u20138,13\u201314; Figs. 6b,8a"", ""Extraction_Method"": ""Verified direct source extraction"", ""Confidence"": ""High"", ""Recovery_Status"": ""VERIFIED""}, {""Paper_ID"": ""P008"", ""DOI"": ""10.1016/j.ijplas.2021.102965"", ""ML_Condition_ID"": ""P008_MC_N2p6_PC"", ""Feature_Name"": ""Leakage_Group_Material"", ""Original_Value"": NaN, ""Recovered_Value"": ""P008_MAT_N2p6"", ""Units"": ""source/schema units"", ""Evidence_Type"": ""VERIFIED_WORKBOOK"", ""Evidence_Location"": ""pp. 7\u20138,13\u201314; Figs. 6b,8a"", ""Page_Figure_Section"": ""pp. 7\u20138,13\u201314; Figs. 6b,8a"", ""Extraction_Method"": ""Verified direct source extraction"", ""Confidence"": ""High"", ""Recovery_Status"": ""VERIFIED""}, {""Paper_ID"": ""P008"", ""DOI"": ""10.1016/j.ijplas.2021.102965"", ""ML_Condition_ID"": ""P008_MC_N2p6_PC"", ""Feature_Name"": ""P008_Source_State"", ""Original_Value"": null, ""Recovered_Value"": ""PC"", ""Units"": ""source/schema units"", ""Evidence_Type"": ""VERIFIED_WORKBOOK"", ""Evidence_Location"": ""pp. 7\u20138,13\u201314; Figs. 6b,8a"", ""Page_Figure_Section"": ""pp. 7\u20138,13\u201314; Figs. 6b,8a"", ""Extraction_Method"": ""Verified direct source extraction"", ""Confidence"": ""High"", ""Recovery_Status"": ""VERIFIED""}, {""Paper_ID"": ""P008"", ""DOI"": ""10.1016/j.ijplas.2021.102965"", ""ML_Condition_ID"": ""P008_MC_N2p6_PC"", ""Feature_Name"": ""Recovered_Bulk_Composition_at_pct"", ""Original_Value"": null, ""Recovered_Value"": ""Fe45.9Mn30.4Co10.5Cr10.6N2.6"", ""Units"": ""source/schema units"", ""Evidence_Type"": ""VERIFIED_WORKBOOK"", ""Evidence_Location"": ""pp. 7\u20138,13\u201314; Figs. 6b,8a"", ""Page_Figure_Section"": ""pp. 7\u20138,13\u201314; Figs. 6b,8a"", ""Extraction_Method"": ""Verified direct source extraction"", ""Confidence"": ""High"", ""Recovery_Status"": ""VERIFIED""}, {""Paper_ID"": ""P008"", ""DOI"": ""10.1016/j.ijplas.2021.102965"", ""ML_Condition_ID"": ""P008_MC_N2p6_PC"", ""Feature_Name"": ""Recovered_Composition_Status"", ""Original_Value"": null, ""Recovered_Value"": ""EXACT_BULK_CHEMISTRY_REPORTED"", ""Units"": ""source/schema units"", ""Evidence_Type"": ""VERIFIED_WORKBOOK"", ""Evidence_Location"": ""pp. 7\u20138,13\u201314; Figs. 6b,8a"", ""Page_Figure_Section"": ""pp. 7\u20138,13\u201314; Figs. 6b,8a"", ""Extraction_Method"": ""Verified direct source extraction"", ""Confidence"": ""High"", ""Recovery_Status"": ""VERIFIED""}, {""Paper_ID"": ""P008"", ""DOI"": ""10.1016/j.ijplas.2021.102965"", ""ML_Condition_ID"": ""P008_MC_N2p6_PC"", ""Feature_Name"": ""Recovered_Processing_route"", ""Original_Value"": null, ""Recovered_Value"": ""Vacuum induction cast in Ar; hot forged 1200C; hot rolled 1050\u2192900C, 50% thickness reduction; homogenized 1200C/2h and water quenched."", ""Units"": ""source/schema units"", ""Evidence_Type"": ""VERIFIED_WORKBOOK"", ""Evidence_Location"": ""pp. 7\u20138,13\u201314; Figs. 6b,8a"", ""Page_Figure_Section"": ""pp. 7\u20138,13\u201314; Figs. 6b,8a"", ""Extraction_Method"": ""Verified direct source extraction"", ""Confidence"": ""High"", ""Recovery_Status"": ""VERIFIED""}, {""Paper_ID"": ""P008"", ""DOI"": ""10.1016/j.ijplas.2021.102965"", ""ML_Condition_ID"": ""P008_MC_N2p6_PC"", ""Feature_Name"": ""Recovered_Test_T_Reported"", ""Original_Value"": null, ""Recovered_Value"": ""Room temperature"", ""Units"": ""source/schema units"", ""Evidence_Type"": ""VERIFIED_WORKBOOK"", ""Evidence_Location"": ""pp. 7\u20138,13\u201314; Figs. 6b,8a"", ""Page_Figure_Section"": ""pp. 7\u20138,13\u201314; Figs. 6b,8a"", ""Extraction_Method"": ""Verified direct source extraction"", ""Confidence"": ""High"", ""Recovery_Status"": ""VERIFIED""}, {""Paper_ID"": ""P008"", ""DOI"": ""10.1016/j.ijplas.2021.102965"", ""ML_Condition_ID"": ""P008_MC_N2p6_PC"", ""Feature_Name"": ""Recovered_Test_T_Status"", ""Original_Value"": null, ""Recovered_Value"": ""ROOM_TEMPERATURE_REPORTED"", ""Units"": ""source/schema units"", ""Evidence_Type"": ""VERIFIED_WORKBOOK"", ""Evidence_Location"": ""pp. 7\u20138,13\u201314; Figs. 6b,8a"", ""Page_Figure_Section"": ""pp. 7\u20138,13\u201314; Figs. 6b,8a"", ""Extraction_Method"": ""Verified direct source extraction"", ""Confidence"": ""High"", ""Recovery_Status"": ""VERIFIED""}, {""Paper_ID"": ""P008"", ""DOI"": ""10.1016/j.ijplas.2021.102965"", ""ML_Condition_ID"": ""P008_MC_N2p6_PC"", ""Feature_Name"": ""Recovered_Grain_size_um"", ""Original_Value"": NaN, ""Recovered_Value"": 0.8, ""Units"": ""source/schema units"", ""Evidence_Type"": ""VERIFIED_WORKBOOK"", ""Evidence_Location"": ""pp. 7\u20138,13\u201314; Figs. 6b,8a"", ""Page_Figure_Section"": ""pp. 7\u20138,13\u201314; Figs. 6b,8a"", ""Extraction_Method"": ""Verified direct source extraction"", ""Confidence"": ""High"", ""Recovery_Status"": ""VERIFIED""}, {""Paper_ID"": ""P008"", ""DOI"": ""10.1016/j.ijplas.2021.102965"", ""ML_Condition_ID"": ""P008_MC_N2p6_PC"", ""Feature_Name"": ""Recovered_Grain_size_scope"", ""Original_Value"": null, ""Recovered_Value"": ""recrystallized fine-grain population"", ""Units"": ""source/schema units"", ""Evidence_Type"": ""VERIFIED_WORKBOOK"", ""Evidence_Location"": ""pp. 7\u20138,13\u201314; Figs. 6b,8a"", ""Page_Figure_Section"": ""pp. 7\u20138,13\u201314; Figs. 6b,8a"", ""Extraction_Method"": ""Verified direct source extraction"", ""Confidence"": ""High"", ""Recovery_Status"": ""VERIFIED""}, {""Paper_ID"": ""P008"", ""DOI"": ""10.1016/j.ijplas.2021.102965"", ""ML_Condition_ID"": ""P008_MC_N2p6_PC"", ""Feature_Name"": ""Recovered_Grain_size_status"", ""Original_Value"": null, ""Recovered_Value"": ""Bimodal; 0.8 \u00b5m recrystallized grains embedded in deformation matrix with grains of several tens of \u00b5m"", ""Units"": ""source/schema units"", ""Evidence_Type"": ""VERIFIED_WORKBOOK"", ""Evidence_Location"": ""pp. 7\u20138,13\u201314; Figs. 6b,8a"", ""Page_Figure_Section"": ""pp. 7\u20138,13\u201314; Figs. 6b,8a"", ""Extraction_Method"": ""Verified direct source extraction"", ""Confidence"": ""High"", ""Recovery_Status"": ""VERIFIED""}, {""Paper_ID"": ""P008"", ""DOI"": ""10.1016/j.ijplas.2021.102965"", ""ML_Condition_ID"": ""P008_MC_N2p6_PC"", ""Feature_Name"": ""Recovered_Initial_HCP_fraction"", ""Original_Value"": NaN, ""Recovered_Value"": 0.0, ""Units"": ""source/schema units"", ""Evidence_Type"": ""VERIFIED_WORKBOOK"", ""Evidence_Location"": ""pp. 7\u20138,13\u201314; Figs. 6b,8a"", ""Page_Figure_Section"": ""pp. 7\u20138,13\u201314; Figs. 6b,8a"", ""Extraction_Method"": ""Verified direct source extraction"", ""Confidence"": ""High"", ""Recovery_Status"": ""VERIFIED""}, {""Paper_ID"": ""P008"", ""DOI"": ""10.1016/j.ijplas.2021.102965"", ""ML_Condition_ID"": ""P008_MC_N2p6_PC"", ""Feature_Name"": ""Recovered_Initial_HCP_status"", ""Original_Value"": null, ""Recovered_Value"": ""NO_HCP_IDENTIFIED_BY_EBSD_XRD"", ""Units"": ""source/schema units"", ""Evidence_Type"": ""VERIFIED_WORKBOOK"", ""Evidence_Location"": ""pp. 7\u20138,13\u201314; Figs. 6b,8a"", ""Page_Figure_Section"": ""pp. 7\u20138,13\u201314; Figs. 6b,8a"", ""Extraction_Method"": ""Verified direct source extraction"", ""Confidence"": ""High"", ""Recovery_Status"": ""VERIFIED""}, {""Paper_ID"": ""P008"", ""DOI"": ""10.1016/j.ijplas.2021.102965"", ""ML_Condition_ID"": ""P008_MC_N2p6_PC"", ""Feature_Name"": ""Initial_BCC_alpha_martensite_fraction"", ""Original_Value"": null, ""Recovered_Value"": 0.24, ""Units"": ""source/schema units"", ""Evidence_Type"": ""VERIFIED_WORKBOOK"", ""Evidence_Location"": ""pp. 7\u20138,13\u201314; Figs. 6b,8a"", ""Page_Figure_Section"": ""pp. 7\u20138,13\u201314; Figs. 6b,8a"", ""Extraction_Method"": ""Verified direct source extraction"", ""Confidence"": ""High"", ""Recovery_Status"": ""VERIFIED""}, {""Paper_ID"": ""P008"", ""DOI"": ""10.1016/j.ijplas.2021.102965"", ""ML_Condition_ID"": ""P008_MC_N2p6_PC"", ""Feature_Name"": ""Initial_BCC_alpha_martensite_status"", ""Original_Value"": null, ""Recovered_Value"": ""ESTIMATED_IN_PAPER_FOR_PREDEFORMATION_BCC_ALPHA_MARTENSITE"", ""Units"": ""source/schema units"", ""Evidence_Type"": ""VERIFIED_WORKBOOK"", ""Evidence_Location"": ""pp. 7\u20138,13\u201314; Figs. 6b,8a"", ""Page_Figure_Section"": ""pp. 7\u20138,13\u201314; Figs. 6b,8a"", ""Extraction_Method"": ""Verified direct source extraction"", ""Confidence"": ""High"", ""Recovery_Status"": ""VERIFIED""}, {""Paper_ID"": ""P008"", ""DOI"": ""10.1016/j.ijplas.2021.102965"", ""ML_Condition_ID"": ""P008_MC_N2p6_PC"", ""Feature_Name"": ""Recovered_Recrystallized_fraction"", ""Original_Value"": NaN, ""Recovered_Value"": 0.2, ""Units"": ""source/schema units"", ""Evidence_Type"": ""VERIFIED_WORKBOOK"", ""Evidence_Location"": ""pp. 7\u20138,13\u201314; Figs. 6b,8a"", ""Page_Figure_Section"": ""pp. 7\u20138,13\u201314; Figs. 6b,8a"", ""Extraction_Method"": ""Verified direct source extraction"", ""Confidence"": ""High"", ""Recovery_Status"": ""VERIFIED""}, {""Paper_ID"": ""P008"", ""DOI"": ""10.1016/j.ijplas.2021.102965"", ""ML_Condition_ID"": ""P008_MC_N2p6_PC"", ""Feature_Name"": ""Recovered_Recrystallized_fraction_status"", ""Original_Value"": null, ""Recovered_Value"": ""DIRECT_TEXT"", ""Units"": ""source/schema units"", ""Evidence_Type"": ""VERIFIED_WORKBOOK"", ""Evidence_Location"": ""pp. 7\u20138,13\u201314; Figs. 6b,8a"", ""Page_Figure_Section"": ""pp. 7\u20138,13\u201314; Figs. 6b,8a"", ""Extraction_Method"": ""Verified direct source extraction"", ""Confidence"": ""High"", ""Recovery_Status"": ""VERIFIED""}, {""Paper_ID"": ""P008"", ""DOI"": ""10.1016/j.ijplas.2021.102965"", ""ML_Condition_ID"": ""P008_MC_N2p6_PC"", ""Feature_Name"": ""Recovered_YS_MPa"", ""Original_Value"": NaN, ""Recovered_Value"": 1310.0, ""Units"": ""source/schema units"", ""Evidence_Type"": ""VERIFIED_WORKBOOK"", ""Evidence_Location"": ""pp. 7\u20138,13\u201314; Figs. 6b,8a"", ""Page_Figure_Section"": ""pp. 7\u20138,13\u201314; Figs. 6b,8a"", ""Extraction_Method"": ""Verified direct source extraction"", ""Confidence"": ""High"", ""Recovery_Status"": ""VERIFIED""}, {""Paper_ID"": ""P008"", ""DOI"": ""10.1016/j.ijplas.2021.102965"", ""ML_Condition_ID"": ""P008_MC_N2p6_PC"", ""Feature_Name"": ""Recovered_YS_status"", ""Original_Value"": null, ""Recovered_Value"": ""DIRECT_TEXT"", ""Units"": ""source/schema units"", ""Evidence_Type"": ""VERIFIED_WORKBOOK"", ""Evidence_Location"": ""pp. 7\u20138,13\u201314; Figs. 6b,8a"", ""Page_Figure_Section"": ""pp. 7\u20138,13\u201314; Figs. 6b,8a"", ""Extraction_Method"": ""Verified direct source extraction"", ""Confidence"": ""High"", ""Recovery_Status"": ""VERIFIED""}, {""Paper_ID"": ""P008"", ""DOI"": ""10.1016/j.ijplas.2021.102965"", ""ML_Condition_ID"": ""P008_MC_N2p6_PC"", ""Feature_Name"": ""Recovered_UTS_MPa"", ""Original_Value"": NaN, ""Recovered_Value"": 1394.0, ""Units"": ""source/schema units"", ""Evidence_Type"": ""VERIFIED_WORKBOOK"", ""Evidence_Location"": ""pp. 7\u20138,13\u201314; Figs. 6b,8a"", ""Page_Figure_Section"": ""pp. 7\u20138,13\u201314; Figs. 6b,8a"", ""Extraction_Method"": ""Verified direct source extraction"", ""Confidence"": ""High"", ""Recovery_Status"": ""VERIFIED""}, {""Paper_ID"": ""P008"", ""DOI"": ""10.1016/j.ijplas.2021.102965"", ""ML_Condition_ID"": ""P008_MC_N2p6_PC"", ""Feature_Name"": ""Recovered_UTS_status"", ""Original_Value"": null, ""Recovered_Value"": ""DIRECT_TEXT"", ""Units"": ""source/schema units"", ""Evidence_Type"": ""VERIFIED_WORKBOOK"", ""Evidence_Location"": ""pp. 7\u20138,13\u201314; Figs. 6b,8a"", ""Page_Figure_Section"": ""pp. 7\u20138,13\u201314; Figs. 6b,8a"", ""Extraction_Method"": ""Verified direct source extraction"", ""Confidence"": ""High"", ""Recovery_Status"": ""VERIFIED""}, {""Paper_ID"": ""P008"", ""DOI"": ""10.1016/j.ijplas.2021.102965"", ""ML_Condition_ID"": ""P008_MC_N2p6_PC"", ""Feature_Name"": ""Recovered_Uniform_elongation_pct"", ""Original_Value"": NaN, ""Recovered_Value"": 16.5, ""Units"": ""source/schema units"", ""Evidence_Type"": ""VERIFIED_WORKBOOK"", ""Evidence_Location"": ""pp. 7\u20138,13\u201314; Figs. 6b,8a"", ""Page_Figure_Section"": ""pp. 7\u20138,13\u201314; Figs. 6b,8a"", ""Extraction_Method"": ""Verified direct source extraction"", ""Confidence"": ""High"", ""Recovery_Status"": ""VERIFIED""}, {""Paper_ID"": ""P008"", ""DOI"": ""10.1016/j.ijplas.2021.102965"", ""ML_Condition_ID"": ""P008_MC_N2p6_PC"", ""Feature_Name"": ""Recovered_Uniform_elongation_status"", ""Original_Value"": null, ""Recovered_Value"": ""DIRECT_TEXT"", ""Units"": ""source/schema units"", ""Evidence_Type"": ""VERIFIED_WORKBOOK"", ""Evidence_Location"": ""pp. 7\u20138,13\u201314; Figs. 6b,8a"", ""Page_Figure_Section"": ""pp. 7\u20138,13\u201314; Figs. 6b,8a"", ""Extraction_Method"": ""Verified direct source extraction"", ""Confidence"": ""High"", ""Recovery_Status"": ""VERIFIED""}, {""Paper_ID"": ""P008"", ""DOI"": ""10.1016/j.ijplas.2021.102965"", ""ML_Condition_ID"": ""P008_MC_N2p6_PC"", ""Feature_Name"": ""Recovered_TRIP"", ""Original_Value"": NaN, ""Recovered_Value"": 0.0, ""Units"": ""source/schema units"", ""Evidence_Type"": ""VERIFIED_WORKBOOK"", ""Evidence_Location"": ""pp. 7\u20138,13\u201314; Figs. 6b,8a"", ""Page_Figure_Section"": ""pp. 7\u20138,13\u201314; Figs. 6b,8a"", ""Extraction_Method"": ""Verified direct source extraction"", ""Confidence"": ""High"", ""Recovery_Status"": ""VERIFIED""}, {""Paper_ID"": ""P008"", ""DOI"": ""10.1016/j.ijplas.2021.102965"", ""ML_Condition_ID"": ""P008_MC_N2p6_PC"", ""Feature_Name"": ""Recovered_TWIP"", ""Original_Value"": NaN, ""Recovered_Value"": 1.0, ""Units"": ""source/schema units"", ""Evidence_Type"": ""VERIFIED_WORKBOOK"", ""Evidence_Location"": ""pp. 7\u20138,13\u201314; Figs. 6b,8a"", ""Page_Figure_Section"": ""pp. 7\u20138,13\u201314; Figs. 6b,8a"", ""Extraction_Method"": ""Verified direct source extraction"", ""Confidence"": ""High"", ""Recovery_Status"": ""VERIFIED""}, {""Paper_ID"": ""P008"", ""DOI"": ""10.1016/j.ijplas.2021.102965"", ""ML_Condition_ID"": ""P008_MC_N2p6_PC"", ""Feature_Name"": ""Effective_TRIP"", ""Original_Value"": 0.0, ""Recovered_Value"": 0.0, ""Units"": ""source/schema units"", ""Evidence_Type"": ""VERIFIED_WORKBOOK"", ""Evidence_Location"": ""pp. 7\u20138,13\u201314; Figs. 6b,8a"", ""Page_Figure_Section"": ""pp. 7\u20138,13\u201314; Figs. 6b,8a"", ""Extraction_Method"": ""Verified direct source extraction"", ""Confidence"": ""High"", ""Recovery_Status"": ""VERIFIED""}, {""Paper_ID"": ""P008"", ""DOI"": ""10.1016/j.ijplas.2021.102965"", ""ML_Condition_ID"": ""P008_MC_N2p6_PC"", ""Feature_Name"": ""Effective_TWIP"", ""Original_Value"": 1.0, ""Recovered_Value"": 1.0, ""Units"": ""source/schema units"", ""Evidence_Type"": ""VERIFIED_WORKBOOK"", ""Evidence_Location"": ""pp. 7\u20138,13\u201314; Figs. 6b,8a"", ""Page_Figure_Section"": ""pp. 7\u20138,13\u201314; Figs. 6b,8a"", ""Extraction_Method"": ""Verified direct source extraction"", ""Confidence"": ""High"", ""Recovery_Status"": ""VERIFIED""}, {""Paper_ID"": ""P008"", ""DOI"": ""10.1016/j.ijplas.2021.102965"", ""ML_Condition_ID"": ""P008_MC_N2p6_PC"", ""Feature_Name"": ""SFE_scope"", ""Original_Value"": null, ""Recovered_Value"": ""ALLOY_LEVEL"", ""Units"": ""source/schema units"", ""Evidence_Type"": ""VERIFIED_WORKBOOK"", ""Evidence_Location"": ""pp. 7\u20138,13\u201314; Figs. 6b,8a"", ""Page_Figure_Section"": ""pp. 7\u20138,13\u201314; Figs. 6b,8a"", ""Extraction_Method"": ""Verified direct source extraction"", ""Confidence"": ""High"", ""Recovery_Status"": ""VERIFIED""}, {""Paper_ID"": ""P008"", ""DOI"": ""10.1016/j.ijplas.2021.102965"", ""ML_Condition_ID"": ""P008_MC_N2p6_PC"", ""Feature_Name"": ""SFE_value_alloy_level_mJ_m2"", ""Original_Value"": null, ""Recovered_Value"": 26, ""Units"": ""source/schema units"", ""Evidence_Type"": ""VERIFIED_WORKBOOK"", ""Evidence_Location"": ""pp. 7\u20138,13\u201314; Figs. 6b,8a"", ""Page_Figure_Section"": ""pp. 7\u20138,13\u201314; Figs. 6b,8a"", ""Extraction_Method"": ""Verified direct source extraction"", ""Confidence"": ""High"", ""Recovery_Status"": ""VERIFIED""}, {""Paper_ID"": ""P008"", ""DOI"": ""10.1016/j.ijplas.2021.102965"", ""ML_Condition_ID"": ""P008_MC_N2p6_PC"", ""Feature_Name"": ""SFE_status"", ""Original_Value"": null, ""Recovered_Value"": ""CURRENT_STUDY_ALLOY_LEVEL"", ""Units"": ""source/schema units"", ""Evidence_Type"": ""VERIFIED_WORKBOOK"", ""Evidence_Location"": ""pp. 7\u20138,13\u201314; Figs. 6b,8a"", ""Page_Figure_Section"": ""pp. 7\u20138,13\u201314; Figs. 6b,8a"", ""Extraction_Method"": ""Verified direct source extraction"", ""Confidence"": ""High"", ""Recovery_Status"": ""VERIFIED""}, {""Paper_ID"": ""P008"", ""DOI"": ""10.1016/j.ijplas.2021.102965"", ""ML_Condition_ID"": ""P008_MC_N2p6_PC"", ""Feature_Name"": ""SFE_source_provenance"", ""Original_Value"": null, ""Recovered_Value"": ""TEM; p. 13; state not specified"", ""Units"": ""source/schema units"", ""Evidence_Type"": ""VERIFIED_WORKBOOK"", ""Evidence_Location"": ""pp. 7\u20138,13\u201314; Figs. 6b,8a"", ""Page_Figure_Section"": ""pp. 7\u20138,13\u201314; Figs. 6b,8a"", ""Extraction_Method"": ""Verified direct source extraction"", ""Confidence"": ""High"", ""Recovery_Status"": ""VERIFIED""}, {""Paper_ID"": ""P008"", ""DOI"": ""10.1016/j.ijplas.2021.102965"", ""ML_Condition_ID"": ""P008_MC_N2p6_PC"", ""Feature_Name"": ""Alpha_lath_thickness"", ""Original_Value"": null, ""Recovered_Value"": ""<50"", ""Units"": ""nm"", ""Evidence_Type"": ""TEM"", ""Evidence_Location"": ""p. 7\u20138; Fig. 7d"", ""Page_Figure_Section"": ""p. 7\u20138; Fig. 7d"", ""Extraction_Method"": ""Direct text extraction"", ""Confidence"": ""High"", ""Recovery_Status"": ""DIRECT_TEXT""}, {""Paper_ID"": ""P008"", ""DOI"": ""10.1016/j.ijplas.2021.102965"", ""ML_Condition_ID"": ""P008_MC_N2p6_PC"", ""Feature_Name"": ""Alpha_lath_spacing"", ""Original_Value"": null, ""Recovered_Value"": ""~100"", ""Units"": ""nm"", ""Evidence_Type"": ""TEM"", ""Evidence_Location"": ""p. 7\u20138; Fig. 7d"", ""Page_Figure_Section"": ""p. 7\u20138; Fig. 7d"", ""Extraction_Method"": ""Direct text extraction"", ""Confidence"": ""High"", ""Recovery_Status"": ""DIRECT_TEXT""}, {""Paper_ID"": ""P008"", ""DOI"": ""10.1016/j.ijplas.2021.102965"", ""ML_Condition_ID"": ""P008_MC_N2p6_PC"", ""Feature_Name"": ""Recovery_twin_fraction"", ""Original_Value"": null, ""Recovered_Value"": 0.095, ""Units"": ""fraction"", ""Evidence_Type"": ""Fullman volumetric analysis"", ""Evidence_Location"": ""p. 12"", ""Page_Figure_Section"": ""p. 12"", ""Extraction_Method"": ""Direct text extraction"", ""Confidence"": ""High"", ""Recovery_Status"": ""CALCULATED_IN_PAPER""}, {""Paper_ID"": ""P008"", ""DOI"": ""10.1016/j.ijplas.2021.102965"", ""ML_Condition_ID"": ""P008_MC_N2p6_PC"", ""Feature_Name"": ""Recovery_twin_thickness"", ""Original_Value"": null, ""Recovered_Value"": ""~10"", ""Units"": ""nm"", ""Evidence_Type"": ""TEM"", ""Evidence_Location"": ""pp. 8,12; Fig. 7e"", ""Page_Figure_Section"": ""pp. 8,12; Fig. 7e"", ""Extraction_Method"": ""Direct text extraction"", ""Confidence"": ""High"", ""Recovery_Status"": ""DIRECT_TEXT""}, {""Paper_ID"": ""P008"", ""DOI"": ""10.1016/j.ijplas.2021.102965"", ""ML_Condition_ID"": ""P008_MC_N2p6_PC"", ""Feature_Name"": ""Recovery_twin_spacing_observed"", ""Original_Value"": null, ""Recovered_Value"": ""~115"", ""Units"": ""nm"", ""Evidence_Type"": ""TEM"", ""Evidence_Location"": ""p. 8; Fig. 7e"", ""Page_Figure_Section"": ""p. 8; Fig. 7e"", ""Extraction_Method"": ""Direct text extraction"", ""Confidence"": ""High"", ""Recovery_Status"": ""DIRECT_TEXT""}, {""Paper_ID"": ""P008"", ""DOI"": ""10.1016/j.ijplas.2021.102965"", ""ML_Condition_ID"": ""P008_MC_N2p6_PC"", ""Feature_Name"": ""Recovery_twin_spacing_fraction_input_nm"", ""Original_Value"": null, ""Recovered_Value"": 190, ""Units"": ""nm"", ""Evidence_Type"": ""Fullman volumetric analysis"", ""Evidence_Location"": ""p. 12"", ""Page_Figure_Section"": ""p. 12"", ""Extraction_Method"": ""Direct text extraction"", ""Confidence"": ""High"", ""Recovery_Status"": ""CALCULATION_INPUT_IN_PAPER""}, {""Paper_ID"": ""P008"", ""DOI"": ""10.1016/j.ijplas.2021.102965"", ""ML_Condition_ID"": ""P008_MC_N2p6_PC"", ""Feature_Name"": ""Deformation_twin_width"", ""Original_Value"": null, ""Recovered_Value"": ""~3"", ""Units"": ""nm"", ""Evidence_Type"": ""TEM"", ""Evidence_Location"": ""p. 8; Fig. 8a"", ""Page_Figure_Section"": ""p. 8; Fig. 8a"", ""Extraction_Method"": ""Direct text extraction"", ""Confidence"": ""High"", ""Recovery_Status"": ""DIRECT_TEXT""}, {""Paper_ID"": ""P008"", ""DOI"": ""10.1016/j.ijplas.2021.102965"", ""ML_Condition_ID"": ""P008_MC_N2p6_PC"", ""Feature_Name"": ""Deformation_twin_spacing"", ""Original_Value"": null, ""Recovered_Value"": ""~8"", ""Units"": ""nm"", ""Evidence_Type"": ""TEM"", ""Evidence_Location"": ""p. 8; Fig. 8a"", ""Page_Figure_Section"": ""p. 8; Fig. 8a"", ""Extraction_Method"": ""Direct text extraction"", ""Confidence"": ""High"", ""Recovery_Status"": ""DIRECT_TEXT""}, {""Paper_ID"": ""P008"", ""DOI"": ""10.1016/j.ijplas.2021.102965"", ""ML_Condition_ID"": ""P008_MC_N2p6_PC"", ""Feature_Name"": ""Precipitate_type"", ""Original_Value"": null, ""Recovered_Value"": ""Cr2N"", ""Units"": NaN, ""Evidence_Type"": ""STEM-EDS + HRTEM"", ""Evidence_Location"": ""p. 7; Fig. S2"", ""Page_Figure_Section"": ""p. 7; Fig. S2"", ""Extraction_Method"": ""Direct text extraction"", ""Confidence"": ""High"", ""Recovery_Status"": ""DIRECT_IDENTIFICATION""}, {""Paper_ID"": ""P008"", ""DOI"": ""10.1016/j.ijplas.2021.102965"", ""ML_Condition_ID"": ""P008_MC_N2p6_PC"", ""Feature_Name"": ""APT_local_composition"", ""Original_Value"": null, ""Recovered_Value"": ""Fe45.5Mn30.5Co10.9Cr11.0N2.1"", ""Units"": ""at.%"", ""Evidence_Type"": ""APT"", ""Evidence_Location"": ""p. 7; Fig. 3f-g"", ""Page_Figure_Section"": ""p. 7; Fig. 3f-g"", ""Extraction_Method"": ""Direct text extraction"", ""Confidence"": ""High"", ""Recovery_Status"": ""LOCAL_NOT_BULK""}, {""Paper_ID"": ""P008"", ""DOI"": ""10.1016/j.ijplas.2021.102965"", ""ML_Condition_ID"": ""P008_MC_N2p6_PC"", ""Feature_Name"": ""EDS_local_composition"", ""Original_Value"": null, ""Recovered_Value"": ""Fe45.1Mn31.6Co10.6Cr10.6N2.1"", ""Units"": ""at.%"", ""Evidence_Type"": ""EDS"", ""Evidence_Location"": ""p. 7"", ""Page_Figure_Section"": ""p. 7"", ""Extraction_Method"": ""Direct text extraction"", ""Confidence"": ""High"", ""Recovery_Status"": ""LOCAL_NOT_BULK""}]",,,,,,,,,,,,,,,,,,,,,,,,,,,,,,,,,,,,,,,,,,,,,,,,,,,,,,,,,,,,,,,,,
P010,10.1103/PhysRevMaterials.4.033601,,P010_C01,P010_G01,P010_G01,Experimental + DFT/magnetism,Cr20Mn24Fe30Co20Ni6,,at.%,30.0,24.0,20.0,20.0,6.0,,,,,,,,Synthesized after ab-initio compositional screening; tensile + magnetic/microstructure characterization,,,,,,,,,,298.0,0.001,,,,0.2,,local strain ~20% mechanism characterization,,,,,,,,,,,,,,,,,1.0,1.0,1,,,TRIP with twin-like planar defects / mixed low-SFE deformation,,,,,,,,,,,,,,,,,,XRD/EBSD/TEM phase evidence and alloy-level mechanism assignment,TEM/EBSD/ECCI local-strain mechanism evidence; alloy-level comparison,XRD; EBSD; ECCI; TEM; magnetic measurements,Yes,Abstract; Figs. 1-5; Summary and Conclusions,Medium,Dual FCC+HCP initially; TEM at ~20% local strain confirms FCC+HCP; twin-like defects noted but diffraction confirmation limited. | SFE depends on magnetic state; retain magnetic descriptor with SFE.,"{""Derived_VEC"": ""7.68"", ""Derived_feature_status"": ""NA — reserved for later calculation; do not infer during raw extraction"", ""Magnetic_state_descriptor"": ""PM/AFM ordering explicitly modeled; Mn stabilizes AFM configurations"", ""VEC"": ""7.68""}",TRIP_TWIP_P006_P010_FULL_EXTRACTION.xlsx,P006_P010_Master_Extraction,Data_role -> Row_Type | Composition_basis_original -> Composition_basis | Image_modalities -> Characterization_methods,SAFE_QC_COMPLETE_MANUAL_REVIEW_REMAINS,True,HYBRID_EXPERIMENTAL_COMPUTATIONAL,REVIEW_REQUIRED,SOURCE_HAS_UNMAPPED_FIELDS,P010_PE01,P010_MC01,OBS040,HYBRID,INDEPENDENT_CONDITION,,0.0,HIGH,Distinct extracted condition retained as a conservative parent; no cross-row specimen linkage is documented.,,,,,,,,,,,,,,,,,,1.0,1.0,,,,,,,,,,,,,,,,,,,,,,,,,,,,,,,,,,,,,,,,,,,,,,,,,,,,,,,,,,,,,,,,,,,,,,,,,,,,,,,,,,,,,,,,,,,,,,,,,,,,,,,,,,,,,,,,,,,,,
P010,10.1103/PhysRevMaterials.4.033601,,P010_C02,P010_G02,P010_G02,Experimental + DFT/magnetism,Cr20Mn30Fe24Co20Ni6,,at.%,24.0,30.0,20.0,20.0,6.0,,,,,,,,Synthesized after ab-initio compositional screening; tensile + magnetic/microstructure characterization,,,,,,,,,,298.0,0.001,,,,0.2,,local strain ~20% mechanism characterization,,,,,,,,,,,,,,,,,0.0,1.0,1,,,TWIP rather than TRIP,,,,,,,,,,,,,,,,,,XRD/EBSD/TEM phase evidence and alloy-level mechanism assignment,TEM/EBSD/ECCI local-strain mechanism evidence; alloy-level comparison,XRD; EBSD; ECCI; TEM; magnetic measurements,Yes,Abstract; Figs. 1-5; Summary and Conclusions,High,Single FCC initially; paper conclusion identifies alloy II as TWIP rather than TRIP. | SFE depends on magnetic state; retain magnetic descriptor with SFE.,"{""Derived_VEC"": ""7.62"", ""Derived_feature_status"": ""NA — reserved for later calculation; do not infer during raw extraction"", ""Magnetic_state_descriptor"": ""PM/AFM ordering explicitly modeled; Mn stabilizes AFM configurations"", ""VEC"": ""7.62""}",TRIP_TWIP_P006_P010_FULL_EXTRACTION.xlsx,P006_P010_Master_Extraction,Data_role -> Row_Type | Composition_basis_original -> Composition_basis | Image_modalities -> Characterization_methods,SAFE_QC_COMPLETE,False,HYBRID_EXPERIMENTAL_COMPUTATIONAL,NO_FLAG,SOURCE_HAS_UNMAPPED_FIELDS,P010_PE02,P010_MC02,OBS041,HYBRID,INDEPENDENT_CONDITION,,0.0,HIGH,Distinct extracted condition retained as a conservative parent; no cross-row specimen linkage is documented.,,,,,,,,,,,,,,,,,,0.0,1.0,,,,,,,,,,,,,,,,,,,,,,,,,,,,,,,,,,,,,,,,,,,,,,,,,,,,,,,,,,,,,,,,,,,,,,,,,,,,,,,,,,,,,,,,,,,,,,,,,,,,,,,,,,,,,,,,,,,,,
P010,10.1103/PhysRevMaterials.4.033601,,P010_C03,P010_G03,P010_G03,Experimental + DFT/magnetism,Cr20Mn15Fe34Co20Ni11,,at.%,34.0,15.0,20.0,20.0,11.0,,,,,,,,Synthesized after ab-initio compositional screening; tensile + magnetic/microstructure characterization,,,,,,,,,,298.0,0.001,,,,0.2,,local strain ~20% mechanism characterization,,,,,,,,,,,,,,,,,0.0,0.0,1,,,Stable FCC / planar-slip-dominant relative to designed TRIP/TWIP alloys,,,,,,,,,,,,,,,,,,XRD/EBSD/TEM phase evidence and alloy-level mechanism assignment,TEM/EBSD/ECCI local-strain mechanism evidence; alloy-level comparison,XRD; EBSD; ECCI; TEM; magnetic measurements,Yes,Abstract; Figs. 1-5; Summary and Conclusions,High,Single FCC initially; retained as explicit non-TRIP/non-TWIP comparator based on paper's three-alloy mechanism comparison. | SFE depends on magnetic state; retain magnetic descriptor with SFE.,"{""Derived_VEC"": ""7.87"", ""Derived_feature_status"": ""NA — reserved for later calculation; do not infer during raw extraction"", ""Magnetic_state_descriptor"": ""PM/AFM ordering explicitly modeled; Mn stabilizes AFM configurations"", ""VEC"": ""7.87""}",TRIP_TWIP_P006_P010_FULL_EXTRACTION.xlsx,P006_P010_Master_Extraction,Data_role -> Row_Type | Composition_basis_original -> Composition_basis | Image_modalities -> Characterization_methods,SAFE_QC_COMPLETE_MANUAL_REVIEW_REMAINS,True,HYBRID_EXPERIMENTAL_COMPUTATIONAL,REVIEW_REQUIRED,SOURCE_HAS_UNMAPPED_FIELDS,P010_PE03,P010_MC03,OBS042,HYBRID,INDEPENDENT_CONDITION,,0.0,HIGH,Distinct extracted condition retained as a conservative parent; no cross-row specimen linkage is documented.,,,,,,,,,,,,,,,,,,0.0,0.0,,,,,,,,,,,,,,,,,,,,,,,,,,,,,,,,,,,,,,,,,,,,,,,,,,,,,,,,,,,,,,,,,,,,,,,,,,,,,,,,,,,,,,,,,,,,,,,,,,,,,,,,,,,,,,,,,,,,,
P009,10.1126/sciadv.abo7333,,P009_C01,P009_G01,P009_G01,Experimental + CALPHAD/DFT,Co36Cr20Fe26Mn10Ni8,,at.%,26.0,10.0,36.0,20.0,8.0,,,,,,,,Cast; homogenized 1200C; ~60% cold rolled,,1473.0,,,,60.0,,,,293.0,,,,,,,post-cold-rolling mechanism characterization,,,,,,,,,,,,,,,,,1.0,0.0,1,,,TRIP,,,,,,,,,,,,,,,,,,EBSD phase mapping after cold rolling; experimental mechanism classification,EBSD/grain-boundary evidence; experimental mechanism classification,EBSD; SEM; nanoindentation,Yes,"Wang et al. 2022, Fig. 5 and design/validation results",High,#0; experimentally classified TRIP | Seven experimentally validated designed alloys; UMFE/UTFE are priority descriptors. Exact fault-energy values should be populated from source/supplement rather than guessed.,"{""Derived_feature_status"": ""NA — reserved for later calculation; do not infer during raw extraction""}",TRIP_TWIP_P006_P010_FULL_EXTRACTION.xlsx,P006_P010_Master_Extraction,Data_role -> Row_Type | Composition_basis_original -> Composition_basis | Image_modalities -> Characterization_methods,SAFE_QC_COMPLETE,False,HYBRID_EXPERIMENTAL_COMPUTATIONAL,NO_FLAG,SOURCE_HAS_UNMAPPED_FIELDS,P009_PE01,P009_MC01,OBS043,HYBRID,INDEPENDENT_CONDITION,,0.0,HIGH,Distinct extracted condition retained as a conservative parent; no cross-row specimen linkage is documented.,,,,,,,,,,,,,,,,,,1.0,0.0,,,,,,,,,,,,,,,,,,,,,,,,,,,,,,,,,,,,,,,,,,,,,,,,,,,,,,,,,,,,,,,,,,,,,,,,,,,,,,,,,,,,,,,,,,,,,,,,,,,,,,,,,,,,,,,,,,,,,
P009,10.1126/sciadv.abo7333,,P009_C02,P009_G02,P009_G02,Experimental + CALPHAD/DFT,Co32Cr20Fe26Mn10Ni12,,at.%,26.0,10.0,32.0,20.0,12.0,,,,,,,,Cast; homogenized 1200C; ~60% cold rolled,,1473.0,,,,60.0,,,,293.0,,,,,,,post-cold-rolling mechanism characterization,,,,,,,,,,,,,,,,,0.0,1.0,1,,,TWIP,,,,,,,,,,,,,,,,,,EBSD phase mapping after cold rolling; experimental mechanism classification,EBSD/grain-boundary evidence; experimental mechanism classification,EBSD; SEM; nanoindentation,Yes,"Wang et al. 2022, Fig. 5 and design/validation results",High,#1; experimentally classified TWIP | Seven experimentally validated designed alloys; UMFE/UTFE are priority descriptors. Exact fault-energy values should be populated from source/supplement rather than guessed.,"{""Derived_feature_status"": ""NA — reserved for later calculation; do not infer during raw extraction""}",TRIP_TWIP_P006_P010_FULL_EXTRACTION.xlsx,P006_P010_Master_Extraction,Data_role -> Row_Type | Composition_basis_original -> Composition_basis | Image_modalities -> Characterization_methods,SAFE_QC_COMPLETE,False,HYBRID_EXPERIMENTAL_COMPUTATIONAL,NO_FLAG,SOURCE_HAS_UNMAPPED_FIELDS,P009_PE02,P009_MC02,OBS044,HYBRID,INDEPENDENT_CONDITION,,0.0,HIGH,Distinct extracted condition retained as a conservative parent; no cross-row specimen linkage is documented.,,,,,,,,,,,,,,,,,,0.0,1.0,,,,,,,,,,,,,,,,,,,,,,,,,,,,,,,,,,,,,,,,,,,,,,,,,,,,,,,,,,,,,,,,,,,,,,,,,,,,,,,,,,,,,,,,,,,,,,,,,,,,,,,,,,,,,,,,,,,,,
P009,10.1126/sciadv.abo7333,,P009_C03,P009_G03,P009_G03,Experimental + CALPHAD/DFT,Co28Cr20Fe26Mn10Ni16,,at.%,26.0,10.0,28.0,20.0,16.0,,,,,,,,Cast; homogenized 1200C; ~60% cold rolled,,1473.0,,,,60.0,,,,293.0,,,,,,,post-cold-rolling mechanism characterization,,,,,,,,,,,,,,,,,0.0,1.0,1,,,TWIP,,,,,,,,,,,,,,,,,,EBSD phase mapping after cold rolling; experimental mechanism classification,EBSD/grain-boundary evidence; experimental mechanism classification,EBSD; SEM; nanoindentation,Yes,"Wang et al. 2022, Fig. 5 and design/validation results",High,#2; experimentally classified TWIP | Seven experimentally validated designed alloys; UMFE/UTFE are priority descriptors. Exact fault-energy values should be populated from source/supplement rather than guessed.,"{""Derived_feature_status"": ""NA — reserved for later calculation; do not infer during raw extraction""}",TRIP_TWIP_P006_P010_FULL_EXTRACTION.xlsx,P006_P010_Master_Extraction,Data_role -> Row_Type | Composition_basis_original -> Composition_basis | Image_modalities -> Characterization_methods,SAFE_QC_COMPLETE,False,HYBRID_EXPERIMENTAL_COMPUTATIONAL,NO_FLAG,SOURCE_HAS_UNMAPPED_FIELDS,P009_PE03,P009_MC03,OBS045,HYBRID,INDEPENDENT_CONDITION,,0.0,HIGH,Distinct extracted condition retained as a conservative parent; no cross-row specimen linkage is documented.,,,,,,,,,,,,,,,,,,0.0,1.0,,,,,,,,,,,,,,,,,,,,,,,,,,,,,,,,,,,,,,,,,,,,,,,,,,,,,,,,,,,,,,,,,,,,,,,,,,,,,,,,,,,,,,,,,,,,,,,,,,,,,,,,,,,,,,,,,,,,,
P009,10.1126/sciadv.abo7333,,P009_C04,P009_G04,P009_G04,Experimental + CALPHAD/DFT,Co24Cr20Fe26Mn10Ni20,,at.%,26.0,10.0,24.0,20.0,20.0,,,,,,,,Cast; homogenized 1200C; ~60% cold rolled,,1473.0,,,,60.0,,,,293.0,,,,,,,post-cold-rolling mechanism characterization,,,,,,,,,,,,,,,,,0.0,1.0,1,,,TWIP,,,,,,,,,,,,,,,,,,EBSD phase mapping after cold rolling; experimental mechanism classification,EBSD/grain-boundary evidence; experimental mechanism classification,EBSD; SEM; nanoindentation,Yes,"Wang et al. 2022, Fig. 5 and design/validation results",High,#3; experimentally classified TWIP | Seven experimentally validated designed alloys; UMFE/UTFE are priority descriptors. Exact fault-energy values should be populated from source/supplement rather than guessed.,"{""Derived_feature_status"": ""NA — reserved for later calculation; do not infer during raw extraction""}",TRIP_TWIP_P006_P010_FULL_EXTRACTION.xlsx,P006_P010_Master_Extraction,Data_role -> Row_Type | Composition_basis_original -> Composition_basis | Image_modalities -> Characterization_methods,SAFE_QC_COMPLETE,False,HYBRID_EXPERIMENTAL_COMPUTATIONAL,NO_FLAG,SOURCE_HAS_UNMAPPED_FIELDS,P009_PE04,P009_MC04,OBS046,HYBRID,INDEPENDENT_CONDITION,,0.0,HIGH,Distinct extracted condition retained as a conservative parent; no cross-row specimen linkage is documented.,,,,,,,,,,,,,,,,,,0.0,1.0,,,,,,,,,,,,,,,,,,,,,,,,,,,,,,,,,,,,,,,,,,,,,,,,,,,,,,,,,,,,,,,,,,,,,,,,,,,,,,,,,,,,,,,,,,,,,,,,,,,,,,,,,,,,,,,,,,,,,
P009,10.1126/sciadv.abo7333,,P009_C05,P009_G05,P009_G05,Experimental + CALPHAD/DFT,Co36Cr28Fe18Mn10Ni8,,at.%,18.0,10.0,36.0,28.0,8.0,,,,,,,,Cast; homogenized 1200C; ~60% cold rolled,,1473.0,,,,60.0,,,,293.0,,,,,,,post-cold-rolling mechanism characterization,,,,,,,,,,,,,,,,,1.0,0.0,1,,,TRIP,,,,,,,,,,,,,,,,,,EBSD phase mapping after cold rolling; experimental mechanism classification,EBSD/grain-boundary evidence; experimental mechanism classification,EBSD; SEM; nanoindentation,Yes,"Wang et al. 2022, Fig. 5 and design/validation results",High,#4; experimentally classified TRIP | Seven experimentally validated designed alloys; UMFE/UTFE are priority descriptors. Exact fault-energy values should be populated from source/supplement rather than guessed.,"{""Derived_feature_status"": ""NA — reserved for later calculation; do not infer during raw extraction""}",TRIP_TWIP_P006_P010_FULL_EXTRACTION.xlsx,P006_P010_Master_Extraction,Data_role -> Row_Type | Composition_basis_original -> Composition_basis | Image_modalities -> Characterization_methods,SAFE_QC_COMPLETE,False,HYBRID_EXPERIMENTAL_COMPUTATIONAL,NO_FLAG,SOURCE_HAS_UNMAPPED_FIELDS,P009_PE05,P009_MC05,OBS047,HYBRID,INDEPENDENT_CONDITION,,0.0,HIGH,Distinct extracted condition retained as a conservative parent; no cross-row specimen linkage is documented.,,,,,,,,,,,,,,,,,,1.0,0.0,,,,,,,,,,,,,,,,,,,,,,,,,,,,,,,,,,,,,,,,,,,,,,,,,,,,,,,,,,,,,,,,,,,,,,,,,,,,,,,,,,,,,,,,,,,,,,,,,,,,,,,,,,,,,,,,,,,,,
P009,10.1126/sciadv.abo7333,,P009_C06,P009_G06,P009_G06,Experimental + CALPHAD/DFT,Co36Cr24Fe22Mn10Ni8,,at.%,22.0,10.0,36.0,24.0,8.0,,,,,,,,Cast; homogenized 1200C; ~60% cold rolled,,1473.0,,,,60.0,,,,293.0,,,,,,,post-cold-rolling mechanism characterization,,,,,,,,,,,,,,,,,1.0,0.0,1,,,TRIP,,,,,,,,,,,,,,,,,,EBSD phase mapping after cold rolling; experimental mechanism classification,EBSD/grain-boundary evidence; experimental mechanism classification,EBSD; SEM; nanoindentation,Yes,"Wang et al. 2022, Fig. 5 and design/validation results",High,#5; experimentally classified TRIP | Seven experimentally validated designed alloys; UMFE/UTFE are priority descriptors. Exact fault-energy values should be populated from source/supplement rather than guessed.,"{""Derived_feature_status"": ""NA — reserved for later calculation; do not infer during raw extraction""}",TRIP_TWIP_P006_P010_FULL_EXTRACTION.xlsx,P006_P010_Master_Extraction,Data_role -> Row_Type | Composition_basis_original -> Composition_basis | Image_modalities -> Characterization_methods,SAFE_QC_COMPLETE,False,HYBRID_EXPERIMENTAL_COMPUTATIONAL,NO_FLAG,SOURCE_HAS_UNMAPPED_FIELDS,P009_PE06,P009_MC06,OBS048,HYBRID,INDEPENDENT_CONDITION,,0.0,HIGH,Distinct extracted condition retained as a conservative parent; no cross-row specimen linkage is documented.,,,,,,,,,,,,,,,,,,1.0,0.0,,,,,,,,,,,,,,,,,,,,,,,,,,,,,,,,,,,,,,,,,,,,,,,,,,,,,,,,,,,,,,,,,,,,,,,,,,,,,,,,,,,,,,,,,,,,,,,,,,,,,,,,,,,,,,,,,,,,,
P009,10.1126/sciadv.abo7333,,P009_C07,P009_G07,P009_G07,Experimental + CALPHAD/DFT,Co36Cr16Fe30Mn10Ni8,,at.%,30.0,10.0,36.0,16.0,8.0,,,,,,,,Cast; homogenized 1200C; ~60% cold rolled,,1473.0,,,,60.0,,,,293.0,,,,,,,post-cold-rolling mechanism characterization,,,,,,,,,,,,,,,,,1.0,0.0,1,,,TRIP,,,,,,,,,,,,,,,,,,EBSD phase mapping after cold rolling; experimental mechanism classification,EBSD/grain-boundary evidence; experimental mechanism classification,EBSD; SEM; nanoindentation,Yes,"Wang et al. 2022, Fig. 5 and design/validation results",High,#6; experimentally classified TRIP | Seven experimentally validated designed alloys; UMFE/UTFE are priority descriptors. Exact fault-energy values should be populated from source/supplement rather than guessed.,"{""Derived_feature_status"": ""NA — reserved for later calculation; do not infer during raw extraction""}",TRIP_TWIP_P006_P010_FULL_EXTRACTION.xlsx,P006_P010_Master_Extraction,Data_role -> Row_Type | Composition_basis_original -> Composition_basis | Image_modalities -> Characterization_methods,SAFE_QC_COMPLETE,False,HYBRID_EXPERIMENTAL_COMPUTATIONAL,NO_FLAG,SOURCE_HAS_UNMAPPED_FIELDS,P009_PE07,P009_MC07,OBS049,HYBRID,INDEPENDENT_CONDITION,,0.0,HIGH,Distinct extracted condition retained as a conservative parent; no cross-row specimen linkage is documented.,,,,,,,,,,,,,,,,,,1.0,0.0,,,,,,,,,,,,,,,,,,,,,,,,,,,,,,,,,,,,,,,,,,,,,,,,,,,,,,,,,,,,,,,,,,,,,,,,,,,,,,,,,,,,,,,,,,,,,,,,,,,,,,,,,,,,,,,,,,,,,
P011,10.1016/j.jallcom.2023.170225,,P011_C01,P011_A8,P011_A8,Experimental,Fe50Mn30Co10Cr10,,at.%,50.0,30.0,10.0,10.0,,,,,,,,,"Gas-atomized pre-alloy powder; SPS 800C/30 min, 45 MPa, vacuum 7e-3 Pa",,,,,,,1073.15,30.0,,298.0,0.001,,,,,,,,,,,,,,,,,,,,,,,1.0,1.0,1,,,Dislocation slip + FCC→HCP phase transformation + detwinning + mechanical twinning,,,,,,,,,,,,,,,,,,Phase transformation reported during tensile deformation at 298 K.,Mechanical twinning reported during tensile deformation at 298 K.,XRD; SEM; EBSD; TEM; EDS,Yes,Experimental procedures; abstract; microstructure/tensile results,High,"Dual FCC+HCP as-sintered structure. Average grain size, HCP fraction and twin-boundary fraction increase with SPS temperature; exact figure values left blank unless explicitly extracted.","{""Derived_TRIP_TWIP_class"": ""11"", ""Derived_feature_status"": ""Calculated only for direct formula fields; other derived descriptors remain NA."", ""Derived_log10_strain_rate"": ""-3""}",TRIP_TWIP_P011_P015_FULL_EXTRACTION.xlsx,P011_P015_Master_Extraction,Data_role -> Row_Type | Composition_basis_original -> Composition_basis | Image_modalities -> Characterization_methods,SAFE_QC_COMPLETE,False,EXPERIMENTAL_INDEPENDENT,NO_FLAG,SOURCE_HAS_UNMAPPED_FIELDS,P011_PE01,P011_MC01,OBS050,EXPERIMENTAL,INDEPENDENT_CONDITION,,0.0,HIGH,Distinct extracted condition retained as a conservative parent; no cross-row specimen linkage is documented.,,,,,,,,,,,,,,,,,,1.0,1.0,,,,,,,,,,,,,,,,,,,,,,,,,,,,,,,,,,,,,,,,,,,,,,,,,,,,,,,,,,,,,,,,,,,,,,,,,,,,,,,,,,,,,,,,,,,,,,,,,,,,,,,,,,,,,,,,,,,,,
P011,10.1016/j.jallcom.2023.170225,,P011_C02,P011_A9,P011_A9,Experimental,Fe50Mn30Co10Cr10,,at.%,50.0,30.0,10.0,10.0,,,,,,,,,"Gas-atomized pre-alloy powder; SPS 900C/30 min, 45 MPa, vacuum 7e-3 Pa",,,,,,,1173.15,30.0,,298.0,0.001,,,,,,,,,,,,,,,,,,,,,,,1.0,1.0,1,,,Dislocation slip + FCC→HCP phase transformation + detwinning + mechanical twinning,,,,,,,,,,,,,,,,,,Phase transformation reported during tensile deformation at 298 K.,Mechanical twinning reported during tensile deformation at 298 K.,XRD; SEM; EBSD; TEM; EDS,Yes,Experimental procedures; abstract; microstructure/tensile results,High,"Dual FCC+HCP as-sintered structure. Average grain size, HCP fraction and twin-boundary fraction increase with SPS temperature; exact figure values left blank unless explicitly extracted.","{""Derived_TRIP_TWIP_class"": ""11"", ""Derived_feature_status"": ""Calculated only for direct formula fields; other derived descriptors remain NA."", ""Derived_log10_strain_rate"": ""-3""}",TRIP_TWIP_P011_P015_FULL_EXTRACTION.xlsx,P011_P015_Master_Extraction,Data_role -> Row_Type | Composition_basis_original -> Composition_basis | Image_modalities -> Characterization_methods,SAFE_QC_COMPLETE,False,EXPERIMENTAL_INDEPENDENT,NO_FLAG,SOURCE_HAS_UNMAPPED_FIELDS,P011_PE02,P011_MC02,OBS051,EXPERIMENTAL,INDEPENDENT_CONDITION,,0.0,HIGH,Distinct extracted condition retained as a conservative parent; no cross-row specimen linkage is documented.,,,,,,,,,,,,,,,,,,1.0,1.0,,,,,,,,,,,,,,,,,,,,,,,,,,,,,,,,,,,,,,,,,,,,,,,,,,,,,,,,,,,,,,,,,,,,,,,,,,,,,,,,,,,,,,,,,,,,,,,,,,,,,,,,,,,,,,,,,,,,,
P011,10.1016/j.jallcom.2023.170225,,P011_C03,P011_A10,P011_A10,Experimental,Fe50Mn30Co10Cr10,,at.%,50.0,30.0,10.0,10.0,,,,,,,,,"Gas-atomized pre-alloy powder; SPS 1000C/30 min, 45 MPa, vacuum 7e-3 Pa",,,,,,,1273.15,30.0,,298.0,0.001,,,,,,,,,,,,,,,,,,,,,,,1.0,1.0,1,,,Dislocation slip + FCC→HCP phase transformation + detwinning + mechanical twinning,,,,,287.0,,745.0,,,,,,,,,,,Phase transformation reported during tensile deformation at 298 K.,Mechanical twinning reported during tensile deformation at 298 K.,XRD; SEM; EBSD; TEM; EDS,Yes,Experimental procedures; abstract; microstructure/tensile results,High,"Dual FCC+HCP as-sintered structure. Average grain size, HCP fraction and twin-boundary fraction increase with SPS temperature; exact figure values left blank unless explicitly extracted.","{""Derived_TRIP_TWIP_class"": ""11"", ""Derived_feature_status"": ""Calculated only for direct formula fields; other derived descriptors remain NA."", ""Derived_log10_strain_rate"": ""-3""}",TRIP_TWIP_P011_P015_FULL_EXTRACTION.xlsx,P011_P015_Master_Extraction,Data_role -> Row_Type | Composition_basis_original -> Composition_basis | Image_modalities -> Characterization_methods,SAFE_QC_COMPLETE,False,EXPERIMENTAL_INDEPENDENT,NO_FLAG,SOURCE_HAS_UNMAPPED_FIELDS,P011_PE03,P011_MC03,OBS052,EXPERIMENTAL,INDEPENDENT_CONDITION,,0.0,HIGH,Distinct extracted condition retained as a conservative parent; no cross-row specimen linkage is documented.,,,,,,,,,,,,,,,,,,1.0,1.0,,,,,,,,,,,,,,,,,,,,,,,,,,,,,,,,,,,,,,,,,,,,,,,,,,,,,,,,,,,,,,,,,,,,,,,,,,,,,,,,,,,,,,,,,,,,,,,,,,,,,,,,,,,,,,,,,,,,,
P011,10.1016/j.jallcom.2023.170225,,P011_C04,P011_A11,P011_A11,Experimental,Fe50Mn30Co10Cr10,,at.%,50.0,30.0,10.0,10.0,,,,,,,,,"Gas-atomized pre-alloy powder; SPS 1100C/30 min, 45 MPa, vacuum 7e-3 Pa",,,,,,,1373.15,30.0,,298.0,0.001,,,,,,,,,,,,,,,,,,,,,,,1.0,1.0,1,,,Dislocation slip + FCC→HCP phase transformation + detwinning + mechanical twinning,,,,,,,,,,,,,,,,,,Phase transformation reported during tensile deformation at 298 K.,Mechanical twinning reported during tensile deformation at 298 K.,XRD; SEM; EBSD; TEM; EDS,Yes,Experimental procedures; abstract; microstructure/tensile results,High,"Dual FCC+HCP as-sintered structure. Average grain size, HCP fraction and twin-boundary fraction increase with SPS temperature; exact figure values left blank unless explicitly extracted.","{""Derived_TRIP_TWIP_class"": ""11"", ""Derived_feature_status"": ""Calculated only for direct formula fields; other derived descriptors remain NA."", ""Derived_log10_strain_rate"": ""-3""}",TRIP_TWIP_P011_P015_FULL_EXTRACTION.xlsx,P011_P015_Master_Extraction,Data_role -> Row_Type | Composition_basis_original -> Composition_basis | Image_modalities -> Characterization_methods,SAFE_QC_COMPLETE,False,EXPERIMENTAL_INDEPENDENT,NO_FLAG,SOURCE_HAS_UNMAPPED_FIELDS,P011_PE04,P011_MC04,OBS053,EXPERIMENTAL,INDEPENDENT_CONDITION,,0.0,HIGH,Distinct extracted condition retained as a conservative parent; no cross-row specimen linkage is documented.,,,,,,,,,,,,,,,,,,1.0,1.0,,,,,,,,,,,,,,,,,,,,,,,,,,,,,,,,,,,,,,,,,,,,,,,,,,,,,,,,,,,,,,,,,,,,,,,,,,,,,,,,,,,,,,,,,,,,,,,,,,,,,,,,,,,,,,,,,,,,,
P011,10.1016/j.jallcom.2023.170225,,P011_C05,P011_A10,P011_A10,Experimental,Fe50Mn30Co10Cr10,,at.%,50.0,30.0,10.0,10.0,,,,,,,,,"Gas-atomized pre-alloy powder; SPS 1000C/30 min, 45 MPa, vacuum 7e-3 Pa",,,,,,,1273.15,30.0,,77.0,0.001,,,,,,,,,,,,,,,,,,,,,,,1.0,0.0,1,,,Enhanced TRIP; dislocation slip; no mechanical twinning,,,,,490.0,,1107.0,,,,,,,,,,,77 K response attributed to a more significant TRIP effect.,Paper explicitly reports no mechanical twinning at 77 K.,XRD; SEM; EBSD; TEM; EDS,Yes,Abstract; tensile-temperature comparison,High,A10 condition; only tiny loss of uniform elongation relative to 298 K.,"{""Derived_TRIP_TWIP_class"": ""10"", ""Derived_feature_status"": ""Calculated only for direct formula fields; other derived descriptors remain NA."", ""Derived_log10_strain_rate"": ""-3""}",TRIP_TWIP_P011_P015_FULL_EXTRACTION.xlsx,P011_P015_Master_Extraction,Data_role -> Row_Type | Composition_basis_original -> Composition_basis | Image_modalities -> Characterization_methods,SAFE_QC_COMPLETE_MANUAL_REVIEW_REMAINS,True,EXPERIMENTAL_INDEPENDENT,REVIEW_REQUIRED,SOURCE_HAS_UNMAPPED_FIELDS,P011_PE05,P011_MC05,OBS054,EXPERIMENTAL,INDEPENDENT_CONDITION,,0.0,HIGH,Distinct extracted condition retained as a conservative parent; no cross-row specimen linkage is documented.,,,,,,,,,,,,,,,,,,1.0,0.0,,,,,,,,,,,,,,,,,,,,,,,,,,,,,,,,,,,,,,,,,,,,,,,,,,,,,,,,,,,,,,,,,,,,,,,,,,,,,,,,,,,,,,,,,,,,,,,,,,,,,,,,,,,,,,,,,,,,,
P012,10.1016/j.jallcom.2022.165108,,P012_C01,P012_Fe40Mn40Co10Cr10,P012_Fe40Mn40Co10Cr10,Experimental + thermodynamics,Fe40Mn40Co10Cr10,,at.%,40.0,40.0,10.0,10.0,,,,,,,,,Thermomechanically processed; interrupted tensile characterization,,,,,,,,,,298.0,0.001,,,,,,,,,,,,,,,,,,,,,,,0.0,1.0,1,,,Deformation twinning dominant,,,,,,,,,,,,,,,,,,RT response described as deformation-twinning dominant.,Deformation twinning dominant for all three alloys at RT; coupled TWIP/TRIP reported at cryogenic temperature.,XRD; EBSD; TEM,Yes,Abstract; experimental sections; Table 2/strain-dependent results,High,"SFE, friction stress and ΔG_FCC→HCP are important source descriptors. Exact numeric Table 2 values intentionally left blank here rather than guessed.","{""Derived_TRIP_TWIP_class"": ""01"", ""Derived_feature_status"": ""SFE/ΔG priority fields remain NA until exact source-table extraction."", ""Derived_log10_strain_rate"": ""-3""}",TRIP_TWIP_P011_P015_FULL_EXTRACTION.xlsx,P011_P015_Master_Extraction,Data_role -> Row_Type | Composition_basis_original -> Composition_basis | Image_modalities -> Characterization_methods,SAFE_QC_COMPLETE,False,HYBRID_EXPERIMENTAL_COMPUTATIONAL,NO_FLAG,SOURCE_HAS_UNMAPPED_FIELDS,P012_PE01,P012_MC01,OBS055,HYBRID,INDEPENDENT_CONDITION,,0.0,HIGH,Distinct extracted condition retained as a conservative parent; no cross-row specimen linkage is documented.,,,,,,,,,,,,,,,,,,0.0,1.0,,,,,,,,,,,,,,,,,,,,,,,,,,,,,,,,,,,,,,,,,,,,,,,,,,,,,,,,,,,,,,,,,,,,,,,,,,,,,,,,,,,,,,,,,,,,,,,,,,,,,,,,,,,,,,,,,,,,,
P012,10.1016/j.jallcom.2022.165108,,P012_C02,P012_Fe40Mn40Co10Cr10,P012_Fe40Mn40Co10Cr10,Experimental + thermodynamics,Fe40Mn40Co10Cr10,,at.%,40.0,40.0,10.0,10.0,,,,,,,,,Thermomechanically processed; interrupted tensile characterization,,,,,,,,,,77.0,0.001,,,,,,,,,,,,,,,,,,,,,,,1.0,1.0,1,,,Cryogenic TRIP/TWIP; strain-induced martensite favored,,,,,,,,,,,,,,,,,,"At cryogenic temperature, preferential strain-induced martensitic transformation is reported; Mo increases ε-martensite with strain.",Deformation twinning dominant for all three alloys at RT; coupled TWIP/TRIP reported at cryogenic temperature.,XRD; EBSD; TEM,Yes,Abstract; experimental sections; Table 2/strain-dependent results,High,"SFE, friction stress and ΔG_FCC→HCP are important source descriptors. Exact numeric Table 2 values intentionally left blank here rather than guessed.","{""Derived_TRIP_TWIP_class"": ""11"", ""Derived_feature_status"": ""SFE/ΔG priority fields remain NA until exact source-table extraction."", ""Derived_log10_strain_rate"": ""-3""}",TRIP_TWIP_P011_P015_FULL_EXTRACTION.xlsx,P011_P015_Master_Extraction,Data_role -> Row_Type | Composition_basis_original -> Composition_basis | Image_modalities -> Characterization_methods,SAFE_QC_COMPLETE_MANUAL_REVIEW_REMAINS,True,HYBRID_EXPERIMENTAL_COMPUTATIONAL,REVIEW_REQUIRED,SOURCE_HAS_UNMAPPED_FIELDS,P012_PE02,P012_MC02,OBS056,HYBRID,INDEPENDENT_CONDITION,,0.0,HIGH,Distinct extracted condition retained as a conservative parent; no cross-row specimen linkage is documented.,,,,,,,,,,,,,,,,,,1.0,1.0,,,,,,,,,,,,,,,,,,,,,,,,,,,,,,,,,,,,,,,,,,,,,,,,,,,,,,,,,,,,,,,,,,,,,,,,,,,,,,,,,,,,,,,,,,,,,,,,,,,,,,,,,,,,,,,,,,,,,
P012,10.1016/j.jallcom.2022.165108,,P012_C03,P012_Fe39.5Mn40Co10Cr10C0.5,P012_Fe39.5Mn40Co10Cr10C0.5,Experimental + thermodynamics,Fe39.5Mn40Co10Cr10C0.5,,at.%,39.5,40.0,10.0,10.0,,,0.5,,,,,,Thermomechanically processed; interrupted tensile characterization,,,,,,,,,,298.0,0.001,,,,,,,,,,,,,,,,,,,,,,,0.0,1.0,1,,,Deformation twinning dominant,,,,,,,,,,,,,,,,,,RT response described as deformation-twinning dominant.,Deformation twinning dominant for all three alloys at RT; coupled TWIP/TRIP reported at cryogenic temperature.,XRD; EBSD; TEM,Yes,Abstract; experimental sections; Table 2/strain-dependent results,High,"SFE, friction stress and ΔG_FCC→HCP are important source descriptors. Exact numeric Table 2 values intentionally left blank here rather than guessed.","{""Derived_TRIP_TWIP_class"": ""01"", ""Derived_feature_status"": ""SFE/ΔG priority fields remain NA until exact source-table extraction."", ""Derived_log10_strain_rate"": ""-3""}",TRIP_TWIP_P011_P015_FULL_EXTRACTION.xlsx,P011_P015_Master_Extraction,Data_role -> Row_Type | Composition_basis_original -> Composition_basis | Image_modalities -> Characterization_methods,SAFE_QC_COMPLETE,False,HYBRID_EXPERIMENTAL_COMPUTATIONAL,NO_FLAG,SOURCE_HAS_UNMAPPED_FIELDS,P012_PE03,P012_MC03,OBS057,HYBRID,INDEPENDENT_CONDITION,,0.0,HIGH,Distinct extracted condition retained as a conservative parent; no cross-row specimen linkage is documented.,,,,,,,,,,,,,,,,,,0.0,1.0,,,,,,,,,,,,,,,,,,,,,,,,,,,,,,,,,,,,,,,,,,,,,,,,,,,,,,,,,,,,,,,,,,,,,,,,,,,,,,,,,,,,,,,,,,,,,,,,,,,,,,,,,,,,,,,,,,,,,
P012,10.1016/j.jallcom.2022.165108,,P012_C04,P012_Fe39.5Mn40Co10Cr10C0.5,P012_Fe39.5Mn40Co10Cr10C0.5,Experimental + thermodynamics,Fe39.5Mn40Co10Cr10C0.5,,at.%,39.5,40.0,10.0,10.0,,,0.5,,,,,,Thermomechanically processed; interrupted tensile characterization,,,,,,,,,,77.0,0.001,,,,,,,,,,,,,,,,,,,,,,,1.0,1.0,1,,,Synergistic TWIP + TRIP; exceptional strength/ductility,,,,,,,1022.0,,110.0,,,,,,,,,"At cryogenic temperature, preferential strain-induced martensitic transformation is reported; Mo increases ε-martensite with strain.",Deformation twinning dominant for all three alloys at RT; coupled TWIP/TRIP reported at cryogenic temperature.,XRD; EBSD; TEM,Yes,Abstract; experimental sections; Table 2/strain-dependent results,High,"SFE, friction stress and ΔG_FCC→HCP are important source descriptors. Exact numeric Table 2 values intentionally left blank here rather than guessed.","{""Derived_TRIP_TWIP_class"": ""11"", ""Derived_feature_status"": ""SFE/ΔG priority fields remain NA until exact source-table extraction."", ""Derived_log10_strain_rate"": ""-3""}",TRIP_TWIP_P011_P015_FULL_EXTRACTION.xlsx,P011_P015_Master_Extraction,Data_role -> Row_Type | Composition_basis_original -> Composition_basis | Image_modalities -> Characterization_methods,SAFE_QC_COMPLETE_MANUAL_REVIEW_REMAINS,True,HYBRID_EXPERIMENTAL_COMPUTATIONAL,REVIEW_REQUIRED,SOURCE_HAS_UNMAPPED_FIELDS,P012_PE04,P012_MC04,OBS058,HYBRID,INDEPENDENT_CONDITION,,0.0,HIGH,Distinct extracted condition retained as a conservative parent; no cross-row specimen linkage is documented.,,,,,,,,,,,,,,,,,,1.0,1.0,,,,,,,,,,,,,,,,,,,,,,,,,,,,,,,,,,,,,,,,,,,,,,,,,,,,,,,,,,,,,,,,,,,,,,,,,,,,,,,,,,,,,,,,,,,,,,,,,,,,,,,,,,,,,,,,,,,,,
P012,10.1016/j.jallcom.2022.165108,,P012_C05,P012_Fe38.3Mn40Co10Cr10Mo1.7,P012_Fe38.3Mn40Co10Cr10Mo1.7,Experimental + thermodynamics,Fe38.3Mn40Co10Cr10Mo1.7,,at.%,38.3,40.0,10.0,10.0,,,,1.7,,,,,Thermomechanically processed; interrupted tensile characterization,,,,,,,,,,298.0,0.001,,,,,,,,,,,,,,,,,,,,,,,0.0,1.0,1,,,Deformation twinning dominant,,,,,,,,,,,,,,,,,,RT response described as deformation-twinning dominant.,Deformation twinning dominant for all three alloys at RT; coupled TWIP/TRIP reported at cryogenic temperature.,XRD; EBSD; TEM,Yes,Abstract; experimental sections; Table 2/strain-dependent results,High,"SFE, friction stress and ΔG_FCC→HCP are important source descriptors. Exact numeric Table 2 values intentionally left blank here rather than guessed.","{""Derived_TRIP_TWIP_class"": ""01"", ""Derived_feature_status"": ""SFE/ΔG priority fields remain NA until exact source-table extraction."", ""Derived_log10_strain_rate"": ""-3""}",TRIP_TWIP_P011_P015_FULL_EXTRACTION.xlsx,P011_P015_Master_Extraction,Data_role -> Row_Type | Composition_basis_original -> Composition_basis | Image_modalities -> Characterization_methods,SAFE_QC_COMPLETE,False,HYBRID_EXPERIMENTAL_COMPUTATIONAL,NO_FLAG,SOURCE_HAS_UNMAPPED_FIELDS,P012_PE05,P012_MC05,OBS059,HYBRID,INDEPENDENT_CONDITION,,0.0,HIGH,Distinct extracted condition retained as a conservative parent; no cross-row specimen linkage is documented.,,,,,,,,,,,,,,,,,,0.0,1.0,,,,,,,,,,,,,,,,,,,,,,,,,,,,,,,,,,,,,,,,,,,,,,,,,,,,,,,,,,,,,,,,,,,,,,,,,,,,,,,,,,,,,,,,,,,,,,,,,,,,,,,,,,,,,,,,,,,,,
P012,10.1016/j.jallcom.2022.165108,,P012_C06,P012_Fe38.3Mn40Co10Cr10Mo1.7,P012_Fe38.3Mn40Co10Cr10Mo1.7,Experimental + thermodynamics,Fe38.3Mn40Co10Cr10Mo1.7,,at.%,38.3,40.0,10.0,10.0,,,,1.7,,,,,Thermomechanically processed; interrupted tensile characterization,,,,,,,,,,77.0,0.001,,,,,,,,,,,,,,,,,,,,,,,1.0,1.0,1,,,Enhanced ε-martensite formation + twinning,,,,,,,,,,,,,,,,,,"At cryogenic temperature, preferential strain-induced martensitic transformation is reported; Mo increases ε-martensite with strain.",Deformation twinning dominant for all three alloys at RT; coupled TWIP/TRIP reported at cryogenic temperature.,XRD; EBSD; TEM,Yes,Abstract; experimental sections; Table 2/strain-dependent results,High,"SFE, friction stress and ΔG_FCC→HCP are important source descriptors. Exact numeric Table 2 values intentionally left blank here rather than guessed.","{""Derived_TRIP_TWIP_class"": ""11"", ""Derived_feature_status"": ""SFE/ΔG priority fields remain NA until exact source-table extraction."", ""Derived_log10_strain_rate"": ""-3""}",TRIP_TWIP_P011_P015_FULL_EXTRACTION.xlsx,P011_P015_Master_Extraction,Data_role -> Row_Type | Composition_basis_original -> Composition_basis | Image_modalities -> Characterization_methods,SAFE_QC_COMPLETE,False,HYBRID_EXPERIMENTAL_COMPUTATIONAL,NO_FLAG,SOURCE_HAS_UNMAPPED_FIELDS,P012_PE06,P012_MC06,OBS060,HYBRID,INDEPENDENT_CONDITION,,0.0,HIGH,Distinct extracted condition retained as a conservative parent; no cross-row specimen linkage is documented.,,,,,,,,,,,,,,,,,,1.0,1.0,,,,,,,,,,,,,,,,,,,,,,,,,,,,,,,,,,,,,,,,,,,,,,,,,,,,,,,,,,,,,,,,,,,,,,,,,,,,,,,,,,,,,,,,,,,,,,,,,,,,,,,,,,,,,,,,,,,,,
P013,10.1016/j.ijplas.2024.104048,,P013_C01,P013_G01,P013_G01,Experimental in-situ strain-resolved,Fe50Mn30Co10Cr10,,at.%,50.0,30.0,10.0,10.0,,,,,,,,,As-cast DP-HEA; in-situ tensile loading under synchrotron X-ray diffraction,,,,,,,,,,298.0,0.001,,,,,,Full tensile test,,,,,,,,,,,,,,,,,1.0,1.0,1,,,Four-stage response involving FCC→HCP TRIP and HCP twinning,,,,,,,,,,,,,,,,,,In-situ SXRD quantitatively tracks γ-FCC→ε-HCP phase evolution.,SXRD peak/orientation analysis identifies twinning activity in ε-HCP during loading.,In-situ SXRD; EBSD; OM; SEM,Yes,Abstract; Materials and methods; four-stage SXRD results,High,Parent row. Repeated SXRD measurements are correlated and must not be treated as independent train/test samples.,"{""Derived_TRIP_TWIP_class"": ""11"", ""Derived_feature_status"": ""Phase fraction, lattice strain, integrated intensity, c/a and dislocation density are source-available strain-resolved descriptors; exact pointwise values should be digitized later."", ""Derived_log10_strain_rate"": ""-3""}",TRIP_TWIP_P011_P015_FULL_EXTRACTION.xlsx,P011_P015_Master_Extraction,Data_role -> Row_Type | Composition_basis_original -> Composition_basis | Image_modalities -> Characterization_methods,SAFE_QC_COMPLETE,False,EXPERIMENTAL_REPEATED_STAGE,NO_FLAG,SOURCE_HAS_UNMAPPED_FIELDS,P013_PE01,P013_MC01,OBS061,EXPERIMENTAL,REPEATED_STAGE,P013_MC01_DS01,0.0,HIGH,Extracted stage metadata identifies observations from one interrupted or in-situ tensile series.,,,,,,,,,,,,,,,,,,1.0,1.0,,,,,,,,,,,,,,,,,,,,,,,,,,,,,,,,,,,,,,,,,,,,,,,,,,,,,,,,,,,,,,,,,,,,,,,,,,,,,,,,,,,,,,,,,,,,,,,,,,,,,,,,,,,,,,,,,,,,,
P013,10.1016/j.ijplas.2024.104048,,P013_C02,P013_G01,P013_G01,Experimental in-situ strain-resolved,Fe50Mn30Co10Cr10,,at.%,50.0,30.0,10.0,10.0,,,,,,,,,As-cast DP-HEA; in-situ tensile loading under synchrotron X-ray diffraction,,,,,,,,,,298.0,0.001,,,,,,Stage I,,,,,,,,,,,,,,,,,1.0,1.0,1,,,Stage-resolved load accommodation from SXRD; TRIP/TWIP/slip contributions evolve with stress.,,,,,,,,,,,,,,,,,,In-situ SXRD quantitatively tracks γ-FCC→ε-HCP phase evolution.,SXRD peak/orientation analysis identifies twinning activity in ε-HCP during loading.,In-situ SXRD; EBSD; OM; SEM,Yes,Abstract; Materials and methods; four-stage SXRD results,High,"Stage row retained for later insertion of exact stress/strain, phase fraction, lattice strain, c/a and dislocation-density values from figures.","{""Derived_TRIP_TWIP_class"": ""11"", ""Derived_feature_status"": ""Phase fraction, lattice strain, integrated intensity, c/a and dislocation density are source-available strain-resolved descriptors; exact pointwise values should be digitized later."", ""Derived_log10_strain_rate"": ""-3""}",TRIP_TWIP_P011_P015_FULL_EXTRACTION.xlsx,P011_P015_Master_Extraction,Data_role -> Row_Type | Composition_basis_original -> Composition_basis | Image_modalities -> Characterization_methods,SAFE_QC_COMPLETE_MANUAL_REVIEW_REMAINS,True,EXPERIMENTAL_REPEATED_STAGE,REVIEW_REQUIRED,SOURCE_HAS_UNMAPPED_FIELDS,P013_PE01,P013_MC01,OBS062,EXPERIMENTAL,REPEATED_STAGE,P013_MC01_DS02,0.0,HIGH,Extracted stage metadata identifies observations from one interrupted or in-situ tensile series.,,,,,,,,,,,,,,,,,,1.0,1.0,,,,,,,,,,,,,,,,,,,,,,,,,,,,,,,,,,,,,,,,,,,,,,,,,,,,,,,,,,,,,,,,,,,,,,,,,,,,,,,,,,,,,,,,,,,,,,,,,,,,,,,,,,,,,,,,,,,,,
P013,10.1016/j.ijplas.2024.104048,,P013_C03,P013_G01,P013_G01,Experimental in-situ strain-resolved,Fe50Mn30Co10Cr10,,at.%,50.0,30.0,10.0,10.0,,,,,,,,,As-cast DP-HEA; in-situ tensile loading under synchrotron X-ray diffraction,,,,,,,,,,298.0,0.001,,,,,,Stage II,,,,,,,,,,,,,,,,,1.0,1.0,1,,,Stage-resolved load accommodation from SXRD; TRIP/TWIP/slip contributions evolve with stress.,,,,,,,,,,,,,,,,,,In-situ SXRD quantitatively tracks γ-FCC→ε-HCP phase evolution.,SXRD peak/orientation analysis identifies twinning activity in ε-HCP during loading.,In-situ SXRD; EBSD; OM; SEM,Yes,Abstract; Materials and methods; four-stage SXRD results,High,"Stage row retained for later insertion of exact stress/strain, phase fraction, lattice strain, c/a and dislocation-density values from figures.","{""Derived_TRIP_TWIP_class"": ""11"", ""Derived_feature_status"": ""Phase fraction, lattice strain, integrated intensity, c/a and dislocation density are source-available strain-resolved descriptors; exact pointwise values should be digitized later."", ""Derived_log10_strain_rate"": ""-3""}",TRIP_TWIP_P011_P015_FULL_EXTRACTION.xlsx,P011_P015_Master_Extraction,Data_role -> Row_Type | Composition_basis_original -> Composition_basis | Image_modalities -> Characterization_methods,SAFE_QC_COMPLETE_MANUAL_REVIEW_REMAINS,True,EXPERIMENTAL_REPEATED_STAGE,REVIEW_REQUIRED,SOURCE_HAS_UNMAPPED_FIELDS,P013_PE01,P013_MC01,OBS063,EXPERIMENTAL,REPEATED_STAGE,P013_MC01_DS03,0.0,HIGH,Extracted stage metadata identifies observations from one interrupted or in-situ tensile series.,,,,,,,,,,,,,,,,,,1.0,1.0,,,,,,,,,,,,,,,,,,,,,,,,,,,,,,,,,,,,,,,,,,,,,,,,,,,,,,,,,,,,,,,,,,,,,,,,,,,,,,,,,,,,,,,,,,,,,,,,,,,,,,,,,,,,,,,,,,,,,
P013,10.1016/j.ijplas.2024.104048,,P013_C04,P013_G01,P013_G01,Experimental in-situ strain-resolved,Fe50Mn30Co10Cr10,,at.%,50.0,30.0,10.0,10.0,,,,,,,,,As-cast DP-HEA; in-situ tensile loading under synchrotron X-ray diffraction,,,,,,,,,,298.0,0.001,,,,,,Stage III,,,,,,,,,,,,,,,,,1.0,1.0,1,,,Stage-resolved load accommodation from SXRD; TRIP/TWIP/slip contributions evolve with stress.,,,,,,,,,,,,,,,,,,In-situ SXRD quantitatively tracks γ-FCC→ε-HCP phase evolution.,SXRD peak/orientation analysis identifies twinning activity in ε-HCP during loading.,In-situ SXRD; EBSD; OM; SEM,Yes,Abstract; Materials and methods; four-stage SXRD results,High,"Stage row retained for later insertion of exact stress/strain, phase fraction, lattice strain, c/a and dislocation-density values from figures.","{""Derived_TRIP_TWIP_class"": ""11"", ""Derived_feature_status"": ""Phase fraction, lattice strain, integrated intensity, c/a and dislocation density are source-available strain-resolved descriptors; exact pointwise values should be digitized later."", ""Derived_log10_strain_rate"": ""-3""}",TRIP_TWIP_P011_P015_FULL_EXTRACTION.xlsx,P011_P015_Master_Extraction,Data_role -> Row_Type | Composition_basis_original -> Composition_basis | Image_modalities -> Characterization_methods,SAFE_QC_COMPLETE_MANUAL_REVIEW_REMAINS,True,EXPERIMENTAL_REPEATED_STAGE,REVIEW_REQUIRED,SOURCE_HAS_UNMAPPED_FIELDS,P013_PE01,P013_MC01,OBS064,EXPERIMENTAL,REPEATED_STAGE,P013_MC01_DS04,0.0,HIGH,Extracted stage metadata identifies observations from one interrupted or in-situ tensile series.,,,,,,,,,,,,,,,,,,1.0,1.0,,,,,,,,,,,,,,,,,,,,,,,,,,,,,,,,,,,,,,,,,,,,,,,,,,,,,,,,,,,,,,,,,,,,,,,,,,,,,,,,,,,,,,,,,,,,,,,,,,,,,,,,,,,,,,,,,,,,,
P013,10.1016/j.ijplas.2024.104048,,P013_C05,P013_G01,P013_G01,Experimental in-situ strain-resolved,Fe50Mn30Co10Cr10,,at.%,50.0,30.0,10.0,10.0,,,,,,,,,As-cast DP-HEA; in-situ tensile loading under synchrotron X-ray diffraction,,,,,,,,,,298.0,0.001,,,,,,Stage IV,,,,,,,,,,,,,,,,,1.0,1.0,1,,,Stage-resolved load accommodation from SXRD; TRIP/TWIP/slip contributions evolve with stress.,,,,,,,,,,,,,,,,,,In-situ SXRD quantitatively tracks γ-FCC→ε-HCP phase evolution.,SXRD peak/orientation analysis identifies twinning activity in ε-HCP during loading.,In-situ SXRD; EBSD; OM; SEM,Yes,Abstract; Materials and methods; four-stage SXRD results,High,"Stage row retained for later insertion of exact stress/strain, phase fraction, lattice strain, c/a and dislocation-density values from figures.","{""Derived_TRIP_TWIP_class"": ""11"", ""Derived_feature_status"": ""Phase fraction, lattice strain, integrated intensity, c/a and dislocation density are source-available strain-resolved descriptors; exact pointwise values should be digitized later."", ""Derived_log10_strain_rate"": ""-3""}",TRIP_TWIP_P011_P015_FULL_EXTRACTION.xlsx,P011_P015_Master_Extraction,Data_role -> Row_Type | Composition_basis_original -> Composition_basis | Image_modalities -> Characterization_methods,SAFE_QC_COMPLETE_MANUAL_REVIEW_REMAINS,True,EXPERIMENTAL_REPEATED_STAGE,REVIEW_REQUIRED,SOURCE_HAS_UNMAPPED_FIELDS,P013_PE01,P013_MC01,OBS065,EXPERIMENTAL,REPEATED_STAGE,P013_MC01_DS05,0.0,HIGH,Extracted stage metadata identifies observations from one interrupted or in-situ tensile series.,,,,,,,,,,,,,,,,,,1.0,1.0,,,,,,,,,,,,,,,,,,,,,,,,,,,,,,,,,,,,,,,,,,,,,,,,,,,,,,,,,,,,,,,,,,,,,,,,,,,,,,,,,,,,,,,,,,,,,,,,,,,,,,,,,,,,,,,,,,,,,
P014,10.3390/ma17235893,,P014_C01,P014_As-cast,P014_As-cast,Experimental,Fe50Mn30Co10Cr10,,at.%,50.0,30.0,10.0,10.0,,,,,,,,,As-cast,,,,,,,,,,298.0,,,,,,,,,,,,,,,,,,,,,,,,1.0,1.0,1,,0,Microstructure reference state,,,,,,,,,,,,,,,,,,Cold rolling induces FCC→HCP; tensile deformation of heterogeneous states includes FCC→HCP transformation.,Deformation twins contribute to ductility in heterogeneous annealed states.,XRD; SEM; EBSD; TEM; microhardness,Yes,Processing; microstructure; tensile and strengthening/deformation-mechanism sections,Medium,"A600 (600C/10 min) reported as best strength-ductility condition. During annealing, part of HCP reverses to FCC, producing heterogeneous deformed/recrystallized FCC structure.","{""Derived_TRIP_TWIP_class"": ""11"", ""Derived_feature_status"": ""Exact phase/recrystallized fractions, hardness and mechanical-property values can be populated from source figures/tables later.""}",TRIP_TWIP_P011_P015_FULL_EXTRACTION.xlsx,P011_P015_Master_Extraction,Data_role -> Row_Type | Composition_basis_original -> Composition_basis | Image_modalities -> Characterization_methods,SAFE_QC_COMPLETE,False,EXPERIMENTAL_INDEPENDENT,NO_FLAG,SOURCE_HAS_UNMAPPED_FIELDS,P014_PE01,P014_MC01,OBS066,EXPERIMENTAL,INDEPENDENT_CONDITION,,0.0,HIGH,Distinct extracted condition retained as a conservative parent; no cross-row specimen linkage is documented.,,,,,,,,,,,,,,,,,,1.0,1.0,,,,,,,,,,,,,,,,,,,,,,,,,,,,,,,,,,,,,,,,,,,,,,,,,,,,,,,,,,,,,,,,,,,,,,,,,,,,,,,,,,,,,,,,,,,,,,,,,,,,,,,,,,,,,,,,,,,,,
P014,10.3390/ma17235893,,P014_C02,P014_Cold rolled,P014_Cold rolled,Experimental,Fe50Mn30Co10Cr10,,at.%,50.0,30.0,10.0,10.0,,,,,,,,,Cold rolled,,,,,,,,,,298.0,,,,,,,,,,,,,,,,,,,,,,,,1.0,1.0,1,,0,Microstructure reference state,,,,,,,,,,,,,,,,,,Cold rolling induces FCC→HCP; tensile deformation of heterogeneous states includes FCC→HCP transformation.,Deformation twins contribute to ductility in heterogeneous annealed states.,XRD; SEM; EBSD; TEM; microhardness,Yes,Processing; microstructure; tensile and strengthening/deformation-mechanism sections,Medium,"A600 (600C/10 min) reported as best strength-ductility condition. During annealing, part of HCP reverses to FCC, producing heterogeneous deformed/recrystallized FCC structure.","{""Derived_TRIP_TWIP_class"": ""11"", ""Derived_feature_status"": ""Exact phase/recrystallized fractions, hardness and mechanical-property values can be populated from source figures/tables later.""}",TRIP_TWIP_P011_P015_FULL_EXTRACTION.xlsx,P011_P015_Master_Extraction,Data_role -> Row_Type | Composition_basis_original -> Composition_basis | Image_modalities -> Characterization_methods,SAFE_QC_COMPLETE,False,EXPERIMENTAL_INDEPENDENT,NO_FLAG,SOURCE_HAS_UNMAPPED_FIELDS,P014_PE02,P014_MC02,OBS067,EXPERIMENTAL,INDEPENDENT_CONDITION,,0.0,HIGH,Distinct extracted condition retained as a conservative parent; no cross-row specimen linkage is documented.,,,,,,,,,,,,,,,,,,1.0,1.0,,,,,,,,,,,,,,,,,,,,,,,,,,,,,,,,,,,,,,,,,,,,,,,,,,,,,,,,,,,,,,,,,,,,,,,,,,,,,,,,,,,,,,,,,,,,,,,,,,,,,,,,,,,,,,,,,,,,,
P014,10.3390/ma17235893,,P014_C03,P014_A600,P014_A600,Experimental,Fe50Mn30Co10Cr10,,at.%,50.0,30.0,10.0,10.0,,,,,,,,,Cold rolling followed by partial-recrystallization annealing,,,,,,,873.15,10.0,,298.0,0.001,,,,,,,,,,,,,,,,,,,,,,,1.0,1.0,1,,1,FCC→HCP transformation + deformation twins + HDI strengthening/strain hardening,,,,,,,,,,,,,,,,,,Cold rolling induces FCC→HCP; tensile deformation of heterogeneous states includes FCC→HCP transformation.,Deformation twins contribute to ductility in heterogeneous annealed states.,XRD; SEM; EBSD; TEM; microhardness,Yes,Processing; microstructure; tensile and strengthening/deformation-mechanism sections,Medium,"A600 (600C/10 min) reported as best strength-ductility condition. During annealing, part of HCP reverses to FCC, producing heterogeneous deformed/recrystallized FCC structure.","{""Derived_TRIP_TWIP_class"": ""11"", ""Derived_feature_status"": ""Exact phase/recrystallized fractions, hardness and mechanical-property values can be populated from source figures/tables later."", ""Derived_log10_strain_rate"": ""-3""}",TRIP_TWIP_P011_P015_FULL_EXTRACTION.xlsx,P011_P015_Master_Extraction,Data_role -> Row_Type | Composition_basis_original -> Composition_basis | Image_modalities -> Characterization_methods,SAFE_QC_COMPLETE_MANUAL_REVIEW_REMAINS,True,EXPERIMENTAL_INDEPENDENT,REVIEW_REQUIRED,SOURCE_HAS_UNMAPPED_FIELDS,P014_PE03,P014_MC03,OBS068,EXPERIMENTAL,INDEPENDENT_CONDITION,,0.0,HIGH,Distinct extracted condition retained as a conservative parent; no cross-row specimen linkage is documented.,,,,,,,,,,,,,,,,,,1.0,1.0,,,,,,,,,,,,,,,,,,,,,,,,,,,,,,,,,,,,,,,,,,,,,,,,,,,,,,,,,,,,,,,,,,,,,,,,,,,,,,,,,,,,,,,,,,,,,,,,,,,,,,,,,,,,,,,,,,,,,
P014,10.3390/ma17235893,,P014_C04,P014_A650,P014_A650,Experimental,Fe50Mn30Co10Cr10,,at.%,50.0,30.0,10.0,10.0,,,,,,,,,Cold rolling followed by partial-recrystallization annealing,,,,,,,923.15,10.0,,298.0,0.001,,,,,,,,,,,,,,,,,,,,,,,1.0,1.0,1,,1,FCC→HCP transformation + deformation twins + HDI strengthening/strain hardening,,,,,,,,,,,,,,,,,,Cold rolling induces FCC→HCP; tensile deformation of heterogeneous states includes FCC→HCP transformation.,Deformation twins contribute to ductility in heterogeneous annealed states.,XRD; SEM; EBSD; TEM; microhardness,Yes,Processing; microstructure; tensile and strengthening/deformation-mechanism sections,Medium,"A600 (600C/10 min) reported as best strength-ductility condition. During annealing, part of HCP reverses to FCC, producing heterogeneous deformed/recrystallized FCC structure.","{""Derived_TRIP_TWIP_class"": ""11"", ""Derived_feature_status"": ""Exact phase/recrystallized fractions, hardness and mechanical-property values can be populated from source figures/tables later."", ""Derived_log10_strain_rate"": ""-3""}",TRIP_TWIP_P011_P015_FULL_EXTRACTION.xlsx,P011_P015_Master_Extraction,Data_role -> Row_Type | Composition_basis_original -> Composition_basis | Image_modalities -> Characterization_methods,SAFE_QC_COMPLETE_MANUAL_REVIEW_REMAINS,True,EXPERIMENTAL_INDEPENDENT,REVIEW_REQUIRED,SOURCE_HAS_UNMAPPED_FIELDS,P014_PE04,P014_MC04,OBS069,EXPERIMENTAL,INDEPENDENT_CONDITION,,0.0,HIGH,Distinct extracted condition retained as a conservative parent; no cross-row specimen linkage is documented.,,,,,,,,,,,,,,,,,,1.0,1.0,,,,,,,,,,,,,,,,,,,,,,,,,,,,,,,,,,,,,,,,,,,,,,,,,,,,,,,,,,,,,,,,,,,,,,,,,,,,,,,,,,,,,,,,,,,,,,,,,,,,,,,,,,,,,,,,,,,,,
P014,10.3390/ma17235893,,P014_C05,P014_A700,P014_A700,Experimental,Fe50Mn30Co10Cr10,,at.%,50.0,30.0,10.0,10.0,,,,,,,,,Cold rolling followed by partial-recrystallization annealing,,,,,,,973.15,10.0,,298.0,0.001,,,,,,,,,,,,,,,,,,,,,,,1.0,1.0,1,,1,FCC→HCP transformation + deformation twins + HDI strengthening/strain hardening,,,,,,,,,,,,,,,,,,Cold rolling induces FCC→HCP; tensile deformation of heterogeneous states includes FCC→HCP transformation.,Deformation twins contribute to ductility in heterogeneous annealed states.,XRD; SEM; EBSD; TEM; microhardness,Yes,Processing; microstructure; tensile and strengthening/deformation-mechanism sections,Medium,"A600 (600C/10 min) reported as best strength-ductility condition. During annealing, part of HCP reverses to FCC, producing heterogeneous deformed/recrystallized FCC structure.","{""Derived_TRIP_TWIP_class"": ""11"", ""Derived_feature_status"": ""Exact phase/recrystallized fractions, hardness and mechanical-property values can be populated from source figures/tables later."", ""Derived_log10_strain_rate"": ""-3""}",TRIP_TWIP_P011_P015_FULL_EXTRACTION.xlsx,P011_P015_Master_Extraction,Data_role -> Row_Type | Composition_basis_original -> Composition_basis | Image_modalities -> Characterization_methods,SAFE_QC_COMPLETE_MANUAL_REVIEW_REMAINS,True,EXPERIMENTAL_INDEPENDENT,REVIEW_REQUIRED,SOURCE_HAS_UNMAPPED_FIELDS,P014_PE05,P014_MC05,OBS070,EXPERIMENTAL,INDEPENDENT_CONDITION,,0.0,HIGH,Distinct extracted condition retained as a conservative parent; no cross-row specimen linkage is documented.,,,,,,,,,,,,,,,,,,1.0,1.0,,,,,,,,,,,,,,,,,,,,,,,,,,,,,,,,,,,,,,,,,,,,,,,,,,,,,,,,,,,,,,,,,,,,,,,,,,,,,,,,,,,,,,,,,,,,,,,,,,,,,,,,,,,,,,,,,,,,,
P015,10.1016/j.jallcom.2026.188919,,P015_C01,P015_G01,P015_G01,Experimental + MD-derived SFE,Fe50Mn20Cr20Ni10,,at.%,50.0,20.0,,20.0,10.0,,,,,,,,VIM under Ar; extra 5 wt% Mn charge; cast in Cu mold; homogenized 1473 K/6 h; water quenched,,1473.0,6.0,,,,,,,298.0,0.001,,,,,,,,,1.0,,,36.62,,Molecular dynamics at test temperature,,,,,,,,,0.0,1.0,1,,,TWIP-dominant; deformation bands/HDDWs and nanotwins,,,,,300.0,,550.0,,,,,,,,,,,No TRIP-dominant response; TWIP governs at 298 K.,Mechanical nanotwins observed; TWIP active at both temperatures.,XRD; SEM/EBSD; TEM/HR-TEM/SAED; MD,Yes,Abstract; Sections 2.1-2.4; mechanism model; conclusions,High,Critical normal growth stress model: ε-martensite ~742 MPa at 77 K and ~745 MPa at 298 K; twins ~440 MPa at 77 K and ~658 MPa at 298 K. At 77 K TWIP begins near plastic onset; TRIP inferred near ~12% strain. Keep MD deformation rate separate from experimental tensile rate.,"{""Derived_TRIP_TWIP_class"": ""01"", ""Derived_feature_status"": ""Direct formula fields calculated; other composition descriptors remain NA."", ""Derived_log10_strain_rate"": ""-3""}",TRIP_TWIP_P011_P015_FULL_EXTRACTION.xlsx,P011_P015_Master_Extraction,Data_role -> Row_Type | Composition_basis_original -> Composition_basis | Image_modalities -> Characterization_methods,SAFE_QC_COMPLETE_MANUAL_REVIEW_REMAINS,True,COMPUTATIONAL_MD,REVIEW_REQUIRED,SOURCE_HAS_UNMAPPED_FIELDS,P015_PE01,P015_MC01,OBS071,HYBRID,COMPUTATIONAL_CONDITION,,0.0,HIGH,Computational condition is isolated from experimental parents and experimental condition counts.,,,,,,,,,,,,,,,,,,0.0,1.0,,,,,,,,,,,,,,,,,,,,,,,,,,,,,,,,,,,,,,,,,,,,,,,,,,,,,,,,,,,,,,,,,,,,,,,,,,,,,,,,,,,,,,,,,,,,,,,,,,,,,,,,,,,,,,,,,,,,,
P015,10.1016/j.jallcom.2026.188919,,P015_C02,P015_G01,P015_G01,Experimental + MD-derived SFE,Fe50Mn20Cr20Ni10,,at.%,50.0,20.0,,20.0,10.0,,,,,,,,VIM under Ar; extra 5 wt% Mn charge; cast in Cu mold; homogenized 1473 K/6 h; water quenched,,1473.0,6.0,,,,,,,77.0,0.001,,,,,,,,,1.0,,,10.97,,Molecular dynamics at test temperature,,,,,,,,,1.0,1.0,1,,,Synergistic TWIP + TRIP; secondary twins + ε-martensite,,,,,608.0,,850.0,,,,,,,,,,,ε-martensite activated at high strain at 77 K.,Mechanical nanotwins observed; TWIP active at both temperatures.,XRD; SEM/EBSD; TEM/HR-TEM/SAED; MD,Yes,Abstract; Sections 2.1-2.4; mechanism model; conclusions,High,Critical normal growth stress model: ε-martensite ~742 MPa at 77 K and ~745 MPa at 298 K; twins ~440 MPa at 77 K and ~658 MPa at 298 K. At 77 K TWIP begins near plastic onset; TRIP inferred near ~12% strain. Keep MD deformation rate separate from experimental tensile rate.,"{""Derived_TRIP_TWIP_class"": ""11"", ""Derived_feature_status"": ""Direct formula fields calculated; other composition descriptors remain NA."", ""Derived_log10_strain_rate"": ""-3""}",TRIP_TWIP_P011_P015_FULL_EXTRACTION.xlsx,P011_P015_Master_Extraction,Data_role -> Row_Type | Composition_basis_original -> Composition_basis | Image_modalities -> Characterization_methods,SAFE_QC_COMPLETE_MANUAL_REVIEW_REMAINS,True,COMPUTATIONAL_MD,REVIEW_REQUIRED,SOURCE_HAS_UNMAPPED_FIELDS,P015_PE02,P015_MC02,OBS072,HYBRID,COMPUTATIONAL_CONDITION,,0.0,HIGH,Computational condition is isolated from experimental parents and experimental condition counts.,,,,,,,,,,,,,,,,,,1.0,1.0,,,,,,,,,,,,,,,,,,,,,,,,,,,,,,,,,,,,,,,,,,,,,,,,,,,,,,,,,,,,,,,,,,,,,,,,,,,,,,,,,,,,,,,,,,,,,,,,,,,,,,,,,,,,,,,,,,,,,
P016,10.1016/j.actamat.2018.10.017,Hierarchical microstructure design to tune the mechanical behavior of an interstitial TRIP-TWIP high-entropy alloy,P016_C01,P016_G01,P016_G01,Experimental processing/tensile condition,Fe49.5Mn30Co10Cr10C0.5,Fe49.5Mn30Co10Cr10C0.5,at.%,49.5,30.0,10.0,10.0,,,0.5,,,,,,Hot roll 50%; homogenize 1200C/2h; cold roll 67%; temper/anneal,,1473.0,2.0,,,67.0,673.0,3.0,,298.0,0.001,,,,,,Bimodal tempered,,,,,,,,,,,,,,,,,,,1,,,Nanograin/nanotwin strengthening; condition-specific TRIP/TWIP labels not forced,,,,,1300.0,,,,14.0,,,,,,,,,Condition-specific binary TRIP label not explicitly assigned,Condition-specific binary TWIP label not explicitly assigned,EBSD; ECC; XRD; TEM; DIC,Yes,Acta Materialia 163 (2019) 40–54,Medium,~50 nm nanograins + recovered parent grains 10–35 µm with pre-existing nanotwins | Bimodal state ~2× stronger; trimodal structure increases ductility from ~14% to ~60%.,,TRIP_TWIP_P016_P019_FULL_EXTRACTION.xlsx,P016_P019_Master_Extraction,,SAFE_QC_COMPLETE_MANUAL_REVIEW_REMAINS,True,EXPERIMENTAL_INDEPENDENT,REVIEW_REQUIRED,CANONICAL_OR_SAFE_ALIAS,P016_PE_400C_3min,P016_MC_400C_3min,OBS073,EXPERIMENTAL,INDEPENDENT_CONDITION,,0.0,HIGH,Map legacy condition 1:1; preserve row,,,,,,,,,,,,,18.0,"[{""feature"": ""SFE_assumed_for_calculation_mJ_m2"", ""status"": ""ASSUMED_NOT_MEASURED"", ""page"": ""pp. 26–28"", ""figure"": """"}]",,,"{""workbook_sheet"": ""P016_Hierarchy_Resolution"", ""status"": ""UNRESOLVED"", ""source"": ""P016 PDF pp. 9-10, 21-22; Figs. 2-3,6""}",,,,,,,,,,,,,,,,,,,,,,,,,,,,,,,,,,,,,,,,,,,,,,,,,,,,,,,,,,,,,,,,,,,,,,,,,,,,,,,,,,,,,,,,,,,,,,,,,,,,,,,,,,,,,,,,,,,,,,,
P016,10.1016/j.actamat.2018.10.017,Hierarchical microstructure design to tune the mechanical behavior of an interstitial TRIP-TWIP high-entropy alloy,P016_C02,P016_G02,P016_G02,Experimental processing/tensile condition,Fe49.5Mn30Co10Cr10C0.5,Fe49.5Mn30Co10Cr10C0.5,at.%,49.5,30.0,10.0,10.0,,,0.5,,,,,,Hot roll 50%; homogenize 1200C/2h; cold roll 67%; temper/anneal,,1473.0,2.0,,,67.0,673.0,10.0,,298.0,0.001,,,,,,Bimodal tempered,,,,,,,,,,,,,,,,,,,1,,,Recovered parent grains + nanograins; hierarchical bimodal microstructure,,,,,,,,,,,,,,,,,,Condition-specific binary TRIP label not explicitly assigned,Condition-specific binary TWIP label not explicitly assigned,EBSD; ECC; XRD; TEM; DIC,Yes,Acta Materialia 163 (2019) 40–54,Medium,~50 nm nanograins + recovered parent grains 10–35 µm | Bimodal state ~2× stronger; trimodal structure increases ductility from ~14% to ~60%.,,TRIP_TWIP_P016_P019_FULL_EXTRACTION.xlsx,P016_P019_Master_Extraction,,SAFE_QC_COMPLETE_MANUAL_REVIEW_REMAINS,True,EXPERIMENTAL_INDEPENDENT,REVIEW_REQUIRED,CANONICAL_OR_SAFE_ALIAS,P016_PE_400C_10min,P016_MC_400C_10min,OBS074,EXPERIMENTAL,INDEPENDENT_CONDITION,,0.0,HIGH,Map legacy condition 1:1; preserve row,,,,,,,,,,,,,18.0,"[{""feature"": ""SFE_assumed_for_calculation_mJ_m2"", ""status"": ""ASSUMED_NOT_MEASURED"", ""page"": ""pp. 26–28"", ""figure"": """"}]",,,"{""workbook_sheet"": ""P016_Hierarchy_Resolution"", ""status"": ""UNRESOLVED"", ""source"": ""P016 PDF pp. 9-10, 21-22; Figs. 2-3,6""}",,,,,,,,,,,,,,,,,,,,,,,,,,,,,,,,,,,,,,,,,,,,,,,,,,,,,,,,,,,,,,,,,,,,,,,,,,,,,,,,,,,,,,,,,,,,,,,,,,,,,,,,,,,,,,,,,,,,,,,
P016,10.1016/j.actamat.2018.10.017,Hierarchical microstructure design to tune the mechanical behavior of an interstitial TRIP-TWIP high-entropy alloy,P016_C03,P016_G03,P016_G03,Experimental processing/tensile condition,Fe49.5Mn30Co10Cr10C0.5,Fe49.5Mn30Co10Cr10C0.5,at.%,49.5,30.0,10.0,10.0,,,0.5,,,,,,Hot roll 50%; homogenize 1200C/2h; cold roll 67%; temper/anneal,,1473.0,2.0,,,67.0,923.0,,,298.0,0.001,,,,,,Trimodal annealed,,,,,,,,,,,,,,,,,1.0,1.0,1,,,Sequential activation of TRIP then TWIP across grain-size hierarchy,,,,,,,,,60.0,,,,,,,,,Sequential phase-stability response linked to grain-size hierarchy,Sequential twinning response linked to grain-size hierarchy,EBSD; ECC; XRD; TEM; DIC,Yes,Acta Materialia 163 (2019) 40–54,High,<1 µm + 1–6 µm + retained large grains | Bimodal state ~2× stronger; trimodal structure increases ductility from ~14% to ~60%.,,TRIP_TWIP_P016_P019_FULL_EXTRACTION.xlsx,P016_P019_Master_Extraction,,SAFE_QC_COMPLETE,False,EXPERIMENTAL_INDEPENDENT,NO_FLAG,CANONICAL_OR_SAFE_ALIAS,P016_LEGACY_COLLAPSED_C03,P016_LEGACY_COLLAPSED_C03,OBS075,EXPERIMENTAL,LEGACY_COLLAPSED,,0.0,HIGH,Retain as legacy summary only; do not map to one exact condition,,,,,,,,,,,,,,,,,"{""workbook_sheet"": ""P016_Hierarchy_Resolution"", ""status"": ""LEGACY_COLLAPSED"", ""source"": ""Legacy extraction vs P016 PDF Fig. 6 and Sections 3.3-3.5""}",1.0,1.0,,,,,,,,,,,,,,,,,,,,,,,,,,,,,,,,,,,,,,,,,,,,,,,,,,,,,,,,,,,,,,,,,,,,,,,,,,,,,,,,,,,,,,,,,,,,,,,,,,,,,,,,,,,,,,,,,,,,,
P017,10.1016/j.ijplas.2019.102649,Study of the plastic deformation mechanism of TRIP–TWIP high entropy alloys at the atomic level,P017_C01,P017_Al0.5_T300,P017_Al0.5_T300,Molecular-dynamics simulation,Al0.5CrCoFeCuNi,Al0.5CrCoFeCuNi,simulation stoichiometric notation,,,,,,,,,,,,,Atomic model melting + rapid quenching; uniaxial MD tension,,,,,,,,,,300.0,100000000.0,,,,,,,,,,,,,,,,,,,,,,,1.0,1.0,1,1.0,,Coupled TWIP-induced TRIP and TRIP-induced TWIP; stacking-fault/dislocation/twin evolution,,,,,,,,,,,,,,,,,,MD reports TWIP-induced TRIP and TRIP-induced TWIP mechanisms,MD reports twinning and detwinning,Molecular dynamics; atomistic defect analysis,Yes,International Journal of Plasticity 127 (2020) 102649,High,Computational support only; MD strain rates must not be mixed directly with experimental data.,,TRIP_TWIP_P016_P019_FULL_EXTRACTION.xlsx,P016_P019_Master_Extraction,,SAFE_QC_COMPLETE_MANUAL_REVIEW_REMAINS,True,COMPUTATIONAL_MD,REVIEW_REQUIRED,CANONICAL_OR_SAFE_ALIAS,P017_PE01,P017_MC01,OBS076,MD,COMPUTATIONAL_CONDITION,,0.0,HIGH,Computational condition is isolated from experimental parents and experimental condition counts.,,,,,,,,,,,,,,,,,,1.0,1.0,,,,,,,,,,,,,,,,,,,,,,,,,,,,,,,,,,,,,,,,,,,,,,,,,,,,,,,,,,,,,,,,,,,,,,,,,,,,,,,,,,,,,,,,,,,,,,,,,,,,,,,,,,,,,,,,,,,,,
P017,10.1016/j.ijplas.2019.102649,Study of the plastic deformation mechanism of TRIP–TWIP high entropy alloys at the atomic level,P017_C02,P017_Al0.5_T300,P017_Al0.5_T300,Molecular-dynamics simulation,Al0.5CrCoFeCuNi,Al0.5CrCoFeCuNi,simulation stoichiometric notation,,,,,,,,,,,,,Atomic model melting + rapid quenching; uniaxial MD tension,,,,,,,,,,300.0,1000000000.0,,,,,,,,,,,,,,,,,,,,,,,1.0,1.0,1,1.0,,Coupled TWIP-induced TRIP and TRIP-induced TWIP; stacking-fault/dislocation/twin evolution,,,,,,,,,,,,,,,,,,MD reports TWIP-induced TRIP and TRIP-induced TWIP mechanisms,MD reports twinning and detwinning,Molecular dynamics; atomistic defect analysis,Yes,International Journal of Plasticity 127 (2020) 102649,High,Computational support only; MD strain rates must not be mixed directly with experimental data.,,TRIP_TWIP_P016_P019_FULL_EXTRACTION.xlsx,P016_P019_Master_Extraction,,SAFE_QC_COMPLETE_MANUAL_REVIEW_REMAINS,True,COMPUTATIONAL_MD,REVIEW_REQUIRED,CANONICAL_OR_SAFE_ALIAS,P017_PE02,P017_MC02,OBS077,MD,COMPUTATIONAL_CONDITION,,0.0,HIGH,Computational condition is isolated from experimental parents and experimental condition counts.,,,,,,,,,,,,,,,,,,1.0,1.0,,,,,,,,,,,,,,,,,,,,,,,,,,,,,,,,,,,,,,,,,,,,,,,,,,,,,,,,,,,,,,,,,,,,,,,,,,,,,,,,,,,,,,,,,,,,,,,,,,,,,,,,,,,,,,,,,,,,,
P017,10.1016/j.ijplas.2019.102649,Study of the plastic deformation mechanism of TRIP–TWIP high entropy alloys at the atomic level,P017_C03,P017_Al0.5_T600,P017_Al0.5_T600,Molecular-dynamics simulation,Al0.5CrCoFeCuNi,Al0.5CrCoFeCuNi,simulation stoichiometric notation,,,,,,,,,,,,,Atomic model melting + rapid quenching; uniaxial MD tension,,,,,,,,,,600.0,100000000.0,,,,,,,,,,,,,,,,,,,,,,,1.0,1.0,1,1.0,,Coupled TWIP-induced TRIP and TRIP-induced TWIP; stacking-fault/dislocation/twin evolution,,,,,,,,,,,,,,,,,,MD reports TWIP-induced TRIP and TRIP-induced TWIP mechanisms,MD reports twinning and detwinning,Molecular dynamics; atomistic defect analysis,Yes,International Journal of Plasticity 127 (2020) 102649,High,Computational support only; MD strain rates must not be mixed directly with experimental data.,,TRIP_TWIP_P016_P019_FULL_EXTRACTION.xlsx,P016_P019_Master_Extraction,,SAFE_QC_COMPLETE_MANUAL_REVIEW_REMAINS,True,COMPUTATIONAL_MD,REVIEW_REQUIRED,CANONICAL_OR_SAFE_ALIAS,P017_PE03,P017_MC03,OBS078,MD,COMPUTATIONAL_CONDITION,,0.0,HIGH,Computational condition is isolated from experimental parents and experimental condition counts.,,,,,,,,,,,,,,,,,,1.0,1.0,,,,,,,,,,,,,,,,,,,,,,,,,,,,,,,,,,,,,,,,,,,,,,,,,,,,,,,,,,,,,,,,,,,,,,,,,,,,,,,,,,,,,,,,,,,,,,,,,,,,,,,,,,,,,,,,,,,,,
P017,10.1016/j.ijplas.2019.102649,Study of the plastic deformation mechanism of TRIP–TWIP high entropy alloys at the atomic level,P017_C04,P017_Al0.5_T600,P017_Al0.5_T600,Molecular-dynamics simulation,Al0.5CrCoFeCuNi,Al0.5CrCoFeCuNi,simulation stoichiometric notation,,,,,,,,,,,,,Atomic model melting + rapid quenching; uniaxial MD tension,,,,,,,,,,600.0,1000000000.0,,,,,,,,,,,,,,,,,,,,,,,1.0,1.0,1,1.0,,Coupled TWIP-induced TRIP and TRIP-induced TWIP; stacking-fault/dislocation/twin evolution,,,,,,,,,,,,,,,,,,MD reports TWIP-induced TRIP and TRIP-induced TWIP mechanisms,MD reports twinning and detwinning,Molecular dynamics; atomistic defect analysis,Yes,International Journal of Plasticity 127 (2020) 102649,High,Computational support only; MD strain rates must not be mixed directly with experimental data.,,TRIP_TWIP_P016_P019_FULL_EXTRACTION.xlsx,P016_P019_Master_Extraction,,SAFE_QC_COMPLETE_MANUAL_REVIEW_REMAINS,True,COMPUTATIONAL_MD,REVIEW_REQUIRED,CANONICAL_OR_SAFE_ALIAS,P017_PE04,P017_MC04,OBS079,MD,COMPUTATIONAL_CONDITION,,0.0,HIGH,Computational condition is isolated from experimental parents and experimental condition counts.,,,,,,,,,,,,,,,,,,1.0,1.0,,,,,,,,,,,,,,,,,,,,,,,,,,,,,,,,,,,,,,,,,,,,,,,,,,,,,,,,,,,,,,,,,,,,,,,,,,,,,,,,,,,,,,,,,,,,,,,,,,,,,,,,,,,,,,,,,,,,,
P017,10.1016/j.ijplas.2019.102649,Study of the plastic deformation mechanism of TRIP–TWIP high entropy alloys at the atomic level,P017_C05,P017_Al1.5_T300,P017_Al1.5_T300,Molecular-dynamics simulation,Al1.5CrCoFeCuNi,Al1.5CrCoFeCuNi,simulation stoichiometric notation,,,,,,,,,,,,,Atomic model melting + rapid quenching; uniaxial MD tension,,,,,,,,,,300.0,100000000.0,,,,,,,,,,,,,,,,,,,,,,,1.0,1.0,1,1.0,,Coupled TWIP-induced TRIP and TRIP-induced TWIP; stacking-fault/dislocation/twin evolution,,,,,,,,,,,,,,,,,,MD reports TWIP-induced TRIP and TRIP-induced TWIP mechanisms,MD reports twinning and detwinning,Molecular dynamics; atomistic defect analysis,Yes,International Journal of Plasticity 127 (2020) 102649,High,Computational support only; MD strain rates must not be mixed directly with experimental data.,,TRIP_TWIP_P016_P019_FULL_EXTRACTION.xlsx,P016_P019_Master_Extraction,,SAFE_QC_COMPLETE_MANUAL_REVIEW_REMAINS,True,COMPUTATIONAL_MD,REVIEW_REQUIRED,CANONICAL_OR_SAFE_ALIAS,P017_PE05,P017_MC05,OBS080,MD,COMPUTATIONAL_CONDITION,,0.0,HIGH,Computational condition is isolated from experimental parents and experimental condition counts.,,,,,,,,,,,,,,,,,,1.0,1.0,,,,,,,,,,,,,,,,,,,,,,,,,,,,,,,,,,,,,,,,,,,,,,,,,,,,,,,,,,,,,,,,,,,,,,,,,,,,,,,,,,,,,,,,,,,,,,,,,,,,,,,,,,,,,,,,,,,,,
P017,10.1016/j.ijplas.2019.102649,Study of the plastic deformation mechanism of TRIP–TWIP high entropy alloys at the atomic level,P017_C06,P017_Al1.5_T300,P017_Al1.5_T300,Molecular-dynamics simulation,Al1.5CrCoFeCuNi,Al1.5CrCoFeCuNi,simulation stoichiometric notation,,,,,,,,,,,,,Atomic model melting + rapid quenching; uniaxial MD tension,,,,,,,,,,300.0,1000000000.0,,,,,,,,,,,,,,,,,,,,,,,1.0,1.0,1,1.0,,Coupled TWIP-induced TRIP and TRIP-induced TWIP; stacking-fault/dislocation/twin evolution,,,,,,,,,,,,,,,,,,MD reports TWIP-induced TRIP and TRIP-induced TWIP mechanisms,MD reports twinning and detwinning,Molecular dynamics; atomistic defect analysis,Yes,International Journal of Plasticity 127 (2020) 102649,High,Computational support only; MD strain rates must not be mixed directly with experimental data.,,TRIP_TWIP_P016_P019_FULL_EXTRACTION.xlsx,P016_P019_Master_Extraction,,SAFE_QC_COMPLETE_MANUAL_REVIEW_REMAINS,True,COMPUTATIONAL_MD,REVIEW_REQUIRED,CANONICAL_OR_SAFE_ALIAS,P017_PE06,P017_MC06,OBS081,MD,COMPUTATIONAL_CONDITION,,0.0,HIGH,Computational condition is isolated from experimental parents and experimental condition counts.,,,,,,,,,,,,,,,,,,1.0,1.0,,,,,,,,,,,,,,,,,,,,,,,,,,,,,,,,,,,,,,,,,,,,,,,,,,,,,,,,,,,,,,,,,,,,,,,,,,,,,,,,,,,,,,,,,,,,,,,,,,,,,,,,,,,,,,,,,,,,,
P017,10.1016/j.ijplas.2019.102649,Study of the plastic deformation mechanism of TRIP–TWIP high entropy alloys at the atomic level,P017_C07,P017_Al1.5_T600,P017_Al1.5_T600,Molecular-dynamics simulation,Al1.5CrCoFeCuNi,Al1.5CrCoFeCuNi,simulation stoichiometric notation,,,,,,,,,,,,,Atomic model melting + rapid quenching; uniaxial MD tension,,,,,,,,,,600.0,100000000.0,,,,,,,,,,,,,,,,,,,,,,,1.0,1.0,1,1.0,,Coupled TWIP-induced TRIP and TRIP-induced TWIP; stacking-fault/dislocation/twin evolution,,,,,,,,,,,,,,,,,,MD reports TWIP-induced TRIP and TRIP-induced TWIP mechanisms,MD reports twinning and detwinning,Molecular dynamics; atomistic defect analysis,Yes,International Journal of Plasticity 127 (2020) 102649,High,Computational support only; MD strain rates must not be mixed directly with experimental data.,,TRIP_TWIP_P016_P019_FULL_EXTRACTION.xlsx,P016_P019_Master_Extraction,,SAFE_QC_COMPLETE_MANUAL_REVIEW_REMAINS,True,COMPUTATIONAL_MD,REVIEW_REQUIRED,CANONICAL_OR_SAFE_ALIAS,P017_PE07,P017_MC07,OBS082,MD,COMPUTATIONAL_CONDITION,,0.0,HIGH,Computational condition is isolated from experimental parents and experimental condition counts.,,,,,,,,,,,,,,,,,,1.0,1.0,,,,,,,,,,,,,,,,,,,,,,,,,,,,,,,,,,,,,,,,,,,,,,,,,,,,,,,,,,,,,,,,,,,,,,,,,,,,,,,,,,,,,,,,,,,,,,,,,,,,,,,,,,,,,,,,,,,,,
P017,10.1016/j.ijplas.2019.102649,Study of the plastic deformation mechanism of TRIP–TWIP high entropy alloys at the atomic level,P017_C08,P017_Al1.5_T600,P017_Al1.5_T600,Molecular-dynamics simulation,Al1.5CrCoFeCuNi,Al1.5CrCoFeCuNi,simulation stoichiometric notation,,,,,,,,,,,,,Atomic model melting + rapid quenching; uniaxial MD tension,,,,,,,,,,600.0,1000000000.0,,,,,,,,,,,,,,,,,,,,,,,1.0,1.0,1,1.0,,Coupled TWIP-induced TRIP and TRIP-induced TWIP; stacking-fault/dislocation/twin evolution,,,,,,,,,,,,,,,,,,MD reports TWIP-induced TRIP and TRIP-induced TWIP mechanisms,MD reports twinning and detwinning,Molecular dynamics; atomistic defect analysis,Yes,International Journal of Plasticity 127 (2020) 102649,High,Computational support only; MD strain rates must not be mixed directly with experimental data.,,TRIP_TWIP_P016_P019_FULL_EXTRACTION.xlsx,P016_P019_Master_Extraction,,SAFE_QC_COMPLETE_MANUAL_REVIEW_REMAINS,True,COMPUTATIONAL_MD,REVIEW_REQUIRED,CANONICAL_OR_SAFE_ALIAS,P017_PE08,P017_MC08,OBS083,MD,COMPUTATIONAL_CONDITION,,0.0,HIGH,Computational condition is isolated from experimental parents and experimental condition counts.,,,,,,,,,,,,,,,,,,1.0,1.0,,,,,,,,,,,,,,,,,,,,,,,,,,,,,,,,,,,,,,,,,,,,,,,,,,,,,,,,,,,,,,,,,,,,,,,,,,,,,,,,,,,,,,,,,,,,,,,,,,,,,,,,,,,,,,,,,,,,,
P018,10.1016/j.ijmecsci.2022.107098,Deformation mechanisms of TRIP–TWIP medium-entropy alloys via molecular dynamics simulations,P018_C01,P018_Mn20,P018_Mn20,Molecular-dynamics simulation,Fe60Mn20Co10Cr10,Fe60Mn20Co10Cr10,at.%,60.0,20.0,10.0,10.0,,,,,,,,,Polycrystalline atomistic model; uniaxial MD tension,,,,,,,,,,,,,,,,,,0.005,,,,,,,,,,,,,,,,1.0,1.0,1,1.0,,"Grain-size/composition-dependent Shockley partials, stacking faults, twinning and transformation",,,,,,,,,,,,,,,,,,MD phase/defect evolution in TRIP–TWIP Fe-Mn-Co-Cr series,"MD tracks partial dislocations, stacking faults and twin evolution",Molecular dynamics; dislocation/defect analysis,Yes,International Journal of Mechanical Sciences 219 (2022) 107098,Medium,Computational support. Source reports fewer Shockley partials and suppressed stacking faults as grain size decreases; exact simulation T/rate left blank pending full-source extraction.,,TRIP_TWIP_P016_P019_FULL_EXTRACTION.xlsx,P016_P019_Master_Extraction,,SAFE_QC_COMPLETE_MANUAL_REVIEW_REMAINS,True,COMPUTATIONAL_MD,REVIEW_REQUIRED,CANONICAL_OR_SAFE_ALIAS,P018_PE01,P018_MC01,OBS084,MD,COMPUTATIONAL_CONDITION,,0.0,HIGH,Computational condition is isolated from experimental parents and experimental condition counts.,,,,,,,,,,,,,,,,,,1.0,1.0,,,,,,,,,,,,,,,,,,,,,,,,,,,,,,,,,,,,,,,,,,,,,,,,,,,,,,,,,,,,,,,,,,,,,,,,,,,,,,,,,,,,,,,,,,,,,,,,,,,,,,,,,,,,,,,,,,,,,
P018,10.1016/j.ijmecsci.2022.107098,Deformation mechanisms of TRIP–TWIP medium-entropy alloys via molecular dynamics simulations,P018_C02,P018_Mn20,P018_Mn20,Molecular-dynamics simulation,Fe60Mn20Co10Cr10,Fe60Mn20Co10Cr10,at.%,60.0,20.0,10.0,10.0,,,,,,,,,Polycrystalline atomistic model; uniaxial MD tension,,,,,,,,,,,,,,,,,,0.01,,,,,,,,,,,,,,,,1.0,1.0,1,1.0,,"Grain-size/composition-dependent Shockley partials, stacking faults, twinning and transformation",,,,,,,,,,,,,,,,,,MD phase/defect evolution in TRIP–TWIP Fe-Mn-Co-Cr series,"MD tracks partial dislocations, stacking faults and twin evolution",Molecular dynamics; dislocation/defect analysis,Yes,International Journal of Mechanical Sciences 219 (2022) 107098,Medium,Computational support. Source reports fewer Shockley partials and suppressed stacking faults as grain size decreases; exact simulation T/rate left blank pending full-source extraction.,,TRIP_TWIP_P016_P019_FULL_EXTRACTION.xlsx,P016_P019_Master_Extraction,,SAFE_QC_COMPLETE_MANUAL_REVIEW_REMAINS,True,COMPUTATIONAL_MD,REVIEW_REQUIRED,CANONICAL_OR_SAFE_ALIAS,P018_PE02,P018_MC02,OBS085,MD,COMPUTATIONAL_CONDITION,,0.0,HIGH,Computational condition is isolated from experimental parents and experimental condition counts.,,,,,,,,,,,,,,,,,,1.0,1.0,,,,,,,,,,,,,,,,,,,,,,,,,,,,,,,,,,,,,,,,,,,,,,,,,,,,,,,,,,,,,,,,,,,,,,,,,,,,,,,,,,,,,,,,,,,,,,,,,,,,,,,,,,,,,,,,,,,,,
P018,10.1016/j.ijmecsci.2022.107098,Deformation mechanisms of TRIP–TWIP medium-entropy alloys via molecular dynamics simulations,P018_C03,P018_Mn20,P018_Mn20,Molecular-dynamics simulation,Fe60Mn20Co10Cr10,Fe60Mn20Co10Cr10,at.%,60.0,20.0,10.0,10.0,,,,,,,,,Polycrystalline atomistic model; uniaxial MD tension,,,,,,,,,,,,,,,,,,0.02,,,,,,,,,,,,,,,,1.0,1.0,1,1.0,,"Grain-size/composition-dependent Shockley partials, stacking faults, twinning and transformation",,,,,,,,,,,,,,,,,,MD phase/defect evolution in TRIP–TWIP Fe-Mn-Co-Cr series,"MD tracks partial dislocations, stacking faults and twin evolution",Molecular dynamics; dislocation/defect analysis,Yes,International Journal of Mechanical Sciences 219 (2022) 107098,Medium,Computational support. Source reports fewer Shockley partials and suppressed stacking faults as grain size decreases; exact simulation T/rate left blank pending full-source extraction.,,TRIP_TWIP_P016_P019_FULL_EXTRACTION.xlsx,P016_P019_Master_Extraction,,SAFE_QC_COMPLETE_MANUAL_REVIEW_REMAINS,True,COMPUTATIONAL_MD,REVIEW_REQUIRED,CANONICAL_OR_SAFE_ALIAS,P018_PE03,P018_MC03,OBS086,MD,COMPUTATIONAL_CONDITION,,0.0,HIGH,Computational condition is isolated from experimental parents and experimental condition counts.,,,,,,,,,,,,,,,,,,1.0,1.0,,,,,,,,,,,,,,,,,,,,,,,,,,,,,,,,,,,,,,,,,,,,,,,,,,,,,,,,,,,,,,,,,,,,,,,,,,,,,,,,,,,,,,,,,,,,,,,,,,,,,,,,,,,,,,,,,,,,,
P018,10.1016/j.ijmecsci.2022.107098,Deformation mechanisms of TRIP–TWIP medium-entropy alloys via molecular dynamics simulations,P018_C04,P018_Mn30,P018_Mn30,Molecular-dynamics simulation,Fe50Mn30Co10Cr10,Fe50Mn30Co10Cr10,at.%,50.0,30.0,10.0,10.0,,,,,,,,,Polycrystalline atomistic model; uniaxial MD tension,,,,,,,,,,,,,,,,,,0.005,,,,,,,,,,,,,,,,1.0,1.0,1,1.0,,"Grain-size/composition-dependent Shockley partials, stacking faults, twinning and transformation",,,,,,,,,,,,,,,,,,MD phase/defect evolution in TRIP–TWIP Fe-Mn-Co-Cr series,"MD tracks partial dislocations, stacking faults and twin evolution",Molecular dynamics; dislocation/defect analysis,Yes,International Journal of Mechanical Sciences 219 (2022) 107098,Medium,Computational support. Source reports fewer Shockley partials and suppressed stacking faults as grain size decreases; exact simulation T/rate left blank pending full-source extraction.,,TRIP_TWIP_P016_P019_FULL_EXTRACTION.xlsx,P016_P019_Master_Extraction,,SAFE_QC_COMPLETE_MANUAL_REVIEW_REMAINS,True,COMPUTATIONAL_MD,REVIEW_REQUIRED,CANONICAL_OR_SAFE_ALIAS,P018_PE04,P018_MC04,OBS087,MD,COMPUTATIONAL_CONDITION,,0.0,HIGH,Computational condition is isolated from experimental parents and experimental condition counts.,,,,,,,,,,,,,,,,,,1.0,1.0,,,,,,,,,,,,,,,,,,,,,,,,,,,,,,,,,,,,,,,,,,,,,,,,,,,,,,,,,,,,,,,,,,,,,,,,,,,,,,,,,,,,,,,,,,,,,,,,,,,,,,,,,,,,,,,,,,,,,
P018,10.1016/j.ijmecsci.2022.107098,Deformation mechanisms of TRIP–TWIP medium-entropy alloys via molecular dynamics simulations,P018_C05,P018_Mn30,P018_Mn30,Molecular-dynamics simulation,Fe50Mn30Co10Cr10,Fe50Mn30Co10Cr10,at.%,50.0,30.0,10.0,10.0,,,,,,,,,Polycrystalline atomistic model; uniaxial MD tension,,,,,,,,,,,,,,,,,,0.01,,,,,,,,,,,,,,,,1.0,1.0,1,1.0,,"Grain-size/composition-dependent Shockley partials, stacking faults, twinning and transformation",,,,,,,,,,,,,,,,,,MD phase/defect evolution in TRIP–TWIP Fe-Mn-Co-Cr series,"MD tracks partial dislocations, stacking faults and twin evolution",Molecular dynamics; dislocation/defect analysis,Yes,International Journal of Mechanical Sciences 219 (2022) 107098,Medium,Computational support. Source reports fewer Shockley partials and suppressed stacking faults as grain size decreases; exact simulation T/rate left blank pending full-source extraction.,,TRIP_TWIP_P016_P019_FULL_EXTRACTION.xlsx,P016_P019_Master_Extraction,,SAFE_QC_COMPLETE_MANUAL_REVIEW_REMAINS,True,COMPUTATIONAL_MD,REVIEW_REQUIRED,CANONICAL_OR_SAFE_ALIAS,P018_PE05,P018_MC05,OBS088,MD,COMPUTATIONAL_CONDITION,,0.0,HIGH,Computational condition is isolated from experimental parents and experimental condition counts.,,,,,,,,,,,,,,,,,,1.0,1.0,,,,,,,,,,,,,,,,,,,,,,,,,,,,,,,,,,,,,,,,,,,,,,,,,,,,,,,,,,,,,,,,,,,,,,,,,,,,,,,,,,,,,,,,,,,,,,,,,,,,,,,,,,,,,,,,,,,,,
P018,10.1016/j.ijmecsci.2022.107098,Deformation mechanisms of TRIP–TWIP medium-entropy alloys via molecular dynamics simulations,P018_C06,P018_Mn30,P018_Mn30,Molecular-dynamics simulation,Fe50Mn30Co10Cr10,Fe50Mn30Co10Cr10,at.%,50.0,30.0,10.0,10.0,,,,,,,,,Polycrystalline atomistic model; uniaxial MD tension,,,,,,,,,,,,,,,,,,0.02,,,,,,,,,,,,,,,,1.0,1.0,1,1.0,,"Grain-size/composition-dependent Shockley partials, stacking faults, twinning and transformation",,,,,,,,,,,,,,,,,,MD phase/defect evolution in TRIP–TWIP Fe-Mn-Co-Cr series,"MD tracks partial dislocations, stacking faults and twin evolution",Molecular dynamics; dislocation/defect analysis,Yes,International Journal of Mechanical Sciences 219 (2022) 107098,Medium,Computational support. Source reports fewer Shockley partials and suppressed stacking faults as grain size decreases; exact simulation T/rate left blank pending full-source extraction.,,TRIP_TWIP_P016_P019_FULL_EXTRACTION.xlsx,P016_P019_Master_Extraction,,SAFE_QC_COMPLETE_MANUAL_REVIEW_REMAINS,True,COMPUTATIONAL_MD,REVIEW_REQUIRED,CANONICAL_OR_SAFE_ALIAS,P018_PE06,P018_MC06,OBS089,MD,COMPUTATIONAL_CONDITION,,0.0,HIGH,Computational condition is isolated from experimental parents and experimental condition counts.,,,,,,,,,,,,,,,,,,1.0,1.0,,,,,,,,,,,,,,,,,,,,,,,,,,,,,,,,,,,,,,,,,,,,,,,,,,,,,,,,,,,,,,,,,,,,,,,,,,,,,,,,,,,,,,,,,,,,,,,,,,,,,,,,,,,,,,,,,,,,,
P018,10.1016/j.ijmecsci.2022.107098,Deformation mechanisms of TRIP–TWIP medium-entropy alloys via molecular dynamics simulations,P018_C07,P018_Mn40,P018_Mn40,Molecular-dynamics simulation,Fe40Mn40Co10Cr10,Fe40Mn40Co10Cr10,at.%,40.0,40.0,10.0,10.0,,,,,,,,,Polycrystalline atomistic model; uniaxial MD tension,,,,,,,,,,,,,,,,,,0.005,,,,,,,,,,,,,,,,1.0,1.0,1,1.0,,"Grain-size/composition-dependent Shockley partials, stacking faults, twinning and transformation",,,,,,,,,,,,,,,,,,MD phase/defect evolution in TRIP–TWIP Fe-Mn-Co-Cr series,"MD tracks partial dislocations, stacking faults and twin evolution",Molecular dynamics; dislocation/defect analysis,Yes,International Journal of Mechanical Sciences 219 (2022) 107098,Medium,Computational support. Source reports fewer Shockley partials and suppressed stacking faults as grain size decreases; exact simulation T/rate left blank pending full-source extraction.,,TRIP_TWIP_P016_P019_FULL_EXTRACTION.xlsx,P016_P019_Master_Extraction,,SAFE_QC_COMPLETE_MANUAL_REVIEW_REMAINS,True,COMPUTATIONAL_MD,REVIEW_REQUIRED,CANONICAL_OR_SAFE_ALIAS,P018_PE07,P018_MC07,OBS090,MD,COMPUTATIONAL_CONDITION,,0.0,HIGH,Computational condition is isolated from experimental parents and experimental condition counts.,,,,,,,,,,,,,,,,,,1.0,1.0,,,,,,,,,,,,,,,,,,,,,,,,,,,,,,,,,,,,,,,,,,,,,,,,,,,,,,,,,,,,,,,,,,,,,,,,,,,,,,,,,,,,,,,,,,,,,,,,,,,,,,,,,,,,,,,,,,,,,
P018,10.1016/j.ijmecsci.2022.107098,Deformation mechanisms of TRIP–TWIP medium-entropy alloys via molecular dynamics simulations,P018_C08,P018_Mn40,P018_Mn40,Molecular-dynamics simulation,Fe40Mn40Co10Cr10,Fe40Mn40Co10Cr10,at.%,40.0,40.0,10.0,10.0,,,,,,,,,Polycrystalline atomistic model; uniaxial MD tension,,,,,,,,,,,,,,,,,,0.01,,,,,,,,,,,,,,,,1.0,1.0,1,1.0,,"Grain-size/composition-dependent Shockley partials, stacking faults, twinning and transformation",,,,,,,,,,,,,,,,,,MD phase/defect evolution in TRIP–TWIP Fe-Mn-Co-Cr series,"MD tracks partial dislocations, stacking faults and twin evolution",Molecular dynamics; dislocation/defect analysis,Yes,International Journal of Mechanical Sciences 219 (2022) 107098,Medium,Computational support. Source reports fewer Shockley partials and suppressed stacking faults as grain size decreases; exact simulation T/rate left blank pending full-source extraction.,,TRIP_TWIP_P016_P019_FULL_EXTRACTION.xlsx,P016_P019_Master_Extraction,,SAFE_QC_COMPLETE_MANUAL_REVIEW_REMAINS,True,COMPUTATIONAL_MD,REVIEW_REQUIRED,CANONICAL_OR_SAFE_ALIAS,P018_PE08,P018_MC08,OBS091,MD,COMPUTATIONAL_CONDITION,,0.0,HIGH,Computational condition is isolated from experimental parents and experimental condition counts.,,,,,,,,,,,,,,,,,,1.0,1.0,,,,,,,,,,,,,,,,,,,,,,,,,,,,,,,,,,,,,,,,,,,,,,,,,,,,,,,,,,,,,,,,,,,,,,,,,,,,,,,,,,,,,,,,,,,,,,,,,,,,,,,,,,,,,,,,,,,,,
P018,10.1016/j.ijmecsci.2022.107098,Deformation mechanisms of TRIP–TWIP medium-entropy alloys via molecular dynamics simulations,P018_C09,P018_Mn40,P018_Mn40,Molecular-dynamics simulation,Fe40Mn40Co10Cr10,Fe40Mn40Co10Cr10,at.%,40.0,40.0,10.0,10.0,,,,,,,,,Polycrystalline atomistic model; uniaxial MD tension,,,,,,,,,,,,,,,,,,0.02,,,,,,,,,,,,,,,,1.0,1.0,1,1.0,,"Grain-size/composition-dependent Shockley partials, stacking faults, twinning and transformation",,,,,,,,,,,,,,,,,,MD phase/defect evolution in TRIP–TWIP Fe-Mn-Co-Cr series,"MD tracks partial dislocations, stacking faults and twin evolution",Molecular dynamics; dislocation/defect analysis,Yes,International Journal of Mechanical Sciences 219 (2022) 107098,Medium,Computational support. Source reports fewer Shockley partials and suppressed stacking faults as grain size decreases; exact simulation T/rate left blank pending full-source extraction.,,TRIP_TWIP_P016_P019_FULL_EXTRACTION.xlsx,P016_P019_Master_Extraction,,SAFE_QC_COMPLETE_MANUAL_REVIEW_REMAINS,True,COMPUTATIONAL_MD,REVIEW_REQUIRED,CANONICAL_OR_SAFE_ALIAS,P018_PE09,P018_MC09,OBS092,MD,COMPUTATIONAL_CONDITION,,0.0,HIGH,Computational condition is isolated from experimental parents and experimental condition counts.,,,,,,,,,,,,,,,,,,1.0,1.0,,,,,,,,,,,,,,,,,,,,,,,,,,,,,,,,,,,,,,,,,,,,,,,,,,,,,,,,,,,,,,,,,,,,,,,,,,,,,,,,,,,,,,,,,,,,,,,,,,,,,,,,,,,,,,,,,,,,,
P018,10.1016/j.ijmecsci.2022.107098,Deformation mechanisms of TRIP–TWIP medium-entropy alloys via molecular dynamics simulations,P018_C10,P018_Mn50,P018_Mn50,Molecular-dynamics simulation,Fe30Mn50Co10Cr10,Fe30Mn50Co10Cr10,at.%,30.0,50.0,10.0,10.0,,,,,,,,,Polycrystalline atomistic model; uniaxial MD tension,,,,,,,,,,,,,,,,,,0.005,,,,,,,,,,,,,,,,1.0,1.0,1,1.0,,"Grain-size/composition-dependent Shockley partials, stacking faults, twinning and transformation",,,,,,,,,,,,,,,,,,MD phase/defect evolution in TRIP–TWIP Fe-Mn-Co-Cr series,"MD tracks partial dislocations, stacking faults and twin evolution",Molecular dynamics; dislocation/defect analysis,Yes,International Journal of Mechanical Sciences 219 (2022) 107098,Medium,Computational support. Source reports fewer Shockley partials and suppressed stacking faults as grain size decreases; exact simulation T/rate left blank pending full-source extraction.,,TRIP_TWIP_P016_P019_FULL_EXTRACTION.xlsx,P016_P019_Master_Extraction,,SAFE_QC_COMPLETE_MANUAL_REVIEW_REMAINS,True,COMPUTATIONAL_MD,REVIEW_REQUIRED,CANONICAL_OR_SAFE_ALIAS,P018_PE10,P018_MC10,OBS093,MD,COMPUTATIONAL_CONDITION,,0.0,HIGH,Computational condition is isolated from experimental parents and experimental condition counts.,,,,,,,,,,,,,,,,,,1.0,1.0,,,,,,,,,,,,,,,,,,,,,,,,,,,,,,,,,,,,,,,,,,,,,,,,,,,,,,,,,,,,,,,,,,,,,,,,,,,,,,,,,,,,,,,,,,,,,,,,,,,,,,,,,,,,,,,,,,,,,
P018,10.1016/j.ijmecsci.2022.107098,Deformation mechanisms of TRIP–TWIP medium-entropy alloys via molecular dynamics simulations,P018_C11,P018_Mn50,P018_Mn50,Molecular-dynamics simulation,Fe30Mn50Co10Cr10,Fe30Mn50Co10Cr10,at.%,30.0,50.0,10.0,10.0,,,,,,,,,Polycrystalline atomistic model; uniaxial MD tension,,,,,,,,,,,,,,,,,,0.01,,,,,,,,,,,,,,,,1.0,1.0,1,1.0,,"Grain-size/composition-dependent Shockley partials, stacking faults, twinning and transformation",,,,,,,,,,,,,,,,,,MD phase/defect evolution in TRIP–TWIP Fe-Mn-Co-Cr series,"MD tracks partial dislocations, stacking faults and twin evolution",Molecular dynamics; dislocation/defect analysis,Yes,International Journal of Mechanical Sciences 219 (2022) 107098,Medium,Computational support. Source reports fewer Shockley partials and suppressed stacking faults as grain size decreases; exact simulation T/rate left blank pending full-source extraction.,,TRIP_TWIP_P016_P019_FULL_EXTRACTION.xlsx,P016_P019_Master_Extraction,,SAFE_QC_COMPLETE_MANUAL_REVIEW_REMAINS,True,COMPUTATIONAL_MD,REVIEW_REQUIRED,CANONICAL_OR_SAFE_ALIAS,P018_PE11,P018_MC11,OBS094,MD,COMPUTATIONAL_CONDITION,,0.0,HIGH,Computational condition is isolated from experimental parents and experimental condition counts.,,,,,,,,,,,,,,,,,,1.0,1.0,,,,,,,,,,,,,,,,,,,,,,,,,,,,,,,,,,,,,,,,,,,,,,,,,,,,,,,,,,,,,,,,,,,,,,,,,,,,,,,,,,,,,,,,,,,,,,,,,,,,,,,,,,,,,,,,,,,,,
P018,10.1016/j.ijmecsci.2022.107098,Deformation mechanisms of TRIP–TWIP medium-entropy alloys via molecular dynamics simulations,P018_C12,P018_Mn50,P018_Mn50,Molecular-dynamics simulation,Fe30Mn50Co10Cr10,Fe30Mn50Co10Cr10,at.%,30.0,50.0,10.0,10.0,,,,,,,,,Polycrystalline atomistic model; uniaxial MD tension,,,,,,,,,,,,,,,,,,0.02,,,,,,,,,,,,,,,,1.0,1.0,1,1.0,,"Grain-size/composition-dependent Shockley partials, stacking faults, twinning and transformation",,,,,,,,,,,,,,,,,,MD phase/defect evolution in TRIP–TWIP Fe-Mn-Co-Cr series,"MD tracks partial dislocations, stacking faults and twin evolution",Molecular dynamics; dislocation/defect analysis,Yes,International Journal of Mechanical Sciences 219 (2022) 107098,Medium,Computational support. Source reports fewer Shockley partials and suppressed stacking faults as grain size decreases; exact simulation T/rate left blank pending full-source extraction.,,TRIP_TWIP_P016_P019_FULL_EXTRACTION.xlsx,P016_P019_Master_Extraction,,SAFE_QC_COMPLETE_MANUAL_REVIEW_REMAINS,True,COMPUTATIONAL_MD,REVIEW_REQUIRED,CANONICAL_OR_SAFE_ALIAS,P018_PE12,P018_MC12,OBS095,MD,COMPUTATIONAL_CONDITION,,0.0,HIGH,Computational condition is isolated from experimental parents and experimental condition counts.,,,,,,,,,,,,,,,,,,1.0,1.0,,,,,,,,,,,,,,,,,,,,,,,,,,,,,,,,,,,,,,,,,,,,,,,,,,,,,,,,,,,,,,,,,,,,,,,,,,,,,,,,,,,,,,,,,,,,,,,,,,,,,,,,,,,,,,,,,,,,,
P019,10.1016/j.jallcom.2025.179770,Multiscale computational model of TWIP and TRIP in medium/high entropy alloys,P019_C01,P019_multiscale,P019_multiscale,Multiscale computational/model condition,Ni47Cr25Co2Mo6Fe20,Ni47Cr25Co2Mo6Fe20,at.%,20.0,,2.0,25.0,47.0,,,6.0,,,,,MD atomic-scale SFE/deformation calculations transferred to mesoscale crystal-plasticity model,,,,,,,,,,77.0,,,,,,,,,,,,,,,,,,,,,,,,1.0,1.0,1,,,"Temperature-dependent SFE coupled to slip, twinning and stress-induced martensitic transformation",,,,,,,,,,,,,,,,,,Model evaluates stress-induced martensitic-transformation contribution to strength,Model evaluates twinning contribution to strength,Molecular dynamics; nanowire/nanocrystalline simulation; crystal plasticity; experimental curve calibration,No,Journal of Alloys and Compounds 1022 (2025) 179770,High,"Methodology/physics row, not an independent experimental training sample; model studies temperature, texture, dislocation density and nanoscale precipitates.",,TRIP_TWIP_P016_P019_FULL_EXTRACTION.xlsx,P016_P019_Master_Extraction,,SAFE_QC_COMPLETE,False,COMPUTATIONAL_OTHER,NO_FLAG,CANONICAL_OR_SAFE_ALIAS,P019_PE01,P019_MC01,OBS096,OTHER_COMPUTATIONAL,COMPUTATIONAL_CONDITION,,0.0,HIGH,Computational condition is isolated from experimental parents and experimental condition counts.,,,,,,,,,,,,,,,,,,1.0,1.0,,,,,,,,,,,,,,,,,,,,,,,,,,,,,,,,,,,,,,,,,,,,,,,,,,,,,,,,,,,,,,,,,,,,,,,,,,,,,,,,,,,,,,,,,,,,,,,,,,,,,,,,,,,,,,,,,,,,,
P019,10.1016/j.jallcom.2025.179770,Multiscale computational model of TWIP and TRIP in medium/high entropy alloys,P019_C02,P019_multiscale,P019_multiscale,Multiscale computational/model condition,Ni47Cr25Co2Mo6Fe20,Ni47Cr25Co2Mo6Fe20,at.%,20.0,,2.0,25.0,47.0,,,6.0,,,,,MD atomic-scale SFE/deformation calculations transferred to mesoscale crystal-plasticity model,,,,,,,,,,298.0,,,,,,,,,,,,,,,,,,,,,,,,1.0,1.0,1,,,"Temperature-dependent SFE coupled to slip, twinning and stress-induced martensitic transformation",,,,,,,,,,,,,,,,,,Model evaluates stress-induced martensitic-transformation contribution to strength,Model evaluates twinning contribution to strength,Molecular dynamics; nanowire/nanocrystalline simulation; crystal plasticity; experimental curve calibration,No,Journal of Alloys and Compounds 1022 (2025) 179770,High,"Methodology/physics row, not an independent experimental training sample; model studies temperature, texture, dislocation density and nanoscale precipitates.",,TRIP_TWIP_P016_P019_FULL_EXTRACTION.xlsx,P016_P019_Master_Extraction,,SAFE_QC_COMPLETE,False,COMPUTATIONAL_OTHER,NO_FLAG,CANONICAL_OR_SAFE_ALIAS,P019_PE02,P019_MC02,OBS097,OTHER_COMPUTATIONAL,COMPUTATIONAL_CONDITION,,0.0,HIGH,Computational condition is isolated from experimental parents and experimental condition counts.,,,,,,,,,,,,,,,,,,1.0,1.0,,,,,,,,,,,,,,,,,,,,,,,,,,,,,,,,,,,,,,,,,,,,,,,,,,,,,,,,,,,,,,,,,,,,,,,,,,,,,,,,,,,,,,,,,,,,,,,,,,,,,,,,,,,,,,,,,,,,,
P019,10.1016/j.jallcom.2025.179770,Multiscale computational model of TWIP and TRIP in medium/high entropy alloys,P019_C03,P019_multiscale,P019_multiscale,Multiscale computational/model condition,Ni47Cr25Co2Mo6Fe20,Ni47Cr25Co2Mo6Fe20,at.%,20.0,,2.0,25.0,47.0,,,6.0,,,,,MD atomic-scale SFE/deformation calculations transferred to mesoscale crystal-plasticity model,,,,,,,,,,573.0,,,,,,,,,,,,,,,,,,,,,,,,1.0,1.0,1,,,"Temperature-dependent SFE coupled to slip, twinning and stress-induced martensitic transformation",,,,,,,,,,,,,,,,,,Model evaluates stress-induced martensitic-transformation contribution to strength,Model evaluates twinning contribution to strength,Molecular dynamics; nanowire/nanocrystalline simulation; crystal plasticity; experimental curve calibration,No,Journal of Alloys and Compounds 1022 (2025) 179770,High,"Methodology/physics row, not an independent experimental training sample; model studies temperature, texture, dislocation density and nanoscale precipitates.",,TRIP_TWIP_P016_P019_FULL_EXTRACTION.xlsx,P016_P019_Master_Extraction,,SAFE_QC_COMPLETE,False,COMPUTATIONAL_OTHER,NO_FLAG,CANONICAL_OR_SAFE_ALIAS,P019_PE03,P019_MC03,OBS098,OTHER_COMPUTATIONAL,COMPUTATIONAL_CONDITION,,0.0,HIGH,Computational condition is isolated from experimental parents and experimental condition counts.,,,,,,,,,,,,,,,,,,1.0,1.0,,,,,,,,,,,,,,,,,,,,,,,,,,,,,,,,,,,,,,,,,,,,,,,,,,,,,,,,,,,,,,,,,,,,,,,,,,,,,,,,,,,,,,,,,,,,,,,,,,,,,,,,,,,,,,,,,,,,,
P016,10.1016/j.actamat.2018.10.017,,P016_NEW_650C_3min,,,,,,,,,,,,,,,,,,,,,,,,,,923.15,3.0,,,,,,,,,,,,,,,,,,,,,,,,,,1.0,,,,,,,,,,,,,,,,,,,,,,,"At 3% local strain, deformation-induced HCP martensite is directly observed (~0.2 vol.%). No direct condition-specific TWIP binary evidence sufficient for 1/0.",,,,"P016 PDF pp. 14-15; Figs. 7a,8e-f",High,TRIP=1; TWIP remains NA.,,P006_P016_manual_mapping_resolution.xlsx,P016_Hierarchy_Resolution,,,,,PARTIALLY_VERIFIED,,P016_PE_650C_3min,P016_MC_650C_3min,P016_OBS_CONDITION_650C_3min,EXPERIMENTAL,INDEPENDENT_CONDITION,,0.0,HIGH,Create new condition-level record linked to P016 parent experiment,,,,,,,,,,,,,,,,,"{""workbook_sheet"": ""P016_Hierarchy_Resolution"", ""source"": ""P016 PDF pp. 14-15; Figs. 7a,8e-f""}",1.0,,,,,,,,,,,,,,,,,,,,,,,,,,,,,,,,,,,,,,,,,,,,,,,,,,,,,,,,,,,,,,,,,,,,,,,,,,,,,,,,,,,,,,,,,,,,,,,,,,,,,,,,,,,,,,,,,,,,,,
P016,10.1016/j.actamat.2018.10.017,,P016_NEW_650C_10min,,,,,,,,,,,,,,,,,,,,,,,,,,923.15,10.0,,,,,,,,,,,,,,,,,,,,,,,,,,1.0,,,,,,,,,,,,,,,,,,,,,,,"At 45% local strain, deformation-induced HCP martensite fraction is 13 vol.%.",,,,P016 PDF pp. 15-16; Fig. 10b,High,TRIP=1; TWIP remains NA unless a separate direct source observation is documented.,,P006_P016_manual_mapping_resolution.xlsx,P016_Hierarchy_Resolution,,,,,PARTIALLY_VERIFIED,,P016_PE_650C_10min,P016_MC_650C_10min,P016_OBS_CONDITION_650C_10min,EXPERIMENTAL,INDEPENDENT_CONDITION,,0.0,HIGH,Create new condition-level record linked to P016 parent experiment,,,,,,,,,,,,,,,,,"{""workbook_sheet"": ""P016_Hierarchy_Resolution"", ""source"": ""P016 PDF pp. 15-16; Fig. 10b""}",1.0,,,,,,,,,,,,,,,,,,,,,,,,,,,,,,,,,,,,,,,,,,,,,,,,,,,,,,,,,,,,,,,,,,,,,,,,,,,,,,,,,,,,,,,,,,,,,,,,,,,,,,,,,,,,,,,,,,,,,,
P016,10.1016/j.actamat.2018.10.017,,P016_NEW_750C_3min,,,,,,,,,,,,,,,,,,,,,,,,,,1023.15,3.0,,,,,,,,,,,,,,,,,,,,,,,,,,1.0,1.0,,,,,,,,,,,,,,,,,,,,,,"Direct EBSD/ECC evidence of deformation-induced HCP plus twins; HCP evolves ~0.5% at 3%, 2% at 10%, 8% at 30%, 33% at 45% local strain.","Direct EBSD/ECC evidence of deformation-induced HCP plus twins; HCP evolves ~0.5% at 3%, 2% at 10%, 8% at 30%, 33% at 45% local strain.",,,"P016 PDF pp. 14-16; Figs. 7b,8a-b,9,10a",High,Strongest joint TRIP/TWIP condition.,,P006_P016_manual_mapping_resolution.xlsx,P016_Hierarchy_Resolution,,,,,VERIFIED,,P016_PE_750C_3min,P016_MC_750C_3min,P016_OBS_CONDITION_750C_3min,EXPERIMENTAL,INDEPENDENT_CONDITION,,0.0,HIGH,Create new condition-level record linked to P016 parent experiment,,,,,,,,,,,,,,,,,"{""workbook_sheet"": ""P016_Hierarchy_Resolution"", ""source"": ""P016 PDF pp. 14-16; Figs. 7b,8a-b,9,10a""}",1.0,1.0,,,,,,,,,,,,,,,,,,,,,,,,,,,,,,,,,,,,,,,,,,,,,,,,,,,,,,,,,,,,,,,,,,,,,,,,,,,,,,,,,,,,,,,,,,,,,,,,,,,,,,,,,,,,,,,,,,,,,
P016,10.1016/j.actamat.2018.10.017,,P016_NEW_750C_10min,,,,,,,,,,,,,,,,,,,,,,,,,,1023.15,10.0,,,,,,,,,,,,,,,,,,,,,,,,,,,,,,,,,,,,,,,,,,,,,,,,,,,,,P016 PDF Fig. 6 caption,High,This condition was missing from the first P016 recovery workbook; add it without guessed properties/targets.,,P006_P016_manual_mapping_resolution.xlsx,P016_Hierarchy_Resolution,,,,,UNRESOLVED,,P016_PE_750C_10min,P016_MC_750C_10min,P016_OBS_CONDITION_750C_10min,EXPERIMENTAL,INDEPENDENT_CONDITION,,0.0,HIGH,Create condition identity only; keep targets unresolved,,,,,,,,,,,,,,,,,"{""workbook_sheet"": ""P016_Hierarchy_Resolution"", ""source"": ""P016 PDF Fig. 6 caption""}",,,,,,,,,,,,,,,,,,,,,,,,,,,,,,,,,,,,,,,,,,,,,,,,,,,,,,,,,,,,,,,,,,,,,,,,,,,,,,,,,,,,,,,,,,,,,,,,,,,,,,,,,,,,,,,,,,,,,,,
P016,10.1016/j.actamat.2018.10.017,,P016_OBS_650C3m_eps03,,,,,,,,,,,,,,,,,,,,,,,,,,,,,,,,,,,0.03,3% local strain,,,,,,,,,,,,,,,,,1.0,,,,,,0.002,,,,,,,,,,,,,,,,,HCP martensite directly detected at 3% local strain.,,,,P016 PDF Fig. 7a,High,,,P006_P016_manual_mapping_resolution.xlsx,P016_Stage_Hierarchy,,,,,,,P016_PE_650C_3min,P016_MC_650C_3min,P016_OBS_650C3m_eps03,EXPERIMENTAL,REPEATED_STAGE,P016_OBS_650C3m_eps03,0.0,HIGH,Correlated child observation; excluded from independent sample counts.,,,,,,,,,,,,,,,,,"{""workbook_sheet"": ""P016_Stage_Hierarchy"", ""source"": ""P016 PDF Fig. 7a"", ""independent"": false}",1.0,,,,,,,,,,,,,,,,,,,,,,,,,,,,,,,,,,,,,,,,,,,,,,,,,,,,,,,,,,,,,,,,,,,,,,,,,,,,,,,,,,,,,,,,,,,,,,,,,,,,,,,,,,,,,,,,,,,,,,
P016,10.1016/j.actamat.2018.10.017,,P016_OBS_650C10m_eps45,,,,,,,,,,,,,,,,,,,,,,,,,,,,,,,,,,,0.45,45% local strain,,,,,,,,,,,,,,,,,1.0,,,,,,0.13,,,,,,,,,,,,,,,,,Deformation-induced HCP martensite = 13 vol.% at 45% local strain.,,,,P016 PDF Fig. 10b,High,,,P006_P016_manual_mapping_resolution.xlsx,P016_Stage_Hierarchy,,,,,,,P016_PE_650C_10min,P016_MC_650C_10min,P016_OBS_650C10m_eps45,EXPERIMENTAL,REPEATED_STAGE,P016_OBS_650C10m_eps45,0.0,HIGH,Correlated child observation; excluded from independent sample counts.,,,,,,,,,,,,,,,,,"{""workbook_sheet"": ""P016_Stage_Hierarchy"", ""source"": ""P016 PDF Fig. 10b"", ""independent"": false}",1.0,,,,,,,,,,,,,,,,,,,,,,,,,,,,,,,,,,,,,,,,,,,,,,,,,,,,,,,,,,,,,,,,,,,,,,,,,,,,,,,,,,,,,,,,,,,,,,,,,,,,,,,,,,,,,,,,,,,,,,
P016,10.1016/j.actamat.2018.10.017,,P016_OBS_750C3m_eps03,,,,,,,,,,,,,,,,,,,,,,,,,,,,,,,,,,,0.03,3% local strain,,,,,,,,,,,,,,,,,1.0,1.0,,,,,0.005,,,,,,,,,,,,,,,,,Direct HCP martensite plus fine twins in medium-sized recrystallized grains.,Direct HCP martensite plus fine twins in medium-sized recrystallized grains.,,,"P016 PDF Figs. 7b, 8a-b",High,,,P006_P016_manual_mapping_resolution.xlsx,P016_Stage_Hierarchy,,,,,,,P016_PE_750C_3min,P016_MC_750C_3min,P016_OBS_750C3m_eps03,EXPERIMENTAL,REPEATED_STAGE,P016_OBS_750C3m_eps03,0.0,HIGH,Correlated child observation; excluded from independent sample counts.,,,,,,,,,,,,,,,,,"{""workbook_sheet"": ""P016_Stage_Hierarchy"", ""source"": ""P016 PDF Figs. 7b, 8a-b"", ""independent"": false}",1.0,1.0,,,,,,,,,,,,,,,,,,,,,,,,,,,,,,,,,,,,,,,,,,,,,,,,,,,,,,,,,,,,,,,,,,,,,,,,,,,,,,,,,,,,,,,,,,,,,,,,,,,,,,,,,,,,,,,,,,,,,
P016,10.1016/j.actamat.2018.10.017,,P016_OBS_750C3m_eps10,,,,,,,,,,,,,,,,,,,,,,,,,,,,,,,,,,,0.1,10% local strain,,,,,,,,,,,,,,,,,1.0,,,,,,0.02,,,,,,,,,,,,,,,,,HCP martensite fraction rises to ~2 vol.%.,,,,P016 PDF Fig. 9a,High,,,P006_P016_manual_mapping_resolution.xlsx,P016_Stage_Hierarchy,,,,,,,P016_PE_750C_3min,P016_MC_750C_3min,P016_OBS_750C3m_eps10,EXPERIMENTAL,REPEATED_STAGE,P016_OBS_750C3m_eps10,0.0,HIGH,Correlated child observation; excluded from independent sample counts.,,,,,,,,,,,,,,,,,"{""workbook_sheet"": ""P016_Stage_Hierarchy"", ""source"": ""P016 PDF Fig. 9a"", ""independent"": false}",1.0,,,,,,,,,,,,,,,,,,,,,,,,,,,,,,,,,,,,,,,,,,,,,,,,,,,,,,,,,,,,,,,,,,,,,,,,,,,,,,,,,,,,,,,,,,,,,,,,,,,,,,,,,,,,,,,,,,,,,,
P016,10.1016/j.actamat.2018.10.017,,P016_OBS_750C3m_eps30,,,,,,,,,,,,,,,,,,,,,,,,,,,,,,,,,,,0.3,30% local strain,,,,,,,,,,,,,,,,,1.0,,,,,,0.08,,,,,,,,,,,,,,,,,HCP martensite fraction rises to ~8 vol.%.,,,,P016 PDF Fig. 9b,High,,,P006_P016_manual_mapping_resolution.xlsx,P016_Stage_Hierarchy,,,,,,,P016_PE_750C_3min,P016_MC_750C_3min,P016_OBS_750C3m_eps30,EXPERIMENTAL,REPEATED_STAGE,P016_OBS_750C3m_eps30,0.0,HIGH,Correlated child observation; excluded from independent sample counts.,,,,,,,,,,,,,,,,,"{""workbook_sheet"": ""P016_Stage_Hierarchy"", ""source"": ""P016 PDF Fig. 9b"", ""independent"": false}",1.0,,,,,,,,,,,,,,,,,,,,,,,,,,,,,,,,,,,,,,,,,,,,,,,,,,,,,,,,,,,,,,,,,,,,,,,,,,,,,,,,,,,,,,,,,,,,,,,,,,,,,,,,,,,,,,,,,,,,,,
P016,10.1016/j.actamat.2018.10.017,,P016_OBS_750C3m_eps45,,,,,,,,,,,,,,,,,,,,,,,,,,,,,,,,,,,0.45,45% local strain,,,,,,,,,,,,,,,,,1.0,,,,,,0.33,,,,,,,,,,,,,,,,,HCP martensite fraction ~33 vol.% at 45% local strain.,,,,P016 PDF Fig. 10a,High,,,P006_P016_manual_mapping_resolution.xlsx,P016_Stage_Hierarchy,,,,,,,P016_PE_750C_3min,P016_MC_750C_3min,P016_OBS_750C3m_eps45,EXPERIMENTAL,REPEATED_STAGE,P016_OBS_750C3m_eps45,0.0,HIGH,Correlated child observation; excluded from independent sample counts.,,,,,,,,,,,,,,,,,"{""workbook_sheet"": ""P016_Stage_Hierarchy"", ""source"": ""P016 PDF Fig. 10a"", ""independent"": false}",1.0,,,,,,,,,,,,,,,,,,,,,,,,,,,,,,,,,,,,,,,,,,,,,,,,,,,,,,,,,,,,,,,,,,,,,,,,,,,,,,,,,,,,,,,,,,,,,,,,,,,,,,,,,,,,,,,,,,,,,,
P007,10.1016/j.actamat.2022.117974,,P007_OBS_A6001_eps20,,,,,,,,,,,,,,,,,,,,,,,,,,,,,,,,,,,,20% reported strain,,,,,,,,,,,,,,,,,,,,,,,,,,,,,,,,,,,,,,,,,,,,P007 PDF p.2 Experimental; p.7 Fig.6,,,,P006_P007_parent_replicate_grouping_resolution.xlsx,P007_Stage_Linkage,,,,,,,,P007_MC_A600_1h,P007_OBS_A6001_eps20,EXPERIMENTAL,REPEATED_STAGE,P007_OBS_A6001_eps20,0.0,High,Keep as child observation of A600-1. Do not count as a second independent condition.,,,,,,,,,,,,,,,,,,,,P007_SERIES01,P007_MAT01,,,P007_SERIES01,P007_MAT01,RESOLVED_TO_PARENT_CONDITION,,P007_MC_A600_1h,,,,,,,,,,,,,,,,,,,,,,,,,,,,,,,,,,,,,,,,,,,,,,,,,,,,,,,,,,,,,,,,,,,,,,,,,,,,,,,,,,,,,,,,,,,,,,,,,,,,,,,,,,,,
P007,10.1016/j.actamat.2022.117974,,P007_OBS_A6002_eps20,,,,,,,,,,,,,,,,,,,,,,,,,,,,,,,,,,,,20% reported strain,,,,,,,,,,,,,,,,,,,,,,,,,,,,,,,,,,,,,,,,,,,,P007 PDF p.7 Fig.6,,,,P006_P007_parent_replicate_grouping_resolution.xlsx,P007_Stage_Linkage,,,,,,,,P007_MC_A600_2h,P007_OBS_A6002_eps20,EXPERIMENTAL,REPEATED_STAGE,P007_OBS_A6002_eps20,0.0,High,Keep as child observation of A600-2. Do not count as a second independent condition.,,,,,,,,,,,,,,,,,,,,P007_SERIES01,P007_MAT01,,,P007_SERIES01,P007_MAT01,RESOLVED_TO_PARENT_CONDITION,,P007_MC_A600_2h,,,,,,,,,,,,,,,,,,,,,,,,,,,,,,,,,,,,,,,,,,,,,,,,,,,,,,,,,,,,,,,,,,,,,,,,,,,,,,,,,,,,,,,,,,,,,,,,,,,,,,,,,,,,
P007,10.1016/j.actamat.2022.117974,,P007_OBS_A60010_eps20,,,,,,,,,,,,,,,,,,,,,,,,,,,,,,,,,,,,20% reported strain,,,,,,,,,,,,,,,,,,,,,,,,,,,,,,,,,,,,,,,,,,,,P007 PDF p.7-8 Fig.7,,,,P006_P007_parent_replicate_grouping_resolution.xlsx,P007_Stage_Linkage,,,,,,,,P007_MC_A600_10h,P007_OBS_A60010_eps20,EXPERIMENTAL,REPEATED_STAGE,P007_OBS_A60010_eps20,0.0,High,Keep as child observation of A600-10; target evidence may be aggregated to condition level with provenance.,,,,,,,,,,,,,,,,,,,,P007_SERIES01,P007_MAT01,,,P007_SERIES01,P007_MAT01,RESOLVED_TO_PARENT_CONDITION,,P007_MC_A600_10h,,,,,,,,,,,,,,,,,,,,,,,,,,,,,,,,,,,,,,,,,,,,,,,,,,,,,,,,,,,,,,,,,,,,,,,,,,,,,,,,,,,,,,,,,,,,,,,,,,,,,,,,,,,,
P007,10.1016/j.actamat.2022.117974,,P007_OBS_A60072_eps10,,,,,,,,,,,,,,,,,,,,,,,,,,,,,,,,,,,,10% reported strain,,,,,,,,,,,,,,,,,,,,,,,,,,,,,,,,,,,,,,,,,,,,P007 PDF p.8 Fig.8,,,,P006_P007_parent_replicate_grouping_resolution.xlsx,P007_Stage_Linkage,,,,,,,,P007_MC_A600_72h,P007_OBS_A60072_eps10,EXPERIMENTAL,REPEATED_STAGE,P007_OBS_A60072_eps10,0.0,High,Keep as correlated child observation; do not infer replicate or specimen ID.,,,,,,,,,,,,,,,,,,,,P007_SERIES01,P007_MAT01,,,P007_SERIES01,P007_MAT01,RESOLVED_TO_PARENT_CONDITION,,P007_MC_A600_72h,,,,,,,,,,,,,,,,,,,,,,,,,,,,,,,,,,,,,,,,,,,,,,,,,,,,,,,,,,,,,,,,,,,,,,,,,,,,,,,,,,,,,,,,,,,,,,,,,,,,,,,,,,,,
P007,10.1016/j.actamat.2022.117974,,P007_OBS_A60072_eps20,,,,,,,,,,,,,,,,,,,,,,,,,,,,,,,,,,,,20% reported strain,,,,,,,,,,,,,,,,,,,,,,,,,,,,,,,,,,,,,,,,,,,,"P007 PDF p.8-10 Figs.8,10",,,,P006_P007_parent_replicate_grouping_resolution.xlsx,P007_Stage_Linkage,,,,,,,,P007_MC_A600_72h,P007_OBS_A60072_eps20,EXPERIMENTAL,REPEATED_STAGE,P007_OBS_A60072_eps20,0.0,High,"Keep as correlated child observation; separate from 10% observation by Observation_ID only, not by invented specimen ID.",,,,,,,,,,,,,,,,,,,,P007_SERIES01,P007_MAT01,,,P007_SERIES01,P007_MAT01,RESOLVED_TO_PARENT_CONDITION,,P007_MC_A600_72h,,,,,,,,,,,,,,,,,,,,,,,,,,,,,,,,,,,,,,,,,,,,,,,,,,,,,,,,,,,,,,,,,,,,,,,,,,,,,,,,,,,,,,,,,,,,,,,,,,,,,,,,,,,,
P008,10.1016/j.ijplas.2021.102965,Multi-heterostructure and mechanical properties of N-doped FeMnCoCr high entropy alloy,P008_MC_N0_HOMO,,,Experimental,,,,,,,,,,,,,,,,,,,,,,,,,,,0.001,,,,,,,,,,,,,,,,,,,,,,,,,,,,,,,,,,,,,,,,,,,,,,,,,,,,,,P008_scientific_evidence_recovery_VERIFIED.xlsx,P008_Conditions,,,,EXPERIMENTAL_INDEPENDENT,,,,P008_MC_N0_HOMO,P008_OBS_N0_HOMO,EXPERIMENTAL,INDEPENDENT_CONDITION,,0.0,High,,310.0,,,210.0,,,,,0.47,,,,,,,,,,,P008_SERIES01,P008_MAT_N0,,,P008_SERIES01,P008_MAT_N0,,,P008_MC_N0_HOMO,,,,,,,,,,,EXACT_CONDITION_RECOVERED,NEW_EXACT_CONDITION,HOMO,Fe49.6Mn30.0Co10.0Cr10.4,EXACT_BULK_CHEMISTRY_REPORTED,"Vacuum induction cast in Ar; hot forged 1200C; hot rolled 1050→900C, 50% thickness reduction; homogenized 1200C/2h and water quenched.",Room temperature,ROOM_TEMPERATURE_REPORTED,overall equiaxed grains,Average diameter,DIRECT_EBSD_AREA_FRACTION,,NOT_REPORTED_FOR_THIS_STATE,NOT_NUMERICALLY_REPORTED,SOURCE_SUPPORTED_TEXT; also 468-258=210 exactly,SUPPLEMENT_TABLE_S1_PENDING,SUPPLEMENT_TABLE_S1_PENDING,ALLOY_LEVEL,6.5,SECONDARY_REFERENCE,Su et al. 2019 cited by P008; p. 13,,,,,,,,,,,,,,,,,,,,,,,,,,,,,,,,,,,,,,,,,,,,,,,,,,,,,,,,,,,,,,,,,,,,,,,,,,,,,
P008,10.1016/j.ijplas.2021.102965,Multi-heterostructure and mechanical properties of N-doped FeMnCoCr high entropy alloy,P008_MC_N0_PC,,,Experimental,,,,,,,,,,,,,,,,,,,,,,60.0,1023.15,3.0,,,0.001,,,,,,,,,,,,,,,,,,,,,,,,,,,,,,,,,,,,,,,,,,,,,,,,,,,,,,P008_scientific_evidence_recovery_VERIFIED.xlsx,P008_Conditions,,,,EXPERIMENTAL_INDEPENDENT,,,,P008_MC_N0_PC,P008_OBS_N0_PC,EXPERIMENTAL,INDEPENDENT_CONDITION,,0.0,High,,1.4,,,468.0,,,,,0.27,1.0,1.0,0.9,,,,,,1.0,1.0,P008_SERIES01,P008_MAT_N0,,,P008_SERIES01,P008_MAT_N0,,,P008_MC_N0_PC,,,,,,,,,,,EXACT_CONDITION_RECOVERED,NEW_EXACT_CONDITION,PC,Fe49.6Mn30.0Co10.0Cr10.4,EXACT_BULK_CHEMISTRY_REPORTED,"Vacuum induction cast in Ar; hot forged 1200C; hot rolled 1050→900C, 50% thickness reduction; homogenized 1200C/2h and water quenched.",Room temperature,ROOM_TEMPERATURE_REPORTED,recrystallized grains / dominant microstructure,Dominated by equiaxed recrystallized grains; ~10% non-recrystallized matrix,DIRECT_EBSD_AREA_FRACTION,,NOT_REPORTED,DIRECT_TEXT,DIRECT_TEXT,SUPPLEMENT_TABLE_S1_PENDING,SUPPLEMENT_TABLE_S1_PENDING,ALLOY_LEVEL,6.5,SECONDARY_REFERENCE,Su et al. 2019 cited by P008; p. 13,,,,,,,,,,,,,,,,,,,,,,,,,,,,,,,,,,,,,,,,,,,,,,,,,,,,,,,,,,,,,,,,,,,,,,,,,,,,,
P008,10.1016/j.ijplas.2021.102965,Multi-heterostructure and mechanical properties of N-doped FeMnCoCr high entropy alloy,P008_MC_N0_FC,,,Experimental,,,,,,,,,,,,,,,,,,,,,,60.0,1173.15,3.0,,,0.001,,,,,,,,,,,,,,,,,,,,,,,,,,,,,,,,,,,,,,,,,,,,,,,,,,,,,,P008_scientific_evidence_recovery_VERIFIED.xlsx,P008_Conditions,,,,EXPERIMENTAL_INDEPENDENT,,,,P008_MC_N0_FC,P008_OBS_N0_FC,EXPERIMENTAL,INDEPENDENT_CONDITION,,0.0,High,,6.2,,,,,,,,0.34,1.0,,,,,,,,1.0,,P008_SERIES01,P008_MAT_N0,,,P008_SERIES01,P008_MAT_N0,,,P008_MC_N0_FC,,,,,,,,,,,EXACT_CONDITION_RECOVERED,NEW_EXACT_CONDITION,FC,Fe49.6Mn30.0Co10.0Cr10.4,EXACT_BULK_CHEMISTRY_REPORTED,"Vacuum induction cast in Ar; hot forged 1200C; hot rolled 1050→900C, 50% thickness reduction; homogenized 1200C/2h and water quenched.",Room temperature,ROOM_TEMPERATURE_REPORTED,overall equiaxed grains,Average diameter,DIRECT_EBSD_AREA_FRACTION,,NOT_REPORTED,FULLY_RECRYSTALLIZED_STATE_BY_PROCESS_DEFINITION,SUPPLEMENT_TABLE_S1_PENDING,SUPPLEMENT_TABLE_S1_PENDING,SUPPLEMENT_TABLE_S1_PENDING,ALLOY_LEVEL,6.5,SECONDARY_REFERENCE,Su et al. 2019 cited by P008; p. 13,,,,,,,,,,,,,,,,,,,,,,,,,,,,,,,,,,,,,,,,,,,,,,,,,,,,,,,,,,,,,,,,,,,,,,,,,,,,,
P008,10.1016/j.ijplas.2021.102965,Multi-heterostructure and mechanical properties of N-doped FeMnCoCr high entropy alloy,P008_MC_N2p6_HOMO,,,Experimental,,,,,,,,,,,,,,,,,,,,,,,,,,,0.001,,,,,,,,,,,,,,,,,,,,,,,,,,,,,,,,,,,,,,,,,,,,,,,,,,,,,,P008_scientific_evidence_recovery_VERIFIED.xlsx,P008_Conditions,,,,EXPERIMENTAL_INDEPENDENT,,,,P008_MC_N2p6_HOMO,P008_OBS_N2p6_HOMO,EXPERIMENTAL,INDEPENDENT_CONDITION,,0.0,High,,216.0,,,533.0,,,,,0.0,,,,,,,,,,,P008_SERIES01,P008_MAT_N2p6,,,P008_SERIES01,P008_MAT_N2p6,,,P008_MC_N2p6_HOMO,,,,,,,,,,,EXACT_CONDITION_RECOVERED,NEW_EXACT_CONDITION,HOMO,Fe45.9Mn30.4Co10.5Cr10.6N2.6,EXACT_BULK_CHEMISTRY_REPORTED,"Vacuum induction cast in Ar; hot forged 1200C; hot rolled 1050→900C, 50% thickness reduction; homogenized 1200C/2h and water quenched.",Room temperature,ROOM_TEMPERATURE_REPORTED,overall equiaxed grains,Average diameter,NO_HCP_IDENTIFIED_BY_EBSD_XRD,0.0,NO_ALPHA_DETECTED_BY_CLOSE_TEM,NOT_NUMERICALLY_REPORTED,DIRECT_TEXT (p.11: N2.6-HOMO 533 MPa → N2.6-PC 1310 MPa),SUPPLEMENT_TABLE_S1_PENDING,SUPPLEMENT_TABLE_S1_PENDING,ALLOY_LEVEL,26.0,CURRENT_STUDY_ALLOY_LEVEL,TEM; p. 13; state not specified,,,,,,,,,,,,,,,,,,,,,,,,,,,,,,,,,,,,,,,,,,,,,,,,,,,,,,,,,,,,,,,,,,,,,,,,,,,,,
P008,10.1016/j.ijplas.2021.102965,Multi-heterostructure and mechanical properties of N-doped FeMnCoCr high entropy alloy,P008_MC_N2p6_FC,,,Experimental,,,,,,,,,,,,,,,,,,,,,,60.0,1173.15,3.0,,,0.001,,,,,,,,,,,,,,,,,,,,,,,,,,,,,,,,,,,,,,,,,,,,,,,,,,,,,,P008_scientific_evidence_recovery_VERIFIED.xlsx,P008_Conditions,,,,EXPERIMENTAL_INDEPENDENT,,,,P008_MC_N2p6_FC,P008_OBS_N2p6_FC,EXPERIMENTAL,INDEPENDENT_CONDITION,,0.0,High,,4.5,,,,,,,,0.0,0.0,1.0,,,,,,,0.0,1.0,P008_SERIES01,P008_MAT_N2p6,,,P008_SERIES01,P008_MAT_N2p6,,,P008_MC_N2p6_FC,,,,,,,,,,,EXACT_CONDITION_RECOVERED,NEW_EXACT_CONDITION,FC,Fe45.9Mn30.4Co10.5Cr10.6N2.6,EXACT_BULK_CHEMISTRY_REPORTED,"Vacuum induction cast in Ar; hot forged 1200C; hot rolled 1050→900C, 50% thickness reduction; homogenized 1200C/2h and water quenched.",Room temperature,ROOM_TEMPERATURE_REPORTED,overall equiaxed grains,Average diameter,NO_HCP_IDENTIFIED_BY_EBSD_XRD,0.0,NO_ALPHA_DETECTED_BY_CLOSE_TEM,FULLY_RECRYSTALLIZED_STATE_BY_PROCESS_DEFINITION,SUPPLEMENT_TABLE_S1_PENDING,SUPPLEMENT_TABLE_S1_PENDING,SUPPLEMENT_TABLE_S1_PENDING,ALLOY_LEVEL,26.0,CURRENT_STUDY_ALLOY_LEVEL,TEM; p. 13; state not specified,,,,,,,,,,,,,,,,,,,,,,,,,,,,,,,,,,,,,,,,,,,,,,,,,,,,,,,,,,,,,,,,,,,,,,,,,,,,,
P010,10.1103/PhysRevMaterials.4.033601,Role of magnetic ordering for the design of quinary TWIP-TRIP high entropy alloys,P010_MC_AlloyI,,,,Alloy I,Cr19.93±0.12 Mn23.81±0.22 Fe30.39±0.15 Co19.87±0.14 Ni5.99±0.03,at.% measured wet chemistry,30.39,23.81,19.87,19.93,5.99,,,,,,,,Vacuum induction cast; hot rolled at 950 C to 50% thickness reduction; homogenized at 1200 C for 2 h in Ar; water quenched.,vacuum induction casting,1473.15,2.0,1223.15,50.0,,,,Water quench,,0.001,10.0,2.5,1.0,,,,,,,,,,,ab-initio EMTO / CPA / AIM1,,,,,,,,,,,1,,,TRIP-dominant with concurrent TWIP and planar dislocation activity,,,,,,,,,,,,,,,,,,Initial dual FCC/HCP; deformation increases HCP to ~36 vol.% by ~60% local strain; diffraction/EBSD/TEM show deformation-induced HCP.,At ~60% local strain Σ3 deformation twins ~4.5% coexist with HCP; TEM diffraction confirms twins.,,,Table I; Methods pp.2-4; Figs.3-4; Results p.7; Conclusions p.11,High,,,P010_scientific_evidence_recovery_VERIFIED.xlsx,P010_Conditions,,,,,,,P010_MC_AlloyI,P010_MC_AlloyI,P010_OBS_AlloyI_condition,EXPERIMENTAL,INDEPENDENT_CONDITION,,0.0,HIGH,,,,,,,,,,,1.0,1.0,,,,,,,1.0,1.0,P010_SERIES01,P010_MAT_AlloyI,,,P010_SERIES01,P010_MAT_AlloyI,,,P010_MC_AlloyI,,,,,,,,,,,,,,,,,Room temperature,ROOM_TEMPERATURE_REPORTED,,,,,,,,,,,,,,,,,,,,,,,,,,True,Cr20Mn24Fe30Co20Ni6,MEASURED_WET_CHEMISTRY_THREE_CAST_LOCATIONS,0.12,0.22,0.15,0.14,0.03,Dual FCC+HCP; majority FCC,DIRECT_QUALITATIVE_EBSD_XRD; exact initial fractions not in main paper,160.0,APPROX_EXPERIMENTAL_MAGNETIZATION_TRANSITION,antiferromagnet-like M-H behavior,5.0,PM; AFM,DLM + CPA,ordered magnetic configuration used in calculations,PM or AFM,close to reference in PM and AFM,NOT_EXPLICITLY_INCLUDED_IN_SCREENING,RECOVERED_EXACT_CONDITION,"[{""Paper_ID"": ""P010"", ""DOI"": ""10.1103/PhysRevMaterials.4.033601"", ""ML_Condition_ID"": ""P010_MC_AlloyI"", ""Observation_ID"": ""P010_OBS_AlloyI_condition"", ""Feature_Name"": ""Cr_at%"", ""Recovered_Value"": 19.93, ""Units"": ""at.%"", ""Evidence_Type"": ""VERIFIED_WORKBOOK"", ""Evidence_Location"": ""Table I; Methods pp.2-4; Figs.3-4; Results p.7; Conclusions p.11"", ""Confidence"": ""High"", ""Recovery_Status"": ""VERIFIED""}, {""Paper_ID"": ""P010"", ""DOI"": ""10.1103/PhysRevMaterials.4.033601"", ""ML_Condition_ID"": ""P010_MC_AlloyI"", ""Observation_ID"": ""P010_OBS_AlloyI_condition"", ""Feature_Name"": ""Mn_at%"", ""Recovered_Value"": 23.81, ""Units"": ""at.%"", ""Evidence_Type"": ""VERIFIED_WORKBOOK"", ""Evidence_Location"": ""Table I; Methods pp.2-4; Figs.3-4; Results p.7; Conclusions p.11"", ""Confidence"": ""High"", ""Recovery_Status"": ""VERIFIED""}, {""Paper_ID"": ""P010"", ""DOI"": ""10.1103/PhysRevMaterials.4.033601"", ""ML_Condition_ID"": ""P010_MC_AlloyI"", ""Observation_ID"": ""P010_OBS_AlloyI_condition"", ""Feature_Name"": ""Fe_at%"", ""Recovered_Value"": 30.39, ""Units"": ""at.%"", ""Evidence_Type"": ""VERIFIED_WORKBOOK"", ""Evidence_Location"": ""Table I; Methods pp.2-4; Figs.3-4; Results p.7; Conclusions p.11"", ""Confidence"": ""High"", ""Recovery_Status"": ""VERIFIED""}, {""Paper_ID"": ""P010"", ""DOI"": ""10.1103/PhysRevMaterials.4.033601"", ""ML_Condition_ID"": ""P010_MC_AlloyI"", ""Observation_ID"": ""P010_OBS_AlloyI_condition"", ""Feature_Name"": ""Co_at%"", ""Recovered_Value"": 19.87, ""Units"": ""at.%"", ""Evidence_Type"": ""VERIFIED_WORKBOOK"", ""Evidence_Location"": ""Table I; Methods pp.2-4; Figs.3-4; Results p.7; Conclusions p.11"", ""Confidence"": ""High"", ""Recovery_Status"": ""VERIFIED""}, {""Paper_ID"": ""P010"", ""DOI"": ""10.1103/PhysRevMaterials.4.033601"", ""ML_Condition_ID"": ""P010_MC_AlloyI"", ""Observation_ID"": ""P010_OBS_AlloyI_condition"", ""Feature_Name"": ""Ni_at%"", ""Recovered_Value"": 5.99, ""Units"": ""at.%"", ""Evidence_Type"": ""VERIFIED_WORKBOOK"", ""Evidence_Location"": ""Table I; Methods pp.2-4; Figs.3-4; Results p.7; Conclusions p.11"", ""Confidence"": ""High"", ""Recovery_Status"": ""VERIFIED""}, {""Paper_ID"": ""P010"", ""DOI"": ""10.1103/PhysRevMaterials.4.033601"", ""ML_Condition_ID"": ""P010_MC_AlloyI"", ""Observation_ID"": ""P010_OBS_AlloyI_condition"", ""Feature_Name"": ""Effective_TRIP"", ""Recovered_Value"": 1, ""Units"": ""binary"", ""Evidence_Type"": ""VERIFIED_WORKBOOK"", ""Evidence_Location"": ""Table I; Methods pp.2-4; Figs.3-4; Results p.7; Conclusions p.11"", ""Confidence"": ""High"", ""Recovery_Status"": ""VERIFIED""}, {""Paper_ID"": ""P010"", ""DOI"": ""10.1103/PhysRevMaterials.4.033601"", ""ML_Condition_ID"": ""P010_MC_AlloyI"", ""Observation_ID"": ""P010_OBS_AlloyI_condition"", ""Feature_Name"": ""Effective_TWIP"", ""Recovered_Value"": 1, ""Units"": ""binary"", ""Evidence_Type"": ""VERIFIED_WORKBOOK"", ""Evidence_Location"": ""Table I; Methods pp.2-4; Figs.3-4; Results p.7; Conclusions p.11"", ""Confidence"": ""High"", ""Recovery_Status"": ""VERIFIED""}, {""Paper_ID"": ""P010"", ""DOI"": ""10.1103/PhysRevMaterials.4.033601"", ""ML_Condition_ID"": ""P010_MC_AlloyI"", ""Observation_ID"": ""P010_OBS_AlloyI_condition"", ""Feature_Name"": ""Magnetic_transition_T_K"", ""Recovered_Value"": 160, ""Units"": ""K"", ""Evidence_Type"": ""VERIFIED_WORKBOOK"", ""Evidence_Location"": ""Table I; Methods pp.2-4; Figs.3-4; Results p.7; Conclusions p.11"", ""Confidence"": ""High"", ""Recovery_Status"": ""VERIFIED""}, {""Paper_ID"": ""P010"", ""DOI"": ""10.1103/PhysRevMaterials.4.033601"", ""ML_Condition_ID"": ""P010_MC_AlloyI"", ""Observation_ID"": ""P010_OBS_AlloyI_condition"", ""Feature_Name"": ""Recovered_Test_T_Reported"", ""Recovered_Value"": ""Room temperature"", ""Units"": ""source text"", ""Evidence_Type"": ""VERIFIED_WORKBOOK"", ""Evidence_Location"": ""Table I; Methods pp.2-4; Figs.3-4; Results p.7; Conclusions p.11"", ""Confidence"": ""High"", ""Recovery_Status"": ""VERIFIED""}, {""Paper_ID"": ""P010"", ""DOI"": ""10.1103/PhysRevMaterials.4.033601"", ""ML_Condition_ID"": ""P010_MC_AlloyI"", ""Observation_ID"": ""P010_OBS_AlloyI_condition"", ""Feature_Name"": ""Initial_Phase_State_Qualitative"", ""Recovered_Value"": ""Dual FCC+HCP; majority FCC"", ""Units"": ""categorical"", ""Evidence_Type"": ""VERIFIED_WORKBOOK"", ""Evidence_Location"": ""Table I; Methods pp.2-4; Figs.3-4; Results p.7; Conclusions p.11"", ""Confidence"": ""High"", ""Recovery_Status"": ""VERIFIED""}, {""Paper_ID"": ""P010"", ""DOI"": ""10.1103/PhysRevMaterials.4.033601"", ""ML_Condition_ID"": ""P010_MC_AlloyI"", ""Observation_ID"": ""P010_OBS_AlloyI_condition"", ""Feature_Name"": ""SFE_Relative_Trend"", ""Recovered_Value"": ""close to reference in PM and AFM"", ""Units"": ""qualitative"", ""Evidence_Type"": ""VERIFIED_WORKBOOK"", ""Evidence_Location"": ""Table I; Methods pp.2-4; Figs.3-4; Results p.7; Conclusions p.11"", ""Confidence"": ""High"", ""Recovery_Status"": ""VERIFIED""}, {""Paper_ID"": ""P010"", ""DOI"": ""10.1103/PhysRevMaterials.4.033601"", ""ML_Condition_ID"": ""P010_MC_AlloyI"", ""Observation_ID"": ""P010_OBS_AlloyI_condition"", ""Feature_Name"": ""Cr_at%_uncertainty"", ""Recovered_Value"": 0.12, ""Units"": ""at.%"", ""Evidence_Type"": ""WET_CHEMISTRY_REPORTED_PM"", ""Evidence_Location"": ""Table I"", ""Confidence"": ""High"", ""Recovery_Status"": ""VERIFIED""}, {""Paper_ID"": ""P010"", ""DOI"": ""10.1103/PhysRevMaterials.4.033601"", ""ML_Condition_ID"": ""P010_MC_AlloyI"", ""Observation_ID"": ""P010_OBS_AlloyI_condition"", ""Feature_Name"": ""Mn_at%_uncertainty"", ""Recovered_Value"": 0.22, ""Units"": ""at.%"", ""Evidence_Type"": ""WET_CHEMISTRY_REPORTED_PM"", ""Evidence_Location"": ""Table I"", ""Confidence"": ""High"", ""Recovery_Status"": ""VERIFIED""}, {""Paper_ID"": ""P010"", ""DOI"": ""10.1103/PhysRevMaterials.4.033601"", ""ML_Condition_ID"": ""P010_MC_AlloyI"", ""Observation_ID"": ""P010_OBS_AlloyI_condition"", ""Feature_Name"": ""Fe_at%_uncertainty"", ""Recovered_Value"": 0.15, ""Units"": ""at.%"", ""Evidence_Type"": ""WET_CHEMISTRY_REPORTED_PM"", ""Evidence_Location"": ""Table I"", ""Confidence"": ""High"", ""Recovery_Status"": ""VERIFIED""}, {""Paper_ID"": ""P010"", ""DOI"": ""10.1103/PhysRevMaterials.4.033601"", ""ML_Condition_ID"": ""P010_MC_AlloyI"", ""Observation_ID"": ""P010_OBS_AlloyI_condition"", ""Feature_Name"": ""Co_at%_uncertainty"", ""Recovered_Value"": 0.14, ""Units"": ""at.%"", ""Evidence_Type"": ""WET_CHEMISTRY_REPORTED_PM"", ""Evidence_Location"": ""Table I"", ""Confidence"": ""High"", ""Recovery_Status"": ""VERIFIED""}, {""Paper_ID"": ""P010"", ""DOI"": ""10.1103/PhysRevMaterials.4.033601"", ""ML_Condition_ID"": ""P010_MC_AlloyI"", ""Observation_ID"": ""P010_OBS_AlloyI_condition"", ""Feature_Name"": ""Ni_at%_uncertainty"", ""Recovered_Value"": 0.03, ""Units"": ""at.%"", ""Evidence_Type"": ""WET_CHEMISTRY_REPORTED_PM"", ""Evidence_Location"": ""Table I"", ""Confidence"": ""High"", ""Recovery_Status"": ""VERIFIED""}]",,,,,,,,,,,,,,,,,,,,,,,,,,,,,,,,,,,,,,,,,,,
P010,10.1103/PhysRevMaterials.4.033601,Role of magnetic ordering for the design of quinary TWIP-TRIP high entropy alloys,P010_MC_AlloyII,,,,Alloy II,Cr19.91±0.11 Mn29.66±0.21 Fe24.51±0.13 Co19.94±0.12 Ni5.97±0.04,at.% measured wet chemistry,24.51,29.66,19.94,19.91,5.97,,,,,,,,Vacuum induction cast; hot rolled at 950 C to 50% thickness reduction; homogenized at 1200 C for 2 h in Ar; water quenched.,vacuum induction casting,1473.15,2.0,1223.15,50.0,,,,Water quench,,0.001,10.0,2.5,1.0,,,,,,,,,,,ab-initio EMTO / CPA / AIM1,,,,,,,,,,,1,,,TWIP-dominant; planar slip at lower strain; no FCC→HCP transformation,,,,,,,,,,,,,,,,,,Initial single FCC; at ~70% local strain deformed structure remains single FCC and no HCP is observed.,High density of deformation twins at ~70% local strain; SADP and dark-field imaging confirm nanotwins.,,,Table I; Methods pp.2-4; Figs.5-6; Results pp.7-9; Discussion p.10,High,,,P010_scientific_evidence_recovery_VERIFIED.xlsx,P010_Conditions,,,,,,,P010_MC_AlloyII,P010_MC_AlloyII,P010_OBS_AlloyII_condition,EXPERIMENTAL,INDEPENDENT_CONDITION,,0.0,HIGH,,,,,,,,,,,0.0,1.0,,,,,,,0.0,1.0,P010_SERIES01,P010_MAT_AlloyII,,,P010_SERIES01,P010_MAT_AlloyII,,,P010_MC_AlloyII,,,,,,,,,,,,,,,,,Room temperature,ROOM_TEMPERATURE_REPORTED,,,,,,,,,,,,,,,,,,,,,,,,,,True,Cr20Mn30Fe24Co20Ni6,MEASURED_WET_CHEMISTRY_THREE_CAST_LOCATIONS,0.11,0.21,0.13,0.12,0.04,Single FCC,DIRECT_EBSD_XRD_PHASE_PRESENCE; exact FCC fraction not numerically quantified,190.0,APPROX_EXPERIMENTAL_MAGNETIZATION_TRANSITION,antiferromagnet-like M-H behavior,5.0,PM; AFM,DLM + CPA,ordered magnetic configuration used in calculations,PM or AFM,close to reference in PM; higher than reference in AFM,NOT_EXPLICITLY_INCLUDED_IN_SCREENING,RECOVERED_EXACT_CONDITION,"[{""Paper_ID"": ""P010"", ""DOI"": ""10.1103/PhysRevMaterials.4.033601"", ""ML_Condition_ID"": ""P010_MC_AlloyII"", ""Observation_ID"": ""P010_OBS_AlloyII_condition"", ""Feature_Name"": ""Cr_at%"", ""Recovered_Value"": 19.91, ""Units"": ""at.%"", ""Evidence_Type"": ""VERIFIED_WORKBOOK"", ""Evidence_Location"": ""Table I; Methods pp.2-4; Figs.5-6; Results pp.7-9; Discussion p.10"", ""Confidence"": ""High"", ""Recovery_Status"": ""VERIFIED""}, {""Paper_ID"": ""P010"", ""DOI"": ""10.1103/PhysRevMaterials.4.033601"", ""ML_Condition_ID"": ""P010_MC_AlloyII"", ""Observation_ID"": ""P010_OBS_AlloyII_condition"", ""Feature_Name"": ""Mn_at%"", ""Recovered_Value"": 29.66, ""Units"": ""at.%"", ""Evidence_Type"": ""VERIFIED_WORKBOOK"", ""Evidence_Location"": ""Table I; Methods pp.2-4; Figs.5-6; Results pp.7-9; Discussion p.10"", ""Confidence"": ""High"", ""Recovery_Status"": ""VERIFIED""}, {""Paper_ID"": ""P010"", ""DOI"": ""10.1103/PhysRevMaterials.4.033601"", ""ML_Condition_ID"": ""P010_MC_AlloyII"", ""Observation_ID"": ""P010_OBS_AlloyII_condition"", ""Feature_Name"": ""Fe_at%"", ""Recovered_Value"": 24.51, ""Units"": ""at.%"", ""Evidence_Type"": ""VERIFIED_WORKBOOK"", ""Evidence_Location"": ""Table I; Methods pp.2-4; Figs.5-6; Results pp.7-9; Discussion p.10"", ""Confidence"": ""High"", ""Recovery_Status"": ""VERIFIED""}, {""Paper_ID"": ""P010"", ""DOI"": ""10.1103/PhysRevMaterials.4.033601"", ""ML_Condition_ID"": ""P010_MC_AlloyII"", ""Observation_ID"": ""P010_OBS_AlloyII_condition"", ""Feature_Name"": ""Co_at%"", ""Recovered_Value"": 19.94, ""Units"": ""at.%"", ""Evidence_Type"": ""VERIFIED_WORKBOOK"", ""Evidence_Location"": ""Table I; Methods pp.2-4; Figs.5-6; Results pp.7-9; Discussion p.10"", ""Confidence"": ""High"", ""Recovery_Status"": ""VERIFIED""}, {""Paper_ID"": ""P010"", ""DOI"": ""10.1103/PhysRevMaterials.4.033601"", ""ML_Condition_ID"": ""P010_MC_AlloyII"", ""Observation_ID"": ""P010_OBS_AlloyII_condition"", ""Feature_Name"": ""Ni_at%"", ""Recovered_Value"": 5.97, ""Units"": ""at.%"", ""Evidence_Type"": ""VERIFIED_WORKBOOK"", ""Evidence_Location"": ""Table I; Methods pp.2-4; Figs.5-6; Results pp.7-9; Discussion p.10"", ""Confidence"": ""High"", ""Recovery_Status"": ""VERIFIED""}, {""Paper_ID"": ""P010"", ""DOI"": ""10.1103/PhysRevMaterials.4.033601"", ""ML_Condition_ID"": ""P010_MC_AlloyII"", ""Observation_ID"": ""P010_OBS_AlloyII_condition"", ""Feature_Name"": ""Effective_TRIP"", ""Recovered_Value"": 0, ""Units"": ""binary"", ""Evidence_Type"": ""VERIFIED_WORKBOOK"", ""Evidence_Location"": ""Table I; Methods pp.2-4; Figs.5-6; Results pp.7-9; Discussion p.10"", ""Confidence"": ""High"", ""Recovery_Status"": ""VERIFIED""}, {""Paper_ID"": ""P010"", ""DOI"": ""10.1103/PhysRevMaterials.4.033601"", ""ML_Condition_ID"": ""P010_MC_AlloyII"", ""Observation_ID"": ""P010_OBS_AlloyII_condition"", ""Feature_Name"": ""Effective_TWIP"", ""Recovered_Value"": 1, ""Units"": ""binary"", ""Evidence_Type"": ""VERIFIED_WORKBOOK"", ""Evidence_Location"": ""Table I; Methods pp.2-4; Figs.5-6; Results pp.7-9; Discussion p.10"", ""Confidence"": ""High"", ""Recovery_Status"": ""VERIFIED""}, {""Paper_ID"": ""P010"", ""DOI"": ""10.1103/PhysRevMaterials.4.033601"", ""ML_Condition_ID"": ""P010_MC_AlloyII"", ""Observation_ID"": ""P010_OBS_AlloyII_condition"", ""Feature_Name"": ""Magnetic_transition_T_K"", ""Recovered_Value"": 190, ""Units"": ""K"", ""Evidence_Type"": ""VERIFIED_WORKBOOK"", ""Evidence_Location"": ""Table I; Methods pp.2-4; Figs.5-6; Results pp.7-9; Discussion p.10"", ""Confidence"": ""High"", ""Recovery_Status"": ""VERIFIED""}, {""Paper_ID"": ""P010"", ""DOI"": ""10.1103/PhysRevMaterials.4.033601"", ""ML_Condition_ID"": ""P010_MC_AlloyII"", ""Observation_ID"": ""P010_OBS_AlloyII_condition"", ""Feature_Name"": ""Recovered_Test_T_Reported"", ""Recovered_Value"": ""Room temperature"", ""Units"": ""source text"", ""Evidence_Type"": ""VERIFIED_WORKBOOK"", ""Evidence_Location"": ""Table I; Methods pp.2-4; Figs.5-6; Results pp.7-9; Discussion p.10"", ""Confidence"": ""High"", ""Recovery_Status"": ""VERIFIED""}, {""Paper_ID"": ""P010"", ""DOI"": ""10.1103/PhysRevMaterials.4.033601"", ""ML_Condition_ID"": ""P010_MC_AlloyII"", ""Observation_ID"": ""P010_OBS_AlloyII_condition"", ""Feature_Name"": ""Initial_Phase_State_Qualitative"", ""Recovered_Value"": ""Single FCC"", ""Units"": ""categorical"", ""Evidence_Type"": ""VERIFIED_WORKBOOK"", ""Evidence_Location"": ""Table I; Methods pp.2-4; Figs.5-6; Results pp.7-9; Discussion p.10"", ""Confidence"": ""High"", ""Recovery_Status"": ""VERIFIED""}, {""Paper_ID"": ""P010"", ""DOI"": ""10.1103/PhysRevMaterials.4.033601"", ""ML_Condition_ID"": ""P010_MC_AlloyII"", ""Observation_ID"": ""P010_OBS_AlloyII_condition"", ""Feature_Name"": ""SFE_Relative_Trend"", ""Recovered_Value"": ""close to reference in PM; higher than reference in AFM"", ""Units"": ""qualitative"", ""Evidence_Type"": ""VERIFIED_WORKBOOK"", ""Evidence_Location"": ""Table I; Methods pp.2-4; Figs.5-6; Results pp.7-9; Discussion p.10"", ""Confidence"": ""High"", ""Recovery_Status"": ""VERIFIED""}, {""Paper_ID"": ""P010"", ""DOI"": ""10.1103/PhysRevMaterials.4.033601"", ""ML_Condition_ID"": ""P010_MC_AlloyII"", ""Observation_ID"": ""P010_OBS_AlloyII_condition"", ""Feature_Name"": ""Cr_at%_uncertainty"", ""Recovered_Value"": 0.11, ""Units"": ""at.%"", ""Evidence_Type"": ""WET_CHEMISTRY_REPORTED_PM"", ""Evidence_Location"": ""Table I"", ""Confidence"": ""High"", ""Recovery_Status"": ""VERIFIED""}, {""Paper_ID"": ""P010"", ""DOI"": ""10.1103/PhysRevMaterials.4.033601"", ""ML_Condition_ID"": ""P010_MC_AlloyII"", ""Observation_ID"": ""P010_OBS_AlloyII_condition"", ""Feature_Name"": ""Mn_at%_uncertainty"", ""Recovered_Value"": 0.21, ""Units"": ""at.%"", ""Evidence_Type"": ""WET_CHEMISTRY_REPORTED_PM"", ""Evidence_Location"": ""Table I"", ""Confidence"": ""High"", ""Recovery_Status"": ""VERIFIED""}, {""Paper_ID"": ""P010"", ""DOI"": ""10.1103/PhysRevMaterials.4.033601"", ""ML_Condition_ID"": ""P010_MC_AlloyII"", ""Observation_ID"": ""P010_OBS_AlloyII_condition"", ""Feature_Name"": ""Fe_at%_uncertainty"", ""Recovered_Value"": 0.13, ""Units"": ""at.%"", ""Evidence_Type"": ""WET_CHEMISTRY_REPORTED_PM"", ""Evidence_Location"": ""Table I"", ""Confidence"": ""High"", ""Recovery_Status"": ""VERIFIED""}, {""Paper_ID"": ""P010"", ""DOI"": ""10.1103/PhysRevMaterials.4.033601"", ""ML_Condition_ID"": ""P010_MC_AlloyII"", ""Observation_ID"": ""P010_OBS_AlloyII_condition"", ""Feature_Name"": ""Co_at%_uncertainty"", ""Recovered_Value"": 0.12, ""Units"": ""at.%"", ""Evidence_Type"": ""WET_CHEMISTRY_REPORTED_PM"", ""Evidence_Location"": ""Table I"", ""Confidence"": ""High"", ""Recovery_Status"": ""VERIFIED""}, {""Paper_ID"": ""P010"", ""DOI"": ""10.1103/PhysRevMaterials.4.033601"", ""ML_Condition_ID"": ""P010_MC_AlloyII"", ""Observation_ID"": ""P010_OBS_AlloyII_condition"", ""Feature_Name"": ""Ni_at%_uncertainty"", ""Recovered_Value"": 0.04, ""Units"": ""at.%"", ""Evidence_Type"": ""WET_CHEMISTRY_REPORTED_PM"", ""Evidence_Location"": ""Table I"", ""Confidence"": ""High"", ""Recovery_Status"": ""VERIFIED""}]",,,,,,,,,,,,,,,,,,,,,,,,,,,,,,,,,,,,,,,,,,,
P010,10.1103/PhysRevMaterials.4.033601,Role of magnetic ordering for the design of quinary TWIP-TRIP high entropy alloys,P010_MC_AlloyIII,,,,Alloy III,Cr20.33±0.12 Mn15.35±0.21 Fe32.36±0.11 Co20.61±0.12 Ni11.35±0.03,at.% measured wet chemistry,32.36,15.35,20.61,20.33,11.35,,,,,,,,Vacuum induction cast; hot rolled at 950 C to 50% thickness reduction; homogenized at 1200 C for 2 h in Ar; water quenched.,vacuum induction casting,1473.15,2.0,1223.15,50.0,,,,Water quench,,0.001,10.0,2.5,1.0,,,,,,,,,,,ab-initio EMTO / CPA / AIM1,,,,,,,,,,,1,,,TWIP-dominant with minor deformation-induced HCP TRIP; wavy slip at lower strain,,,,,,,,,,,,,,,,,,"Initial single FCC; at ~80% local strain EBSD shows ~1.4 vol.% HCP, which is deformation-induced.",At ~80% local strain EBSD shows ~23.4% deformation twins; TEM/STEM/SADP confirm dense twins.,,,Table I; Methods pp.2-4; Figs.7-8; Results p.9; Discussion pp.9-11,High,,,P010_scientific_evidence_recovery_VERIFIED.xlsx,P010_Conditions,,,,,,,P010_MC_AlloyIII,P010_MC_AlloyIII,P010_OBS_AlloyIII_condition,EXPERIMENTAL,INDEPENDENT_CONDITION,,0.0,HIGH,,,,,,,,,,,1.0,1.0,,,,,,,1.0,1.0,P010_SERIES01,P010_MAT_AlloyIII,,,P010_SERIES01,P010_MAT_AlloyIII,,,P010_MC_AlloyIII,,,,,,,,,,,,,,,,,Room temperature,ROOM_TEMPERATURE_REPORTED,,,,,,,,,,,,,,,,,,,,,,,,,,True,Cr20Mn15Fe34Co20Ni11,MEASURED_WET_CHEMISTRY_THREE_CAST_LOCATIONS,0.12,0.21,0.11,0.12,0.03,Single FCC,DIRECT_EBSD_XRD_PHASE_PRESENCE; exact FCC fraction not numerically quantified,80.0,APPROX_EXPERIMENTAL_MAGNETIZATION_TRANSITION,antiferromagnet-like M-H behavior,5.0,PM; AFM,DLM + CPA,ordered magnetic configuration used in calculations,PM or AFM,slightly higher than reference in PM and AFM; below Cantor alloy,NOT_EXPLICITLY_INCLUDED_IN_SCREENING,RECOVERED_EXACT_CONDITION,"[{""Paper_ID"": ""P010"", ""DOI"": ""10.1103/PhysRevMaterials.4.033601"", ""ML_Condition_ID"": ""P010_MC_AlloyIII"", ""Observation_ID"": ""P010_OBS_AlloyIII_condition"", ""Feature_Name"": ""Cr_at%"", ""Recovered_Value"": 20.33, ""Units"": ""at.%"", ""Evidence_Type"": ""VERIFIED_WORKBOOK"", ""Evidence_Location"": ""Table I; Methods pp.2-4; Figs.7-8; Results p.9; Discussion pp.9-11"", ""Confidence"": ""High"", ""Recovery_Status"": ""VERIFIED""}, {""Paper_ID"": ""P010"", ""DOI"": ""10.1103/PhysRevMaterials.4.033601"", ""ML_Condition_ID"": ""P010_MC_AlloyIII"", ""Observation_ID"": ""P010_OBS_AlloyIII_condition"", ""Feature_Name"": ""Mn_at%"", ""Recovered_Value"": 15.35, ""Units"": ""at.%"", ""Evidence_Type"": ""VERIFIED_WORKBOOK"", ""Evidence_Location"": ""Table I; Methods pp.2-4; Figs.7-8; Results p.9; Discussion pp.9-11"", ""Confidence"": ""High"", ""Recovery_Status"": ""VERIFIED""}, {""Paper_ID"": ""P010"", ""DOI"": ""10.1103/PhysRevMaterials.4.033601"", ""ML_Condition_ID"": ""P010_MC_AlloyIII"", ""Observation_ID"": ""P010_OBS_AlloyIII_condition"", ""Feature_Name"": ""Fe_at%"", ""Recovered_Value"": 32.36, ""Units"": ""at.%"", ""Evidence_Type"": ""VERIFIED_WORKBOOK"", ""Evidence_Location"": ""Table I; Methods pp.2-4; Figs.7-8; Results p.9; Discussion pp.9-11"", ""Confidence"": ""High"", ""Recovery_Status"": ""VERIFIED""}, {""Paper_ID"": ""P010"", ""DOI"": ""10.1103/PhysRevMaterials.4.033601"", ""ML_Condition_ID"": ""P010_MC_AlloyIII"", ""Observation_ID"": ""P010_OBS_AlloyIII_condition"", ""Feature_Name"": ""Co_at%"", ""Recovered_Value"": 20.61, ""Units"": ""at.%"", ""Evidence_Type"": ""VERIFIED_WORKBOOK"", ""Evidence_Location"": ""Table I; Methods pp.2-4; Figs.7-8; Results p.9; Discussion pp.9-11"", ""Confidence"": ""High"", ""Recovery_Status"": ""VERIFIED""}, {""Paper_ID"": ""P010"", ""DOI"": ""10.1103/PhysRevMaterials.4.033601"", ""ML_Condition_ID"": ""P010_MC_AlloyIII"", ""Observation_ID"": ""P010_OBS_AlloyIII_condition"", ""Feature_Name"": ""Ni_at%"", ""Recovered_Value"": 11.35, ""Units"": ""at.%"", ""Evidence_Type"": ""VERIFIED_WORKBOOK"", ""Evidence_Location"": ""Table I; Methods pp.2-4; Figs.7-8; Results p.9; Discussion pp.9-11"", ""Confidence"": ""High"", ""Recovery_Status"": ""VERIFIED""}, {""Paper_ID"": ""P010"", ""DOI"": ""10.1103/PhysRevMaterials.4.033601"", ""ML_Condition_ID"": ""P010_MC_AlloyIII"", ""Observation_ID"": ""P010_OBS_AlloyIII_condition"", ""Feature_Name"": ""Effective_TRIP"", ""Recovered_Value"": 1, ""Units"": ""binary"", ""Evidence_Type"": ""VERIFIED_WORKBOOK"", ""Evidence_Location"": ""Table I; Methods pp.2-4; Figs.7-8; Results p.9; Discussion pp.9-11"", ""Confidence"": ""High"", ""Recovery_Status"": ""VERIFIED""}, {""Paper_ID"": ""P010"", ""DOI"": ""10.1103/PhysRevMaterials.4.033601"", ""ML_Condition_ID"": ""P010_MC_AlloyIII"", ""Observation_ID"": ""P010_OBS_AlloyIII_condition"", ""Feature_Name"": ""Effective_TWIP"", ""Recovered_Value"": 1, ""Units"": ""binary"", ""Evidence_Type"": ""VERIFIED_WORKBOOK"", ""Evidence_Location"": ""Table I; Methods pp.2-4; Figs.7-8; Results p.9; Discussion pp.9-11"", ""Confidence"": ""High"", ""Recovery_Status"": ""VERIFIED""}, {""Paper_ID"": ""P010"", ""DOI"": ""10.1103/PhysRevMaterials.4.033601"", ""ML_Condition_ID"": ""P010_MC_AlloyIII"", ""Observation_ID"": ""P010_OBS_AlloyIII_condition"", ""Feature_Name"": ""Magnetic_transition_T_K"", ""Recovered_Value"": 80, ""Units"": ""K"", ""Evidence_Type"": ""VERIFIED_WORKBOOK"", ""Evidence_Location"": ""Table I; Methods pp.2-4; Figs.7-8; Results p.9; Discussion pp.9-11"", ""Confidence"": ""High"", ""Recovery_Status"": ""VERIFIED""}, {""Paper_ID"": ""P010"", ""DOI"": ""10.1103/PhysRevMaterials.4.033601"", ""ML_Condition_ID"": ""P010_MC_AlloyIII"", ""Observation_ID"": ""P010_OBS_AlloyIII_condition"", ""Feature_Name"": ""Recovered_Test_T_Reported"", ""Recovered_Value"": ""Room temperature"", ""Units"": ""source text"", ""Evidence_Type"": ""VERIFIED_WORKBOOK"", ""Evidence_Location"": ""Table I; Methods pp.2-4; Figs.7-8; Results p.9; Discussion pp.9-11"", ""Confidence"": ""High"", ""Recovery_Status"": ""VERIFIED""}, {""Paper_ID"": ""P010"", ""DOI"": ""10.1103/PhysRevMaterials.4.033601"", ""ML_Condition_ID"": ""P010_MC_AlloyIII"", ""Observation_ID"": ""P010_OBS_AlloyIII_condition"", ""Feature_Name"": ""Initial_Phase_State_Qualitative"", ""Recovered_Value"": ""Single FCC"", ""Units"": ""categorical"", ""Evidence_Type"": ""VERIFIED_WORKBOOK"", ""Evidence_Location"": ""Table I; Methods pp.2-4; Figs.7-8; Results p.9; Discussion pp.9-11"", ""Confidence"": ""High"", ""Recovery_Status"": ""VERIFIED""}, {""Paper_ID"": ""P010"", ""DOI"": ""10.1103/PhysRevMaterials.4.033601"", ""ML_Condition_ID"": ""P010_MC_AlloyIII"", ""Observation_ID"": ""P010_OBS_AlloyIII_condition"", ""Feature_Name"": ""SFE_Relative_Trend"", ""Recovered_Value"": ""slightly higher than reference in PM and AFM; below Cantor alloy"", ""Units"": ""qualitative"", ""Evidence_Type"": ""VERIFIED_WORKBOOK"", ""Evidence_Location"": ""Table I; Methods pp.2-4; Figs.7-8; Results p.9; Discussion pp.9-11"", ""Confidence"": ""High"", ""Recovery_Status"": ""VERIFIED""}, {""Paper_ID"": ""P010"", ""DOI"": ""10.1103/PhysRevMaterials.4.033601"", ""ML_Condition_ID"": ""P010_MC_AlloyIII"", ""Observation_ID"": ""P010_OBS_AlloyIII_condition"", ""Feature_Name"": ""Cr_at%_uncertainty"", ""Recovered_Value"": 0.12, ""Units"": ""at.%"", ""Evidence_Type"": ""WET_CHEMISTRY_REPORTED_PM"", ""Evidence_Location"": ""Table I"", ""Confidence"": ""High"", ""Recovery_Status"": ""VERIFIED""}, {""Paper_ID"": ""P010"", ""DOI"": ""10.1103/PhysRevMaterials.4.033601"", ""ML_Condition_ID"": ""P010_MC_AlloyIII"", ""Observation_ID"": ""P010_OBS_AlloyIII_condition"", ""Feature_Name"": ""Mn_at%_uncertainty"", ""Recovered_Value"": 0.21, ""Units"": ""at.%"", ""Evidence_Type"": ""WET_CHEMISTRY_REPORTED_PM"", ""Evidence_Location"": ""Table I"", ""Confidence"": ""High"", ""Recovery_Status"": ""VERIFIED""}, {""Paper_ID"": ""P010"", ""DOI"": ""10.1103/PhysRevMaterials.4.033601"", ""ML_Condition_ID"": ""P010_MC_AlloyIII"", ""Observation_ID"": ""P010_OBS_AlloyIII_condition"", ""Feature_Name"": ""Fe_at%_uncertainty"", ""Recovered_Value"": 0.11, ""Units"": ""at.%"", ""Evidence_Type"": ""WET_CHEMISTRY_REPORTED_PM"", ""Evidence_Location"": ""Table I"", ""Confidence"": ""High"", ""Recovery_Status"": ""VERIFIED""}, {""Paper_ID"": ""P010"", ""DOI"": ""10.1103/PhysRevMaterials.4.033601"", ""ML_Condition_ID"": ""P010_MC_AlloyIII"", ""Observation_ID"": ""P010_OBS_AlloyIII_condition"", ""Feature_Name"": ""Co_at%_uncertainty"", ""Recovered_Value"": 0.12, ""Units"": ""at.%"", ""Evidence_Type"": ""WET_CHEMISTRY_REPORTED_PM"", ""Evidence_Location"": ""Table I"", ""Confidence"": ""High"", ""Recovery_Status"": ""VERIFIED""}, {""Paper_ID"": ""P010"", ""DOI"": ""10.1103/PhysRevMaterials.4.033601"", ""ML_Condition_ID"": ""P010_MC_AlloyIII"", ""Observation_ID"": ""P010_OBS_AlloyIII_condition"", ""Feature_Name"": ""Ni_at%_uncertainty"", ""Recovered_Value"": 0.03, ""Units"": ""at.%"", ""Evidence_Type"": ""WET_CHEMISTRY_REPORTED_PM"", ""Evidence_Location"": ""Table I"", ""Confidence"": ""High"", ""Recovery_Status"": ""VERIFIED""}]",,,,,,,,,,,,,,,,,,,,,,,,,,,,,,,,,,,,,,,,,,,
P010,10.1103/PhysRevMaterials.4.033601,Role of magnetic ordering for the design of quinary TWIP-TRIP high entropy alloys,P010_OBS_AlloyI_eps20,,,,Alloy I,,,,,,,,,,,,,,,,,,,,,,,,,,,,,,,0.2,approximately 20% local strain,,,,,,,,,,,,,,,,,,,1,,,Planar defects/dislocation arrays; FCC+HCP coexist; possible early twins but diffraction confirmation unavailable,,,,,,,,,,,,,,,,,,,,,,"Fig.3; pp.5,7",High,,,P010_scientific_evidence_recovery_VERIFIED.xlsx,P010_Stage_Observations,,,,,,,P010_MC_AlloyI,,P010_OBS_AlloyI_eps20,EXPERIMENTAL,REPEATED_STAGE,P010_OBS_AlloyI_eps20,,HIGH,,,,,,,,,,,1.0,,,,,,,,1.0,,P010_SERIES01,P010_MAT_AlloyI,,,P010_SERIES01,P010_MAT_AlloyI,,,P010_MC_AlloyI,,,,,,,,,,,,,,,,,,,,,,,,,,,,,,,,,,,,,,,,,,,,False,,,,,,,,,,,,,,,,,,,,RECOVERED_STAGE_CHILD,,,,,,,,,,,,,,,,,,,,,,,,,,,,,,,,,,,,,,,,,,,,
P010,10.1103/PhysRevMaterials.4.033601,Role of magnetic ordering for the design of quinary TWIP-TRIP high entropy alloys,P010_OBS_AlloyI_eps60,,,,Alloy I,,,,,,,,,,,,,,,,,,,,,,,,,,,,,,,0.6,approximately 60% local strain,,,,,,,,,,,,,,,,,,,1,,,FCC→HCP transformation dominates; deformation twins coexist,0.36,0.045,,,,,,,,,,,,,,,,,,,,Fig.4; pp.6-7,High,,,P010_scientific_evidence_recovery_VERIFIED.xlsx,P010_Stage_Observations,,,,,,,P010_MC_AlloyI,,P010_OBS_AlloyI_eps60,EXPERIMENTAL,REPEATED_STAGE,P010_OBS_AlloyI_eps60,,HIGH,,,,,,,,,,,1.0,1.0,,,,,,,1.0,1.0,P010_SERIES01,P010_MAT_AlloyI,,,P010_SERIES01,P010_MAT_AlloyI,,,P010_MC_AlloyI,,,,,,,,,,,,,,,,,,,,,,,,,,,,,,,,,,,,,,,,,,,,False,,,,,,,,,,,,,,,,,,,,RECOVERED_STAGE_CHILD,,,,,,,,,,,,,,,,,,,,,,,,,,,,,,,,,,,,,,,,,,,,
P010,10.1103/PhysRevMaterials.4.033601,Role of magnetic ordering for the design of quinary TWIP-TRIP high entropy alloys,P010_OBS_AlloyII_eps20,,,,Alloy II,,,,,,,,,,,,,,,,,,,,,,,,,,,,,,,0.2,approximately 20% local strain,,,,,,,,,,,,,,,,,,,1,,,Planar slip; arrays and narrowly spaced dislocation pairs; lower probability of twins/SFs than Alloy I,,,,,,,,,,,,,,,,,,,,,,Fig.5; pp.7-8,High,,,P010_scientific_evidence_recovery_VERIFIED.xlsx,P010_Stage_Observations,,,,,,,P010_MC_AlloyII,,P010_OBS_AlloyII_eps20,EXPERIMENTAL,REPEATED_STAGE,P010_OBS_AlloyII_eps20,,HIGH,,,,,,,,,,,,,,,,,,,,,P010_SERIES01,P010_MAT_AlloyII,,,P010_SERIES01,P010_MAT_AlloyII,,,P010_MC_AlloyII,,,,,,,,,,,,,,,,,,,,,,,,,,,,,,,,,,,,,,,,,,,,False,,,,,,,,,,,,,,,,,,,,RECOVERED_STAGE_CHILD,,,,,,,,,,,,,,,,,,,,,,,,,,,,,,,,,,,,,,,,,,,,
P010,10.1103/PhysRevMaterials.4.033601,Role of magnetic ordering for the design of quinary TWIP-TRIP high entropy alloys,P010_OBS_AlloyII_eps70,,,,Alloy II,,,,,,,,,,,,,,,,,,,,,,,,,,,,,,,0.7,approximately 70% local strain,,,,,,,,,,,,,,,,,,,1,,,Single FCC with intense deformation twinning; no phase transformation,0.0,,,,,,,,,,,,,,,,,,,,,Fig.6; p.8,High,,,P010_scientific_evidence_recovery_VERIFIED.xlsx,P010_Stage_Observations,,,,,,,P010_MC_AlloyII,,P010_OBS_AlloyII_eps70,EXPERIMENTAL,REPEATED_STAGE,P010_OBS_AlloyII_eps70,,HIGH,,,,,,,,,,,0.0,1.0,,,,,,,0.0,1.0,P010_SERIES01,P010_MAT_AlloyII,,,P010_SERIES01,P010_MAT_AlloyII,,,P010_MC_AlloyII,,,,,,,,,,,,,,,,,,,,,,,,,,,,,,,,,,,,,,,,,,,,False,,,,,,,,,,,,,,,,,,,,RECOVERED_STAGE_CHILD,,,,,,,,,,,,,,,,,,,,,,,,,,,,,,,,,,,,,,,,,,,,
P010,10.1103/PhysRevMaterials.4.033601,Role of magnetic ordering for the design of quinary TWIP-TRIP high entropy alloys,P010_OBS_AlloyIII_eps30,,,,Alloy III,,,,,,,,,,,,,,,,,,,,,,,,,,,,,,,0.3,approximately 30% local strain,,,,,,,,,,,,,,,,,,,1,,,Wavy dislocation slip with tangles; some planar traces and few random stacking faults,,,,,,,,,,,,,,,,,,,,,,Fig.7; p.9,High,,,P010_scientific_evidence_recovery_VERIFIED.xlsx,P010_Stage_Observations,,,,,,,P010_MC_AlloyIII,,P010_OBS_AlloyIII_eps30,EXPERIMENTAL,REPEATED_STAGE,P010_OBS_AlloyIII_eps30,,HIGH,,,,,,,,,,,,,,,,,,,,,P010_SERIES01,P010_MAT_AlloyIII,,,P010_SERIES01,P010_MAT_AlloyIII,,,P010_MC_AlloyIII,,,,,,,,,,,,,,,,,,,,,,,,,,,,,,,,,,,,,,,,,,,,False,,,,,,,,,,,,,,,,,,,,RECOVERED_STAGE_CHILD,,,,,,,,,,,,,,,,,,,,,,,,,,,,,,,,,,,,,,,,,,,,
P010,10.1103/PhysRevMaterials.4.033601,Role of magnetic ordering for the design of quinary TWIP-TRIP high entropy alloys,P010_OBS_AlloyIII_eps80,,,,Alloy III,,,,,,,,,,,,,,,,,,,,,,,,,,,,,,,0.8,approximately 80% local strain,,,,,,,,,,,,,,,,,,,1,,,Intense deformation twinning with minor deformation-induced HCP,0.014,0.234,,,,,,,,,,,,,,,,,,,,Fig.8; pp.9-10,High,,,P010_scientific_evidence_recovery_VERIFIED.xlsx,P010_Stage_Observations,,,,,,,P010_MC_AlloyIII,,P010_OBS_AlloyIII_eps80,EXPERIMENTAL,REPEATED_STAGE,P010_OBS_AlloyIII_eps80,,HIGH,,,,,,,,,,,1.0,1.0,,,,,,,1.0,1.0,P010_SERIES01,P010_MAT_AlloyIII,,,P010_SERIES01,P010_MAT_AlloyIII,,,P010_MC_AlloyIII,,,,,,,,,,,,,,,,,,,,,,,,,,,,,,,,,,,,,,,,,,,,False,,,,,,,,,,,,,,,,,,,,RECOVERED_STAGE_CHILD,,,,,,,,,,,,,,,,,,,,,,,,,,,,,,,,,,,,,,,,,,,,
P011,10.1016/j.jallcom.2023.170225,Microstructure and tensile properties of metastable Fe50Mn30Co10Cr10 high-entropy alloy prepared via powder metallurgy,P011_MC_A9_298K,,,,A9,Fe50Mn30Co10Cr10,at.% nominal; feedstock EDS retained separately,49.2,31.4,9.4,10.0,,,,,,,,,"commercial gas-atomized pre-alloy powder; SPS 900 C/30 min, 45 MPa, vacuum 7e-3 Pa",,,,,,,1173.15,,,298.0,0.001,10.0,2.0,1.0,,,,4.85,,0.987,0.013,ANNEALING_TWIN,,,,,,,,,,,,,,,,,Condition-specific deformation mechanism not directly characterized,,,,,300.5,,,,,,,,,,,,,No A9-specific post-deformation EBSD/TEM mechanism analysis reported.,No A9-specific deformation-twin evidence reported.,,,Fig.5; Sec.4.1 p.8,High,,,P011_scientific_evidence_recovery_VERIFIED.xlsx,P011_ML_Conditions,,,,,,,P011_MC_A9_298K,P011_MC_A9_298K,P011_OBS_A9_298K_condition,EXPERIMENTAL,INDEPENDENT_CONDITION,,0.0,HIGH,,,,,,,,,,,,,,,,,,,,,P011_SERIES01,P011_MAT_FE50MN30CO10CR10,,,P011_SERIES01,P011_MAT_FE50MN30CO10CR10,,,P011_MC_A9_298K,,,,,,,,,3.0,,,,,,,,,,,,,,,,,,,,,,,,,,,,,,,,,,,True,,,,,,,,,,,,,,,,,,,,,,P011_PS_A9,P011_FEEDSTOCK_GA01,900.0,95.6,3.58,0.212,ANNEALING_TWIN,0.0269,45.0,30.0,0.007,,Fe49.2Mn31.4Co9.4Cr10.0,EDS,FEEDSTOCK,,,3.6002,2.5469,4.0982,,,,RECOVERED_EXACT_CONDITION,TARGETS_UNRESOLVED,,"[{""Paper_ID"": ""P011"", ""DOI"": ""10.1016/j.jallcom.2023.170225"", ""ML_Condition_ID"": ""P011_MC_A9_298K"", ""Observation_ID"": ""P011_OBS_A9_298K_condition"", ""Feature_Name"": ""Test_T_K"", ""Recovered_Value"": 298, ""Units"": ""K"", ""Evidence_Type"": ""VERIFIED_WORKBOOK"", ""Evidence_Location"": ""Fig.5; Sec.4.1 p.8"", ""Confidence"": ""High"", ""Recovery_Status"": ""VERIFIED""}, {""Paper_ID"": ""P011"", ""DOI"": ""10.1016/j.jallcom.2023.170225"", ""ML_Condition_ID"": ""P011_MC_A9_298K"", ""Observation_ID"": ""P011_OBS_A9_298K_condition"", ""Feature_Name"": ""Strain_rate_s-1"", ""Recovered_Value"": 0.001, ""Units"": ""s^-1"", ""Evidence_Type"": ""VERIFIED_WORKBOOK"", ""Evidence_Location"": ""Fig.5; Sec.4.1 p.8"", ""Confidence"": ""High"", ""Recovery_Status"": ""VERIFIED""}, {""Paper_ID"": ""P011"", ""DOI"": ""10.1016/j.jallcom.2023.170225"", ""ML_Condition_ID"": ""P011_MC_A9_298K"", ""Observation_ID"": ""P011_OBS_A9_298K_condition"", ""Feature_Name"": ""Initial_FCC_fraction"", ""Recovered_Value"": 0.987, ""Units"": ""fraction"", ""Evidence_Type"": ""VERIFIED_WORKBOOK"", ""Evidence_Location"": ""Fig.5; Sec.4.1 p.8"", ""Confidence"": ""High"", ""Recovery_Status"": ""VERIFIED""}, {""Paper_ID"": ""P011"", ""DOI"": ""10.1016/j.jallcom.2023.170225"", ""ML_Condition_ID"": ""P011_MC_A9_298K"", ""Observation_ID"": ""P011_OBS_A9_298K_condition"", ""Feature_Name"": ""Initial_HCP_fraction"", ""Recovered_Value"": 0.013, ""Units"": ""fraction"", ""Evidence_Type"": ""VERIFIED_WORKBOOK"", ""Evidence_Location"": ""Fig.5; Sec.4.1 p.8"", ""Confidence"": ""High"", ""Recovery_Status"": ""VERIFIED""}, {""Paper_ID"": ""P011"", ""DOI"": ""10.1016/j.jallcom.2023.170225"", ""ML_Condition_ID"": ""P011_MC_A9_298K"", ""Observation_ID"": ""P011_OBS_A9_298K_condition"", ""Feature_Name"": ""Grain_size_um"", ""Recovered_Value"": 4.85, ""Units"": ""um"", ""Evidence_Type"": ""VERIFIED_WORKBOOK"", ""Evidence_Location"": ""Fig.5; Sec.4.1 p.8"", ""Confidence"": ""High"", ""Recovery_Status"": ""VERIFIED""}, {""Paper_ID"": ""P011"", ""DOI"": ""10.1016/j.jallcom.2023.170225"", ""ML_Condition_ID"": ""P011_MC_A9_298K"", ""Observation_ID"": ""P011_OBS_A9_298K_condition"", ""Feature_Name"": ""Effective_Grain_Size_Including_TB_PhaseBoundary_um"", ""Recovered_Value"": 3.58, ""Units"": ""um"", ""Evidence_Type"": ""VERIFIED_WORKBOOK"", ""Evidence_Location"": ""Fig.5; Sec.4.1 p.8"", ""Confidence"": ""High"", ""Recovery_Status"": ""VERIFIED""}, {""Paper_ID"": ""P011"", ""DOI"": ""10.1016/j.jallcom.2023.170225"", ""ML_Condition_ID"": ""P011_MC_A9_298K"", ""Observation_ID"": ""P011_OBS_A9_298K_condition"", ""Feature_Name"": ""Relative_Density_pct"", ""Recovered_Value"": 95.6, ""Units"": ""%"", ""Evidence_Type"": ""VERIFIED_WORKBOOK"", ""Evidence_Location"": ""Fig.5; Sec.4.1 p.8"", ""Confidence"": ""High"", ""Recovery_Status"": ""VERIFIED""}, {""Paper_ID"": ""P011"", ""DOI"": ""10.1016/j.jallcom.2023.170225"", ""ML_Condition_ID"": ""P011_MC_A9_298K"", ""Observation_ID"": ""P011_OBS_A9_298K_condition"", ""Feature_Name"": ""YS_MPa"", ""Recovered_Value"": 300.5, ""Units"": ""MPa"", ""Evidence_Type"": ""VERIFIED_WORKBOOK"", ""Evidence_Location"": ""Fig.5; Sec.4.1 p.8"", ""Confidence"": ""High"", ""Recovery_Status"": ""VERIFIED""}, {""Paper_ID"": ""P011"", ""DOI"": ""10.1016/j.jallcom.2023.170225"", ""ML_Condition_ID"": ""P011_MC_A9_298K"", ""Observation_ID"": ""P011_OBS_A9_298K_condition"", ""Feature_Name"": ""Initial_Sigma3_TB_fraction"", ""Recovered_Value"": 0.212, ""Units"": ""fraction"", ""Evidence_Type"": ""VERIFIED_WORKBOOK"", ""Evidence_Location"": ""Fig.5; Sec.4.1 p.8"", ""Confidence"": ""High"", ""Recovery_Status"": ""VERIFIED""}, {""Paper_ID"": ""P011"", ""DOI"": ""10.1016/j.jallcom.2023.170225"", ""ML_Condition_ID"": ""P011_MC_A9_298K"", ""Observation_ID"": ""P011_OBS_A9_298K_condition"", ""Feature_Name"": ""Initial_Twin_Type"", ""Recovered_Value"": ""ANNEALING_TWIN"", ""Units"": ""categorical"", ""Evidence_Type"": ""VERIFIED_WORKBOOK"", ""Evidence_Location"": ""Fig.5; Sec.4.1 p.8"", ""Confidence"": ""High"", ""Recovery_Status"": ""VERIFIED""}, {""Paper_ID"": ""P011"", ""DOI"": ""10.1016/j.jallcom.2023.170225"", ""ML_Condition_ID"": ""P011_MC_A9_298K"", ""Observation_ID"": ""P011_OBS_A9_298K_condition"", ""Feature_Name"": ""Mn_Oxide_Area_Fraction"", ""Recovered_Value"": 0.0269, ""Units"": ""fraction"", ""Evidence_Type"": ""VERIFIED_WORKBOOK"", ""Evidence_Location"": ""Fig.5; Sec.4.1 p.8"", ""Confidence"": ""High"", ""Recovery_Status"": ""VERIFIED""}, {""Paper_ID"": ""P011"", ""DOI"": ""10.1016/j.jallcom.2023.170225"", ""ML_Condition_ID"": ""P011_MC_A9_298K"", ""Observation_ID"": ""P011_OBS_A9_298K_condition"", ""Feature_Name"": ""Feedstock_Composition_at_pct"", ""Recovered_Value"": ""Fe49.2Mn31.4Co9.4Cr10.0"", ""Units"": ""at.%"", ""Evidence_Type"": ""VERIFIED_WORKBOOK"", ""Evidence_Location"": ""Fig.5; Sec.4.1 p.8"", ""Confidence"": ""High"", ""Recovery_Status"": ""VERIFIED""}, {""Paper_ID"": ""P011"", ""DOI"": ""10.1016/j.jallcom.2023.170225"", ""ML_Condition_ID"": ""P011_MC_A9_298K"", ""Observation_ID"": ""P011_OBS_A9_298K_condition"", ""Feature_Name"": ""FCC_lattice_a_XRD_A"", ""Recovered_Value"": 3.6002, ""Units"": ""A"", ""Evidence_Type"": ""VERIFIED_WORKBOOK"", ""Evidence_Location"": ""Fig.5; Sec.4.1 p.8"", ""Confidence"": ""High"", ""Recovery_Status"": ""VERIFIED""}, {""Paper_ID"": ""P011"", ""DOI"": ""10.1016/j.jallcom.2023.170225"", ""ML_Condition_ID"": ""P011_MC_A9_298K"", ""Observation_ID"": ""P011_OBS_A9_298K_condition"", ""Feature_Name"": ""HCP_lattice_a_XRD_A"", ""Recovered_Value"": 2.5469, ""Units"": ""A"", ""Evidence_Type"": ""VERIFIED_WORKBOOK"", ""Evidence_Location"": ""Fig.5; Sec.4.1 p.8"", ""Confidence"": ""High"", ""Recovery_Status"": ""VERIFIED""}, {""Paper_ID"": ""P011"", ""DOI"": ""10.1016/j.jallcom.2023.170225"", ""ML_Condition_ID"": ""P011_MC_A9_298K"", ""Observation_ID"": ""P011_OBS_A9_298K_condition"", ""Feature_Name"": ""HCP_lattice_c_XRD_A"", ""Recovered_Value"": 4.0982, ""Units"": ""A"", ""Evidence_Type"": ""VERIFIED_WORKBOOK"", ""Evidence_Location"": ""Fig.5; Sec.4.1 p.8"", ""Confidence"": ""High"", ""Recovery_Status"": ""VERIFIED""}]",,,,,,,,,,,,,,,,
P011,10.1016/j.jallcom.2023.170225,Microstructure and tensile properties of metastable Fe50Mn30Co10Cr10 high-entropy alloy prepared via powder metallurgy,P011_MC_A10_298K,,,,A10,Fe50Mn30Co10Cr10,at.% nominal; feedstock EDS retained separately,49.2,31.4,9.4,10.0,,,,,,,,,"commercial gas-atomized pre-alloy powder; SPS 1000 C/30 min, 45 MPa, vacuum 7e-3 Pa",,,,,,,1273.15,,,298.0,0.001,10.0,2.0,1.0,,,,6.91,,0.961,0.047,ANNEALING_TWIN,,,,,,,,,,,,,,1.0,,,"TRIP-dominant with dislocation slip, detwinning of annealing twins, and mechanical twinning",,,,,287.1,,745.7,,,,28.1,,,,,,,HCP rises from 4.7% initially to 42.1% at fracture; paper states FCC→HCP transformation is dominant.,TEM/HRTEM/SAED directly show deformation twins/nanotwins at 298 K.,,,"pp.5-7,10-11; Figs.5-9",High,,,P011_scientific_evidence_recovery_VERIFIED.xlsx,P011_ML_Conditions,,,,,,,P011_MC_A10_298K,P011_MC_A10_298K,P011_OBS_A10_298K_condition,EXPERIMENTAL,INDEPENDENT_CONDITION,,0.0,HIGH,,,,,,,,,,,1.0,1.0,,,,,,,1.0,1.0,P011_SERIES01,P011_MAT_FE50MN30CO10CR10,,,P011_SERIES01,P011_MAT_FE50MN30CO10CR10,,,P011_MC_A10_298K,,,,,,,,,3.0,,,,,,,,,,,,,,,,,,,,,,,,,,,,,,,,,,,True,,,,,,,,,,,,,,,,,,,,,,P011_PS_A10,P011_FEEDSTOCK_GA01,1000.0,98.1,4.1,0.215,ANNEALING_TWIN,0.0368,45.0,30.0,0.007,1.0,Fe49.2Mn31.4Co9.4Cr10.0,EDS,FEEDSTOCK,Fe49.5Mn29.6Co10.5Cr10.4,LOCAL_OR_SCANNED_REGION_EDS,3.5981,2.5416,4.0979,,,,RECOVERED_EXACT_CONDITION,VERIFIED_JOINT,,"[{""Paper_ID"": ""P011"", ""DOI"": ""10.1016/j.jallcom.2023.170225"", ""ML_Condition_ID"": ""P011_MC_A10_298K"", ""Observation_ID"": ""P011_OBS_A10_298K_condition"", ""Feature_Name"": ""Test_T_K"", ""Recovered_Value"": 298, ""Units"": ""K"", ""Evidence_Type"": ""VERIFIED_WORKBOOK"", ""Evidence_Location"": ""pp.5-7,10-11; Figs.5-9"", ""Confidence"": ""High"", ""Recovery_Status"": ""VERIFIED""}, {""Paper_ID"": ""P011"", ""DOI"": ""10.1016/j.jallcom.2023.170225"", ""ML_Condition_ID"": ""P011_MC_A10_298K"", ""Observation_ID"": ""P011_OBS_A10_298K_condition"", ""Feature_Name"": ""Strain_rate_s-1"", ""Recovered_Value"": 0.001, ""Units"": ""s^-1"", ""Evidence_Type"": ""VERIFIED_WORKBOOK"", ""Evidence_Location"": ""pp.5-7,10-11; Figs.5-9"", ""Confidence"": ""High"", ""Recovery_Status"": ""VERIFIED""}, {""Paper_ID"": ""P011"", ""DOI"": ""10.1016/j.jallcom.2023.170225"", ""ML_Condition_ID"": ""P011_MC_A10_298K"", ""Observation_ID"": ""P011_OBS_A10_298K_condition"", ""Feature_Name"": ""Initial_FCC_fraction"", ""Recovered_Value"": 0.961, ""Units"": ""fraction"", ""Evidence_Type"": ""VERIFIED_WORKBOOK"", ""Evidence_Location"": ""pp.5-7,10-11; Figs.5-9"", ""Confidence"": ""High"", ""Recovery_Status"": ""VERIFIED""}, {""Paper_ID"": ""P011"", ""DOI"": ""10.1016/j.jallcom.2023.170225"", ""ML_Condition_ID"": ""P011_MC_A10_298K"", ""Observation_ID"": ""P011_OBS_A10_298K_condition"", ""Feature_Name"": ""Initial_HCP_fraction"", ""Recovered_Value"": 0.047, ""Units"": ""fraction"", ""Evidence_Type"": ""VERIFIED_WORKBOOK"", ""Evidence_Location"": ""pp.5-7,10-11; Figs.5-9"", ""Confidence"": ""High"", ""Recovery_Status"": ""VERIFIED""}, {""Paper_ID"": ""P011"", ""DOI"": ""10.1016/j.jallcom.2023.170225"", ""ML_Condition_ID"": ""P011_MC_A10_298K"", ""Observation_ID"": ""P011_OBS_A10_298K_condition"", ""Feature_Name"": ""Grain_size_um"", ""Recovered_Value"": 6.91, ""Units"": ""um"", ""Evidence_Type"": ""VERIFIED_WORKBOOK"", ""Evidence_Location"": ""pp.5-7,10-11; Figs.5-9"", ""Confidence"": ""High"", ""Recovery_Status"": ""VERIFIED""}, {""Paper_ID"": ""P011"", ""DOI"": ""10.1016/j.jallcom.2023.170225"", ""ML_Condition_ID"": ""P011_MC_A10_298K"", ""Observation_ID"": ""P011_OBS_A10_298K_condition"", ""Feature_Name"": ""Effective_Grain_Size_Including_TB_PhaseBoundary_um"", ""Recovered_Value"": 4.1, ""Units"": ""um"", ""Evidence_Type"": ""VERIFIED_WORKBOOK"", ""Evidence_Location"": ""pp.5-7,10-11; Figs.5-9"", ""Confidence"": ""High"", ""Recovery_Status"": ""VERIFIED""}, {""Paper_ID"": ""P011"", ""DOI"": ""10.1016/j.jallcom.2023.170225"", ""ML_Condition_ID"": ""P011_MC_A10_298K"", ""Observation_ID"": ""P011_OBS_A10_298K_condition"", ""Feature_Name"": ""Relative_Density_pct"", ""Recovered_Value"": 98.1, ""Units"": ""%"", ""Evidence_Type"": ""VERIFIED_WORKBOOK"", ""Evidence_Location"": ""pp.5-7,10-11; Figs.5-9"", ""Confidence"": ""High"", ""Recovery_Status"": ""VERIFIED""}, {""Paper_ID"": ""P011"", ""DOI"": ""10.1016/j.jallcom.2023.170225"", ""ML_Condition_ID"": ""P011_MC_A10_298K"", ""Observation_ID"": ""P011_OBS_A10_298K_condition"", ""Feature_Name"": ""YS_MPa"", ""Recovered_Value"": 287.1, ""Units"": ""MPa"", ""Evidence_Type"": ""VERIFIED_WORKBOOK"", ""Evidence_Location"": ""pp.5-7,10-11; Figs.5-9"", ""Confidence"": ""High"", ""Recovery_Status"": ""VERIFIED""}, {""Paper_ID"": ""P011"", ""DOI"": ""10.1016/j.jallcom.2023.170225"", ""ML_Condition_ID"": ""P011_MC_A10_298K"", ""Observation_ID"": ""P011_OBS_A10_298K_condition"", ""Feature_Name"": ""UTS_MPa"", ""Recovered_Value"": 745.7, ""Units"": ""MPa"", ""Evidence_Type"": ""VERIFIED_WORKBOOK"", ""Evidence_Location"": ""pp.5-7,10-11; Figs.5-9"", ""Confidence"": ""High"", ""Recovery_Status"": ""VERIFIED""}, {""Paper_ID"": ""P011"", ""DOI"": ""10.1016/j.jallcom.2023.170225"", ""ML_Condition_ID"": ""P011_MC_A10_298K"", ""Observation_ID"": ""P011_OBS_A10_298K_condition"", ""Feature_Name"": ""Uniform_elongation_pct"", ""Recovered_Value"": 28.1, ""Units"": ""%"", ""Evidence_Type"": ""VERIFIED_WORKBOOK"", ""Evidence_Location"": ""pp.5-7,10-11; Figs.5-9"", ""Confidence"": ""High"", ""Recovery_Status"": ""VERIFIED""}, {""Paper_ID"": ""P011"", ""DOI"": ""10.1016/j.jallcom.2023.170225"", ""ML_Condition_ID"": ""P011_MC_A10_298K"", ""Observation_ID"": ""P011_OBS_A10_298K_condition"", ""Feature_Name"": ""Effective_TRIP"", ""Recovered_Value"": 1.0, ""Units"": ""binary"", ""Evidence_Type"": ""VERIFIED_WORKBOOK"", ""Evidence_Location"": ""pp.5-7,10-11; Figs.5-9"", ""Confidence"": ""High"", ""Recovery_Status"": ""VERIFIED""}, {""Paper_ID"": ""P011"", ""DOI"": ""10.1016/j.jallcom.2023.170225"", ""ML_Condition_ID"": ""P011_MC_A10_298K"", ""Observation_ID"": ""P011_OBS_A10_298K_condition"", ""Feature_Name"": ""Effective_TWIP"", ""Recovered_Value"": 1.0, ""Units"": ""binary"", ""Evidence_Type"": ""VERIFIED_WORKBOOK"", ""Evidence_Location"": ""pp.5-7,10-11; Figs.5-9"", ""Confidence"": ""High"", ""Recovery_Status"": ""VERIFIED""}, {""Paper_ID"": ""P011"", ""DOI"": ""10.1016/j.jallcom.2023.170225"", ""ML_Condition_ID"": ""P011_MC_A10_298K"", ""Observation_ID"": ""P011_OBS_A10_298K_condition"", ""Feature_Name"": ""Slip"", ""Recovered_Value"": 1.0, ""Units"": ""binary"", ""Evidence_Type"": ""VERIFIED_WORKBOOK"", ""Evidence_Location"": ""pp.5-7,10-11; Figs.5-9"", ""Confidence"": ""High"", ""Recovery_Status"": ""VERIFIED""}, {""Paper_ID"": ""P011"", ""DOI"": ""10.1016/j.jallcom.2023.170225"", ""ML_Condition_ID"": ""P011_MC_A10_298K"", ""Observation_ID"": ""P011_OBS_A10_298K_condition"", ""Feature_Name"": ""Detwinning"", ""Recovered_Value"": 1.0, ""Units"": ""binary"", ""Evidence_Type"": ""VERIFIED_WORKBOOK"", ""Evidence_Location"": ""pp.5-7,10-11; Figs.5-9"", ""Confidence"": ""High"", ""Recovery_Status"": ""VERIFIED""}, {""Paper_ID"": ""P011"", ""DOI"": ""10.1016/j.jallcom.2023.170225"", ""ML_Condition_ID"": ""P011_MC_A10_298K"", ""Observation_ID"": ""P011_OBS_A10_298K_condition"", ""Feature_Name"": ""Initial_Sigma3_TB_fraction"", ""Recovered_Value"": 0.215, ""Units"": ""fraction"", ""Evidence_Type"": ""VERIFIED_WORKBOOK"", ""Evidence_Location"": ""pp.5-7,10-11; Figs.5-9"", ""Confidence"": ""High"", ""Recovery_Status"": ""VERIFIED""}, {""Paper_ID"": ""P011"", ""DOI"": ""10.1016/j.jallcom.2023.170225"", ""ML_Condition_ID"": ""P011_MC_A10_298K"", ""Observation_ID"": ""P011_OBS_A10_298K_condition"", ""Feature_Name"": ""Initial_Twin_Type"", ""Recovered_Value"": ""ANNEALING_TWIN"", ""Units"": ""categorical"", ""Evidence_Type"": ""VERIFIED_WORKBOOK"", ""Evidence_Location"": ""pp.5-7,10-11; Figs.5-9"", ""Confidence"": ""High"", ""Recovery_Status"": ""VERIFIED""}, {""Paper_ID"": ""P011"", ""DOI"": ""10.1016/j.jallcom.2023.170225"", ""ML_Condition_ID"": ""P011_MC_A10_298K"", ""Observation_ID"": ""P011_OBS_A10_298K_condition"", ""Feature_Name"": ""Mn_Oxide_Area_Fraction"", ""Recovered_Value"": 0.0368, ""Units"": ""fraction"", ""Evidence_Type"": ""VERIFIED_WORKBOOK"", ""Evidence_Location"": ""pp.5-7,10-11; Figs.5-9"", ""Confidence"": ""High"", ""Recovery_Status"": ""VERIFIED""}, {""Paper_ID"": ""P011"", ""DOI"": ""10.1016/j.jallcom.2023.170225"", ""ML_Condition_ID"": ""P011_MC_A10_298K"", ""Observation_ID"": ""P011_OBS_A10_298K_condition"", ""Feature_Name"": ""Feedstock_Composition_at_pct"", ""Recovered_Value"": ""Fe49.2Mn31.4Co9.4Cr10.0"", ""Units"": ""at.%"", ""Evidence_Type"": ""VERIFIED_WORKBOOK"", ""Evidence_Location"": ""pp.5-7,10-11; Figs.5-9"", ""Confidence"": ""High"", ""Recovery_Status"": ""VERIFIED""}, {""Paper_ID"": ""P011"", ""DOI"": ""10.1016/j.jallcom.2023.170225"", ""ML_Condition_ID"": ""P011_MC_A10_298K"", ""Observation_ID"": ""P011_OBS_A10_298K_condition"", ""Feature_Name"": ""Local_EDS_Composition_at_pct"", ""Recovered_Value"": ""Fe49.5Mn29.6Co10.5Cr10.4"", ""Units"": ""at.%"", ""Evidence_Type"": ""VERIFIED_WORKBOOK"", ""Evidence_Location"": ""pp.5-7,10-11; Figs.5-9"", ""Confidence"": ""High"", ""Recovery_Status"": ""VERIFIED""}, {""Paper_ID"": ""P011"", ""DOI"": ""10.1016/j.jallcom.2023.170225"", ""ML_Condition_ID"": ""P011_MC_A10_298K"", ""Observation_ID"": ""P011_OBS_A10_298K_condition"", ""Feature_Name"": ""FCC_lattice_a_XRD_A"", ""Recovered_Value"": 3.5981, ""Units"": ""A"", ""Evidence_Type"": ""VERIFIED_WORKBOOK"", ""Evidence_Location"": ""pp.5-7,10-11; Figs.5-9"", ""Confidence"": ""High"", ""Recovery_Status"": ""VERIFIED""}, {""Paper_ID"": ""P011"", ""DOI"": ""10.1016/j.jallcom.2023.170225"", ""ML_Condition_ID"": ""P011_MC_A10_298K"", ""Observation_ID"": ""P011_OBS_A10_298K_condition"", ""Feature_Name"": ""HCP_lattice_a_XRD_A"", ""Recovered_Value"": 2.5416, ""Units"": ""A"", ""Evidence_Type"": ""VERIFIED_WORKBOOK"", ""Evidence_Location"": ""pp.5-7,10-11; Figs.5-9"", ""Confidence"": ""High"", ""Recovery_Status"": ""VERIFIED""}, {""Paper_ID"": ""P011"", ""DOI"": ""10.1016/j.jallcom.2023.170225"", ""ML_Condition_ID"": ""P011_MC_A10_298K"", ""Observation_ID"": ""P011_OBS_A10_298K_condition"", ""Feature_Name"": ""HCP_lattice_c_XRD_A"", ""Recovered_Value"": 4.0979, ""Units"": ""A"", ""Evidence_Type"": ""VERIFIED_WORKBOOK"", ""Evidence_Location"": ""pp.5-7,10-11; Figs.5-9"", ""Confidence"": ""High"", ""Recovery_Status"": ""VERIFIED""}]",,,,,,,,,,,,,,,,
P011,10.1016/j.jallcom.2023.170225,Microstructure and tensile properties of metastable Fe50Mn30Co10Cr10 high-entropy alloy prepared via powder metallurgy,P011_MC_A11_298K,,,,A11,Fe50Mn30Co10Cr10,at.% nominal; feedstock EDS retained separately,49.2,31.4,9.4,10.0,,,,,,,,,"commercial gas-atomized pre-alloy powder; SPS 1100 C/30 min, 45 MPa, vacuum 7e-3 Pa",,,,,,,1373.15,,,298.0,0.001,10.0,2.0,1.0,,,,10.15,,0.871,0.129,ANNEALING_TWIN,,,,,,,,,,,,,,,,,Condition-specific deformation mechanism not directly characterized,,,,,257.3,,708.9,,,,31.0,,,,,,,No A11-specific post-deformation mechanism analysis reported.,No A11-specific deformation-twin evidence reported.,,,p.5 Fig.5 and text,High,,,P011_scientific_evidence_recovery_VERIFIED.xlsx,P011_ML_Conditions,,,,,,,P011_MC_A11_298K,P011_MC_A11_298K,P011_OBS_A11_298K_condition,EXPERIMENTAL,INDEPENDENT_CONDITION,,0.0,HIGH,,,,,,,,,,,,,,,,,,,,,P011_SERIES01,P011_MAT_FE50MN30CO10CR10,,,P011_SERIES01,P011_MAT_FE50MN30CO10CR10,,,P011_MC_A11_298K,,,,,,,,,3.0,,,,,,,,,,,,,,,,,,,,,,,,,,,,,,,,,,,True,,,,,,,,,,,,,,,,,,,,,,P011_PS_A11,P011_FEEDSTOCK_GA01,1100.0,98.6,5.81,0.264,ANNEALING_TWIN,0.0465,45.0,30.0,0.007,,Fe49.2Mn31.4Co9.4Cr10.0,EDS,FEEDSTOCK,,,3.5964,2.5419,4.0999,,,,RECOVERED_EXACT_CONDITION,TARGETS_UNRESOLVED,,"[{""Paper_ID"": ""P011"", ""DOI"": ""10.1016/j.jallcom.2023.170225"", ""ML_Condition_ID"": ""P011_MC_A11_298K"", ""Observation_ID"": ""P011_OBS_A11_298K_condition"", ""Feature_Name"": ""Test_T_K"", ""Recovered_Value"": 298, ""Units"": ""K"", ""Evidence_Type"": ""VERIFIED_WORKBOOK"", ""Evidence_Location"": ""p.5 Fig.5 and text"", ""Confidence"": ""High"", ""Recovery_Status"": ""VERIFIED""}, {""Paper_ID"": ""P011"", ""DOI"": ""10.1016/j.jallcom.2023.170225"", ""ML_Condition_ID"": ""P011_MC_A11_298K"", ""Observation_ID"": ""P011_OBS_A11_298K_condition"", ""Feature_Name"": ""Strain_rate_s-1"", ""Recovered_Value"": 0.001, ""Units"": ""s^-1"", ""Evidence_Type"": ""VERIFIED_WORKBOOK"", ""Evidence_Location"": ""p.5 Fig.5 and text"", ""Confidence"": ""High"", ""Recovery_Status"": ""VERIFIED""}, {""Paper_ID"": ""P011"", ""DOI"": ""10.1016/j.jallcom.2023.170225"", ""ML_Condition_ID"": ""P011_MC_A11_298K"", ""Observation_ID"": ""P011_OBS_A11_298K_condition"", ""Feature_Name"": ""Initial_FCC_fraction"", ""Recovered_Value"": 0.871, ""Units"": ""fraction"", ""Evidence_Type"": ""VERIFIED_WORKBOOK"", ""Evidence_Location"": ""p.5 Fig.5 and text"", ""Confidence"": ""High"", ""Recovery_Status"": ""VERIFIED""}, {""Paper_ID"": ""P011"", ""DOI"": ""10.1016/j.jallcom.2023.170225"", ""ML_Condition_ID"": ""P011_MC_A11_298K"", ""Observation_ID"": ""P011_OBS_A11_298K_condition"", ""Feature_Name"": ""Initial_HCP_fraction"", ""Recovered_Value"": 0.129, ""Units"": ""fraction"", ""Evidence_Type"": ""VERIFIED_WORKBOOK"", ""Evidence_Location"": ""p.5 Fig.5 and text"", ""Confidence"": ""High"", ""Recovery_Status"": ""VERIFIED""}, {""Paper_ID"": ""P011"", ""DOI"": ""10.1016/j.jallcom.2023.170225"", ""ML_Condition_ID"": ""P011_MC_A11_298K"", ""Observation_ID"": ""P011_OBS_A11_298K_condition"", ""Feature_Name"": ""Grain_size_um"", ""Recovered_Value"": 10.15, ""Units"": ""um"", ""Evidence_Type"": ""VERIFIED_WORKBOOK"", ""Evidence_Location"": ""p.5 Fig.5 and text"", ""Confidence"": ""High"", ""Recovery_Status"": ""VERIFIED""}, {""Paper_ID"": ""P011"", ""DOI"": ""10.1016/j.jallcom.2023.170225"", ""ML_Condition_ID"": ""P011_MC_A11_298K"", ""Observation_ID"": ""P011_OBS_A11_298K_condition"", ""Feature_Name"": ""Effective_Grain_Size_Including_TB_PhaseBoundary_um"", ""Recovered_Value"": 5.81, ""Units"": ""um"", ""Evidence_Type"": ""VERIFIED_WORKBOOK"", ""Evidence_Location"": ""p.5 Fig.5 and text"", ""Confidence"": ""High"", ""Recovery_Status"": ""VERIFIED""}, {""Paper_ID"": ""P011"", ""DOI"": ""10.1016/j.jallcom.2023.170225"", ""ML_Condition_ID"": ""P011_MC_A11_298K"", ""Observation_ID"": ""P011_OBS_A11_298K_condition"", ""Feature_Name"": ""Relative_Density_pct"", ""Recovered_Value"": 98.6, ""Units"": ""%"", ""Evidence_Type"": ""VERIFIED_WORKBOOK"", ""Evidence_Location"": ""p.5 Fig.5 and text"", ""Confidence"": ""High"", ""Recovery_Status"": ""VERIFIED""}, {""Paper_ID"": ""P011"", ""DOI"": ""10.1016/j.jallcom.2023.170225"", ""ML_Condition_ID"": ""P011_MC_A11_298K"", ""Observation_ID"": ""P011_OBS_A11_298K_condition"", ""Feature_Name"": ""YS_MPa"", ""Recovered_Value"": 257.3, ""Units"": ""MPa"", ""Evidence_Type"": ""VERIFIED_WORKBOOK"", ""Evidence_Location"": ""p.5 Fig.5 and text"", ""Confidence"": ""High"", ""Recovery_Status"": ""VERIFIED""}, {""Paper_ID"": ""P011"", ""DOI"": ""10.1016/j.jallcom.2023.170225"", ""ML_Condition_ID"": ""P011_MC_A11_298K"", ""Observation_ID"": ""P011_OBS_A11_298K_condition"", ""Feature_Name"": ""UTS_MPa"", ""Recovered_Value"": 708.9, ""Units"": ""MPa"", ""Evidence_Type"": ""VERIFIED_WORKBOOK"", ""Evidence_Location"": ""p.5 Fig.5 and text"", ""Confidence"": ""High"", ""Recovery_Status"": ""VERIFIED""}, {""Paper_ID"": ""P011"", ""DOI"": ""10.1016/j.jallcom.2023.170225"", ""ML_Condition_ID"": ""P011_MC_A11_298K"", ""Observation_ID"": ""P011_OBS_A11_298K_condition"", ""Feature_Name"": ""Uniform_elongation_pct"", ""Recovered_Value"": 31.0, ""Units"": ""%"", ""Evidence_Type"": ""VERIFIED_WORKBOOK"", ""Evidence_Location"": ""p.5 Fig.5 and text"", ""Confidence"": ""High"", ""Recovery_Status"": ""VERIFIED""}, {""Paper_ID"": ""P011"", ""DOI"": ""10.1016/j.jallcom.2023.170225"", ""ML_Condition_ID"": ""P011_MC_A11_298K"", ""Observation_ID"": ""P011_OBS_A11_298K_condition"", ""Feature_Name"": ""Initial_Sigma3_TB_fraction"", ""Recovered_Value"": 0.264, ""Units"": ""fraction"", ""Evidence_Type"": ""VERIFIED_WORKBOOK"", ""Evidence_Location"": ""p.5 Fig.5 and text"", ""Confidence"": ""High"", ""Recovery_Status"": ""VERIFIED""}, {""Paper_ID"": ""P011"", ""DOI"": ""10.1016/j.jallcom.2023.170225"", ""ML_Condition_ID"": ""P011_MC_A11_298K"", ""Observation_ID"": ""P011_OBS_A11_298K_condition"", ""Feature_Name"": ""Initial_Twin_Type"", ""Recovered_Value"": ""ANNEALING_TWIN"", ""Units"": ""categorical"", ""Evidence_Type"": ""VERIFIED_WORKBOOK"", ""Evidence_Location"": ""p.5 Fig.5 and text"", ""Confidence"": ""High"", ""Recovery_Status"": ""VERIFIED""}, {""Paper_ID"": ""P011"", ""DOI"": ""10.1016/j.jallcom.2023.170225"", ""ML_Condition_ID"": ""P011_MC_A11_298K"", ""Observation_ID"": ""P011_OBS_A11_298K_condition"", ""Feature_Name"": ""Mn_Oxide_Area_Fraction"", ""Recovered_Value"": 0.0465, ""Units"": ""fraction"", ""Evidence_Type"": ""VERIFIED_WORKBOOK"", ""Evidence_Location"": ""p.5 Fig.5 and text"", ""Confidence"": ""High"", ""Recovery_Status"": ""VERIFIED""}, {""Paper_ID"": ""P011"", ""DOI"": ""10.1016/j.jallcom.2023.170225"", ""ML_Condition_ID"": ""P011_MC_A11_298K"", ""Observation_ID"": ""P011_OBS_A11_298K_condition"", ""Feature_Name"": ""Feedstock_Composition_at_pct"", ""Recovered_Value"": ""Fe49.2Mn31.4Co9.4Cr10.0"", ""Units"": ""at.%"", ""Evidence_Type"": ""VERIFIED_WORKBOOK"", ""Evidence_Location"": ""p.5 Fig.5 and text"", ""Confidence"": ""High"", ""Recovery_Status"": ""VERIFIED""}, {""Paper_ID"": ""P011"", ""DOI"": ""10.1016/j.jallcom.2023.170225"", ""ML_Condition_ID"": ""P011_MC_A11_298K"", ""Observation_ID"": ""P011_OBS_A11_298K_condition"", ""Feature_Name"": ""FCC_lattice_a_XRD_A"", ""Recovered_Value"": 3.5964, ""Units"": ""A"", ""Evidence_Type"": ""VERIFIED_WORKBOOK"", ""Evidence_Location"": ""p.5 Fig.5 and text"", ""Confidence"": ""High"", ""Recovery_Status"": ""VERIFIED""}, {""Paper_ID"": ""P011"", ""DOI"": ""10.1016/j.jallcom.2023.170225"", ""ML_Condition_ID"": ""P011_MC_A11_298K"", ""Observation_ID"": ""P011_OBS_A11_298K_condition"", ""Feature_Name"": ""HCP_lattice_a_XRD_A"", ""Recovered_Value"": 2.5419, ""Units"": ""A"", ""Evidence_Type"": ""VERIFIED_WORKBOOK"", ""Evidence_Location"": ""p.5 Fig.5 and text"", ""Confidence"": ""High"", ""Recovery_Status"": ""VERIFIED""}, {""Paper_ID"": ""P011"", ""DOI"": ""10.1016/j.jallcom.2023.170225"", ""ML_Condition_ID"": ""P011_MC_A11_298K"", ""Observation_ID"": ""P011_OBS_A11_298K_condition"", ""Feature_Name"": ""HCP_lattice_c_XRD_A"", ""Recovered_Value"": 4.0999, ""Units"": ""A"", ""Evidence_Type"": ""VERIFIED_WORKBOOK"", ""Evidence_Location"": ""p.5 Fig.5 and text"", ""Confidence"": ""High"", ""Recovery_Status"": ""VERIFIED""}]",,,,,,,,,,,,,,,,
P011,10.1016/j.jallcom.2023.170225,Microstructure and tensile properties of metastable Fe50Mn30Co10Cr10 high-entropy alloy prepared via powder metallurgy,P011_MC_A10_77K,,,,A10,Fe50Mn30Co10Cr10,at.% nominal; feedstock EDS retained separately,49.2,31.4,9.4,10.0,,,,,,,,,"commercial gas-atomized pre-alloy powder; SPS 1000 C/30 min, 45 MPa, vacuum 7e-3 Pa",,,,,,,1273.15,,,77.0,0.001,10.0,2.0,1.0,,,,6.91,,0.961,0.047,ANNEALING_TWIN,,,,,,,,,,,,,,1.0,,,TRIP-dominant with dislocation slip and detwinning; no deformation twinning activated,,,,,489.7,,1107.3,,,,25.5,,,,,,,HCP rises from 4.7% initially to 52.6% at fracture; TRIP is stronger than at 298 K.,Paper explicitly states only deformation-induced phase transformation occurred at 77 K without activation of DTs/nanotwins.,,,"pp.6-7,10-11; Figs.6-10",High,,,P011_scientific_evidence_recovery_VERIFIED.xlsx,P011_ML_Conditions,,,,,,,P011_MC_A10_77K,P011_MC_A10_77K,P011_OBS_A10_77K_condition,EXPERIMENTAL,INDEPENDENT_CONDITION,,0.0,HIGH,,,,,,,,,,,1.0,0.0,,,,,,,1.0,0.0,P011_SERIES01,P011_MAT_FE50MN30CO10CR10,,,P011_SERIES01,P011_MAT_FE50MN30CO10CR10,,,P011_MC_A10_77K,,,,,,,,,3.0,,,,,,,,,,,,,,,,,,,,,,,,,,,,,,,,,,,True,,,,,,,,,,,,,,,,,,,,,,P011_PS_A10,P011_FEEDSTOCK_GA01,1000.0,98.1,4.1,0.215,ANNEALING_TWIN,0.0368,45.0,30.0,0.007,1.0,Fe49.2Mn31.4Co9.4Cr10.0,EDS,FEEDSTOCK,Fe49.5Mn29.6Co10.5Cr10.4,LOCAL_OR_SCANNED_REGION_EDS,3.5981,2.5416,4.0979,,,,RECOVERED_EXACT_CONDITION,VERIFIED_JOINT,EXPLICIT_NEGATIVE_DIRECT_TEM,"[{""Paper_ID"": ""P011"", ""DOI"": ""10.1016/j.jallcom.2023.170225"", ""ML_Condition_ID"": ""P011_MC_A10_77K"", ""Observation_ID"": ""P011_OBS_A10_77K_condition"", ""Feature_Name"": ""Test_T_K"", ""Recovered_Value"": 77, ""Units"": ""K"", ""Evidence_Type"": ""VERIFIED_WORKBOOK"", ""Evidence_Location"": ""pp.6-7,10-11; Figs.6-10"", ""Confidence"": ""High"", ""Recovery_Status"": ""VERIFIED""}, {""Paper_ID"": ""P011"", ""DOI"": ""10.1016/j.jallcom.2023.170225"", ""ML_Condition_ID"": ""P011_MC_A10_77K"", ""Observation_ID"": ""P011_OBS_A10_77K_condition"", ""Feature_Name"": ""Strain_rate_s-1"", ""Recovered_Value"": 0.001, ""Units"": ""s^-1"", ""Evidence_Type"": ""VERIFIED_WORKBOOK"", ""Evidence_Location"": ""pp.6-7,10-11; Figs.6-10"", ""Confidence"": ""High"", ""Recovery_Status"": ""VERIFIED""}, {""Paper_ID"": ""P011"", ""DOI"": ""10.1016/j.jallcom.2023.170225"", ""ML_Condition_ID"": ""P011_MC_A10_77K"", ""Observation_ID"": ""P011_OBS_A10_77K_condition"", ""Feature_Name"": ""Initial_FCC_fraction"", ""Recovered_Value"": 0.961, ""Units"": ""fraction"", ""Evidence_Type"": ""VERIFIED_WORKBOOK"", ""Evidence_Location"": ""pp.6-7,10-11; Figs.6-10"", ""Confidence"": ""High"", ""Recovery_Status"": ""VERIFIED""}, {""Paper_ID"": ""P011"", ""DOI"": ""10.1016/j.jallcom.2023.170225"", ""ML_Condition_ID"": ""P011_MC_A10_77K"", ""Observation_ID"": ""P011_OBS_A10_77K_condition"", ""Feature_Name"": ""Initial_HCP_fraction"", ""Recovered_Value"": 0.047, ""Units"": ""fraction"", ""Evidence_Type"": ""VERIFIED_WORKBOOK"", ""Evidence_Location"": ""pp.6-7,10-11; Figs.6-10"", ""Confidence"": ""High"", ""Recovery_Status"": ""VERIFIED""}, {""Paper_ID"": ""P011"", ""DOI"": ""10.1016/j.jallcom.2023.170225"", ""ML_Condition_ID"": ""P011_MC_A10_77K"", ""Observation_ID"": ""P011_OBS_A10_77K_condition"", ""Feature_Name"": ""Grain_size_um"", ""Recovered_Value"": 6.91, ""Units"": ""um"", ""Evidence_Type"": ""VERIFIED_WORKBOOK"", ""Evidence_Location"": ""pp.6-7,10-11; Figs.6-10"", ""Confidence"": ""High"", ""Recovery_Status"": ""VERIFIED""}, {""Paper_ID"": ""P011"", ""DOI"": ""10.1016/j.jallcom.2023.170225"", ""ML_Condition_ID"": ""P011_MC_A10_77K"", ""Observation_ID"": ""P011_OBS_A10_77K_condition"", ""Feature_Name"": ""Effective_Grain_Size_Including_TB_PhaseBoundary_um"", ""Recovered_Value"": 4.1, ""Units"": ""um"", ""Evidence_Type"": ""VERIFIED_WORKBOOK"", ""Evidence_Location"": ""pp.6-7,10-11; Figs.6-10"", ""Confidence"": ""High"", ""Recovery_Status"": ""VERIFIED""}, {""Paper_ID"": ""P011"", ""DOI"": ""10.1016/j.jallcom.2023.170225"", ""ML_Condition_ID"": ""P011_MC_A10_77K"", ""Observation_ID"": ""P011_OBS_A10_77K_condition"", ""Feature_Name"": ""Relative_Density_pct"", ""Recovered_Value"": 98.1, ""Units"": ""%"", ""Evidence_Type"": ""VERIFIED_WORKBOOK"", ""Evidence_Location"": ""pp.6-7,10-11; Figs.6-10"", ""Confidence"": ""High"", ""Recovery_Status"": ""VERIFIED""}, {""Paper_ID"": ""P011"", ""DOI"": ""10.1016/j.jallcom.2023.170225"", ""ML_Condition_ID"": ""P011_MC_A10_77K"", ""Observation_ID"": ""P011_OBS_A10_77K_condition"", ""Feature_Name"": ""YS_MPa"", ""Recovered_Value"": 489.7, ""Units"": ""MPa"", ""Evidence_Type"": ""VERIFIED_WORKBOOK"", ""Evidence_Location"": ""pp.6-7,10-11; Figs.6-10"", ""Confidence"": ""High"", ""Recovery_Status"": ""VERIFIED""}, {""Paper_ID"": ""P011"", ""DOI"": ""10.1016/j.jallcom.2023.170225"", ""ML_Condition_ID"": ""P011_MC_A10_77K"", ""Observation_ID"": ""P011_OBS_A10_77K_condition"", ""Feature_Name"": ""UTS_MPa"", ""Recovered_Value"": 1107.3, ""Units"": ""MPa"", ""Evidence_Type"": ""VERIFIED_WORKBOOK"", ""Evidence_Location"": ""pp.6-7,10-11; Figs.6-10"", ""Confidence"": ""High"", ""Recovery_Status"": ""VERIFIED""}, {""Paper_ID"": ""P011"", ""DOI"": ""10.1016/j.jallcom.2023.170225"", ""ML_Condition_ID"": ""P011_MC_A10_77K"", ""Observation_ID"": ""P011_OBS_A10_77K_condition"", ""Feature_Name"": ""Uniform_elongation_pct"", ""Recovered_Value"": 25.5, ""Units"": ""%"", ""Evidence_Type"": ""VERIFIED_WORKBOOK"", ""Evidence_Location"": ""pp.6-7,10-11; Figs.6-10"", ""Confidence"": ""High"", ""Recovery_Status"": ""VERIFIED""}, {""Paper_ID"": ""P011"", ""DOI"": ""10.1016/j.jallcom.2023.170225"", ""ML_Condition_ID"": ""P011_MC_A10_77K"", ""Observation_ID"": ""P011_OBS_A10_77K_condition"", ""Feature_Name"": ""Effective_TRIP"", ""Recovered_Value"": 1.0, ""Units"": ""binary"", ""Evidence_Type"": ""VERIFIED_WORKBOOK"", ""Evidence_Location"": ""pp.6-7,10-11; Figs.6-10"", ""Confidence"": ""High"", ""Recovery_Status"": ""VERIFIED""}, {""Paper_ID"": ""P011"", ""DOI"": ""10.1016/j.jallcom.2023.170225"", ""ML_Condition_ID"": ""P011_MC_A10_77K"", ""Observation_ID"": ""P011_OBS_A10_77K_condition"", ""Feature_Name"": ""Effective_TWIP"", ""Recovered_Value"": 0.0, ""Units"": ""binary"", ""Evidence_Type"": ""VERIFIED_WORKBOOK"", ""Evidence_Location"": ""pp.6-7,10-11; Figs.6-10"", ""Confidence"": ""High"", ""Recovery_Status"": ""VERIFIED""}, {""Paper_ID"": ""P011"", ""DOI"": ""10.1016/j.jallcom.2023.170225"", ""ML_Condition_ID"": ""P011_MC_A10_77K"", ""Observation_ID"": ""P011_OBS_A10_77K_condition"", ""Feature_Name"": ""Slip"", ""Recovered_Value"": 1.0, ""Units"": ""binary"", ""Evidence_Type"": ""VERIFIED_WORKBOOK"", ""Evidence_Location"": ""pp.6-7,10-11; Figs.6-10"", ""Confidence"": ""High"", ""Recovery_Status"": ""VERIFIED""}, {""Paper_ID"": ""P011"", ""DOI"": ""10.1016/j.jallcom.2023.170225"", ""ML_Condition_ID"": ""P011_MC_A10_77K"", ""Observation_ID"": ""P011_OBS_A10_77K_condition"", ""Feature_Name"": ""Detwinning"", ""Recovered_Value"": 1.0, ""Units"": ""binary"", ""Evidence_Type"": ""VERIFIED_WORKBOOK"", ""Evidence_Location"": ""pp.6-7,10-11; Figs.6-10"", ""Confidence"": ""High"", ""Recovery_Status"": ""VERIFIED""}, {""Paper_ID"": ""P011"", ""DOI"": ""10.1016/j.jallcom.2023.170225"", ""ML_Condition_ID"": ""P011_MC_A10_77K"", ""Observation_ID"": ""P011_OBS_A10_77K_condition"", ""Feature_Name"": ""Initial_Sigma3_TB_fraction"", ""Recovered_Value"": 0.215, ""Units"": ""fraction"", ""Evidence_Type"": ""VERIFIED_WORKBOOK"", ""Evidence_Location"": ""pp.6-7,10-11; Figs.6-10"", ""Confidence"": ""High"", ""Recovery_Status"": ""VERIFIED""}, {""Paper_ID"": ""P011"", ""DOI"": ""10.1016/j.jallcom.2023.170225"", ""ML_Condition_ID"": ""P011_MC_A10_77K"", ""Observation_ID"": ""P011_OBS_A10_77K_condition"", ""Feature_Name"": ""Initial_Twin_Type"", ""Recovered_Value"": ""ANNEALING_TWIN"", ""Units"": ""categorical"", ""Evidence_Type"": ""VERIFIED_WORKBOOK"", ""Evidence_Location"": ""pp.6-7,10-11; Figs.6-10"", ""Confidence"": ""High"", ""Recovery_Status"": ""VERIFIED""}, {""Paper_ID"": ""P011"", ""DOI"": ""10.1016/j.jallcom.2023.170225"", ""ML_Condition_ID"": ""P011_MC_A10_77K"", ""Observation_ID"": ""P011_OBS_A10_77K_condition"", ""Feature_Name"": ""Mn_Oxide_Area_Fraction"", ""Recovered_Value"": 0.0368, ""Units"": ""fraction"", ""Evidence_Type"": ""VERIFIED_WORKBOOK"", ""Evidence_Location"": ""pp.6-7,10-11; Figs.6-10"", ""Confidence"": ""High"", ""Recovery_Status"": ""VERIFIED""}, {""Paper_ID"": ""P011"", ""DOI"": ""10.1016/j.jallcom.2023.170225"", ""ML_Condition_ID"": ""P011_MC_A10_77K"", ""Observation_ID"": ""P011_OBS_A10_77K_condition"", ""Feature_Name"": ""Feedstock_Composition_at_pct"", ""Recovered_Value"": ""Fe49.2Mn31.4Co9.4Cr10.0"", ""Units"": ""at.%"", ""Evidence_Type"": ""VERIFIED_WORKBOOK"", ""Evidence_Location"": ""pp.6-7,10-11; Figs.6-10"", ""Confidence"": ""High"", ""Recovery_Status"": ""VERIFIED""}, {""Paper_ID"": ""P011"", ""DOI"": ""10.1016/j.jallcom.2023.170225"", ""ML_Condition_ID"": ""P011_MC_A10_77K"", ""Observation_ID"": ""P011_OBS_A10_77K_condition"", ""Feature_Name"": ""Local_EDS_Composition_at_pct"", ""Recovered_Value"": ""Fe49.5Mn29.6Co10.5Cr10.4"", ""Units"": ""at.%"", ""Evidence_Type"": ""VERIFIED_WORKBOOK"", ""Evidence_Location"": ""pp.6-7,10-11; Figs.6-10"", ""Confidence"": ""High"", ""Recovery_Status"": ""VERIFIED""}, {""Paper_ID"": ""P011"", ""DOI"": ""10.1016/j.jallcom.2023.170225"", ""ML_Condition_ID"": ""P011_MC_A10_77K"", ""Observation_ID"": ""P011_OBS_A10_77K_condition"", ""Feature_Name"": ""FCC_lattice_a_XRD_A"", ""Recovered_Value"": 3.5981, ""Units"": ""A"", ""Evidence_Type"": ""VERIFIED_WORKBOOK"", ""Evidence_Location"": ""pp.6-7,10-11; Figs.6-10"", ""Confidence"": ""High"", ""Recovery_Status"": ""VERIFIED""}, {""Paper_ID"": ""P011"", ""DOI"": ""10.1016/j.jallcom.2023.170225"", ""ML_Condition_ID"": ""P011_MC_A10_77K"", ""Observation_ID"": ""P011_OBS_A10_77K_condition"", ""Feature_Name"": ""HCP_lattice_a_XRD_A"", ""Recovered_Value"": 2.5416, ""Units"": ""A"", ""Evidence_Type"": ""VERIFIED_WORKBOOK"", ""Evidence_Location"": ""pp.6-7,10-11; Figs.6-10"", ""Confidence"": ""High"", ""Recovery_Status"": ""VERIFIED""}, {""Paper_ID"": ""P011"", ""DOI"": ""10.1016/j.jallcom.2023.170225"", ""ML_Condition_ID"": ""P011_MC_A10_77K"", ""Observation_ID"": ""P011_OBS_A10_77K_condition"", ""Feature_Name"": ""HCP_lattice_c_XRD_A"", ""Recovered_Value"": 4.0979, ""Units"": ""A"", ""Evidence_Type"": ""VERIFIED_WORKBOOK"", ""Evidence_Location"": ""pp.6-7,10-11; Figs.6-10"", ""Confidence"": ""High"", ""Recovery_Status"": ""VERIFIED""}]",,,,,,,,,,,,,,,,
P011,10.1016/j.jallcom.2023.170225,Microstructure and tensile properties of metastable Fe50Mn30Co10Cr10 high-entropy alloy prepared via powder metallurgy,P011_OBS_A10_298_eps0,,,,A10,,,,,,,,,,,,,,,,,,,,,,,,,298.0,,,,,,,Initial,,,,,,,,,,,,,,,,,,,,,,,0.047,0.215,,,,,,,,,,,,,,,,,,,,Fig.4b1; Fig.8,High,,,P011_scientific_evidence_recovery_VERIFIED.xlsx,P011_Stage_Observations,,,,,,,P011_MC_A10_298K,,P011_OBS_A10_298_eps0,EXPERIMENTAL,REPEATED_STAGE,P011_OBS_A10_298_eps0,,HIGH,,,,,,,,,,,,,,,,,,,,,P011_SERIES01,P011_MAT_FE50MN30CO10CR10,,,P011_SERIES01,P011_MAT_FE50MN30CO10CR10,,,P011_MC_A10_298K,,,,,,,,,,,,,,,,,,,,,,,,,,,,,,,,,,,,,,,,,,,,False,,,,,,,,,,,,,,,,,,,,,,P011_PS_A10,P011_FEEDSTOCK_GA01,,,,,ANNEALING_TWIN,,,,,,,,,,,,,,,,,RECOVERED_STAGE_CHILD,,,,,,,,,,,,,,,,,,,
P011,10.1016/j.jallcom.2023.170225,Microstructure and tensile properties of metastable Fe50Mn30Co10Cr10 high-entropy alloy prepared via powder metallurgy,P011_OBS_A10_298_eps15,,,,A10,,,,,,,,,,,,,,,,,,,,,,,,,298.0,,,,,,,Interrupted tensile,,,,,,,,,,,,,,,,,,,1.0,,,,,0.034,,,,,,,,,,,,,,,,,,,,Fig.7a; Fig.8; p.6,High,,,P011_scientific_evidence_recovery_VERIFIED.xlsx,P011_Stage_Observations,,,,,,,P011_MC_A10_298K,,P011_OBS_A10_298_eps15,EXPERIMENTAL,REPEATED_STAGE,P011_OBS_A10_298_eps15,,HIGH,,,,,,,,,,,1.0,,,,,,,,1.0,,P011_SERIES01,P011_MAT_FE50MN30CO10CR10,,,P011_SERIES01,P011_MAT_FE50MN30CO10CR10,,,P011_MC_A10_298K,,,,,,,,,,,,,,,,,,,,,,,,,,,,,,,,,,,,,,,,,,,,False,,,,,,,,,,,,,,,,,,,,,,P011_PS_A10,P011_FEEDSTOCK_GA01,,,,,ANNEALING_TWIN,,,,,1.0,,,,,,,,,1.05,,,RECOVERED_STAGE_CHILD,,,,,,,,,,,,,,,,,,,
P011,10.1016/j.jallcom.2023.170225,Microstructure and tensile properties of metastable Fe50Mn30Co10Cr10 high-entropy alloy prepared via powder metallurgy,P011_OBS_A10_298_fracture,,,,A10,,,,,,,,,,,,,,,,,,,,,,,,,298.0,,,,,,,Fracture (~29% engineering strain in schematic),,,,,,,,,,,,,,,,,,,1.0,,,,0.421,0.016,,,,,,,,,,,,,,,,,,,,Figs.7-9; pp.6-7,High,,,P011_scientific_evidence_recovery_VERIFIED.xlsx,P011_Stage_Observations,,,,,,,P011_MC_A10_298K,,P011_OBS_A10_298_fracture,EXPERIMENTAL,REPEATED_STAGE,P011_OBS_A10_298_fracture,,HIGH,,,,,,,,,,,1.0,1.0,,,,,,,1.0,1.0,P011_SERIES01,P011_MAT_FE50MN30CO10CR10,,,P011_SERIES01,P011_MAT_FE50MN30CO10CR10,,,P011_MC_A10_298K,,,,,,,,,,,,,,,,,,,,,,,,,,,,,,,,,,,,,,,,,,,,False,,,,,,,,,,,,,,,,,,,,,,P011_PS_A10,P011_FEEDSTOCK_GA01,,,,,ANNEALING_TWIN,,,,,1.0,,,,,,,,,1.84,10.0,4.0,RECOVERED_STAGE_CHILD,,,,,,,,,,,,,,,,,,,
P011,10.1016/j.jallcom.2023.170225,Microstructure and tensile properties of metastable Fe50Mn30Co10Cr10 high-entropy alloy prepared via powder metallurgy,P011_OBS_A10_77_eps0,,,,A10,,,,,,,,,,,,,,,,,,,,,,,,,77.0,,,,,,,Initial,,,,,,,,,,,,,,,,,,,,,,,0.047,0.215,,,,,,,,,,,,,,,,,,,,Fig.4b1; Fig.8,High,,,P011_scientific_evidence_recovery_VERIFIED.xlsx,P011_Stage_Observations,,,,,,,P011_MC_A10_77K,,P011_OBS_A10_77_eps0,EXPERIMENTAL,REPEATED_STAGE,P011_OBS_A10_77_eps0,,HIGH,,,,,,,,,,,,,,,,,,,,,P011_SERIES01,P011_MAT_FE50MN30CO10CR10,,,P011_SERIES01,P011_MAT_FE50MN30CO10CR10,,,P011_MC_A10_77K,,,,,,,,,,,,,,,,,,,,,,,,,,,,,,,,,,,,,,,,,,,,False,,,,,,,,,,,,,,,,,,,,,,P011_PS_A10,P011_FEEDSTOCK_GA01,,,,,ANNEALING_TWIN,,,,,,,,,,,,,,,,,RECOVERED_STAGE_CHILD,,,,,,,,,,,,,,,,,,,
P011,10.1016/j.jallcom.2023.170225,Microstructure and tensile properties of metastable Fe50Mn30Co10Cr10 high-entropy alloy prepared via powder metallurgy,P011_OBS_A10_77_eps15,,,,A10,,,,,,,,,,,,,,,,,,,,,,,,,77.0,,,,,,,Interrupted tensile,,,,,,,,,,,,,,,,,,,1.0,,,,,0.039,,,,,,,,,,,,,,,,,,,,"Fig.7c; Fig.8; pp.6-7,10",High,,,P011_scientific_evidence_recovery_VERIFIED.xlsx,P011_Stage_Observations,,,,,,,P011_MC_A10_77K,,P011_OBS_A10_77_eps15,EXPERIMENTAL,REPEATED_STAGE,P011_OBS_A10_77_eps15,,HIGH,,,,,,,,,,,1.0,0.0,,,,,,,1.0,0.0,P011_SERIES01,P011_MAT_FE50MN30CO10CR10,,,P011_SERIES01,P011_MAT_FE50MN30CO10CR10,,,P011_MC_A10_77K,,,,,,,,,,,,,,,,,,,,,,,,,,,,,,,,,,,,,,,,,,,,False,,,,,,,,,,,,,,,,,,,,,,P011_PS_A10,P011_FEEDSTOCK_GA01,,,,,ANNEALING_TWIN,,,,,1.0,,,,,,,,,0.99,,,RECOVERED_STAGE_CHILD,,,,,,,,,,,,,,,,,,,
P011,10.1016/j.jallcom.2023.170225,Microstructure and tensile properties of metastable Fe50Mn30Co10Cr10 high-entropy alloy prepared via powder metallurgy,P011_OBS_A10_77_fracture,,,,A10,,,,,,,,,,,,,,,,,,,,,,,,,77.0,,,,,,,Fracture (~28% engineering strain in schematic),,,,,,,,,,,,,,,,,,,1.0,,,,0.526,0.018,,,,,,,,,,,,,,,,,,,,Figs.7-10; pp.6-7,High,,,P011_scientific_evidence_recovery_VERIFIED.xlsx,P011_Stage_Observations,,,,,,,P011_MC_A10_77K,,P011_OBS_A10_77_fracture,EXPERIMENTAL,REPEATED_STAGE,P011_OBS_A10_77_fracture,,HIGH,,,,,,,,,,,1.0,0.0,,,,,,,1.0,0.0,P011_SERIES01,P011_MAT_FE50MN30CO10CR10,,,P011_SERIES01,P011_MAT_FE50MN30CO10CR10,,,P011_MC_A10_77K,,,,,,,,,,,,,,,,,,,,,,,,,,,,,,,,,,,,,,,,,,,,False,,,,,,,,,,,,,,,,,,,,,,P011_PS_A10,P011_FEEDSTOCK_GA01,,,,,ANNEALING_TWIN,,,,,1.0,,,,,,,,,2.07,34.0,,RECOVERED_STAGE_CHILD,,,,,,,,,,,,,,,,,,,
P012,10.1016/j.jallcom.2022.165108,Effects of carbon and molybdenum on the nanostructural evolution and strength/ductility trade-off in Fe40Mn40Co10Cr10 high-entropy alloys,P012_MC_BASE_RT,,,,Base,Fe39.9Mn40.3Co10.0Cr9.8,at.% measured (nominal retained separately),39.9,40.3,10.0,9.8,,,,,,,,,arc melted under high-purity Ar; remelted 5 times; hot rolled 1170 K/60%; homogenized 1473 K/1 h in Ar; water quenched; subsequent hot/cold rolling; final cold reduction 90%; solution annealed 1420 K/2 h; water quenched,arc melting under high-purity Ar; remelted five times,1473,1,1170,60,90,1420,120,water quench,298.0,0.001,9,3.4,2,,,,54,,,0,ANNEALING_TWIN,27.0,,Thermodynamic Olson-Cohen-type calculation; CURRENT_PAPER_CALCULATED,156,Thermodynamic software; CURRENT_PAPER_CALCULATED,,,,,,,,,1,,,Slip + deformation twinning; no RT phase transformation observed,,,,,140.0,,398.0,,98.0,,,,,,,,,At true strain 0.2 EBSD phase maps show single FCC without phase transformation. This supports stage-level TRIP=0 only; later condition-wide absence is not explicitly established.,TEM at 0.1 and EBSD at 0.2/0.45 directly show deformation twins.,,,Sec.3.2 pp.5-6; Sec.3.4 pp.7-10; Conclusions p.18,High,,,P012_scientific_evidence_recovery_VERIFIED.xlsx,P012_ML_Conditions,,,,,,,P012_MC_BASE_RT,P012_MC_BASE_RT,P012_OBS_BASE_RT_condition,EXPERIMENTAL,INDEPENDENT_CONDITION,,0,HIGH,,,,,,,,,,,,1.0,,,,,,,,1.0,P012_SERIES01,P012_MAT_BASE,,,P012_SERIES01,P012_MAT_BASE,,,P012_MC_BASE_RT,,,,,,,,,,,,,,,,,,,,,,,,,,,,,,,,,,,,,,,,,,,,True,Fe40Mn40Co10Cr10,MEASURED_BULK,,,,,,single-phase FCC,DIRECT_EBSD_XRD_PHASE_IDENTITY; exact FCC fraction not numerically quantified,,,,,,,,,,,,,,,,,,0.381,ANNEALING_TWIN,,,,,,,,,,,3.625,,,,,,,,,,0.0,1.0,RECOVERED_EXACT_CONDITION,Fe39.9Mn40.3Co10.0Cr9.8,Wet chemical analysis,28,5,LATTICE_PARAMETER_ONLY; NOT_TENSILE_REPLICATES,3.4 x 2,parallel to rolling direction,,,,,TWIP_VERIFIED; TRIP_UNRESOLVED_CONDITION_LEVEL,"[{""Paper_ID"": ""P012"", ""DOI"": ""10.1016/j.jallcom.2022.165108"", ""Material_Parent_ID"": ""P012_MAT_BASE"", ""ML_Condition_ID"": ""P012_MC_BASE_RT"", ""Observation_ID"": ""P012_OBS_BASE_RT_condition"", ""Feature_Name"": ""Fe_at%"", ""Recovered_Value"": 39.9, ""Units"": ""at.%"", ""Evidence_Type"": ""VERIFIED_WORKBOOK"", ""Evidence_Location"": ""Sec.3.2 pp.5-6; Sec.3.4 pp.7-10; Conclusions p.18"", ""Confidence"": ""High"", ""Recovery_Status"": ""VERIFIED""}, {""Paper_ID"": ""P012"", ""DOI"": ""10.1016/j.jallcom.2022.165108"", ""Material_Parent_ID"": ""P012_MAT_BASE"", ""ML_Condition_ID"": ""P012_MC_BASE_RT"", ""Observation_ID"": ""P012_OBS_BASE_RT_condition"", ""Feature_Name"": ""Mn_at%"", ""Recovered_Value"": 40.3, ""Units"": ""at.%"", ""Evidence_Type"": ""VERIFIED_WORKBOOK"", ""Evidence_Location"": ""Sec.3.2 pp.5-6; Sec.3.4 pp.7-10; Conclusions p.18"", ""Confidence"": ""High"", ""Recovery_Status"": ""VERIFIED""}, {""Paper_ID"": ""P012"", ""DOI"": ""10.1016/j.jallcom.2022.165108"", ""Material_Parent_ID"": ""P012_MAT_BASE"", ""ML_Condition_ID"": ""P012_MC_BASE_RT"", ""Observation_ID"": ""P012_OBS_BASE_RT_condition"", ""Feature_Name"": ""Co_at%"", ""Recovered_Value"": 10.0, ""Units"": ""at.%"", ""Evidence_Type"": ""VERIFIED_WORKBOOK"", ""Evidence_Location"": ""Sec.3.2 pp.5-6; Sec.3.4 pp.7-10; Conclusions p.18"", ""Confidence"": ""High"", ""Recovery_Status"": ""VERIFIED""}, {""Paper_ID"": ""P012"", ""DOI"": ""10.1016/j.jallcom.2022.165108"", ""Material_Parent_ID"": ""P012_MAT_BASE"", ""ML_Condition_ID"": ""P012_MC_BASE_RT"", ""Observation_ID"": ""P012_OBS_BASE_RT_condition"", ""Feature_Name"": ""Cr_at%"", ""Recovered_Value"": 9.8, ""Units"": ""at.%"", ""Evidence_Type"": ""VERIFIED_WORKBOOK"", ""Evidence_Location"": ""Sec.3.2 pp.5-6; Sec.3.4 pp.7-10; Conclusions p.18"", ""Confidence"": ""High"", ""Recovery_Status"": ""VERIFIED""}, {""Paper_ID"": ""P012"", ""DOI"": ""10.1016/j.jallcom.2022.165108"", ""Material_Parent_ID"": ""P012_MAT_BASE"", ""ML_Condition_ID"": ""P012_MC_BASE_RT"", ""Observation_ID"": ""P012_OBS_BASE_RT_condition"", ""Feature_Name"": ""SFE_mJ_m2"", ""Recovered_Value"": 27.0, ""Units"": ""mJ/m2"", ""Evidence_Type"": ""VERIFIED_WORKBOOK"", ""Evidence_Location"": ""Sec.3.2 pp.5-6; Sec.3.4 pp.7-10; Conclusions p.18"", ""Confidence"": ""High"", ""Recovery_Status"": ""VERIFIED""}, {""Paper_ID"": ""P012"", ""DOI"": ""10.1016/j.jallcom.2022.165108"", ""Material_Parent_ID"": ""P012_MAT_BASE"", ""ML_Condition_ID"": ""P012_MC_BASE_RT"", ""Observation_ID"": ""P012_OBS_BASE_RT_condition"", ""Feature_Name"": ""DeltaG_FCC_HCP_J_mol"", ""Recovered_Value"": 156, ""Units"": ""J/mol"", ""Evidence_Type"": ""VERIFIED_WORKBOOK"", ""Evidence_Location"": ""Sec.3.2 pp.5-6; Sec.3.4 pp.7-10; Conclusions p.18"", ""Confidence"": ""High"", ""Recovery_Status"": ""VERIFIED""}, {""Paper_ID"": ""P012"", ""DOI"": ""10.1016/j.jallcom.2022.165108"", ""Material_Parent_ID"": ""P012_MAT_BASE"", ""ML_Condition_ID"": ""P012_MC_BASE_RT"", ""Observation_ID"": ""P012_OBS_BASE_RT_condition"", ""Feature_Name"": ""YS_MPa"", ""Recovered_Value"": 140.0, ""Units"": ""MPa"", ""Evidence_Type"": ""VERIFIED_WORKBOOK"", ""Evidence_Location"": ""Sec.3.2 pp.5-6; Sec.3.4 pp.7-10; Conclusions p.18"", ""Confidence"": ""High"", ""Recovery_Status"": ""VERIFIED""}, {""Paper_ID"": ""P012"", ""DOI"": ""10.1016/j.jallcom.2022.165108"", ""Material_Parent_ID"": ""P012_MAT_BASE"", ""ML_Condition_ID"": ""P012_MC_BASE_RT"", ""Observation_ID"": ""P012_OBS_BASE_RT_condition"", ""Feature_Name"": ""UTS_MPa"", ""Recovered_Value"": 398.0, ""Units"": ""MPa"", ""Evidence_Type"": ""VERIFIED_WORKBOOK"", ""Evidence_Location"": ""Sec.3.2 pp.5-6; Sec.3.4 pp.7-10; Conclusions p.18"", ""Confidence"": ""High"", ""Recovery_Status"": ""VERIFIED""}, {""Paper_ID"": ""P012"", ""DOI"": ""10.1016/j.jallcom.2022.165108"", ""Material_Parent_ID"": ""P012_MAT_BASE"", ""ML_Condition_ID"": ""P012_MC_BASE_RT"", ""Observation_ID"": ""P012_OBS_BASE_RT_condition"", ""Feature_Name"": ""Elongation_pct"", ""Recovered_Value"": 98.0, ""Units"": ""%"", ""Evidence_Type"": ""VERIFIED_WORKBOOK"", ""Evidence_Location"": ""Sec.3.2 pp.5-6; Sec.3.4 pp.7-10; Conclusions p.18"", ""Confidence"": ""High"", ""Recovery_Status"": ""VERIFIED""}, {""Paper_ID"": ""P012"", ""DOI"": ""10.1016/j.jallcom.2022.165108"", ""Material_Parent_ID"": ""P012_MAT_BASE"", ""ML_Condition_ID"": ""P012_MC_BASE_RT"", ""Observation_ID"": ""P012_OBS_BASE_RT_condition"", ""Feature_Name"": ""Initial_HCP_fraction"", ""Recovered_Value"": 0, ""Units"": ""fraction"", ""Evidence_Type"": ""VERIFIED_WORKBOOK"", ""Evidence_Location"": ""Sec.3.2 pp.5-6; Sec.3.4 pp.7-10; Conclusions p.18"", ""Confidence"": ""High"", ""Recovery_Status"": ""VERIFIED""}, {""Paper_ID"": ""P012"", ""DOI"": ""10.1016/j.jallcom.2022.165108"", ""Material_Parent_ID"": ""P012_MAT_BASE"", ""ML_Condition_ID"": ""P012_MC_BASE_RT"", ""Observation_ID"": ""P012_OBS_BASE_RT_condition"", ""Feature_Name"": ""Initial_Sigma3_TB_fraction"", ""Recovered_Value"": 0.381, ""Units"": ""fraction"", ""Evidence_Type"": ""VERIFIED_WORKBOOK"", ""Evidence_Location"": ""Sec.3.2 pp.5-6; Sec.3.4 pp.7-10; Conclusions p.18"", ""Confidence"": ""High"", ""Recovery_Status"": ""VERIFIED""}, {""Paper_ID"": ""P012"", ""DOI"": ""10.1016/j.jallcom.2022.165108"", ""Material_Parent_ID"": ""P012_MAT_BASE"", ""ML_Condition_ID"": ""P012_MC_BASE_RT"", ""Observation_ID"": ""P012_OBS_BASE_RT_condition"", ""Feature_Name"": ""Grain_size_um"", ""Recovered_Value"": ""54"", ""Units"": ""um"", ""Evidence_Type"": ""VERIFIED_WORKBOOK"", ""Evidence_Location"": ""Sec.3.2 pp.5-6; Sec.3.4 pp.7-10; Conclusions p.18"", ""Confidence"": ""High"", ""Recovery_Status"": ""VERIFIED""}, {""Paper_ID"": ""P012"", ""DOI"": ""10.1016/j.jallcom.2022.165108"", ""Material_Parent_ID"": ""P012_MAT_BASE"", ""ML_Condition_ID"": ""P012_MC_BASE_RT"", ""Observation_ID"": ""P012_OBS_BASE_RT_condition"", ""Feature_Name"": ""Grain_Size_Including_TB_as_HAB_um"", ""Recovered_Value"": ""28"", ""Units"": ""um"", ""Evidence_Type"": ""VERIFIED_WORKBOOK"", ""Evidence_Location"": ""Sec.3.2 pp.5-6; Sec.3.4 pp.7-10; Conclusions p.18"", ""Confidence"": ""High"", ""Recovery_Status"": ""VERIFIED""}, {""Paper_ID"": ""P012"", ""DOI"": ""10.1016/j.jallcom.2022.165108"", ""Material_Parent_ID"": ""P012_MAT_BASE"", ""ML_Condition_ID"": ""P012_MC_BASE_RT"", ""Observation_ID"": ""P012_OBS_BASE_RT_condition"", ""Feature_Name"": ""FCC_lattice_a_XRD_A"", ""Recovered_Value"": 3.625, ""Units"": ""A"", ""Evidence_Type"": ""VERIFIED_WORKBOOK"", ""Evidence_Location"": ""Sec.3.2 pp.5-6; Sec.3.4 pp.7-10; Conclusions p.18"", ""Confidence"": ""High"", ""Recovery_Status"": ""VERIFIED""}, {""Paper_ID"": ""P012"", ""DOI"": ""10.1016/j.jallcom.2022.165108"", ""Material_Parent_ID"": ""P012_MAT_BASE"", ""ML_Condition_ID"": ""P012_MC_BASE_RT"", ""Observation_ID"": ""P012_OBS_BASE_RT_condition"", ""Feature_Name"": ""Effective_TWIP"", ""Recovered_Value"": 1.0, ""Units"": ""binary"", ""Evidence_Type"": ""VERIFIED_WORKBOOK"", ""Evidence_Location"": ""Sec.3.2 pp.5-6; Sec.3.4 pp.7-10; Conclusions p.18"", ""Confidence"": ""High"", ""Recovery_Status"": ""VERIFIED""}, {""Paper_ID"": ""P012"", ""DOI"": ""10.1016/j.jallcom.2022.165108"", ""Material_Parent_ID"": ""P012_MAT_BASE"", ""ML_Condition_ID"": ""P012_MC_BASE_RT"", ""Observation_ID"": ""P012_OBS_BASE_RT_condition"", ""Feature_Name"": ""Slip"", ""Recovered_Value"": 1, ""Units"": ""binary"", ""Evidence_Type"": ""VERIFIED_WORKBOOK"", ""Evidence_Location"": ""Sec.3.2 pp.5-6; Sec.3.4 pp.7-10; Conclusions p.18"", ""Confidence"": ""High"", ""Recovery_Status"": ""VERIFIED""}]"
P012,10.1016/j.jallcom.2022.165108,Effects of carbon and molybdenum on the nanostructural evolution and strength/ductility trade-off in Fe40Mn40Co10Cr10 high-entropy alloys,P012_MC_MO_RT,,,,Mo1.7,Fe38.3Mn40.5Co9.7Cr9.8Mo1.7,at.% measured (nominal retained separately),38.3,40.5,9.7,9.8,,,,1.7,,,,,arc melted under high-purity Ar; remelted 5 times; hot rolled 1170 K/60%; homogenized 1473 K/1 h in Ar; water quenched; subsequent hot/cold rolling; final cold reduction 90%; solution annealed 1420 K/2 h; water quenched,arc melting under high-purity Ar; remelted five times,1473,1,1170,60,90,1420,120,water quench,298.0,0.001,9,3.4,2,,,,40,,,0,ANNEALING_TWIN,24.0,,Thermodynamic Olson-Cohen-type calculation; CURRENT_PAPER_CALCULATED,109,Thermodynamic software; CURRENT_PAPER_CALCULATED,,,,,,,,,1,,,Slip + deformation twinning; hierarchical twinning at high strain,,,,,191.0,,484.0,,80.0,,,,,,,,,At true strain 0.2 the phase map remains single FCC. This is stage-specific negative evidence and is not promoted to condition-level TRIP=0.,Direct deformation twins and hierarchical twinning are observed.,,,Sec.3.2 pp.5-6; Sec.3.4 pp.7-10; Conclusions p.18,High,,,P012_scientific_evidence_recovery_VERIFIED.xlsx,P012_ML_Conditions,,,,,,,P012_MC_MO_RT,P012_MC_MO_RT,P012_OBS_MO_RT_condition,EXPERIMENTAL,INDEPENDENT_CONDITION,,0,HIGH,,,,,,,,,,,,1.0,,,,,,,,1.0,P012_SERIES01,P012_MAT_MO,,,P012_SERIES01,P012_MAT_MO,,,P012_MC_MO_RT,,,,,,,,,,,,,,,,,,,,,,,,,,,,,,,,,,,,,,,,,,,,True,Fe38.3Mn40Co10Cr10Mo1.7,MEASURED_BULK,,,,,,single-phase FCC,DIRECT_EBSD_XRD_PHASE_IDENTITY; exact FCC fraction not numerically quantified,,,,,,,,,,,,,,,,,,0.528,ANNEALING_TWIN,,,,,,,,,,,3.634,,,,,,,,,,0.0,1.0,RECOVERED_EXACT_CONDITION,Fe38.3Mn40.5Co9.7Cr9.8Mo1.7,Wet chemical analysis,26,5,LATTICE_PARAMETER_ONLY; NOT_TENSILE_REPLICATES,3.4 x 2,parallel to rolling direction,,,,,TWIP_VERIFIED; TRIP_UNRESOLVED_CONDITION_LEVEL,"[{""Paper_ID"": ""P012"", ""DOI"": ""10.1016/j.jallcom.2022.165108"", ""Material_Parent_ID"": ""P012_MAT_MO"", ""ML_Condition_ID"": ""P012_MC_MO_RT"", ""Observation_ID"": ""P012_OBS_MO_RT_condition"", ""Feature_Name"": ""Fe_at%"", ""Recovered_Value"": 38.3, ""Units"": ""at.%"", ""Evidence_Type"": ""VERIFIED_WORKBOOK"", ""Evidence_Location"": ""Sec.3.2 pp.5-6; Sec.3.4 pp.7-10; Conclusions p.18"", ""Confidence"": ""High"", ""Recovery_Status"": ""VERIFIED""}, {""Paper_ID"": ""P012"", ""DOI"": ""10.1016/j.jallcom.2022.165108"", ""Material_Parent_ID"": ""P012_MAT_MO"", ""ML_Condition_ID"": ""P012_MC_MO_RT"", ""Observation_ID"": ""P012_OBS_MO_RT_condition"", ""Feature_Name"": ""Mn_at%"", ""Recovered_Value"": 40.5, ""Units"": ""at.%"", ""Evidence_Type"": ""VERIFIED_WORKBOOK"", ""Evidence_Location"": ""Sec.3.2 pp.5-6; Sec.3.4 pp.7-10; Conclusions p.18"", ""Confidence"": ""High"", ""Recovery_Status"": ""VERIFIED""}, {""Paper_ID"": ""P012"", ""DOI"": ""10.1016/j.jallcom.2022.165108"", ""Material_Parent_ID"": ""P012_MAT_MO"", ""ML_Condition_ID"": ""P012_MC_MO_RT"", ""Observation_ID"": ""P012_OBS_MO_RT_condition"", ""Feature_Name"": ""Co_at%"", ""Recovered_Value"": 9.7, ""Units"": ""at.%"", ""Evidence_Type"": ""VERIFIED_WORKBOOK"", ""Evidence_Location"": ""Sec.3.2 pp.5-6; Sec.3.4 pp.7-10; Conclusions p.18"", ""Confidence"": ""High"", ""Recovery_Status"": ""VERIFIED""}, {""Paper_ID"": ""P012"", ""DOI"": ""10.1016/j.jallcom.2022.165108"", ""Material_Parent_ID"": ""P012_MAT_MO"", ""ML_Condition_ID"": ""P012_MC_MO_RT"", ""Observation_ID"": ""P012_OBS_MO_RT_condition"", ""Feature_Name"": ""Cr_at%"", ""Recovered_Value"": 9.8, ""Units"": ""at.%"", ""Evidence_Type"": ""VERIFIED_WORKBOOK"", ""Evidence_Location"": ""Sec.3.2 pp.5-6; Sec.3.4 pp.7-10; Conclusions p.18"", ""Confidence"": ""High"", ""Recovery_Status"": ""VERIFIED""}, {""Paper_ID"": ""P012"", ""DOI"": ""10.1016/j.jallcom.2022.165108"", ""Material_Parent_ID"": ""P012_MAT_MO"", ""ML_Condition_ID"": ""P012_MC_MO_RT"", ""Observation_ID"": ""P012_OBS_MO_RT_condition"", ""Feature_Name"": ""Mo_at%"", ""Recovered_Value"": 1.7, ""Units"": ""at.%"", ""Evidence_Type"": ""VERIFIED_WORKBOOK"", ""Evidence_Location"": ""Sec.3.2 pp.5-6; Sec.3.4 pp.7-10; Conclusions p.18"", ""Confidence"": ""High"", ""Recovery_Status"": ""VERIFIED""}, {""Paper_ID"": ""P012"", ""DOI"": ""10.1016/j.jallcom.2022.165108"", ""Material_Parent_ID"": ""P012_MAT_MO"", ""ML_Condition_ID"": ""P012_MC_MO_RT"", ""Observation_ID"": ""P012_OBS_MO_RT_condition"", ""Feature_Name"": ""SFE_mJ_m2"", ""Recovered_Value"": 24.0, ""Units"": ""mJ/m2"", ""Evidence_Type"": ""VERIFIED_WORKBOOK"", ""Evidence_Location"": ""Sec.3.2 pp.5-6; Sec.3.4 pp.7-10; Conclusions p.18"", ""Confidence"": ""High"", ""Recovery_Status"": ""VERIFIED""}, {""Paper_ID"": ""P012"", ""DOI"": ""10.1016/j.jallcom.2022.165108"", ""Material_Parent_ID"": ""P012_MAT_MO"", ""ML_Condition_ID"": ""P012_MC_MO_RT"", ""Observation_ID"": ""P012_OBS_MO_RT_condition"", ""Feature_Name"": ""DeltaG_FCC_HCP_J_mol"", ""Recovered_Value"": 109, ""Units"": ""J/mol"", ""Evidence_Type"": ""VERIFIED_WORKBOOK"", ""Evidence_Location"": ""Sec.3.2 pp.5-6; Sec.3.4 pp.7-10; Conclusions p.18"", ""Confidence"": ""High"", ""Recovery_Status"": ""VERIFIED""}, {""Paper_ID"": ""P012"", ""DOI"": ""10.1016/j.jallcom.2022.165108"", ""Material_Parent_ID"": ""P012_MAT_MO"", ""ML_Condition_ID"": ""P012_MC_MO_RT"", ""Observation_ID"": ""P012_OBS_MO_RT_condition"", ""Feature_Name"": ""YS_MPa"", ""Recovered_Value"": 191.0, ""Units"": ""MPa"", ""Evidence_Type"": ""VERIFIED_WORKBOOK"", ""Evidence_Location"": ""Sec.3.2 pp.5-6; Sec.3.4 pp.7-10; Conclusions p.18"", ""Confidence"": ""High"", ""Recovery_Status"": ""VERIFIED""}, {""Paper_ID"": ""P012"", ""DOI"": ""10.1016/j.jallcom.2022.165108"", ""Material_Parent_ID"": ""P012_MAT_MO"", ""ML_Condition_ID"": ""P012_MC_MO_RT"", ""Observation_ID"": ""P012_OBS_MO_RT_condition"", ""Feature_Name"": ""UTS_MPa"", ""Recovered_Value"": 484.0, ""Units"": ""MPa"", ""Evidence_Type"": ""VERIFIED_WORKBOOK"", ""Evidence_Location"": ""Sec.3.2 pp.5-6; Sec.3.4 pp.7-10; Conclusions p.18"", ""Confidence"": ""High"", ""Recovery_Status"": ""VERIFIED""}, {""Paper_ID"": ""P012"", ""DOI"": ""10.1016/j.jallcom.2022.165108"", ""Material_Parent_ID"": ""P012_MAT_MO"", ""ML_Condition_ID"": ""P012_MC_MO_RT"", ""Observation_ID"": ""P012_OBS_MO_RT_condition"", ""Feature_Name"": ""Elongation_pct"", ""Recovered_Value"": 80.0, ""Units"": ""%"", ""Evidence_Type"": ""VERIFIED_WORKBOOK"", ""Evidence_Location"": ""Sec.3.2 pp.5-6; Sec.3.4 pp.7-10; Conclusions p.18"", ""Confidence"": ""High"", ""Recovery_Status"": ""VERIFIED""}, {""Paper_ID"": ""P012"", ""DOI"": ""10.1016/j.jallcom.2022.165108"", ""Material_Parent_ID"": ""P012_MAT_MO"", ""ML_Condition_ID"": ""P012_MC_MO_RT"", ""Observation_ID"": ""P012_OBS_MO_RT_condition"", ""Feature_Name"": ""Initial_HCP_fraction"", ""Recovered_Value"": 0, ""Units"": ""fraction"", ""Evidence_Type"": ""VERIFIED_WORKBOOK"", ""Evidence_Location"": ""Sec.3.2 pp.5-6; Sec.3.4 pp.7-10; Conclusions p.18"", ""Confidence"": ""High"", ""Recovery_Status"": ""VERIFIED""}, {""Paper_ID"": ""P012"", ""DOI"": ""10.1016/j.jallcom.2022.165108"", ""Material_Parent_ID"": ""P012_MAT_MO"", ""ML_Condition_ID"": ""P012_MC_MO_RT"", ""Observation_ID"": ""P012_OBS_MO_RT_condition"", ""Feature_Name"": ""Initial_Sigma3_TB_fraction"", ""Recovered_Value"": 0.528, ""Units"": ""fraction"", ""Evidence_Type"": ""VERIFIED_WORKBOOK"", ""Evidence_Location"": ""Sec.3.2 pp.5-6; Sec.3.4 pp.7-10; Conclusions p.18"", ""Confidence"": ""High"", ""Recovery_Status"": ""VERIFIED""}, {""Paper_ID"": ""P012"", ""DOI"": ""10.1016/j.jallcom.2022.165108"", ""Material_Parent_ID"": ""P012_MAT_MO"", ""ML_Condition_ID"": ""P012_MC_MO_RT"", ""Observation_ID"": ""P012_OBS_MO_RT_condition"", ""Feature_Name"": ""Grain_size_um"", ""Recovered_Value"": ""40"", ""Units"": ""um"", ""Evidence_Type"": ""VERIFIED_WORKBOOK"", ""Evidence_Location"": ""Sec.3.2 pp.5-6; Sec.3.4 pp.7-10; Conclusions p.18"", ""Confidence"": ""High"", ""Recovery_Status"": ""VERIFIED""}, {""Paper_ID"": ""P012"", ""DOI"": ""10.1016/j.jallcom.2022.165108"", ""Material_Parent_ID"": ""P012_MAT_MO"", ""ML_Condition_ID"": ""P012_MC_MO_RT"", ""Observation_ID"": ""P012_OBS_MO_RT_condition"", ""Feature_Name"": ""Grain_Size_Including_TB_as_HAB_um"", ""Recovered_Value"": ""26"", ""Units"": ""um"", ""Evidence_Type"": ""VERIFIED_WORKBOOK"", ""Evidence_Location"": ""Sec.3.2 pp.5-6; Sec.3.4 pp.7-10; Conclusions p.18"", ""Confidence"": ""High"", ""Recovery_Status"": ""VERIFIED""}, {""Paper_ID"": ""P012"", ""DOI"": ""10.1016/j.jallcom.2022.165108"", ""Material_Parent_ID"": ""P012_MAT_MO"", ""ML_Condition_ID"": ""P012_MC_MO_RT"", ""Observation_ID"": ""P012_OBS_MO_RT_condition"", ""Feature_Name"": ""FCC_lattice_a_XRD_A"", ""Recovered_Value"": 3.634, ""Units"": ""A"", ""Evidence_Type"": ""VERIFIED_WORKBOOK"", ""Evidence_Location"": ""Sec.3.2 pp.5-6; Sec.3.4 pp.7-10; Conclusions p.18"", ""Confidence"": ""High"", ""Recovery_Status"": ""VERIFIED""}, {""Paper_ID"": ""P012"", ""DOI"": ""10.1016/j.jallcom.2022.165108"", ""Material_Parent_ID"": ""P012_MAT_MO"", ""ML_Condition_ID"": ""P012_MC_MO_RT"", ""Observation_ID"": ""P012_OBS_MO_RT_condition"", ""Feature_Name"": ""Effective_TWIP"", ""Recovered_Value"": 1.0, ""Units"": ""binary"", ""Evidence_Type"": ""VERIFIED_WORKBOOK"", ""Evidence_Location"": ""Sec.3.2 pp.5-6; Sec.3.4 pp.7-10; Conclusions p.18"", ""Confidence"": ""High"", ""Recovery_Status"": ""VERIFIED""}, {""Paper_ID"": ""P012"", ""DOI"": ""10.1016/j.jallcom.2022.165108"", ""Material_Parent_ID"": ""P012_MAT_MO"", ""ML_Condition_ID"": ""P012_MC_MO_RT"", ""Observation_ID"": ""P012_OBS_MO_RT_condition"", ""Feature_Name"": ""Slip"", ""Recovered_Value"": 1, ""Units"": ""binary"", ""Evidence_Type"": ""VERIFIED_WORKBOOK"", ""Evidence_Location"": ""Sec.3.2 pp.5-6; Sec.3.4 pp.7-10; Conclusions p.18"", ""Confidence"": ""High"", ""Recovery_Status"": ""VERIFIED""}]"
P012,10.1016/j.jallcom.2022.165108,Effects of carbon and molybdenum on the nanostructural evolution and strength/ductility trade-off in Fe40Mn40Co10Cr10 high-entropy alloys,P012_MC_C_RT,,,,C0.5_nominal,Fe39.13Mn41.23Co9.98Cr9.06C0.6,at.% measured (nominal retained separately),39.13,41.23,9.98,9.06,,,0.6,,,,,,arc melted under high-purity Ar; remelted 5 times; hot rolled 1170 K/60%; homogenized 1473 K/1 h in Ar; water quenched; subsequent hot/cold rolling; final cold reduction 90%; solution annealed 1420 K/2 h; water quenched,arc melting under high-purity Ar; remelted five times,1473,1,1170,60,90,1420,120,water quench,298.0,0.001,9,3.4,2,,,,34,,,0,ANNEALING_TWIN,28.0,,Thermodynamic Olson-Cohen-type calculation; CURRENT_PAPER_CALCULATED,170,Thermodynamic software; CURRENT_PAPER_CALCULATED,,,,,,,,,1,,,Slip + deformation twinning; hierarchical twinning at high strain,,,,,213.0,,581.0,,80.0,,,,,,,,,"At true strain 0.2 the phase map remains single FCC. Under the project rule, this is insufficient for condition-level TRIP=0 because later minor transformation is not explicitly excluded.",Direct deformation nanotwins; strong hierarchical twinning at larger strain.,,,Sec.3.2 pp.5-6; Sec.3.4 pp.7-10; Conclusions p.18,High,,,P012_scientific_evidence_recovery_VERIFIED.xlsx,P012_ML_Conditions,,,,,,,P012_MC_C_RT,P012_MC_C_RT,P012_OBS_C_RT_condition,EXPERIMENTAL,INDEPENDENT_CONDITION,,0,HIGH,,,,,,,,,,,,1.0,,,,,,,,1.0,P012_SERIES01,P012_MAT_C,,,P012_SERIES01,P012_MAT_C,,,P012_MC_C_RT,,,,,,,,,,,,,,,,,,,,,,,,,,,,,,,,,,,,,,,,,,,,True,Fe39.5Mn40Co10Cr10C0.5,MEASURED_BULK; actual C=0.6 at.%,,,,,,single-phase FCC,DIRECT_EBSD_XRD_PHASE_IDENTITY; exact FCC fraction not numerically quantified,,,,,,,,,,,,,,,,,,0.567,ANNEALING_TWIN,,,,,,,,,,,3.629,,,,,,,,,,0.0,1.0,RECOVERED_EXACT_CONDITION,Fe39.13Mn41.23Co9.98Cr9.06C0.6,Wet + Leco combustion analysis,23,5,LATTICE_PARAMETER_ONLY; NOT_TENSILE_REPLICATES,3.4 x 2,parallel to rolling direction,,,,,TWIP_VERIFIED; TRIP_UNRESOLVED_CONDITION_LEVEL,"[{""Paper_ID"": ""P012"", ""DOI"": ""10.1016/j.jallcom.2022.165108"", ""Material_Parent_ID"": ""P012_MAT_C"", ""ML_Condition_ID"": ""P012_MC_C_RT"", ""Observation_ID"": ""P012_OBS_C_RT_condition"", ""Feature_Name"": ""Fe_at%"", ""Recovered_Value"": 39.13, ""Units"": ""at.%"", ""Evidence_Type"": ""VERIFIED_WORKBOOK"", ""Evidence_Location"": ""Sec.3.2 pp.5-6; Sec.3.4 pp.7-10; Conclusions p.18"", ""Confidence"": ""High"", ""Recovery_Status"": ""VERIFIED""}, {""Paper_ID"": ""P012"", ""DOI"": ""10.1016/j.jallcom.2022.165108"", ""Material_Parent_ID"": ""P012_MAT_C"", ""ML_Condition_ID"": ""P012_MC_C_RT"", ""Observation_ID"": ""P012_OBS_C_RT_condition"", ""Feature_Name"": ""Mn_at%"", ""Recovered_Value"": 41.23, ""Units"": ""at.%"", ""Evidence_Type"": ""VERIFIED_WORKBOOK"", ""Evidence_Location"": ""Sec.3.2 pp.5-6; Sec.3.4 pp.7-10; Conclusions p.18"", ""Confidence"": ""High"", ""Recovery_Status"": ""VERIFIED""}, {""Paper_ID"": ""P012"", ""DOI"": ""10.1016/j.jallcom.2022.165108"", ""Material_Parent_ID"": ""P012_MAT_C"", ""ML_Condition_ID"": ""P012_MC_C_RT"", ""Observation_ID"": ""P012_OBS_C_RT_condition"", ""Feature_Name"": ""Co_at%"", ""Recovered_Value"": 9.98, ""Units"": ""at.%"", ""Evidence_Type"": ""VERIFIED_WORKBOOK"", ""Evidence_Location"": ""Sec.3.2 pp.5-6; Sec.3.4 pp.7-10; Conclusions p.18"", ""Confidence"": ""High"", ""Recovery_Status"": ""VERIFIED""}, {""Paper_ID"": ""P012"", ""DOI"": ""10.1016/j.jallcom.2022.165108"", ""Material_Parent_ID"": ""P012_MAT_C"", ""ML_Condition_ID"": ""P012_MC_C_RT"", ""Observation_ID"": ""P012_OBS_C_RT_condition"", ""Feature_Name"": ""Cr_at%"", ""Recovered_Value"": 9.06, ""Units"": ""at.%"", ""Evidence_Type"": ""VERIFIED_WORKBOOK"", ""Evidence_Location"": ""Sec.3.2 pp.5-6; Sec.3.4 pp.7-10; Conclusions p.18"", ""Confidence"": ""High"", ""Recovery_Status"": ""VERIFIED""}, {""Paper_ID"": ""P012"", ""DOI"": ""10.1016/j.jallcom.2022.165108"", ""Material_Parent_ID"": ""P012_MAT_C"", ""ML_Condition_ID"": ""P012_MC_C_RT"", ""Observation_ID"": ""P012_OBS_C_RT_condition"", ""Feature_Name"": ""C_at%"", ""Recovered_Value"": 0.6, ""Units"": ""at.%"", ""Evidence_Type"": ""VERIFIED_WORKBOOK"", ""Evidence_Location"": ""Sec.3.2 pp.5-6; Sec.3.4 pp.7-10; Conclusions p.18"", ""Confidence"": ""High"", ""Recovery_Status"": ""VERIFIED""}, {""Paper_ID"": ""P012"", ""DOI"": ""10.1016/j.jallcom.2022.165108"", ""Material_Parent_ID"": ""P012_MAT_C"", ""ML_Condition_ID"": ""P012_MC_C_RT"", ""Observation_ID"": ""P012_OBS_C_RT_condition"", ""Feature_Name"": ""SFE_mJ_m2"", ""Recovered_Value"": 28.0, ""Units"": ""mJ/m2"", ""Evidence_Type"": ""VERIFIED_WORKBOOK"", ""Evidence_Location"": ""Sec.3.2 pp.5-6; Sec.3.4 pp.7-10; Conclusions p.18"", ""Confidence"": ""High"", ""Recovery_Status"": ""VERIFIED""}, {""Paper_ID"": ""P012"", ""DOI"": ""10.1016/j.jallcom.2022.165108"", ""Material_Parent_ID"": ""P012_MAT_C"", ""ML_Condition_ID"": ""P012_MC_C_RT"", ""Observation_ID"": ""P012_OBS_C_RT_condition"", ""Feature_Name"": ""DeltaG_FCC_HCP_J_mol"", ""Recovered_Value"": 170, ""Units"": ""J/mol"", ""Evidence_Type"": ""VERIFIED_WORKBOOK"", ""Evidence_Location"": ""Sec.3.2 pp.5-6; Sec.3.4 pp.7-10; Conclusions p.18"", ""Confidence"": ""High"", ""Recovery_Status"": ""VERIFIED""}, {""Paper_ID"": ""P012"", ""DOI"": ""10.1016/j.jallcom.2022.165108"", ""Material_Parent_ID"": ""P012_MAT_C"", ""ML_Condition_ID"": ""P012_MC_C_RT"", ""Observation_ID"": ""P012_OBS_C_RT_condition"", ""Feature_Name"": ""YS_MPa"", ""Recovered_Value"": 213.0, ""Units"": ""MPa"", ""Evidence_Type"": ""VERIFIED_WORKBOOK"", ""Evidence_Location"": ""Sec.3.2 pp.5-6; Sec.3.4 pp.7-10; Conclusions p.18"", ""Confidence"": ""High"", ""Recovery_Status"": ""VERIFIED""}, {""Paper_ID"": ""P012"", ""DOI"": ""10.1016/j.jallcom.2022.165108"", ""Material_Parent_ID"": ""P012_MAT_C"", ""ML_Condition_ID"": ""P012_MC_C_RT"", ""Observation_ID"": ""P012_OBS_C_RT_condition"", ""Feature_Name"": ""UTS_MPa"", ""Recovered_Value"": 581.0, ""Units"": ""MPa"", ""Evidence_Type"": ""VERIFIED_WORKBOOK"", ""Evidence_Location"": ""Sec.3.2 pp.5-6; Sec.3.4 pp.7-10; Conclusions p.18"", ""Confidence"": ""High"", ""Recovery_Status"": ""VERIFIED""}, {""Paper_ID"": ""P012"", ""DOI"": ""10.1016/j.jallcom.2022.165108"", ""Material_Parent_ID"": ""P012_MAT_C"", ""ML_Condition_ID"": ""P012_MC_C_RT"", ""Observation_ID"": ""P012_OBS_C_RT_condition"", ""Feature_Name"": ""Elongation_pct"", ""Recovered_Value"": 80.0, ""Units"": ""%"", ""Evidence_Type"": ""VERIFIED_WORKBOOK"", ""Evidence_Location"": ""Sec.3.2 pp.5-6; Sec.3.4 pp.7-10; Conclusions p.18"", ""Confidence"": ""High"", ""Recovery_Status"": ""VERIFIED""}, {""Paper_ID"": ""P012"", ""DOI"": ""10.1016/j.jallcom.2022.165108"", ""Material_Parent_ID"": ""P012_MAT_C"", ""ML_Condition_ID"": ""P012_MC_C_RT"", ""Observation_ID"": ""P012_OBS_C_RT_condition"", ""Feature_Name"": ""Initial_HCP_fraction"", ""Recovered_Value"": 0, ""Units"": ""fraction"", ""Evidence_Type"": ""VERIFIED_WORKBOOK"", ""Evidence_Location"": ""Sec.3.2 pp.5-6; Sec.3.4 pp.7-10; Conclusions p.18"", ""Confidence"": ""High"", ""Recovery_Status"": ""VERIFIED""}, {""Paper_ID"": ""P012"", ""DOI"": ""10.1016/j.jallcom.2022.165108"", ""Material_Parent_ID"": ""P012_MAT_C"", ""ML_Condition_ID"": ""P012_MC_C_RT"", ""Observation_ID"": ""P012_OBS_C_RT_condition"", ""Feature_Name"": ""Initial_Sigma3_TB_fraction"", ""Recovered_Value"": 0.567, ""Units"": ""fraction"", ""Evidence_Type"": ""VERIFIED_WORKBOOK"", ""Evidence_Location"": ""Sec.3.2 pp.5-6; Sec.3.4 pp.7-10; Conclusions p.18"", ""Confidence"": ""High"", ""Recovery_Status"": ""VERIFIED""}, {""Paper_ID"": ""P012"", ""DOI"": ""10.1016/j.jallcom.2022.165108"", ""Material_Parent_ID"": ""P012_MAT_C"", ""ML_Condition_ID"": ""P012_MC_C_RT"", ""Observation_ID"": ""P012_OBS_C_RT_condition"", ""Feature_Name"": ""Grain_size_um"", ""Recovered_Value"": ""34"", ""Units"": ""um"", ""Evidence_Type"": ""VERIFIED_WORKBOOK"", ""Evidence_Location"": ""Sec.3.2 pp.5-6; Sec.3.4 pp.7-10; Conclusions p.18"", ""Confidence"": ""High"", ""Recovery_Status"": ""VERIFIED""}, {""Paper_ID"": ""P012"", ""DOI"": ""10.1016/j.jallcom.2022.165108"", ""Material_Parent_ID"": ""P012_MAT_C"", ""ML_Condition_ID"": ""P012_MC_C_RT"", ""Observation_ID"": ""P012_OBS_C_RT_condition"", ""Feature_Name"": ""Grain_Size_Including_TB_as_HAB_um"", ""Recovered_Value"": ""23"", ""Units"": ""um"", ""Evidence_Type"": ""VERIFIED_WORKBOOK"", ""Evidence_Location"": ""Sec.3.2 pp.5-6; Sec.3.4 pp.7-10; Conclusions p.18"", ""Confidence"": ""High"", ""Recovery_Status"": ""VERIFIED""}, {""Paper_ID"": ""P012"", ""DOI"": ""10.1016/j.jallcom.2022.165108"", ""Material_Parent_ID"": ""P012_MAT_C"", ""ML_Condition_ID"": ""P012_MC_C_RT"", ""Observation_ID"": ""P012_OBS_C_RT_condition"", ""Feature_Name"": ""FCC_lattice_a_XRD_A"", ""Recovered_Value"": 3.629, ""Units"": ""A"", ""Evidence_Type"": ""VERIFIED_WORKBOOK"", ""Evidence_Location"": ""Sec.3.2 pp.5-6; Sec.3.4 pp.7-10; Conclusions p.18"", ""Confidence"": ""High"", ""Recovery_Status"": ""VERIFIED""}, {""Paper_ID"": ""P012"", ""DOI"": ""10.1016/j.jallcom.2022.165108"", ""Material_Parent_ID"": ""P012_MAT_C"", ""ML_Condition_ID"": ""P012_MC_C_RT"", ""Observation_ID"": ""P012_OBS_C_RT_condition"", ""Feature_Name"": ""Effective_TWIP"", ""Recovered_Value"": 1.0, ""Units"": ""binary"", ""Evidence_Type"": ""VERIFIED_WORKBOOK"", ""Evidence_Location"": ""Sec.3.2 pp.5-6; Sec.3.4 pp.7-10; Conclusions p.18"", ""Confidence"": ""High"", ""Recovery_Status"": ""VERIFIED""}, {""Paper_ID"": ""P012"", ""DOI"": ""10.1016/j.jallcom.2022.165108"", ""Material_Parent_ID"": ""P012_MAT_C"", ""ML_Condition_ID"": ""P012_MC_C_RT"", ""Observation_ID"": ""P012_OBS_C_RT_condition"", ""Feature_Name"": ""Slip"", ""Recovered_Value"": 1, ""Units"": ""binary"", ""Evidence_Type"": ""VERIFIED_WORKBOOK"", ""Evidence_Location"": ""Sec.3.2 pp.5-6; Sec.3.4 pp.7-10; Conclusions p.18"", ""Confidence"": ""High"", ""Recovery_Status"": ""VERIFIED""}]"
P012,10.1016/j.jallcom.2022.165108,Effects of carbon and molybdenum on the nanostructural evolution and strength/ductility trade-off in Fe40Mn40Co10Cr10 high-entropy alloys,P012_MC_BASE_77K,,,,Base,Fe39.9Mn40.3Co10.0Cr9.8,at.% measured (nominal retained separately),39.9,40.3,10.0,9.8,,,,,,,,,arc melted under high-purity Ar; remelted 5 times; hot rolled 1170 K/60%; homogenized 1473 K/1 h in Ar; water quenched; subsequent hot/cold rolling; final cold reduction 90%; solution annealed 1420 K/2 h; water quenched,arc melting under high-purity Ar; remelted five times,1473,1,1170,60,90,1420,120,water quench,77.0,0.001,9,3.4,2,,,,54,,,0,ANNEALING_TWIN,-4.82,,Thermodynamic Olson-Cohen-type calculation; CURRENT_PAPER_CALCULATED,-385,Thermodynamic software; CURRENT_PAPER_CALCULATED,,,,,,,,,1,,,TRIP-dominant at CT; SIMT in most grains,,,,,,,,,,,,,,,,,,SIMT in most grains at true strain 0.2; HCP fraction increases strongly with strain.,"No microscale twins at 0.2, but condition-wide direct negative across all scales/strains is not established.",,,Sec.3.5 pp.10-15; Conclusions p.18,High,,,P012_scientific_evidence_recovery_VERIFIED.xlsx,P012_ML_Conditions,,,,,,,P012_MC_BASE_77K,P012_MC_BASE_77K,P012_OBS_BASE_77K_condition,EXPERIMENTAL,INDEPENDENT_CONDITION,,0,HIGH,,,,,,,,,,,1.0,,,,,,,,1.0,,P012_SERIES01,P012_MAT_BASE,,,P012_SERIES01,P012_MAT_BASE,,,P012_MC_BASE_77K,,,,,,,,,,,,,,,,,,,,,,,,,,,,,,,,,,,,,,,,,,,,True,Fe40Mn40Co10Cr10,MEASURED_BULK,,,,,,single-phase FCC,DIRECT_EBSD_XRD_PHASE_IDENTITY; exact FCC fraction not numerically quantified,,,,,,,,,,,,,,,,,,0.381,ANNEALING_TWIN,,,,,,,,,,,3.625,,,,,,,,,,1.0,1.0,RECOVERED_EXACT_CONDITION,Fe39.9Mn40.3Co10.0Cr9.8,Wet chemical analysis,28,5,LATTICE_PARAMETER_ONLY; NOT_TENSILE_REPLICATES,3.4 x 2,parallel to rolling direction,,,,,TRIP_VERIFIED; TWIP_UNRESOLVED_CONDITION_LEVEL,"[{""Paper_ID"": ""P012"", ""DOI"": ""10.1016/j.jallcom.2022.165108"", ""Material_Parent_ID"": ""P012_MAT_BASE"", ""ML_Condition_ID"": ""P012_MC_BASE_77K"", ""Observation_ID"": ""P012_OBS_BASE_77K_condition"", ""Feature_Name"": ""Fe_at%"", ""Recovered_Value"": 39.9, ""Units"": ""at.%"", ""Evidence_Type"": ""VERIFIED_WORKBOOK"", ""Evidence_Location"": ""Sec.3.5 pp.10-15; Conclusions p.18"", ""Confidence"": ""High"", ""Recovery_Status"": ""VERIFIED""}, {""Paper_ID"": ""P012"", ""DOI"": ""10.1016/j.jallcom.2022.165108"", ""Material_Parent_ID"": ""P012_MAT_BASE"", ""ML_Condition_ID"": ""P012_MC_BASE_77K"", ""Observation_ID"": ""P012_OBS_BASE_77K_condition"", ""Feature_Name"": ""Mn_at%"", ""Recovered_Value"": 40.3, ""Units"": ""at.%"", ""Evidence_Type"": ""VERIFIED_WORKBOOK"", ""Evidence_Location"": ""Sec.3.5 pp.10-15; Conclusions p.18"", ""Confidence"": ""High"", ""Recovery_Status"": ""VERIFIED""}, {""Paper_ID"": ""P012"", ""DOI"": ""10.1016/j.jallcom.2022.165108"", ""Material_Parent_ID"": ""P012_MAT_BASE"", ""ML_Condition_ID"": ""P012_MC_BASE_77K"", ""Observation_ID"": ""P012_OBS_BASE_77K_condition"", ""Feature_Name"": ""Co_at%"", ""Recovered_Value"": 10.0, ""Units"": ""at.%"", ""Evidence_Type"": ""VERIFIED_WORKBOOK"", ""Evidence_Location"": ""Sec.3.5 pp.10-15; Conclusions p.18"", ""Confidence"": ""High"", ""Recovery_Status"": ""VERIFIED""}, {""Paper_ID"": ""P012"", ""DOI"": ""10.1016/j.jallcom.2022.165108"", ""Material_Parent_ID"": ""P012_MAT_BASE"", ""ML_Condition_ID"": ""P012_MC_BASE_77K"", ""Observation_ID"": ""P012_OBS_BASE_77K_condition"", ""Feature_Name"": ""Cr_at%"", ""Recovered_Value"": 9.8, ""Units"": ""at.%"", ""Evidence_Type"": ""VERIFIED_WORKBOOK"", ""Evidence_Location"": ""Sec.3.5 pp.10-15; Conclusions p.18"", ""Confidence"": ""High"", ""Recovery_Status"": ""VERIFIED""}, {""Paper_ID"": ""P012"", ""DOI"": ""10.1016/j.jallcom.2022.165108"", ""Material_Parent_ID"": ""P012_MAT_BASE"", ""ML_Condition_ID"": ""P012_MC_BASE_77K"", ""Observation_ID"": ""P012_OBS_BASE_77K_condition"", ""Feature_Name"": ""SFE_mJ_m2"", ""Recovered_Value"": -4.82, ""Units"": ""mJ/m2"", ""Evidence_Type"": ""VERIFIED_WORKBOOK"", ""Evidence_Location"": ""Sec.3.5 pp.10-15; Conclusions p.18"", ""Confidence"": ""High"", ""Recovery_Status"": ""VERIFIED""}, {""Paper_ID"": ""P012"", ""DOI"": ""10.1016/j.jallcom.2022.165108"", ""Material_Parent_ID"": ""P012_MAT_BASE"", ""ML_Condition_ID"": ""P012_MC_BASE_77K"", ""Observation_ID"": ""P012_OBS_BASE_77K_condition"", ""Feature_Name"": ""DeltaG_FCC_HCP_J_mol"", ""Recovered_Value"": -385, ""Units"": ""J/mol"", ""Evidence_Type"": ""VERIFIED_WORKBOOK"", ""Evidence_Location"": ""Sec.3.5 pp.10-15; Conclusions p.18"", ""Confidence"": ""High"", ""Recovery_Status"": ""VERIFIED""}, {""Paper_ID"": ""P012"", ""DOI"": ""10.1016/j.jallcom.2022.165108"", ""Material_Parent_ID"": ""P012_MAT_BASE"", ""ML_Condition_ID"": ""P012_MC_BASE_77K"", ""Observation_ID"": ""P012_OBS_BASE_77K_condition"", ""Feature_Name"": ""Initial_HCP_fraction"", ""Recovered_Value"": 0, ""Units"": ""fraction"", ""Evidence_Type"": ""VERIFIED_WORKBOOK"", ""Evidence_Location"": ""Sec.3.5 pp.10-15; Conclusions p.18"", ""Confidence"": ""High"", ""Recovery_Status"": ""VERIFIED""}, {""Paper_ID"": ""P012"", ""DOI"": ""10.1016/j.jallcom.2022.165108"", ""Material_Parent_ID"": ""P012_MAT_BASE"", ""ML_Condition_ID"": ""P012_MC_BASE_77K"", ""Observation_ID"": ""P012_OBS_BASE_77K_condition"", ""Feature_Name"": ""Initial_Sigma3_TB_fraction"", ""Recovered_Value"": 0.381, ""Units"": ""fraction"", ""Evidence_Type"": ""VERIFIED_WORKBOOK"", ""Evidence_Location"": ""Sec.3.5 pp.10-15; Conclusions p.18"", ""Confidence"": ""High"", ""Recovery_Status"": ""VERIFIED""}, {""Paper_ID"": ""P012"", ""DOI"": ""10.1016/j.jallcom.2022.165108"", ""Material_Parent_ID"": ""P012_MAT_BASE"", ""ML_Condition_ID"": ""P012_MC_BASE_77K"", ""Observation_ID"": ""P012_OBS_BASE_77K_condition"", ""Feature_Name"": ""Grain_size_um"", ""Recovered_Value"": ""54"", ""Units"": ""um"", ""Evidence_Type"": ""VERIFIED_WORKBOOK"", ""Evidence_Location"": ""Sec.3.5 pp.10-15; Conclusions p.18"", ""Confidence"": ""High"", ""Recovery_Status"": ""VERIFIED""}, {""Paper_ID"": ""P012"", ""DOI"": ""10.1016/j.jallcom.2022.165108"", ""Material_Parent_ID"": ""P012_MAT_BASE"", ""ML_Condition_ID"": ""P012_MC_BASE_77K"", ""Observation_ID"": ""P012_OBS_BASE_77K_condition"", ""Feature_Name"": ""Grain_Size_Including_TB_as_HAB_um"", ""Recovered_Value"": ""28"", ""Units"": ""um"", ""Evidence_Type"": ""VERIFIED_WORKBOOK"", ""Evidence_Location"": ""Sec.3.5 pp.10-15; Conclusions p.18"", ""Confidence"": ""High"", ""Recovery_Status"": ""VERIFIED""}, {""Paper_ID"": ""P012"", ""DOI"": ""10.1016/j.jallcom.2022.165108"", ""Material_Parent_ID"": ""P012_MAT_BASE"", ""ML_Condition_ID"": ""P012_MC_BASE_77K"", ""Observation_ID"": ""P012_OBS_BASE_77K_condition"", ""Feature_Name"": ""FCC_lattice_a_XRD_A"", ""Recovered_Value"": 3.625, ""Units"": ""A"", ""Evidence_Type"": ""VERIFIED_WORKBOOK"", ""Evidence_Location"": ""Sec.3.5 pp.10-15; Conclusions p.18"", ""Confidence"": ""High"", ""Recovery_Status"": ""VERIFIED""}, {""Paper_ID"": ""P012"", ""DOI"": ""10.1016/j.jallcom.2022.165108"", ""Material_Parent_ID"": ""P012_MAT_BASE"", ""ML_Condition_ID"": ""P012_MC_BASE_77K"", ""Observation_ID"": ""P012_OBS_BASE_77K_condition"", ""Feature_Name"": ""Effective_TRIP"", ""Recovered_Value"": 1.0, ""Units"": ""binary"", ""Evidence_Type"": ""VERIFIED_WORKBOOK"", ""Evidence_Location"": ""Sec.3.5 pp.10-15; Conclusions p.18"", ""Confidence"": ""High"", ""Recovery_Status"": ""VERIFIED""}, {""Paper_ID"": ""P012"", ""DOI"": ""10.1016/j.jallcom.2022.165108"", ""Material_Parent_ID"": ""P012_MAT_BASE"", ""ML_Condition_ID"": ""P012_MC_BASE_77K"", ""Observation_ID"": ""P012_OBS_BASE_77K_condition"", ""Feature_Name"": ""Slip"", ""Recovered_Value"": 1, ""Units"": ""binary"", ""Evidence_Type"": ""VERIFIED_WORKBOOK"", ""Evidence_Location"": ""Sec.3.5 pp.10-15; Conclusions p.18"", ""Confidence"": ""High"", ""Recovery_Status"": ""VERIFIED""}]"
P012,10.1016/j.jallcom.2022.165108,Effects of carbon and molybdenum on the nanostructural evolution and strength/ductility trade-off in Fe40Mn40Co10Cr10 high-entropy alloys,P012_MC_MO_77K,,,,Mo1.7,Fe38.3Mn40.5Co9.7Cr9.8Mo1.7,at.% measured (nominal retained separately),38.3,40.5,9.7,9.8,,,,1.7,,,,,arc melted under high-purity Ar; remelted 5 times; hot rolled 1170 K/60%; homogenized 1473 K/1 h in Ar; water quenched; subsequent hot/cold rolling; final cold reduction 90%; solution annealed 1420 K/2 h; water quenched,arc melting under high-purity Ar; remelted five times,1473,1,1170,60,90,1420,120,water quench,77.0,0.001,9,3.4,2,,,,40,,,0,ANNEALING_TWIN,-6.0,,Thermodynamic Olson-Cohen-type calculation; CURRENT_PAPER_CALCULATED,-406,Thermodynamic software; CURRENT_PAPER_CALCULATED,,,,,,,,,1,,,Extended SFs at low strain → SIMT dominant at higher strain; no deformation twins observed,,,,,,,,,,,,,,,,,,SIMT becomes dominant; HCP fraction reaches 66.8% at 50% strain.,"No deformation twins are observed in the examined early-stage/0.2 microstructures, but condition-wide absence through the full tensile history is not explicitly demonstrated.",,,"Sec.3.5 pp.10-16; Figs.9,11,14; Conclusions p.18",High,,,P012_scientific_evidence_recovery_VERIFIED.xlsx,P012_ML_Conditions,,,,,,,P012_MC_MO_77K,P012_MC_MO_77K,P012_OBS_MO_77K_condition,EXPERIMENTAL,INDEPENDENT_CONDITION,,0,HIGH,,,,,,,,,,,1.0,,,,,,,,1.0,,P012_SERIES01,P012_MAT_MO,,,P012_SERIES01,P012_MAT_MO,,,P012_MC_MO_77K,,,,,,,,,,,,,,,,,,,,,,,,,,,,,,,,,,,,,,,,,,,,True,Fe38.3Mn40Co10Cr10Mo1.7,MEASURED_BULK,,,,,,single-phase FCC,DIRECT_EBSD_XRD_PHASE_IDENTITY; exact FCC fraction not numerically quantified,,,,,,,,,,,,,,,,,,0.528,ANNEALING_TWIN,,,,,,,,,,,3.634,,,,,,,,,,1.0,1.0,RECOVERED_EXACT_CONDITION,Fe38.3Mn40.5Co9.7Cr9.8Mo1.7,Wet chemical analysis,26,5,LATTICE_PARAMETER_ONLY; NOT_TENSILE_REPLICATES,3.4 x 2,parallel to rolling direction,,,,,TRIP_VERIFIED; TWIP_UNRESOLVED_CONDITION_LEVEL,"[{""Paper_ID"": ""P012"", ""DOI"": ""10.1016/j.jallcom.2022.165108"", ""Material_Parent_ID"": ""P012_MAT_MO"", ""ML_Condition_ID"": ""P012_MC_MO_77K"", ""Observation_ID"": ""P012_OBS_MO_77K_condition"", ""Feature_Name"": ""Fe_at%"", ""Recovered_Value"": 38.3, ""Units"": ""at.%"", ""Evidence_Type"": ""VERIFIED_WORKBOOK"", ""Evidence_Location"": ""Sec.3.5 pp.10-16; Figs.9,11,14; Conclusions p.18"", ""Confidence"": ""High"", ""Recovery_Status"": ""VERIFIED""}, {""Paper_ID"": ""P012"", ""DOI"": ""10.1016/j.jallcom.2022.165108"", ""Material_Parent_ID"": ""P012_MAT_MO"", ""ML_Condition_ID"": ""P012_MC_MO_77K"", ""Observation_ID"": ""P012_OBS_MO_77K_condition"", ""Feature_Name"": ""Mn_at%"", ""Recovered_Value"": 40.5, ""Units"": ""at.%"", ""Evidence_Type"": ""VERIFIED_WORKBOOK"", ""Evidence_Location"": ""Sec.3.5 pp.10-16; Figs.9,11,14; Conclusions p.18"", ""Confidence"": ""High"", ""Recovery_Status"": ""VERIFIED""}, {""Paper_ID"": ""P012"", ""DOI"": ""10.1016/j.jallcom.2022.165108"", ""Material_Parent_ID"": ""P012_MAT_MO"", ""ML_Condition_ID"": ""P012_MC_MO_77K"", ""Observation_ID"": ""P012_OBS_MO_77K_condition"", ""Feature_Name"": ""Co_at%"", ""Recovered_Value"": 9.7, ""Units"": ""at.%"", ""Evidence_Type"": ""VERIFIED_WORKBOOK"", ""Evidence_Location"": ""Sec.3.5 pp.10-16; Figs.9,11,14; Conclusions p.18"", ""Confidence"": ""High"", ""Recovery_Status"": ""VERIFIED""}, {""Paper_ID"": ""P012"", ""DOI"": ""10.1016/j.jallcom.2022.165108"", ""Material_Parent_ID"": ""P012_MAT_MO"", ""ML_Condition_ID"": ""P012_MC_MO_77K"", ""Observation_ID"": ""P012_OBS_MO_77K_condition"", ""Feature_Name"": ""Cr_at%"", ""Recovered_Value"": 9.8, ""Units"": ""at.%"", ""Evidence_Type"": ""VERIFIED_WORKBOOK"", ""Evidence_Location"": ""Sec.3.5 pp.10-16; Figs.9,11,14; Conclusions p.18"", ""Confidence"": ""High"", ""Recovery_Status"": ""VERIFIED""}, {""Paper_ID"": ""P012"", ""DOI"": ""10.1016/j.jallcom.2022.165108"", ""Material_Parent_ID"": ""P012_MAT_MO"", ""ML_Condition_ID"": ""P012_MC_MO_77K"", ""Observation_ID"": ""P012_OBS_MO_77K_condition"", ""Feature_Name"": ""Mo_at%"", ""Recovered_Value"": 1.7, ""Units"": ""at.%"", ""Evidence_Type"": ""VERIFIED_WORKBOOK"", ""Evidence_Location"": ""Sec.3.5 pp.10-16; Figs.9,11,14; Conclusions p.18"", ""Confidence"": ""High"", ""Recovery_Status"": ""VERIFIED""}, {""Paper_ID"": ""P012"", ""DOI"": ""10.1016/j.jallcom.2022.165108"", ""Material_Parent_ID"": ""P012_MAT_MO"", ""ML_Condition_ID"": ""P012_MC_MO_77K"", ""Observation_ID"": ""P012_OBS_MO_77K_condition"", ""Feature_Name"": ""SFE_mJ_m2"", ""Recovered_Value"": -6.0, ""Units"": ""mJ/m2"", ""Evidence_Type"": ""VERIFIED_WORKBOOK"", ""Evidence_Location"": ""Sec.3.5 pp.10-16; Figs.9,11,14; Conclusions p.18"", ""Confidence"": ""High"", ""Recovery_Status"": ""VERIFIED""}, {""Paper_ID"": ""P012"", ""DOI"": ""10.1016/j.jallcom.2022.165108"", ""Material_Parent_ID"": ""P012_MAT_MO"", ""ML_Condition_ID"": ""P012_MC_MO_77K"", ""Observation_ID"": ""P012_OBS_MO_77K_condition"", ""Feature_Name"": ""DeltaG_FCC_HCP_J_mol"", ""Recovered_Value"": -406, ""Units"": ""J/mol"", ""Evidence_Type"": ""VERIFIED_WORKBOOK"", ""Evidence_Location"": ""Sec.3.5 pp.10-16; Figs.9,11,14; Conclusions p.18"", ""Confidence"": ""High"", ""Recovery_Status"": ""VERIFIED""}, {""Paper_ID"": ""P012"", ""DOI"": ""10.1016/j.jallcom.2022.165108"", ""Material_Parent_ID"": ""P012_MAT_MO"", ""ML_Condition_ID"": ""P012_MC_MO_77K"", ""Observation_ID"": ""P012_OBS_MO_77K_condition"", ""Feature_Name"": ""Initial_HCP_fraction"", ""Recovered_Value"": 0, ""Units"": ""fraction"", ""Evidence_Type"": ""VERIFIED_WORKBOOK"", ""Evidence_Location"": ""Sec.3.5 pp.10-16; Figs.9,11,14; Conclusions p.18"", ""Confidence"": ""High"", ""Recovery_Status"": ""VERIFIED""}, {""Paper_ID"": ""P012"", ""DOI"": ""10.1016/j.jallcom.2022.165108"", ""Material_Parent_ID"": ""P012_MAT_MO"", ""ML_Condition_ID"": ""P012_MC_MO_77K"", ""Observation_ID"": ""P012_OBS_MO_77K_condition"", ""Feature_Name"": ""Initial_Sigma3_TB_fraction"", ""Recovered_Value"": 0.528, ""Units"": ""fraction"", ""Evidence_Type"": ""VERIFIED_WORKBOOK"", ""Evidence_Location"": ""Sec.3.5 pp.10-16; Figs.9,11,14; Conclusions p.18"", ""Confidence"": ""High"", ""Recovery_Status"": ""VERIFIED""}, {""Paper_ID"": ""P012"", ""DOI"": ""10.1016/j.jallcom.2022.165108"", ""Material_Parent_ID"": ""P012_MAT_MO"", ""ML_Condition_ID"": ""P012_MC_MO_77K"", ""Observation_ID"": ""P012_OBS_MO_77K_condition"", ""Feature_Name"": ""Grain_size_um"", ""Recovered_Value"": ""40"", ""Units"": ""um"", ""Evidence_Type"": ""VERIFIED_WORKBOOK"", ""Evidence_Location"": ""Sec.3.5 pp.10-16; Figs.9,11,14; Conclusions p.18"", ""Confidence"": ""High"", ""Recovery_Status"": ""VERIFIED""}, {""Paper_ID"": ""P012"", ""DOI"": ""10.1016/j.jallcom.2022.165108"", ""Material_Parent_ID"": ""P012_MAT_MO"", ""ML_Condition_ID"": ""P012_MC_MO_77K"", ""Observation_ID"": ""P012_OBS_MO_77K_condition"", ""Feature_Name"": ""Grain_Size_Including_TB_as_HAB_um"", ""Recovered_Value"": ""26"", ""Units"": ""um"", ""Evidence_Type"": ""VERIFIED_WORKBOOK"", ""Evidence_Location"": ""Sec.3.5 pp.10-16; Figs.9,11,14; Conclusions p.18"", ""Confidence"": ""High"", ""Recovery_Status"": ""VERIFIED""}, {""Paper_ID"": ""P012"", ""DOI"": ""10.1016/j.jallcom.2022.165108"", ""Material_Parent_ID"": ""P012_MAT_MO"", ""ML_Condition_ID"": ""P012_MC_MO_77K"", ""Observation_ID"": ""P012_OBS_MO_77K_condition"", ""Feature_Name"": ""FCC_lattice_a_XRD_A"", ""Recovered_Value"": 3.634, ""Units"": ""A"", ""Evidence_Type"": ""VERIFIED_WORKBOOK"", ""Evidence_Location"": ""Sec.3.5 pp.10-16; Figs.9,11,14; Conclusions p.18"", ""Confidence"": ""High"", ""Recovery_Status"": ""VERIFIED""}, {""Paper_ID"": ""P012"", ""DOI"": ""10.1016/j.jallcom.2022.165108"", ""Material_Parent_ID"": ""P012_MAT_MO"", ""ML_Condition_ID"": ""P012_MC_MO_77K"", ""Observation_ID"": ""P012_OBS_MO_77K_condition"", ""Feature_Name"": ""Effective_TRIP"", ""Recovered_Value"": 1.0, ""Units"": ""binary"", ""Evidence_Type"": ""VERIFIED_WORKBOOK"", ""Evidence_Location"": ""Sec.3.5 pp.10-16; Figs.9,11,14; Conclusions p.18"", ""Confidence"": ""High"", ""Recovery_Status"": ""VERIFIED""}, {""Paper_ID"": ""P012"", ""DOI"": ""10.1016/j.jallcom.2022.165108"", ""Material_Parent_ID"": ""P012_MAT_MO"", ""ML_Condition_ID"": ""P012_MC_MO_77K"", ""Observation_ID"": ""P012_OBS_MO_77K_condition"", ""Feature_Name"": ""Slip"", ""Recovered_Value"": 1, ""Units"": ""binary"", ""Evidence_Type"": ""VERIFIED_WORKBOOK"", ""Evidence_Location"": ""Sec.3.5 pp.10-16; Figs.9,11,14; Conclusions p.18"", ""Confidence"": ""High"", ""Recovery_Status"": ""VERIFIED""}]"
P012,10.1016/j.jallcom.2022.165108,Effects of carbon and molybdenum on the nanostructural evolution and strength/ductility trade-off in Fe40Mn40Co10Cr10 high-entropy alloys,P012_MC_C_77K,,,,C0.5_nominal,Fe39.13Mn41.23Co9.98Cr9.06C0.6,at.% measured (nominal retained separately),39.13,41.23,9.98,9.06,,,0.6,,,,,,arc melted under high-purity Ar; remelted 5 times; hot rolled 1170 K/60%; homogenized 1473 K/1 h in Ar; water quenched; subsequent hot/cold rolling; final cold reduction 90%; solution annealed 1420 K/2 h; water quenched,arc melting under high-purity Ar; remelted five times,1473,1,1170,60,90,1420,120,water quench,77.0,0.001,9,3.4,2,,,,34,,,0,ANNEALING_TWIN,-3.95,,Thermodynamic Olson-Cohen-type calculation; CURRENT_PAPER_CALCULATED,-370,Thermodynamic software; CURRENT_PAPER_CALCULATED,,,,,,,,,1,,,Sequential TWIP → combined TWIP/TRIP above ~0.2 true strain,,,,,510.0,,1022.0,,110.0,,,,,,,,,SIMT emerges above ~0.2; HCP reaches ~30% at 50% strain.,Nanotwins at 0.1 and simultaneous TWIP/TRIP at 0.2 and above.,,,Abstract; Sec.3.2 p.5; Sec.3.5 pp.13-17; Conclusions p.18,High,,,P012_scientific_evidence_recovery_VERIFIED.xlsx,P012_ML_Conditions,,,,,,,P012_MC_C_77K,P012_MC_C_77K,P012_OBS_C_77K_condition,EXPERIMENTAL,INDEPENDENT_CONDITION,,0,HIGH,,,,,,,,,,,1.0,1.0,,,,,,,1.0,1.0,P012_SERIES01,P012_MAT_C,,,P012_SERIES01,P012_MAT_C,,,P012_MC_C_77K,,,,,,,,,,,,,,,,,,,,,,,,,,,,,,,,,,,,,,,,,,,,True,Fe39.5Mn40Co10Cr10C0.5,MEASURED_BULK; actual C=0.6 at.%,,,,,,single-phase FCC,DIRECT_EBSD_XRD_PHASE_IDENTITY; exact FCC fraction not numerically quantified,,,,,,,,,,,,,,,,,,0.567,ANNEALING_TWIN,,,,,,,,,,,3.629,,,,,,,,,,1.0,1.0,RECOVERED_EXACT_CONDITION,Fe39.13Mn41.23Co9.98Cr9.06C0.6,Wet + Leco combustion analysis,23,5,LATTICE_PARAMETER_ONLY; NOT_TENSILE_REPLICATES,3.4 x 2,parallel to rolling direction,,,,,VERIFIED_JOINT,"[{""Paper_ID"": ""P012"", ""DOI"": ""10.1016/j.jallcom.2022.165108"", ""Material_Parent_ID"": ""P012_MAT_C"", ""ML_Condition_ID"": ""P012_MC_C_77K"", ""Observation_ID"": ""P012_OBS_C_77K_condition"", ""Feature_Name"": ""Fe_at%"", ""Recovered_Value"": 39.13, ""Units"": ""at.%"", ""Evidence_Type"": ""VERIFIED_WORKBOOK"", ""Evidence_Location"": ""Abstract; Sec.3.2 p.5; Sec.3.5 pp.13-17; Conclusions p.18"", ""Confidence"": ""High"", ""Recovery_Status"": ""VERIFIED""}, {""Paper_ID"": ""P012"", ""DOI"": ""10.1016/j.jallcom.2022.165108"", ""Material_Parent_ID"": ""P012_MAT_C"", ""ML_Condition_ID"": ""P012_MC_C_77K"", ""Observation_ID"": ""P012_OBS_C_77K_condition"", ""Feature_Name"": ""Mn_at%"", ""Recovered_Value"": 41.23, ""Units"": ""at.%"", ""Evidence_Type"": ""VERIFIED_WORKBOOK"", ""Evidence_Location"": ""Abstract; Sec.3.2 p.5; Sec.3.5 pp.13-17; Conclusions p.18"", ""Confidence"": ""High"", ""Recovery_Status"": ""VERIFIED""}, {""Paper_ID"": ""P012"", ""DOI"": ""10.1016/j.jallcom.2022.165108"", ""Material_Parent_ID"": ""P012_MAT_C"", ""ML_Condition_ID"": ""P012_MC_C_77K"", ""Observation_ID"": ""P012_OBS_C_77K_condition"", ""Feature_Name"": ""Co_at%"", ""Recovered_Value"": 9.98, ""Units"": ""at.%"", ""Evidence_Type"": ""VERIFIED_WORKBOOK"", ""Evidence_Location"": ""Abstract; Sec.3.2 p.5; Sec.3.5 pp.13-17; Conclusions p.18"", ""Confidence"": ""High"", ""Recovery_Status"": ""VERIFIED""}, {""Paper_ID"": ""P012"", ""DOI"": ""10.1016/j.jallcom.2022.165108"", ""Material_Parent_ID"": ""P012_MAT_C"", ""ML_Condition_ID"": ""P012_MC_C_77K"", ""Observation_ID"": ""P012_OBS_C_77K_condition"", ""Feature_Name"": ""Cr_at%"", ""Recovered_Value"": 9.06, ""Units"": ""at.%"", ""Evidence_Type"": ""VERIFIED_WORKBOOK"", ""Evidence_Location"": ""Abstract; Sec.3.2 p.5; Sec.3.5 pp.13-17; Conclusions p.18"", ""Confidence"": ""High"", ""Recovery_Status"": ""VERIFIED""}, {""Paper_ID"": ""P012"", ""DOI"": ""10.1016/j.jallcom.2022.165108"", ""Material_Parent_ID"": ""P012_MAT_C"", ""ML_Condition_ID"": ""P012_MC_C_77K"", ""Observation_ID"": ""P012_OBS_C_77K_condition"", ""Feature_Name"": ""C_at%"", ""Recovered_Value"": 0.6, ""Units"": ""at.%"", ""Evidence_Type"": ""VERIFIED_WORKBOOK"", ""Evidence_Location"": ""Abstract; Sec.3.2 p.5; Sec.3.5 pp.13-17; Conclusions p.18"", ""Confidence"": ""High"", ""Recovery_Status"": ""VERIFIED""}, {""Paper_ID"": ""P012"", ""DOI"": ""10.1016/j.jallcom.2022.165108"", ""Material_Parent_ID"": ""P012_MAT_C"", ""ML_Condition_ID"": ""P012_MC_C_77K"", ""Observation_ID"": ""P012_OBS_C_77K_condition"", ""Feature_Name"": ""SFE_mJ_m2"", ""Recovered_Value"": -3.95, ""Units"": ""mJ/m2"", ""Evidence_Type"": ""VERIFIED_WORKBOOK"", ""Evidence_Location"": ""Abstract; Sec.3.2 p.5; Sec.3.5 pp.13-17; Conclusions p.18"", ""Confidence"": ""High"", ""Recovery_Status"": ""VERIFIED""}, {""Paper_ID"": ""P012"", ""DOI"": ""10.1016/j.jallcom.2022.165108"", ""Material_Parent_ID"": ""P012_MAT_C"", ""ML_Condition_ID"": ""P012_MC_C_77K"", ""Observation_ID"": ""P012_OBS_C_77K_condition"", ""Feature_Name"": ""DeltaG_FCC_HCP_J_mol"", ""Recovered_Value"": -370, ""Units"": ""J/mol"", ""Evidence_Type"": ""VERIFIED_WORKBOOK"", ""Evidence_Location"": ""Abstract; Sec.3.2 p.5; Sec.3.5 pp.13-17; Conclusions p.18"", ""Confidence"": ""High"", ""Recovery_Status"": ""VERIFIED""}, {""Paper_ID"": ""P012"", ""DOI"": ""10.1016/j.jallcom.2022.165108"", ""Material_Parent_ID"": ""P012_MAT_C"", ""ML_Condition_ID"": ""P012_MC_C_77K"", ""Observation_ID"": ""P012_OBS_C_77K_condition"", ""Feature_Name"": ""YS_MPa"", ""Recovered_Value"": 510.0, ""Units"": ""MPa"", ""Evidence_Type"": ""VERIFIED_WORKBOOK"", ""Evidence_Location"": ""Abstract; Sec.3.2 p.5; Sec.3.5 pp.13-17; Conclusions p.18"", ""Confidence"": ""High"", ""Recovery_Status"": ""VERIFIED""}, {""Paper_ID"": ""P012"", ""DOI"": ""10.1016/j.jallcom.2022.165108"", ""Material_Parent_ID"": ""P012_MAT_C"", ""ML_Condition_ID"": ""P012_MC_C_77K"", ""Observation_ID"": ""P012_OBS_C_77K_condition"", ""Feature_Name"": ""UTS_MPa"", ""Recovered_Value"": 1022.0, ""Units"": ""MPa"", ""Evidence_Type"": ""VERIFIED_WORKBOOK"", ""Evidence_Location"": ""Abstract; Sec.3.2 p.5; Sec.3.5 pp.13-17; Conclusions p.18"", ""Confidence"": ""High"", ""Recovery_Status"": ""VERIFIED""}, {""Paper_ID"": ""P012"", ""DOI"": ""10.1016/j.jallcom.2022.165108"", ""Material_Parent_ID"": ""P012_MAT_C"", ""ML_Condition_ID"": ""P012_MC_C_77K"", ""Observation_ID"": ""P012_OBS_C_77K_condition"", ""Feature_Name"": ""Elongation_pct"", ""Recovered_Value"": 110.0, ""Units"": ""%"", ""Evidence_Type"": ""VERIFIED_WORKBOOK"", ""Evidence_Location"": ""Abstract; Sec.3.2 p.5; Sec.3.5 pp.13-17; Conclusions p.18"", ""Confidence"": ""High"", ""Recovery_Status"": ""VERIFIED""}, {""Paper_ID"": ""P012"", ""DOI"": ""10.1016/j.jallcom.2022.165108"", ""Material_Parent_ID"": ""P012_MAT_C"", ""ML_Condition_ID"": ""P012_MC_C_77K"", ""Observation_ID"": ""P012_OBS_C_77K_condition"", ""Feature_Name"": ""Initial_HCP_fraction"", ""Recovered_Value"": 0, ""Units"": ""fraction"", ""Evidence_Type"": ""VERIFIED_WORKBOOK"", ""Evidence_Location"": ""Abstract; Sec.3.2 p.5; Sec.3.5 pp.13-17; Conclusions p.18"", ""Confidence"": ""High"", ""Recovery_Status"": ""VERIFIED""}, {""Paper_ID"": ""P012"", ""DOI"": ""10.1016/j.jallcom.2022.165108"", ""Material_Parent_ID"": ""P012_MAT_C"", ""ML_Condition_ID"": ""P012_MC_C_77K"", ""Observation_ID"": ""P012_OBS_C_77K_condition"", ""Feature_Name"": ""Initial_Sigma3_TB_fraction"", ""Recovered_Value"": 0.567, ""Units"": ""fraction"", ""Evidence_Type"": ""VERIFIED_WORKBOOK"", ""Evidence_Location"": ""Abstract; Sec.3.2 p.5; Sec.3.5 pp.13-17; Conclusions p.18"", ""Confidence"": ""High"", ""Recovery_Status"": ""VERIFIED""}, {""Paper_ID"": ""P012"", ""DOI"": ""10.1016/j.jallcom.2022.165108"", ""Material_Parent_ID"": ""P012_MAT_C"", ""ML_Condition_ID"": ""P012_MC_C_77K"", ""Observation_ID"": ""P012_OBS_C_77K_condition"", ""Feature_Name"": ""Grain_size_um"", ""Recovered_Value"": ""34"", ""Units"": ""um"", ""Evidence_Type"": ""VERIFIED_WORKBOOK"", ""Evidence_Location"": ""Abstract; Sec.3.2 p.5; Sec.3.5 pp.13-17; Conclusions p.18"", ""Confidence"": ""High"", ""Recovery_Status"": ""VERIFIED""}, {""Paper_ID"": ""P012"", ""DOI"": ""10.1016/j.jallcom.2022.165108"", ""Material_Parent_ID"": ""P012_MAT_C"", ""ML_Condition_ID"": ""P012_MC_C_77K"", ""Observation_ID"": ""P012_OBS_C_77K_condition"", ""Feature_Name"": ""Grain_Size_Including_TB_as_HAB_um"", ""Recovered_Value"": ""23"", ""Units"": ""um"", ""Evidence_Type"": ""VERIFIED_WORKBOOK"", ""Evidence_Location"": ""Abstract; Sec.3.2 p.5; Sec.3.5 pp.13-17; Conclusions p.18"", ""Confidence"": ""High"", ""Recovery_Status"": ""VERIFIED""}, {""Paper_ID"": ""P012"", ""DOI"": ""10.1016/j.jallcom.2022.165108"", ""Material_Parent_ID"": ""P012_MAT_C"", ""ML_Condition_ID"": ""P012_MC_C_77K"", ""Observation_ID"": ""P012_OBS_C_77K_condition"", ""Feature_Name"": ""FCC_lattice_a_XRD_A"", ""Recovered_Value"": 3.629, ""Units"": ""A"", ""Evidence_Type"": ""VERIFIED_WORKBOOK"", ""Evidence_Location"": ""Abstract; Sec.3.2 p.5; Sec.3.5 pp.13-17; Conclusions p.18"", ""Confidence"": ""High"", ""Recovery_Status"": ""VERIFIED""}, {""Paper_ID"": ""P012"", ""DOI"": ""10.1016/j.jallcom.2022.165108"", ""Material_Parent_ID"": ""P012_MAT_C"", ""ML_Condition_ID"": ""P012_MC_C_77K"", ""Observation_ID"": ""P012_OBS_C_77K_condition"", ""Feature_Name"": ""Effective_TRIP"", ""Recovered_Value"": 1.0, ""Units"": ""binary"", ""Evidence_Type"": ""VERIFIED_WORKBOOK"", ""Evidence_Location"": ""Abstract; Sec.3.2 p.5; Sec.3.5 pp.13-17; Conclusions p.18"", ""Confidence"": ""High"", ""Recovery_Status"": ""VERIFIED""}, {""Paper_ID"": ""P012"", ""DOI"": ""10.1016/j.jallcom.2022.165108"", ""Material_Parent_ID"": ""P012_MAT_C"", ""ML_Condition_ID"": ""P012_MC_C_77K"", ""Observation_ID"": ""P012_OBS_C_77K_condition"", ""Feature_Name"": ""Effective_TWIP"", ""Recovered_Value"": 1.0, ""Units"": ""binary"", ""Evidence_Type"": ""VERIFIED_WORKBOOK"", ""Evidence_Location"": ""Abstract; Sec.3.2 p.5; Sec.3.5 pp.13-17; Conclusions p.18"", ""Confidence"": ""High"", ""Recovery_Status"": ""VERIFIED""}, {""Paper_ID"": ""P012"", ""DOI"": ""10.1016/j.jallcom.2022.165108"", ""Material_Parent_ID"": ""P012_MAT_C"", ""ML_Condition_ID"": ""P012_MC_C_77K"", ""Observation_ID"": ""P012_OBS_C_77K_condition"", ""Feature_Name"": ""Slip"", ""Recovered_Value"": 1, ""Units"": ""binary"", ""Evidence_Type"": ""VERIFIED_WORKBOOK"", ""Evidence_Location"": ""Abstract; Sec.3.2 p.5; Sec.3.5 pp.13-17; Conclusions p.18"", ""Confidence"": ""High"", ""Recovery_Status"": ""VERIFIED""}]"
P012,10.1016/j.jallcom.2022.165108,Effects of carbon and molybdenum on the nanostructural evolution and strength/ductility trade-off in Fe40Mn40Co10Cr10 high-entropy alloys,P012_OBS_BASE_RT_eps005,,,,Base,,,,,,,,,,,,,,,,,,,,,,,,,298.0,,,,,0.05,,true strain 0.05,,,,,,,,,,,,,,,,,,,1,,,,,,,,,,,,,,,,,,,,,,,,,Fig.5; p.7,High,,,P012_scientific_evidence_recovery_VERIFIED.xlsx,P012_Stage_Observations,,,,,,,P012_MC_BASE_RT,,P012_OBS_BASE_RT_eps005,EXPERIMENTAL,REPEATED_STAGE,P012_OBS_BASE_RT_eps005,,HIGH,,,,,,,,,,,,0.0,,,,,,,,0.0,P012_SERIES01,P012_MAT_BASE,,,P012_SERIES01,P012_MAT_BASE,,,P012_MC_BASE_RT,,,,,,,,,,,,,,,,,,,,,,,,,,,,,,,,,,,,,,,,,,,,False,,,,,,,,,,,,,,,,,,,,,,,,,,,,ANNEALING_TWIN,,,,,,,,,,,,,,,,,,,,,,,RECOVERED_STAGE_CHILD,,,,,,,,,,,Loosely knit dislocations/dislocation clusters; mechanical twins not observed,,
P012,10.1016/j.jallcom.2022.165108,Effects of carbon and molybdenum on the nanostructural evolution and strength/ductility trade-off in Fe40Mn40Co10Cr10 high-entropy alloys,P012_OBS_BASE_RT_eps010,,,,Base,,,,,,,,,,,,,,,,,,,,,,,,,298.0,,,,,0.1,,true strain 0.1,,,,,,,,,,,,,,,,,,,1,,,,,,,,,,,,,,,,,,,,,,,,,Fig.5; pp.7-9,High,,,P012_scientific_evidence_recovery_VERIFIED.xlsx,P012_Stage_Observations,,,,,,,P012_MC_BASE_RT,,P012_OBS_BASE_RT_eps010,EXPERIMENTAL,REPEATED_STAGE,P012_OBS_BASE_RT_eps010,,HIGH,,,,,,,,,,,,1.0,,,,,,,,1.0,P012_SERIES01,P012_MAT_BASE,,,P012_SERIES01,P012_MAT_BASE,,,P012_MC_BASE_RT,,,,,,,,,,,,,,,,,,,,,,,,,,,,,,,,,,,,,,,,,,,,False,,,,,,,,,,,,,,,,,,,,,,,,,,,,ANNEALING_TWIN,,,,,,,,,,,,,,,,10.0,,,,,,,RECOVERED_STAGE_CHILD,,,,,,,,,,,Planar dislocation arrays + deformation nanotwins (~10 nm),,
P012,10.1016/j.jallcom.2022.165108,Effects of carbon and molybdenum on the nanostructural evolution and strength/ductility trade-off in Fe40Mn40Co10Cr10 high-entropy alloys,P012_OBS_BASE_RT_eps020,,,,Base,,,,,,,,,,,,,,,,,,,,,,,,,298.0,,,,,0.2,,true strain 0.2,,,,,,,,,,,,,,,,,,,1,,,,0.0,,,,,,,,,,,,,,,,,,,,,Fig.6; pp.8-9,High,,,P012_scientific_evidence_recovery_VERIFIED.xlsx,P012_Stage_Observations,,,,,,,P012_MC_BASE_RT,,P012_OBS_BASE_RT_eps020,EXPERIMENTAL,REPEATED_STAGE,P012_OBS_BASE_RT_eps020,,HIGH,,,,,,,,,,,0.0,1.0,,,,,,,0.0,1.0,P012_SERIES01,P012_MAT_BASE,,,P012_SERIES01,P012_MAT_BASE,,,P012_MC_BASE_RT,,,,,,,,,,,,,,,,,,,,,,,,,,,,,,,,,,,,,,,,,,,,False,,,,,,,,,,,,,,,,,,,,,,,,,,,,ANNEALING_TWIN,,,,,,,,,,,,,,,,,,,,,,,RECOVERED_STAGE_CHILD,,,,,,,,139000000000000.0,,,Single FCC phase + narrow deformation-twin bands,,
P012,10.1016/j.jallcom.2022.165108,Effects of carbon and molybdenum on the nanostructural evolution and strength/ductility trade-off in Fe40Mn40Co10Cr10 high-entropy alloys,P012_OBS_BASE_RT_eps045,,,,Base,,,,,,,,,,,,,,,,,,,,,,,,,298.0,,,,,0.45,,true strain 0.45,,,,,,,,,,,,,,,,,,,1,,,,,,,,,,,,,,,,,,,,,,,,,Fig.7; pp.8-10,High,,,P012_scientific_evidence_recovery_VERIFIED.xlsx,P012_Stage_Observations,,,,,,,P012_MC_BASE_RT,,P012_OBS_BASE_RT_eps045,EXPERIMENTAL,REPEATED_STAGE,P012_OBS_BASE_RT_eps045,,HIGH,,,,,,,,,,,,1.0,,,,,,,,1.0,P012_SERIES01,P012_MAT_BASE,,,P012_SERIES01,P012_MAT_BASE,,,P012_MC_BASE_RT,,,,,,,,,,,,,,,,,,,,,,,,,,,,,,,,,,,,,,,,,,,,False,,,,,,,,,,,,,,,,,,,,,,,,,,,,ANNEALING_TWIN,,,,,,,,,,,,,,,,,,,,,,,RECOVERED_STAGE_CHILD,,,,,,,,,,,Intense deformation twinning; secondary/hierarchical twins at high strain,,
P012,10.1016/j.jallcom.2022.165108,Effects of carbon and molybdenum on the nanostructural evolution and strength/ductility trade-off in Fe40Mn40Co10Cr10 high-entropy alloys,P012_OBS_MO_RT_eps005,,,,Mo1.7,,,,,,,,,,,,,,,,,,,,,,,,,298.0,,,,,0.05,,true strain 0.05,,,,,,,,,,,,,,,,,,,1,,,,,,,,,,,,,,,,,,,,,,,,,Fig.5; p.7,High,,,P012_scientific_evidence_recovery_VERIFIED.xlsx,P012_Stage_Observations,,,,,,,P012_MC_MO_RT,,P012_OBS_MO_RT_eps005,EXPERIMENTAL,REPEATED_STAGE,P012_OBS_MO_RT_eps005,,HIGH,,,,,,,,,,,,0.0,,,,,,,,0.0,P012_SERIES01,P012_MAT_MO,,,P012_SERIES01,P012_MAT_MO,,,P012_MC_MO_RT,,,,,,,,,,,,,,,,,,,,,,,,,,,,,,,,,,,,,,,,,,,,False,,,,,,,,,,,,,,,,,,,,,,,,,,,,ANNEALING_TWIN,,,,,,,,,,,,,,,,,,,,,,,RECOVERED_STAGE_CHILD,,,,,,,,,,,Loosely knit dislocations/dislocation clusters; mechanical twins not observed,,
P012,10.1016/j.jallcom.2022.165108,Effects of carbon and molybdenum on the nanostructural evolution and strength/ductility trade-off in Fe40Mn40Co10Cr10 high-entropy alloys,P012_OBS_MO_RT_eps010,,,,Mo1.7,,,,,,,,,,,,,,,,,,,,,,,,,298.0,,,,,0.1,,true strain 0.1,,,,,,,,,,,,,,,,,,,1,,,,,,,,,,,,,,,,,,,,,,,,,Fig.5; pp.7-9,High,,,P012_scientific_evidence_recovery_VERIFIED.xlsx,P012_Stage_Observations,,,,,,,P012_MC_MO_RT,,P012_OBS_MO_RT_eps010,EXPERIMENTAL,REPEATED_STAGE,P012_OBS_MO_RT_eps010,,HIGH,,,,,,,,,,,,1.0,,,,,,,,1.0,P012_SERIES01,P012_MAT_MO,,,P012_SERIES01,P012_MAT_MO,,,P012_MC_MO_RT,,,,,,,,,,,,,,,,,,,,,,,,,,,,,,,,,,,,,,,,,,,,False,,,,,,,,,,,,,,,,,,,,,,,,,,,,ANNEALING_TWIN,,,,,,,,,,,,,,,,10.0,,,,,,,RECOVERED_STAGE_CHILD,,,,,,,,,,,Planar dislocation arrays + deformation nanotwins (~10 nm),,
P012,10.1016/j.jallcom.2022.165108,Effects of carbon and molybdenum on the nanostructural evolution and strength/ductility trade-off in Fe40Mn40Co10Cr10 high-entropy alloys,P012_OBS_MO_RT_eps020,,,,Mo1.7,,,,,,,,,,,,,,,,,,,,,,,,,298.0,,,,,0.2,,true strain 0.2,,,,,,,,,,,,,,,,,,,1,,,,0.0,,,,,,,,,,,,,,,,,,,,,Fig.6; pp.8-9,High,,,P012_scientific_evidence_recovery_VERIFIED.xlsx,P012_Stage_Observations,,,,,,,P012_MC_MO_RT,,P012_OBS_MO_RT_eps020,EXPERIMENTAL,REPEATED_STAGE,P012_OBS_MO_RT_eps020,,HIGH,,,,,,,,,,,0.0,1.0,,,,,,,0.0,1.0,P012_SERIES01,P012_MAT_MO,,,P012_SERIES01,P012_MAT_MO,,,P012_MC_MO_RT,,,,,,,,,,,,,,,,,,,,,,,,,,,,,,,,,,,,,,,,,,,,False,,,,,,,,,,,,,,,,,,,,,,,,,,,,ANNEALING_TWIN,,,,,,,,,,,,,,,,,,,,,,,RECOVERED_STAGE_CHILD,,,,,,,,280000000000000.0,,,Single FCC phase + narrow deformation-twin bands,,
P012,10.1016/j.jallcom.2022.165108,Effects of carbon and molybdenum on the nanostructural evolution and strength/ductility trade-off in Fe40Mn40Co10Cr10 high-entropy alloys,P012_OBS_MO_RT_eps045,,,,Mo1.7,,,,,,,,,,,,,,,,,,,,,,,,,298.0,,,,,0.45,,true strain 0.45,,,,,,,,,,,,,,,,,,,1,,,,,,,,,,,,,,,,,,,,,,,,,Fig.7; pp.8-10,High,,,P012_scientific_evidence_recovery_VERIFIED.xlsx,P012_Stage_Observations,,,,,,,P012_MC_MO_RT,,P012_OBS_MO_RT_eps045,EXPERIMENTAL,REPEATED_STAGE,P012_OBS_MO_RT_eps045,,HIGH,,,,,,,,,,,,1.0,,,,,,,,1.0,P012_SERIES01,P012_MAT_MO,,,P012_SERIES01,P012_MAT_MO,,,P012_MC_MO_RT,,,,,,,,,,,,,,,,,,,,,,,,,,,,,,,,,,,,,,,,,,,,False,,,,,,,,,,,,,,,,,,,,,,,,,,,,ANNEALING_TWIN,,,,,,,,,,,,,,,,,,,,,,,RECOVERED_STAGE_CHILD,,,,,,,,,,,Intense deformation twinning; secondary/hierarchical twins at high strain,,
P012,10.1016/j.jallcom.2022.165108,Effects of carbon and molybdenum on the nanostructural evolution and strength/ductility trade-off in Fe40Mn40Co10Cr10 high-entropy alloys,P012_OBS_C_RT_eps005,,,,C0.5_nominal,,,,,,,,,,,,,,,,,,,,,,,,,298.0,,,,,0.05,,true strain 0.05,,,,,,,,,,,,,,,,,,,1,,,,,,,,,,,,,,,,,,,,,,,,,Fig.5; p.7,High,,,P012_scientific_evidence_recovery_VERIFIED.xlsx,P012_Stage_Observations,,,,,,,P012_MC_C_RT,,P012_OBS_C_RT_eps005,EXPERIMENTAL,REPEATED_STAGE,P012_OBS_C_RT_eps005,,HIGH,,,,,,,,,,,,0.0,,,,,,,,0.0,P012_SERIES01,P012_MAT_C,,,P012_SERIES01,P012_MAT_C,,,P012_MC_C_RT,,,,,,,,,,,,,,,,,,,,,,,,,,,,,,,,,,,,,,,,,,,,False,,,,,,,,,,,,,,,,,,,,,,,,,,,,ANNEALING_TWIN,,,,,,,,,,,,,,,,,,,,,,,RECOVERED_STAGE_CHILD,,,,,,,,,,,Loosely knit dislocations/dislocation clusters; mechanical twins not observed,,
P012,10.1016/j.jallcom.2022.165108,Effects of carbon and molybdenum on the nanostructural evolution and strength/ductility trade-off in Fe40Mn40Co10Cr10 high-entropy alloys,P012_OBS_C_RT_eps010,,,,C0.5_nominal,,,,,,,,,,,,,,,,,,,,,,,,,298.0,,,,,0.1,,true strain 0.1,,,,,,,,,,,,,,,,,,,1,,,,,,,,,,,,,,,,,,,,,,,,,Fig.5; pp.7-9,High,,,P012_scientific_evidence_recovery_VERIFIED.xlsx,P012_Stage_Observations,,,,,,,P012_MC_C_RT,,P012_OBS_C_RT_eps010,EXPERIMENTAL,REPEATED_STAGE,P012_OBS_C_RT_eps010,,HIGH,,,,,,,,,,,,1.0,,,,,,,,1.0,P012_SERIES01,P012_MAT_C,,,P012_SERIES01,P012_MAT_C,,,P012_MC_C_RT,,,,,,,,,,,,,,,,,,,,,,,,,,,,,,,,,,,,,,,,,,,,False,,,,,,,,,,,,,,,,,,,,,,,,,,,,ANNEALING_TWIN,,,,,,,,,,,,,,,,10.0,,,,,,,RECOVERED_STAGE_CHILD,,,,,,,,,,,Planar dislocation arrays + deformation nanotwins (~10 nm),,
P012,10.1016/j.jallcom.2022.165108,Effects of carbon and molybdenum on the nanostructural evolution and strength/ductility trade-off in Fe40Mn40Co10Cr10 high-entropy alloys,P012_OBS_C_RT_eps020,,,,C0.5_nominal,,,,,,,,,,,,,,,,,,,,,,,,,298.0,,,,,0.2,,true strain 0.2,,,,,,,,,,,,,,,,,,,1,,,,0.0,,,,,,,,,,,,,,,,,,,,,Fig.6; pp.8-9,High,,,P012_scientific_evidence_recovery_VERIFIED.xlsx,P012_Stage_Observations,,,,,,,P012_MC_C_RT,,P012_OBS_C_RT_eps020,EXPERIMENTAL,REPEATED_STAGE,P012_OBS_C_RT_eps020,,HIGH,,,,,,,,,,,0.0,1.0,,,,,,,0.0,1.0,P012_SERIES01,P012_MAT_C,,,P012_SERIES01,P012_MAT_C,,,P012_MC_C_RT,,,,,,,,,,,,,,,,,,,,,,,,,,,,,,,,,,,,,,,,,,,,False,,,,,,,,,,,,,,,,,,,,,,,,,,,,ANNEALING_TWIN,,,,,,,,,,,,,,,,,,,,,,,RECOVERED_STAGE_CHILD,,,,,,,,370000000000000.0,,,Single FCC phase + narrow deformation-twin bands,,
P012,10.1016/j.jallcom.2022.165108,Effects of carbon and molybdenum on the nanostructural evolution and strength/ductility trade-off in Fe40Mn40Co10Cr10 high-entropy alloys,P012_OBS_C_RT_eps045,,,,C0.5_nominal,,,,,,,,,,,,,,,,,,,,,,,,,298.0,,,,,0.45,,true strain 0.45,,,,,,,,,,,,,,,,,,,1,,,,,,,,,,,,,,,,,,,,,,,,,Fig.7; pp.8-10,High,,,P012_scientific_evidence_recovery_VERIFIED.xlsx,P012_Stage_Observations,,,,,,,P012_MC_C_RT,,P012_OBS_C_RT_eps045,EXPERIMENTAL,REPEATED_STAGE,P012_OBS_C_RT_eps045,,HIGH,,,,,,,,,,,,1.0,,,,,,,,1.0,P012_SERIES01,P012_MAT_C,,,P012_SERIES01,P012_MAT_C,,,P012_MC_C_RT,,,,,,,,,,,,,,,,,,,,,,,,,,,,,,,,,,,,,,,,,,,,False,,,,,,,,,,,,,,,,,,,,,,,,,,,,ANNEALING_TWIN,,,,,,,,,,,,,,,,,,,,,,,RECOVERED_STAGE_CHILD,,,,,,,,,,,Intense deformation twinning; secondary/hierarchical twins at high strain,,
P012,10.1016/j.jallcom.2022.165108,Effects of carbon and molybdenum on the nanostructural evolution and strength/ductility trade-off in Fe40Mn40Co10Cr10 high-entropy alloys,P012_OBS_BASE_77_eps020,,,,Base,,,,,,,,,,,,,,,,,,,,,,,,,77.0,,,,,0.2,,true strain 0.2,,,,,,,,,,,,,,,,,,,1,,,,,,,,,,,,,,,,,,,,,,,,,"Figs.10,13; pp.12,14-15",High,,,P012_scientific_evidence_recovery_VERIFIED.xlsx,P012_Stage_Observations,,,,,,,P012_MC_BASE_77K,,P012_OBS_BASE_77_eps020,EXPERIMENTAL,REPEATED_STAGE,P012_OBS_BASE_77_eps020,,HIGH,,,,,,,,,,,1.0,0.0,,,,,,,1.0,0.0,P012_SERIES01,P012_MAT_BASE,,,P012_SERIES01,P012_MAT_BASE,,,P012_MC_BASE_77K,,,,,,,,,,,,,,,,,,,,,,,,,,,,,,,,,,,,,,,,,,,,False,,,,,,,,,,,,,,,,,,,,,,,,,,,,ANNEALING_TWIN,,,,,,,,,,,,,,,,,,,,,,,RECOVERED_STAGE_CHILD,,,,,,,,,1.3 ± 0.4 µm (EBSD-scale laths); 13 nm nano-laths by HRTEM,80.0,SIMT in most grains; no microscale mechanical twins observed,,
P012,10.1016/j.jallcom.2022.165108,Effects of carbon and molybdenum on the nanostructural evolution and strength/ductility trade-off in Fe40Mn40Co10Cr10 high-entropy alloys,P012_OBS_MO_77_eps010,,,,Mo1.7,,,,,,,,,,,,,,,,,,,,,,,,,77.0,,,,,0.1,,true strain 0.1,,,,,,,,,,,,,,,,,,,1,,,,,,,,,,,,,,,,,,,,,,,,,Fig.14a; pp.14-16,High,,,P012_scientific_evidence_recovery_VERIFIED.xlsx,P012_Stage_Observations,,,,,,,P012_MC_MO_77K,,P012_OBS_MO_77_eps010,EXPERIMENTAL,REPEATED_STAGE,P012_OBS_MO_77_eps010,,HIGH,,,,,,,,,,,0.0,0.0,,,,,,,0.0,0.0,P012_SERIES01,P012_MAT_MO,,,P012_SERIES01,P012_MAT_MO,,,P012_MC_MO_77K,,,,,,,,,,,,,,,,,,,,,,,,,,,,,,,,,,,,,,,,,,,,False,,,,,,,,,,,,,,,,,,,,,,,,,,,,ANNEALING_TWIN,,,,,,,,,,,,,,,,,,,,,,,RECOVERED_STAGE_CHILD,,,,,,,,,,,FCC with extended stacking faults; no SIMT; no deformation twins observed in early stage,,
P012,10.1016/j.jallcom.2022.165108,Effects of carbon and molybdenum on the nanostructural evolution and strength/ductility trade-off in Fe40Mn40Co10Cr10 high-entropy alloys,P012_OBS_MO_77_eps020,,,,Mo1.7,,,,,,,,,,,,,,,,,,,,,,,,,77.0,,,,,0.2,,true strain 0.2,,,,,,,,,,,,,,,,,,,1,,,,,,,,,,,,,,,,,,,,,,,,,"Figs.11,14; pp.12-16",High,,,P012_scientific_evidence_recovery_VERIFIED.xlsx,P012_Stage_Observations,,,,,,,P012_MC_MO_77K,,P012_OBS_MO_77_eps020,EXPERIMENTAL,REPEATED_STAGE,P012_OBS_MO_77_eps020,,HIGH,,,,,,,,,,,1.0,0.0,,,,,,,1.0,0.0,P012_SERIES01,P012_MAT_MO,,,P012_SERIES01,P012_MAT_MO,,,P012_MC_MO_77K,,,,,,,,,,,,,,,,,,,,,,,,,,,,,,,,,,,,,,,,,,,,False,,,,,,,,,,,,,,,,,,,,,,,,,,,,ANNEALING_TWIN,,,,,,,,,,,,,,,,,,,,,,,RECOVERED_STAGE_CHILD,,,,,,,,,70,20.0,SIMT with ε-martensite laths; γ nanolaminates (~15 nm) remain between martensite bands,,
P012,10.1016/j.jallcom.2022.165108,Effects of carbon and molybdenum on the nanostructural evolution and strength/ductility trade-off in Fe40Mn40Co10Cr10 high-entropy alloys,P012_OBS_MO_77_eps050,,,,Mo1.7,,,,,,,,,,,,,,,,,,,,,,,,,77.0,,,,,0.5,,true strain 0.5,,,,,,,,,,,,,,,,,,,1,,,,0.668,,,,,,,,,,,,,,,,,,,,,Fig.9; p.11,High,,,P012_scientific_evidence_recovery_VERIFIED.xlsx,P012_Stage_Observations,,,,,,,P012_MC_MO_77K,,P012_OBS_MO_77_eps050,EXPERIMENTAL,REPEATED_STAGE,P012_OBS_MO_77_eps050,,HIGH,,,,,,,,,,,1.0,0.0,,,,,,,1.0,0.0,P012_SERIES01,P012_MAT_MO,,,P012_SERIES01,P012_MAT_MO,,,P012_MC_MO_77K,,,,,,,,,,,,,,,,,,,,,,,,,,,,,,,,,,,,,,,,,,,,False,,,,,,,,,,,,,,,,,,,,,,,,,,,,ANNEALING_TWIN,,,,,,,,,,,,,,,,,,,,,,,RECOVERED_STAGE_CHILD,,,,,,,,,,,High ε-martensite fraction at 50% strain,,
P012,10.1016/j.jallcom.2022.165108,Effects of carbon and molybdenum on the nanostructural evolution and strength/ductility trade-off in Fe40Mn40Co10Cr10 high-entropy alloys,P012_OBS_C_77_eps010,,,,C0.5_nominal,,,,,,,,,,,,,,,,,,,,,,,,,77.0,,,,,0.1,,true strain 0.1,,,,,,,,,,,,,,,,,,,1,,,,,0.0189,,,,,,,,,,,,,,,,,,,,Fig.15a; pp.15-16; twin fraction text p.14,High,,,P012_scientific_evidence_recovery_VERIFIED.xlsx,P012_Stage_Observations,,,,,,,P012_MC_C_77K,,P012_OBS_C_77_eps010,EXPERIMENTAL,REPEATED_STAGE,P012_OBS_C_77_eps010,,HIGH,,,,,,,,,,,0.0,1.0,,,,,,,0.0,1.0,P012_SERIES01,P012_MAT_C,,,P012_SERIES01,P012_MAT_C,,,P012_MC_C_77K,,,,,,,,,,,,,,,,,,,,,,,,,,,,,,,,,,,,,,,,,,,,False,,,,,,,,,,,,,,,,,,,,,,,,,,,,ANNEALING_TWIN,,,,,,,,,,,,,,,,10.0,,,,,,,RECOVERED_STAGE_CHILD,,,,,,,,,,,Deformation nanotwins; no SIMT,,
P012,10.1016/j.jallcom.2022.165108,Effects of carbon and molybdenum on the nanostructural evolution and strength/ductility trade-off in Fe40Mn40Co10Cr10 high-entropy alloys,P012_OBS_C_77_eps020,,,,C0.5_nominal,,,,,,,,,,,,,,,,,,,,,,,,,77.0,,,,,0.2,,true strain 0.2,,,,,,,,,,,,,,,,,,,1,,,,,,,,,,,,,,,,,,,,,,,,,"Figs.12,15; pp.13-17",High,,,P012_scientific_evidence_recovery_VERIFIED.xlsx,P012_Stage_Observations,,,,,,,P012_MC_C_77K,,P012_OBS_C_77_eps020,EXPERIMENTAL,REPEATED_STAGE,P012_OBS_C_77_eps020,,HIGH,,,,,,,,,,,1.0,1.0,,,,,,,1.0,1.0,P012_SERIES01,P012_MAT_C,,,P012_SERIES01,P012_MAT_C,,,P012_MC_C_77K,,,,,,,,,,,,,,,,,,,,,,,,,,,,,,,,,,,,,,,,,,,,False,,,,,,,,,,,,,,,,,,,,,,,,,,,,ANNEALING_TWIN,,,,,,,,,,,,,,,,35.0,,,,,,,RECOVERED_STAGE_CHILD,,,,,,,,,8,,Complex TWIP/TRIP structure: deformation nanotwins + ε nano-laths + γ nanolaminates,,
P012,10.1016/j.jallcom.2022.165108,Effects of carbon and molybdenum on the nanostructural evolution and strength/ductility trade-off in Fe40Mn40Co10Cr10 high-entropy alloys,P012_OBS_C_77_eps040,,,,C0.5_nominal,,,,,,,,,,,,,,,,,,,,,,,,,77.0,,,,,0.4,,true strain 0.4,,,,,,,,,,,,,,,,,,,1,,,,,0.085,,,,,,,,,,,,,,,,,,,,p.14 + Fig.S2 referenced; pp.16-17,High,,,P012_scientific_evidence_recovery_VERIFIED.xlsx,P012_Stage_Observations,,,,,,,P012_MC_C_77K,,P012_OBS_C_77_eps040,EXPERIMENTAL,REPEATED_STAGE,P012_OBS_C_77_eps040,,HIGH,,,,,,,,,,,1.0,1.0,,,,,,,1.0,1.0,P012_SERIES01,P012_MAT_C,,,P012_SERIES01,P012_MAT_C,,,P012_MC_C_77K,,,,,,,,,,,,,,,,,,,,,,,,,,,,,,,,,,,,,,,,,,,,False,,,,,,,,,,,,,,,,,,,,,,,,,,,,ANNEALING_TWIN,,,,,,,,,,,,,,,,,,,,,,,RECOVERED_STAGE_CHILD,,,,,,,,,,,Combined TWIP/TRIP at higher strain,,
P012,10.1016/j.jallcom.2022.165108,Effects of carbon and molybdenum on the nanostructural evolution and strength/ductility trade-off in Fe40Mn40Co10Cr10 high-entropy alloys,P012_OBS_C_77_eps050,,,,C0.5_nominal,,,,,,,,,,,,,,,,,,,,,,,,,77.0,,,,,0.5,,true strain 0.5,,,,,,,,,,,,,,,,,,,1,,,,0.3,,,,,,,,,,,,,,,,,,,,,Fig.9; p.11,High,,,P012_scientific_evidence_recovery_VERIFIED.xlsx,P012_Stage_Observations,,,,,,,P012_MC_C_77K,,P012_OBS_C_77_eps050,EXPERIMENTAL,REPEATED_STAGE,P012_OBS_C_77_eps050,,HIGH,,,,,,,,,,,1.0,1.0,,,,,,,1.0,1.0,P012_SERIES01,P012_MAT_C,,,P012_SERIES01,P012_MAT_C,,,P012_MC_C_77K,,,,,,,,,,,,,,,,,,,,,,,,,,,,,,,,,,,,,,,,,,,,False,,,,,,,,,,,,,,,,,,,,,,,,,,,,ANNEALING_TWIN,,,,,,,,,,,,,,,,,,,,,,,RECOVERED_STAGE_CHILD,,,,,,,,,,,HCP fraction reaches ~30% at 50% strain,,
