Paper_ID,DOI,Paper_Title,Condition_ID,Experiment_Group_ID,Row_Type,Alloy_ID,Original_Composition,Composition_basis,Fe_at%,Mn_at%,Co_at%,Cr_at%,Ni_at%,N_at%,C_at%,Mo_at%,Si_at%,Ti_at%,V_at%,Other_elements,Processing_route,Cast_method,Homogenization_T_K,Homogenization_time_h,Hot_rolling_T_K,Hot_rolling_reduction_pct,Cold_rolling_reduction_pct,Annealing_T_K,Annealing_time_min,Cooling_route,Test_T_K,Strain_rate_s-1,Gauge_length_mm,Gauge_width_mm,Specimen_thickness_mm,True_strain,Local_strain,Deformation_stage,Grain_size_um,Grain_size_SD_um,Initial_FCC_fraction,Initial_HCP_fraction,Initial_twin_boundary_status,SFE_mJ_m2,SFE_error_mJ_m2,SFE_method,DeltaG_FCC_HCP_J_mol,DeltaG_method,Elastic_modulus_GPa,Shear_modulus_GPa,Poisson_ratio,Lattice_parameter_nm,Atomic_size_misfit_pct,CSRO_present,TRIP,TWIP,Slip,Stacking_faulting,HCP_to_FCC_reversion,Dominant_mechanism,HCP_fraction_at_condition,Twin_fraction_or_Sigma3,Twin_thickness_nm,HCP_lath_or_lamella_note,YS_MPa,YS_error_MPa,UTS_MPa,UTS_error_MPa,Elongation_pct,Elongation_error_pct,Uniform_elongation_pct,Critical_twin_stress_MPa,Critical_TRIP_stress_MPa,Twin_onset_true_strain,TRIP_onset_true_strain,Adiabatic_temperature_K,SFE_increase_dynamic_mJ_m2,Evidence_TRIP,Evidence_TWIP,Characterization_methods,Image_usable_for_descriptors,Source_location,Label_confidence,Notes,Unmapped_Fields,Source_File,Source_Sheet,Schema_Mapping_Review,log10_strain_rate
P001,10.1016/j.actamat.2023.119389,Unexpected sluggish martensitic transformation in a strong and super-ductile high-entropy alloy of ultralow stacking fault energy,P001_C01,P001_G01,Tensile condition,Fe30Ni20Co20Cr20Si10,Nominal Fe30Ni20Co20Cr20Si10; measured Fe29.33Ni20.32Co20.26Cr19.86Si10.2,at.%,30,0,20,20,20,,,,10,,,,Vacuum arc melting/casting; hot rolled 1100C 50%; homogenized 1180C/2h; water quenched; cold rolled ~80%; annealed,Vacuum arc melting,1453,2,1373,50,80,1223,5,Water quench,298,0.001,8,2.5,1,,,final tensile,14.9,3.2,1,0,abundant annealing twins in recrystallized FCC,7,,weak-beam dark-field STEM partial separation,,,220.4,86.7,0.27,0.3569,2.36,Yes,1,0,1,1,0,Stacking-faulting dominated; sluggish/suppressed martensitic transformation,0.083,,,HCP fraction remains very low; <8.3% even after equivalent strain 1.85 / cold-rolled state,392,5,903,10,83.1,4.4,,,,,,,,Neutron diffraction/TEM/STEM confirm very limited deformation-induced HCP,Mechanical twinning largely suppressed/not dominant,SEM/BSE; EBSD; ECC; XRD; WBDF-STEM; HRTEM; APT; neutron diffraction; DIC,Yes,Abstract; Methods; Table 1; Figs. 4-13,High,Ultralow SFE but martensitic transformation is sluggish; CSRO and atomic size misfit are key mechanisms.,,TRIP_TWIP_First5_FULL_EXTRACTION.xlsx,First5_Master_Extraction,,-3.0
P001,10.1016/j.actamat.2023.119389,Unexpected sluggish martensitic transformation in a strong and super-ductile high-entropy alloy of ultralow stacking fault energy,P001_C02,P001_G01,Tensile condition,Fe30Ni20Co20Cr20Si10,Nominal Fe30Ni20Co20Cr20Si10; measured Fe29.33Ni20.32Co20.26Cr19.86Si10.2,at.%,30,0,20,20,20,,,,10,,,,Vacuum arc melting/casting; hot rolled 1100C 50%; homogenized 1180C/2h; water quenched; cold rolled ~80%; annealed,Vacuum arc melting,1453,2,1373,50,80,1273,10,Water quench,298,0.001,8,2.5,1,,,final tensile,45.6,10.9,1,0,abundant annealing twins in recrystallized FCC,7,,weak-beam dark-field STEM partial separation,,,220.4,86.7,0.27,0.3569,2.36,Yes,1,0,1,1,0,Stacking-faulting dominated; sluggish/suppressed martensitic transformation,,,,HCP fraction remains very low; <8.3% even after equivalent strain 1.85 / cold-rolled state,343,4,843,18,85.3,3.6,,,,,,,,Neutron diffraction/TEM/STEM confirm very limited deformation-induced HCP,Mechanical twinning largely suppressed/not dominant,SEM/BSE; EBSD; ECC; XRD; WBDF-STEM; HRTEM; APT; neutron diffraction; DIC,Yes,Abstract; Methods; Table 1; Figs. 4-13,High,Ultralow SFE but martensitic transformation is sluggish; CSRO and atomic size misfit are key mechanisms.,,TRIP_TWIP_First5_FULL_EXTRACTION.xlsx,First5_Master_Extraction,,-3.0
P001,10.1016/j.actamat.2023.119389,Unexpected sluggish martensitic transformation in a strong and super-ductile high-entropy alloy of ultralow stacking fault energy,P001_C03,P001_G01,Tensile condition,Fe30Ni20Co20Cr20Si10,Nominal Fe30Ni20Co20Cr20Si10; measured Fe29.33Ni20.32Co20.26Cr19.86Si10.2,at.%,30,0,20,20,20,,,,10,,,,Vacuum arc melting/casting; hot rolled 1100C 50%; homogenized 1180C/2h; water quenched; cold rolled ~80%; annealed,Vacuum arc melting,1453,2,1373,50,80,1373,10,Water quench,298,0.001,8,2.5,1,,,final tensile,135.3,20.7,1,0,abundant annealing twins in recrystallized FCC,7,,weak-beam dark-field STEM partial separation,,,220.4,86.7,0.27,0.3569,2.36,Yes,1,0,1,1,0,Stacking-faulting dominated; sluggish/suppressed martensitic transformation,,,,HCP fraction remains very low; <8.3% even after equivalent strain 1.85 / cold-rolled state,295,7,774,13,89,2.8,,,,,,,,Neutron diffraction/TEM/STEM confirm very limited deformation-induced HCP,Mechanical twinning largely suppressed/not dominant,SEM/BSE; EBSD; ECC; XRD; WBDF-STEM; HRTEM; APT; neutron diffraction; DIC,Yes,Abstract; Methods; Table 1; Figs. 4-13,High,Ultralow SFE but martensitic transformation is sluggish; CSRO and atomic size misfit are key mechanisms.,,TRIP_TWIP_First5_FULL_EXTRACTION.xlsx,First5_Master_Extraction,,-3.0
P001,10.1016/j.actamat.2023.119389,Unexpected sluggish martensitic transformation in a strong and super-ductile high-entropy alloy of ultralow stacking fault energy,P001_C04,P001_G01,Local-strain microstructure,Fe30Ni20Co20Cr20Si10,Nominal Fe30Ni20Co20Cr20Si10; measured Fe29.33Ni20.32Co20.26Cr19.86Si10.2,at.%,30,0,20,20,20,,,,10,,,,Same as P001_C01; local strain regions after tensile testing,Vacuum arc melting,1453,2,1373,50,80,1223,5,Water quench,298,0.001,,,,,0.01,local strain ~1%,14.9,3.2,1,0,annealing twins present,7,,weak-beam dark-field STEM partial separation,,,220.4,86.7,0.27,0.3569,2.36,Yes,0,0,1,1,0,Early stacking faults,,,,ECC: SFs at low local strain; HCP/twins almost absent,,,,,,,,,,,,,,HCP/twins almost absent at early local strain,No strong deformation twin contribution reported,ECC; EBSD; HRTEM; neutron diffraction,Yes,Figs. 6-12,Medium,Microstructure-evolution row; do not use as independent tensile-property row.,,TRIP_TWIP_First5_FULL_EXTRACTION.xlsx,First5_Master_Extraction,,-3.0
P001,10.1016/j.actamat.2023.119389,Unexpected sluggish martensitic transformation in a strong and super-ductile high-entropy alloy of ultralow stacking fault energy,P001_C05,P001_G01,Local-strain microstructure,Fe30Ni20Co20Cr20Si10,Nominal Fe30Ni20Co20Cr20Si10; measured Fe29.33Ni20.32Co20.26Cr19.86Si10.2,at.%,30,0,20,20,20,,,,10,,,,Same as P001_C01; local strain regions after tensile testing,Vacuum arc melting,1453,2,1373,50,80,1223,5,Water quench,298,0.001,,,,,0.03,local strain ~3%,14.9,3.2,1,0,annealing twins present,7,,weak-beam dark-field STEM partial separation,,,220.4,86.7,0.27,0.3569,2.36,Yes,0,0,1,1,0,Stacking faults,,,,ECC: SF density increases with local strain,,,,,,,,,,,,,,HCP/twins almost absent at early local strain,No strong deformation twin contribution reported,ECC; EBSD; HRTEM; neutron diffraction,Yes,Figs. 6-12,Medium,Microstructure-evolution row; do not use as independent tensile-property row.,,TRIP_TWIP_First5_FULL_EXTRACTION.xlsx,First5_Master_Extraction,,-3.0
P001,10.1016/j.actamat.2023.119389,Unexpected sluggish martensitic transformation in a strong and super-ductile high-entropy alloy of ultralow stacking fault energy,P001_C06,P001_G01,Local-strain microstructure,Fe30Ni20Co20Cr20Si10,Nominal Fe30Ni20Co20Cr20Si10; measured Fe29.33Ni20.32Co20.26Cr19.86Si10.2,at.%,30,0,20,20,20,,,,10,,,,Same as P001_C01; local strain regions after tensile testing,Vacuum arc melting,1453,2,1373,50,80,1223,5,Water quench,298,0.001,,,,,0.05,local strain ~5%,14.9,3.2,1,0,annealing twins present,7,,weak-beam dark-field STEM partial separation,,,220.4,86.7,0.27,0.3569,2.36,Yes,0,0,1,1,0,Stacking faults,,,,ECC: SF density increases with local strain,,,,,,,,,,,,,,HCP/twins almost absent at early local strain,No strong deformation twin contribution reported,ECC; EBSD; HRTEM; neutron diffraction,Yes,Figs. 6-12,Medium,Microstructure-evolution row; do not use as independent tensile-property row.,,TRIP_TWIP_First5_FULL_EXTRACTION.xlsx,First5_Master_Extraction,,-3.0
P001,10.1016/j.actamat.2023.119389,Unexpected sluggish martensitic transformation in a strong and super-ductile high-entropy alloy of ultralow stacking fault energy,P001_C07,P001_G01,Local-strain microstructure,Fe30Ni20Co20Cr20Si10,Nominal Fe30Ni20Co20Cr20Si10; measured Fe29.33Ni20.32Co20.26Cr19.86Si10.2,at.%,30,0,20,20,20,,,,10,,,,Same as P001_C01; local strain regions after tensile testing,Vacuum arc melting,1453,2,1373,50,80,1223,5,Water quench,298,0.001,,,,,0.07,local strain ~7%,14.9,3.2,1,0,annealing twins present,7,,weak-beam dark-field STEM partial separation,,,220.4,86.7,0.27,0.3569,2.36,Yes,0,0,1,1,0,Stacking faults,,,,ECC: SF density increases; HCP/twins almost absent in ECC,,,,,,,,,,,,,,HCP/twins almost absent at early local strain,No strong deformation twin contribution reported,ECC; EBSD; HRTEM; neutron diffraction,Yes,Figs. 6-12,Medium,Microstructure-evolution row; do not use as independent tensile-property row.,,TRIP_TWIP_First5_FULL_EXTRACTION.xlsx,First5_Master_Extraction,,-3.0
P001,10.1016/j.actamat.2023.119389,Unexpected sluggish martensitic transformation in a strong and super-ductile high-entropy alloy of ultralow stacking fault energy,P001_C08,P001_G01,Local-strain microstructure,Fe30Ni20Co20Cr20Si10,Nominal Fe30Ni20Co20Cr20Si10; measured Fe29.33Ni20.32Co20.26Cr19.86Si10.2,at.%,30,0,20,20,20,,,,10,,,,Same as P001_C01; local strain regions after tensile testing,Vacuum arc melting,1453,2,1373,50,80,1223,5,Water quench,298,0.001,,,,,0.8,local strain ~80%,14.9,3.2,1,0,annealing twins present,7,,weak-beam dark-field STEM partial separation,,,220.4,86.7,0.27,0.3569,2.36,Yes,1,0,1,1,0,SF-dominated with minor HCP,,,,EBSD/HRTEM: very limited HCP; SFs dominant over HCP lamella growth,,,,,,,,,,,,,,EBSD/HRTEM/neutron evidence for limited HCP at high deformation,No strong deformation twin contribution reported,ECC; EBSD; HRTEM; neutron diffraction,Yes,Figs. 6-12,High,Microstructure-evolution row; do not use as independent tensile-property row.,,TRIP_TWIP_First5_FULL_EXTRACTION.xlsx,First5_Master_Extraction,,-3.0
P002,10.1016/j.msea.2020.140441,A TWIP-TRIP quinary high-entropy alloy: tuning phase stability and microstructure for enhanced mechanical properties,P002_C01,P002_G01,Processing/tensile condition,Fe40Mn10Co20Cr20Ni10,Fe40Mn10Co20Cr20Ni10,at.%,40,10,20,20,10,,,,,,,,Vacuum induction cast; hot rolled 900C 50%; homogenized 1200C/2h Ar; water quenched; cold rolled 70%; annealed 30 min,Vacuum induction melting,1473,2,1173,50,70,1073,30,Water quench,298,0.001,10,2.5,1.25,,,final tensile,4.7,,1,0,initial FCC; annealing twins in recrystallized regions,14,,estimated/calculated in paper,-292,Thermo-Calc TCFE7,,,,,,,1,1,1,1,0,TRIP + TWIP + dislocation slip,,,,,375,,785,,77.5,,,,,,,,,EBSD/TEM evidence for FCC→HCP where activated,TEM/EBSD evidence for nano-twinning where activated,EBSD; XRD; EDS; TEM; HAADF-STEM; DIC,Yes,Abstract; Methods; Fig. 1-6; mechanical-property discussion,High,Non-recrystallized zones ~0 vol.%. ΔG_FCC→HCP = -292 J/mol.,,TRIP_TWIP_First5_FULL_EXTRACTION.xlsx,First5_Master_Extraction,,-3.0
P002,10.1016/j.msea.2020.140441,A TWIP-TRIP quinary high-entropy alloy: tuning phase stability and microstructure for enhanced mechanical properties,P002_C02,P002_G01,Processing/tensile condition,Fe40Mn10Co20Cr20Ni10,Fe40Mn10Co20Cr20Ni10,at.%,40,10,20,20,10,,,,,,,,Vacuum induction cast; hot rolled 900C 50%; homogenized 1200C/2h Ar; water quenched; cold rolled 70%; annealed 30 min,Vacuum induction melting,1473,2,1173,50,70,973,30,Water quench,298,0.001,10,2.5,1.25,,,final tensile,,,1,0,initial FCC; annealing twins in recrystallized regions,14,,estimated/calculated in paper,-292,Thermo-Calc TCFE7,,,,,,,1,1,1,1,0,TRIP + TWIP + dislocation slip in partially recrystallized state,,,,,589,,865,,69.1,,,,,,,,,EBSD/TEM evidence for FCC→HCP where activated,TEM/EBSD evidence for nano-twinning where activated,EBSD; XRD; EDS; TEM; HAADF-STEM; DIC,Yes,Abstract; Methods; Fig. 1-6; mechanical-property discussion,High,Non-recrystallized zones ~8 vol.%. ΔG_FCC→HCP = -292 J/mol.,,TRIP_TWIP_First5_FULL_EXTRACTION.xlsx,First5_Master_Extraction,,-3.0
P002,10.1016/j.msea.2020.140441,A TWIP-TRIP quinary high-entropy alloy: tuning phase stability and microstructure for enhanced mechanical properties,P002_C03,P002_G01,Processing/tensile condition,Fe40Mn10Co20Cr20Ni10,Fe40Mn10Co20Cr20Ni10,at.%,40,10,20,20,10,,,,,,,,Vacuum induction cast; hot rolled 900C 50%; homogenized 1200C/2h Ar; water quenched; cold rolled 70%; annealed 30 min,Vacuum induction melting,1473,2,1173,50,70,873,30,Water quench,298,0.001,10,2.5,1.25,,,final tensile,,,1,0,initial FCC; annealing twins in recrystallized regions,14,,estimated/calculated in paper,-292,Thermo-Calc TCFE7,,,,,,,0,0,1,,0,TRIP/TWIP hindered; limited dislocation slip dominates due to high non-recrystallized zone fraction,,,,,1060,,,,,,,,,,,,,EBSD/TEM evidence for FCC→HCP where activated,TEM/EBSD evidence for nano-twinning where activated,EBSD; XRD; EDS; TEM; HAADF-STEM; DIC,Yes,Abstract; Methods; Fig. 1-6; mechanical-property discussion,High,Non-recrystallized zones ~87 vol.%. ΔG_FCC→HCP = -292 J/mol.,,TRIP_TWIP_First5_FULL_EXTRACTION.xlsx,First5_Master_Extraction,,-3.0
P002,10.1016/j.msea.2020.140441,A TWIP-TRIP quinary high-entropy alloy: tuning phase stability and microstructure for enhanced mechanical properties,P002_C04,P002_G_REF,Reference comparator,Fe20Mn20Co20Cr20Ni20,Reference equiatomic HEA in paper,at.%,20,20,20,20,20,,,,,,,,"Reference comparator, similar grain size",,,,,,,,,,298,,,,,,,reference tensile,4.5,,1,0,,,,,,,,,,,,,,,,,Reference equiatomic HEA,,,,,349,,657,,59.9,,,,,,,,,Reference comparator only,Reference comparator only,reported in abstract comparison,No,Abstract,Medium,Use only as comparator; not a core TRIP/TWIP condition.,,,TRIP_TWIP_First5_FULL_EXTRACTION.xlsx,First5_Master_Extraction,,
P002,10.1016/j.msea.2020.140441,A TWIP-TRIP quinary high-entropy alloy: tuning phase stability and microstructure for enhanced mechanical properties,P002_C05,P002_G_DESIGN,Alloy-design descriptor,Fe40Mn10Co20Cr20Ni10,Fe40Mn10Co20Cr20Ni10,at.%,40,10,20,20,10,,,,,,,,CALPHAD design condition,,,,,,,,,,,,,,,,,thermodynamic design,,,1,0,,14,,estimated/calculated in paper,-292,Thermo-Calc TCFE7,,,,,,,,,Targeted phase stability for TRIP/TWIP activation,,,,,,,,,,,,,,,Thermo-Calc design criterion,Not a deformation row,Thermo-Calc; alloy design,No,Methods section 2.1,High,Keep this row for descriptor provenance; exclude from ML training labels.,,,,,,,,TRIP_TWIP_First5_FULL_EXTRACTION.xlsx,First5_Master_Extraction,,
P003,10.1016/j.msea.2020.138982,The effect of strain rate on mechanical properties and microstructure of a metastable FeMnCoCr high entropy alloy,P003_C01,P003_G01,Strain-rate tensile condition,Fe50Mn30Co10Cr10,Fe50Mn30Co10Cr10,at.%,50,30,10,10,0,,,,,,,,Vacuum cast in Ar; hot-forged 1200C; hot-rolled 900C 50%; solution 1200C/2h; cold-rolled 60%; annealed 900C/3min salt bath; air cooled,Vacuum melting,1473,2,1173,50,60,1173,3,air cooling,300,0.001,20,,,,,tensile at selected strain rate,4.5,,0.63,0.37,Initial dual phase FCC+HCP; no elemental segregation at grain scale,6.5,,reported/estimated; dynamic includes +13 mJ/m2 adiabatic increase,,,139,,,,,,1,1,1,1,1,quasi-static: martensitic transformation dominant; TRIP+TWIP+B-TRIP,0.47,,,"At 50% cross-section reduction: HCP fraction 47%, 24%, 18% for 10^-3, 1, 10^3 s^-1 respectively",280,,720,,,,64.2,322,520,0.05,0.16,,,EBSD/TEM show deformation-induced martensite and reverse transformation depending on strain rate,TEM identifies deformation twins; dynamic loading makes twinning dominant at later strain,Tensile; DSC; dilatometry; SEM/EBSD; TEM,Yes,Abstract; Methods; Figs. 1-7; Table 1; discussion,High,Exact properties for intermediate strain rates should be digitized/checked from Table 1/Fig. 2; blanks intentionally retained.,,TRIP_TWIP_First5_FULL_EXTRACTION.xlsx,First5_Master_Extraction,,-3.0
P003,10.1016/j.msea.2020.138982,The effect of strain rate on mechanical properties and microstructure of a metastable FeMnCoCr high entropy alloy,P003_C02,P003_G01,Strain-rate tensile condition,Fe50Mn30Co10Cr10,Fe50Mn30Co10Cr10,at.%,50,30,10,10,0,,,,,,,,Vacuum cast in Ar; hot-forged 1200C; hot-rolled 900C 50%; solution 1200C/2h; cold-rolled 60%; annealed 900C/3min salt bath; air cooled,Vacuum melting,1473,2,1173,50,60,1173,3,air cooling,300,0.01,20,,,,,tensile at selected strain rate,4.5,,0.63,0.37,Initial dual phase FCC+HCP; no elemental segregation at grain scale,6.5,,reported/estimated; dynamic includes +13 mJ/m2 adiabatic increase,,,,,,,,,,,1,1,,tested strain-rate condition; exact properties require digitization from Fig. 2/Table 1,,,,,,,,,,,,,,,,,,EBSD/TEM show deformation-induced martensite and reverse transformation depending on strain rate,TEM identifies deformation twins; dynamic loading makes twinning dominant at later strain,Tensile; DSC; dilatometry; SEM/EBSD; TEM,Yes,Abstract; Methods; Figs. 1-7; Table 1; discussion,Medium,Exact properties for intermediate strain rates should be digitized/checked from Table 1/Fig. 2; blanks intentionally retained.,,TRIP_TWIP_First5_FULL_EXTRACTION.xlsx,First5_Master_Extraction,,-2.0
P003,10.1016/j.msea.2020.138982,The effect of strain rate on mechanical properties and microstructure of a metastable FeMnCoCr high entropy alloy,P003_C03,P003_G01,Strain-rate tensile condition,Fe50Mn30Co10Cr10,Fe50Mn30Co10Cr10,at.%,50,30,10,10,0,,,,,,,,Vacuum cast in Ar; hot-forged 1200C; hot-rolled 900C 50%; solution 1200C/2h; cold-rolled 60%; annealed 900C/3min salt bath; air cooled,Vacuum melting,1473,2,1173,50,60,1173,3,air cooling,300,0.1,20,,,,,tensile at selected strain rate,4.5,,0.63,0.37,Initial dual phase FCC+HCP; no elemental segregation at grain scale,6.5,,reported/estimated; dynamic includes +13 mJ/m2 adiabatic increase,,,,,,,,,,,1,1,,tested strain-rate condition; exact properties require digitization from Fig. 2/Table 1,,,,,,,,,,,,,,,,,,EBSD/TEM show deformation-induced martensite and reverse transformation depending on strain rate,TEM identifies deformation twins; dynamic loading makes twinning dominant at later strain,Tensile; DSC; dilatometry; SEM/EBSD; TEM,Yes,Abstract; Methods; Figs. 1-7; Table 1; discussion,Medium,Exact properties for intermediate strain rates should be digitized/checked from Table 1/Fig. 2; blanks intentionally retained.,,TRIP_TWIP_First5_FULL_EXTRACTION.xlsx,First5_Master_Extraction,,-1.0
P003,10.1016/j.msea.2020.138982,The effect of strain rate on mechanical properties and microstructure of a metastable FeMnCoCr high entropy alloy,P003_C04,P003_G01,Strain-rate tensile condition,Fe50Mn30Co10Cr10,Fe50Mn30Co10Cr10,at.%,50,30,10,10,0,,,,,,,,Vacuum cast in Ar; hot-forged 1200C; hot-rolled 900C 50%; solution 1200C/2h; cold-rolled 60%; annealed 900C/3min salt bath; air cooled,Vacuum melting,1473,2,1173,50,60,1173,3,air cooling,300,1,20,,,,,tensile at selected strain rate,4.5,,0.63,0.37,Initial dual phase FCC+HCP; no elemental segregation at grain scale,6.5,,reported/estimated; dynamic includes +13 mJ/m2 adiabatic increase,,,,,,,,,1,1,1,1,1,transition state; TRIP/TWIP mixed,0.24,,,"At 50% cross-section reduction: HCP fraction 47%, 24%, 18% for 10^-3, 1, 10^3 s^-1 respectively",300,,672,,,,49.2,,,,,,,EBSD/TEM show deformation-induced martensite and reverse transformation depending on strain rate,TEM identifies deformation twins; dynamic loading makes twinning dominant at later strain,Tensile; DSC; dilatometry; SEM/EBSD; TEM,Yes,Abstract; Methods; Figs. 1-7; Table 1; discussion,High,Exact properties for intermediate strain rates should be digitized/checked from Table 1/Fig. 2; blanks intentionally retained.,,TRIP_TWIP_First5_FULL_EXTRACTION.xlsx,First5_Master_Extraction,,0.0
P003,10.1016/j.msea.2020.138982,The effect of strain rate on mechanical properties and microstructure of a metastable FeMnCoCr high entropy alloy,P003_C05,P003_G01,Strain-rate tensile condition,Fe50Mn30Co10Cr10,Fe50Mn30Co10Cr10,at.%,50,30,10,10,0,,,,,,,,Vacuum cast in Ar; hot-forged 1200C; hot-rolled 900C 50%; solution 1200C/2h; cold-rolled 60%; annealed 900C/3min salt bath; air cooled,Vacuum melting,1473,2,1173,50,60,1173,3,air cooling,300,10,15,,,,,tensile at selected strain rate,4.5,,0.63,0.37,Initial dual phase FCC+HCP; no elemental segregation at grain scale,6.5,,reported/estimated; dynamic includes +13 mJ/m2 adiabatic increase,,,,,,,,,,,1,1,,tested strain-rate condition; exact properties require digitization from Fig. 2/Table 1,,,,,,,,,,,,,,,,,,EBSD/TEM show deformation-induced martensite and reverse transformation depending on strain rate,TEM identifies deformation twins; dynamic loading makes twinning dominant at later strain,Tensile; DSC; dilatometry; SEM/EBSD; TEM,Yes,Abstract; Methods; Figs. 1-7; Table 1; discussion,Medium,Exact properties for intermediate strain rates should be digitized/checked from Table 1/Fig. 2; blanks intentionally retained.,,TRIP_TWIP_First5_FULL_EXTRACTION.xlsx,First5_Master_Extraction,,1.0
P003,10.1016/j.msea.2020.138982,The effect of strain rate on mechanical properties and microstructure of a metastable FeMnCoCr high entropy alloy,P003_C06,P003_G01,Strain-rate tensile condition,Fe50Mn30Co10Cr10,Fe50Mn30Co10Cr10,at.%,50,30,10,10,0,,,,,,,,Vacuum cast in Ar; hot-forged 1200C; hot-rolled 900C 50%; solution 1200C/2h; cold-rolled 60%; annealed 900C/3min salt bath; air cooled,Vacuum melting,1473,2,1173,50,60,1173,3,air cooling,300,100,15,,,,,tensile at selected strain rate,4.5,,0.63,0.37,Initial dual phase FCC+HCP; no elemental segregation at grain scale,6.5,,reported/estimated; dynamic includes +13 mJ/m2 adiabatic increase,,,,,,,,,,,1,1,,tested strain-rate condition; exact properties require digitization from Fig. 2/Table 1,,,,,,,,,,,,,,,,,,EBSD/TEM show deformation-induced martensite and reverse transformation depending on strain rate,TEM identifies deformation twins; dynamic loading makes twinning dominant at later strain,Tensile; DSC; dilatometry; SEM/EBSD; TEM,Yes,Abstract; Methods; Figs. 1-7; Table 1; discussion,Medium,Exact properties for intermediate strain rates should be digitized/checked from Table 1/Fig. 2; blanks intentionally retained.,,TRIP_TWIP_First5_FULL_EXTRACTION.xlsx,First5_Master_Extraction,,2.0
P003,10.1016/j.msea.2020.138982,The effect of strain rate on mechanical properties and microstructure of a metastable FeMnCoCr high entropy alloy,P003_C07,P003_G01,Strain-rate tensile condition,Fe50Mn30Co10Cr10,Fe50Mn30Co10Cr10,at.%,50,30,10,10,0,,,,,,,,Vacuum cast in Ar; hot-forged 1200C; hot-rolled 900C 50%; solution 1200C/2h; cold-rolled 60%; annealed 900C/3min salt bath; air cooled,Vacuum melting,1473,2,1173,50,60,1173,3,air cooling,300,1000,15,,,,,tensile at selected strain rate,4.5,,0.63,0.37,Initial dual phase FCC+HCP; no elemental segregation at grain scale,19.5,,reported/estimated; dynamic includes +13 mJ/m2 adiabatic increase,,,,,,,,,1,1,1,1,1,dynamic: low-strain TRIP then TWIP-dominant; reverse HCP→FCC,0.18,,,"At 50% cross-section reduction: HCP fraction 47%, 24%, 18% for 10^-3, 1, 10^3 s^-1 respectively",380,,810,,,,67,322,520,0.007,0.1,420,13,EBSD/TEM show deformation-induced martensite and reverse transformation depending on strain rate,TEM identifies deformation twins; dynamic loading makes twinning dominant at later strain,Tensile; DSC; dilatometry; SEM/EBSD; TEM,Yes,Abstract; Methods; Figs. 1-7; Table 1; discussion,High,Exact properties for intermediate strain rates should be digitized/checked from Table 1/Fig. 2; blanks intentionally retained.,,TRIP_TWIP_First5_FULL_EXTRACTION.xlsx,First5_Master_Extraction,,3.0
P004,10.1016/j.msea.2026.150025,Sequential activation of TRIP and TWIP enables multi-stage hardening in a metastable FeMnCoCrN high-entropy alloy at elevated temperature,P004_C01,P004_G01,Interrupted strain stage,Fe46Mn35.5Co9Cr9N0.5,Fe46Mn35.5Co9Cr9N0.5 at.%; Fe45.8Mn35.4Co9.92Cr8.74N0.14 wt.%,at.%,46,35.5,9,9,0,0.5,,,,,,,Vacuum induction melting from 99.99% feedstock; two VAR cycles; as-cast; preheated 400C/10min before tensile,VIM + 2x VAR,,,,,,,,water quench immediately after deformation,673,0.001,25,,1,0.08,,Stage I,690,,1,0,single-phase FCC matrix with Fe/Mn partitioning and local metastability,,,,,,,,,,,,1,0,1,1,0,planar slip + early TRIP; HCP forms,0.22,,,HCP increased to ~22% by end of Stage I,,,,,,,,,,,,,,,XRD phase fraction + EBSD phase maps track FCC/HCP evolution,EBSD IPF/boundary/KAM maps; Σ3 twin boundaries and twin-twin interactions,XRD; EBSD phase/IPF/boundary/KAM/pole figure; EPMA; high-temperature tensile,Yes,Methods; Fig. 1-2; Results/discussion,High,,TRIP_TWIP_First5_FULL_EXTRACTION.xlsx,First5_Master_Extraction,,-3.0
P004,10.1016/j.msea.2026.150025,Sequential activation of TRIP and TWIP enables multi-stage hardening in a metastable FeMnCoCrN high-entropy alloy at elevated temperature,P004_C02,P004_G01,Interrupted strain stage,Fe46Mn35.5Co9Cr9N0.5,Fe46Mn35.5Co9Cr9N0.5 at.%; Fe45.8Mn35.4Co9.92Cr8.74N0.14 wt.%,at.%,46,35.5,9,9,0,0.5,,,,,,,Vacuum induction melting from 99.99% feedstock; two VAR cycles; as-cast; preheated 400C/10min before tensile,VIM + 2x VAR,,,,,,,,water quench immediately after deformation,673,0.001,25,,1,0.11,,Stage II,690,,1,0,single-phase FCC matrix with Fe/Mn partitioning and local metastability,,,,,,,,,,,,1,0,1,1,0,TRIP; HCP lath thickening; first WHR peak,0.37,,,HCP rises to ~37% by completion of Stage II,,,,,,,,,,,,,,,XRD phase fraction + EBSD phase maps track FCC/HCP evolution,EBSD IPF/boundary/KAM maps; Σ3 twin boundaries and twin-twin interactions,XRD; EBSD phase/IPF/boundary/KAM/pole figure; EPMA; high-temperature tensile,Yes,Methods; Fig. 1-2; Results/discussion,High,,TRIP_TWIP_First5_FULL_EXTRACTION.xlsx,First5_Master_Extraction,,-3.0
P004,10.1016/j.msea.2026.150025,Sequential activation of TRIP and TWIP enables multi-stage hardening in a metastable FeMnCoCrN high-entropy alloy at elevated temperature,P004_C03,P004_G01,Interrupted strain stage,Fe46Mn35.5Co9Cr9N0.5,Fe46Mn35.5Co9Cr9N0.5 at.%; Fe45.8Mn35.4Co9.92Cr8.74N0.14 wt.%,at.%,46,35.5,9,9,0,0.5,,,,,,,Vacuum induction melting from 99.99% feedstock; two VAR cycles; as-cast; preheated 400C/10min before tensile,VIM + 2x VAR,,,,,,,,water quench immediately after deformation,673,0.001,25,,1,0.18,,Stage III,690,,1,0,single-phase FCC matrix with Fe/Mn partitioning and local metastability,,,,,,,,,,,,1,1,1,1,1,TWIP initiation in untransformed FCC + partial HCP→FCC reversion,,,,moderate HCP reduction; twinning confirmed by Σ3 boundaries,,,,,,,,,,,,,,,XRD phase fraction + EBSD phase maps track FCC/HCP evolution,EBSD IPF/boundary/KAM maps; Σ3 twin boundaries and twin-twin interactions,XRD; EBSD phase/IPF/boundary/KAM/pole figure; EPMA; high-temperature tensile,Yes,Methods; Fig. 1-2; Results/discussion,High,,TRIP_TWIP_First5_FULL_EXTRACTION.xlsx,First5_Master_Extraction,,-3.0
P004,10.1016/j.msea.2026.150025,Sequential activation of TRIP and TWIP enables multi-stage hardening in a metastable FeMnCoCrN high-entropy alloy at elevated temperature,P004_C04,P004_G01,Interrupted strain stage,Fe46Mn35.5Co9Cr9N0.5,Fe46Mn35.5Co9Cr9N0.5 at.%; Fe45.8Mn35.4Co9.92Cr8.74N0.14 wt.%,at.%,46,35.5,9,9,0,0.5,,,,,,,Vacuum induction melting from 99.99% feedstock; two VAR cycles; as-cast; preheated 400C/10min before tensile,VIM + 2x VAR,,,,,,,,water quench immediately after deformation,673,0.001,25,,1,0.26,,Stage IV,690,,1,0,single-phase FCC matrix with Fe/Mn partitioning and local metastability,,,,,,,,,,,,1,1,1,1,1,twin-twin interaction + grain fragmentation + partial reversion,,,,second WHR peak despite continued decrease in HCP fraction,,,,,,,,,,,,,,,XRD phase fraction + EBSD phase maps track FCC/HCP evolution,EBSD IPF/boundary/KAM maps; Σ3 twin boundaries and twin-twin interactions,XRD; EBSD phase/IPF/boundary/KAM/pole figure; EPMA; high-temperature tensile,Yes,Methods; Fig. 1-2; Results/discussion,High,,TRIP_TWIP_First5_FULL_EXTRACTION.xlsx,First5_Master_Extraction,,-3.0
P004,10.1016/j.msea.2026.150025,Sequential activation of TRIP and TWIP enables multi-stage hardening in a metastable FeMnCoCrN high-entropy alloy at elevated temperature,P004_C05,P004_G01,Interrupted strain stage,Fe46Mn35.5Co9Cr9N0.5,Fe46Mn35.5Co9Cr9N0.5 at.%; Fe45.8Mn35.4Co9.92Cr8.74N0.14 wt.%,at.%,46,35.5,9,9,0,0.5,,,,,,,Vacuum induction melting from 99.99% feedstock; two VAR cycles; as-cast; preheated 400C/10min before tensile,VIM + 2x VAR,,,,,,,,water quench immediately after deformation,673,0.001,25,,1,0.3,,Stage V,690,,1,0,single-phase FCC matrix with Fe/Mn partitioning and local metastability,,,,,,,,,,,,1,1,1,1,1,TRIP + TWIP + reversion; HCP laths partially thicken but overall fraction decreases,,,,EBSD phase map at ε~0.30,,,,,,,,,,,,,,,XRD phase fraction + EBSD phase maps track FCC/HCP evolution,EBSD IPF/boundary/KAM maps; Σ3 twin boundaries and twin-twin interactions,XRD; EBSD phase/IPF/boundary/KAM/pole figure; EPMA; high-temperature tensile,Yes,Methods; Fig. 1-2; Results/discussion,High,,TRIP_TWIP_First5_FULL_EXTRACTION.xlsx,First5_Master_Extraction,,-3.0
P004,10.1016/j.msea.2026.150025,Sequential activation of TRIP and TWIP enables multi-stage hardening in a metastable FeMnCoCrN high-entropy alloy at elevated temperature,P004_C06,P004_G01,Interrupted strain stage,Fe46Mn35.5Co9Cr9N0.5,Fe46Mn35.5Co9Cr9N0.5 at.%; Fe45.8Mn35.4Co9.92Cr8.74N0.14 wt.%,at.%,46,35.5,9,9,0,0.5,,,,,,,Vacuum induction melting from 99.99% feedstock; two VAR cycles; as-cast; preheated 400C/10min before tensile,VIM + 2x VAR,,,,,,,,water quench immediately after deformation,673,0.001,25,,1,,,fracture/final,690,,1,0,single-phase FCC matrix with Fe/Mn partitioning and local metastability,,,,,,,,,,,,1,1,1,1,1,HCP fraction rises again at final strain; new martensite variants mostly from grain boundaries,,,,final strain level; exact strain not specified in extraction,,,,,,,,,,,,,,,XRD phase fraction + EBSD phase maps track FCC/HCP evolution,EBSD IPF/boundary/KAM maps; Σ3 twin boundaries and twin-twin interactions,XRD; EBSD phase/IPF/boundary/KAM/pole figure; EPMA; high-temperature tensile,Yes,Methods; Fig. 1-2; Results/discussion,High,,TRIP_TWIP_First5_FULL_EXTRACTION.xlsx,First5_Master_Extraction,,-3.0
P005,10.1016/j.actamat.2022.118049,Potential TRIP/TWIP coupled effects in equiatomic CrCoNi medium-entropy alloy,P005_C01,P005_G01,Interrupted strain microstructure,CrCoNi_equiatomic,Measured Cr33.9Co32.0Ni33.7 with trace Fe0.22Mn0.09Si0.06 at.%,at.%,0.22,0.09,32,33.9,33.7,,,,0.06,,,trace Fe/Mn/Si,Vacuum induction melting; hot rolled 1273K to 5 mm; cold rolled to 1 mm (>80% total deformation); annealed 1073K/1h,Vacuum induction melting,,,1273,,80,1073,60,,298,,30,6,1,0.02,,interrupted tensile,3.5,,1,0,fully recrystallized FCC/MEA with annealing twins,24,3,TEM/WBDF partial-dislocation separation,,,,87,0.3,,,,0,0,1,1,0,Planar dislocation slip; increased dislocation density; pile-ups at grain boundaries,,,,HCP/twins not yet observed,,,,,,,,,,,,,,,Atomic-resolution HAADF-STEM identifies HCP lamellae from ε≈0.1,TEM/SAED and HAADF-STEM identify three-layer twin embryos and numerous twins by ε≈0.2,SEM; BF-TEM; WBDF-TEM; HAADF-STEM; SAED; tensile curve,Yes,Figs. 1-10; SFE section; Experimental procedure,High,,TRIP_TWIP_First5_FULL_EXTRACTION.xlsx,First5_Master_Extraction,,
P005,10.1016/j.actamat.2022.118049,Potential TRIP/TWIP coupled effects in equiatomic CrCoNi medium-entropy alloy,P005_C02,P005_G01,Interrupted strain microstructure,CrCoNi_equiatomic,Measured Cr33.9Co32.0Ni33.7 with trace Fe0.22Mn0.09Si0.06 at.%,at.%,0.22,0.09,32,33.9,33.7,,,,0.06,,,trace Fe/Mn/Si,Vacuum induction melting; hot rolled 1273K to 5 mm; cold rolled to 1 mm (>80% total deformation); annealed 1073K/1h,Vacuum induction melting,,,1273,,80,1073,60,,298,,30,6,1,0.1,,interrupted tensile,3.5,,1,0,fully recrystallized FCC/MEA with annealing twins,24,3,TEM/WBDF partial-dislocation separation,,,,87,0.3,,,,1,1,1,1,0,High density stacking faults; extrinsic/intrinsic fault pairs; 3-layer twin embryos; 4/6/8-layer HCP lamellae,,,,HCP laths account for ~10% of planar defects including twins and HCP phase,,,,,,,,,,,,,,,Atomic-resolution HAADF-STEM identifies HCP lamellae from ε≈0.1,TEM/SAED and HAADF-STEM identify three-layer twin embryos and numerous twins by ε≈0.2,SEM; BF-TEM; WBDF-TEM; HAADF-STEM; SAED; tensile curve,Yes,Figs. 1-10; SFE section; Experimental procedure,High,,TRIP_TWIP_First5_FULL_EXTRACTION.xlsx,First5_Master_Extraction,,
P005,10.1016/j.actamat.2022.118049,Potential TRIP/TWIP coupled effects in equiatomic CrCoNi medium-entropy alloy,P005_C03,P005_G01,Interrupted strain microstructure,CrCoNi_equiatomic,Measured Cr33.9Co32.0Ni33.7 with trace Fe0.22Mn0.09Si0.06 at.%,at.%,0.22,0.09,32,33.9,33.7,,,,0.06,,,trace Fe/Mn/Si,Vacuum induction melting; hot rolled 1273K to 5 mm; cold rolled to 1 mm (>80% total deformation); annealed 1073K/1h,Vacuum induction melting,,,1273,,80,1073,60,,298,,30,6,1,0.2,,interrupted tensile,3.5,,1,0,fully recrystallized FCC/MEA with annealing twins,24,3,TEM/WBDF partial-dislocation separation,,,,87,0.3,,,,1,1,1,1,0,Numerous thin deformation twins; multiple twin systems in grains; HCP-twin overlap observed,,,5.4,average twin thickness ~5.4 ± 3 nm,,,,,,,,,,,,,,,Atomic-resolution HAADF-STEM identifies HCP lamellae from ε≈0.1,TEM/SAED and HAADF-STEM identify three-layer twin embryos and numerous twins by ε≈0.2,SEM; BF-TEM; WBDF-TEM; HAADF-STEM; SAED; tensile curve,Yes,Figs. 1-10; SFE section; Experimental procedure,High,,TRIP_TWIP_First5_FULL_EXTRACTION.xlsx,First5_Master_Extraction,,
P006,10.1016/j.scriptamat.2019.02.018,,P006_C01,P006_G01,Experimental + DFT/CALPHAD,CoCrMnNiFe_series,,at.%,20,20,20,20,20,,,,,,,,Arc melt; homogenize 1473K/5h; forge 50%; age 1273K/10min; roll 40%; age 1273K/6min,,1473,5,,,40,1273,6,,298,0.00015,,,,,,final tensile,,,1,0,,,,,87,Thermo-Calc at 300 K,,,,,,,,,1,,0,Reference equiatomic alloy; label not forced,,,,,,,,,,,,,,,,,,XRD/EBSD; TRIP explicitly identified for Ni15Fe10,EBSD; TWIP explicitly identified for Ni15Fe15,SEM/EBSD; XRD,Yes,Figs. 1-3; abstract/conclusions,Medium,0 K DFT ISFE is kept separate from finite-temperature experimental SFE. | 0 K DFT ISFE and finite-temperature thermodynamic ΔG retained separately.,"{""Derived_feature_status"": ""NA — reserved for later calculation; do not infer during raw extraction"", ""ISFE_DFT_0K_mJ_m2"": ""-72""}",TRIP_TWIP_P006_P010_FULL_EXTRACTION.xlsx,P006_P010_Master_Extraction,Data_role -> Row_Type | Composition_basis_original -> Composition_basis | Image_modalities -> Characterization_methods,-3.8239087409443187
P006,10.1016/j.scriptamat.2019.02.018,,P006_C02,P006_G01,Experimental + DFT/CALPHAD,CoCrMnNiFe_series,,at.%,15,15,35,20,15,,,,,,,,Arc melt; homogenize 1473K/5h; forge 50%; age 1273K/10min; roll 40%; age 1273K/6min,,1473,5,,,40,1273,6,,298,0.00015,,,,,,final tensile,,,1,0,,,,,-34,Thermo-Calc at 300 K,,,,,,,0,1,1,,0,TWIP-dominant,,,,,,,,,,,,,,,,,,XRD/EBSD; TRIP explicitly identified for Ni15Fe10,EBSD; TWIP explicitly identified for Ni15Fe15,SEM/EBSD; XRD,Yes,Figs. 1-3; abstract/conclusions,High,0 K DFT ISFE is kept separate from finite-temperature experimental SFE. | 0 K DFT ISFE and finite-temperature thermodynamic ΔG retained separately.,"{""Derived_feature_status"": ""NA — reserved for later calculation; do not infer during raw extraction"", ""ISFE_DFT_0K_mJ_m2"": ""-75""}",TRIP_TWIP_P006_P010_FULL_EXTRACTION.xlsx,P006_P010_Master_Extraction,Data_role -> Row_Type | Composition_basis_original -> Composition_basis | Image_modalities -> Characterization_methods,-3.8239087409443187
P006,10.1016/j.scriptamat.2019.02.018,,P006_C03,P006_G01,Experimental + DFT/CALPHAD,CoCrMnNiFe_series,,at.%,10,15,35,25,15,,,,,,,,Arc melt; homogenize 1473K/5h; forge 50%; age 1273K/10min; roll 40%; age 1273K/6min,,1473,5,,,40,1273,6,,298,0.00015,,,,,,final tensile,,,1,0,,,,,-276,Thermo-Calc at 300 K,,,,,,,1,0,1,,0,TRIP-dominant,,,,,,,,,,,,,,,,,,XRD/EBSD; TRIP explicitly identified for Ni15Fe10,EBSD; TWIP explicitly identified for Ni15Fe15,SEM/EBSD; XRD,Yes,Figs. 1-3; abstract/conclusions,High,0 K DFT ISFE is kept separate from finite-temperature experimental SFE. | 0 K DFT ISFE and finite-temperature thermodynamic ΔG retained separately.,"{""Derived_feature_status"": ""NA — reserved for later calculation; do not infer during raw extraction"", ""ISFE_DFT_0K_mJ_m2"": ""-87""}",TRIP_TWIP_P006_P010_FULL_EXTRACTION.xlsx,P006_P010_Master_Extraction,Data_role -> Row_Type | Composition_basis_original -> Composition_basis | Image_modalities -> Characterization_methods,-3.8239087409443187
P007,10.1016/j.actamat.2022.117974,,P007_C01,P007_G01,Experimental,Fe49.5Mn30Co10Cr10C0.2Ti0.1V0.1Mo0.1,,at.%,49.78,29.86,9.880000000000001,9.91,,,0.23,0.12,,0.12,0.11,,VIM; homogenize 1200C/2h; hot roll; cold roll 50%; anneal 600C,,1473,2,,,50,873,60,,298,0.001,,,,,,final tensile,1.4,,1,,,,,,,,,,,,,,1,1,1,,0,Dislocation slip + TWIP + TRIP,,,,,916,,1103,,33,,,,,,,,,TEM/XRD evidence for deformation-induced ε and reverse transformation,TEM deformation twins for short annealing times,XRD; BSE; EBSD/GOS/KAM; TEM; STEM-EDS,Yes,"Table 3; Figs. 3,5-10; conclusions",High,"Average grain size ~1.3–1.5 µm across series. Initial ε ~0.8% at 10 h and ~2.2% at 72 h. | Hierarchical precipitates; longer annealing activates multi-variant ε, ε→γ reversion and sequential γ→ε→γ→ε transformation.","{""Derived_feature_status"": ""NA — reserved for later calculation; do not infer during raw extraction"", ""Precipitate_types"": ""σ phase; Cr-rich MC-type carbides; nanoscale (Ti,V,Mo)C""}",TRIP_TWIP_P006_P010_FULL_EXTRACTION.xlsx,P006_P010_Master_Extraction,Data_role -> Row_Type | Composition_basis_original -> Composition_basis | Image_modalities -> Characterization_methods,-3.0
P007,10.1016/j.actamat.2022.117974,,P007_C02,P007_G01,Experimental,Fe49.5Mn30Co10Cr10C0.2Ti0.1V0.1Mo0.1,,at.%,49.78,29.86,9.880000000000001,9.91,,,0.23,0.12,,0.12,0.11,,VIM; homogenize 1200C/2h; hot roll; cold roll 50%; anneal 600C,,1473,2,,,50,873,120,,298,0.001,,,,,,final tensile,1.4,,1,,,,,,,,,,,,,,1,1,1,,0,Dislocation slip + TWIP + TRIP,,,,,822,,1079,,42,,,,,,,,,TEM/XRD evidence for deformation-induced ε and reverse transformation,TEM deformation twins for short annealing times,XRD; BSE; EBSD/GOS/KAM; TEM; STEM-EDS,Yes,"Table 3; Figs. 3,5-10; conclusions",High,"Average grain size ~1.3–1.5 µm across series. Initial ε ~0.8% at 10 h and ~2.2% at 72 h. | Hierarchical precipitates; longer annealing activates multi-variant ε, ε→γ reversion and sequential γ→ε→γ→ε transformation.","{""Derived_feature_status"": ""NA — reserved for later calculation; do not infer during raw extraction"", ""Precipitate_types"": ""σ phase; Cr-rich MC-type carbides; nanoscale (Ti,V,Mo)C""}",TRIP_TWIP_P006_P010_FULL_EXTRACTION.xlsx,P006_P010_Master_Extraction,Data_role -> Row_Type | Composition_basis_original -> Composition_basis | Image_modalities -> Characterization_methods,-3.0
P007,10.1016/j.actamat.2022.117974,,P007_C03,P007_G01,Experimental,Fe49.5Mn30Co10Cr10C0.2Ti0.1V0.1Mo0.1,,at.%,49.78,29.86,9.880000000000001,9.91,,,0.23,0.12,,0.12,0.11,,VIM; homogenize 1200C/2h; hot roll; cold roll 50%; anneal 600C,,1473,2,,,50,873,300,,298,0.001,,,,,,final tensile,1.4,,1,,,,,,,,,,,,,,,,1,,,Mechanism transition; exact class to verify,,,,,735,,1038,,43,,,,,,,,,TEM/XRD evidence for deformation-induced ε and reverse transformation,TEM deformation twins for short annealing times,XRD; BSE; EBSD/GOS/KAM; TEM; STEM-EDS,Yes,"Table 3; Figs. 3,5-10; conclusions",Medium,"Average grain size ~1.3–1.5 µm across series. Initial ε ~0.8% at 10 h and ~2.2% at 72 h. | Hierarchical precipitates; longer annealing activates multi-variant ε, ε→γ reversion and sequential γ→ε→γ→ε transformation.","{""Derived_feature_status"": ""NA — reserved for later calculation; do not infer during raw extraction"", ""Precipitate_types"": ""σ phase; Cr-rich MC-type carbides; nanoscale (Ti,V,Mo)C""}",TRIP_TWIP_P006_P010_FULL_EXTRACTION.xlsx,P006_P010_Master_Extraction,Data_role -> Row_Type | Composition_basis_original -> Composition_basis | Image_modalities -> Characterization_methods,-3.0
P007,10.1016/j.actamat.2022.117974,,P007_C04,P007_G01,Experimental,Fe49.5Mn30Co10Cr10C0.2Ti0.1V0.1Mo0.1,,at.%,49.78,29.86,9.880000000000001,9.91,,,0.23,0.12,,0.12,0.11,,VIM; homogenize 1200C/2h; hot roll; cold roll 50%; anneal 600C,,1473,2,,,50,873,600,,298,0.001,,,,,,final tensile,1.4,,1,,,,,,,,,,,,,,1,,1,,1,Multi-variant ε + reverse transformation + sequential transformation,,,,,699,,1041,,45,,,,,,,,,TEM/XRD evidence for deformation-induced ε and reverse transformation,TEM deformation twins for short annealing times,XRD; BSE; EBSD/GOS/KAM; TEM; STEM-EDS,Yes,"Table 3; Figs. 3,5-10; conclusions",High,"Average grain size ~1.3–1.5 µm across series. Initial ε ~0.8% at 10 h and ~2.2% at 72 h. | Hierarchical precipitates; longer annealing activates multi-variant ε, ε→γ reversion and sequential γ→ε→γ→ε transformation.","{""Derived_feature_status"": ""NA — reserved for later calculation; do not infer during raw extraction"", ""Precipitate_types"": ""σ phase; Cr-rich MC-type carbides; nanoscale (Ti,V,Mo)C""}",TRIP_TWIP_P006_P010_FULL_EXTRACTION.xlsx,P006_P010_Master_Extraction,Data_role -> Row_Type | Composition_basis_original -> Composition_basis | Image_modalities -> Characterization_methods,-3.0
P007,10.1016/j.actamat.2022.117974,,P007_C05,P007_G01,Experimental,Fe49.5Mn30Co10Cr10C0.2Ti0.1V0.1Mo0.1,,at.%,49.78,29.86,9.880000000000001,9.91,,,0.23,0.12,,0.12,0.11,,VIM; homogenize 1200C/2h; hot roll; cold roll 50%; anneal 600C,,1473,2,,,50,873,4320,,298,0.001,,,,,,final tensile,1.4,,1,,,,,,,,,,,,,,1,,1,,1,Multi-variant ε + reverse transformation + sequential transformation,,,,,689,,1077,,37,,,,,,,,,TEM/XRD evidence for deformation-induced ε and reverse transformation,TEM deformation twins for short annealing times,XRD; BSE; EBSD/GOS/KAM; TEM; STEM-EDS,Yes,"Table 3; Figs. 3,5-10; conclusions",High,"Average grain size ~1.3–1.5 µm across series. Initial ε ~0.8% at 10 h and ~2.2% at 72 h. | Hierarchical precipitates; longer annealing activates multi-variant ε, ε→γ reversion and sequential γ→ε→γ→ε transformation.","{""Derived_feature_status"": ""NA — reserved for later calculation; do not infer during raw extraction"", ""Precipitate_types"": ""σ phase; Cr-rich MC-type carbides; nanoscale (Ti,V,Mo)C""}",TRIP_TWIP_P006_P010_FULL_EXTRACTION.xlsx,P006_P010_Master_Extraction,Data_role -> Row_Type | Composition_basis_original -> Composition_basis | Image_modalities -> Characterization_methods,-3.0
P008,10.1016/j.ijplas.2021.102965,,P008_C01,P008_G01,Experimental,Fe49.6Mn30.0Co10.0Cr10.4,,at.%,49.6,30,10,10.4,,,,,,,,,Base alloy reference; thermomechanically processed,,1473,2,,,60,,,,298,0.001,,,,,,final tensile,,,,,,,,,,,,,,,,,1,,1,,,Martensitic-transformation-dominant base alloy,,,,,210,,,,,,,,,,,,,Paper states base alloy dominated by martensitic transformation,Not assigned until condition-specific twin evidence is extracted,SEM; EBSD; TEM; XRD,Yes,Abstract + methods + mechanism comparison,Medium,YS ~210 MPa inferred from statement that N2.6 raises YS from 210 to 1310 MPa. | Heavy N doping changes dominant deformation from martensitic transformation to twinning.,"{""Derived_feature_status"": ""NA — reserved for later calculation; do not infer during raw extraction""}",TRIP_TWIP_P006_P010_FULL_EXTRACTION.xlsx,P006_P010_Master_Extraction,Data_role -> Row_Type | Composition_basis_original -> Composition_basis | Image_modalities -> Characterization_methods,-3.0
P008,10.1016/j.ijplas.2021.102965,,P008_C02,P008_G02,Experimental,Fe45.9Mn30.4Co10.5Cr10.6N2.6,,at.%,45.9,30.4,10.5,10.6,,2.6,,,,,,,High-N alloy; thermomechanical processing producing multi-heterostructure,,1473,2,,,60,1023,3,,298,0.001,,,,,,final tensile,,,,,,,,,,,,,,,,,0,1,1,,,Twinning-dominant; martensitic transformation suppressed,,,,,1310,,,,16.5,,16.5,,,,,,,Paper explicitly states dominant mechanism changes away from martensitic transformation,TEM/EBSD evidence; twinning becomes dominant,SEM; EBSD; TEM; APT,Yes,Abstract; methods; deformation microstructure section,High,Contains pre-existing α-martensite laths; do not confuse initial α with deformation-induced TRIP. | Heavy N doping changes dominant deformation from martensitic transformation to twinning.,"{""Derived_feature_status"": ""NA — reserved for later calculation; do not infer during raw extraction"", ""HDI_strengthening_MPa"": ""750"", ""Initial_alpha_martensite_area_fraction"": ""0.24""}",TRIP_TWIP_P006_P010_FULL_EXTRACTION.xlsx,P006_P010_Master_Extraction,Data_role -> Row_Type | Composition_basis_original -> Composition_basis | Image_modalities -> Characterization_methods,-3.0
P010,10.1103/PhysRevMaterials.4.033601,,P010_C01,P010_G01,Experimental + DFT/magnetism,Cr20Mn24Fe30Co20Ni6,,at.%,30,24,20,20,6,,,,,,,,Synthesized after ab-initio compositional screening; tensile + magnetic/microstructure characterization,,,,,,,,,,298,0.001,,,,0.2,,local strain ~20% mechanism characterization,,,,,,,,,,,,,,,,,1,1,1,,,TRIP with twin-like planar defects / mixed low-SFE deformation,,,,,,,,,,,,,,,,,,XRD/EBSD/TEM phase evidence and alloy-level mechanism assignment,TEM/EBSD/ECCI local-strain mechanism evidence; alloy-level comparison,XRD; EBSD; ECCI; TEM; magnetic measurements,Yes,Abstract; Figs. 1-5; Summary and Conclusions,Medium,Dual FCC+HCP initially; TEM at ~20% local strain confirms FCC+HCP; twin-like defects noted but diffraction confirmation limited. | SFE depends on magnetic state; retain magnetic descriptor with SFE.,"{""Derived_VEC"": ""7.68"", ""Derived_feature_status"": ""NA — reserved for later calculation; do not infer during raw extraction"", ""Magnetic_state_descriptor"": ""PM/AFM ordering explicitly modeled; Mn stabilizes AFM configurations"", ""VEC"": ""7.68""}",TRIP_TWIP_P006_P010_FULL_EXTRACTION.xlsx,P006_P010_Master_Extraction,Data_role -> Row_Type | Composition_basis_original -> Composition_basis | Image_modalities -> Characterization_methods,-3.0
P010,10.1103/PhysRevMaterials.4.033601,,P010_C02,P010_G02,Experimental + DFT/magnetism,Cr20Mn30Fe24Co20Ni6,,at.%,24,30,20,20,6,,,,,,,,Synthesized after ab-initio compositional screening; tensile + magnetic/microstructure characterization,,,,,,,,,,298,0.001,,,,0.2,,local strain ~20% mechanism characterization,,,,,,,,,,,,,,,,,0,1,1,,,TWIP rather than TRIP,,,,,,,,,,,,,,,,,,XRD/EBSD/TEM phase evidence and alloy-level mechanism assignment,TEM/EBSD/ECCI local-strain mechanism evidence; alloy-level comparison,XRD; EBSD; ECCI; TEM; magnetic measurements,Yes,Abstract; Figs. 1-5; Summary and Conclusions,High,Single FCC initially; paper conclusion identifies alloy II as TWIP rather than TRIP. | SFE depends on magnetic state; retain magnetic descriptor with SFE.,"{""Derived_VEC"": ""7.62"", ""Derived_feature_status"": ""NA — reserved for later calculation; do not infer during raw extraction"", ""Magnetic_state_descriptor"": ""PM/AFM ordering explicitly modeled; Mn stabilizes AFM configurations"", ""VEC"": ""7.62""}",TRIP_TWIP_P006_P010_FULL_EXTRACTION.xlsx,P006_P010_Master_Extraction,Data_role -> Row_Type | Composition_basis_original -> Composition_basis | Image_modalities -> Characterization_methods,-3.0
P010,10.1103/PhysRevMaterials.4.033601,,P010_C03,P010_G03,Experimental + DFT/magnetism,Cr20Mn15Fe34Co20Ni11,,at.%,34,15,20,20,11,,,,,,,,Synthesized after ab-initio compositional screening; tensile + magnetic/microstructure characterization,,,,,,,,,,298,0.001,,,,0.2,,local strain ~20% mechanism characterization,,,,,,,,,,,,,,,,,0,0,1,,,Stable FCC / planar-slip-dominant relative to designed TRIP/TWIP alloys,,,,,,,,,,,,,,,,,,XRD/EBSD/TEM phase evidence and alloy-level mechanism assignment,TEM/EBSD/ECCI local-strain mechanism evidence; alloy-level comparison,XRD; EBSD; ECCI; TEM; magnetic measurements,Yes,Abstract; Figs. 1-5; Summary and Conclusions,High,Single FCC initially; retained as explicit non-TRIP/non-TWIP comparator based on paper's three-alloy mechanism comparison. | SFE depends on magnetic state; retain magnetic descriptor with SFE.,"{""Derived_VEC"": ""7.87"", ""Derived_feature_status"": ""NA — reserved for later calculation; do not infer during raw extraction"", ""Magnetic_state_descriptor"": ""PM/AFM ordering explicitly modeled; Mn stabilizes AFM configurations"", ""VEC"": ""7.87""}",TRIP_TWIP_P006_P010_FULL_EXTRACTION.xlsx,P006_P010_Master_Extraction,Data_role -> Row_Type | Composition_basis_original -> Composition_basis | Image_modalities -> Characterization_methods,-3.0
P009,10.1126/sciadv.abo7333,,P009_C01,P009_G01,Experimental + CALPHAD/DFT,Co36Cr20Fe26Mn10Ni8,,at.%,26,10,36,20,8,,,,,,,,Cast; homogenized 1200C; ~60% cold rolled,,1473,,,,60,,,,293,,,,,,,post-cold-rolling mechanism characterization,,,,,,,,,,,,,,,,,1,0,1,,,TRIP,,,,,,,,,,,,,,,,,,EBSD phase mapping after cold rolling; experimental mechanism classification,EBSD/grain-boundary evidence; experimental mechanism classification,EBSD; SEM; nanoindentation,Yes,"Wang et al. 2022, Fig. 5 and design/validation results",High,#0; experimentally classified TRIP | Seven experimentally validated designed alloys; UMFE/UTFE are priority descriptors. Exact fault-energy values should be populated from source/supplement rather than guessed.,"{""Derived_feature_status"": ""NA — reserved for later calculation; do not infer during raw extraction""}",TRIP_TWIP_P006_P010_FULL_EXTRACTION.xlsx,P006_P010_Master_Extraction,Data_role -> Row_Type | Composition_basis_original -> Composition_basis | Image_modalities -> Characterization_methods,
P009,10.1126/sciadv.abo7333,,P009_C02,P009_G02,Experimental + CALPHAD/DFT,Co32Cr20Fe26Mn10Ni12,,at.%,26,10,32,20,12,,,,,,,,Cast; homogenized 1200C; ~60% cold rolled,,1473,,,,60,,,,293,,,,,,,post-cold-rolling mechanism characterization,,,,,,,,,,,,,,,,,0,1,1,,,TWIP,,,,,,,,,,,,,,,,,,EBSD phase mapping after cold rolling; experimental mechanism classification,EBSD/grain-boundary evidence; experimental mechanism classification,EBSD; SEM; nanoindentation,Yes,"Wang et al. 2022, Fig. 5 and design/validation results",High,#1; experimentally classified TWIP | Seven experimentally validated designed alloys; UMFE/UTFE are priority descriptors. Exact fault-energy values should be populated from source/supplement rather than guessed.,"{""Derived_feature_status"": ""NA — reserved for later calculation; do not infer during raw extraction""}",TRIP_TWIP_P006_P010_FULL_EXTRACTION.xlsx,P006_P010_Master_Extraction,Data_role -> Row_Type | Composition_basis_original -> Composition_basis | Image_modalities -> Characterization_methods,
P009,10.1126/sciadv.abo7333,,P009_C03,P009_G03,Experimental + CALPHAD/DFT,Co28Cr20Fe26Mn10Ni16,,at.%,26,10,28,20,16,,,,,,,,Cast; homogenized 1200C; ~60% cold rolled,,1473,,,,60,,,,293,,,,,,,post-cold-rolling mechanism characterization,,,,,,,,,,,,,,,,,0,1,1,,,TWIP,,,,,,,,,,,,,,,,,,EBSD phase mapping after cold rolling; experimental mechanism classification,EBSD/grain-boundary evidence; experimental mechanism classification,EBSD; SEM; nanoindentation,Yes,"Wang et al. 2022, Fig. 5 and design/validation results",High,#2; experimentally classified TWIP | Seven experimentally validated designed alloys; UMFE/UTFE are priority descriptors. Exact fault-energy values should be populated from source/supplement rather than guessed.,"{""Derived_feature_status"": ""NA — reserved for later calculation; do not infer during raw extraction""}",TRIP_TWIP_P006_P010_FULL_EXTRACTION.xlsx,P006_P010_Master_Extraction,Data_role -> Row_Type | Composition_basis_original -> Composition_basis | Image_modalities -> Characterization_methods,
P009,10.1126/sciadv.abo7333,,P009_C04,P009_G04,Experimental + CALPHAD/DFT,Co24Cr20Fe26Mn10Ni20,,at.%,26,10,24,20,20,,,,,,,,Cast; homogenized 1200C; ~60% cold rolled,,1473,,,,60,,,,293,,,,,,,post-cold-rolling mechanism characterization,,,,,,,,,,,,,,,,,0,1,1,,,TWIP,,,,,,,,,,,,,,,,,,EBSD phase mapping after cold rolling; experimental mechanism classification,EBSD/grain-boundary evidence; experimental mechanism classification,EBSD; SEM; nanoindentation,Yes,"Wang et al. 2022, Fig. 5 and design/validation results",High,#3; experimentally classified TWIP | Seven experimentally validated designed alloys; UMFE/UTFE are priority descriptors. Exact fault-energy values should be populated from source/supplement rather than guessed.,"{""Derived_feature_status"": ""NA — reserved for later calculation; do not infer during raw extraction""}",TRIP_TWIP_P006_P010_FULL_EXTRACTION.xlsx,P006_P010_Master_Extraction,Data_role -> Row_Type | Composition_basis_original -> Composition_basis | Image_modalities -> Characterization_methods,
P009,10.1126/sciadv.abo7333,,P009_C05,P009_G05,Experimental + CALPHAD/DFT,Co36Cr28Fe18Mn10Ni8,,at.%,18,10,36,28,8,,,,,,,,Cast; homogenized 1200C; ~60% cold rolled,,1473,,,,60,,,,293,,,,,,,post-cold-rolling mechanism characterization,,,,,,,,,,,,,,,,,1,0,1,,,TRIP,,,,,,,,,,,,,,,,,,EBSD phase mapping after cold rolling; experimental mechanism classification,EBSD/grain-boundary evidence; experimental mechanism classification,EBSD; SEM; nanoindentation,Yes,"Wang et al. 2022, Fig. 5 and design/validation results",High,#4; experimentally classified TRIP | Seven experimentally validated designed alloys; UMFE/UTFE are priority descriptors. Exact fault-energy values should be populated from source/supplement rather than guessed.,"{""Derived_feature_status"": ""NA — reserved for later calculation; do not infer during raw extraction""}",TRIP_TWIP_P006_P010_FULL_EXTRACTION.xlsx,P006_P010_Master_Extraction,Data_role -> Row_Type | Composition_basis_original -> Composition_basis | Image_modalities -> Characterization_methods,
P009,10.1126/sciadv.abo7333,,P009_C06,P009_G06,Experimental + CALPHAD/DFT,Co36Cr24Fe22Mn10Ni8,,at.%,22,10,36,24,8,,,,,,,,Cast; homogenized 1200C; ~60% cold rolled,,1473,,,,60,,,,293,,,,,,,post-cold-rolling mechanism characterization,,,,,,,,,,,,,,,,,1,0,1,,,TRIP,,,,,,,,,,,,,,,,,,EBSD phase mapping after cold rolling; experimental mechanism classification,EBSD/grain-boundary evidence; experimental mechanism classification,EBSD; SEM; nanoindentation,Yes,"Wang et al. 2022, Fig. 5 and design/validation results",High,#5; experimentally classified TRIP | Seven experimentally validated designed alloys; UMFE/UTFE are priority descriptors. Exact fault-energy values should be populated from source/supplement rather than guessed.,"{""Derived_feature_status"": ""NA — reserved for later calculation; do not infer during raw extraction""}",TRIP_TWIP_P006_P010_FULL_EXTRACTION.xlsx,P006_P010_Master_Extraction,Data_role -> Row_Type | Composition_basis_original -> Composition_basis | Image_modalities -> Characterization_methods,
P009,10.1126/sciadv.abo7333,,P009_C07,P009_G07,Experimental + CALPHAD/DFT,Co36Cr16Fe30Mn10Ni8,,at.%,30,10,36,16,8,,,,,,,,Cast; homogenized 1200C; ~60% cold rolled,,1473,,,,60,,,,293,,,,,,,post-cold-rolling mechanism characterization,,,,,,,,,,,,,,,,,1,0,1,,,TRIP,,,,,,,,,,,,,,,,,,EBSD phase mapping after cold rolling; experimental mechanism classification,EBSD/grain-boundary evidence; experimental mechanism classification,EBSD; SEM; nanoindentation,Yes,"Wang et al. 2022, Fig. 5 and design/validation results",High,#6; experimentally classified TRIP | Seven experimentally validated designed alloys; UMFE/UTFE are priority descriptors. Exact fault-energy values should be populated from source/supplement rather than guessed.,"{""Derived_feature_status"": ""NA — reserved for later calculation; do not infer during raw extraction""}",TRIP_TWIP_P006_P010_FULL_EXTRACTION.xlsx,P006_P010_Master_Extraction,Data_role -> Row_Type | Composition_basis_original -> Composition_basis | Image_modalities -> Characterization_methods,
P011,10.1016/j.jallcom.2023.170225,,P011_C01,P011_A8,Experimental,Fe50Mn30Co10Cr10,,at.%,50,30,10,10,,,,,,,,,"Gas-atomized pre-alloy powder; SPS 800C/30 min, 45 MPa, vacuum 7e-3 Pa",,,,,,,1073.15,30,,298,0.001,,,,,,,,,,,,,,,,,,,,,,,1,1,1,,,Dislocation slip + FCC→HCP phase transformation + detwinning + mechanical twinning,,,,,,,,,,,,,,,,,,Phase transformation reported during tensile deformation at 298 K.,Mechanical twinning reported during tensile deformation at 298 K.,XRD; SEM; EBSD; TEM; EDS,Yes,Experimental procedures; abstract; microstructure/tensile results,High,"Dual FCC+HCP as-sintered structure. Average grain size, HCP fraction and twin-boundary fraction increase with SPS temperature; exact figure values left blank unless explicitly extracted.","{""Derived_TRIP_TWIP_class"": ""11"", ""Derived_feature_status"": ""Calculated only for direct formula fields; other derived descriptors remain NA."", ""Derived_log10_strain_rate"": ""-3""}",TRIP_TWIP_P011_P015_FULL_EXTRACTION.xlsx,P011_P015_Master_Extraction,Data_role -> Row_Type | Composition_basis_original -> Composition_basis | Image_modalities -> Characterization_methods,-3.0
P011,10.1016/j.jallcom.2023.170225,,P011_C02,P011_A9,Experimental,Fe50Mn30Co10Cr10,,at.%,50,30,10,10,,,,,,,,,"Gas-atomized pre-alloy powder; SPS 900C/30 min, 45 MPa, vacuum 7e-3 Pa",,,,,,,1173.15,30,,298,0.001,,,,,,,,,,,,,,,,,,,,,,,1,1,1,,,Dislocation slip + FCC→HCP phase transformation + detwinning + mechanical twinning,,,,,,,,,,,,,,,,,,Phase transformation reported during tensile deformation at 298 K.,Mechanical twinning reported during tensile deformation at 298 K.,XRD; SEM; EBSD; TEM; EDS,Yes,Experimental procedures; abstract; microstructure/tensile results,High,"Dual FCC+HCP as-sintered structure. Average grain size, HCP fraction and twin-boundary fraction increase with SPS temperature; exact figure values left blank unless explicitly extracted.","{""Derived_TRIP_TWIP_class"": ""11"", ""Derived_feature_status"": ""Calculated only for direct formula fields; other derived descriptors remain NA."", ""Derived_log10_strain_rate"": ""-3""}",TRIP_TWIP_P011_P015_FULL_EXTRACTION.xlsx,P011_P015_Master_Extraction,Data_role -> Row_Type | Composition_basis_original -> Composition_basis | Image_modalities -> Characterization_methods,-3.0
P011,10.1016/j.jallcom.2023.170225,,P011_C03,P011_A10,Experimental,Fe50Mn30Co10Cr10,,at.%,50,30,10,10,,,,,,,,,"Gas-atomized pre-alloy powder; SPS 1000C/30 min, 45 MPa, vacuum 7e-3 Pa",,,,,,,1273.15,30,,298,0.001,,,,,,,,,,,,,,,,,,,,,,,1,1,1,,,Dislocation slip + FCC→HCP phase transformation + detwinning + mechanical twinning,,,,,287,,745,,,,,,,,,,,Phase transformation reported during tensile deformation at 298 K.,Mechanical twinning reported during tensile deformation at 298 K.,XRD; SEM; EBSD; TEM; EDS,Yes,Experimental procedures; abstract; microstructure/tensile results,High,"Dual FCC+HCP as-sintered structure. Average grain size, HCP fraction and twin-boundary fraction increase with SPS temperature; exact figure values left blank unless explicitly extracted.","{""Derived_TRIP_TWIP_class"": ""11"", ""Derived_feature_status"": ""Calculated only for direct formula fields; other derived descriptors remain NA."", ""Derived_log10_strain_rate"": ""-3""}",TRIP_TWIP_P011_P015_FULL_EXTRACTION.xlsx,P011_P015_Master_Extraction,Data_role -> Row_Type | Composition_basis_original -> Composition_basis | Image_modalities -> Characterization_methods,-3.0
P011,10.1016/j.jallcom.2023.170225,,P011_C04,P011_A11,Experimental,Fe50Mn30Co10Cr10,,at.%,50,30,10,10,,,,,,,,,"Gas-atomized pre-alloy powder; SPS 1100C/30 min, 45 MPa, vacuum 7e-3 Pa",,,,,,,1373.15,30,,298,0.001,,,,,,,,,,,,,,,,,,,,,,,1,1,1,,,Dislocation slip + FCC→HCP phase transformation + detwinning + mechanical twinning,,,,,,,,,,,,,,,,,,Phase transformation reported during tensile deformation at 298 K.,Mechanical twinning reported during tensile deformation at 298 K.,XRD; SEM; EBSD; TEM; EDS,Yes,Experimental procedures; abstract; microstructure/tensile results,High,"Dual FCC+HCP as-sintered structure. Average grain size, HCP fraction and twin-boundary fraction increase with SPS temperature; exact figure values left blank unless explicitly extracted.","{""Derived_TRIP_TWIP_class"": ""11"", ""Derived_feature_status"": ""Calculated only for direct formula fields; other derived descriptors remain NA."", ""Derived_log10_strain_rate"": ""-3""}",TRIP_TWIP_P011_P015_FULL_EXTRACTION.xlsx,P011_P015_Master_Extraction,Data_role -> Row_Type | Composition_basis_original -> Composition_basis | Image_modalities -> Characterization_methods,-3.0
P011,10.1016/j.jallcom.2023.170225,,P011_C05,P011_A10,Experimental,Fe50Mn30Co10Cr10,,at.%,50,30,10,10,,,,,,,,,"Gas-atomized pre-alloy powder; SPS 1000C/30 min, 45 MPa, vacuum 7e-3 Pa",,,,,,,1273.15,30,,77,0.001,,,,,,,,,,,,,,,,,,,,,,,1,0,1,,,Enhanced TRIP; dislocation slip; no mechanical twinning,,,,,490,,1107,,,,,,,,,,,77 K response attributed to a more significant TRIP effect.,Paper explicitly reports no mechanical twinning at 77 K.,XRD; SEM; EBSD; TEM; EDS,Yes,Abstract; tensile-temperature comparison,High,A10 condition; only tiny loss of uniform elongation relative to 298 K.,"{""Derived_TRIP_TWIP_class"": ""10"", ""Derived_feature_status"": ""Calculated only for direct formula fields; other derived descriptors remain NA."", ""Derived_log10_strain_rate"": ""-3""}",TRIP_TWIP_P011_P015_FULL_EXTRACTION.xlsx,P011_P015_Master_Extraction,Data_role -> Row_Type | Composition_basis_original -> Composition_basis | Image_modalities -> Characterization_methods,-3.0
P012,10.1016/j.jallcom.2022.165108,,P012_C01,P012_Fe40Mn40Co10Cr10,Experimental + thermodynamics,Fe40Mn40Co10Cr10,,at.%,40,40,10,10,,,,,,,,,Thermomechanically processed; interrupted tensile characterization,,,,,,,,,,298,0.001,,,,,,,,,,,,,,,,,,,,,,,0,1,1,,,Deformation twinning dominant,,,,,,,,,,,,,,,,,,RT response described as deformation-twinning dominant.,Deformation twinning dominant for all three alloys at RT; coupled TWIP/TRIP reported at cryogenic temperature.,XRD; EBSD; TEM,Yes,Abstract; experimental sections; Table 2/strain-dependent results,High,"SFE, friction stress and ΔG_FCC→HCP are important source descriptors. Exact numeric Table 2 values intentionally left blank here rather than guessed.","{""Derived_TRIP_TWIP_class"": ""01"", ""Derived_feature_status"": ""SFE/ΔG priority fields remain NA until exact source-table extraction."", ""Derived_log10_strain_rate"": ""-3""}",TRIP_TWIP_P011_P015_FULL_EXTRACTION.xlsx,P011_P015_Master_Extraction,Data_role -> Row_Type | Composition_basis_original -> Composition_basis | Image_modalities -> Characterization_methods,-3.0
P012,10.1016/j.jallcom.2022.165108,,P012_C02,P012_Fe40Mn40Co10Cr10,Experimental + thermodynamics,Fe40Mn40Co10Cr10,,at.%,40,40,10,10,,,,,,,,,Thermomechanically processed; interrupted tensile characterization,,,,,,,,,,77,0.001,,,,,,,,,,,,,,,,,,,,,,,1,1,1,,,Cryogenic TRIP/TWIP; strain-induced martensite favored,,,,,,,,,,,,,,,,,,"At cryogenic temperature, preferential strain-induced martensitic transformation is reported; Mo increases ε-martensite with strain.",Deformation twinning dominant for all three alloys at RT; coupled TWIP/TRIP reported at cryogenic temperature.,XRD; EBSD; TEM,Yes,Abstract; experimental sections; Table 2/strain-dependent results,High,"SFE, friction stress and ΔG_FCC→HCP are important source descriptors. Exact numeric Table 2 values intentionally left blank here rather than guessed.","{""Derived_TRIP_TWIP_class"": ""11"", ""Derived_feature_status"": ""SFE/ΔG priority fields remain NA until exact source-table extraction."", ""Derived_log10_strain_rate"": ""-3""}",TRIP_TWIP_P011_P015_FULL_EXTRACTION.xlsx,P011_P015_Master_Extraction,Data_role -> Row_Type | Composition_basis_original -> Composition_basis | Image_modalities -> Characterization_methods,-3.0
P012,10.1016/j.jallcom.2022.165108,,P012_C03,P012_Fe39.5Mn40Co10Cr10C0.5,Experimental + thermodynamics,Fe39.5Mn40Co10Cr10C0.5,,at.%,39.5,40,10,10,,,0.5,,,,,,Thermomechanically processed; interrupted tensile characterization,,,,,,,,,,298,0.001,,,,,,,,,,,,,,,,,,,,,,,0,1,1,,,Deformation twinning dominant,,,,,,,,,,,,,,,,,,RT response described as deformation-twinning dominant.,Deformation twinning dominant for all three alloys at RT; coupled TWIP/TRIP reported at cryogenic temperature.,XRD; EBSD; TEM,Yes,Abstract; experimental sections; Table 2/strain-dependent results,High,"SFE, friction stress and ΔG_FCC→HCP are important source descriptors. Exact numeric Table 2 values intentionally left blank here rather than guessed.","{""Derived_TRIP_TWIP_class"": ""01"", ""Derived_feature_status"": ""SFE/ΔG priority fields remain NA until exact source-table extraction."", ""Derived_log10_strain_rate"": ""-3""}",TRIP_TWIP_P011_P015_FULL_EXTRACTION.xlsx,P011_P015_Master_Extraction,Data_role -> Row_Type | Composition_basis_original -> Composition_basis | Image_modalities -> Characterization_methods,-3.0
P012,10.1016/j.jallcom.2022.165108,,P012_C04,P012_Fe39.5Mn40Co10Cr10C0.5,Experimental + thermodynamics,Fe39.5Mn40Co10Cr10C0.5,,at.%,39.5,40,10,10,,,0.5,,,,,,Thermomechanically processed; interrupted tensile characterization,,,,,,,,,,77,0.001,,,,,,,,,,,,,,,,,,,,,,,1,1,1,,,Synergistic TWIP + TRIP; exceptional strength/ductility,,,,,,,1022,,110,,,,,,,,,"At cryogenic temperature, preferential strain-induced martensitic transformation is reported; Mo increases ε-martensite with strain.",Deformation twinning dominant for all three alloys at RT; coupled TWIP/TRIP reported at cryogenic temperature.,XRD; EBSD; TEM,Yes,Abstract; experimental sections; Table 2/strain-dependent results,High,"SFE, friction stress and ΔG_FCC→HCP are important source descriptors. Exact numeric Table 2 values intentionally left blank here rather than guessed.","{""Derived_TRIP_TWIP_class"": ""11"", ""Derived_feature_status"": ""SFE/ΔG priority fields remain NA until exact source-table extraction."", ""Derived_log10_strain_rate"": ""-3""}",TRIP_TWIP_P011_P015_FULL_EXTRACTION.xlsx,P011_P015_Master_Extraction,Data_role -> Row_Type | Composition_basis_original -> Composition_basis | Image_modalities -> Characterization_methods,-3.0
P012,10.1016/j.jallcom.2022.165108,,P012_C05,P012_Fe38.3Mn40Co10Cr10Mo1.7,Experimental + thermodynamics,Fe38.3Mn40Co10Cr10Mo1.7,,at.%,38.3,40,10,10,,,,1.7,,,,,Thermomechanically processed; interrupted tensile characterization,,,,,,,,,,298,0.001,,,,,,,,,,,,,,,,,,,,,,,0,1,1,,,Deformation twinning dominant,,,,,,,,,,,,,,,,,,RT response described as deformation-twinning dominant.,Deformation twinning dominant for all three alloys at RT; coupled TWIP/TRIP reported at cryogenic temperature.,XRD; EBSD; TEM,Yes,Abstract; experimental sections; Table 2/strain-dependent results,High,"SFE, friction stress and ΔG_FCC→HCP are important source descriptors. Exact numeric Table 2 values intentionally left blank here rather than guessed.","{""Derived_TRIP_TWIP_class"": ""01"", ""Derived_feature_status"": ""SFE/ΔG priority fields remain NA until exact source-table extraction."", ""Derived_log10_strain_rate"": ""-3""}",TRIP_TWIP_P011_P015_FULL_EXTRACTION.xlsx,P011_P015_Master_Extraction,Data_role -> Row_Type | Composition_basis_original -> Composition_basis | Image_modalities -> Characterization_methods,-3.0
P012,10.1016/j.jallcom.2022.165108,,P012_C06,P012_Fe38.3Mn40Co10Cr10Mo1.7,Experimental + thermodynamics,Fe38.3Mn40Co10Cr10Mo1.7,,at.%,38.3,40,10,10,,,,1.7,,,,,Thermomechanically processed; interrupted tensile characterization,,,,,,,,,,77,0.001,,,,,,,,,,,,,,,,,,,,,,,1,1,1,,,Enhanced ε-martensite formation + twinning,,,,,,,,,,,,,,,,,,"At cryogenic temperature, preferential strain-induced martensitic transformation is reported; Mo increases ε-martensite with strain.",Deformation twinning dominant for all three alloys at RT; coupled TWIP/TRIP reported at cryogenic temperature.,XRD; EBSD; TEM,Yes,Abstract; experimental sections; Table 2/strain-dependent results,High,"SFE, friction stress and ΔG_FCC→HCP are important source descriptors. Exact numeric Table 2 values intentionally left blank here rather than guessed.","{""Derived_TRIP_TWIP_class"": ""11"", ""Derived_feature_status"": ""SFE/ΔG priority fields remain NA until exact source-table extraction."", ""Derived_log10_strain_rate"": ""-3""}",TRIP_TWIP_P011_P015_FULL_EXTRACTION.xlsx,P011_P015_Master_Extraction,Data_role -> Row_Type | Composition_basis_original -> Composition_basis | Image_modalities -> Characterization_methods,-3.0
P013,10.1016/j.ijplas.2024.104048,,P013_C01,P013_G01,Experimental in-situ strain-resolved,Fe50Mn30Co10Cr10,,at.%,50,30,10,10,,,,,,,,,As-cast DP-HEA; in-situ tensile loading under synchrotron X-ray diffraction,,,,,,,,,,298,0.001,,,,,,Full tensile test,,,,,,,,,,,,,,,,,1,1,1,,,Four-stage response involving FCC→HCP TRIP and HCP twinning,,,,,,,,,,,,,,,,,,In-situ SXRD quantitatively tracks γ-FCC→ε-HCP phase evolution.,SXRD peak/orientation analysis identifies twinning activity in ε-HCP during loading.,In-situ SXRD; EBSD; OM; SEM,Yes,Abstract; Materials and methods; four-stage SXRD results,High,Parent row. Repeated SXRD measurements are correlated and must not be treated as independent train/test samples.,"{""Derived_TRIP_TWIP_class"": ""11"", ""Derived_feature_status"": ""Phase fraction, lattice strain, integrated intensity, c/a and dislocation density are source-available strain-resolved descriptors; exact pointwise values should be digitized later."", ""Derived_log10_strain_rate"": ""-3""}",TRIP_TWIP_P011_P015_FULL_EXTRACTION.xlsx,P011_P015_Master_Extraction,Data_role -> Row_Type | Composition_basis_original -> Composition_basis | Image_modalities -> Characterization_methods,-3.0
P013,10.1016/j.ijplas.2024.104048,,P013_C02,P013_G01,Experimental in-situ strain-resolved,Fe50Mn30Co10Cr10,,at.%,50,30,10,10,,,,,,,,,As-cast DP-HEA; in-situ tensile loading under synchrotron X-ray diffraction,,,,,,,,,,298,0.001,,,,,,Stage I,,,,,,,,,,,,,,,,,1,1,1,,,Stage-resolved load accommodation from SXRD; TRIP/TWIP/slip contributions evolve with stress.,,,,,,,,,,,,,,,,,,In-situ SXRD quantitatively tracks γ-FCC→ε-HCP phase evolution.,SXRD peak/orientation analysis identifies twinning activity in ε-HCP during loading.,In-situ SXRD; EBSD; OM; SEM,Yes,Abstract; Materials and methods; four-stage SXRD results,High,"Stage row retained for later insertion of exact stress/strain, phase fraction, lattice strain, c/a and dislocation-density values from figures.","{""Derived_TRIP_TWIP_class"": ""11"", ""Derived_feature_status"": ""Phase fraction, lattice strain, integrated intensity, c/a and dislocation density are source-available strain-resolved descriptors; exact pointwise values should be digitized later."", ""Derived_log10_strain_rate"": ""-3""}",TRIP_TWIP_P011_P015_FULL_EXTRACTION.xlsx,P011_P015_Master_Extraction,Data_role -> Row_Type | Composition_basis_original -> Composition_basis | Image_modalities -> Characterization_methods,-3.0
P013,10.1016/j.ijplas.2024.104048,,P013_C03,P013_G01,Experimental in-situ strain-resolved,Fe50Mn30Co10Cr10,,at.%,50,30,10,10,,,,,,,,,As-cast DP-HEA; in-situ tensile loading under synchrotron X-ray diffraction,,,,,,,,,,298,0.001,,,,,,Stage II,,,,,,,,,,,,,,,,,1,1,1,,,Stage-resolved load accommodation from SXRD; TRIP/TWIP/slip contributions evolve with stress.,,,,,,,,,,,,,,,,,,In-situ SXRD quantitatively tracks γ-FCC→ε-HCP phase evolution.,SXRD peak/orientation analysis identifies twinning activity in ε-HCP during loading.,In-situ SXRD; EBSD; OM; SEM,Yes,Abstract; Materials and methods; four-stage SXRD results,High,"Stage row retained for later insertion of exact stress/strain, phase fraction, lattice strain, c/a and dislocation-density values from figures.","{""Derived_TRIP_TWIP_class"": ""11"", ""Derived_feature_status"": ""Phase fraction, lattice strain, integrated intensity, c/a and dislocation density are source-available strain-resolved descriptors; exact pointwise values should be digitized later."", ""Derived_log10_strain_rate"": ""-3""}",TRIP_TWIP_P011_P015_FULL_EXTRACTION.xlsx,P011_P015_Master_Extraction,Data_role -> Row_Type | Composition_basis_original -> Composition_basis | Image_modalities -> Characterization_methods,-3.0
P013,10.1016/j.ijplas.2024.104048,,P013_C04,P013_G01,Experimental in-situ strain-resolved,Fe50Mn30Co10Cr10,,at.%,50,30,10,10,,,,,,,,,As-cast DP-HEA; in-situ tensile loading under synchrotron X-ray diffraction,,,,,,,,,,298,0.001,,,,,,Stage III,,,,,,,,,,,,,,,,,1,1,1,,,Stage-resolved load accommodation from SXRD; TRIP/TWIP/slip contributions evolve with stress.,,,,,,,,,,,,,,,,,,In-situ SXRD quantitatively tracks γ-FCC→ε-HCP phase evolution.,SXRD peak/orientation analysis identifies twinning activity in ε-HCP during loading.,In-situ SXRD; EBSD; OM; SEM,Yes,Abstract; Materials and methods; four-stage SXRD results,High,"Stage row retained for later insertion of exact stress/strain, phase fraction, lattice strain, c/a and dislocation-density values from figures.","{""Derived_TRIP_TWIP_class"": ""11"", ""Derived_feature_status"": ""Phase fraction, lattice strain, integrated intensity, c/a and dislocation density are source-available strain-resolved descriptors; exact pointwise values should be digitized later."", ""Derived_log10_strain_rate"": ""-3""}",TRIP_TWIP_P011_P015_FULL_EXTRACTION.xlsx,P011_P015_Master_Extraction,Data_role -> Row_Type | Composition_basis_original -> Composition_basis | Image_modalities -> Characterization_methods,-3.0
P013,10.1016/j.ijplas.2024.104048,,P013_C05,P013_G01,Experimental in-situ strain-resolved,Fe50Mn30Co10Cr10,,at.%,50,30,10,10,,,,,,,,,As-cast DP-HEA; in-situ tensile loading under synchrotron X-ray diffraction,,,,,,,,,,298,0.001,,,,,,Stage IV,,,,,,,,,,,,,,,,,1,1,1,,,Stage-resolved load accommodation from SXRD; TRIP/TWIP/slip contributions evolve with stress.,,,,,,,,,,,,,,,,,,In-situ SXRD quantitatively tracks γ-FCC→ε-HCP phase evolution.,SXRD peak/orientation analysis identifies twinning activity in ε-HCP during loading.,In-situ SXRD; EBSD; OM; SEM,Yes,Abstract; Materials and methods; four-stage SXRD results,High,"Stage row retained for later insertion of exact stress/strain, phase fraction, lattice strain, c/a and dislocation-density values from figures.","{""Derived_TRIP_TWIP_class"": ""11"", ""Derived_feature_status"": ""Phase fraction, lattice strain, integrated intensity, c/a and dislocation density are source-available strain-resolved descriptors; exact pointwise values should be digitized later."", ""Derived_log10_strain_rate"": ""-3""}",TRIP_TWIP_P011_P015_FULL_EXTRACTION.xlsx,P011_P015_Master_Extraction,Data_role -> Row_Type | Composition_basis_original -> Composition_basis | Image_modalities -> Characterization_methods,-3.0
P014,10.3390/ma17235893,,P014_C01,P014_As-cast,Experimental,Fe50Mn30Co10Cr10,,at.%,50,30,10,10,,,,,,,,,As-cast,,,,,,,,,,298,,,,,,,,,,,,,,,,,,,,,,,,1,1,1,,0,Microstructure reference state,,,,,,,,,,,,,,,,,,Cold rolling induces FCC→HCP; tensile deformation of heterogeneous states includes FCC→HCP transformation.,Deformation twins contribute to ductility in heterogeneous annealed states.,XRD; SEM; EBSD; TEM; microhardness,Yes,Processing; microstructure; tensile and strengthening/deformation-mechanism sections,Medium,"A600 (600C/10 min) reported as best strength-ductility condition. During annealing, part of HCP reverses to FCC, producing heterogeneous deformed/recrystallized FCC structure.","{""Derived_TRIP_TWIP_class"": ""11"", ""Derived_feature_status"": ""Exact phase/recrystallized fractions, hardness and mechanical-property values can be populated from source figures/tables later.""}",TRIP_TWIP_P011_P015_FULL_EXTRACTION.xlsx,P011_P015_Master_Extraction,Data_role -> Row_Type | Composition_basis_original -> Composition_basis | Image_modalities -> Characterization_methods,
P014,10.3390/ma17235893,,P014_C02,P014_Cold rolled,Experimental,Fe50Mn30Co10Cr10,,at.%,50,30,10,10,,,,,,,,,Cold rolled,,,,,,,,,,298,,,,,,,,,,,,,,,,,,,,,,,,1,1,1,,0,Microstructure reference state,,,,,,,,,,,,,,,,,,Cold rolling induces FCC→HCP; tensile deformation of heterogeneous states includes FCC→HCP transformation.,Deformation twins contribute to ductility in heterogeneous annealed states.,XRD; SEM; EBSD; TEM; microhardness,Yes,Processing; microstructure; tensile and strengthening/deformation-mechanism sections,Medium,"A600 (600C/10 min) reported as best strength-ductility condition. During annealing, part of HCP reverses to FCC, producing heterogeneous deformed/recrystallized FCC structure.","{""Derived_TRIP_TWIP_class"": ""11"", ""Derived_feature_status"": ""Exact phase/recrystallized fractions, hardness and mechanical-property values can be populated from source figures/tables later.""}",TRIP_TWIP_P011_P015_FULL_EXTRACTION.xlsx,P011_P015_Master_Extraction,Data_role -> Row_Type | Composition_basis_original -> Composition_basis | Image_modalities -> Characterization_methods,
P014,10.3390/ma17235893,,P014_C03,P014_A600,Experimental,Fe50Mn30Co10Cr10,,at.%,50,30,10,10,,,,,,,,,Cold rolling followed by partial-recrystallization annealing,,,,,,,873.15,10,,298,0.001,,,,,,,,,,,,,,,,,,,,,,,1,1,1,,1,FCC→HCP transformation + deformation twins + HDI strengthening/strain hardening,,,,,,,,,,,,,,,,,,Cold rolling induces FCC→HCP; tensile deformation of heterogeneous states includes FCC→HCP transformation.,Deformation twins contribute to ductility in heterogeneous annealed states.,XRD; SEM; EBSD; TEM; microhardness,Yes,Processing; microstructure; tensile and strengthening/deformation-mechanism sections,Medium,"A600 (600C/10 min) reported as best strength-ductility condition. During annealing, part of HCP reverses to FCC, producing heterogeneous deformed/recrystallized FCC structure.","{""Derived_TRIP_TWIP_class"": ""11"", ""Derived_feature_status"": ""Exact phase/recrystallized fractions, hardness and mechanical-property values can be populated from source figures/tables later."", ""Derived_log10_strain_rate"": ""-3""}",TRIP_TWIP_P011_P015_FULL_EXTRACTION.xlsx,P011_P015_Master_Extraction,Data_role -> Row_Type | Composition_basis_original -> Composition_basis | Image_modalities -> Characterization_methods,-3.0
P014,10.3390/ma17235893,,P014_C04,P014_A650,Experimental,Fe50Mn30Co10Cr10,,at.%,50,30,10,10,,,,,,,,,Cold rolling followed by partial-recrystallization annealing,,,,,,,923.15,10,,298,0.001,,,,,,,,,,,,,,,,,,,,,,,1,1,1,,1,FCC→HCP transformation + deformation twins + HDI strengthening/strain hardening,,,,,,,,,,,,,,,,,,Cold rolling induces FCC→HCP; tensile deformation of heterogeneous states includes FCC→HCP transformation.,Deformation twins contribute to ductility in heterogeneous annealed states.,XRD; SEM; EBSD; TEM; microhardness,Yes,Processing; microstructure; tensile and strengthening/deformation-mechanism sections,Medium,"A600 (600C/10 min) reported as best strength-ductility condition. During annealing, part of HCP reverses to FCC, producing heterogeneous deformed/recrystallized FCC structure.","{""Derived_TRIP_TWIP_class"": ""11"", ""Derived_feature_status"": ""Exact phase/recrystallized fractions, hardness and mechanical-property values can be populated from source figures/tables later."", ""Derived_log10_strain_rate"": ""-3""}",TRIP_TWIP_P011_P015_FULL_EXTRACTION.xlsx,P011_P015_Master_Extraction,Data_role -> Row_Type | Composition_basis_original -> Composition_basis | Image_modalities -> Characterization_methods,-3.0
P014,10.3390/ma17235893,,P014_C05,P014_A700,Experimental,Fe50Mn30Co10Cr10,,at.%,50,30,10,10,,,,,,,,,Cold rolling followed by partial-recrystallization annealing,,,,,,,973.15,10,,298,0.001,,,,,,,,,,,,,,,,,,,,,,,1,1,1,,1,FCC→HCP transformation + deformation twins + HDI strengthening/strain hardening,,,,,,,,,,,,,,,,,,Cold rolling induces FCC→HCP; tensile deformation of heterogeneous states includes FCC→HCP transformation.,Deformation twins contribute to ductility in heterogeneous annealed states.,XRD; SEM; EBSD; TEM; microhardness,Yes,Processing; microstructure; tensile and strengthening/deformation-mechanism sections,Medium,"A600 (600C/10 min) reported as best strength-ductility condition. During annealing, part of HCP reverses to FCC, producing heterogeneous deformed/recrystallized FCC structure.","{""Derived_TRIP_TWIP_class"": ""11"", ""Derived_feature_status"": ""Exact phase/recrystallized fractions, hardness and mechanical-property values can be populated from source figures/tables later."", ""Derived_log10_strain_rate"": ""-3""}",TRIP_TWIP_P011_P015_FULL_EXTRACTION.xlsx,P011_P015_Master_Extraction,Data_role -> Row_Type | Composition_basis_original -> Composition_basis | Image_modalities -> Characterization_methods,-3.0
P015,10.1016/j.jallcom.2026.188919,,P015_C01,P015_G01,Experimental + MD-derived SFE,Fe50Mn20Cr20Ni10,,at.%,50,20,,20,10,,,,,,,,VIM under Ar; extra 5 wt% Mn charge; cast in Cu mold; homogenized 1473 K/6 h; water quenched,,1473,6,,,,,,,298,0.001,,,,,,,,,1,,,36.62,,Molecular dynamics at test temperature,,,,,,,,,0,1,1,,,TWIP-dominant; deformation bands/HDDWs and nanotwins,,,,,300,,550,,,,,,,,,,,No TRIP-dominant response; TWIP governs at 298 K.,Mechanical nanotwins observed; TWIP active at both temperatures.,XRD; SEM/EBSD; TEM/HR-TEM/SAED; MD,Yes,Abstract; Sections 2.1-2.4; mechanism model; conclusions,High,Critical normal growth stress model: ε-martensite ~742 MPa at 77 K and ~745 MPa at 298 K; twins ~440 MPa at 77 K and ~658 MPa at 298 K. At 77 K TWIP begins near plastic onset; TRIP inferred near ~12% strain. Keep MD deformation rate separate from experimental tensile rate.,"{""Derived_TRIP_TWIP_class"": ""01"", ""Derived_feature_status"": ""Direct formula fields calculated; other composition descriptors remain NA."", ""Derived_log10_strain_rate"": ""-3""}",TRIP_TWIP_P011_P015_FULL_EXTRACTION.xlsx,P011_P015_Master_Extraction,Data_role -> Row_Type | Composition_basis_original -> Composition_basis | Image_modalities -> Characterization_methods,-3.0
P015,10.1016/j.jallcom.2026.188919,,P015_C02,P015_G01,Experimental + MD-derived SFE,Fe50Mn20Cr20Ni10,,at.%,50,20,,20,10,,,,,,,,VIM under Ar; extra 5 wt% Mn charge; cast in Cu mold; homogenized 1473 K/6 h; water quenched,,1473,6,,,,,,,77,0.001,,,,,,,,,1,,,10.97,,Molecular dynamics at test temperature,,,,,,,,,1,1,1,,,Synergistic TWIP + TRIP; secondary twins + ε-martensite,,,,,608,,850,,,,,,,,,,,ε-martensite activated at high strain at 77 K.,Mechanical nanotwins observed; TWIP active at both temperatures.,XRD; SEM/EBSD; TEM/HR-TEM/SAED; MD,Yes,Abstract; Sections 2.1-2.4; mechanism model; conclusions,High,Critical normal growth stress model: ε-martensite ~742 MPa at 77 K and ~745 MPa at 298 K; twins ~440 MPa at 77 K and ~658 MPa at 298 K. At 77 K TWIP begins near plastic onset; TRIP inferred near ~12% strain. Keep MD deformation rate separate from experimental tensile rate.,"{""Derived_TRIP_TWIP_class"": ""11"", ""Derived_feature_status"": ""Direct formula fields calculated; other composition descriptors remain NA."", ""Derived_log10_strain_rate"": ""-3""}",TRIP_TWIP_P011_P015_FULL_EXTRACTION.xlsx,P011_P015_Master_Extraction,Data_role -> Row_Type | Composition_basis_original -> Composition_basis | Image_modalities -> Characterization_methods,-3.0
P016,10.1016/j.actamat.2018.10.017,Hierarchical microstructure design to tune the mechanical behavior of an interstitial TRIP-TWIP high-entropy alloy,P016_C01,P016_G01,Experimental processing/tensile condition,Fe49.5Mn30Co10Cr10C0.5,Fe49.5Mn30Co10Cr10C0.5,at.%,49.5,30,10,10,,,0.5,,,,,,Hot roll 50%; homogenize 1200C/2h; cold roll 67%; temper/anneal,,1473,2,,,67,673,3,,298,0.001,,,,,,Bimodal tempered,,,,,,,,,,,,,,,,,,,1,,,Nanograin/nanotwin strengthening; condition-specific TRIP/TWIP labels not forced,,,,,1300,,,,14,,,,,,,,,Condition-specific binary TRIP label not explicitly assigned,Condition-specific binary TWIP label not explicitly assigned,EBSD; ECC; XRD; TEM; DIC,Yes,Acta Materialia 163 (2019) 40–54,Medium,~50 nm nanograins + recovered parent grains 10–35 µm with pre-existing nanotwins | Bimodal state ~2× stronger; trimodal structure increases ductility from ~14% to ~60%.,,TRIP_TWIP_P016_P019_FULL_EXTRACTION.xlsx,P016_P019_Master_Extraction,,-3.0
P016,10.1016/j.actamat.2018.10.017,Hierarchical microstructure design to tune the mechanical behavior of an interstitial TRIP-TWIP high-entropy alloy,P016_C02,P016_G02,Experimental processing/tensile condition,Fe49.5Mn30Co10Cr10C0.5,Fe49.5Mn30Co10Cr10C0.5,at.%,49.5,30,10,10,,,0.5,,,,,,Hot roll 50%; homogenize 1200C/2h; cold roll 67%; temper/anneal,,1473,2,,,67,673,10,,298,0.001,,,,,,Bimodal tempered,,,,,,,,,,,,,,,,,,,1,,,Recovered parent grains + nanograins; hierarchical bimodal microstructure,,,,,,,,,,,,,,,,,,Condition-specific binary TRIP label not explicitly assigned,Condition-specific binary TWIP label not explicitly assigned,EBSD; ECC; XRD; TEM; DIC,Yes,Acta Materialia 163 (2019) 40–54,Medium,~50 nm nanograins + recovered parent grains 10–35 µm | Bimodal state ~2× stronger; trimodal structure increases ductility from ~14% to ~60%.,,TRIP_TWIP_P016_P019_FULL_EXTRACTION.xlsx,P016_P019_Master_Extraction,,-3.0
P016,10.1016/j.actamat.2018.10.017,Hierarchical microstructure design to tune the mechanical behavior of an interstitial TRIP-TWIP high-entropy alloy,P016_C03,P016_G03,Experimental processing/tensile condition,Fe49.5Mn30Co10Cr10C0.5,Fe49.5Mn30Co10Cr10C0.5,at.%,49.5,30,10,10,,,0.5,,,,,,Hot roll 50%; homogenize 1200C/2h; cold roll 67%; temper/anneal,,1473,2,,,67,923,,,298,0.001,,,,,,Trimodal annealed,,,,,,,,,,,,,,,,,1,1,1,,,Sequential activation of TRIP then TWIP across grain-size hierarchy,,,,,,,,,60,,,,,,,,,Sequential phase-stability response linked to grain-size hierarchy,Sequential twinning response linked to grain-size hierarchy,EBSD; ECC; XRD; TEM; DIC,Yes,Acta Materialia 163 (2019) 40–54,High,<1 µm + 1–6 µm + retained large grains | Bimodal state ~2× stronger; trimodal structure increases ductility from ~14% to ~60%.,,TRIP_TWIP_P016_P019_FULL_EXTRACTION.xlsx,P016_P019_Master_Extraction,,-3.0
P017,10.1016/j.ijplas.2019.102649,Study of the plastic deformation mechanism of TRIP–TWIP high entropy alloys at the atomic level,P017_C01,P017_Al0.5_T300,Molecular-dynamics simulation,Al0.5CrCoFeCuNi,Al0.5CrCoFeCuNi,simulation stoichiometric notation,,,,,,,,,,,,,Atomic model melting + rapid quenching; uniaxial MD tension,,,,,,,,,,300,100000000,,,,,,,,,,,,,,,,,,,,,,,1,1,1,1,,Coupled TWIP-induced TRIP and TRIP-induced TWIP; stacking-fault/dislocation/twin evolution,,,,,,,,,,,,,,,,,,MD reports TWIP-induced TRIP and TRIP-induced TWIP mechanisms,MD reports twinning and detwinning,Molecular dynamics; atomistic defect analysis,Yes,International Journal of Plasticity 127 (2020) 102649,High,Computational support only; MD strain rates must not be mixed directly with experimental data.,,TRIP_TWIP_P016_P019_FULL_EXTRACTION.xlsx,P016_P019_Master_Extraction,,8.0
P017,10.1016/j.ijplas.2019.102649,Study of the plastic deformation mechanism of TRIP–TWIP high entropy alloys at the atomic level,P017_C02,P017_Al0.5_T300,Molecular-dynamics simulation,Al0.5CrCoFeCuNi,Al0.5CrCoFeCuNi,simulation stoichiometric notation,,,,,,,,,,,,,Atomic model melting + rapid quenching; uniaxial MD tension,,,,,,,,,,300,1000000000,,,,,,,,,,,,,,,,,,,,,,,1,1,1,1,,Coupled TWIP-induced TRIP and TRIP-induced TWIP; stacking-fault/dislocation/twin evolution,,,,,,,,,,,,,,,,,,MD reports TWIP-induced TRIP and TRIP-induced TWIP mechanisms,MD reports twinning and detwinning,Molecular dynamics; atomistic defect analysis,Yes,International Journal of Plasticity 127 (2020) 102649,High,Computational support only; MD strain rates must not be mixed directly with experimental data.,,TRIP_TWIP_P016_P019_FULL_EXTRACTION.xlsx,P016_P019_Master_Extraction,,9.0
P017,10.1016/j.ijplas.2019.102649,Study of the plastic deformation mechanism of TRIP–TWIP high entropy alloys at the atomic level,P017_C03,P017_Al0.5_T600,Molecular-dynamics simulation,Al0.5CrCoFeCuNi,Al0.5CrCoFeCuNi,simulation stoichiometric notation,,,,,,,,,,,,,Atomic model melting + rapid quenching; uniaxial MD tension,,,,,,,,,,600,100000000,,,,,,,,,,,,,,,,,,,,,,,1,1,1,1,,Coupled TWIP-induced TRIP and TRIP-induced TWIP; stacking-fault/dislocation/twin evolution,,,,,,,,,,,,,,,,,,MD reports TWIP-induced TRIP and TRIP-induced TWIP mechanisms,MD reports twinning and detwinning,Molecular dynamics; atomistic defect analysis,Yes,International Journal of Plasticity 127 (2020) 102649,High,Computational support only; MD strain rates must not be mixed directly with experimental data.,,TRIP_TWIP_P016_P019_FULL_EXTRACTION.xlsx,P016_P019_Master_Extraction,,8.0
P017,10.1016/j.ijplas.2019.102649,Study of the plastic deformation mechanism of TRIP–TWIP high entropy alloys at the atomic level,P017_C04,P017_Al0.5_T600,Molecular-dynamics simulation,Al0.5CrCoFeCuNi,Al0.5CrCoFeCuNi,simulation stoichiometric notation,,,,,,,,,,,,,Atomic model melting + rapid quenching; uniaxial MD tension,,,,,,,,,,600,1000000000,,,,,,,,,,,,,,,,,,,,,,,1,1,1,1,,Coupled TWIP-induced TRIP and TRIP-induced TWIP; stacking-fault/dislocation/twin evolution,,,,,,,,,,,,,,,,,,MD reports TWIP-induced TRIP and TRIP-induced TWIP mechanisms,MD reports twinning and detwinning,Molecular dynamics; atomistic defect analysis,Yes,International Journal of Plasticity 127 (2020) 102649,High,Computational support only; MD strain rates must not be mixed directly with experimental data.,,TRIP_TWIP_P016_P019_FULL_EXTRACTION.xlsx,P016_P019_Master_Extraction,,9.0
P017,10.1016/j.ijplas.2019.102649,Study of the plastic deformation mechanism of TRIP–TWIP high entropy alloys at the atomic level,P017_C05,P017_Al1.5_T300,Molecular-dynamics simulation,Al1.5CrCoFeCuNi,Al1.5CrCoFeCuNi,simulation stoichiometric notation,,,,,,,,,,,,,Atomic model melting + rapid quenching; uniaxial MD tension,,,,,,,,,,300,100000000,,,,,,,,,,,,,,,,,,,,,,,1,1,1,1,,Coupled TWIP-induced TRIP and TRIP-induced TWIP; stacking-fault/dislocation/twin evolution,,,,,,,,,,,,,,,,,,MD reports TWIP-induced TRIP and TRIP-induced TWIP mechanisms,MD reports twinning and detwinning,Molecular dynamics; atomistic defect analysis,Yes,International Journal of Plasticity 127 (2020) 102649,High,Computational support only; MD strain rates must not be mixed directly with experimental data.,,TRIP_TWIP_P016_P019_FULL_EXTRACTION.xlsx,P016_P019_Master_Extraction,,8.0
P017,10.1016/j.ijplas.2019.102649,Study of the plastic deformation mechanism of TRIP–TWIP high entropy alloys at the atomic level,P017_C06,P017_Al1.5_T300,Molecular-dynamics simulation,Al1.5CrCoFeCuNi,Al1.5CrCoFeCuNi,simulation stoichiometric notation,,,,,,,,,,,,,Atomic model melting + rapid quenching; uniaxial MD tension,,,,,,,,,,300,1000000000,,,,,,,,,,,,,,,,,,,,,,,1,1,1,1,,Coupled TWIP-induced TRIP and TRIP-induced TWIP; stacking-fault/dislocation/twin evolution,,,,,,,,,,,,,,,,,,MD reports TWIP-induced TRIP and TRIP-induced TWIP mechanisms,MD reports twinning and detwinning,Molecular dynamics; atomistic defect analysis,Yes,International Journal of Plasticity 127 (2020) 102649,High,Computational support only; MD strain rates must not be mixed directly with experimental data.,,TRIP_TWIP_P016_P019_FULL_EXTRACTION.xlsx,P016_P019_Master_Extraction,,9.0
P017,10.1016/j.ijplas.2019.102649,Study of the plastic deformation mechanism of TRIP–TWIP high entropy alloys at the atomic level,P017_C07,P017_Al1.5_T600,Molecular-dynamics simulation,Al1.5CrCoFeCuNi,Al1.5CrCoFeCuNi,simulation stoichiometric notation,,,,,,,,,,,,,Atomic model melting + rapid quenching; uniaxial MD tension,,,,,,,,,,600,100000000,,,,,,,,,,,,,,,,,,,,,,,1,1,1,1,,Coupled TWIP-induced TRIP and TRIP-induced TWIP; stacking-fault/dislocation/twin evolution,,,,,,,,,,,,,,,,,,MD reports TWIP-induced TRIP and TRIP-induced TWIP mechanisms,MD reports twinning and detwinning,Molecular dynamics; atomistic defect analysis,Yes,International Journal of Plasticity 127 (2020) 102649,High,Computational support only; MD strain rates must not be mixed directly with experimental data.,,TRIP_TWIP_P016_P019_FULL_EXTRACTION.xlsx,P016_P019_Master_Extraction,,8.0
P017,10.1016/j.ijplas.2019.102649,Study of the plastic deformation mechanism of TRIP–TWIP high entropy alloys at the atomic level,P017_C08,P017_Al1.5_T600,Molecular-dynamics simulation,Al1.5CrCoFeCuNi,Al1.5CrCoFeCuNi,simulation stoichiometric notation,,,,,,,,,,,,,Atomic model melting + rapid quenching; uniaxial MD tension,,,,,,,,,,600,1000000000,,,,,,,,,,,,,,,,,,,,,,,1,1,1,1,,Coupled TWIP-induced TRIP and TRIP-induced TWIP; stacking-fault/dislocation/twin evolution,,,,,,,,,,,,,,,,,,MD reports TWIP-induced TRIP and TRIP-induced TWIP mechanisms,MD reports twinning and detwinning,Molecular dynamics; atomistic defect analysis,Yes,International Journal of Plasticity 127 (2020) 102649,High,Computational support only; MD strain rates must not be mixed directly with experimental data.,,TRIP_TWIP_P016_P019_FULL_EXTRACTION.xlsx,P016_P019_Master_Extraction,,9.0
P018,10.1016/j.ijmecsci.2022.107098,Deformation mechanisms of TRIP–TWIP medium-entropy alloys via molecular dynamics simulations,P018_C01,P018_Mn20,Molecular-dynamics simulation,Fe60Mn20Co10Cr10,Fe60Mn20Co10Cr10,at.%,60,20,10,10,,,,,,,,,Polycrystalline atomistic model; uniaxial MD tension,,,,,,,,,,,,,,,,,,0.005,,,,,,,,,,,,,,,,1,1,1,1,,"Grain-size/composition-dependent Shockley partials, stacking faults, twinning and transformation",,,,,,,,,,,,,,,,,,MD phase/defect evolution in TRIP–TWIP Fe-Mn-Co-Cr series,"MD tracks partial dislocations, stacking faults and twin evolution",Molecular dynamics; dislocation/defect analysis,Yes,International Journal of Mechanical Sciences 219 (2022) 107098,Medium,Computational support. Source reports fewer Shockley partials and suppressed stacking faults as grain size decreases; exact simulation T/rate left blank pending full-source extraction.,,TRIP_TWIP_P016_P019_FULL_EXTRACTION.xlsx,P016_P019_Master_Extraction,,
P018,10.1016/j.ijmecsci.2022.107098,Deformation mechanisms of TRIP–TWIP medium-entropy alloys via molecular dynamics simulations,P018_C02,P018_Mn20,Molecular-dynamics simulation,Fe60Mn20Co10Cr10,Fe60Mn20Co10Cr10,at.%,60,20,10,10,,,,,,,,,Polycrystalline atomistic model; uniaxial MD tension,,,,,,,,,,,,,,,,,,0.01,,,,,,,,,,,,,,,,1,1,1,1,,"Grain-size/composition-dependent Shockley partials, stacking faults, twinning and transformation",,,,,,,,,,,,,,,,,,MD phase/defect evolution in TRIP–TWIP Fe-Mn-Co-Cr series,"MD tracks partial dislocations, stacking faults and twin evolution",Molecular dynamics; dislocation/defect analysis,Yes,International Journal of Mechanical Sciences 219 (2022) 107098,Medium,Computational support. Source reports fewer Shockley partials and suppressed stacking faults as grain size decreases; exact simulation T/rate left blank pending full-source extraction.,,TRIP_TWIP_P016_P019_FULL_EXTRACTION.xlsx,P016_P019_Master_Extraction,,
P018,10.1016/j.ijmecsci.2022.107098,Deformation mechanisms of TRIP–TWIP medium-entropy alloys via molecular dynamics simulations,P018_C03,P018_Mn20,Molecular-dynamics simulation,Fe60Mn20Co10Cr10,Fe60Mn20Co10Cr10,at.%,60,20,10,10,,,,,,,,,Polycrystalline atomistic model; uniaxial MD tension,,,,,,,,,,,,,,,,,,0.02,,,,,,,,,,,,,,,,1,1,1,1,,"Grain-size/composition-dependent Shockley partials, stacking faults, twinning and transformation",,,,,,,,,,,,,,,,,,MD phase/defect evolution in TRIP–TWIP Fe-Mn-Co-Cr series,"MD tracks partial dislocations, stacking faults and twin evolution",Molecular dynamics; dislocation/defect analysis,Yes,International Journal of Mechanical Sciences 219 (2022) 107098,Medium,Computational support. Source reports fewer Shockley partials and suppressed stacking faults as grain size decreases; exact simulation T/rate left blank pending full-source extraction.,,TRIP_TWIP_P016_P019_FULL_EXTRACTION.xlsx,P016_P019_Master_Extraction,,
P018,10.1016/j.ijmecsci.2022.107098,Deformation mechanisms of TRIP–TWIP medium-entropy alloys via molecular dynamics simulations,P018_C04,P018_Mn30,Molecular-dynamics simulation,Fe50Mn30Co10Cr10,Fe50Mn30Co10Cr10,at.%,50,30,10,10,,,,,,,,,Polycrystalline atomistic model; uniaxial MD tension,,,,,,,,,,,,,,,,,,0.005,,,,,,,,,,,,,,,,1,1,1,1,,"Grain-size/composition-dependent Shockley partials, stacking faults, twinning and transformation",,,,,,,,,,,,,,,,,,MD phase/defect evolution in TRIP–TWIP Fe-Mn-Co-Cr series,"MD tracks partial dislocations, stacking faults and twin evolution",Molecular dynamics; dislocation/defect analysis,Yes,International Journal of Mechanical Sciences 219 (2022) 107098,Medium,Computational support. Source reports fewer Shockley partials and suppressed stacking faults as grain size decreases; exact simulation T/rate left blank pending full-source extraction.,,TRIP_TWIP_P016_P019_FULL_EXTRACTION.xlsx,P016_P019_Master_Extraction,,
P018,10.1016/j.ijmecsci.2022.107098,Deformation mechanisms of TRIP–TWIP medium-entropy alloys via molecular dynamics simulations,P018_C05,P018_Mn30,Molecular-dynamics simulation,Fe50Mn30Co10Cr10,Fe50Mn30Co10Cr10,at.%,50,30,10,10,,,,,,,,,Polycrystalline atomistic model; uniaxial MD tension,,,,,,,,,,,,,,,,,,0.01,,,,,,,,,,,,,,,,1,1,1,1,,"Grain-size/composition-dependent Shockley partials, stacking faults, twinning and transformation",,,,,,,,,,,,,,,,,,MD phase/defect evolution in TRIP–TWIP Fe-Mn-Co-Cr series,"MD tracks partial dislocations, stacking faults and twin evolution",Molecular dynamics; dislocation/defect analysis,Yes,International Journal of Mechanical Sciences 219 (2022) 107098,Medium,Computational support. Source reports fewer Shockley partials and suppressed stacking faults as grain size decreases; exact simulation T/rate left blank pending full-source extraction.,,TRIP_TWIP_P016_P019_FULL_EXTRACTION.xlsx,P016_P019_Master_Extraction,,
P018,10.1016/j.ijmecsci.2022.107098,Deformation mechanisms of TRIP–TWIP medium-entropy alloys via molecular dynamics simulations,P018_C06,P018_Mn30,Molecular-dynamics simulation,Fe50Mn30Co10Cr10,Fe50Mn30Co10Cr10,at.%,50,30,10,10,,,,,,,,,Polycrystalline atomistic model; uniaxial MD tension,,,,,,,,,,,,,,,,,,0.02,,,,,,,,,,,,,,,,1,1,1,1,,"Grain-size/composition-dependent Shockley partials, stacking faults, twinning and transformation",,,,,,,,,,,,,,,,,,MD phase/defect evolution in TRIP–TWIP Fe-Mn-Co-Cr series,"MD tracks partial dislocations, stacking faults and twin evolution",Molecular dynamics; dislocation/defect analysis,Yes,International Journal of Mechanical Sciences 219 (2022) 107098,Medium,Computational support. Source reports fewer Shockley partials and suppressed stacking faults as grain size decreases; exact simulation T/rate left blank pending full-source extraction.,,TRIP_TWIP_P016_P019_FULL_EXTRACTION.xlsx,P016_P019_Master_Extraction,,
P018,10.1016/j.ijmecsci.2022.107098,Deformation mechanisms of TRIP–TWIP medium-entropy alloys via molecular dynamics simulations,P018_C07,P018_Mn40,Molecular-dynamics simulation,Fe40Mn40Co10Cr10,Fe40Mn40Co10Cr10,at.%,40,40,10,10,,,,,,,,,Polycrystalline atomistic model; uniaxial MD tension,,,,,,,,,,,,,,,,,,0.005,,,,,,,,,,,,,,,,1,1,1,1,,"Grain-size/composition-dependent Shockley partials, stacking faults, twinning and transformation",,,,,,,,,,,,,,,,,,MD phase/defect evolution in TRIP–TWIP Fe-Mn-Co-Cr series,"MD tracks partial dislocations, stacking faults and twin evolution",Molecular dynamics; dislocation/defect analysis,Yes,International Journal of Mechanical Sciences 219 (2022) 107098,Medium,Computational support. Source reports fewer Shockley partials and suppressed stacking faults as grain size decreases; exact simulation T/rate left blank pending full-source extraction.,,TRIP_TWIP_P016_P019_FULL_EXTRACTION.xlsx,P016_P019_Master_Extraction,,
P018,10.1016/j.ijmecsci.2022.107098,Deformation mechanisms of TRIP–TWIP medium-entropy alloys via molecular dynamics simulations,P018_C08,P018_Mn40,Molecular-dynamics simulation,Fe40Mn40Co10Cr10,Fe40Mn40Co10Cr10,at.%,40,40,10,10,,,,,,,,,Polycrystalline atomistic model; uniaxial MD tension,,,,,,,,,,,,,,,,,,0.01,,,,,,,,,,,,,,,,1,1,1,1,,"Grain-size/composition-dependent Shockley partials, stacking faults, twinning and transformation",,,,,,,,,,,,,,,,,,MD phase/defect evolution in TRIP–TWIP Fe-Mn-Co-Cr series,"MD tracks partial dislocations, stacking faults and twin evolution",Molecular dynamics; dislocation/defect analysis,Yes,International Journal of Mechanical Sciences 219 (2022) 107098,Medium,Computational support. Source reports fewer Shockley partials and suppressed stacking faults as grain size decreases; exact simulation T/rate left blank pending full-source extraction.,,TRIP_TWIP_P016_P019_FULL_EXTRACTION.xlsx,P016_P019_Master_Extraction,,
P018,10.1016/j.ijmecsci.2022.107098,Deformation mechanisms of TRIP–TWIP medium-entropy alloys via molecular dynamics simulations,P018_C09,P018_Mn40,Molecular-dynamics simulation,Fe40Mn40Co10Cr10,Fe40Mn40Co10Cr10,at.%,40,40,10,10,,,,,,,,,Polycrystalline atomistic model; uniaxial MD tension,,,,,,,,,,,,,,,,,,0.02,,,,,,,,,,,,,,,,1,1,1,1,,"Grain-size/composition-dependent Shockley partials, stacking faults, twinning and transformation",,,,,,,,,,,,,,,,,,MD phase/defect evolution in TRIP–TWIP Fe-Mn-Co-Cr series,"MD tracks partial dislocations, stacking faults and twin evolution",Molecular dynamics; dislocation/defect analysis,Yes,International Journal of Mechanical Sciences 219 (2022) 107098,Medium,Computational support. Source reports fewer Shockley partials and suppressed stacking faults as grain size decreases; exact simulation T/rate left blank pending full-source extraction.,,TRIP_TWIP_P016_P019_FULL_EXTRACTION.xlsx,P016_P019_Master_Extraction,,
P018,10.1016/j.ijmecsci.2022.107098,Deformation mechanisms of TRIP–TWIP medium-entropy alloys via molecular dynamics simulations,P018_C10,P018_Mn50,Molecular-dynamics simulation,Fe30Mn50Co10Cr10,Fe30Mn50Co10Cr10,at.%,30,50,10,10,,,,,,,,,Polycrystalline atomistic model; uniaxial MD tension,,,,,,,,,,,,,,,,,,0.005,,,,,,,,,,,,,,,,1,1,1,1,,"Grain-size/composition-dependent Shockley partials, stacking faults, twinning and transformation",,,,,,,,,,,,,,,,,,MD phase/defect evolution in TRIP–TWIP Fe-Mn-Co-Cr series,"MD tracks partial dislocations, stacking faults and twin evolution",Molecular dynamics; dislocation/defect analysis,Yes,International Journal of Mechanical Sciences 219 (2022) 107098,Medium,Computational support. Source reports fewer Shockley partials and suppressed stacking faults as grain size decreases; exact simulation T/rate left blank pending full-source extraction.,,TRIP_TWIP_P016_P019_FULL_EXTRACTION.xlsx,P016_P019_Master_Extraction,,
P018,10.1016/j.ijmecsci.2022.107098,Deformation mechanisms of TRIP–TWIP medium-entropy alloys via molecular dynamics simulations,P018_C11,P018_Mn50,Molecular-dynamics simulation,Fe30Mn50Co10Cr10,Fe30Mn50Co10Cr10,at.%,30,50,10,10,,,,,,,,,Polycrystalline atomistic model; uniaxial MD tension,,,,,,,,,,,,,,,,,,0.01,,,,,,,,,,,,,,,,1,1,1,1,,"Grain-size/composition-dependent Shockley partials, stacking faults, twinning and transformation",,,,,,,,,,,,,,,,,,MD phase/defect evolution in TRIP–TWIP Fe-Mn-Co-Cr series,"MD tracks partial dislocations, stacking faults and twin evolution",Molecular dynamics; dislocation/defect analysis,Yes,International Journal of Mechanical Sciences 219 (2022) 107098,Medium,Computational support. Source reports fewer Shockley partials and suppressed stacking faults as grain size decreases; exact simulation T/rate left blank pending full-source extraction.,,TRIP_TWIP_P016_P019_FULL_EXTRACTION.xlsx,P016_P019_Master_Extraction,,
P018,10.1016/j.ijmecsci.2022.107098,Deformation mechanisms of TRIP–TWIP medium-entropy alloys via molecular dynamics simulations,P018_C12,P018_Mn50,Molecular-dynamics simulation,Fe30Mn50Co10Cr10,Fe30Mn50Co10Cr10,at.%,30,50,10,10,,,,,,,,,Polycrystalline atomistic model; uniaxial MD tension,,,,,,,,,,,,,,,,,,0.02,,,,,,,,,,,,,,,,1,1,1,1,,"Grain-size/composition-dependent Shockley partials, stacking faults, twinning and transformation",,,,,,,,,,,,,,,,,,MD phase/defect evolution in TRIP–TWIP Fe-Mn-Co-Cr series,"MD tracks partial dislocations, stacking faults and twin evolution",Molecular dynamics; dislocation/defect analysis,Yes,International Journal of Mechanical Sciences 219 (2022) 107098,Medium,Computational support. Source reports fewer Shockley partials and suppressed stacking faults as grain size decreases; exact simulation T/rate left blank pending full-source extraction.,,TRIP_TWIP_P016_P019_FULL_EXTRACTION.xlsx,P016_P019_Master_Extraction,,
P019,10.1016/j.jallcom.2025.179770,Multiscale computational model of TWIP and TRIP in medium/high entropy alloys,P019_C01,P019_multiscale,Multiscale computational/model condition,Ni47Cr25Co2Mo6Fe20,Ni47Cr25Co2Mo6Fe20,at.%,20,,2,25,47,,,6,,,,,MD atomic-scale SFE/deformation calculations transferred to mesoscale crystal-plasticity model,,,,,,,,,,77,,,,,,,,,,,,,,,,,,,,,,,,1,1,1,,,"Temperature-dependent SFE coupled to slip, twinning and stress-induced martensitic transformation",,,,,,,,,,,,,,,,,,Model evaluates stress-induced martensitic-transformation contribution to strength,Model evaluates twinning contribution to strength,Molecular dynamics; nanowire/nanocrystalline simulation; crystal plasticity; experimental curve calibration,No,Journal of Alloys and Compounds 1022 (2025) 179770,High,"Methodology/physics row, not an independent experimental training sample; model studies temperature, texture, dislocation density and nanoscale precipitates.",,TRIP_TWIP_P016_P019_FULL_EXTRACTION.xlsx,P016_P019_Master_Extraction,,
P019,10.1016/j.jallcom.2025.179770,Multiscale computational model of TWIP and TRIP in medium/high entropy alloys,P019_C02,P019_multiscale,Multiscale computational/model condition,Ni47Cr25Co2Mo6Fe20,Ni47Cr25Co2Mo6Fe20,at.%,20,,2,25,47,,,6,,,,,MD atomic-scale SFE/deformation calculations transferred to mesoscale crystal-plasticity model,,,,,,,,,,298,,,,,,,,,,,,,,,,,,,,,,,,1,1,1,,,"Temperature-dependent SFE coupled to slip, twinning and stress-induced martensitic transformation",,,,,,,,,,,,,,,,,,Model evaluates stress-induced martensitic-transformation contribution to strength,Model evaluates twinning contribution to strength,Molecular dynamics; nanowire/nanocrystalline simulation; crystal plasticity; experimental curve calibration,No,Journal of Alloys and Compounds 1022 (2025) 179770,High,"Methodology/physics row, not an independent experimental training sample; model studies temperature, texture, dislocation density and nanoscale precipitates.",,TRIP_TWIP_P016_P019_FULL_EXTRACTION.xlsx,P016_P019_Master_Extraction,,
P019,10.1016/j.jallcom.2025.179770,Multiscale computational model of TWIP and TRIP in medium/high entropy alloys,P019_C03,P019_multiscale,Multiscale computational/model condition,Ni47Cr25Co2Mo6Fe20,Ni47Cr25Co2Mo6Fe20,at.%,20,,2,25,47,,,6,,,,,MD atomic-scale SFE/deformation calculations transferred to mesoscale crystal-plasticity model,,,,,,,,,,573,,,,,,,,,,,,,,,,,,,,,,,,1,1,1,,,"Temperature-dependent SFE coupled to slip, twinning and stress-induced martensitic transformation",,,,,,,,,,,,,,,,,,Model evaluates stress-induced martensitic-transformation contribution to strength,Model evaluates twinning contribution to strength,Molecular dynamics; nanowire/nanocrystalline simulation; crystal plasticity; experimental curve calibration,No,Journal of Alloys and Compounds 1022 (2025) 179770,High,"Methodology/physics row, not an independent experimental training sample; model studies temperature, texture, dislocation density and nanoscale precipitates.",,TRIP_TWIP_P016_P019_FULL_EXTRACTION.xlsx,P016_P019_Master_Extraction,,
