Paper_ID,ML_Condition_ID,Observation_ID,Feature_Name,Original_Value,Recovered_Value,Units,Evidence_Type,Evidence_Location,Page,Figure,Table,Section,Extraction_Method,Confidence,Reviewer_Status,Reviewer_Notes
P001,P001_MC01,OBS001,grain size,Grain_size_um=14.9,,as reported (currently µm field),,,,,,,,,PENDING_SOURCE_REVIEW,
P001,P001_MC01,OBS001,SFE,SFE_mJ_m2=7.0,,as reported (currently mJ m^-2 field),,,,,,,,,PENDING_SOURCE_REVIEW,
P001,P001_MC01,OBS001,SFE method,SFE_method=weak-beam dark-field STEM partial separation,,method/text,,,,,,,,,PENDING_SOURCE_REVIEW,
P001,P001_MC01,OBS001,initial FCC fraction,Initial_FCC_fraction=1.0,,as reported,,,,,,,,,PENDING_SOURCE_REVIEW,
P001,P001_MC01,OBS001,initial HCP fraction,Initial_HCP_fraction=0.0,,as reported,,,,,,,,,PENDING_SOURCE_REVIEW,
P001,P001_MC01,OBS001,DeltaG / transformation driving force,,,as reported (currently J mol^-1 field),,,,,,,,,PENDING_SOURCE_REVIEW,
P001,P001_MC01,OBS001,strain rate,Strain_rate_s-1=0.001,,as reported (currently s^-1 field),,,,,,,,,PENDING_SOURCE_REVIEW,
P001,P001_MC01,OBS001,test temperature,Test_T_K=298.0,,as reported (currently K field),,,,,,,,,PENDING_SOURCE_REVIEW,
P001,P001_MC01,OBS001,processing history,Processing_route=Vacuum arc melting/casting; hot rolled 1100C 50%; homogenized 1180C/2h; water quenched; cold rolled ~80%; annealed | Cast_method=Vacuum arc melting | Homogenization_T_K=1453.0 | Homogenization_time_h=2.0 | Hot_rolling_T_K=1373.0 | Hot_rolling_reduction_pct=50.0 | Cold_rolling_reduction_pct=80.0 | Annealing_T_K=1223.0 | Annealing_time_min=5.0 | Cooling_route=Water quench,,mixed; preserve each reported unit,,,,,,,,,PENDING_SOURCE_REVIEW,
P001,P001_MC01,OBS001,mechanical properties,YS_MPa=392.0 | UTS_MPa=903.0 | Elongation_pct=83.1,,mixed; preserve each reported unit,,,,,,,,,PENDING_SOURCE_REVIEW,
P001,P001_MC01,OBS001,TRIP evidence,Evidence_TRIP=Neutron diffraction/TEM/STEM confirm very limited deformation-induced HCP,,text/evidence,,,,,,,,,PENDING_SOURCE_REVIEW,
P001,P001_MC01,OBS001,TWIP evidence,Evidence_TWIP=Mechanical twinning largely suppressed/not dominant,,text/evidence,,,,,,,,,PENDING_SOURCE_REVIEW,
P001,P001_MC01,OBS001,phase-transformation evidence,HCP_fraction_at_condition=0.083 | HCP_lath_or_lamella_note=HCP fraction remains very low; <8.3% even after equivalent strain 1.85 / cold-rolled state | Characterization_methods=SEM/BSE; EBSD; ECC; XRD; WBDF-STEM; HRTEM; APT; neutron diffraction; DIC,,mixed; preserve each reported unit,,,,,,,,,PENDING_SOURCE_REVIEW,
P001,P001_MC01,OBS001,specimen identity,,,identifier/text,,,,,,,,,PENDING_SOURCE_REVIEW,
P001,P001_MC01,OBS001,replicate identity,,,identifier/text,,,,,,,,,PENDING_SOURCE_REVIEW,
P001,P001_MC01,OBS001,condition-to-test-series linkage,Parent_Experiment_ID=P001_PE01,,identifier/text,,,,,,,,,PENDING_SOURCE_REVIEW,
P001,P001_MC02,OBS002,grain size,Grain_size_um=45.6,,as reported (currently µm field),,,,,,,,,PENDING_SOURCE_REVIEW,
P001,P001_MC02,OBS002,SFE,SFE_mJ_m2=7.0,,as reported (currently mJ m^-2 field),,,,,,,,,PENDING_SOURCE_REVIEW,
P001,P001_MC02,OBS002,SFE method,SFE_method=weak-beam dark-field STEM partial separation,,method/text,,,,,,,,,PENDING_SOURCE_REVIEW,
P001,P001_MC02,OBS002,initial FCC fraction,Initial_FCC_fraction=1.0,,as reported,,,,,,,,,PENDING_SOURCE_REVIEW,
P001,P001_MC02,OBS002,initial HCP fraction,Initial_HCP_fraction=0.0,,as reported,,,,,,,,,PENDING_SOURCE_REVIEW,
P001,P001_MC02,OBS002,DeltaG / transformation driving force,,,as reported (currently J mol^-1 field),,,,,,,,,PENDING_SOURCE_REVIEW,
P001,P001_MC02,OBS002,strain rate,Strain_rate_s-1=0.001,,as reported (currently s^-1 field),,,,,,,,,PENDING_SOURCE_REVIEW,
P001,P001_MC02,OBS002,test temperature,Test_T_K=298.0,,as reported (currently K field),,,,,,,,,PENDING_SOURCE_REVIEW,
P001,P001_MC02,OBS002,processing history,Processing_route=Vacuum arc melting/casting; hot rolled 1100C 50%; homogenized 1180C/2h; water quenched; cold rolled ~80%; annealed | Cast_method=Vacuum arc melting | Homogenization_T_K=1453.0 | Homogenization_time_h=2.0 | Hot_rolling_T_K=1373.0 | Hot_rolling_reduction_pct=50.0 | Cold_rolling_reduction_pct=80.0 | Annealing_T_K=1273.0 | Annealing_time_min=10.0 | Cooling_route=Water quench,,mixed; preserve each reported unit,,,,,,,,,PENDING_SOURCE_REVIEW,
P001,P001_MC02,OBS002,mechanical properties,YS_MPa=343.0 | UTS_MPa=843.0 | Elongation_pct=85.3,,mixed; preserve each reported unit,,,,,,,,,PENDING_SOURCE_REVIEW,
P001,P001_MC02,OBS002,TRIP evidence,Evidence_TRIP=Neutron diffraction/TEM/STEM confirm very limited deformation-induced HCP,,text/evidence,,,,,,,,,PENDING_SOURCE_REVIEW,
P001,P001_MC02,OBS002,TWIP evidence,Evidence_TWIP=Mechanical twinning largely suppressed/not dominant,,text/evidence,,,,,,,,,PENDING_SOURCE_REVIEW,
P001,P001_MC02,OBS002,phase-transformation evidence,HCP_lath_or_lamella_note=HCP fraction remains very low; <8.3% even after equivalent strain 1.85 / cold-rolled state | Characterization_methods=SEM/BSE; EBSD; ECC; XRD; WBDF-STEM; HRTEM; APT; neutron diffraction; DIC,,mixed; preserve each reported unit,,,,,,,,,PENDING_SOURCE_REVIEW,
P001,P001_MC02,OBS002,specimen identity,,,identifier/text,,,,,,,,,PENDING_SOURCE_REVIEW,
P001,P001_MC02,OBS002,replicate identity,,,identifier/text,,,,,,,,,PENDING_SOURCE_REVIEW,
P001,P001_MC02,OBS002,condition-to-test-series linkage,Parent_Experiment_ID=P001_PE02,,identifier/text,,,,,,,,,PENDING_SOURCE_REVIEW,
P001,P001_MC03,OBS003,grain size,Grain_size_um=135.3,,as reported (currently µm field),,,,,,,,,PENDING_SOURCE_REVIEW,
P001,P001_MC03,OBS003,SFE,SFE_mJ_m2=7.0,,as reported (currently mJ m^-2 field),,,,,,,,,PENDING_SOURCE_REVIEW,
P001,P001_MC03,OBS003,SFE method,SFE_method=weak-beam dark-field STEM partial separation,,method/text,,,,,,,,,PENDING_SOURCE_REVIEW,
P001,P001_MC03,OBS003,initial FCC fraction,Initial_FCC_fraction=1.0,,as reported,,,,,,,,,PENDING_SOURCE_REVIEW,
P001,P001_MC03,OBS003,initial HCP fraction,Initial_HCP_fraction=0.0,,as reported,,,,,,,,,PENDING_SOURCE_REVIEW,
P001,P001_MC03,OBS003,DeltaG / transformation driving force,,,as reported (currently J mol^-1 field),,,,,,,,,PENDING_SOURCE_REVIEW,
P001,P001_MC03,OBS003,strain rate,Strain_rate_s-1=0.001,,as reported (currently s^-1 field),,,,,,,,,PENDING_SOURCE_REVIEW,
P001,P001_MC03,OBS003,test temperature,Test_T_K=298.0,,as reported (currently K field),,,,,,,,,PENDING_SOURCE_REVIEW,
P001,P001_MC03,OBS003,processing history,Processing_route=Vacuum arc melting/casting; hot rolled 1100C 50%; homogenized 1180C/2h; water quenched; cold rolled ~80%; annealed | Cast_method=Vacuum arc melting | Homogenization_T_K=1453.0 | Homogenization_time_h=2.0 | Hot_rolling_T_K=1373.0 | Hot_rolling_reduction_pct=50.0 | Cold_rolling_reduction_pct=80.0 | Annealing_T_K=1373.0 | Annealing_time_min=10.0 | Cooling_route=Water quench,,mixed; preserve each reported unit,,,,,,,,,PENDING_SOURCE_REVIEW,
P001,P001_MC03,OBS003,mechanical properties,YS_MPa=295.0 | UTS_MPa=774.0 | Elongation_pct=89.0,,mixed; preserve each reported unit,,,,,,,,,PENDING_SOURCE_REVIEW,
P001,P001_MC03,OBS003,TRIP evidence,Evidence_TRIP=Neutron diffraction/TEM/STEM confirm very limited deformation-induced HCP,,text/evidence,,,,,,,,,PENDING_SOURCE_REVIEW,
P001,P001_MC03,OBS003,TWIP evidence,Evidence_TWIP=Mechanical twinning largely suppressed/not dominant,,text/evidence,,,,,,,,,PENDING_SOURCE_REVIEW,
P001,P001_MC03,OBS003,phase-transformation evidence,HCP_lath_or_lamella_note=HCP fraction remains very low; <8.3% even after equivalent strain 1.85 / cold-rolled state | Characterization_methods=SEM/BSE; EBSD; ECC; XRD; WBDF-STEM; HRTEM; APT; neutron diffraction; DIC,,mixed; preserve each reported unit,,,,,,,,,PENDING_SOURCE_REVIEW,
P001,P001_MC03,OBS003,specimen identity,,,identifier/text,,,,,,,,,PENDING_SOURCE_REVIEW,
P001,P001_MC03,OBS003,replicate identity,,,identifier/text,,,,,,,,,PENDING_SOURCE_REVIEW,
P001,P001_MC03,OBS003,condition-to-test-series linkage,Parent_Experiment_ID=P001_PE03,,identifier/text,,,,,,,,,PENDING_SOURCE_REVIEW,
P001,P001_MC01,OBS004,grain size,Grain_size_um=14.9,,as reported (currently µm field),,,,,,,,,PENDING_SOURCE_REVIEW,
P001,P001_MC01,OBS004,SFE,SFE_mJ_m2=7.0,,as reported (currently mJ m^-2 field),,,,,,,,,PENDING_SOURCE_REVIEW,
P001,P001_MC01,OBS004,SFE method,SFE_method=weak-beam dark-field STEM partial separation,,method/text,,,,,,,,,PENDING_SOURCE_REVIEW,
P001,P001_MC01,OBS004,initial FCC fraction,Initial_FCC_fraction=1.0,,as reported,,,,,,,,,PENDING_SOURCE_REVIEW,
P001,P001_MC01,OBS004,initial HCP fraction,Initial_HCP_fraction=0.0,,as reported,,,,,,,,,PENDING_SOURCE_REVIEW,
P001,P001_MC01,OBS004,DeltaG / transformation driving force,,,as reported (currently J mol^-1 field),,,,,,,,,PENDING_SOURCE_REVIEW,
P001,P001_MC01,OBS004,strain rate,Strain_rate_s-1=0.001,,as reported (currently s^-1 field),,,,,,,,,PENDING_SOURCE_REVIEW,
P001,P001_MC01,OBS004,test temperature,Test_T_K=298.0,,as reported (currently K field),,,,,,,,,PENDING_SOURCE_REVIEW,
P001,P001_MC01,OBS004,processing history,Processing_route=Same as P001_C01; local strain regions after tensile testing | Cast_method=Vacuum arc melting | Homogenization_T_K=1453.0 | Homogenization_time_h=2.0 | Hot_rolling_T_K=1373.0 | Hot_rolling_reduction_pct=50.0 | Cold_rolling_reduction_pct=80.0 | Annealing_T_K=1223.0 | Annealing_time_min=5.0 | Cooling_route=Water quench,,mixed; preserve each reported unit,,,,,,,,,PENDING_SOURCE_REVIEW,
P001,P001_MC01,OBS004,mechanical properties,,,mixed; preserve each reported unit,,,,,,,,,PENDING_SOURCE_REVIEW,
P001,P001_MC01,OBS004,TRIP evidence,Evidence_TRIP=HCP/twins almost absent at early local strain,,text/evidence,,,,,,,,,PENDING_SOURCE_REVIEW,
P001,P001_MC01,OBS004,TWIP evidence,Evidence_TWIP=No strong deformation twin contribution reported,,text/evidence,,,,,,,,,PENDING_SOURCE_REVIEW,
P001,P001_MC01,OBS004,phase-transformation evidence,HCP_lath_or_lamella_note=ECC: SFs at low local strain; HCP/twins almost absent | Characterization_methods=ECC; EBSD; HRTEM; neutron diffraction,,mixed; preserve each reported unit,,,,,,,,,PENDING_SOURCE_REVIEW,
P001,P001_MC01,OBS004,specimen identity,,,identifier/text,,,,,,,,,PENDING_SOURCE_REVIEW,
P001,P001_MC01,OBS004,replicate identity,,,identifier/text,,,,,,,,,PENDING_SOURCE_REVIEW,
P001,P001_MC01,OBS004,condition-to-test-series linkage,Parent_Experiment_ID=P001_PE01,,identifier/text,,,,,,,,,PENDING_SOURCE_REVIEW,
P001,P001_MC01,OBS005,grain size,Grain_size_um=14.9,,as reported (currently µm field),,,,,,,,,PENDING_SOURCE_REVIEW,
P001,P001_MC01,OBS005,SFE,SFE_mJ_m2=7.0,,as reported (currently mJ m^-2 field),,,,,,,,,PENDING_SOURCE_REVIEW,
P001,P001_MC01,OBS005,SFE method,SFE_method=weak-beam dark-field STEM partial separation,,method/text,,,,,,,,,PENDING_SOURCE_REVIEW,
P001,P001_MC01,OBS005,initial FCC fraction,Initial_FCC_fraction=1.0,,as reported,,,,,,,,,PENDING_SOURCE_REVIEW,
P001,P001_MC01,OBS005,initial HCP fraction,Initial_HCP_fraction=0.0,,as reported,,,,,,,,,PENDING_SOURCE_REVIEW,
P001,P001_MC01,OBS005,DeltaG / transformation driving force,,,as reported (currently J mol^-1 field),,,,,,,,,PENDING_SOURCE_REVIEW,
P001,P001_MC01,OBS005,strain rate,Strain_rate_s-1=0.001,,as reported (currently s^-1 field),,,,,,,,,PENDING_SOURCE_REVIEW,
P001,P001_MC01,OBS005,test temperature,Test_T_K=298.0,,as reported (currently K field),,,,,,,,,PENDING_SOURCE_REVIEW,
P001,P001_MC01,OBS005,processing history,Processing_route=Same as P001_C01; local strain regions after tensile testing | Cast_method=Vacuum arc melting | Homogenization_T_K=1453.0 | Homogenization_time_h=2.0 | Hot_rolling_T_K=1373.0 | Hot_rolling_reduction_pct=50.0 | Cold_rolling_reduction_pct=80.0 | Annealing_T_K=1223.0 | Annealing_time_min=5.0 | Cooling_route=Water quench,,mixed; preserve each reported unit,,,,,,,,,PENDING_SOURCE_REVIEW,
P001,P001_MC01,OBS005,mechanical properties,,,mixed; preserve each reported unit,,,,,,,,,PENDING_SOURCE_REVIEW,
P001,P001_MC01,OBS005,TRIP evidence,Evidence_TRIP=HCP/twins almost absent at early local strain,,text/evidence,,,,,,,,,PENDING_SOURCE_REVIEW,
P001,P001_MC01,OBS005,TWIP evidence,Evidence_TWIP=No strong deformation twin contribution reported,,text/evidence,,,,,,,,,PENDING_SOURCE_REVIEW,
P001,P001_MC01,OBS005,phase-transformation evidence,HCP_lath_or_lamella_note=ECC: SF density increases with local strain | Characterization_methods=ECC; EBSD; HRTEM; neutron diffraction,,mixed; preserve each reported unit,,,,,,,,,PENDING_SOURCE_REVIEW,
P001,P001_MC01,OBS005,specimen identity,,,identifier/text,,,,,,,,,PENDING_SOURCE_REVIEW,
P001,P001_MC01,OBS005,replicate identity,,,identifier/text,,,,,,,,,PENDING_SOURCE_REVIEW,
P001,P001_MC01,OBS005,condition-to-test-series linkage,Parent_Experiment_ID=P001_PE01,,identifier/text,,,,,,,,,PENDING_SOURCE_REVIEW,
P001,P001_MC01,OBS006,grain size,Grain_size_um=14.9,,as reported (currently µm field),,,,,,,,,PENDING_SOURCE_REVIEW,
P001,P001_MC01,OBS006,SFE,SFE_mJ_m2=7.0,,as reported (currently mJ m^-2 field),,,,,,,,,PENDING_SOURCE_REVIEW,
P001,P001_MC01,OBS006,SFE method,SFE_method=weak-beam dark-field STEM partial separation,,method/text,,,,,,,,,PENDING_SOURCE_REVIEW,
P001,P001_MC01,OBS006,initial FCC fraction,Initial_FCC_fraction=1.0,,as reported,,,,,,,,,PENDING_SOURCE_REVIEW,
P001,P001_MC01,OBS006,initial HCP fraction,Initial_HCP_fraction=0.0,,as reported,,,,,,,,,PENDING_SOURCE_REVIEW,
P001,P001_MC01,OBS006,DeltaG / transformation driving force,,,as reported (currently J mol^-1 field),,,,,,,,,PENDING_SOURCE_REVIEW,
P001,P001_MC01,OBS006,strain rate,Strain_rate_s-1=0.001,,as reported (currently s^-1 field),,,,,,,,,PENDING_SOURCE_REVIEW,
P001,P001_MC01,OBS006,test temperature,Test_T_K=298.0,,as reported (currently K field),,,,,,,,,PENDING_SOURCE_REVIEW,
P001,P001_MC01,OBS006,processing history,Processing_route=Same as P001_C01; local strain regions after tensile testing | Cast_method=Vacuum arc melting | Homogenization_T_K=1453.0 | Homogenization_time_h=2.0 | Hot_rolling_T_K=1373.0 | Hot_rolling_reduction_pct=50.0 | Cold_rolling_reduction_pct=80.0 | Annealing_T_K=1223.0 | Annealing_time_min=5.0 | Cooling_route=Water quench,,mixed; preserve each reported unit,,,,,,,,,PENDING_SOURCE_REVIEW,
P001,P001_MC01,OBS006,mechanical properties,,,mixed; preserve each reported unit,,,,,,,,,PENDING_SOURCE_REVIEW,
P001,P001_MC01,OBS006,TRIP evidence,Evidence_TRIP=HCP/twins almost absent at early local strain,,text/evidence,,,,,,,,,PENDING_SOURCE_REVIEW,
P001,P001_MC01,OBS006,TWIP evidence,Evidence_TWIP=No strong deformation twin contribution reported,,text/evidence,,,,,,,,,PENDING_SOURCE_REVIEW,
P001,P001_MC01,OBS006,phase-transformation evidence,HCP_lath_or_lamella_note=ECC: SF density increases with local strain | Characterization_methods=ECC; EBSD; HRTEM; neutron diffraction,,mixed; preserve each reported unit,,,,,,,,,PENDING_SOURCE_REVIEW,
P001,P001_MC01,OBS006,specimen identity,,,identifier/text,,,,,,,,,PENDING_SOURCE_REVIEW,
P001,P001_MC01,OBS006,replicate identity,,,identifier/text,,,,,,,,,PENDING_SOURCE_REVIEW,
P001,P001_MC01,OBS006,condition-to-test-series linkage,Parent_Experiment_ID=P001_PE01,,identifier/text,,,,,,,,,PENDING_SOURCE_REVIEW,
P001,P001_MC01,OBS007,grain size,Grain_size_um=14.9,,as reported (currently µm field),,,,,,,,,PENDING_SOURCE_REVIEW,
P001,P001_MC01,OBS007,SFE,SFE_mJ_m2=7.0,,as reported (currently mJ m^-2 field),,,,,,,,,PENDING_SOURCE_REVIEW,
P001,P001_MC01,OBS007,SFE method,SFE_method=weak-beam dark-field STEM partial separation,,method/text,,,,,,,,,PENDING_SOURCE_REVIEW,
P001,P001_MC01,OBS007,initial FCC fraction,Initial_FCC_fraction=1.0,,as reported,,,,,,,,,PENDING_SOURCE_REVIEW,
P001,P001_MC01,OBS007,initial HCP fraction,Initial_HCP_fraction=0.0,,as reported,,,,,,,,,PENDING_SOURCE_REVIEW,
P001,P001_MC01,OBS007,DeltaG / transformation driving force,,,as reported (currently J mol^-1 field),,,,,,,,,PENDING_SOURCE_REVIEW,
P001,P001_MC01,OBS007,strain rate,Strain_rate_s-1=0.001,,as reported (currently s^-1 field),,,,,,,,,PENDING_SOURCE_REVIEW,
P001,P001_MC01,OBS007,test temperature,Test_T_K=298.0,,as reported (currently K field),,,,,,,,,PENDING_SOURCE_REVIEW,
P001,P001_MC01,OBS007,processing history,Processing_route=Same as P001_C01; local strain regions after tensile testing | Cast_method=Vacuum arc melting | Homogenization_T_K=1453.0 | Homogenization_time_h=2.0 | Hot_rolling_T_K=1373.0 | Hot_rolling_reduction_pct=50.0 | Cold_rolling_reduction_pct=80.0 | Annealing_T_K=1223.0 | Annealing_time_min=5.0 | Cooling_route=Water quench,,mixed; preserve each reported unit,,,,,,,,,PENDING_SOURCE_REVIEW,
P001,P001_MC01,OBS007,mechanical properties,,,mixed; preserve each reported unit,,,,,,,,,PENDING_SOURCE_REVIEW,
P001,P001_MC01,OBS007,TRIP evidence,Evidence_TRIP=HCP/twins almost absent at early local strain,,text/evidence,,,,,,,,,PENDING_SOURCE_REVIEW,
P001,P001_MC01,OBS007,TWIP evidence,Evidence_TWIP=No strong deformation twin contribution reported,,text/evidence,,,,,,,,,PENDING_SOURCE_REVIEW,
P001,P001_MC01,OBS007,phase-transformation evidence,HCP_lath_or_lamella_note=ECC: SF density increases; HCP/twins almost absent in ECC | Characterization_methods=ECC; EBSD; HRTEM; neutron diffraction,,mixed; preserve each reported unit,,,,,,,,,PENDING_SOURCE_REVIEW,
P001,P001_MC01,OBS007,specimen identity,,,identifier/text,,,,,,,,,PENDING_SOURCE_REVIEW,
P001,P001_MC01,OBS007,replicate identity,,,identifier/text,,,,,,,,,PENDING_SOURCE_REVIEW,
P001,P001_MC01,OBS007,condition-to-test-series linkage,Parent_Experiment_ID=P001_PE01,,identifier/text,,,,,,,,,PENDING_SOURCE_REVIEW,
P001,P001_MC01,OBS008,grain size,Grain_size_um=14.9,,as reported (currently µm field),,,,,,,,,PENDING_SOURCE_REVIEW,
P001,P001_MC01,OBS008,SFE,SFE_mJ_m2=7.0,,as reported (currently mJ m^-2 field),,,,,,,,,PENDING_SOURCE_REVIEW,
P001,P001_MC01,OBS008,SFE method,SFE_method=weak-beam dark-field STEM partial separation,,method/text,,,,,,,,,PENDING_SOURCE_REVIEW,
P001,P001_MC01,OBS008,initial FCC fraction,Initial_FCC_fraction=1.0,,as reported,,,,,,,,,PENDING_SOURCE_REVIEW,
P001,P001_MC01,OBS008,initial HCP fraction,Initial_HCP_fraction=0.0,,as reported,,,,,,,,,PENDING_SOURCE_REVIEW,
P001,P001_MC01,OBS008,DeltaG / transformation driving force,,,as reported (currently J mol^-1 field),,,,,,,,,PENDING_SOURCE_REVIEW,
P001,P001_MC01,OBS008,strain rate,Strain_rate_s-1=0.001,,as reported (currently s^-1 field),,,,,,,,,PENDING_SOURCE_REVIEW,
P001,P001_MC01,OBS008,test temperature,Test_T_K=298.0,,as reported (currently K field),,,,,,,,,PENDING_SOURCE_REVIEW,
P001,P001_MC01,OBS008,processing history,Processing_route=Same as P001_C01; local strain regions after tensile testing | Cast_method=Vacuum arc melting | Homogenization_T_K=1453.0 | Homogenization_time_h=2.0 | Hot_rolling_T_K=1373.0 | Hot_rolling_reduction_pct=50.0 | Cold_rolling_reduction_pct=80.0 | Annealing_T_K=1223.0 | Annealing_time_min=5.0 | Cooling_route=Water quench,,mixed; preserve each reported unit,,,,,,,,,PENDING_SOURCE_REVIEW,
P001,P001_MC01,OBS008,mechanical properties,,,mixed; preserve each reported unit,,,,,,,,,PENDING_SOURCE_REVIEW,
P001,P001_MC01,OBS008,TRIP evidence,Evidence_TRIP=EBSD/HRTEM/neutron evidence for limited HCP at high deformation,,text/evidence,,,,,,,,,PENDING_SOURCE_REVIEW,
P001,P001_MC01,OBS008,TWIP evidence,Evidence_TWIP=No strong deformation twin contribution reported,,text/evidence,,,,,,,,,PENDING_SOURCE_REVIEW,
P001,P001_MC01,OBS008,phase-transformation evidence,HCP_lath_or_lamella_note=EBSD/HRTEM: very limited HCP; SFs dominant over HCP lamella growth | Characterization_methods=ECC; EBSD; HRTEM; neutron diffraction,,mixed; preserve each reported unit,,,,,,,,,PENDING_SOURCE_REVIEW,
P001,P001_MC01,OBS008,specimen identity,,,identifier/text,,,,,,,,,PENDING_SOURCE_REVIEW,
P001,P001_MC01,OBS008,replicate identity,,,identifier/text,,,,,,,,,PENDING_SOURCE_REVIEW,
P001,P001_MC01,OBS008,condition-to-test-series linkage,Parent_Experiment_ID=P001_PE01,,identifier/text,,,,,,,,,PENDING_SOURCE_REVIEW,
P002,P002_MC01,OBS009,grain size,Grain_size_um=4.7,,as reported (currently µm field),,,,,,,,,PENDING_SOURCE_REVIEW,
P002,P002_MC01,OBS009,SFE,SFE_mJ_m2=14.0,,as reported (currently mJ m^-2 field),,,,,,,,,PENDING_SOURCE_REVIEW,
P002,P002_MC01,OBS009,SFE method,SFE_method=estimated/calculated in paper,,method/text,,,,,,,,,PENDING_SOURCE_REVIEW,
P002,P002_MC01,OBS009,initial FCC fraction,Initial_FCC_fraction=1.0,,as reported,,,,,,,,,PENDING_SOURCE_REVIEW,
P002,P002_MC01,OBS009,initial HCP fraction,Initial_HCP_fraction=0.0,,as reported,,,,,,,,,PENDING_SOURCE_REVIEW,
P002,P002_MC01,OBS009,DeltaG / transformation driving force,DeltaG_FCC_HCP_J_mol=-292.0,,as reported (currently J mol^-1 field),,,,,,,,,PENDING_SOURCE_REVIEW,
P002,P002_MC01,OBS009,strain rate,Strain_rate_s-1=0.001,,as reported (currently s^-1 field),,,,,,,,,PENDING_SOURCE_REVIEW,
P002,P002_MC01,OBS009,test temperature,Test_T_K=298.0,,as reported (currently K field),,,,,,,,,PENDING_SOURCE_REVIEW,
P002,P002_MC01,OBS009,processing history,Processing_route=Vacuum induction cast; hot rolled 900C 50%; homogenized 1200C/2h Ar; water quenched; cold rolled 70%; annealed 30 min | Cast_method=Vacuum induction melting | Homogenization_T_K=1473.0 | Homogenization_time_h=2.0 | Hot_rolling_T_K=1173.0 | Hot_rolling_reduction_pct=50.0 | Cold_rolling_reduction_pct=70.0 | Annealing_T_K=1073.0 | Annealing_time_min=30.0 | Cooling_route=Water quench,,mixed; preserve each reported unit,,,,,,,,,PENDING_SOURCE_REVIEW,
P002,P002_MC01,OBS009,mechanical properties,YS_MPa=375.0 | UTS_MPa=785.0 | Elongation_pct=77.5,,mixed; preserve each reported unit,,,,,,,,,PENDING_SOURCE_REVIEW,
P002,P002_MC01,OBS009,TRIP evidence,Evidence_TRIP=EBSD/TEM evidence for FCC→HCP where activated,,text/evidence,,,,,,,,,PENDING_SOURCE_REVIEW,
P002,P002_MC01,OBS009,TWIP evidence,Evidence_TWIP=TEM/EBSD evidence for nano-twinning where activated,,text/evidence,,,,,,,,,PENDING_SOURCE_REVIEW,
P002,P002_MC01,OBS009,phase-transformation evidence,Characterization_methods=EBSD; XRD; EDS; TEM; HAADF-STEM; DIC,,mixed; preserve each reported unit,,,,,,,,,PENDING_SOURCE_REVIEW,
P002,P002_MC01,OBS009,specimen identity,,,identifier/text,,,,,,,,,PENDING_SOURCE_REVIEW,
P002,P002_MC01,OBS009,replicate identity,,,identifier/text,,,,,,,,,PENDING_SOURCE_REVIEW,
P002,P002_MC01,OBS009,condition-to-test-series linkage,Parent_Experiment_ID=P002_PE01,,identifier/text,,,,,,,,,PENDING_SOURCE_REVIEW,
P002,P002_MC02,OBS010,grain size,,,as reported (currently µm field),,,,,,,,,PENDING_SOURCE_REVIEW,
P002,P002_MC02,OBS010,SFE,SFE_mJ_m2=14.0,,as reported (currently mJ m^-2 field),,,,,,,,,PENDING_SOURCE_REVIEW,
P002,P002_MC02,OBS010,SFE method,SFE_method=estimated/calculated in paper,,method/text,,,,,,,,,PENDING_SOURCE_REVIEW,
P002,P002_MC02,OBS010,initial FCC fraction,Initial_FCC_fraction=1.0,,as reported,,,,,,,,,PENDING_SOURCE_REVIEW,
P002,P002_MC02,OBS010,initial HCP fraction,Initial_HCP_fraction=0.0,,as reported,,,,,,,,,PENDING_SOURCE_REVIEW,
P002,P002_MC02,OBS010,DeltaG / transformation driving force,DeltaG_FCC_HCP_J_mol=-292.0,,as reported (currently J mol^-1 field),,,,,,,,,PENDING_SOURCE_REVIEW,
P002,P002_MC02,OBS010,strain rate,Strain_rate_s-1=0.001,,as reported (currently s^-1 field),,,,,,,,,PENDING_SOURCE_REVIEW,
P002,P002_MC02,OBS010,test temperature,Test_T_K=298.0,,as reported (currently K field),,,,,,,,,PENDING_SOURCE_REVIEW,
P002,P002_MC02,OBS010,processing history,Processing_route=Vacuum induction cast; hot rolled 900C 50%; homogenized 1200C/2h Ar; water quenched; cold rolled 70%; annealed 30 min | Cast_method=Vacuum induction melting | Homogenization_T_K=1473.0 | Homogenization_time_h=2.0 | Hot_rolling_T_K=1173.0 | Hot_rolling_reduction_pct=50.0 | Cold_rolling_reduction_pct=70.0 | Annealing_T_K=973.0 | Annealing_time_min=30.0 | Cooling_route=Water quench,,mixed; preserve each reported unit,,,,,,,,,PENDING_SOURCE_REVIEW,
P002,P002_MC02,OBS010,mechanical properties,YS_MPa=589.0 | UTS_MPa=865.0 | Elongation_pct=69.1,,mixed; preserve each reported unit,,,,,,,,,PENDING_SOURCE_REVIEW,
P002,P002_MC02,OBS010,TRIP evidence,Evidence_TRIP=EBSD/TEM evidence for FCC→HCP where activated,,text/evidence,,,,,,,,,PENDING_SOURCE_REVIEW,
P002,P002_MC02,OBS010,TWIP evidence,Evidence_TWIP=TEM/EBSD evidence for nano-twinning where activated,,text/evidence,,,,,,,,,PENDING_SOURCE_REVIEW,
P002,P002_MC02,OBS010,phase-transformation evidence,Characterization_methods=EBSD; XRD; EDS; TEM; HAADF-STEM; DIC,,mixed; preserve each reported unit,,,,,,,,,PENDING_SOURCE_REVIEW,
P002,P002_MC02,OBS010,specimen identity,,,identifier/text,,,,,,,,,PENDING_SOURCE_REVIEW,
P002,P002_MC02,OBS010,replicate identity,,,identifier/text,,,,,,,,,PENDING_SOURCE_REVIEW,
P002,P002_MC02,OBS010,condition-to-test-series linkage,Parent_Experiment_ID=P002_PE02,,identifier/text,,,,,,,,,PENDING_SOURCE_REVIEW,
P002,P002_MC03,OBS011,grain size,,,as reported (currently µm field),,,,,,,,,PENDING_SOURCE_REVIEW,
P002,P002_MC03,OBS011,SFE,SFE_mJ_m2=14.0,,as reported (currently mJ m^-2 field),,,,,,,,,PENDING_SOURCE_REVIEW,
P002,P002_MC03,OBS011,SFE method,SFE_method=estimated/calculated in paper,,method/text,,,,,,,,,PENDING_SOURCE_REVIEW,
P002,P002_MC03,OBS011,initial FCC fraction,Initial_FCC_fraction=1.0,,as reported,,,,,,,,,PENDING_SOURCE_REVIEW,
P002,P002_MC03,OBS011,initial HCP fraction,Initial_HCP_fraction=0.0,,as reported,,,,,,,,,PENDING_SOURCE_REVIEW,
P002,P002_MC03,OBS011,DeltaG / transformation driving force,DeltaG_FCC_HCP_J_mol=-292.0,,as reported (currently J mol^-1 field),,,,,,,,,PENDING_SOURCE_REVIEW,
P002,P002_MC03,OBS011,strain rate,Strain_rate_s-1=0.001,,as reported (currently s^-1 field),,,,,,,,,PENDING_SOURCE_REVIEW,
P002,P002_MC03,OBS011,test temperature,Test_T_K=298.0,,as reported (currently K field),,,,,,,,,PENDING_SOURCE_REVIEW,
P002,P002_MC03,OBS011,processing history,Processing_route=Vacuum induction cast; hot rolled 900C 50%; homogenized 1200C/2h Ar; water quenched; cold rolled 70%; annealed 30 min | Cast_method=Vacuum induction melting | Homogenization_T_K=1473.0 | Homogenization_time_h=2.0 | Hot_rolling_T_K=1173.0 | Hot_rolling_reduction_pct=50.0 | Cold_rolling_reduction_pct=70.0 | Annealing_T_K=873.0 | Annealing_time_min=30.0 | Cooling_route=Water quench,,mixed; preserve each reported unit,,,,,,,,,PENDING_SOURCE_REVIEW,
P002,P002_MC03,OBS011,mechanical properties,YS_MPa=1060.0,,mixed; preserve each reported unit,,,,,,,,,PENDING_SOURCE_REVIEW,
P002,P002_MC03,OBS011,TRIP evidence,Evidence_TRIP=EBSD/TEM evidence for FCC→HCP where activated,,text/evidence,,,,,,,,,PENDING_SOURCE_REVIEW,
P002,P002_MC03,OBS011,TWIP evidence,Evidence_TWIP=TEM/EBSD evidence for nano-twinning where activated,,text/evidence,,,,,,,,,PENDING_SOURCE_REVIEW,
P002,P002_MC03,OBS011,phase-transformation evidence,Characterization_methods=EBSD; XRD; EDS; TEM; HAADF-STEM; DIC,,mixed; preserve each reported unit,,,,,,,,,PENDING_SOURCE_REVIEW,
P002,P002_MC03,OBS011,specimen identity,,,identifier/text,,,,,,,,,PENDING_SOURCE_REVIEW,
P002,P002_MC03,OBS011,replicate identity,,,identifier/text,,,,,,,,,PENDING_SOURCE_REVIEW,
P002,P002_MC03,OBS011,condition-to-test-series linkage,Parent_Experiment_ID=P002_PE03,,identifier/text,,,,,,,,,PENDING_SOURCE_REVIEW,
P002,P002_MC04,OBS012,grain size,Grain_size_um=4.5,,as reported (currently µm field),,,,,,,,,PENDING_SOURCE_REVIEW,
P002,P002_MC04,OBS012,SFE,,,as reported (currently mJ m^-2 field),,,,,,,,,PENDING_SOURCE_REVIEW,
P002,P002_MC04,OBS012,SFE method,,,method/text,,,,,,,,,PENDING_SOURCE_REVIEW,
P002,P002_MC04,OBS012,initial FCC fraction,Initial_FCC_fraction=1.0,,as reported,,,,,,,,,PENDING_SOURCE_REVIEW,
P002,P002_MC04,OBS012,initial HCP fraction,Initial_HCP_fraction=0.0,,as reported,,,,,,,,,PENDING_SOURCE_REVIEW,
P002,P002_MC04,OBS012,DeltaG / transformation driving force,,,as reported (currently J mol^-1 field),,,,,,,,,PENDING_SOURCE_REVIEW,
P002,P002_MC04,OBS012,strain rate,,,as reported (currently s^-1 field),,,,,,,,,PENDING_SOURCE_REVIEW,
P002,P002_MC04,OBS012,test temperature,Test_T_K=298.0,,as reported (currently K field),,,,,,,,,PENDING_SOURCE_REVIEW,
P002,P002_MC04,OBS012,processing history,"Processing_route=Reference comparator, similar grain size",,mixed; preserve each reported unit,,,,,,,,,PENDING_SOURCE_REVIEW,
P002,P002_MC04,OBS012,mechanical properties,,,mixed; preserve each reported unit,,,,,,,,,PENDING_SOURCE_REVIEW,
P002,P002_MC04,OBS012,TRIP evidence,Evidence_TRIP=Reference comparator only,,text/evidence,,,,,,,,,PENDING_SOURCE_REVIEW,
P002,P002_MC04,OBS012,TWIP evidence,Evidence_TWIP=reported in abstract comparison,,text/evidence,,,,,,,,,PENDING_SOURCE_REVIEW,
P002,P002_MC04,OBS012,phase-transformation evidence,HCP_lath_or_lamella_note=349 | Characterization_methods=No,,mixed; preserve each reported unit,,,,,,,,,PENDING_SOURCE_REVIEW,
P002,P002_MC04,OBS012,specimen identity,,,identifier/text,,,,,,,,,PENDING_SOURCE_REVIEW,
P002,P002_MC04,OBS012,replicate identity,,,identifier/text,,,,,,,,,PENDING_SOURCE_REVIEW,
P002,P002_MC04,OBS012,condition-to-test-series linkage,Parent_Experiment_ID=P002_PE04,,identifier/text,,,,,,,,,PENDING_SOURCE_REVIEW,
P002,P002_MC05,OBS013,grain size,,,as reported (currently µm field),,,,,,,,,PENDING_SOURCE_REVIEW,
P002,P002_MC05,OBS013,SFE,SFE_mJ_m2=14.0,,as reported (currently mJ m^-2 field),,,,,,,,,PENDING_SOURCE_REVIEW,
P002,P002_MC05,OBS013,SFE method,SFE_method=estimated/calculated in paper,,method/text,,,,,,,,,PENDING_SOURCE_REVIEW,
P002,P002_MC05,OBS013,initial FCC fraction,Initial_FCC_fraction=1.0,,as reported,,,,,,,,,PENDING_SOURCE_REVIEW,
P002,P002_MC05,OBS013,initial HCP fraction,Initial_HCP_fraction=0.0,,as reported,,,,,,,,,PENDING_SOURCE_REVIEW,
P002,P002_MC05,OBS013,DeltaG / transformation driving force,DeltaG_FCC_HCP_J_mol=-292.0,,as reported (currently J mol^-1 field),,,,,,,,,PENDING_SOURCE_REVIEW,
P002,P002_MC05,OBS013,strain rate,,,as reported (currently s^-1 field),,,,,,,,,PENDING_SOURCE_REVIEW,
P002,P002_MC05,OBS013,test temperature,,,as reported (currently K field),,,,,,,,,PENDING_SOURCE_REVIEW,
P002,P002_MC05,OBS013,processing history,Processing_route=CALPHAD design condition,,mixed; preserve each reported unit,,,,,,,,,PENDING_SOURCE_REVIEW,
P002,P002_MC05,OBS013,mechanical properties,,,mixed; preserve each reported unit,,,,,,,,,PENDING_SOURCE_REVIEW,
P002,P002_MC05,OBS013,TRIP evidence,Evidence_TRIP=Keep this row for descriptor provenance; exclude from ML training labels.,,text/evidence,,,,,,,,,PENDING_SOURCE_REVIEW,
P002,P002_MC05,OBS013,TWIP evidence,,,text/evidence,,,,,,,,,PENDING_SOURCE_REVIEW,
P002,P002_MC05,OBS013,phase-transformation evidence,,,mixed; preserve each reported unit,,,,,,,,,PENDING_SOURCE_REVIEW,
P002,P002_MC05,OBS013,specimen identity,,,identifier/text,,,,,,,,,PENDING_SOURCE_REVIEW,
P002,P002_MC05,OBS013,replicate identity,,,identifier/text,,,,,,,,,PENDING_SOURCE_REVIEW,
P002,P002_MC05,OBS013,condition-to-test-series linkage,Parent_Experiment_ID=P002_PE05,,identifier/text,,,,,,,,,PENDING_SOURCE_REVIEW,
P003,P003_MC01,OBS014,grain size,Grain_size_um=4.5,,as reported (currently µm field),,,,,,,,,PENDING_SOURCE_REVIEW,
P003,P003_MC01,OBS014,SFE,SFE_mJ_m2=6.5,,as reported (currently mJ m^-2 field),,,,,,,,,PENDING_SOURCE_REVIEW,
P003,P003_MC01,OBS014,SFE method,SFE_method=reported/estimated; dynamic includes +13 mJ/m2 adiabatic increase,,method/text,,,,,,,,,PENDING_SOURCE_REVIEW,
P003,P003_MC01,OBS014,initial FCC fraction,Initial_FCC_fraction=0.63,,as reported,,,,,,,,,PENDING_SOURCE_REVIEW,
P003,P003_MC01,OBS014,initial HCP fraction,Initial_HCP_fraction=0.37,,as reported,,,,,,,,,PENDING_SOURCE_REVIEW,
P003,P003_MC01,OBS014,DeltaG / transformation driving force,,,as reported (currently J mol^-1 field),,,,,,,,,PENDING_SOURCE_REVIEW,
P003,P003_MC01,OBS014,strain rate,Strain_rate_s-1=0.001,,as reported (currently s^-1 field),,,,,,,,,PENDING_SOURCE_REVIEW,
P003,P003_MC01,OBS014,test temperature,Test_T_K=300.0,,as reported (currently K field),,,,,,,,,PENDING_SOURCE_REVIEW,
P003,P003_MC01,OBS014,processing history,Processing_route=Vacuum cast in Ar; hot-forged 1200C; hot-rolled 900C 50%; solution 1200C/2h; cold-rolled 60%; annealed 900C/3min salt bath; air cooled | Cast_method=Vacuum melting | Homogenization_T_K=1473.0 | Homogenization_time_h=2.0 | Hot_rolling_T_K=1173.0 | Hot_rolling_reduction_pct=50.0 | Cold_rolling_reduction_pct=60.0 | Annealing_T_K=1173.0 | Annealing_time_min=3.0 | Cooling_route=air cooling,,mixed; preserve each reported unit,,,,,,,,,PENDING_SOURCE_REVIEW,
P003,P003_MC01,OBS014,mechanical properties,YS_MPa=280.0 | UTS_MPa=720.0 | Uniform_elongation_pct=64.2,,mixed; preserve each reported unit,,,,,,,,,PENDING_SOURCE_REVIEW,
P003,P003_MC01,OBS014,TRIP evidence,Evidence_TRIP=EBSD/TEM show deformation-induced martensite and reverse transformation depending on strain rate,,text/evidence,,,,,,,,,PENDING_SOURCE_REVIEW,
P003,P003_MC01,OBS014,TWIP evidence,Evidence_TWIP=TEM identifies deformation twins; dynamic loading makes twinning dominant at later strain,,text/evidence,,,,,,,,,PENDING_SOURCE_REVIEW,
P003,P003_MC01,OBS014,phase-transformation evidence,"HCP_fraction_at_condition=0.47 | HCP_lath_or_lamella_note=At 50% cross-section reduction: HCP fraction 47%, 24%, 18% for 10^-3, 1, 10^3 s^-1 respectively | Characterization_methods=Tensile; DSC; dilatometry; SEM/EBSD; TEM",,mixed; preserve each reported unit,,,,,,,,,PENDING_SOURCE_REVIEW,
P003,P003_MC01,OBS014,specimen identity,,,identifier/text,,,,,,,,,PENDING_SOURCE_REVIEW,
P003,P003_MC01,OBS014,replicate identity,,,identifier/text,,,,,,,,,PENDING_SOURCE_REVIEW,
P003,P003_MC01,OBS014,condition-to-test-series linkage,Parent_Experiment_ID=P003_PE01,,identifier/text,,,,,,,,,PENDING_SOURCE_REVIEW,
P003,P003_MC02,OBS015,grain size,Grain_size_um=4.5,,as reported (currently µm field),,,,,,,,,PENDING_SOURCE_REVIEW,
P003,P003_MC02,OBS015,SFE,SFE_mJ_m2=6.5,,as reported (currently mJ m^-2 field),,,,,,,,,PENDING_SOURCE_REVIEW,
P003,P003_MC02,OBS015,SFE method,SFE_method=reported/estimated; dynamic includes +13 mJ/m2 adiabatic increase,,method/text,,,,,,,,,PENDING_SOURCE_REVIEW,
P003,P003_MC02,OBS015,initial FCC fraction,Initial_FCC_fraction=0.63,,as reported,,,,,,,,,PENDING_SOURCE_REVIEW,
P003,P003_MC02,OBS015,initial HCP fraction,Initial_HCP_fraction=0.37,,as reported,,,,,,,,,PENDING_SOURCE_REVIEW,
P003,P003_MC02,OBS015,DeltaG / transformation driving force,,,as reported (currently J mol^-1 field),,,,,,,,,PENDING_SOURCE_REVIEW,
P003,P003_MC02,OBS015,strain rate,Strain_rate_s-1=0.01,,as reported (currently s^-1 field),,,,,,,,,PENDING_SOURCE_REVIEW,
P003,P003_MC02,OBS015,test temperature,Test_T_K=300.0,,as reported (currently K field),,,,,,,,,PENDING_SOURCE_REVIEW,
P003,P003_MC02,OBS015,processing history,Processing_route=Vacuum cast in Ar; hot-forged 1200C; hot-rolled 900C 50%; solution 1200C/2h; cold-rolled 60%; annealed 900C/3min salt bath; air cooled | Cast_method=Vacuum melting | Homogenization_T_K=1473.0 | Homogenization_time_h=2.0 | Hot_rolling_T_K=1173.0 | Hot_rolling_reduction_pct=50.0 | Cold_rolling_reduction_pct=60.0 | Annealing_T_K=1173.0 | Annealing_time_min=3.0 | Cooling_route=air cooling,,mixed; preserve each reported unit,,,,,,,,,PENDING_SOURCE_REVIEW,
P003,P003_MC02,OBS015,mechanical properties,,,mixed; preserve each reported unit,,,,,,,,,PENDING_SOURCE_REVIEW,
P003,P003_MC02,OBS015,TRIP evidence,Evidence_TRIP=EBSD/TEM show deformation-induced martensite and reverse transformation depending on strain rate,,text/evidence,,,,,,,,,PENDING_SOURCE_REVIEW,
P003,P003_MC02,OBS015,TWIP evidence,Evidence_TWIP=TEM identifies deformation twins; dynamic loading makes twinning dominant at later strain,,text/evidence,,,,,,,,,PENDING_SOURCE_REVIEW,
P003,P003_MC02,OBS015,phase-transformation evidence,Characterization_methods=Tensile; DSC; dilatometry; SEM/EBSD; TEM,,mixed; preserve each reported unit,,,,,,,,,PENDING_SOURCE_REVIEW,
P003,P003_MC02,OBS015,specimen identity,,,identifier/text,,,,,,,,,PENDING_SOURCE_REVIEW,
P003,P003_MC02,OBS015,replicate identity,,,identifier/text,,,,,,,,,PENDING_SOURCE_REVIEW,
P003,P003_MC02,OBS015,condition-to-test-series linkage,Parent_Experiment_ID=P003_PE02,,identifier/text,,,,,,,,,PENDING_SOURCE_REVIEW,
P003,P003_MC03,OBS016,grain size,Grain_size_um=4.5,,as reported (currently µm field),,,,,,,,,PENDING_SOURCE_REVIEW,
P003,P003_MC03,OBS016,SFE,SFE_mJ_m2=6.5,,as reported (currently mJ m^-2 field),,,,,,,,,PENDING_SOURCE_REVIEW,
P003,P003_MC03,OBS016,SFE method,SFE_method=reported/estimated; dynamic includes +13 mJ/m2 adiabatic increase,,method/text,,,,,,,,,PENDING_SOURCE_REVIEW,
P003,P003_MC03,OBS016,initial FCC fraction,Initial_FCC_fraction=0.63,,as reported,,,,,,,,,PENDING_SOURCE_REVIEW,
P003,P003_MC03,OBS016,initial HCP fraction,Initial_HCP_fraction=0.37,,as reported,,,,,,,,,PENDING_SOURCE_REVIEW,
P003,P003_MC03,OBS016,DeltaG / transformation driving force,,,as reported (currently J mol^-1 field),,,,,,,,,PENDING_SOURCE_REVIEW,
P003,P003_MC03,OBS016,strain rate,Strain_rate_s-1=0.1,,as reported (currently s^-1 field),,,,,,,,,PENDING_SOURCE_REVIEW,
P003,P003_MC03,OBS016,test temperature,Test_T_K=300.0,,as reported (currently K field),,,,,,,,,PENDING_SOURCE_REVIEW,
P003,P003_MC03,OBS016,processing history,Processing_route=Vacuum cast in Ar; hot-forged 1200C; hot-rolled 900C 50%; solution 1200C/2h; cold-rolled 60%; annealed 900C/3min salt bath; air cooled | Cast_method=Vacuum melting | Homogenization_T_K=1473.0 | Homogenization_time_h=2.0 | Hot_rolling_T_K=1173.0 | Hot_rolling_reduction_pct=50.0 | Cold_rolling_reduction_pct=60.0 | Annealing_T_K=1173.0 | Annealing_time_min=3.0 | Cooling_route=air cooling,,mixed; preserve each reported unit,,,,,,,,,PENDING_SOURCE_REVIEW,
P003,P003_MC03,OBS016,mechanical properties,,,mixed; preserve each reported unit,,,,,,,,,PENDING_SOURCE_REVIEW,
P003,P003_MC03,OBS016,TRIP evidence,Evidence_TRIP=EBSD/TEM show deformation-induced martensite and reverse transformation depending on strain rate,,text/evidence,,,,,,,,,PENDING_SOURCE_REVIEW,
P003,P003_MC03,OBS016,TWIP evidence,Evidence_TWIP=TEM identifies deformation twins; dynamic loading makes twinning dominant at later strain,,text/evidence,,,,,,,,,PENDING_SOURCE_REVIEW,
P003,P003_MC03,OBS016,phase-transformation evidence,Characterization_methods=Tensile; DSC; dilatometry; SEM/EBSD; TEM,,mixed; preserve each reported unit,,,,,,,,,PENDING_SOURCE_REVIEW,
P003,P003_MC03,OBS016,specimen identity,,,identifier/text,,,,,,,,,PENDING_SOURCE_REVIEW,
P003,P003_MC03,OBS016,replicate identity,,,identifier/text,,,,,,,,,PENDING_SOURCE_REVIEW,
P003,P003_MC03,OBS016,condition-to-test-series linkage,Parent_Experiment_ID=P003_PE03,,identifier/text,,,,,,,,,PENDING_SOURCE_REVIEW,
P003,P003_MC04,OBS017,grain size,Grain_size_um=4.5,,as reported (currently µm field),,,,,,,,,PENDING_SOURCE_REVIEW,
P003,P003_MC04,OBS017,SFE,SFE_mJ_m2=6.5,,as reported (currently mJ m^-2 field),,,,,,,,,PENDING_SOURCE_REVIEW,
P003,P003_MC04,OBS017,SFE method,SFE_method=reported/estimated; dynamic includes +13 mJ/m2 adiabatic increase,,method/text,,,,,,,,,PENDING_SOURCE_REVIEW,
P003,P003_MC04,OBS017,initial FCC fraction,Initial_FCC_fraction=0.63,,as reported,,,,,,,,,PENDING_SOURCE_REVIEW,
P003,P003_MC04,OBS017,initial HCP fraction,Initial_HCP_fraction=0.37,,as reported,,,,,,,,,PENDING_SOURCE_REVIEW,
P003,P003_MC04,OBS017,DeltaG / transformation driving force,,,as reported (currently J mol^-1 field),,,,,,,,,PENDING_SOURCE_REVIEW,
P003,P003_MC04,OBS017,strain rate,Strain_rate_s-1=1.0,,as reported (currently s^-1 field),,,,,,,,,PENDING_SOURCE_REVIEW,
P003,P003_MC04,OBS017,test temperature,Test_T_K=300.0,,as reported (currently K field),,,,,,,,,PENDING_SOURCE_REVIEW,
P003,P003_MC04,OBS017,processing history,Processing_route=Vacuum cast in Ar; hot-forged 1200C; hot-rolled 900C 50%; solution 1200C/2h; cold-rolled 60%; annealed 900C/3min salt bath; air cooled | Cast_method=Vacuum melting | Homogenization_T_K=1473.0 | Homogenization_time_h=2.0 | Hot_rolling_T_K=1173.0 | Hot_rolling_reduction_pct=50.0 | Cold_rolling_reduction_pct=60.0 | Annealing_T_K=1173.0 | Annealing_time_min=3.0 | Cooling_route=air cooling,,mixed; preserve each reported unit,,,,,,,,,PENDING_SOURCE_REVIEW,
P003,P003_MC04,OBS017,mechanical properties,YS_MPa=300.0 | UTS_MPa=672.0 | Uniform_elongation_pct=49.2,,mixed; preserve each reported unit,,,,,,,,,PENDING_SOURCE_REVIEW,
P003,P003_MC04,OBS017,TRIP evidence,Evidence_TRIP=EBSD/TEM show deformation-induced martensite and reverse transformation depending on strain rate,,text/evidence,,,,,,,,,PENDING_SOURCE_REVIEW,
P003,P003_MC04,OBS017,TWIP evidence,Evidence_TWIP=TEM identifies deformation twins; dynamic loading makes twinning dominant at later strain,,text/evidence,,,,,,,,,PENDING_SOURCE_REVIEW,
P003,P003_MC04,OBS017,phase-transformation evidence,"HCP_fraction_at_condition=0.24 | HCP_lath_or_lamella_note=At 50% cross-section reduction: HCP fraction 47%, 24%, 18% for 10^-3, 1, 10^3 s^-1 respectively | Characterization_methods=Tensile; DSC; dilatometry; SEM/EBSD; TEM",,mixed; preserve each reported unit,,,,,,,,,PENDING_SOURCE_REVIEW,
P003,P003_MC04,OBS017,specimen identity,,,identifier/text,,,,,,,,,PENDING_SOURCE_REVIEW,
P003,P003_MC04,OBS017,replicate identity,,,identifier/text,,,,,,,,,PENDING_SOURCE_REVIEW,
P003,P003_MC04,OBS017,condition-to-test-series linkage,Parent_Experiment_ID=P003_PE04,,identifier/text,,,,,,,,,PENDING_SOURCE_REVIEW,
P003,P003_MC05,OBS018,grain size,Grain_size_um=4.5,,as reported (currently µm field),,,,,,,,,PENDING_SOURCE_REVIEW,
P003,P003_MC05,OBS018,SFE,SFE_mJ_m2=6.5,,as reported (currently mJ m^-2 field),,,,,,,,,PENDING_SOURCE_REVIEW,
P003,P003_MC05,OBS018,SFE method,SFE_method=reported/estimated; dynamic includes +13 mJ/m2 adiabatic increase,,method/text,,,,,,,,,PENDING_SOURCE_REVIEW,
P003,P003_MC05,OBS018,initial FCC fraction,Initial_FCC_fraction=0.63,,as reported,,,,,,,,,PENDING_SOURCE_REVIEW,
P003,P003_MC05,OBS018,initial HCP fraction,Initial_HCP_fraction=0.37,,as reported,,,,,,,,,PENDING_SOURCE_REVIEW,
P003,P003_MC05,OBS018,DeltaG / transformation driving force,,,as reported (currently J mol^-1 field),,,,,,,,,PENDING_SOURCE_REVIEW,
P003,P003_MC05,OBS018,strain rate,Strain_rate_s-1=10.0,,as reported (currently s^-1 field),,,,,,,,,PENDING_SOURCE_REVIEW,
P003,P003_MC05,OBS018,test temperature,Test_T_K=300.0,,as reported (currently K field),,,,,,,,,PENDING_SOURCE_REVIEW,
P003,P003_MC05,OBS018,processing history,Processing_route=Vacuum cast in Ar; hot-forged 1200C; hot-rolled 900C 50%; solution 1200C/2h; cold-rolled 60%; annealed 900C/3min salt bath; air cooled | Cast_method=Vacuum melting | Homogenization_T_K=1473.0 | Homogenization_time_h=2.0 | Hot_rolling_T_K=1173.0 | Hot_rolling_reduction_pct=50.0 | Cold_rolling_reduction_pct=60.0 | Annealing_T_K=1173.0 | Annealing_time_min=3.0 | Cooling_route=air cooling,,mixed; preserve each reported unit,,,,,,,,,PENDING_SOURCE_REVIEW,
P003,P003_MC05,OBS018,mechanical properties,,,mixed; preserve each reported unit,,,,,,,,,PENDING_SOURCE_REVIEW,
P003,P003_MC05,OBS018,TRIP evidence,Evidence_TRIP=EBSD/TEM show deformation-induced martensite and reverse transformation depending on strain rate,,text/evidence,,,,,,,,,PENDING_SOURCE_REVIEW,
P003,P003_MC05,OBS018,TWIP evidence,Evidence_TWIP=TEM identifies deformation twins; dynamic loading makes twinning dominant at later strain,,text/evidence,,,,,,,,,PENDING_SOURCE_REVIEW,
P003,P003_MC05,OBS018,phase-transformation evidence,Characterization_methods=Tensile; DSC; dilatometry; SEM/EBSD; TEM,,mixed; preserve each reported unit,,,,,,,,,PENDING_SOURCE_REVIEW,
P003,P003_MC05,OBS018,specimen identity,,,identifier/text,,,,,,,,,PENDING_SOURCE_REVIEW,
P003,P003_MC05,OBS018,replicate identity,,,identifier/text,,,,,,,,,PENDING_SOURCE_REVIEW,
P003,P003_MC05,OBS018,condition-to-test-series linkage,Parent_Experiment_ID=P003_PE05,,identifier/text,,,,,,,,,PENDING_SOURCE_REVIEW,
P003,P003_MC06,OBS019,grain size,Grain_size_um=4.5,,as reported (currently µm field),,,,,,,,,PENDING_SOURCE_REVIEW,
P003,P003_MC06,OBS019,SFE,SFE_mJ_m2=6.5,,as reported (currently mJ m^-2 field),,,,,,,,,PENDING_SOURCE_REVIEW,
P003,P003_MC06,OBS019,SFE method,SFE_method=reported/estimated; dynamic includes +13 mJ/m2 adiabatic increase,,method/text,,,,,,,,,PENDING_SOURCE_REVIEW,
P003,P003_MC06,OBS019,initial FCC fraction,Initial_FCC_fraction=0.63,,as reported,,,,,,,,,PENDING_SOURCE_REVIEW,
P003,P003_MC06,OBS019,initial HCP fraction,Initial_HCP_fraction=0.37,,as reported,,,,,,,,,PENDING_SOURCE_REVIEW,
P003,P003_MC06,OBS019,DeltaG / transformation driving force,,,as reported (currently J mol^-1 field),,,,,,,,,PENDING_SOURCE_REVIEW,
P003,P003_MC06,OBS019,strain rate,Strain_rate_s-1=100.0,,as reported (currently s^-1 field),,,,,,,,,PENDING_SOURCE_REVIEW,
P003,P003_MC06,OBS019,test temperature,Test_T_K=300.0,,as reported (currently K field),,,,,,,,,PENDING_SOURCE_REVIEW,
P003,P003_MC06,OBS019,processing history,Processing_route=Vacuum cast in Ar; hot-forged 1200C; hot-rolled 900C 50%; solution 1200C/2h; cold-rolled 60%; annealed 900C/3min salt bath; air cooled | Cast_method=Vacuum melting | Homogenization_T_K=1473.0 | Homogenization_time_h=2.0 | Hot_rolling_T_K=1173.0 | Hot_rolling_reduction_pct=50.0 | Cold_rolling_reduction_pct=60.0 | Annealing_T_K=1173.0 | Annealing_time_min=3.0 | Cooling_route=air cooling,,mixed; preserve each reported unit,,,,,,,,,PENDING_SOURCE_REVIEW,
P003,P003_MC06,OBS019,mechanical properties,,,mixed; preserve each reported unit,,,,,,,,,PENDING_SOURCE_REVIEW,
P003,P003_MC06,OBS019,TRIP evidence,Evidence_TRIP=EBSD/TEM show deformation-induced martensite and reverse transformation depending on strain rate,,text/evidence,,,,,,,,,PENDING_SOURCE_REVIEW,
P003,P003_MC06,OBS019,TWIP evidence,Evidence_TWIP=TEM identifies deformation twins; dynamic loading makes twinning dominant at later strain,,text/evidence,,,,,,,,,PENDING_SOURCE_REVIEW,
P003,P003_MC06,OBS019,phase-transformation evidence,Characterization_methods=Tensile; DSC; dilatometry; SEM/EBSD; TEM,,mixed; preserve each reported unit,,,,,,,,,PENDING_SOURCE_REVIEW,
P003,P003_MC06,OBS019,specimen identity,,,identifier/text,,,,,,,,,PENDING_SOURCE_REVIEW,
P003,P003_MC06,OBS019,replicate identity,,,identifier/text,,,,,,,,,PENDING_SOURCE_REVIEW,
P003,P003_MC06,OBS019,condition-to-test-series linkage,Parent_Experiment_ID=P003_PE06,,identifier/text,,,,,,,,,PENDING_SOURCE_REVIEW,
P003,P003_MC07,OBS020,grain size,Grain_size_um=4.5,,as reported (currently µm field),,,,,,,,,PENDING_SOURCE_REVIEW,
P003,P003_MC07,OBS020,SFE,SFE_mJ_m2=19.5,,as reported (currently mJ m^-2 field),,,,,,,,,PENDING_SOURCE_REVIEW,
P003,P003_MC07,OBS020,SFE method,SFE_method=reported/estimated; dynamic includes +13 mJ/m2 adiabatic increase,,method/text,,,,,,,,,PENDING_SOURCE_REVIEW,
P003,P003_MC07,OBS020,initial FCC fraction,Initial_FCC_fraction=0.63,,as reported,,,,,,,,,PENDING_SOURCE_REVIEW,
P003,P003_MC07,OBS020,initial HCP fraction,Initial_HCP_fraction=0.37,,as reported,,,,,,,,,PENDING_SOURCE_REVIEW,
P003,P003_MC07,OBS020,DeltaG / transformation driving force,,,as reported (currently J mol^-1 field),,,,,,,,,PENDING_SOURCE_REVIEW,
P003,P003_MC07,OBS020,strain rate,Strain_rate_s-1=1000.0,,as reported (currently s^-1 field),,,,,,,,,PENDING_SOURCE_REVIEW,
P003,P003_MC07,OBS020,test temperature,Test_T_K=300.0,,as reported (currently K field),,,,,,,,,PENDING_SOURCE_REVIEW,
P003,P003_MC07,OBS020,processing history,Processing_route=Vacuum cast in Ar; hot-forged 1200C; hot-rolled 900C 50%; solution 1200C/2h; cold-rolled 60%; annealed 900C/3min salt bath; air cooled | Cast_method=Vacuum melting | Homogenization_T_K=1473.0 | Homogenization_time_h=2.0 | Hot_rolling_T_K=1173.0 | Hot_rolling_reduction_pct=50.0 | Cold_rolling_reduction_pct=60.0 | Annealing_T_K=1173.0 | Annealing_time_min=3.0 | Cooling_route=air cooling,,mixed; preserve each reported unit,,,,,,,,,PENDING_SOURCE_REVIEW,
P003,P003_MC07,OBS020,mechanical properties,YS_MPa=380.0 | UTS_MPa=810.0 | Uniform_elongation_pct=67.0,,mixed; preserve each reported unit,,,,,,,,,PENDING_SOURCE_REVIEW,
P003,P003_MC07,OBS020,TRIP evidence,Evidence_TRIP=EBSD/TEM show deformation-induced martensite and reverse transformation depending on strain rate,,text/evidence,,,,,,,,,PENDING_SOURCE_REVIEW,
P003,P003_MC07,OBS020,TWIP evidence,Evidence_TWIP=TEM identifies deformation twins; dynamic loading makes twinning dominant at later strain,,text/evidence,,,,,,,,,PENDING_SOURCE_REVIEW,
P003,P003_MC07,OBS020,phase-transformation evidence,"HCP_fraction_at_condition=0.18 | HCP_lath_or_lamella_note=At 50% cross-section reduction: HCP fraction 47%, 24%, 18% for 10^-3, 1, 10^3 s^-1 respectively | Characterization_methods=Tensile; DSC; dilatometry; SEM/EBSD; TEM",,mixed; preserve each reported unit,,,,,,,,,PENDING_SOURCE_REVIEW,
P003,P003_MC07,OBS020,specimen identity,,,identifier/text,,,,,,,,,PENDING_SOURCE_REVIEW,
P003,P003_MC07,OBS020,replicate identity,,,identifier/text,,,,,,,,,PENDING_SOURCE_REVIEW,
P003,P003_MC07,OBS020,condition-to-test-series linkage,Parent_Experiment_ID=P003_PE07,,identifier/text,,,,,,,,,PENDING_SOURCE_REVIEW,
P004,P004_MC01,OBS021,grain size,Grain_size_um=690.0,,as reported (currently µm field),,,,,,,,,PENDING_SOURCE_REVIEW,
P004,P004_MC01,OBS021,SFE,,,as reported (currently mJ m^-2 field),,,,,,,,,PENDING_SOURCE_REVIEW,
P004,P004_MC01,OBS021,SFE method,,,method/text,,,,,,,,,PENDING_SOURCE_REVIEW,
P004,P004_MC01,OBS021,initial FCC fraction,Initial_FCC_fraction=1.0,,as reported,,,,,,,,,PENDING_SOURCE_REVIEW,
P004,P004_MC01,OBS021,initial HCP fraction,Initial_HCP_fraction=0.0,,as reported,,,,,,,,,PENDING_SOURCE_REVIEW,
P004,P004_MC01,OBS021,DeltaG / transformation driving force,,,as reported (currently J mol^-1 field),,,,,,,,,PENDING_SOURCE_REVIEW,
P004,P004_MC01,OBS021,strain rate,Strain_rate_s-1=0.001,,as reported (currently s^-1 field),,,,,,,,,PENDING_SOURCE_REVIEW,
P004,P004_MC01,OBS021,test temperature,Test_T_K=673.0,,as reported (currently K field),,,,,,,,,PENDING_SOURCE_REVIEW,
P004,P004_MC01,OBS021,processing history,Processing_route=Vacuum induction melting from 99.99% feedstock; two VAR cycles; as-cast; preheated 400C/10min before tensile | Cast_method=VIM + 2x VAR | Cooling_route=water quench immediately after deformation,,mixed; preserve each reported unit,,,,,,,,,PENDING_SOURCE_REVIEW,
P004,P004_MC01,OBS021,mechanical properties,,,mixed; preserve each reported unit,,,,,,,,,PENDING_SOURCE_REVIEW,
P004,P004_MC01,OBS021,TRIP evidence,,,text/evidence,,,,,,,,,PENDING_SOURCE_REVIEW,
P004,P004_MC01,OBS021,TWIP evidence,Evidence_TWIP=XRD phase fraction + EBSD phase maps track FCC/HCP evolution,,text/evidence,,,,,,,,,PENDING_SOURCE_REVIEW,
P004,P004_MC01,OBS021,phase-transformation evidence,HCP_fraction_at_condition=0.22 | HCP_lath_or_lamella_note=HCP increased to ~22% by end of Stage I | Characterization_methods=EBSD IPF/boundary/KAM maps; Σ3 twin boundaries and twin-twin interactions,,mixed; preserve each reported unit,,,,,,,,,PENDING_SOURCE_REVIEW,
P004,P004_MC01,OBS021,specimen identity,,,identifier/text,,,,,,,,,PENDING_SOURCE_REVIEW,
P004,P004_MC01,OBS021,replicate identity,,,identifier/text,,,,,,,,,PENDING_SOURCE_REVIEW,
P004,P004_MC01,OBS021,condition-to-test-series linkage,Parent_Experiment_ID=P004_PE01,,identifier/text,,,,,,,,,PENDING_SOURCE_REVIEW,
P004,P004_MC01,OBS022,grain size,Grain_size_um=690.0,,as reported (currently µm field),,,,,,,,,PENDING_SOURCE_REVIEW,
P004,P004_MC01,OBS022,SFE,,,as reported (currently mJ m^-2 field),,,,,,,,,PENDING_SOURCE_REVIEW,
P004,P004_MC01,OBS022,SFE method,,,method/text,,,,,,,,,PENDING_SOURCE_REVIEW,
P004,P004_MC01,OBS022,initial FCC fraction,Initial_FCC_fraction=1.0,,as reported,,,,,,,,,PENDING_SOURCE_REVIEW,
P004,P004_MC01,OBS022,initial HCP fraction,Initial_HCP_fraction=0.0,,as reported,,,,,,,,,PENDING_SOURCE_REVIEW,
P004,P004_MC01,OBS022,DeltaG / transformation driving force,,,as reported (currently J mol^-1 field),,,,,,,,,PENDING_SOURCE_REVIEW,
P004,P004_MC01,OBS022,strain rate,Strain_rate_s-1=0.001,,as reported (currently s^-1 field),,,,,,,,,PENDING_SOURCE_REVIEW,
P004,P004_MC01,OBS022,test temperature,Test_T_K=673.0,,as reported (currently K field),,,,,,,,,PENDING_SOURCE_REVIEW,
P004,P004_MC01,OBS022,processing history,Processing_route=Vacuum induction melting from 99.99% feedstock; two VAR cycles; as-cast; preheated 400C/10min before tensile | Cast_method=VIM + 2x VAR | Cooling_route=water quench immediately after deformation,,mixed; preserve each reported unit,,,,,,,,,PENDING_SOURCE_REVIEW,
P004,P004_MC01,OBS022,mechanical properties,,,mixed; preserve each reported unit,,,,,,,,,PENDING_SOURCE_REVIEW,
P004,P004_MC01,OBS022,TRIP evidence,,,text/evidence,,,,,,,,,PENDING_SOURCE_REVIEW,
P004,P004_MC01,OBS022,TWIP evidence,Evidence_TWIP=XRD phase fraction + EBSD phase maps track FCC/HCP evolution,,text/evidence,,,,,,,,,PENDING_SOURCE_REVIEW,
P004,P004_MC01,OBS022,phase-transformation evidence,HCP_fraction_at_condition=0.37 | HCP_lath_or_lamella_note=HCP rises to ~37% by completion of Stage II | Characterization_methods=EBSD IPF/boundary/KAM maps; Σ3 twin boundaries and twin-twin interactions,,mixed; preserve each reported unit,,,,,,,,,PENDING_SOURCE_REVIEW,
P004,P004_MC01,OBS022,specimen identity,,,identifier/text,,,,,,,,,PENDING_SOURCE_REVIEW,
P004,P004_MC01,OBS022,replicate identity,,,identifier/text,,,,,,,,,PENDING_SOURCE_REVIEW,
P004,P004_MC01,OBS022,condition-to-test-series linkage,Parent_Experiment_ID=P004_PE01,,identifier/text,,,,,,,,,PENDING_SOURCE_REVIEW,
P004,P004_MC01,OBS023,grain size,Grain_size_um=690.0,,as reported (currently µm field),,,,,,,,,PENDING_SOURCE_REVIEW,
P004,P004_MC01,OBS023,SFE,,,as reported (currently mJ m^-2 field),,,,,,,,,PENDING_SOURCE_REVIEW,
P004,P004_MC01,OBS023,SFE method,,,method/text,,,,,,,,,PENDING_SOURCE_REVIEW,
P004,P004_MC01,OBS023,initial FCC fraction,Initial_FCC_fraction=1.0,,as reported,,,,,,,,,PENDING_SOURCE_REVIEW,
P004,P004_MC01,OBS023,initial HCP fraction,Initial_HCP_fraction=0.0,,as reported,,,,,,,,,PENDING_SOURCE_REVIEW,
P004,P004_MC01,OBS023,DeltaG / transformation driving force,,,as reported (currently J mol^-1 field),,,,,,,,,PENDING_SOURCE_REVIEW,
P004,P004_MC01,OBS023,strain rate,Strain_rate_s-1=0.001,,as reported (currently s^-1 field),,,,,,,,,PENDING_SOURCE_REVIEW,
P004,P004_MC01,OBS023,test temperature,Test_T_K=673.0,,as reported (currently K field),,,,,,,,,PENDING_SOURCE_REVIEW,
P004,P004_MC01,OBS023,processing history,Processing_route=Vacuum induction melting from 99.99% feedstock; two VAR cycles; as-cast; preheated 400C/10min before tensile | Cast_method=VIM + 2x VAR | Cooling_route=water quench immediately after deformation,,mixed; preserve each reported unit,,,,,,,,,PENDING_SOURCE_REVIEW,
P004,P004_MC01,OBS023,mechanical properties,,,mixed; preserve each reported unit,,,,,,,,,PENDING_SOURCE_REVIEW,
P004,P004_MC01,OBS023,TRIP evidence,,,text/evidence,,,,,,,,,PENDING_SOURCE_REVIEW,
P004,P004_MC01,OBS023,TWIP evidence,Evidence_TWIP=XRD phase fraction + EBSD phase maps track FCC/HCP evolution,,text/evidence,,,,,,,,,PENDING_SOURCE_REVIEW,
P004,P004_MC01,OBS023,phase-transformation evidence,HCP_lath_or_lamella_note=moderate HCP reduction; twinning confirmed by Σ3 boundaries | Characterization_methods=EBSD IPF/boundary/KAM maps; Σ3 twin boundaries and twin-twin interactions,,mixed; preserve each reported unit,,,,,,,,,PENDING_SOURCE_REVIEW,
P004,P004_MC01,OBS023,specimen identity,,,identifier/text,,,,,,,,,PENDING_SOURCE_REVIEW,
P004,P004_MC01,OBS023,replicate identity,,,identifier/text,,,,,,,,,PENDING_SOURCE_REVIEW,
P004,P004_MC01,OBS023,condition-to-test-series linkage,Parent_Experiment_ID=P004_PE01,,identifier/text,,,,,,,,,PENDING_SOURCE_REVIEW,
P004,P004_MC01,OBS024,grain size,Grain_size_um=690.0,,as reported (currently µm field),,,,,,,,,PENDING_SOURCE_REVIEW,
P004,P004_MC01,OBS024,SFE,,,as reported (currently mJ m^-2 field),,,,,,,,,PENDING_SOURCE_REVIEW,
P004,P004_MC01,OBS024,SFE method,,,method/text,,,,,,,,,PENDING_SOURCE_REVIEW,
P004,P004_MC01,OBS024,initial FCC fraction,Initial_FCC_fraction=1.0,,as reported,,,,,,,,,PENDING_SOURCE_REVIEW,
P004,P004_MC01,OBS024,initial HCP fraction,Initial_HCP_fraction=0.0,,as reported,,,,,,,,,PENDING_SOURCE_REVIEW,
P004,P004_MC01,OBS024,DeltaG / transformation driving force,,,as reported (currently J mol^-1 field),,,,,,,,,PENDING_SOURCE_REVIEW,
P004,P004_MC01,OBS024,strain rate,Strain_rate_s-1=0.001,,as reported (currently s^-1 field),,,,,,,,,PENDING_SOURCE_REVIEW,
P004,P004_MC01,OBS024,test temperature,Test_T_K=673.0,,as reported (currently K field),,,,,,,,,PENDING_SOURCE_REVIEW,
P004,P004_MC01,OBS024,processing history,Processing_route=Vacuum induction melting from 99.99% feedstock; two VAR cycles; as-cast; preheated 400C/10min before tensile | Cast_method=VIM + 2x VAR | Cooling_route=water quench immediately after deformation,,mixed; preserve each reported unit,,,,,,,,,PENDING_SOURCE_REVIEW,
P004,P004_MC01,OBS024,mechanical properties,,,mixed; preserve each reported unit,,,,,,,,,PENDING_SOURCE_REVIEW,
P004,P004_MC01,OBS024,TRIP evidence,,,text/evidence,,,,,,,,,PENDING_SOURCE_REVIEW,
P004,P004_MC01,OBS024,TWIP evidence,Evidence_TWIP=XRD phase fraction + EBSD phase maps track FCC/HCP evolution,,text/evidence,,,,,,,,,PENDING_SOURCE_REVIEW,
P004,P004_MC01,OBS024,phase-transformation evidence,HCP_lath_or_lamella_note=second WHR peak despite continued decrease in HCP fraction | Characterization_methods=EBSD IPF/boundary/KAM maps; Σ3 twin boundaries and twin-twin interactions,,mixed; preserve each reported unit,,,,,,,,,PENDING_SOURCE_REVIEW,
P004,P004_MC01,OBS024,specimen identity,,,identifier/text,,,,,,,,,PENDING_SOURCE_REVIEW,
P004,P004_MC01,OBS024,replicate identity,,,identifier/text,,,,,,,,,PENDING_SOURCE_REVIEW,
P004,P004_MC01,OBS024,condition-to-test-series linkage,Parent_Experiment_ID=P004_PE01,,identifier/text,,,,,,,,,PENDING_SOURCE_REVIEW,
P004,P004_MC01,OBS025,grain size,Grain_size_um=690.0,,as reported (currently µm field),,,,,,,,,PENDING_SOURCE_REVIEW,
P004,P004_MC01,OBS025,SFE,,,as reported (currently mJ m^-2 field),,,,,,,,,PENDING_SOURCE_REVIEW,
P004,P004_MC01,OBS025,SFE method,,,method/text,,,,,,,,,PENDING_SOURCE_REVIEW,
P004,P004_MC01,OBS025,initial FCC fraction,Initial_FCC_fraction=1.0,,as reported,,,,,,,,,PENDING_SOURCE_REVIEW,
P004,P004_MC01,OBS025,initial HCP fraction,Initial_HCP_fraction=0.0,,as reported,,,,,,,,,PENDING_SOURCE_REVIEW,
P004,P004_MC01,OBS025,DeltaG / transformation driving force,,,as reported (currently J mol^-1 field),,,,,,,,,PENDING_SOURCE_REVIEW,
P004,P004_MC01,OBS025,strain rate,Strain_rate_s-1=0.001,,as reported (currently s^-1 field),,,,,,,,,PENDING_SOURCE_REVIEW,
P004,P004_MC01,OBS025,test temperature,Test_T_K=673.0,,as reported (currently K field),,,,,,,,,PENDING_SOURCE_REVIEW,
P004,P004_MC01,OBS025,processing history,Processing_route=Vacuum induction melting from 99.99% feedstock; two VAR cycles; as-cast; preheated 400C/10min before tensile | Cast_method=VIM + 2x VAR | Cooling_route=water quench immediately after deformation,,mixed; preserve each reported unit,,,,,,,,,PENDING_SOURCE_REVIEW,
P004,P004_MC01,OBS025,mechanical properties,,,mixed; preserve each reported unit,,,,,,,,,PENDING_SOURCE_REVIEW,
P004,P004_MC01,OBS025,TRIP evidence,,,text/evidence,,,,,,,,,PENDING_SOURCE_REVIEW,
P004,P004_MC01,OBS025,TWIP evidence,Evidence_TWIP=XRD phase fraction + EBSD phase maps track FCC/HCP evolution,,text/evidence,,,,,,,,,PENDING_SOURCE_REVIEW,
P004,P004_MC01,OBS025,phase-transformation evidence,HCP_lath_or_lamella_note=EBSD phase map at ε~0.30 | Characterization_methods=EBSD IPF/boundary/KAM maps; Σ3 twin boundaries and twin-twin interactions,,mixed; preserve each reported unit,,,,,,,,,PENDING_SOURCE_REVIEW,
P004,P004_MC01,OBS025,specimen identity,,,identifier/text,,,,,,,,,PENDING_SOURCE_REVIEW,
P004,P004_MC01,OBS025,replicate identity,,,identifier/text,,,,,,,,,PENDING_SOURCE_REVIEW,
P004,P004_MC01,OBS025,condition-to-test-series linkage,Parent_Experiment_ID=P004_PE01,,identifier/text,,,,,,,,,PENDING_SOURCE_REVIEW,
P004,P004_MC01,OBS026,grain size,Grain_size_um=690.0,,as reported (currently µm field),,,,,,,,,PENDING_SOURCE_REVIEW,
P004,P004_MC01,OBS026,SFE,,,as reported (currently mJ m^-2 field),,,,,,,,,PENDING_SOURCE_REVIEW,
P004,P004_MC01,OBS026,SFE method,,,method/text,,,,,,,,,PENDING_SOURCE_REVIEW,
P004,P004_MC01,OBS026,initial FCC fraction,Initial_FCC_fraction=1.0,,as reported,,,,,,,,,PENDING_SOURCE_REVIEW,
P004,P004_MC01,OBS026,initial HCP fraction,Initial_HCP_fraction=0.0,,as reported,,,,,,,,,PENDING_SOURCE_REVIEW,
P004,P004_MC01,OBS026,DeltaG / transformation driving force,,,as reported (currently J mol^-1 field),,,,,,,,,PENDING_SOURCE_REVIEW,
P004,P004_MC01,OBS026,strain rate,Strain_rate_s-1=0.001,,as reported (currently s^-1 field),,,,,,,,,PENDING_SOURCE_REVIEW,
P004,P004_MC01,OBS026,test temperature,Test_T_K=673.0,,as reported (currently K field),,,,,,,,,PENDING_SOURCE_REVIEW,
P004,P004_MC01,OBS026,processing history,Processing_route=Vacuum induction melting from 99.99% feedstock; two VAR cycles; as-cast; preheated 400C/10min before tensile | Cast_method=VIM + 2x VAR | Cooling_route=water quench immediately after deformation,,mixed; preserve each reported unit,,,,,,,,,PENDING_SOURCE_REVIEW,
P004,P004_MC01,OBS026,mechanical properties,,,mixed; preserve each reported unit,,,,,,,,,PENDING_SOURCE_REVIEW,
P004,P004_MC01,OBS026,TRIP evidence,,,text/evidence,,,,,,,,,PENDING_SOURCE_REVIEW,
P004,P004_MC01,OBS026,TWIP evidence,Evidence_TWIP=XRD phase fraction + EBSD phase maps track FCC/HCP evolution,,text/evidence,,,,,,,,,PENDING_SOURCE_REVIEW,
P004,P004_MC01,OBS026,phase-transformation evidence,HCP_lath_or_lamella_note=final strain level; exact strain not specified in extraction | Characterization_methods=EBSD IPF/boundary/KAM maps; Σ3 twin boundaries and twin-twin interactions,,mixed; preserve each reported unit,,,,,,,,,PENDING_SOURCE_REVIEW,
P004,P004_MC01,OBS026,specimen identity,,,identifier/text,,,,,,,,,PENDING_SOURCE_REVIEW,
P004,P004_MC01,OBS026,replicate identity,,,identifier/text,,,,,,,,,PENDING_SOURCE_REVIEW,
P004,P004_MC01,OBS026,condition-to-test-series linkage,Parent_Experiment_ID=P004_PE01,,identifier/text,,,,,,,,,PENDING_SOURCE_REVIEW,
P005,P005_MC01,OBS027,grain size,Grain_size_um=3.5,,as reported (currently µm field),,,,,,,,,PENDING_SOURCE_REVIEW,
P005,P005_MC01,OBS027,SFE,SFE_mJ_m2=24.0,,as reported (currently mJ m^-2 field),,,,,,,,,PENDING_SOURCE_REVIEW,
P005,P005_MC01,OBS027,SFE method,SFE_method=TEM/WBDF partial-dislocation separation,,method/text,,,,,,,,,PENDING_SOURCE_REVIEW,
P005,P005_MC01,OBS027,initial FCC fraction,Initial_FCC_fraction=1.0,,as reported,,,,,,,,,PENDING_SOURCE_REVIEW,
P005,P005_MC01,OBS027,initial HCP fraction,Initial_HCP_fraction=0.0,,as reported,,,,,,,,,PENDING_SOURCE_REVIEW,
P005,P005_MC01,OBS027,DeltaG / transformation driving force,,,as reported (currently J mol^-1 field),,,,,,,,,PENDING_SOURCE_REVIEW,
P005,P005_MC01,OBS027,strain rate,,,as reported (currently s^-1 field),,,,,,,,,PENDING_SOURCE_REVIEW,
P005,P005_MC01,OBS027,test temperature,Test_T_K=298.0,,as reported (currently K field),,,,,,,,,PENDING_SOURCE_REVIEW,
P005,P005_MC01,OBS027,processing history,Processing_route=Vacuum induction melting; hot rolled 1273K to 5 mm; cold rolled to 1 mm (>80% total deformation); annealed 1073K/1h | Cast_method=Vacuum induction melting | Hot_rolling_T_K=1273.0 | Cold_rolling_reduction_pct=80.0 | Annealing_T_K=1073.0 | Annealing_time_min=60.0,,mixed; preserve each reported unit,,,,,,,,,PENDING_SOURCE_REVIEW,
P005,P005_MC01,OBS027,mechanical properties,,,mixed; preserve each reported unit,,,,,,,,,PENDING_SOURCE_REVIEW,
P005,P005_MC01,OBS027,TRIP evidence,,,text/evidence,,,,,,,,,PENDING_SOURCE_REVIEW,
P005,P005_MC01,OBS027,TWIP evidence,Evidence_TWIP=Atomic-resolution HAADF-STEM identifies HCP lamellae from ε≈0.1,,text/evidence,,,,,,,,,PENDING_SOURCE_REVIEW,
P005,P005_MC01,OBS027,phase-transformation evidence,HCP_lath_or_lamella_note=HCP/twins not yet observed | Characterization_methods=TEM/SAED and HAADF-STEM identify three-layer twin embryos and numerous twins by ε≈0.2,,mixed; preserve each reported unit,,,,,,,,,PENDING_SOURCE_REVIEW,
P005,P005_MC01,OBS027,specimen identity,,,identifier/text,,,,,,,,,PENDING_SOURCE_REVIEW,
P005,P005_MC01,OBS027,replicate identity,,,identifier/text,,,,,,,,,PENDING_SOURCE_REVIEW,
P005,P005_MC01,OBS027,condition-to-test-series linkage,Parent_Experiment_ID=P005_PE01,,identifier/text,,,,,,,,,PENDING_SOURCE_REVIEW,
P005,P005_MC01,OBS028,grain size,Grain_size_um=3.5,,as reported (currently µm field),,,,,,,,,PENDING_SOURCE_REVIEW,
P005,P005_MC01,OBS028,SFE,SFE_mJ_m2=24.0,,as reported (currently mJ m^-2 field),,,,,,,,,PENDING_SOURCE_REVIEW,
P005,P005_MC01,OBS028,SFE method,SFE_method=TEM/WBDF partial-dislocation separation,,method/text,,,,,,,,,PENDING_SOURCE_REVIEW,
P005,P005_MC01,OBS028,initial FCC fraction,Initial_FCC_fraction=1.0,,as reported,,,,,,,,,PENDING_SOURCE_REVIEW,
P005,P005_MC01,OBS028,initial HCP fraction,Initial_HCP_fraction=0.0,,as reported,,,,,,,,,PENDING_SOURCE_REVIEW,
P005,P005_MC01,OBS028,DeltaG / transformation driving force,,,as reported (currently J mol^-1 field),,,,,,,,,PENDING_SOURCE_REVIEW,
P005,P005_MC01,OBS028,strain rate,,,as reported (currently s^-1 field),,,,,,,,,PENDING_SOURCE_REVIEW,
P005,P005_MC01,OBS028,test temperature,Test_T_K=298.0,,as reported (currently K field),,,,,,,,,PENDING_SOURCE_REVIEW,
P005,P005_MC01,OBS028,processing history,Processing_route=Vacuum induction melting; hot rolled 1273K to 5 mm; cold rolled to 1 mm (>80% total deformation); annealed 1073K/1h | Cast_method=Vacuum induction melting | Hot_rolling_T_K=1273.0 | Cold_rolling_reduction_pct=80.0 | Annealing_T_K=1073.0 | Annealing_time_min=60.0,,mixed; preserve each reported unit,,,,,,,,,PENDING_SOURCE_REVIEW,
P005,P005_MC01,OBS028,mechanical properties,,,mixed; preserve each reported unit,,,,,,,,,PENDING_SOURCE_REVIEW,
P005,P005_MC01,OBS028,TRIP evidence,,,text/evidence,,,,,,,,,PENDING_SOURCE_REVIEW,
P005,P005_MC01,OBS028,TWIP evidence,Evidence_TWIP=Atomic-resolution HAADF-STEM identifies HCP lamellae from ε≈0.1,,text/evidence,,,,,,,,,PENDING_SOURCE_REVIEW,
P005,P005_MC01,OBS028,phase-transformation evidence,HCP_lath_or_lamella_note=HCP laths account for ~10% of planar defects including twins and HCP phase | Characterization_methods=TEM/SAED and HAADF-STEM identify three-layer twin embryos and numerous twins by ε≈0.2,,mixed; preserve each reported unit,,,,,,,,,PENDING_SOURCE_REVIEW,
P005,P005_MC01,OBS028,specimen identity,,,identifier/text,,,,,,,,,PENDING_SOURCE_REVIEW,
P005,P005_MC01,OBS028,replicate identity,,,identifier/text,,,,,,,,,PENDING_SOURCE_REVIEW,
P005,P005_MC01,OBS028,condition-to-test-series linkage,Parent_Experiment_ID=P005_PE01,,identifier/text,,,,,,,,,PENDING_SOURCE_REVIEW,
P005,P005_MC01,OBS029,grain size,Grain_size_um=3.5,,as reported (currently µm field),,,,,,,,,PENDING_SOURCE_REVIEW,
P005,P005_MC01,OBS029,SFE,SFE_mJ_m2=24.0,,as reported (currently mJ m^-2 field),,,,,,,,,PENDING_SOURCE_REVIEW,
P005,P005_MC01,OBS029,SFE method,SFE_method=TEM/WBDF partial-dislocation separation,,method/text,,,,,,,,,PENDING_SOURCE_REVIEW,
P005,P005_MC01,OBS029,initial FCC fraction,Initial_FCC_fraction=1.0,,as reported,,,,,,,,,PENDING_SOURCE_REVIEW,
P005,P005_MC01,OBS029,initial HCP fraction,Initial_HCP_fraction=0.0,,as reported,,,,,,,,,PENDING_SOURCE_REVIEW,
P005,P005_MC01,OBS029,DeltaG / transformation driving force,,,as reported (currently J mol^-1 field),,,,,,,,,PENDING_SOURCE_REVIEW,
P005,P005_MC01,OBS029,strain rate,,,as reported (currently s^-1 field),,,,,,,,,PENDING_SOURCE_REVIEW,
P005,P005_MC01,OBS029,test temperature,Test_T_K=298.0,,as reported (currently K field),,,,,,,,,PENDING_SOURCE_REVIEW,
P005,P005_MC01,OBS029,processing history,Processing_route=Vacuum induction melting; hot rolled 1273K to 5 mm; cold rolled to 1 mm (>80% total deformation); annealed 1073K/1h | Cast_method=Vacuum induction melting | Hot_rolling_T_K=1273.0 | Cold_rolling_reduction_pct=80.0 | Annealing_T_K=1073.0 | Annealing_time_min=60.0,,mixed; preserve each reported unit,,,,,,,,,PENDING_SOURCE_REVIEW,
P005,P005_MC01,OBS029,mechanical properties,,,mixed; preserve each reported unit,,,,,,,,,PENDING_SOURCE_REVIEW,
P005,P005_MC01,OBS029,TRIP evidence,,,text/evidence,,,,,,,,,PENDING_SOURCE_REVIEW,
P005,P005_MC01,OBS029,TWIP evidence,Evidence_TWIP=Atomic-resolution HAADF-STEM identifies HCP lamellae from ε≈0.1,,text/evidence,,,,,,,,,PENDING_SOURCE_REVIEW,
P005,P005_MC01,OBS029,phase-transformation evidence,HCP_lath_or_lamella_note=average twin thickness ~5.4 ± 3 nm | Characterization_methods=TEM/SAED and HAADF-STEM identify three-layer twin embryos and numerous twins by ε≈0.2,,mixed; preserve each reported unit,,,,,,,,,PENDING_SOURCE_REVIEW,
P005,P005_MC01,OBS029,specimen identity,,,identifier/text,,,,,,,,,PENDING_SOURCE_REVIEW,
P005,P005_MC01,OBS029,replicate identity,,,identifier/text,,,,,,,,,PENDING_SOURCE_REVIEW,
P005,P005_MC01,OBS029,condition-to-test-series linkage,Parent_Experiment_ID=P005_PE01,,identifier/text,,,,,,,,,PENDING_SOURCE_REVIEW,
P006,P006_MC01,OBS030,grain size,,,as reported (currently µm field),,,,,,,,,PENDING_SOURCE_REVIEW,
P006,P006_MC01,OBS030,SFE,,,as reported (currently mJ m^-2 field),,,,,,,,,PENDING_SOURCE_REVIEW,
P006,P006_MC01,OBS030,SFE method,,,method/text,,,,,,,,,PENDING_SOURCE_REVIEW,
P006,P006_MC01,OBS030,initial FCC fraction,Initial_FCC_fraction=1.0,,as reported,,,,,,,,,PENDING_SOURCE_REVIEW,
P006,P006_MC01,OBS030,initial HCP fraction,Initial_HCP_fraction=0.0,,as reported,,,,,,,,,PENDING_SOURCE_REVIEW,
P006,P006_MC01,OBS030,DeltaG / transformation driving force,DeltaG_FCC_HCP_J_mol=87.0,,as reported (currently J mol^-1 field),,,,,,,,,PENDING_SOURCE_REVIEW,
P006,P006_MC01,OBS030,strain rate,Strain_rate_s-1=0.00015,,as reported (currently s^-1 field),,,,,,,,,PENDING_SOURCE_REVIEW,
P006,P006_MC01,OBS030,test temperature,Test_T_K=298.0,,as reported (currently K field),,,,,,,,,PENDING_SOURCE_REVIEW,
P006,P006_MC01,OBS030,processing history,Processing_route=Arc melt; homogenize 1473K/5h; forge 50%; age 1273K/10min; roll 40%; age 1273K/6min | Homogenization_T_K=1473.0 | Homogenization_time_h=5.0 | Cold_rolling_reduction_pct=40.0 | Annealing_T_K=1273.0 | Annealing_time_min=6.0,,mixed; preserve each reported unit,,,,,,,,,PENDING_SOURCE_REVIEW,
P006,P006_MC01,OBS030,mechanical properties,,,mixed; preserve each reported unit,,,,,,,,,PENDING_SOURCE_REVIEW,
P006,P006_MC01,OBS030,TRIP evidence,Evidence_TRIP=XRD/EBSD; TRIP explicitly identified for Ni15Fe10,,text/evidence,,,,,,,,,PENDING_SOURCE_REVIEW,
P006,P006_MC01,OBS030,TWIP evidence,Evidence_TWIP=EBSD; TWIP explicitly identified for Ni15Fe15,,text/evidence,,,,,,,,,PENDING_SOURCE_REVIEW,
P006,P006_MC01,OBS030,phase-transformation evidence,Characterization_methods=SEM/EBSD; XRD,,mixed; preserve each reported unit,,,,,,,,,PENDING_SOURCE_REVIEW,
P006,P006_MC01,OBS030,specimen identity,,,identifier/text,,,,,,,,,PENDING_SOURCE_REVIEW,
P006,P006_MC01,OBS030,replicate identity,,,identifier/text,,,,,,,,,PENDING_SOURCE_REVIEW,
P006,P006_MC01,OBS030,condition-to-test-series linkage,Parent_Experiment_ID=P006_PE01,,identifier/text,,,,,,,,,PENDING_SOURCE_REVIEW,
P006,P006_MC02,OBS031,grain size,,,as reported (currently µm field),,,,,,,,,PENDING_SOURCE_REVIEW,
P006,P006_MC02,OBS031,SFE,,,as reported (currently mJ m^-2 field),,,,,,,,,PENDING_SOURCE_REVIEW,
P006,P006_MC02,OBS031,SFE method,,,method/text,,,,,,,,,PENDING_SOURCE_REVIEW,
P006,P006_MC02,OBS031,initial FCC fraction,Initial_FCC_fraction=1.0,,as reported,,,,,,,,,PENDING_SOURCE_REVIEW,
P006,P006_MC02,OBS031,initial HCP fraction,Initial_HCP_fraction=0.0,,as reported,,,,,,,,,PENDING_SOURCE_REVIEW,
P006,P006_MC02,OBS031,DeltaG / transformation driving force,DeltaG_FCC_HCP_J_mol=-34.0,,as reported (currently J mol^-1 field),,,,,,,,,PENDING_SOURCE_REVIEW,
P006,P006_MC02,OBS031,strain rate,Strain_rate_s-1=0.00015,,as reported (currently s^-1 field),,,,,,,,,PENDING_SOURCE_REVIEW,
P006,P006_MC02,OBS031,test temperature,Test_T_K=298.0,,as reported (currently K field),,,,,,,,,PENDING_SOURCE_REVIEW,
P006,P006_MC02,OBS031,processing history,Processing_route=Arc melt; homogenize 1473K/5h; forge 50%; age 1273K/10min; roll 40%; age 1273K/6min | Homogenization_T_K=1473.0 | Homogenization_time_h=5.0 | Cold_rolling_reduction_pct=40.0 | Annealing_T_K=1273.0 | Annealing_time_min=6.0,,mixed; preserve each reported unit,,,,,,,,,PENDING_SOURCE_REVIEW,
P006,P006_MC02,OBS031,mechanical properties,,,mixed; preserve each reported unit,,,,,,,,,PENDING_SOURCE_REVIEW,
P006,P006_MC02,OBS031,TRIP evidence,Evidence_TRIP=XRD/EBSD; TRIP explicitly identified for Ni15Fe10,,text/evidence,,,,,,,,,PENDING_SOURCE_REVIEW,
P006,P006_MC02,OBS031,TWIP evidence,Evidence_TWIP=EBSD; TWIP explicitly identified for Ni15Fe15,,text/evidence,,,,,,,,,PENDING_SOURCE_REVIEW,
P006,P006_MC02,OBS031,phase-transformation evidence,Characterization_methods=SEM/EBSD; XRD,,mixed; preserve each reported unit,,,,,,,,,PENDING_SOURCE_REVIEW,
P006,P006_MC02,OBS031,specimen identity,,,identifier/text,,,,,,,,,PENDING_SOURCE_REVIEW,
P006,P006_MC02,OBS031,replicate identity,,,identifier/text,,,,,,,,,PENDING_SOURCE_REVIEW,
P006,P006_MC02,OBS031,condition-to-test-series linkage,Parent_Experiment_ID=P006_PE02,,identifier/text,,,,,,,,,PENDING_SOURCE_REVIEW,
P006,P006_MC03,OBS032,grain size,,,as reported (currently µm field),,,,,,,,,PENDING_SOURCE_REVIEW,
P006,P006_MC03,OBS032,SFE,,,as reported (currently mJ m^-2 field),,,,,,,,,PENDING_SOURCE_REVIEW,
P006,P006_MC03,OBS032,SFE method,,,method/text,,,,,,,,,PENDING_SOURCE_REVIEW,
P006,P006_MC03,OBS032,initial FCC fraction,Initial_FCC_fraction=1.0,,as reported,,,,,,,,,PENDING_SOURCE_REVIEW,
P006,P006_MC03,OBS032,initial HCP fraction,Initial_HCP_fraction=0.0,,as reported,,,,,,,,,PENDING_SOURCE_REVIEW,
P006,P006_MC03,OBS032,DeltaG / transformation driving force,DeltaG_FCC_HCP_J_mol=-276.0,,as reported (currently J mol^-1 field),,,,,,,,,PENDING_SOURCE_REVIEW,
P006,P006_MC03,OBS032,strain rate,Strain_rate_s-1=0.00015,,as reported (currently s^-1 field),,,,,,,,,PENDING_SOURCE_REVIEW,
P006,P006_MC03,OBS032,test temperature,Test_T_K=298.0,,as reported (currently K field),,,,,,,,,PENDING_SOURCE_REVIEW,
P006,P006_MC03,OBS032,processing history,Processing_route=Arc melt; homogenize 1473K/5h; forge 50%; age 1273K/10min; roll 40%; age 1273K/6min | Homogenization_T_K=1473.0 | Homogenization_time_h=5.0 | Cold_rolling_reduction_pct=40.0 | Annealing_T_K=1273.0 | Annealing_time_min=6.0,,mixed; preserve each reported unit,,,,,,,,,PENDING_SOURCE_REVIEW,
P006,P006_MC03,OBS032,mechanical properties,,,mixed; preserve each reported unit,,,,,,,,,PENDING_SOURCE_REVIEW,
P006,P006_MC03,OBS032,TRIP evidence,Evidence_TRIP=XRD/EBSD; TRIP explicitly identified for Ni15Fe10,,text/evidence,,,,,,,,,PENDING_SOURCE_REVIEW,
P006,P006_MC03,OBS032,TWIP evidence,Evidence_TWIP=EBSD; TWIP explicitly identified for Ni15Fe15,,text/evidence,,,,,,,,,PENDING_SOURCE_REVIEW,
P006,P006_MC03,OBS032,phase-transformation evidence,Characterization_methods=SEM/EBSD; XRD,,mixed; preserve each reported unit,,,,,,,,,PENDING_SOURCE_REVIEW,
P006,P006_MC03,OBS032,specimen identity,,,identifier/text,,,,,,,,,PENDING_SOURCE_REVIEW,
P006,P006_MC03,OBS032,replicate identity,,,identifier/text,,,,,,,,,PENDING_SOURCE_REVIEW,
P006,P006_MC03,OBS032,condition-to-test-series linkage,Parent_Experiment_ID=P006_PE03,,identifier/text,,,,,,,,,PENDING_SOURCE_REVIEW,
P007,P007_MC01,OBS033,grain size,Grain_size_um=1.4,,as reported (currently µm field),,,,,,,,,PENDING_SOURCE_REVIEW,
P007,P007_MC01,OBS033,SFE,,,as reported (currently mJ m^-2 field),,,,,,,,,PENDING_SOURCE_REVIEW,
P007,P007_MC01,OBS033,SFE method,,,method/text,,,,,,,,,PENDING_SOURCE_REVIEW,
P007,P007_MC01,OBS033,initial FCC fraction,Initial_FCC_fraction=1.0,,as reported,,,,,,,,,PENDING_SOURCE_REVIEW,
P007,P007_MC01,OBS033,initial HCP fraction,,,as reported,,,,,,,,,PENDING_SOURCE_REVIEW,
P007,P007_MC01,OBS033,DeltaG / transformation driving force,,,as reported (currently J mol^-1 field),,,,,,,,,PENDING_SOURCE_REVIEW,
P007,P007_MC01,OBS033,strain rate,Strain_rate_s-1=0.001,,as reported (currently s^-1 field),,,,,,,,,PENDING_SOURCE_REVIEW,
P007,P007_MC01,OBS033,test temperature,Test_T_K=298.0,,as reported (currently K field),,,,,,,,,PENDING_SOURCE_REVIEW,
P007,P007_MC01,OBS033,processing history,Processing_route=VIM; homogenize 1200C/2h; hot roll; cold roll 50%; anneal 600C | Homogenization_T_K=1473.0 | Homogenization_time_h=2.0 | Cold_rolling_reduction_pct=50.0 | Annealing_T_K=873.0 | Annealing_time_min=60.0,,mixed; preserve each reported unit,,,,,,,,,PENDING_SOURCE_REVIEW,
P007,P007_MC01,OBS033,mechanical properties,YS_MPa=916.0 | UTS_MPa=1103.0 | Elongation_pct=33.0,,mixed; preserve each reported unit,,,,,,,,,PENDING_SOURCE_REVIEW,
P007,P007_MC01,OBS033,TRIP evidence,Evidence_TRIP=TEM/XRD evidence for deformation-induced ε and reverse transformation,,text/evidence,,,,,,,,,PENDING_SOURCE_REVIEW,
P007,P007_MC01,OBS033,TWIP evidence,Evidence_TWIP=TEM deformation twins for short annealing times,,text/evidence,,,,,,,,,PENDING_SOURCE_REVIEW,
P007,P007_MC01,OBS033,phase-transformation evidence,Characterization_methods=XRD; BSE; EBSD/GOS/KAM; TEM; STEM-EDS,,mixed; preserve each reported unit,,,,,,,,,PENDING_SOURCE_REVIEW,
P007,P007_MC01,OBS033,specimen identity,,,identifier/text,,,,,,,,,PENDING_SOURCE_REVIEW,
P007,P007_MC01,OBS033,replicate identity,,,identifier/text,,,,,,,,,PENDING_SOURCE_REVIEW,
P007,P007_MC01,OBS033,condition-to-test-series linkage,Parent_Experiment_ID=P007_PE01,,identifier/text,,,,,,,,,PENDING_SOURCE_REVIEW,
P007,P007_MC02,OBS034,grain size,Grain_size_um=1.4,,as reported (currently µm field),,,,,,,,,PENDING_SOURCE_REVIEW,
P007,P007_MC02,OBS034,SFE,,,as reported (currently mJ m^-2 field),,,,,,,,,PENDING_SOURCE_REVIEW,
P007,P007_MC02,OBS034,SFE method,,,method/text,,,,,,,,,PENDING_SOURCE_REVIEW,
P007,P007_MC02,OBS034,initial FCC fraction,Initial_FCC_fraction=1.0,,as reported,,,,,,,,,PENDING_SOURCE_REVIEW,
P007,P007_MC02,OBS034,initial HCP fraction,,,as reported,,,,,,,,,PENDING_SOURCE_REVIEW,
P007,P007_MC02,OBS034,DeltaG / transformation driving force,,,as reported (currently J mol^-1 field),,,,,,,,,PENDING_SOURCE_REVIEW,
P007,P007_MC02,OBS034,strain rate,Strain_rate_s-1=0.001,,as reported (currently s^-1 field),,,,,,,,,PENDING_SOURCE_REVIEW,
P007,P007_MC02,OBS034,test temperature,Test_T_K=298.0,,as reported (currently K field),,,,,,,,,PENDING_SOURCE_REVIEW,
P007,P007_MC02,OBS034,processing history,Processing_route=VIM; homogenize 1200C/2h; hot roll; cold roll 50%; anneal 600C | Homogenization_T_K=1473.0 | Homogenization_time_h=2.0 | Cold_rolling_reduction_pct=50.0 | Annealing_T_K=873.0 | Annealing_time_min=120.0,,mixed; preserve each reported unit,,,,,,,,,PENDING_SOURCE_REVIEW,
P007,P007_MC02,OBS034,mechanical properties,YS_MPa=822.0 | UTS_MPa=1079.0 | Elongation_pct=42.0,,mixed; preserve each reported unit,,,,,,,,,PENDING_SOURCE_REVIEW,
P007,P007_MC02,OBS034,TRIP evidence,Evidence_TRIP=TEM/XRD evidence for deformation-induced ε and reverse transformation,,text/evidence,,,,,,,,,PENDING_SOURCE_REVIEW,
P007,P007_MC02,OBS034,TWIP evidence,Evidence_TWIP=TEM deformation twins for short annealing times,,text/evidence,,,,,,,,,PENDING_SOURCE_REVIEW,
P007,P007_MC02,OBS034,phase-transformation evidence,Characterization_methods=XRD; BSE; EBSD/GOS/KAM; TEM; STEM-EDS,,mixed; preserve each reported unit,,,,,,,,,PENDING_SOURCE_REVIEW,
P007,P007_MC02,OBS034,specimen identity,,,identifier/text,,,,,,,,,PENDING_SOURCE_REVIEW,
P007,P007_MC02,OBS034,replicate identity,,,identifier/text,,,,,,,,,PENDING_SOURCE_REVIEW,
P007,P007_MC02,OBS034,condition-to-test-series linkage,Parent_Experiment_ID=P007_PE02,,identifier/text,,,,,,,,,PENDING_SOURCE_REVIEW,
P007,P007_MC03,OBS035,grain size,Grain_size_um=1.4,,as reported (currently µm field),,,,,,,,,PENDING_SOURCE_REVIEW,
P007,P007_MC03,OBS035,SFE,,,as reported (currently mJ m^-2 field),,,,,,,,,PENDING_SOURCE_REVIEW,
P007,P007_MC03,OBS035,SFE method,,,method/text,,,,,,,,,PENDING_SOURCE_REVIEW,
P007,P007_MC03,OBS035,initial FCC fraction,Initial_FCC_fraction=1.0,,as reported,,,,,,,,,PENDING_SOURCE_REVIEW,
P007,P007_MC03,OBS035,initial HCP fraction,,,as reported,,,,,,,,,PENDING_SOURCE_REVIEW,
P007,P007_MC03,OBS035,DeltaG / transformation driving force,,,as reported (currently J mol^-1 field),,,,,,,,,PENDING_SOURCE_REVIEW,
P007,P007_MC03,OBS035,strain rate,Strain_rate_s-1=0.001,,as reported (currently s^-1 field),,,,,,,,,PENDING_SOURCE_REVIEW,
P007,P007_MC03,OBS035,test temperature,Test_T_K=298.0,,as reported (currently K field),,,,,,,,,PENDING_SOURCE_REVIEW,
P007,P007_MC03,OBS035,processing history,Processing_route=VIM; homogenize 1200C/2h; hot roll; cold roll 50%; anneal 600C | Homogenization_T_K=1473.0 | Homogenization_time_h=2.0 | Cold_rolling_reduction_pct=50.0 | Annealing_T_K=873.0 | Annealing_time_min=300.0,,mixed; preserve each reported unit,,,,,,,,,PENDING_SOURCE_REVIEW,
P007,P007_MC03,OBS035,mechanical properties,YS_MPa=735.0 | UTS_MPa=1038.0 | Elongation_pct=43.0,,mixed; preserve each reported unit,,,,,,,,,PENDING_SOURCE_REVIEW,
P007,P007_MC03,OBS035,TRIP evidence,Evidence_TRIP=TEM/XRD evidence for deformation-induced ε and reverse transformation,,text/evidence,,,,,,,,,PENDING_SOURCE_REVIEW,
P007,P007_MC03,OBS035,TWIP evidence,Evidence_TWIP=TEM deformation twins for short annealing times,,text/evidence,,,,,,,,,PENDING_SOURCE_REVIEW,
P007,P007_MC03,OBS035,phase-transformation evidence,Characterization_methods=XRD; BSE; EBSD/GOS/KAM; TEM; STEM-EDS,,mixed; preserve each reported unit,,,,,,,,,PENDING_SOURCE_REVIEW,
P007,P007_MC03,OBS035,specimen identity,,,identifier/text,,,,,,,,,PENDING_SOURCE_REVIEW,
P007,P007_MC03,OBS035,replicate identity,,,identifier/text,,,,,,,,,PENDING_SOURCE_REVIEW,
P007,P007_MC03,OBS035,condition-to-test-series linkage,Parent_Experiment_ID=P007_PE03,,identifier/text,,,,,,,,,PENDING_SOURCE_REVIEW,
P007,P007_MC04,OBS036,grain size,Grain_size_um=1.4,,as reported (currently µm field),,,,,,,,,PENDING_SOURCE_REVIEW,
P007,P007_MC04,OBS036,SFE,,,as reported (currently mJ m^-2 field),,,,,,,,,PENDING_SOURCE_REVIEW,
P007,P007_MC04,OBS036,SFE method,,,method/text,,,,,,,,,PENDING_SOURCE_REVIEW,
P007,P007_MC04,OBS036,initial FCC fraction,Initial_FCC_fraction=1.0,,as reported,,,,,,,,,PENDING_SOURCE_REVIEW,
P007,P007_MC04,OBS036,initial HCP fraction,,,as reported,,,,,,,,,PENDING_SOURCE_REVIEW,
P007,P007_MC04,OBS036,DeltaG / transformation driving force,,,as reported (currently J mol^-1 field),,,,,,,,,PENDING_SOURCE_REVIEW,
P007,P007_MC04,OBS036,strain rate,Strain_rate_s-1=0.001,,as reported (currently s^-1 field),,,,,,,,,PENDING_SOURCE_REVIEW,
P007,P007_MC04,OBS036,test temperature,Test_T_K=298.0,,as reported (currently K field),,,,,,,,,PENDING_SOURCE_REVIEW,
P007,P007_MC04,OBS036,processing history,Processing_route=VIM; homogenize 1200C/2h; hot roll; cold roll 50%; anneal 600C | Homogenization_T_K=1473.0 | Homogenization_time_h=2.0 | Cold_rolling_reduction_pct=50.0 | Annealing_T_K=873.0 | Annealing_time_min=600.0,,mixed; preserve each reported unit,,,,,,,,,PENDING_SOURCE_REVIEW,
P007,P007_MC04,OBS036,mechanical properties,YS_MPa=699.0 | UTS_MPa=1041.0 | Elongation_pct=45.0,,mixed; preserve each reported unit,,,,,,,,,PENDING_SOURCE_REVIEW,
P007,P007_MC04,OBS036,TRIP evidence,Evidence_TRIP=TEM/XRD evidence for deformation-induced ε and reverse transformation,,text/evidence,,,,,,,,,PENDING_SOURCE_REVIEW,
P007,P007_MC04,OBS036,TWIP evidence,Evidence_TWIP=TEM deformation twins for short annealing times,,text/evidence,,,,,,,,,PENDING_SOURCE_REVIEW,
P007,P007_MC04,OBS036,phase-transformation evidence,Characterization_methods=XRD; BSE; EBSD/GOS/KAM; TEM; STEM-EDS,,mixed; preserve each reported unit,,,,,,,,,PENDING_SOURCE_REVIEW,
P007,P007_MC04,OBS036,specimen identity,,,identifier/text,,,,,,,,,PENDING_SOURCE_REVIEW,
P007,P007_MC04,OBS036,replicate identity,,,identifier/text,,,,,,,,,PENDING_SOURCE_REVIEW,
P007,P007_MC04,OBS036,condition-to-test-series linkage,Parent_Experiment_ID=P007_PE04,,identifier/text,,,,,,,,,PENDING_SOURCE_REVIEW,
P007,P007_MC05,OBS037,grain size,Grain_size_um=1.4,,as reported (currently µm field),,,,,,,,,PENDING_SOURCE_REVIEW,
P007,P007_MC05,OBS037,SFE,,,as reported (currently mJ m^-2 field),,,,,,,,,PENDING_SOURCE_REVIEW,
P007,P007_MC05,OBS037,SFE method,,,method/text,,,,,,,,,PENDING_SOURCE_REVIEW,
P007,P007_MC05,OBS037,initial FCC fraction,Initial_FCC_fraction=1.0,,as reported,,,,,,,,,PENDING_SOURCE_REVIEW,
P007,P007_MC05,OBS037,initial HCP fraction,,,as reported,,,,,,,,,PENDING_SOURCE_REVIEW,
P007,P007_MC05,OBS037,DeltaG / transformation driving force,,,as reported (currently J mol^-1 field),,,,,,,,,PENDING_SOURCE_REVIEW,
P007,P007_MC05,OBS037,strain rate,Strain_rate_s-1=0.001,,as reported (currently s^-1 field),,,,,,,,,PENDING_SOURCE_REVIEW,
P007,P007_MC05,OBS037,test temperature,Test_T_K=298.0,,as reported (currently K field),,,,,,,,,PENDING_SOURCE_REVIEW,
P007,P007_MC05,OBS037,processing history,Processing_route=VIM; homogenize 1200C/2h; hot roll; cold roll 50%; anneal 600C | Homogenization_T_K=1473.0 | Homogenization_time_h=2.0 | Cold_rolling_reduction_pct=50.0 | Annealing_T_K=873.0 | Annealing_time_min=4320.0,,mixed; preserve each reported unit,,,,,,,,,PENDING_SOURCE_REVIEW,
P007,P007_MC05,OBS037,mechanical properties,YS_MPa=689.0 | UTS_MPa=1077.0 | Elongation_pct=37.0,,mixed; preserve each reported unit,,,,,,,,,PENDING_SOURCE_REVIEW,
P007,P007_MC05,OBS037,TRIP evidence,Evidence_TRIP=TEM/XRD evidence for deformation-induced ε and reverse transformation,,text/evidence,,,,,,,,,PENDING_SOURCE_REVIEW,
P007,P007_MC05,OBS037,TWIP evidence,Evidence_TWIP=TEM deformation twins for short annealing times,,text/evidence,,,,,,,,,PENDING_SOURCE_REVIEW,
P007,P007_MC05,OBS037,phase-transformation evidence,Characterization_methods=XRD; BSE; EBSD/GOS/KAM; TEM; STEM-EDS,,mixed; preserve each reported unit,,,,,,,,,PENDING_SOURCE_REVIEW,
P007,P007_MC05,OBS037,specimen identity,,,identifier/text,,,,,,,,,PENDING_SOURCE_REVIEW,
P007,P007_MC05,OBS037,replicate identity,,,identifier/text,,,,,,,,,PENDING_SOURCE_REVIEW,
P007,P007_MC05,OBS037,condition-to-test-series linkage,Parent_Experiment_ID=P007_PE05,,identifier/text,,,,,,,,,PENDING_SOURCE_REVIEW,
P008,P008_MC01,OBS038,grain size,,,as reported (currently µm field),,,,,,,,,PENDING_SOURCE_REVIEW,
P008,P008_MC01,OBS038,SFE,,,as reported (currently mJ m^-2 field),,,,,,,,,PENDING_SOURCE_REVIEW,
P008,P008_MC01,OBS038,SFE method,,,method/text,,,,,,,,,PENDING_SOURCE_REVIEW,
P008,P008_MC01,OBS038,initial FCC fraction,,,as reported,,,,,,,,,PENDING_SOURCE_REVIEW,
P008,P008_MC01,OBS038,initial HCP fraction,,,as reported,,,,,,,,,PENDING_SOURCE_REVIEW,
P008,P008_MC01,OBS038,DeltaG / transformation driving force,,,as reported (currently J mol^-1 field),,,,,,,,,PENDING_SOURCE_REVIEW,
P008,P008_MC01,OBS038,strain rate,Strain_rate_s-1=0.001,,as reported (currently s^-1 field),,,,,,,,,PENDING_SOURCE_REVIEW,
P008,P008_MC01,OBS038,test temperature,Test_T_K=298.0,,as reported (currently K field),,,,,,,,,PENDING_SOURCE_REVIEW,
P008,P008_MC01,OBS038,processing history,Processing_route=Base alloy reference; thermomechanically processed | Homogenization_T_K=1473.0 | Homogenization_time_h=2.0 | Cold_rolling_reduction_pct=60.0,,mixed; preserve each reported unit,,,,,,,,,PENDING_SOURCE_REVIEW,
P008,P008_MC01,OBS038,mechanical properties,YS_MPa=210.0,,mixed; preserve each reported unit,,,,,,,,,PENDING_SOURCE_REVIEW,
P008,P008_MC01,OBS038,TRIP evidence,Evidence_TRIP=Paper states base alloy dominated by martensitic transformation,,text/evidence,,,,,,,,,PENDING_SOURCE_REVIEW,
P008,P008_MC01,OBS038,TWIP evidence,Evidence_TWIP=Not assigned until condition-specific twin evidence is extracted,,text/evidence,,,,,,,,,PENDING_SOURCE_REVIEW,
P008,P008_MC01,OBS038,phase-transformation evidence,Characterization_methods=SEM; EBSD; TEM; XRD,,mixed; preserve each reported unit,,,,,,,,,PENDING_SOURCE_REVIEW,
P008,P008_MC01,OBS038,specimen identity,,,identifier/text,,,,,,,,,PENDING_SOURCE_REVIEW,
P008,P008_MC01,OBS038,replicate identity,,,identifier/text,,,,,,,,,PENDING_SOURCE_REVIEW,
P008,P008_MC01,OBS038,condition-to-test-series linkage,Parent_Experiment_ID=P008_PE01,,identifier/text,,,,,,,,,PENDING_SOURCE_REVIEW,
P008,P008_MC02,OBS039,grain size,,,as reported (currently µm field),,,,,,,,,PENDING_SOURCE_REVIEW,
P008,P008_MC02,OBS039,SFE,,,as reported (currently mJ m^-2 field),,,,,,,,,PENDING_SOURCE_REVIEW,
P008,P008_MC02,OBS039,SFE method,,,method/text,,,,,,,,,PENDING_SOURCE_REVIEW,
P008,P008_MC02,OBS039,initial FCC fraction,,,as reported,,,,,,,,,PENDING_SOURCE_REVIEW,
P008,P008_MC02,OBS039,initial HCP fraction,,,as reported,,,,,,,,,PENDING_SOURCE_REVIEW,
P008,P008_MC02,OBS039,DeltaG / transformation driving force,,,as reported (currently J mol^-1 field),,,,,,,,,PENDING_SOURCE_REVIEW,
P008,P008_MC02,OBS039,strain rate,Strain_rate_s-1=0.001,,as reported (currently s^-1 field),,,,,,,,,PENDING_SOURCE_REVIEW,
P008,P008_MC02,OBS039,test temperature,Test_T_K=298.0,,as reported (currently K field),,,,,,,,,PENDING_SOURCE_REVIEW,
P008,P008_MC02,OBS039,processing history,Processing_route=High-N alloy; thermomechanical processing producing multi-heterostructure | Homogenization_T_K=1473.0 | Homogenization_time_h=2.0 | Cold_rolling_reduction_pct=60.0 | Annealing_T_K=1023.0 | Annealing_time_min=3.0,,mixed; preserve each reported unit,,,,,,,,,PENDING_SOURCE_REVIEW,
P008,P008_MC02,OBS039,mechanical properties,YS_MPa=1310.0 | Elongation_pct=16.5 | Uniform_elongation_pct=16.5,,mixed; preserve each reported unit,,,,,,,,,PENDING_SOURCE_REVIEW,
P008,P008_MC02,OBS039,TRIP evidence,Evidence_TRIP=Paper explicitly states dominant mechanism changes away from martensitic transformation,,text/evidence,,,,,,,,,PENDING_SOURCE_REVIEW,
P008,P008_MC02,OBS039,TWIP evidence,Evidence_TWIP=TEM/EBSD evidence; twinning becomes dominant,,text/evidence,,,,,,,,,PENDING_SOURCE_REVIEW,
P008,P008_MC02,OBS039,phase-transformation evidence,Characterization_methods=SEM; EBSD; TEM; APT,,mixed; preserve each reported unit,,,,,,,,,PENDING_SOURCE_REVIEW,
P008,P008_MC02,OBS039,specimen identity,,,identifier/text,,,,,,,,,PENDING_SOURCE_REVIEW,
P008,P008_MC02,OBS039,replicate identity,,,identifier/text,,,,,,,,,PENDING_SOURCE_REVIEW,
P008,P008_MC02,OBS039,condition-to-test-series linkage,Parent_Experiment_ID=P008_PE02,,identifier/text,,,,,,,,,PENDING_SOURCE_REVIEW,
P010,P010_MC01,OBS040,grain size,,,as reported (currently µm field),,,,,,,,,PENDING_SOURCE_REVIEW,
P010,P010_MC01,OBS040,SFE,,,as reported (currently mJ m^-2 field),,,,,,,,,PENDING_SOURCE_REVIEW,
P010,P010_MC01,OBS040,SFE method,,,method/text,,,,,,,,,PENDING_SOURCE_REVIEW,
P010,P010_MC01,OBS040,initial FCC fraction,,,as reported,,,,,,,,,PENDING_SOURCE_REVIEW,
P010,P010_MC01,OBS040,initial HCP fraction,,,as reported,,,,,,,,,PENDING_SOURCE_REVIEW,
P010,P010_MC01,OBS040,DeltaG / transformation driving force,,,as reported (currently J mol^-1 field),,,,,,,,,PENDING_SOURCE_REVIEW,
P010,P010_MC01,OBS040,strain rate,Strain_rate_s-1=0.001,,as reported (currently s^-1 field),,,,,,,,,PENDING_SOURCE_REVIEW,
P010,P010_MC01,OBS040,test temperature,Test_T_K=298.0,,as reported (currently K field),,,,,,,,,PENDING_SOURCE_REVIEW,
P010,P010_MC01,OBS040,processing history,Processing_route=Synthesized after ab-initio compositional screening; tensile + magnetic/microstructure characterization,,mixed; preserve each reported unit,,,,,,,,,PENDING_SOURCE_REVIEW,
P010,P010_MC01,OBS040,mechanical properties,,,mixed; preserve each reported unit,,,,,,,,,PENDING_SOURCE_REVIEW,
P010,P010_MC01,OBS040,TRIP evidence,Evidence_TRIP=XRD/EBSD/TEM phase evidence and alloy-level mechanism assignment,,text/evidence,,,,,,,,,PENDING_SOURCE_REVIEW,
P010,P010_MC01,OBS040,TWIP evidence,Evidence_TWIP=TEM/EBSD/ECCI local-strain mechanism evidence; alloy-level comparison,,text/evidence,,,,,,,,,PENDING_SOURCE_REVIEW,
P010,P010_MC01,OBS040,phase-transformation evidence,Characterization_methods=XRD; EBSD; ECCI; TEM; magnetic measurements,,mixed; preserve each reported unit,,,,,,,,,PENDING_SOURCE_REVIEW,
P010,P010_MC01,OBS040,specimen identity,,,identifier/text,,,,,,,,,PENDING_SOURCE_REVIEW,
P010,P010_MC01,OBS040,replicate identity,,,identifier/text,,,,,,,,,PENDING_SOURCE_REVIEW,
P010,P010_MC01,OBS040,condition-to-test-series linkage,Parent_Experiment_ID=P010_PE01,,identifier/text,,,,,,,,,PENDING_SOURCE_REVIEW,
P010,P010_MC02,OBS041,grain size,,,as reported (currently µm field),,,,,,,,,PENDING_SOURCE_REVIEW,
P010,P010_MC02,OBS041,SFE,,,as reported (currently mJ m^-2 field),,,,,,,,,PENDING_SOURCE_REVIEW,
P010,P010_MC02,OBS041,SFE method,,,method/text,,,,,,,,,PENDING_SOURCE_REVIEW,
P010,P010_MC02,OBS041,initial FCC fraction,,,as reported,,,,,,,,,PENDING_SOURCE_REVIEW,
P010,P010_MC02,OBS041,initial HCP fraction,,,as reported,,,,,,,,,PENDING_SOURCE_REVIEW,
P010,P010_MC02,OBS041,DeltaG / transformation driving force,,,as reported (currently J mol^-1 field),,,,,,,,,PENDING_SOURCE_REVIEW,
P010,P010_MC02,OBS041,strain rate,Strain_rate_s-1=0.001,,as reported (currently s^-1 field),,,,,,,,,PENDING_SOURCE_REVIEW,
P010,P010_MC02,OBS041,test temperature,Test_T_K=298.0,,as reported (currently K field),,,,,,,,,PENDING_SOURCE_REVIEW,
P010,P010_MC02,OBS041,processing history,Processing_route=Synthesized after ab-initio compositional screening; tensile + magnetic/microstructure characterization,,mixed; preserve each reported unit,,,,,,,,,PENDING_SOURCE_REVIEW,
P010,P010_MC02,OBS041,mechanical properties,,,mixed; preserve each reported unit,,,,,,,,,PENDING_SOURCE_REVIEW,
P010,P010_MC02,OBS041,TRIP evidence,Evidence_TRIP=XRD/EBSD/TEM phase evidence and alloy-level mechanism assignment,,text/evidence,,,,,,,,,PENDING_SOURCE_REVIEW,
P010,P010_MC02,OBS041,TWIP evidence,Evidence_TWIP=TEM/EBSD/ECCI local-strain mechanism evidence; alloy-level comparison,,text/evidence,,,,,,,,,PENDING_SOURCE_REVIEW,
P010,P010_MC02,OBS041,phase-transformation evidence,Characterization_methods=XRD; EBSD; ECCI; TEM; magnetic measurements,,mixed; preserve each reported unit,,,,,,,,,PENDING_SOURCE_REVIEW,
P010,P010_MC02,OBS041,specimen identity,,,identifier/text,,,,,,,,,PENDING_SOURCE_REVIEW,
P010,P010_MC02,OBS041,replicate identity,,,identifier/text,,,,,,,,,PENDING_SOURCE_REVIEW,
P010,P010_MC02,OBS041,condition-to-test-series linkage,Parent_Experiment_ID=P010_PE02,,identifier/text,,,,,,,,,PENDING_SOURCE_REVIEW,
P010,P010_MC03,OBS042,grain size,,,as reported (currently µm field),,,,,,,,,PENDING_SOURCE_REVIEW,
P010,P010_MC03,OBS042,SFE,,,as reported (currently mJ m^-2 field),,,,,,,,,PENDING_SOURCE_REVIEW,
P010,P010_MC03,OBS042,SFE method,,,method/text,,,,,,,,,PENDING_SOURCE_REVIEW,
P010,P010_MC03,OBS042,initial FCC fraction,,,as reported,,,,,,,,,PENDING_SOURCE_REVIEW,
P010,P010_MC03,OBS042,initial HCP fraction,,,as reported,,,,,,,,,PENDING_SOURCE_REVIEW,
P010,P010_MC03,OBS042,DeltaG / transformation driving force,,,as reported (currently J mol^-1 field),,,,,,,,,PENDING_SOURCE_REVIEW,
P010,P010_MC03,OBS042,strain rate,Strain_rate_s-1=0.001,,as reported (currently s^-1 field),,,,,,,,,PENDING_SOURCE_REVIEW,
P010,P010_MC03,OBS042,test temperature,Test_T_K=298.0,,as reported (currently K field),,,,,,,,,PENDING_SOURCE_REVIEW,
P010,P010_MC03,OBS042,processing history,Processing_route=Synthesized after ab-initio compositional screening; tensile + magnetic/microstructure characterization,,mixed; preserve each reported unit,,,,,,,,,PENDING_SOURCE_REVIEW,
P010,P010_MC03,OBS042,mechanical properties,,,mixed; preserve each reported unit,,,,,,,,,PENDING_SOURCE_REVIEW,
P010,P010_MC03,OBS042,TRIP evidence,Evidence_TRIP=XRD/EBSD/TEM phase evidence and alloy-level mechanism assignment,,text/evidence,,,,,,,,,PENDING_SOURCE_REVIEW,
P010,P010_MC03,OBS042,TWIP evidence,Evidence_TWIP=TEM/EBSD/ECCI local-strain mechanism evidence; alloy-level comparison,,text/evidence,,,,,,,,,PENDING_SOURCE_REVIEW,
P010,P010_MC03,OBS042,phase-transformation evidence,Characterization_methods=XRD; EBSD; ECCI; TEM; magnetic measurements,,mixed; preserve each reported unit,,,,,,,,,PENDING_SOURCE_REVIEW,
P010,P010_MC03,OBS042,specimen identity,,,identifier/text,,,,,,,,,PENDING_SOURCE_REVIEW,
P010,P010_MC03,OBS042,replicate identity,,,identifier/text,,,,,,,,,PENDING_SOURCE_REVIEW,
P010,P010_MC03,OBS042,condition-to-test-series linkage,Parent_Experiment_ID=P010_PE03,,identifier/text,,,,,,,,,PENDING_SOURCE_REVIEW,
P009,P009_MC01,OBS043,grain size,,,as reported (currently µm field),,,,,,,,,PENDING_SOURCE_REVIEW,
P009,P009_MC01,OBS043,SFE,,,as reported (currently mJ m^-2 field),,,,,,,,,PENDING_SOURCE_REVIEW,
P009,P009_MC01,OBS043,SFE method,,,method/text,,,,,,,,,PENDING_SOURCE_REVIEW,
P009,P009_MC01,OBS043,initial FCC fraction,,,as reported,,,,,,,,,PENDING_SOURCE_REVIEW,
P009,P009_MC01,OBS043,initial HCP fraction,,,as reported,,,,,,,,,PENDING_SOURCE_REVIEW,
P009,P009_MC01,OBS043,DeltaG / transformation driving force,,,as reported (currently J mol^-1 field),,,,,,,,,PENDING_SOURCE_REVIEW,
P009,P009_MC01,OBS043,strain rate,,,as reported (currently s^-1 field),,,,,,,,,PENDING_SOURCE_REVIEW,
P009,P009_MC01,OBS043,test temperature,Test_T_K=293.0,,as reported (currently K field),,,,,,,,,PENDING_SOURCE_REVIEW,
P009,P009_MC01,OBS043,processing history,Processing_route=Cast; homogenized 1200C; ~60% cold rolled | Homogenization_T_K=1473.0 | Cold_rolling_reduction_pct=60.0,,mixed; preserve each reported unit,,,,,,,,,PENDING_SOURCE_REVIEW,
P009,P009_MC01,OBS043,mechanical properties,,,mixed; preserve each reported unit,,,,,,,,,PENDING_SOURCE_REVIEW,
P009,P009_MC01,OBS043,TRIP evidence,Evidence_TRIP=EBSD phase mapping after cold rolling; experimental mechanism classification,,text/evidence,,,,,,,,,PENDING_SOURCE_REVIEW,
P009,P009_MC01,OBS043,TWIP evidence,Evidence_TWIP=EBSD/grain-boundary evidence; experimental mechanism classification,,text/evidence,,,,,,,,,PENDING_SOURCE_REVIEW,
P009,P009_MC01,OBS043,phase-transformation evidence,Characterization_methods=EBSD; SEM; nanoindentation,,mixed; preserve each reported unit,,,,,,,,,PENDING_SOURCE_REVIEW,
P009,P009_MC01,OBS043,specimen identity,,,identifier/text,,,,,,,,,PENDING_SOURCE_REVIEW,
P009,P009_MC01,OBS043,replicate identity,,,identifier/text,,,,,,,,,PENDING_SOURCE_REVIEW,
P009,P009_MC01,OBS043,condition-to-test-series linkage,Parent_Experiment_ID=P009_PE01,,identifier/text,,,,,,,,,PENDING_SOURCE_REVIEW,
P009,P009_MC02,OBS044,grain size,,,as reported (currently µm field),,,,,,,,,PENDING_SOURCE_REVIEW,
P009,P009_MC02,OBS044,SFE,,,as reported (currently mJ m^-2 field),,,,,,,,,PENDING_SOURCE_REVIEW,
P009,P009_MC02,OBS044,SFE method,,,method/text,,,,,,,,,PENDING_SOURCE_REVIEW,
P009,P009_MC02,OBS044,initial FCC fraction,,,as reported,,,,,,,,,PENDING_SOURCE_REVIEW,
P009,P009_MC02,OBS044,initial HCP fraction,,,as reported,,,,,,,,,PENDING_SOURCE_REVIEW,
P009,P009_MC02,OBS044,DeltaG / transformation driving force,,,as reported (currently J mol^-1 field),,,,,,,,,PENDING_SOURCE_REVIEW,
P009,P009_MC02,OBS044,strain rate,,,as reported (currently s^-1 field),,,,,,,,,PENDING_SOURCE_REVIEW,
P009,P009_MC02,OBS044,test temperature,Test_T_K=293.0,,as reported (currently K field),,,,,,,,,PENDING_SOURCE_REVIEW,
P009,P009_MC02,OBS044,processing history,Processing_route=Cast; homogenized 1200C; ~60% cold rolled | Homogenization_T_K=1473.0 | Cold_rolling_reduction_pct=60.0,,mixed; preserve each reported unit,,,,,,,,,PENDING_SOURCE_REVIEW,
P009,P009_MC02,OBS044,mechanical properties,,,mixed; preserve each reported unit,,,,,,,,,PENDING_SOURCE_REVIEW,
P009,P009_MC02,OBS044,TRIP evidence,Evidence_TRIP=EBSD phase mapping after cold rolling; experimental mechanism classification,,text/evidence,,,,,,,,,PENDING_SOURCE_REVIEW,
P009,P009_MC02,OBS044,TWIP evidence,Evidence_TWIP=EBSD/grain-boundary evidence; experimental mechanism classification,,text/evidence,,,,,,,,,PENDING_SOURCE_REVIEW,
P009,P009_MC02,OBS044,phase-transformation evidence,Characterization_methods=EBSD; SEM; nanoindentation,,mixed; preserve each reported unit,,,,,,,,,PENDING_SOURCE_REVIEW,
P009,P009_MC02,OBS044,specimen identity,,,identifier/text,,,,,,,,,PENDING_SOURCE_REVIEW,
P009,P009_MC02,OBS044,replicate identity,,,identifier/text,,,,,,,,,PENDING_SOURCE_REVIEW,
P009,P009_MC02,OBS044,condition-to-test-series linkage,Parent_Experiment_ID=P009_PE02,,identifier/text,,,,,,,,,PENDING_SOURCE_REVIEW,
P009,P009_MC03,OBS045,grain size,,,as reported (currently µm field),,,,,,,,,PENDING_SOURCE_REVIEW,
P009,P009_MC03,OBS045,SFE,,,as reported (currently mJ m^-2 field),,,,,,,,,PENDING_SOURCE_REVIEW,
P009,P009_MC03,OBS045,SFE method,,,method/text,,,,,,,,,PENDING_SOURCE_REVIEW,
P009,P009_MC03,OBS045,initial FCC fraction,,,as reported,,,,,,,,,PENDING_SOURCE_REVIEW,
P009,P009_MC03,OBS045,initial HCP fraction,,,as reported,,,,,,,,,PENDING_SOURCE_REVIEW,
P009,P009_MC03,OBS045,DeltaG / transformation driving force,,,as reported (currently J mol^-1 field),,,,,,,,,PENDING_SOURCE_REVIEW,
P009,P009_MC03,OBS045,strain rate,,,as reported (currently s^-1 field),,,,,,,,,PENDING_SOURCE_REVIEW,
P009,P009_MC03,OBS045,test temperature,Test_T_K=293.0,,as reported (currently K field),,,,,,,,,PENDING_SOURCE_REVIEW,
P009,P009_MC03,OBS045,processing history,Processing_route=Cast; homogenized 1200C; ~60% cold rolled | Homogenization_T_K=1473.0 | Cold_rolling_reduction_pct=60.0,,mixed; preserve each reported unit,,,,,,,,,PENDING_SOURCE_REVIEW,
P009,P009_MC03,OBS045,mechanical properties,,,mixed; preserve each reported unit,,,,,,,,,PENDING_SOURCE_REVIEW,
P009,P009_MC03,OBS045,TRIP evidence,Evidence_TRIP=EBSD phase mapping after cold rolling; experimental mechanism classification,,text/evidence,,,,,,,,,PENDING_SOURCE_REVIEW,
P009,P009_MC03,OBS045,TWIP evidence,Evidence_TWIP=EBSD/grain-boundary evidence; experimental mechanism classification,,text/evidence,,,,,,,,,PENDING_SOURCE_REVIEW,
P009,P009_MC03,OBS045,phase-transformation evidence,Characterization_methods=EBSD; SEM; nanoindentation,,mixed; preserve each reported unit,,,,,,,,,PENDING_SOURCE_REVIEW,
P009,P009_MC03,OBS045,specimen identity,,,identifier/text,,,,,,,,,PENDING_SOURCE_REVIEW,
P009,P009_MC03,OBS045,replicate identity,,,identifier/text,,,,,,,,,PENDING_SOURCE_REVIEW,
P009,P009_MC03,OBS045,condition-to-test-series linkage,Parent_Experiment_ID=P009_PE03,,identifier/text,,,,,,,,,PENDING_SOURCE_REVIEW,
P009,P009_MC04,OBS046,grain size,,,as reported (currently µm field),,,,,,,,,PENDING_SOURCE_REVIEW,
P009,P009_MC04,OBS046,SFE,,,as reported (currently mJ m^-2 field),,,,,,,,,PENDING_SOURCE_REVIEW,
P009,P009_MC04,OBS046,SFE method,,,method/text,,,,,,,,,PENDING_SOURCE_REVIEW,
P009,P009_MC04,OBS046,initial FCC fraction,,,as reported,,,,,,,,,PENDING_SOURCE_REVIEW,
P009,P009_MC04,OBS046,initial HCP fraction,,,as reported,,,,,,,,,PENDING_SOURCE_REVIEW,
P009,P009_MC04,OBS046,DeltaG / transformation driving force,,,as reported (currently J mol^-1 field),,,,,,,,,PENDING_SOURCE_REVIEW,
P009,P009_MC04,OBS046,strain rate,,,as reported (currently s^-1 field),,,,,,,,,PENDING_SOURCE_REVIEW,
P009,P009_MC04,OBS046,test temperature,Test_T_K=293.0,,as reported (currently K field),,,,,,,,,PENDING_SOURCE_REVIEW,
P009,P009_MC04,OBS046,processing history,Processing_route=Cast; homogenized 1200C; ~60% cold rolled | Homogenization_T_K=1473.0 | Cold_rolling_reduction_pct=60.0,,mixed; preserve each reported unit,,,,,,,,,PENDING_SOURCE_REVIEW,
P009,P009_MC04,OBS046,mechanical properties,,,mixed; preserve each reported unit,,,,,,,,,PENDING_SOURCE_REVIEW,
P009,P009_MC04,OBS046,TRIP evidence,Evidence_TRIP=EBSD phase mapping after cold rolling; experimental mechanism classification,,text/evidence,,,,,,,,,PENDING_SOURCE_REVIEW,
P009,P009_MC04,OBS046,TWIP evidence,Evidence_TWIP=EBSD/grain-boundary evidence; experimental mechanism classification,,text/evidence,,,,,,,,,PENDING_SOURCE_REVIEW,
P009,P009_MC04,OBS046,phase-transformation evidence,Characterization_methods=EBSD; SEM; nanoindentation,,mixed; preserve each reported unit,,,,,,,,,PENDING_SOURCE_REVIEW,
P009,P009_MC04,OBS046,specimen identity,,,identifier/text,,,,,,,,,PENDING_SOURCE_REVIEW,
P009,P009_MC04,OBS046,replicate identity,,,identifier/text,,,,,,,,,PENDING_SOURCE_REVIEW,
P009,P009_MC04,OBS046,condition-to-test-series linkage,Parent_Experiment_ID=P009_PE04,,identifier/text,,,,,,,,,PENDING_SOURCE_REVIEW,
P009,P009_MC05,OBS047,grain size,,,as reported (currently µm field),,,,,,,,,PENDING_SOURCE_REVIEW,
P009,P009_MC05,OBS047,SFE,,,as reported (currently mJ m^-2 field),,,,,,,,,PENDING_SOURCE_REVIEW,
P009,P009_MC05,OBS047,SFE method,,,method/text,,,,,,,,,PENDING_SOURCE_REVIEW,
P009,P009_MC05,OBS047,initial FCC fraction,,,as reported,,,,,,,,,PENDING_SOURCE_REVIEW,
P009,P009_MC05,OBS047,initial HCP fraction,,,as reported,,,,,,,,,PENDING_SOURCE_REVIEW,
P009,P009_MC05,OBS047,DeltaG / transformation driving force,,,as reported (currently J mol^-1 field),,,,,,,,,PENDING_SOURCE_REVIEW,
P009,P009_MC05,OBS047,strain rate,,,as reported (currently s^-1 field),,,,,,,,,PENDING_SOURCE_REVIEW,
P009,P009_MC05,OBS047,test temperature,Test_T_K=293.0,,as reported (currently K field),,,,,,,,,PENDING_SOURCE_REVIEW,
P009,P009_MC05,OBS047,processing history,Processing_route=Cast; homogenized 1200C; ~60% cold rolled | Homogenization_T_K=1473.0 | Cold_rolling_reduction_pct=60.0,,mixed; preserve each reported unit,,,,,,,,,PENDING_SOURCE_REVIEW,
P009,P009_MC05,OBS047,mechanical properties,,,mixed; preserve each reported unit,,,,,,,,,PENDING_SOURCE_REVIEW,
P009,P009_MC05,OBS047,TRIP evidence,Evidence_TRIP=EBSD phase mapping after cold rolling; experimental mechanism classification,,text/evidence,,,,,,,,,PENDING_SOURCE_REVIEW,
P009,P009_MC05,OBS047,TWIP evidence,Evidence_TWIP=EBSD/grain-boundary evidence; experimental mechanism classification,,text/evidence,,,,,,,,,PENDING_SOURCE_REVIEW,
P009,P009_MC05,OBS047,phase-transformation evidence,Characterization_methods=EBSD; SEM; nanoindentation,,mixed; preserve each reported unit,,,,,,,,,PENDING_SOURCE_REVIEW,
P009,P009_MC05,OBS047,specimen identity,,,identifier/text,,,,,,,,,PENDING_SOURCE_REVIEW,
P009,P009_MC05,OBS047,replicate identity,,,identifier/text,,,,,,,,,PENDING_SOURCE_REVIEW,
P009,P009_MC05,OBS047,condition-to-test-series linkage,Parent_Experiment_ID=P009_PE05,,identifier/text,,,,,,,,,PENDING_SOURCE_REVIEW,
P009,P009_MC06,OBS048,grain size,,,as reported (currently µm field),,,,,,,,,PENDING_SOURCE_REVIEW,
P009,P009_MC06,OBS048,SFE,,,as reported (currently mJ m^-2 field),,,,,,,,,PENDING_SOURCE_REVIEW,
P009,P009_MC06,OBS048,SFE method,,,method/text,,,,,,,,,PENDING_SOURCE_REVIEW,
P009,P009_MC06,OBS048,initial FCC fraction,,,as reported,,,,,,,,,PENDING_SOURCE_REVIEW,
P009,P009_MC06,OBS048,initial HCP fraction,,,as reported,,,,,,,,,PENDING_SOURCE_REVIEW,
P009,P009_MC06,OBS048,DeltaG / transformation driving force,,,as reported (currently J mol^-1 field),,,,,,,,,PENDING_SOURCE_REVIEW,
P009,P009_MC06,OBS048,strain rate,,,as reported (currently s^-1 field),,,,,,,,,PENDING_SOURCE_REVIEW,
P009,P009_MC06,OBS048,test temperature,Test_T_K=293.0,,as reported (currently K field),,,,,,,,,PENDING_SOURCE_REVIEW,
P009,P009_MC06,OBS048,processing history,Processing_route=Cast; homogenized 1200C; ~60% cold rolled | Homogenization_T_K=1473.0 | Cold_rolling_reduction_pct=60.0,,mixed; preserve each reported unit,,,,,,,,,PENDING_SOURCE_REVIEW,
P009,P009_MC06,OBS048,mechanical properties,,,mixed; preserve each reported unit,,,,,,,,,PENDING_SOURCE_REVIEW,
P009,P009_MC06,OBS048,TRIP evidence,Evidence_TRIP=EBSD phase mapping after cold rolling; experimental mechanism classification,,text/evidence,,,,,,,,,PENDING_SOURCE_REVIEW,
P009,P009_MC06,OBS048,TWIP evidence,Evidence_TWIP=EBSD/grain-boundary evidence; experimental mechanism classification,,text/evidence,,,,,,,,,PENDING_SOURCE_REVIEW,
P009,P009_MC06,OBS048,phase-transformation evidence,Characterization_methods=EBSD; SEM; nanoindentation,,mixed; preserve each reported unit,,,,,,,,,PENDING_SOURCE_REVIEW,
P009,P009_MC06,OBS048,specimen identity,,,identifier/text,,,,,,,,,PENDING_SOURCE_REVIEW,
P009,P009_MC06,OBS048,replicate identity,,,identifier/text,,,,,,,,,PENDING_SOURCE_REVIEW,
P009,P009_MC06,OBS048,condition-to-test-series linkage,Parent_Experiment_ID=P009_PE06,,identifier/text,,,,,,,,,PENDING_SOURCE_REVIEW,
P009,P009_MC07,OBS049,grain size,,,as reported (currently µm field),,,,,,,,,PENDING_SOURCE_REVIEW,
P009,P009_MC07,OBS049,SFE,,,as reported (currently mJ m^-2 field),,,,,,,,,PENDING_SOURCE_REVIEW,
P009,P009_MC07,OBS049,SFE method,,,method/text,,,,,,,,,PENDING_SOURCE_REVIEW,
P009,P009_MC07,OBS049,initial FCC fraction,,,as reported,,,,,,,,,PENDING_SOURCE_REVIEW,
P009,P009_MC07,OBS049,initial HCP fraction,,,as reported,,,,,,,,,PENDING_SOURCE_REVIEW,
P009,P009_MC07,OBS049,DeltaG / transformation driving force,,,as reported (currently J mol^-1 field),,,,,,,,,PENDING_SOURCE_REVIEW,
P009,P009_MC07,OBS049,strain rate,,,as reported (currently s^-1 field),,,,,,,,,PENDING_SOURCE_REVIEW,
P009,P009_MC07,OBS049,test temperature,Test_T_K=293.0,,as reported (currently K field),,,,,,,,,PENDING_SOURCE_REVIEW,
P009,P009_MC07,OBS049,processing history,Processing_route=Cast; homogenized 1200C; ~60% cold rolled | Homogenization_T_K=1473.0 | Cold_rolling_reduction_pct=60.0,,mixed; preserve each reported unit,,,,,,,,,PENDING_SOURCE_REVIEW,
P009,P009_MC07,OBS049,mechanical properties,,,mixed; preserve each reported unit,,,,,,,,,PENDING_SOURCE_REVIEW,
P009,P009_MC07,OBS049,TRIP evidence,Evidence_TRIP=EBSD phase mapping after cold rolling; experimental mechanism classification,,text/evidence,,,,,,,,,PENDING_SOURCE_REVIEW,
P009,P009_MC07,OBS049,TWIP evidence,Evidence_TWIP=EBSD/grain-boundary evidence; experimental mechanism classification,,text/evidence,,,,,,,,,PENDING_SOURCE_REVIEW,
P009,P009_MC07,OBS049,phase-transformation evidence,Characterization_methods=EBSD; SEM; nanoindentation,,mixed; preserve each reported unit,,,,,,,,,PENDING_SOURCE_REVIEW,
P009,P009_MC07,OBS049,specimen identity,,,identifier/text,,,,,,,,,PENDING_SOURCE_REVIEW,
P009,P009_MC07,OBS049,replicate identity,,,identifier/text,,,,,,,,,PENDING_SOURCE_REVIEW,
P009,P009_MC07,OBS049,condition-to-test-series linkage,Parent_Experiment_ID=P009_PE07,,identifier/text,,,,,,,,,PENDING_SOURCE_REVIEW,
P011,P011_MC01,OBS050,grain size,,,as reported (currently µm field),,,,,,,,,PENDING_SOURCE_REVIEW,
P011,P011_MC01,OBS050,SFE,,,as reported (currently mJ m^-2 field),,,,,,,,,PENDING_SOURCE_REVIEW,
P011,P011_MC01,OBS050,SFE method,,,method/text,,,,,,,,,PENDING_SOURCE_REVIEW,
P011,P011_MC01,OBS050,initial FCC fraction,,,as reported,,,,,,,,,PENDING_SOURCE_REVIEW,
P011,P011_MC01,OBS050,initial HCP fraction,,,as reported,,,,,,,,,PENDING_SOURCE_REVIEW,
P011,P011_MC01,OBS050,DeltaG / transformation driving force,,,as reported (currently J mol^-1 field),,,,,,,,,PENDING_SOURCE_REVIEW,
P011,P011_MC01,OBS050,strain rate,Strain_rate_s-1=0.001,,as reported (currently s^-1 field),,,,,,,,,PENDING_SOURCE_REVIEW,
P011,P011_MC01,OBS050,test temperature,Test_T_K=298.0,,as reported (currently K field),,,,,,,,,PENDING_SOURCE_REVIEW,
P011,P011_MC01,OBS050,processing history,"Processing_route=Gas-atomized pre-alloy powder; SPS 800C/30 min, 45 MPa, vacuum 7e-3 Pa | Annealing_T_K=1073.15 | Annealing_time_min=30.0",,mixed; preserve each reported unit,,,,,,,,,PENDING_SOURCE_REVIEW,
P011,P011_MC01,OBS050,mechanical properties,,,mixed; preserve each reported unit,,,,,,,,,PENDING_SOURCE_REVIEW,
P011,P011_MC01,OBS050,TRIP evidence,Evidence_TRIP=Phase transformation reported during tensile deformation at 298 K.,,text/evidence,,,,,,,,,PENDING_SOURCE_REVIEW,
P011,P011_MC01,OBS050,TWIP evidence,Evidence_TWIP=Mechanical twinning reported during tensile deformation at 298 K.,,text/evidence,,,,,,,,,PENDING_SOURCE_REVIEW,
P011,P011_MC01,OBS050,phase-transformation evidence,Characterization_methods=XRD; SEM; EBSD; TEM; EDS,,mixed; preserve each reported unit,,,,,,,,,PENDING_SOURCE_REVIEW,
P011,P011_MC01,OBS050,specimen identity,,,identifier/text,,,,,,,,,PENDING_SOURCE_REVIEW,
P011,P011_MC01,OBS050,replicate identity,,,identifier/text,,,,,,,,,PENDING_SOURCE_REVIEW,
P011,P011_MC01,OBS050,condition-to-test-series linkage,Parent_Experiment_ID=P011_PE01,,identifier/text,,,,,,,,,PENDING_SOURCE_REVIEW,
P011,P011_MC02,OBS051,grain size,,,as reported (currently µm field),,,,,,,,,PENDING_SOURCE_REVIEW,
P011,P011_MC02,OBS051,SFE,,,as reported (currently mJ m^-2 field),,,,,,,,,PENDING_SOURCE_REVIEW,
P011,P011_MC02,OBS051,SFE method,,,method/text,,,,,,,,,PENDING_SOURCE_REVIEW,
P011,P011_MC02,OBS051,initial FCC fraction,,,as reported,,,,,,,,,PENDING_SOURCE_REVIEW,
P011,P011_MC02,OBS051,initial HCP fraction,,,as reported,,,,,,,,,PENDING_SOURCE_REVIEW,
P011,P011_MC02,OBS051,DeltaG / transformation driving force,,,as reported (currently J mol^-1 field),,,,,,,,,PENDING_SOURCE_REVIEW,
P011,P011_MC02,OBS051,strain rate,Strain_rate_s-1=0.001,,as reported (currently s^-1 field),,,,,,,,,PENDING_SOURCE_REVIEW,
P011,P011_MC02,OBS051,test temperature,Test_T_K=298.0,,as reported (currently K field),,,,,,,,,PENDING_SOURCE_REVIEW,
P011,P011_MC02,OBS051,processing history,"Processing_route=Gas-atomized pre-alloy powder; SPS 900C/30 min, 45 MPa, vacuum 7e-3 Pa | Annealing_T_K=1173.15 | Annealing_time_min=30.0",,mixed; preserve each reported unit,,,,,,,,,PENDING_SOURCE_REVIEW,
P011,P011_MC02,OBS051,mechanical properties,,,mixed; preserve each reported unit,,,,,,,,,PENDING_SOURCE_REVIEW,
P011,P011_MC02,OBS051,TRIP evidence,Evidence_TRIP=Phase transformation reported during tensile deformation at 298 K.,,text/evidence,,,,,,,,,PENDING_SOURCE_REVIEW,
P011,P011_MC02,OBS051,TWIP evidence,Evidence_TWIP=Mechanical twinning reported during tensile deformation at 298 K.,,text/evidence,,,,,,,,,PENDING_SOURCE_REVIEW,
P011,P011_MC02,OBS051,phase-transformation evidence,Characterization_methods=XRD; SEM; EBSD; TEM; EDS,,mixed; preserve each reported unit,,,,,,,,,PENDING_SOURCE_REVIEW,
P011,P011_MC02,OBS051,specimen identity,,,identifier/text,,,,,,,,,PENDING_SOURCE_REVIEW,
P011,P011_MC02,OBS051,replicate identity,,,identifier/text,,,,,,,,,PENDING_SOURCE_REVIEW,
P011,P011_MC02,OBS051,condition-to-test-series linkage,Parent_Experiment_ID=P011_PE02,,identifier/text,,,,,,,,,PENDING_SOURCE_REVIEW,
P011,P011_MC03,OBS052,grain size,,,as reported (currently µm field),,,,,,,,,PENDING_SOURCE_REVIEW,
P011,P011_MC03,OBS052,SFE,,,as reported (currently mJ m^-2 field),,,,,,,,,PENDING_SOURCE_REVIEW,
P011,P011_MC03,OBS052,SFE method,,,method/text,,,,,,,,,PENDING_SOURCE_REVIEW,
P011,P011_MC03,OBS052,initial FCC fraction,,,as reported,,,,,,,,,PENDING_SOURCE_REVIEW,
P011,P011_MC03,OBS052,initial HCP fraction,,,as reported,,,,,,,,,PENDING_SOURCE_REVIEW,
P011,P011_MC03,OBS052,DeltaG / transformation driving force,,,as reported (currently J mol^-1 field),,,,,,,,,PENDING_SOURCE_REVIEW,
P011,P011_MC03,OBS052,strain rate,Strain_rate_s-1=0.001,,as reported (currently s^-1 field),,,,,,,,,PENDING_SOURCE_REVIEW,
P011,P011_MC03,OBS052,test temperature,Test_T_K=298.0,,as reported (currently K field),,,,,,,,,PENDING_SOURCE_REVIEW,
P011,P011_MC03,OBS052,processing history,"Processing_route=Gas-atomized pre-alloy powder; SPS 1000C/30 min, 45 MPa, vacuum 7e-3 Pa | Annealing_T_K=1273.15 | Annealing_time_min=30.0",,mixed; preserve each reported unit,,,,,,,,,PENDING_SOURCE_REVIEW,
P011,P011_MC03,OBS052,mechanical properties,YS_MPa=287.0 | UTS_MPa=745.0,,mixed; preserve each reported unit,,,,,,,,,PENDING_SOURCE_REVIEW,
P011,P011_MC03,OBS052,TRIP evidence,Evidence_TRIP=Phase transformation reported during tensile deformation at 298 K.,,text/evidence,,,,,,,,,PENDING_SOURCE_REVIEW,
P011,P011_MC03,OBS052,TWIP evidence,Evidence_TWIP=Mechanical twinning reported during tensile deformation at 298 K.,,text/evidence,,,,,,,,,PENDING_SOURCE_REVIEW,
P011,P011_MC03,OBS052,phase-transformation evidence,Characterization_methods=XRD; SEM; EBSD; TEM; EDS,,mixed; preserve each reported unit,,,,,,,,,PENDING_SOURCE_REVIEW,
P011,P011_MC03,OBS052,specimen identity,,,identifier/text,,,,,,,,,PENDING_SOURCE_REVIEW,
P011,P011_MC03,OBS052,replicate identity,,,identifier/text,,,,,,,,,PENDING_SOURCE_REVIEW,
P011,P011_MC03,OBS052,condition-to-test-series linkage,Parent_Experiment_ID=P011_PE03,,identifier/text,,,,,,,,,PENDING_SOURCE_REVIEW,
P011,P011_MC04,OBS053,grain size,,,as reported (currently µm field),,,,,,,,,PENDING_SOURCE_REVIEW,
P011,P011_MC04,OBS053,SFE,,,as reported (currently mJ m^-2 field),,,,,,,,,PENDING_SOURCE_REVIEW,
P011,P011_MC04,OBS053,SFE method,,,method/text,,,,,,,,,PENDING_SOURCE_REVIEW,
P011,P011_MC04,OBS053,initial FCC fraction,,,as reported,,,,,,,,,PENDING_SOURCE_REVIEW,
P011,P011_MC04,OBS053,initial HCP fraction,,,as reported,,,,,,,,,PENDING_SOURCE_REVIEW,
P011,P011_MC04,OBS053,DeltaG / transformation driving force,,,as reported (currently J mol^-1 field),,,,,,,,,PENDING_SOURCE_REVIEW,
P011,P011_MC04,OBS053,strain rate,Strain_rate_s-1=0.001,,as reported (currently s^-1 field),,,,,,,,,PENDING_SOURCE_REVIEW,
P011,P011_MC04,OBS053,test temperature,Test_T_K=298.0,,as reported (currently K field),,,,,,,,,PENDING_SOURCE_REVIEW,
P011,P011_MC04,OBS053,processing history,"Processing_route=Gas-atomized pre-alloy powder; SPS 1100C/30 min, 45 MPa, vacuum 7e-3 Pa | Annealing_T_K=1373.15 | Annealing_time_min=30.0",,mixed; preserve each reported unit,,,,,,,,,PENDING_SOURCE_REVIEW,
P011,P011_MC04,OBS053,mechanical properties,,,mixed; preserve each reported unit,,,,,,,,,PENDING_SOURCE_REVIEW,
P011,P011_MC04,OBS053,TRIP evidence,Evidence_TRIP=Phase transformation reported during tensile deformation at 298 K.,,text/evidence,,,,,,,,,PENDING_SOURCE_REVIEW,
P011,P011_MC04,OBS053,TWIP evidence,Evidence_TWIP=Mechanical twinning reported during tensile deformation at 298 K.,,text/evidence,,,,,,,,,PENDING_SOURCE_REVIEW,
P011,P011_MC04,OBS053,phase-transformation evidence,Characterization_methods=XRD; SEM; EBSD; TEM; EDS,,mixed; preserve each reported unit,,,,,,,,,PENDING_SOURCE_REVIEW,
P011,P011_MC04,OBS053,specimen identity,,,identifier/text,,,,,,,,,PENDING_SOURCE_REVIEW,
P011,P011_MC04,OBS053,replicate identity,,,identifier/text,,,,,,,,,PENDING_SOURCE_REVIEW,
P011,P011_MC04,OBS053,condition-to-test-series linkage,Parent_Experiment_ID=P011_PE04,,identifier/text,,,,,,,,,PENDING_SOURCE_REVIEW,
P011,P011_MC05,OBS054,grain size,,,as reported (currently µm field),,,,,,,,,PENDING_SOURCE_REVIEW,
P011,P011_MC05,OBS054,SFE,,,as reported (currently mJ m^-2 field),,,,,,,,,PENDING_SOURCE_REVIEW,
P011,P011_MC05,OBS054,SFE method,,,method/text,,,,,,,,,PENDING_SOURCE_REVIEW,
P011,P011_MC05,OBS054,initial FCC fraction,,,as reported,,,,,,,,,PENDING_SOURCE_REVIEW,
P011,P011_MC05,OBS054,initial HCP fraction,,,as reported,,,,,,,,,PENDING_SOURCE_REVIEW,
P011,P011_MC05,OBS054,DeltaG / transformation driving force,,,as reported (currently J mol^-1 field),,,,,,,,,PENDING_SOURCE_REVIEW,
P011,P011_MC05,OBS054,strain rate,Strain_rate_s-1=0.001,,as reported (currently s^-1 field),,,,,,,,,PENDING_SOURCE_REVIEW,
P011,P011_MC05,OBS054,test temperature,Test_T_K=77.0,,as reported (currently K field),,,,,,,,,PENDING_SOURCE_REVIEW,
P011,P011_MC05,OBS054,processing history,"Processing_route=Gas-atomized pre-alloy powder; SPS 1000C/30 min, 45 MPa, vacuum 7e-3 Pa | Annealing_T_K=1273.15 | Annealing_time_min=30.0",,mixed; preserve each reported unit,,,,,,,,,PENDING_SOURCE_REVIEW,
P011,P011_MC05,OBS054,mechanical properties,YS_MPa=490.0 | UTS_MPa=1107.0,,mixed; preserve each reported unit,,,,,,,,,PENDING_SOURCE_REVIEW,
P011,P011_MC05,OBS054,TRIP evidence,Evidence_TRIP=77 K response attributed to a more significant TRIP effect.,,text/evidence,,,,,,,,,PENDING_SOURCE_REVIEW,
P011,P011_MC05,OBS054,TWIP evidence,Evidence_TWIP=Paper explicitly reports no mechanical twinning at 77 K.,,text/evidence,,,,,,,,,PENDING_SOURCE_REVIEW,
P011,P011_MC05,OBS054,phase-transformation evidence,Characterization_methods=XRD; SEM; EBSD; TEM; EDS,,mixed; preserve each reported unit,,,,,,,,,PENDING_SOURCE_REVIEW,
P011,P011_MC05,OBS054,specimen identity,,,identifier/text,,,,,,,,,PENDING_SOURCE_REVIEW,
P011,P011_MC05,OBS054,replicate identity,,,identifier/text,,,,,,,,,PENDING_SOURCE_REVIEW,
P011,P011_MC05,OBS054,condition-to-test-series linkage,Parent_Experiment_ID=P011_PE05,,identifier/text,,,,,,,,,PENDING_SOURCE_REVIEW,
P012,P012_MC01,OBS055,grain size,,,as reported (currently µm field),,,,,,,,,PENDING_SOURCE_REVIEW,
P012,P012_MC01,OBS055,SFE,,,as reported (currently mJ m^-2 field),,,,,,,,,PENDING_SOURCE_REVIEW,
P012,P012_MC01,OBS055,SFE method,,,method/text,,,,,,,,,PENDING_SOURCE_REVIEW,
P012,P012_MC01,OBS055,initial FCC fraction,,,as reported,,,,,,,,,PENDING_SOURCE_REVIEW,
P012,P012_MC01,OBS055,initial HCP fraction,,,as reported,,,,,,,,,PENDING_SOURCE_REVIEW,
P012,P012_MC01,OBS055,DeltaG / transformation driving force,,,as reported (currently J mol^-1 field),,,,,,,,,PENDING_SOURCE_REVIEW,
P012,P012_MC01,OBS055,strain rate,Strain_rate_s-1=0.001,,as reported (currently s^-1 field),,,,,,,,,PENDING_SOURCE_REVIEW,
P012,P012_MC01,OBS055,test temperature,Test_T_K=298.0,,as reported (currently K field),,,,,,,,,PENDING_SOURCE_REVIEW,
P012,P012_MC01,OBS055,processing history,Processing_route=Thermomechanically processed; interrupted tensile characterization,,mixed; preserve each reported unit,,,,,,,,,PENDING_SOURCE_REVIEW,
P012,P012_MC01,OBS055,mechanical properties,,,mixed; preserve each reported unit,,,,,,,,,PENDING_SOURCE_REVIEW,
P012,P012_MC01,OBS055,TRIP evidence,Evidence_TRIP=RT response described as deformation-twinning dominant.,,text/evidence,,,,,,,,,PENDING_SOURCE_REVIEW,
P012,P012_MC01,OBS055,TWIP evidence,Evidence_TWIP=Deformation twinning dominant for all three alloys at RT; coupled TWIP/TRIP reported at cryogenic temperature.,,text/evidence,,,,,,,,,PENDING_SOURCE_REVIEW,
P012,P012_MC01,OBS055,phase-transformation evidence,Characterization_methods=XRD; EBSD; TEM,,mixed; preserve each reported unit,,,,,,,,,PENDING_SOURCE_REVIEW,
P012,P012_MC01,OBS055,specimen identity,,,identifier/text,,,,,,,,,PENDING_SOURCE_REVIEW,
P012,P012_MC01,OBS055,replicate identity,,,identifier/text,,,,,,,,,PENDING_SOURCE_REVIEW,
P012,P012_MC01,OBS055,condition-to-test-series linkage,Parent_Experiment_ID=P012_PE01,,identifier/text,,,,,,,,,PENDING_SOURCE_REVIEW,
P012,P012_MC02,OBS056,grain size,,,as reported (currently µm field),,,,,,,,,PENDING_SOURCE_REVIEW,
P012,P012_MC02,OBS056,SFE,,,as reported (currently mJ m^-2 field),,,,,,,,,PENDING_SOURCE_REVIEW,
P012,P012_MC02,OBS056,SFE method,,,method/text,,,,,,,,,PENDING_SOURCE_REVIEW,
P012,P012_MC02,OBS056,initial FCC fraction,,,as reported,,,,,,,,,PENDING_SOURCE_REVIEW,
P012,P012_MC02,OBS056,initial HCP fraction,,,as reported,,,,,,,,,PENDING_SOURCE_REVIEW,
P012,P012_MC02,OBS056,DeltaG / transformation driving force,,,as reported (currently J mol^-1 field),,,,,,,,,PENDING_SOURCE_REVIEW,
P012,P012_MC02,OBS056,strain rate,Strain_rate_s-1=0.001,,as reported (currently s^-1 field),,,,,,,,,PENDING_SOURCE_REVIEW,
P012,P012_MC02,OBS056,test temperature,Test_T_K=77.0,,as reported (currently K field),,,,,,,,,PENDING_SOURCE_REVIEW,
P012,P012_MC02,OBS056,processing history,Processing_route=Thermomechanically processed; interrupted tensile characterization,,mixed; preserve each reported unit,,,,,,,,,PENDING_SOURCE_REVIEW,
P012,P012_MC02,OBS056,mechanical properties,,,mixed; preserve each reported unit,,,,,,,,,PENDING_SOURCE_REVIEW,
P012,P012_MC02,OBS056,TRIP evidence,"Evidence_TRIP=At cryogenic temperature, preferential strain-induced martensitic transformation is reported; Mo increases ε-martensite with strain.",,text/evidence,,,,,,,,,PENDING_SOURCE_REVIEW,
P012,P012_MC02,OBS056,TWIP evidence,Evidence_TWIP=Deformation twinning dominant for all three alloys at RT; coupled TWIP/TRIP reported at cryogenic temperature.,,text/evidence,,,,,,,,,PENDING_SOURCE_REVIEW,
P012,P012_MC02,OBS056,phase-transformation evidence,Characterization_methods=XRD; EBSD; TEM,,mixed; preserve each reported unit,,,,,,,,,PENDING_SOURCE_REVIEW,
P012,P012_MC02,OBS056,specimen identity,,,identifier/text,,,,,,,,,PENDING_SOURCE_REVIEW,
P012,P012_MC02,OBS056,replicate identity,,,identifier/text,,,,,,,,,PENDING_SOURCE_REVIEW,
P012,P012_MC02,OBS056,condition-to-test-series linkage,Parent_Experiment_ID=P012_PE02,,identifier/text,,,,,,,,,PENDING_SOURCE_REVIEW,
P012,P012_MC03,OBS057,grain size,,,as reported (currently µm field),,,,,,,,,PENDING_SOURCE_REVIEW,
P012,P012_MC03,OBS057,SFE,,,as reported (currently mJ m^-2 field),,,,,,,,,PENDING_SOURCE_REVIEW,
P012,P012_MC03,OBS057,SFE method,,,method/text,,,,,,,,,PENDING_SOURCE_REVIEW,
P012,P012_MC03,OBS057,initial FCC fraction,,,as reported,,,,,,,,,PENDING_SOURCE_REVIEW,
P012,P012_MC03,OBS057,initial HCP fraction,,,as reported,,,,,,,,,PENDING_SOURCE_REVIEW,
P012,P012_MC03,OBS057,DeltaG / transformation driving force,,,as reported (currently J mol^-1 field),,,,,,,,,PENDING_SOURCE_REVIEW,
P012,P012_MC03,OBS057,strain rate,Strain_rate_s-1=0.001,,as reported (currently s^-1 field),,,,,,,,,PENDING_SOURCE_REVIEW,
P012,P012_MC03,OBS057,test temperature,Test_T_K=298.0,,as reported (currently K field),,,,,,,,,PENDING_SOURCE_REVIEW,
P012,P012_MC03,OBS057,processing history,Processing_route=Thermomechanically processed; interrupted tensile characterization,,mixed; preserve each reported unit,,,,,,,,,PENDING_SOURCE_REVIEW,
P012,P012_MC03,OBS057,mechanical properties,,,mixed; preserve each reported unit,,,,,,,,,PENDING_SOURCE_REVIEW,
P012,P012_MC03,OBS057,TRIP evidence,Evidence_TRIP=RT response described as deformation-twinning dominant.,,text/evidence,,,,,,,,,PENDING_SOURCE_REVIEW,
P012,P012_MC03,OBS057,TWIP evidence,Evidence_TWIP=Deformation twinning dominant for all three alloys at RT; coupled TWIP/TRIP reported at cryogenic temperature.,,text/evidence,,,,,,,,,PENDING_SOURCE_REVIEW,
P012,P012_MC03,OBS057,phase-transformation evidence,Characterization_methods=XRD; EBSD; TEM,,mixed; preserve each reported unit,,,,,,,,,PENDING_SOURCE_REVIEW,
P012,P012_MC03,OBS057,specimen identity,,,identifier/text,,,,,,,,,PENDING_SOURCE_REVIEW,
P012,P012_MC03,OBS057,replicate identity,,,identifier/text,,,,,,,,,PENDING_SOURCE_REVIEW,
P012,P012_MC03,OBS057,condition-to-test-series linkage,Parent_Experiment_ID=P012_PE03,,identifier/text,,,,,,,,,PENDING_SOURCE_REVIEW,
P012,P012_MC04,OBS058,grain size,,,as reported (currently µm field),,,,,,,,,PENDING_SOURCE_REVIEW,
P012,P012_MC04,OBS058,SFE,,,as reported (currently mJ m^-2 field),,,,,,,,,PENDING_SOURCE_REVIEW,
P012,P012_MC04,OBS058,SFE method,,,method/text,,,,,,,,,PENDING_SOURCE_REVIEW,
P012,P012_MC04,OBS058,initial FCC fraction,,,as reported,,,,,,,,,PENDING_SOURCE_REVIEW,
P012,P012_MC04,OBS058,initial HCP fraction,,,as reported,,,,,,,,,PENDING_SOURCE_REVIEW,
P012,P012_MC04,OBS058,DeltaG / transformation driving force,,,as reported (currently J mol^-1 field),,,,,,,,,PENDING_SOURCE_REVIEW,
P012,P012_MC04,OBS058,strain rate,Strain_rate_s-1=0.001,,as reported (currently s^-1 field),,,,,,,,,PENDING_SOURCE_REVIEW,
P012,P012_MC04,OBS058,test temperature,Test_T_K=77.0,,as reported (currently K field),,,,,,,,,PENDING_SOURCE_REVIEW,
P012,P012_MC04,OBS058,processing history,Processing_route=Thermomechanically processed; interrupted tensile characterization,,mixed; preserve each reported unit,,,,,,,,,PENDING_SOURCE_REVIEW,
P012,P012_MC04,OBS058,mechanical properties,UTS_MPa=1022.0 | Elongation_pct=110.0,,mixed; preserve each reported unit,,,,,,,,,PENDING_SOURCE_REVIEW,
P012,P012_MC04,OBS058,TRIP evidence,"Evidence_TRIP=At cryogenic temperature, preferential strain-induced martensitic transformation is reported; Mo increases ε-martensite with strain.",,text/evidence,,,,,,,,,PENDING_SOURCE_REVIEW,
P012,P012_MC04,OBS058,TWIP evidence,Evidence_TWIP=Deformation twinning dominant for all three alloys at RT; coupled TWIP/TRIP reported at cryogenic temperature.,,text/evidence,,,,,,,,,PENDING_SOURCE_REVIEW,
P012,P012_MC04,OBS058,phase-transformation evidence,Characterization_methods=XRD; EBSD; TEM,,mixed; preserve each reported unit,,,,,,,,,PENDING_SOURCE_REVIEW,
P012,P012_MC04,OBS058,specimen identity,,,identifier/text,,,,,,,,,PENDING_SOURCE_REVIEW,
P012,P012_MC04,OBS058,replicate identity,,,identifier/text,,,,,,,,,PENDING_SOURCE_REVIEW,
P012,P012_MC04,OBS058,condition-to-test-series linkage,Parent_Experiment_ID=P012_PE04,,identifier/text,,,,,,,,,PENDING_SOURCE_REVIEW,
P012,P012_MC05,OBS059,grain size,,,as reported (currently µm field),,,,,,,,,PENDING_SOURCE_REVIEW,
P012,P012_MC05,OBS059,SFE,,,as reported (currently mJ m^-2 field),,,,,,,,,PENDING_SOURCE_REVIEW,
P012,P012_MC05,OBS059,SFE method,,,method/text,,,,,,,,,PENDING_SOURCE_REVIEW,
P012,P012_MC05,OBS059,initial FCC fraction,,,as reported,,,,,,,,,PENDING_SOURCE_REVIEW,
P012,P012_MC05,OBS059,initial HCP fraction,,,as reported,,,,,,,,,PENDING_SOURCE_REVIEW,
P012,P012_MC05,OBS059,DeltaG / transformation driving force,,,as reported (currently J mol^-1 field),,,,,,,,,PENDING_SOURCE_REVIEW,
P012,P012_MC05,OBS059,strain rate,Strain_rate_s-1=0.001,,as reported (currently s^-1 field),,,,,,,,,PENDING_SOURCE_REVIEW,
P012,P012_MC05,OBS059,test temperature,Test_T_K=298.0,,as reported (currently K field),,,,,,,,,PENDING_SOURCE_REVIEW,
P012,P012_MC05,OBS059,processing history,Processing_route=Thermomechanically processed; interrupted tensile characterization,,mixed; preserve each reported unit,,,,,,,,,PENDING_SOURCE_REVIEW,
P012,P012_MC05,OBS059,mechanical properties,,,mixed; preserve each reported unit,,,,,,,,,PENDING_SOURCE_REVIEW,
P012,P012_MC05,OBS059,TRIP evidence,Evidence_TRIP=RT response described as deformation-twinning dominant.,,text/evidence,,,,,,,,,PENDING_SOURCE_REVIEW,
P012,P012_MC05,OBS059,TWIP evidence,Evidence_TWIP=Deformation twinning dominant for all three alloys at RT; coupled TWIP/TRIP reported at cryogenic temperature.,,text/evidence,,,,,,,,,PENDING_SOURCE_REVIEW,
P012,P012_MC05,OBS059,phase-transformation evidence,Characterization_methods=XRD; EBSD; TEM,,mixed; preserve each reported unit,,,,,,,,,PENDING_SOURCE_REVIEW,
P012,P012_MC05,OBS059,specimen identity,,,identifier/text,,,,,,,,,PENDING_SOURCE_REVIEW,
P012,P012_MC05,OBS059,replicate identity,,,identifier/text,,,,,,,,,PENDING_SOURCE_REVIEW,
P012,P012_MC05,OBS059,condition-to-test-series linkage,Parent_Experiment_ID=P012_PE05,,identifier/text,,,,,,,,,PENDING_SOURCE_REVIEW,
P012,P012_MC06,OBS060,grain size,,,as reported (currently µm field),,,,,,,,,PENDING_SOURCE_REVIEW,
P012,P012_MC06,OBS060,SFE,,,as reported (currently mJ m^-2 field),,,,,,,,,PENDING_SOURCE_REVIEW,
P012,P012_MC06,OBS060,SFE method,,,method/text,,,,,,,,,PENDING_SOURCE_REVIEW,
P012,P012_MC06,OBS060,initial FCC fraction,,,as reported,,,,,,,,,PENDING_SOURCE_REVIEW,
P012,P012_MC06,OBS060,initial HCP fraction,,,as reported,,,,,,,,,PENDING_SOURCE_REVIEW,
P012,P012_MC06,OBS060,DeltaG / transformation driving force,,,as reported (currently J mol^-1 field),,,,,,,,,PENDING_SOURCE_REVIEW,
P012,P012_MC06,OBS060,strain rate,Strain_rate_s-1=0.001,,as reported (currently s^-1 field),,,,,,,,,PENDING_SOURCE_REVIEW,
P012,P012_MC06,OBS060,test temperature,Test_T_K=77.0,,as reported (currently K field),,,,,,,,,PENDING_SOURCE_REVIEW,
P012,P012_MC06,OBS060,processing history,Processing_route=Thermomechanically processed; interrupted tensile characterization,,mixed; preserve each reported unit,,,,,,,,,PENDING_SOURCE_REVIEW,
P012,P012_MC06,OBS060,mechanical properties,,,mixed; preserve each reported unit,,,,,,,,,PENDING_SOURCE_REVIEW,
P012,P012_MC06,OBS060,TRIP evidence,"Evidence_TRIP=At cryogenic temperature, preferential strain-induced martensitic transformation is reported; Mo increases ε-martensite with strain.",,text/evidence,,,,,,,,,PENDING_SOURCE_REVIEW,
P012,P012_MC06,OBS060,TWIP evidence,Evidence_TWIP=Deformation twinning dominant for all three alloys at RT; coupled TWIP/TRIP reported at cryogenic temperature.,,text/evidence,,,,,,,,,PENDING_SOURCE_REVIEW,
P012,P012_MC06,OBS060,phase-transformation evidence,Characterization_methods=XRD; EBSD; TEM,,mixed; preserve each reported unit,,,,,,,,,PENDING_SOURCE_REVIEW,
P012,P012_MC06,OBS060,specimen identity,,,identifier/text,,,,,,,,,PENDING_SOURCE_REVIEW,
P012,P012_MC06,OBS060,replicate identity,,,identifier/text,,,,,,,,,PENDING_SOURCE_REVIEW,
P012,P012_MC06,OBS060,condition-to-test-series linkage,Parent_Experiment_ID=P012_PE06,,identifier/text,,,,,,,,,PENDING_SOURCE_REVIEW,
P013,P013_MC01,OBS061,grain size,,,as reported (currently µm field),,,,,,,,,PENDING_SOURCE_REVIEW,
P013,P013_MC01,OBS061,SFE,,,as reported (currently mJ m^-2 field),,,,,,,,,PENDING_SOURCE_REVIEW,
P013,P013_MC01,OBS061,SFE method,,,method/text,,,,,,,,,PENDING_SOURCE_REVIEW,
P013,P013_MC01,OBS061,initial FCC fraction,,,as reported,,,,,,,,,PENDING_SOURCE_REVIEW,
P013,P013_MC01,OBS061,initial HCP fraction,,,as reported,,,,,,,,,PENDING_SOURCE_REVIEW,
P013,P013_MC01,OBS061,DeltaG / transformation driving force,,,as reported (currently J mol^-1 field),,,,,,,,,PENDING_SOURCE_REVIEW,
P013,P013_MC01,OBS061,strain rate,Strain_rate_s-1=0.001,,as reported (currently s^-1 field),,,,,,,,,PENDING_SOURCE_REVIEW,
P013,P013_MC01,OBS061,test temperature,Test_T_K=298.0,,as reported (currently K field),,,,,,,,,PENDING_SOURCE_REVIEW,
P013,P013_MC01,OBS061,processing history,Processing_route=As-cast DP-HEA; in-situ tensile loading under synchrotron X-ray diffraction,,mixed; preserve each reported unit,,,,,,,,,PENDING_SOURCE_REVIEW,
P013,P013_MC01,OBS061,mechanical properties,,,mixed; preserve each reported unit,,,,,,,,,PENDING_SOURCE_REVIEW,
P013,P013_MC01,OBS061,TRIP evidence,Evidence_TRIP=In-situ SXRD quantitatively tracks γ-FCC→ε-HCP phase evolution.,,text/evidence,,,,,,,,,PENDING_SOURCE_REVIEW,
P013,P013_MC01,OBS061,TWIP evidence,Evidence_TWIP=SXRD peak/orientation analysis identifies twinning activity in ε-HCP during loading.,,text/evidence,,,,,,,,,PENDING_SOURCE_REVIEW,
P013,P013_MC01,OBS061,phase-transformation evidence,Characterization_methods=In-situ SXRD; EBSD; OM; SEM,,mixed; preserve each reported unit,,,,,,,,,PENDING_SOURCE_REVIEW,
P013,P013_MC01,OBS061,specimen identity,,,identifier/text,,,,,,,,,PENDING_SOURCE_REVIEW,
P013,P013_MC01,OBS061,replicate identity,,,identifier/text,,,,,,,,,PENDING_SOURCE_REVIEW,
P013,P013_MC01,OBS061,condition-to-test-series linkage,Parent_Experiment_ID=P013_PE01,,identifier/text,,,,,,,,,PENDING_SOURCE_REVIEW,
P013,P013_MC01,OBS062,grain size,,,as reported (currently µm field),,,,,,,,,PENDING_SOURCE_REVIEW,
P013,P013_MC01,OBS062,SFE,,,as reported (currently mJ m^-2 field),,,,,,,,,PENDING_SOURCE_REVIEW,
P013,P013_MC01,OBS062,SFE method,,,method/text,,,,,,,,,PENDING_SOURCE_REVIEW,
P013,P013_MC01,OBS062,initial FCC fraction,,,as reported,,,,,,,,,PENDING_SOURCE_REVIEW,
P013,P013_MC01,OBS062,initial HCP fraction,,,as reported,,,,,,,,,PENDING_SOURCE_REVIEW,
P013,P013_MC01,OBS062,DeltaG / transformation driving force,,,as reported (currently J mol^-1 field),,,,,,,,,PENDING_SOURCE_REVIEW,
P013,P013_MC01,OBS062,strain rate,Strain_rate_s-1=0.001,,as reported (currently s^-1 field),,,,,,,,,PENDING_SOURCE_REVIEW,
P013,P013_MC01,OBS062,test temperature,Test_T_K=298.0,,as reported (currently K field),,,,,,,,,PENDING_SOURCE_REVIEW,
P013,P013_MC01,OBS062,processing history,Processing_route=As-cast DP-HEA; in-situ tensile loading under synchrotron X-ray diffraction,,mixed; preserve each reported unit,,,,,,,,,PENDING_SOURCE_REVIEW,
P013,P013_MC01,OBS062,mechanical properties,,,mixed; preserve each reported unit,,,,,,,,,PENDING_SOURCE_REVIEW,
P013,P013_MC01,OBS062,TRIP evidence,Evidence_TRIP=In-situ SXRD quantitatively tracks γ-FCC→ε-HCP phase evolution.,,text/evidence,,,,,,,,,PENDING_SOURCE_REVIEW,
P013,P013_MC01,OBS062,TWIP evidence,Evidence_TWIP=SXRD peak/orientation analysis identifies twinning activity in ε-HCP during loading.,,text/evidence,,,,,,,,,PENDING_SOURCE_REVIEW,
P013,P013_MC01,OBS062,phase-transformation evidence,Characterization_methods=In-situ SXRD; EBSD; OM; SEM,,mixed; preserve each reported unit,,,,,,,,,PENDING_SOURCE_REVIEW,
P013,P013_MC01,OBS062,specimen identity,,,identifier/text,,,,,,,,,PENDING_SOURCE_REVIEW,
P013,P013_MC01,OBS062,replicate identity,,,identifier/text,,,,,,,,,PENDING_SOURCE_REVIEW,
P013,P013_MC01,OBS062,condition-to-test-series linkage,Parent_Experiment_ID=P013_PE01,,identifier/text,,,,,,,,,PENDING_SOURCE_REVIEW,
P013,P013_MC01,OBS063,grain size,,,as reported (currently µm field),,,,,,,,,PENDING_SOURCE_REVIEW,
P013,P013_MC01,OBS063,SFE,,,as reported (currently mJ m^-2 field),,,,,,,,,PENDING_SOURCE_REVIEW,
P013,P013_MC01,OBS063,SFE method,,,method/text,,,,,,,,,PENDING_SOURCE_REVIEW,
P013,P013_MC01,OBS063,initial FCC fraction,,,as reported,,,,,,,,,PENDING_SOURCE_REVIEW,
P013,P013_MC01,OBS063,initial HCP fraction,,,as reported,,,,,,,,,PENDING_SOURCE_REVIEW,
P013,P013_MC01,OBS063,DeltaG / transformation driving force,,,as reported (currently J mol^-1 field),,,,,,,,,PENDING_SOURCE_REVIEW,
P013,P013_MC01,OBS063,strain rate,Strain_rate_s-1=0.001,,as reported (currently s^-1 field),,,,,,,,,PENDING_SOURCE_REVIEW,
P013,P013_MC01,OBS063,test temperature,Test_T_K=298.0,,as reported (currently K field),,,,,,,,,PENDING_SOURCE_REVIEW,
P013,P013_MC01,OBS063,processing history,Processing_route=As-cast DP-HEA; in-situ tensile loading under synchrotron X-ray diffraction,,mixed; preserve each reported unit,,,,,,,,,PENDING_SOURCE_REVIEW,
P013,P013_MC01,OBS063,mechanical properties,,,mixed; preserve each reported unit,,,,,,,,,PENDING_SOURCE_REVIEW,
P013,P013_MC01,OBS063,TRIP evidence,Evidence_TRIP=In-situ SXRD quantitatively tracks γ-FCC→ε-HCP phase evolution.,,text/evidence,,,,,,,,,PENDING_SOURCE_REVIEW,
P013,P013_MC01,OBS063,TWIP evidence,Evidence_TWIP=SXRD peak/orientation analysis identifies twinning activity in ε-HCP during loading.,,text/evidence,,,,,,,,,PENDING_SOURCE_REVIEW,
P013,P013_MC01,OBS063,phase-transformation evidence,Characterization_methods=In-situ SXRD; EBSD; OM; SEM,,mixed; preserve each reported unit,,,,,,,,,PENDING_SOURCE_REVIEW,
P013,P013_MC01,OBS063,specimen identity,,,identifier/text,,,,,,,,,PENDING_SOURCE_REVIEW,
P013,P013_MC01,OBS063,replicate identity,,,identifier/text,,,,,,,,,PENDING_SOURCE_REVIEW,
P013,P013_MC01,OBS063,condition-to-test-series linkage,Parent_Experiment_ID=P013_PE01,,identifier/text,,,,,,,,,PENDING_SOURCE_REVIEW,
P013,P013_MC01,OBS064,grain size,,,as reported (currently µm field),,,,,,,,,PENDING_SOURCE_REVIEW,
P013,P013_MC01,OBS064,SFE,,,as reported (currently mJ m^-2 field),,,,,,,,,PENDING_SOURCE_REVIEW,
P013,P013_MC01,OBS064,SFE method,,,method/text,,,,,,,,,PENDING_SOURCE_REVIEW,
P013,P013_MC01,OBS064,initial FCC fraction,,,as reported,,,,,,,,,PENDING_SOURCE_REVIEW,
P013,P013_MC01,OBS064,initial HCP fraction,,,as reported,,,,,,,,,PENDING_SOURCE_REVIEW,
P013,P013_MC01,OBS064,DeltaG / transformation driving force,,,as reported (currently J mol^-1 field),,,,,,,,,PENDING_SOURCE_REVIEW,
P013,P013_MC01,OBS064,strain rate,Strain_rate_s-1=0.001,,as reported (currently s^-1 field),,,,,,,,,PENDING_SOURCE_REVIEW,
P013,P013_MC01,OBS064,test temperature,Test_T_K=298.0,,as reported (currently K field),,,,,,,,,PENDING_SOURCE_REVIEW,
P013,P013_MC01,OBS064,processing history,Processing_route=As-cast DP-HEA; in-situ tensile loading under synchrotron X-ray diffraction,,mixed; preserve each reported unit,,,,,,,,,PENDING_SOURCE_REVIEW,
P013,P013_MC01,OBS064,mechanical properties,,,mixed; preserve each reported unit,,,,,,,,,PENDING_SOURCE_REVIEW,
P013,P013_MC01,OBS064,TRIP evidence,Evidence_TRIP=In-situ SXRD quantitatively tracks γ-FCC→ε-HCP phase evolution.,,text/evidence,,,,,,,,,PENDING_SOURCE_REVIEW,
P013,P013_MC01,OBS064,TWIP evidence,Evidence_TWIP=SXRD peak/orientation analysis identifies twinning activity in ε-HCP during loading.,,text/evidence,,,,,,,,,PENDING_SOURCE_REVIEW,
P013,P013_MC01,OBS064,phase-transformation evidence,Characterization_methods=In-situ SXRD; EBSD; OM; SEM,,mixed; preserve each reported unit,,,,,,,,,PENDING_SOURCE_REVIEW,
P013,P013_MC01,OBS064,specimen identity,,,identifier/text,,,,,,,,,PENDING_SOURCE_REVIEW,
P013,P013_MC01,OBS064,replicate identity,,,identifier/text,,,,,,,,,PENDING_SOURCE_REVIEW,
P013,P013_MC01,OBS064,condition-to-test-series linkage,Parent_Experiment_ID=P013_PE01,,identifier/text,,,,,,,,,PENDING_SOURCE_REVIEW,
P013,P013_MC01,OBS065,grain size,,,as reported (currently µm field),,,,,,,,,PENDING_SOURCE_REVIEW,
P013,P013_MC01,OBS065,SFE,,,as reported (currently mJ m^-2 field),,,,,,,,,PENDING_SOURCE_REVIEW,
P013,P013_MC01,OBS065,SFE method,,,method/text,,,,,,,,,PENDING_SOURCE_REVIEW,
P013,P013_MC01,OBS065,initial FCC fraction,,,as reported,,,,,,,,,PENDING_SOURCE_REVIEW,
P013,P013_MC01,OBS065,initial HCP fraction,,,as reported,,,,,,,,,PENDING_SOURCE_REVIEW,
P013,P013_MC01,OBS065,DeltaG / transformation driving force,,,as reported (currently J mol^-1 field),,,,,,,,,PENDING_SOURCE_REVIEW,
P013,P013_MC01,OBS065,strain rate,Strain_rate_s-1=0.001,,as reported (currently s^-1 field),,,,,,,,,PENDING_SOURCE_REVIEW,
P013,P013_MC01,OBS065,test temperature,Test_T_K=298.0,,as reported (currently K field),,,,,,,,,PENDING_SOURCE_REVIEW,
P013,P013_MC01,OBS065,processing history,Processing_route=As-cast DP-HEA; in-situ tensile loading under synchrotron X-ray diffraction,,mixed; preserve each reported unit,,,,,,,,,PENDING_SOURCE_REVIEW,
P013,P013_MC01,OBS065,mechanical properties,,,mixed; preserve each reported unit,,,,,,,,,PENDING_SOURCE_REVIEW,
P013,P013_MC01,OBS065,TRIP evidence,Evidence_TRIP=In-situ SXRD quantitatively tracks γ-FCC→ε-HCP phase evolution.,,text/evidence,,,,,,,,,PENDING_SOURCE_REVIEW,
P013,P013_MC01,OBS065,TWIP evidence,Evidence_TWIP=SXRD peak/orientation analysis identifies twinning activity in ε-HCP during loading.,,text/evidence,,,,,,,,,PENDING_SOURCE_REVIEW,
P013,P013_MC01,OBS065,phase-transformation evidence,Characterization_methods=In-situ SXRD; EBSD; OM; SEM,,mixed; preserve each reported unit,,,,,,,,,PENDING_SOURCE_REVIEW,
P013,P013_MC01,OBS065,specimen identity,,,identifier/text,,,,,,,,,PENDING_SOURCE_REVIEW,
P013,P013_MC01,OBS065,replicate identity,,,identifier/text,,,,,,,,,PENDING_SOURCE_REVIEW,
P013,P013_MC01,OBS065,condition-to-test-series linkage,Parent_Experiment_ID=P013_PE01,,identifier/text,,,,,,,,,PENDING_SOURCE_REVIEW,
P014,P014_MC01,OBS066,grain size,,,as reported (currently µm field),,,,,,,,,PENDING_SOURCE_REVIEW,
P014,P014_MC01,OBS066,SFE,,,as reported (currently mJ m^-2 field),,,,,,,,,PENDING_SOURCE_REVIEW,
P014,P014_MC01,OBS066,SFE method,,,method/text,,,,,,,,,PENDING_SOURCE_REVIEW,
P014,P014_MC01,OBS066,initial FCC fraction,,,as reported,,,,,,,,,PENDING_SOURCE_REVIEW,
P014,P014_MC01,OBS066,initial HCP fraction,,,as reported,,,,,,,,,PENDING_SOURCE_REVIEW,
P014,P014_MC01,OBS066,DeltaG / transformation driving force,,,as reported (currently J mol^-1 field),,,,,,,,,PENDING_SOURCE_REVIEW,
P014,P014_MC01,OBS066,strain rate,,,as reported (currently s^-1 field),,,,,,,,,PENDING_SOURCE_REVIEW,
P014,P014_MC01,OBS066,test temperature,Test_T_K=298.0,,as reported (currently K field),,,,,,,,,PENDING_SOURCE_REVIEW,
P014,P014_MC01,OBS066,processing history,Processing_route=As-cast,,mixed; preserve each reported unit,,,,,,,,,PENDING_SOURCE_REVIEW,
P014,P014_MC01,OBS066,mechanical properties,,,mixed; preserve each reported unit,,,,,,,,,PENDING_SOURCE_REVIEW,
P014,P014_MC01,OBS066,TRIP evidence,Evidence_TRIP=Cold rolling induces FCC→HCP; tensile deformation of heterogeneous states includes FCC→HCP transformation.,,text/evidence,,,,,,,,,PENDING_SOURCE_REVIEW,
P014,P014_MC01,OBS066,TWIP evidence,Evidence_TWIP=Deformation twins contribute to ductility in heterogeneous annealed states.,,text/evidence,,,,,,,,,PENDING_SOURCE_REVIEW,
P014,P014_MC01,OBS066,phase-transformation evidence,Characterization_methods=XRD; SEM; EBSD; TEM; microhardness,,mixed; preserve each reported unit,,,,,,,,,PENDING_SOURCE_REVIEW,
P014,P014_MC01,OBS066,specimen identity,,,identifier/text,,,,,,,,,PENDING_SOURCE_REVIEW,
P014,P014_MC01,OBS066,replicate identity,,,identifier/text,,,,,,,,,PENDING_SOURCE_REVIEW,
P014,P014_MC01,OBS066,condition-to-test-series linkage,Parent_Experiment_ID=P014_PE01,,identifier/text,,,,,,,,,PENDING_SOURCE_REVIEW,
P014,P014_MC02,OBS067,grain size,,,as reported (currently µm field),,,,,,,,,PENDING_SOURCE_REVIEW,
P014,P014_MC02,OBS067,SFE,,,as reported (currently mJ m^-2 field),,,,,,,,,PENDING_SOURCE_REVIEW,
P014,P014_MC02,OBS067,SFE method,,,method/text,,,,,,,,,PENDING_SOURCE_REVIEW,
P014,P014_MC02,OBS067,initial FCC fraction,,,as reported,,,,,,,,,PENDING_SOURCE_REVIEW,
P014,P014_MC02,OBS067,initial HCP fraction,,,as reported,,,,,,,,,PENDING_SOURCE_REVIEW,
P014,P014_MC02,OBS067,DeltaG / transformation driving force,,,as reported (currently J mol^-1 field),,,,,,,,,PENDING_SOURCE_REVIEW,
P014,P014_MC02,OBS067,strain rate,,,as reported (currently s^-1 field),,,,,,,,,PENDING_SOURCE_REVIEW,
P014,P014_MC02,OBS067,test temperature,Test_T_K=298.0,,as reported (currently K field),,,,,,,,,PENDING_SOURCE_REVIEW,
P014,P014_MC02,OBS067,processing history,Processing_route=Cold rolled,,mixed; preserve each reported unit,,,,,,,,,PENDING_SOURCE_REVIEW,
P014,P014_MC02,OBS067,mechanical properties,,,mixed; preserve each reported unit,,,,,,,,,PENDING_SOURCE_REVIEW,
P014,P014_MC02,OBS067,TRIP evidence,Evidence_TRIP=Cold rolling induces FCC→HCP; tensile deformation of heterogeneous states includes FCC→HCP transformation.,,text/evidence,,,,,,,,,PENDING_SOURCE_REVIEW,
P014,P014_MC02,OBS067,TWIP evidence,Evidence_TWIP=Deformation twins contribute to ductility in heterogeneous annealed states.,,text/evidence,,,,,,,,,PENDING_SOURCE_REVIEW,
P014,P014_MC02,OBS067,phase-transformation evidence,Characterization_methods=XRD; SEM; EBSD; TEM; microhardness,,mixed; preserve each reported unit,,,,,,,,,PENDING_SOURCE_REVIEW,
P014,P014_MC02,OBS067,specimen identity,,,identifier/text,,,,,,,,,PENDING_SOURCE_REVIEW,
P014,P014_MC02,OBS067,replicate identity,,,identifier/text,,,,,,,,,PENDING_SOURCE_REVIEW,
P014,P014_MC02,OBS067,condition-to-test-series linkage,Parent_Experiment_ID=P014_PE02,,identifier/text,,,,,,,,,PENDING_SOURCE_REVIEW,
P014,P014_MC03,OBS068,grain size,,,as reported (currently µm field),,,,,,,,,PENDING_SOURCE_REVIEW,
P014,P014_MC03,OBS068,SFE,,,as reported (currently mJ m^-2 field),,,,,,,,,PENDING_SOURCE_REVIEW,
P014,P014_MC03,OBS068,SFE method,,,method/text,,,,,,,,,PENDING_SOURCE_REVIEW,
P014,P014_MC03,OBS068,initial FCC fraction,,,as reported,,,,,,,,,PENDING_SOURCE_REVIEW,
P014,P014_MC03,OBS068,initial HCP fraction,,,as reported,,,,,,,,,PENDING_SOURCE_REVIEW,
P014,P014_MC03,OBS068,DeltaG / transformation driving force,,,as reported (currently J mol^-1 field),,,,,,,,,PENDING_SOURCE_REVIEW,
P014,P014_MC03,OBS068,strain rate,Strain_rate_s-1=0.001,,as reported (currently s^-1 field),,,,,,,,,PENDING_SOURCE_REVIEW,
P014,P014_MC03,OBS068,test temperature,Test_T_K=298.0,,as reported (currently K field),,,,,,,,,PENDING_SOURCE_REVIEW,
P014,P014_MC03,OBS068,processing history,Processing_route=Cold rolling followed by partial-recrystallization annealing | Annealing_T_K=873.15 | Annealing_time_min=10.0,,mixed; preserve each reported unit,,,,,,,,,PENDING_SOURCE_REVIEW,
P014,P014_MC03,OBS068,mechanical properties,,,mixed; preserve each reported unit,,,,,,,,,PENDING_SOURCE_REVIEW,
P014,P014_MC03,OBS068,TRIP evidence,Evidence_TRIP=Cold rolling induces FCC→HCP; tensile deformation of heterogeneous states includes FCC→HCP transformation.,,text/evidence,,,,,,,,,PENDING_SOURCE_REVIEW,
P014,P014_MC03,OBS068,TWIP evidence,Evidence_TWIP=Deformation twins contribute to ductility in heterogeneous annealed states.,,text/evidence,,,,,,,,,PENDING_SOURCE_REVIEW,
P014,P014_MC03,OBS068,phase-transformation evidence,Characterization_methods=XRD; SEM; EBSD; TEM; microhardness,,mixed; preserve each reported unit,,,,,,,,,PENDING_SOURCE_REVIEW,
P014,P014_MC03,OBS068,specimen identity,,,identifier/text,,,,,,,,,PENDING_SOURCE_REVIEW,
P014,P014_MC03,OBS068,replicate identity,,,identifier/text,,,,,,,,,PENDING_SOURCE_REVIEW,
P014,P014_MC03,OBS068,condition-to-test-series linkage,Parent_Experiment_ID=P014_PE03,,identifier/text,,,,,,,,,PENDING_SOURCE_REVIEW,
P014,P014_MC04,OBS069,grain size,,,as reported (currently µm field),,,,,,,,,PENDING_SOURCE_REVIEW,
P014,P014_MC04,OBS069,SFE,,,as reported (currently mJ m^-2 field),,,,,,,,,PENDING_SOURCE_REVIEW,
P014,P014_MC04,OBS069,SFE method,,,method/text,,,,,,,,,PENDING_SOURCE_REVIEW,
P014,P014_MC04,OBS069,initial FCC fraction,,,as reported,,,,,,,,,PENDING_SOURCE_REVIEW,
P014,P014_MC04,OBS069,initial HCP fraction,,,as reported,,,,,,,,,PENDING_SOURCE_REVIEW,
P014,P014_MC04,OBS069,DeltaG / transformation driving force,,,as reported (currently J mol^-1 field),,,,,,,,,PENDING_SOURCE_REVIEW,
P014,P014_MC04,OBS069,strain rate,Strain_rate_s-1=0.001,,as reported (currently s^-1 field),,,,,,,,,PENDING_SOURCE_REVIEW,
P014,P014_MC04,OBS069,test temperature,Test_T_K=298.0,,as reported (currently K field),,,,,,,,,PENDING_SOURCE_REVIEW,
P014,P014_MC04,OBS069,processing history,Processing_route=Cold rolling followed by partial-recrystallization annealing | Annealing_T_K=923.15 | Annealing_time_min=10.0,,mixed; preserve each reported unit,,,,,,,,,PENDING_SOURCE_REVIEW,
P014,P014_MC04,OBS069,mechanical properties,,,mixed; preserve each reported unit,,,,,,,,,PENDING_SOURCE_REVIEW,
P014,P014_MC04,OBS069,TRIP evidence,Evidence_TRIP=Cold rolling induces FCC→HCP; tensile deformation of heterogeneous states includes FCC→HCP transformation.,,text/evidence,,,,,,,,,PENDING_SOURCE_REVIEW,
P014,P014_MC04,OBS069,TWIP evidence,Evidence_TWIP=Deformation twins contribute to ductility in heterogeneous annealed states.,,text/evidence,,,,,,,,,PENDING_SOURCE_REVIEW,
P014,P014_MC04,OBS069,phase-transformation evidence,Characterization_methods=XRD; SEM; EBSD; TEM; microhardness,,mixed; preserve each reported unit,,,,,,,,,PENDING_SOURCE_REVIEW,
P014,P014_MC04,OBS069,specimen identity,,,identifier/text,,,,,,,,,PENDING_SOURCE_REVIEW,
P014,P014_MC04,OBS069,replicate identity,,,identifier/text,,,,,,,,,PENDING_SOURCE_REVIEW,
P014,P014_MC04,OBS069,condition-to-test-series linkage,Parent_Experiment_ID=P014_PE04,,identifier/text,,,,,,,,,PENDING_SOURCE_REVIEW,
P014,P014_MC05,OBS070,grain size,,,as reported (currently µm field),,,,,,,,,PENDING_SOURCE_REVIEW,
P014,P014_MC05,OBS070,SFE,,,as reported (currently mJ m^-2 field),,,,,,,,,PENDING_SOURCE_REVIEW,
P014,P014_MC05,OBS070,SFE method,,,method/text,,,,,,,,,PENDING_SOURCE_REVIEW,
P014,P014_MC05,OBS070,initial FCC fraction,,,as reported,,,,,,,,,PENDING_SOURCE_REVIEW,
P014,P014_MC05,OBS070,initial HCP fraction,,,as reported,,,,,,,,,PENDING_SOURCE_REVIEW,
P014,P014_MC05,OBS070,DeltaG / transformation driving force,,,as reported (currently J mol^-1 field),,,,,,,,,PENDING_SOURCE_REVIEW,
P014,P014_MC05,OBS070,strain rate,Strain_rate_s-1=0.001,,as reported (currently s^-1 field),,,,,,,,,PENDING_SOURCE_REVIEW,
P014,P014_MC05,OBS070,test temperature,Test_T_K=298.0,,as reported (currently K field),,,,,,,,,PENDING_SOURCE_REVIEW,
P014,P014_MC05,OBS070,processing history,Processing_route=Cold rolling followed by partial-recrystallization annealing | Annealing_T_K=973.15 | Annealing_time_min=10.0,,mixed; preserve each reported unit,,,,,,,,,PENDING_SOURCE_REVIEW,
P014,P014_MC05,OBS070,mechanical properties,,,mixed; preserve each reported unit,,,,,,,,,PENDING_SOURCE_REVIEW,
P014,P014_MC05,OBS070,TRIP evidence,Evidence_TRIP=Cold rolling induces FCC→HCP; tensile deformation of heterogeneous states includes FCC→HCP transformation.,,text/evidence,,,,,,,,,PENDING_SOURCE_REVIEW,
P014,P014_MC05,OBS070,TWIP evidence,Evidence_TWIP=Deformation twins contribute to ductility in heterogeneous annealed states.,,text/evidence,,,,,,,,,PENDING_SOURCE_REVIEW,
P014,P014_MC05,OBS070,phase-transformation evidence,Characterization_methods=XRD; SEM; EBSD; TEM; microhardness,,mixed; preserve each reported unit,,,,,,,,,PENDING_SOURCE_REVIEW,
P014,P014_MC05,OBS070,specimen identity,,,identifier/text,,,,,,,,,PENDING_SOURCE_REVIEW,
P014,P014_MC05,OBS070,replicate identity,,,identifier/text,,,,,,,,,PENDING_SOURCE_REVIEW,
P014,P014_MC05,OBS070,condition-to-test-series linkage,Parent_Experiment_ID=P014_PE05,,identifier/text,,,,,,,,,PENDING_SOURCE_REVIEW,
P015,P015_MC01,OBS071,grain size,,,as reported (currently µm field),,,,,,,,,PENDING_SOURCE_REVIEW,
P015,P015_MC01,OBS071,SFE,SFE_mJ_m2=36.62,,as reported (currently mJ m^-2 field),,,,,,,,,PENDING_SOURCE_REVIEW,
P015,P015_MC01,OBS071,SFE method,SFE_method=Molecular dynamics at test temperature,,method/text,,,,,,,,,PENDING_SOURCE_REVIEW,
P015,P015_MC01,OBS071,initial FCC fraction,Initial_FCC_fraction=1.0,,as reported,,,,,,,,,PENDING_SOURCE_REVIEW,
P015,P015_MC01,OBS071,initial HCP fraction,,,as reported,,,,,,,,,PENDING_SOURCE_REVIEW,
P015,P015_MC01,OBS071,DeltaG / transformation driving force,,,as reported (currently J mol^-1 field),,,,,,,,,PENDING_SOURCE_REVIEW,
P015,P015_MC01,OBS071,strain rate,Strain_rate_s-1=0.001,,as reported (currently s^-1 field),,,,,,,,,PENDING_SOURCE_REVIEW,
P015,P015_MC01,OBS071,test temperature,Test_T_K=298.0,,as reported (currently K field),,,,,,,,,PENDING_SOURCE_REVIEW,
P015,P015_MC01,OBS071,processing history,Processing_route=VIM under Ar; extra 5 wt% Mn charge; cast in Cu mold; homogenized 1473 K/6 h; water quenched | Homogenization_T_K=1473.0 | Homogenization_time_h=6.0,,mixed; preserve each reported unit,,,,,,,,,PENDING_SOURCE_REVIEW,
P015,P015_MC01,OBS071,mechanical properties,YS_MPa=300.0 | UTS_MPa=550.0,,mixed; preserve each reported unit,,,,,,,,,PENDING_SOURCE_REVIEW,
P015,P015_MC01,OBS071,TRIP evidence,Evidence_TRIP=No TRIP-dominant response; TWIP governs at 298 K.,,text/evidence,,,,,,,,,PENDING_SOURCE_REVIEW,
P015,P015_MC01,OBS071,TWIP evidence,Evidence_TWIP=Mechanical nanotwins observed; TWIP active at both temperatures.,,text/evidence,,,,,,,,,PENDING_SOURCE_REVIEW,
P015,P015_MC01,OBS071,phase-transformation evidence,Characterization_methods=XRD; SEM/EBSD; TEM/HR-TEM/SAED; MD,,mixed; preserve each reported unit,,,,,,,,,PENDING_SOURCE_REVIEW,
P015,P015_MC01,OBS071,specimen identity,,,identifier/text,,,,,,,,,PENDING_SOURCE_REVIEW,
P015,P015_MC01,OBS071,replicate identity,,,identifier/text,,,,,,,,,PENDING_SOURCE_REVIEW,
P015,P015_MC01,OBS071,condition-to-test-series linkage,Parent_Experiment_ID=P015_PE01,,identifier/text,,,,,,,,,PENDING_SOURCE_REVIEW,
P015,P015_MC02,OBS072,grain size,,,as reported (currently µm field),,,,,,,,,PENDING_SOURCE_REVIEW,
P015,P015_MC02,OBS072,SFE,SFE_mJ_m2=10.97,,as reported (currently mJ m^-2 field),,,,,,,,,PENDING_SOURCE_REVIEW,
P015,P015_MC02,OBS072,SFE method,SFE_method=Molecular dynamics at test temperature,,method/text,,,,,,,,,PENDING_SOURCE_REVIEW,
P015,P015_MC02,OBS072,initial FCC fraction,Initial_FCC_fraction=1.0,,as reported,,,,,,,,,PENDING_SOURCE_REVIEW,
P015,P015_MC02,OBS072,initial HCP fraction,,,as reported,,,,,,,,,PENDING_SOURCE_REVIEW,
P015,P015_MC02,OBS072,DeltaG / transformation driving force,,,as reported (currently J mol^-1 field),,,,,,,,,PENDING_SOURCE_REVIEW,
P015,P015_MC02,OBS072,strain rate,Strain_rate_s-1=0.001,,as reported (currently s^-1 field),,,,,,,,,PENDING_SOURCE_REVIEW,
P015,P015_MC02,OBS072,test temperature,Test_T_K=77.0,,as reported (currently K field),,,,,,,,,PENDING_SOURCE_REVIEW,
P015,P015_MC02,OBS072,processing history,Processing_route=VIM under Ar; extra 5 wt% Mn charge; cast in Cu mold; homogenized 1473 K/6 h; water quenched | Homogenization_T_K=1473.0 | Homogenization_time_h=6.0,,mixed; preserve each reported unit,,,,,,,,,PENDING_SOURCE_REVIEW,
P015,P015_MC02,OBS072,mechanical properties,YS_MPa=608.0 | UTS_MPa=850.0,,mixed; preserve each reported unit,,,,,,,,,PENDING_SOURCE_REVIEW,
P015,P015_MC02,OBS072,TRIP evidence,Evidence_TRIP=ε-martensite activated at high strain at 77 K.,,text/evidence,,,,,,,,,PENDING_SOURCE_REVIEW,
P015,P015_MC02,OBS072,TWIP evidence,Evidence_TWIP=Mechanical nanotwins observed; TWIP active at both temperatures.,,text/evidence,,,,,,,,,PENDING_SOURCE_REVIEW,
P015,P015_MC02,OBS072,phase-transformation evidence,Characterization_methods=XRD; SEM/EBSD; TEM/HR-TEM/SAED; MD,,mixed; preserve each reported unit,,,,,,,,,PENDING_SOURCE_REVIEW,
P015,P015_MC02,OBS072,specimen identity,,,identifier/text,,,,,,,,,PENDING_SOURCE_REVIEW,
P015,P015_MC02,OBS072,replicate identity,,,identifier/text,,,,,,,,,PENDING_SOURCE_REVIEW,
P015,P015_MC02,OBS072,condition-to-test-series linkage,Parent_Experiment_ID=P015_PE02,,identifier/text,,,,,,,,,PENDING_SOURCE_REVIEW,
P016,P016_MC01,OBS073,grain size,,,as reported (currently µm field),,,,,,,,,PENDING_SOURCE_REVIEW,
P016,P016_MC01,OBS073,SFE,,,as reported (currently mJ m^-2 field),,,,,,,,,PENDING_SOURCE_REVIEW,
P016,P016_MC01,OBS073,SFE method,,,method/text,,,,,,,,,PENDING_SOURCE_REVIEW,
P016,P016_MC01,OBS073,initial FCC fraction,,,as reported,,,,,,,,,PENDING_SOURCE_REVIEW,
P016,P016_MC01,OBS073,initial HCP fraction,,,as reported,,,,,,,,,PENDING_SOURCE_REVIEW,
P016,P016_MC01,OBS073,DeltaG / transformation driving force,,,as reported (currently J mol^-1 field),,,,,,,,,PENDING_SOURCE_REVIEW,
P016,P016_MC01,OBS073,strain rate,Strain_rate_s-1=0.001,,as reported (currently s^-1 field),,,,,,,,,PENDING_SOURCE_REVIEW,
P016,P016_MC01,OBS073,test temperature,Test_T_K=298.0,,as reported (currently K field),,,,,,,,,PENDING_SOURCE_REVIEW,
P016,P016_MC01,OBS073,processing history,Processing_route=Hot roll 50%; homogenize 1200C/2h; cold roll 67%; temper/anneal | Homogenization_T_K=1473.0 | Homogenization_time_h=2.0 | Cold_rolling_reduction_pct=67.0 | Annealing_T_K=673.0 | Annealing_time_min=3.0,,mixed; preserve each reported unit,,,,,,,,,PENDING_SOURCE_REVIEW,
P016,P016_MC01,OBS073,mechanical properties,YS_MPa=1300.0 | Elongation_pct=14.0,,mixed; preserve each reported unit,,,,,,,,,PENDING_SOURCE_REVIEW,
P016,P016_MC01,OBS073,TRIP evidence,Evidence_TRIP=Condition-specific binary TRIP label not explicitly assigned,,text/evidence,,,,,,,,,PENDING_SOURCE_REVIEW,
P016,P016_MC01,OBS073,TWIP evidence,Evidence_TWIP=Condition-specific binary TWIP label not explicitly assigned,,text/evidence,,,,,,,,,PENDING_SOURCE_REVIEW,
P016,P016_MC01,OBS073,phase-transformation evidence,Characterization_methods=EBSD; ECC; XRD; TEM; DIC,,mixed; preserve each reported unit,,,,,,,,,PENDING_SOURCE_REVIEW,
P016,P016_MC01,OBS073,specimen identity,,,identifier/text,,,,,,,,,PENDING_SOURCE_REVIEW,
P016,P016_MC01,OBS073,replicate identity,,,identifier/text,,,,,,,,,PENDING_SOURCE_REVIEW,
P016,P016_MC01,OBS073,condition-to-test-series linkage,Parent_Experiment_ID=P016_PE01,,identifier/text,,,,,,,,,PENDING_SOURCE_REVIEW,
P016,P016_MC02,OBS074,grain size,,,as reported (currently µm field),,,,,,,,,PENDING_SOURCE_REVIEW,
P016,P016_MC02,OBS074,SFE,,,as reported (currently mJ m^-2 field),,,,,,,,,PENDING_SOURCE_REVIEW,
P016,P016_MC02,OBS074,SFE method,,,method/text,,,,,,,,,PENDING_SOURCE_REVIEW,
P016,P016_MC02,OBS074,initial FCC fraction,,,as reported,,,,,,,,,PENDING_SOURCE_REVIEW,
P016,P016_MC02,OBS074,initial HCP fraction,,,as reported,,,,,,,,,PENDING_SOURCE_REVIEW,
P016,P016_MC02,OBS074,DeltaG / transformation driving force,,,as reported (currently J mol^-1 field),,,,,,,,,PENDING_SOURCE_REVIEW,
P016,P016_MC02,OBS074,strain rate,Strain_rate_s-1=0.001,,as reported (currently s^-1 field),,,,,,,,,PENDING_SOURCE_REVIEW,
P016,P016_MC02,OBS074,test temperature,Test_T_K=298.0,,as reported (currently K field),,,,,,,,,PENDING_SOURCE_REVIEW,
P016,P016_MC02,OBS074,processing history,Processing_route=Hot roll 50%; homogenize 1200C/2h; cold roll 67%; temper/anneal | Homogenization_T_K=1473.0 | Homogenization_time_h=2.0 | Cold_rolling_reduction_pct=67.0 | Annealing_T_K=673.0 | Annealing_time_min=10.0,,mixed; preserve each reported unit,,,,,,,,,PENDING_SOURCE_REVIEW,
P016,P016_MC02,OBS074,mechanical properties,,,mixed; preserve each reported unit,,,,,,,,,PENDING_SOURCE_REVIEW,
P016,P016_MC02,OBS074,TRIP evidence,Evidence_TRIP=Condition-specific binary TRIP label not explicitly assigned,,text/evidence,,,,,,,,,PENDING_SOURCE_REVIEW,
P016,P016_MC02,OBS074,TWIP evidence,Evidence_TWIP=Condition-specific binary TWIP label not explicitly assigned,,text/evidence,,,,,,,,,PENDING_SOURCE_REVIEW,
P016,P016_MC02,OBS074,phase-transformation evidence,Characterization_methods=EBSD; ECC; XRD; TEM; DIC,,mixed; preserve each reported unit,,,,,,,,,PENDING_SOURCE_REVIEW,
P016,P016_MC02,OBS074,specimen identity,,,identifier/text,,,,,,,,,PENDING_SOURCE_REVIEW,
P016,P016_MC02,OBS074,replicate identity,,,identifier/text,,,,,,,,,PENDING_SOURCE_REVIEW,
P016,P016_MC02,OBS074,condition-to-test-series linkage,Parent_Experiment_ID=P016_PE02,,identifier/text,,,,,,,,,PENDING_SOURCE_REVIEW,
P016,P016_MC03,OBS075,grain size,,,as reported (currently µm field),,,,,,,,,PENDING_SOURCE_REVIEW,
P016,P016_MC03,OBS075,SFE,,,as reported (currently mJ m^-2 field),,,,,,,,,PENDING_SOURCE_REVIEW,
P016,P016_MC03,OBS075,SFE method,,,method/text,,,,,,,,,PENDING_SOURCE_REVIEW,
P016,P016_MC03,OBS075,initial FCC fraction,,,as reported,,,,,,,,,PENDING_SOURCE_REVIEW,
P016,P016_MC03,OBS075,initial HCP fraction,,,as reported,,,,,,,,,PENDING_SOURCE_REVIEW,
P016,P016_MC03,OBS075,DeltaG / transformation driving force,,,as reported (currently J mol^-1 field),,,,,,,,,PENDING_SOURCE_REVIEW,
P016,P016_MC03,OBS075,strain rate,Strain_rate_s-1=0.001,,as reported (currently s^-1 field),,,,,,,,,PENDING_SOURCE_REVIEW,
P016,P016_MC03,OBS075,test temperature,Test_T_K=298.0,,as reported (currently K field),,,,,,,,,PENDING_SOURCE_REVIEW,
P016,P016_MC03,OBS075,processing history,Processing_route=Hot roll 50%; homogenize 1200C/2h; cold roll 67%; temper/anneal | Homogenization_T_K=1473.0 | Homogenization_time_h=2.0 | Cold_rolling_reduction_pct=67.0 | Annealing_T_K=923.0,,mixed; preserve each reported unit,,,,,,,,,PENDING_SOURCE_REVIEW,
P016,P016_MC03,OBS075,mechanical properties,Elongation_pct=60.0,,mixed; preserve each reported unit,,,,,,,,,PENDING_SOURCE_REVIEW,
P016,P016_MC03,OBS075,TRIP evidence,Evidence_TRIP=Sequential phase-stability response linked to grain-size hierarchy,,text/evidence,,,,,,,,,PENDING_SOURCE_REVIEW,
P016,P016_MC03,OBS075,TWIP evidence,Evidence_TWIP=Sequential twinning response linked to grain-size hierarchy,,text/evidence,,,,,,,,,PENDING_SOURCE_REVIEW,
P016,P016_MC03,OBS075,phase-transformation evidence,Characterization_methods=EBSD; ECC; XRD; TEM; DIC,,mixed; preserve each reported unit,,,,,,,,,PENDING_SOURCE_REVIEW,
P016,P016_MC03,OBS075,specimen identity,,,identifier/text,,,,,,,,,PENDING_SOURCE_REVIEW,
P016,P016_MC03,OBS075,replicate identity,,,identifier/text,,,,,,,,,PENDING_SOURCE_REVIEW,
P016,P016_MC03,OBS075,condition-to-test-series linkage,Parent_Experiment_ID=P016_PE03,,identifier/text,,,,,,,,,PENDING_SOURCE_REVIEW,
P017,P017_MC01,OBS076,grain size,,,as reported (currently µm field),,,,,,,,,PENDING_SOURCE_REVIEW,
P017,P017_MC01,OBS076,SFE,,,as reported (currently mJ m^-2 field),,,,,,,,,PENDING_SOURCE_REVIEW,
P017,P017_MC01,OBS076,SFE method,,,method/text,,,,,,,,,PENDING_SOURCE_REVIEW,
P017,P017_MC01,OBS076,initial FCC fraction,,,as reported,,,,,,,,,PENDING_SOURCE_REVIEW,
P017,P017_MC01,OBS076,initial HCP fraction,,,as reported,,,,,,,,,PENDING_SOURCE_REVIEW,
P017,P017_MC01,OBS076,DeltaG / transformation driving force,,,as reported (currently J mol^-1 field),,,,,,,,,PENDING_SOURCE_REVIEW,
P017,P017_MC01,OBS076,strain rate,Strain_rate_s-1=100000000.0,,as reported (currently s^-1 field),,,,,,,,,PENDING_SOURCE_REVIEW,
P017,P017_MC01,OBS076,test temperature,Test_T_K=300.0,,as reported (currently K field),,,,,,,,,PENDING_SOURCE_REVIEW,
P017,P017_MC01,OBS076,processing history,Processing_route=Atomic model melting + rapid quenching; uniaxial MD tension,,mixed; preserve each reported unit,,,,,,,,,PENDING_SOURCE_REVIEW,
P017,P017_MC01,OBS076,mechanical properties,,,mixed; preserve each reported unit,,,,,,,,,PENDING_SOURCE_REVIEW,
P017,P017_MC01,OBS076,TRIP evidence,Evidence_TRIP=MD reports TWIP-induced TRIP and TRIP-induced TWIP mechanisms,,text/evidence,,,,,,,,,PENDING_SOURCE_REVIEW,
P017,P017_MC01,OBS076,TWIP evidence,Evidence_TWIP=MD reports twinning and detwinning,,text/evidence,,,,,,,,,PENDING_SOURCE_REVIEW,
P017,P017_MC01,OBS076,phase-transformation evidence,Characterization_methods=Molecular dynamics; atomistic defect analysis,,mixed; preserve each reported unit,,,,,,,,,PENDING_SOURCE_REVIEW,
P017,P017_MC01,OBS076,specimen identity,,,identifier/text,,,,,,,,,PENDING_SOURCE_REVIEW,
P017,P017_MC01,OBS076,replicate identity,,,identifier/text,,,,,,,,,PENDING_SOURCE_REVIEW,
P017,P017_MC01,OBS076,condition-to-test-series linkage,Parent_Experiment_ID=P017_PE01,,identifier/text,,,,,,,,,PENDING_SOURCE_REVIEW,
P017,P017_MC02,OBS077,grain size,,,as reported (currently µm field),,,,,,,,,PENDING_SOURCE_REVIEW,
P017,P017_MC02,OBS077,SFE,,,as reported (currently mJ m^-2 field),,,,,,,,,PENDING_SOURCE_REVIEW,
P017,P017_MC02,OBS077,SFE method,,,method/text,,,,,,,,,PENDING_SOURCE_REVIEW,
P017,P017_MC02,OBS077,initial FCC fraction,,,as reported,,,,,,,,,PENDING_SOURCE_REVIEW,
P017,P017_MC02,OBS077,initial HCP fraction,,,as reported,,,,,,,,,PENDING_SOURCE_REVIEW,
P017,P017_MC02,OBS077,DeltaG / transformation driving force,,,as reported (currently J mol^-1 field),,,,,,,,,PENDING_SOURCE_REVIEW,
P017,P017_MC02,OBS077,strain rate,Strain_rate_s-1=1000000000.0,,as reported (currently s^-1 field),,,,,,,,,PENDING_SOURCE_REVIEW,
P017,P017_MC02,OBS077,test temperature,Test_T_K=300.0,,as reported (currently K field),,,,,,,,,PENDING_SOURCE_REVIEW,
P017,P017_MC02,OBS077,processing history,Processing_route=Atomic model melting + rapid quenching; uniaxial MD tension,,mixed; preserve each reported unit,,,,,,,,,PENDING_SOURCE_REVIEW,
P017,P017_MC02,OBS077,mechanical properties,,,mixed; preserve each reported unit,,,,,,,,,PENDING_SOURCE_REVIEW,
P017,P017_MC02,OBS077,TRIP evidence,Evidence_TRIP=MD reports TWIP-induced TRIP and TRIP-induced TWIP mechanisms,,text/evidence,,,,,,,,,PENDING_SOURCE_REVIEW,
P017,P017_MC02,OBS077,TWIP evidence,Evidence_TWIP=MD reports twinning and detwinning,,text/evidence,,,,,,,,,PENDING_SOURCE_REVIEW,
P017,P017_MC02,OBS077,phase-transformation evidence,Characterization_methods=Molecular dynamics; atomistic defect analysis,,mixed; preserve each reported unit,,,,,,,,,PENDING_SOURCE_REVIEW,
P017,P017_MC02,OBS077,specimen identity,,,identifier/text,,,,,,,,,PENDING_SOURCE_REVIEW,
P017,P017_MC02,OBS077,replicate identity,,,identifier/text,,,,,,,,,PENDING_SOURCE_REVIEW,
P017,P017_MC02,OBS077,condition-to-test-series linkage,Parent_Experiment_ID=P017_PE02,,identifier/text,,,,,,,,,PENDING_SOURCE_REVIEW,
P017,P017_MC03,OBS078,grain size,,,as reported (currently µm field),,,,,,,,,PENDING_SOURCE_REVIEW,
P017,P017_MC03,OBS078,SFE,,,as reported (currently mJ m^-2 field),,,,,,,,,PENDING_SOURCE_REVIEW,
P017,P017_MC03,OBS078,SFE method,,,method/text,,,,,,,,,PENDING_SOURCE_REVIEW,
P017,P017_MC03,OBS078,initial FCC fraction,,,as reported,,,,,,,,,PENDING_SOURCE_REVIEW,
P017,P017_MC03,OBS078,initial HCP fraction,,,as reported,,,,,,,,,PENDING_SOURCE_REVIEW,
P017,P017_MC03,OBS078,DeltaG / transformation driving force,,,as reported (currently J mol^-1 field),,,,,,,,,PENDING_SOURCE_REVIEW,
P017,P017_MC03,OBS078,strain rate,Strain_rate_s-1=100000000.0,,as reported (currently s^-1 field),,,,,,,,,PENDING_SOURCE_REVIEW,
P017,P017_MC03,OBS078,test temperature,Test_T_K=600.0,,as reported (currently K field),,,,,,,,,PENDING_SOURCE_REVIEW,
P017,P017_MC03,OBS078,processing history,Processing_route=Atomic model melting + rapid quenching; uniaxial MD tension,,mixed; preserve each reported unit,,,,,,,,,PENDING_SOURCE_REVIEW,
P017,P017_MC03,OBS078,mechanical properties,,,mixed; preserve each reported unit,,,,,,,,,PENDING_SOURCE_REVIEW,
P017,P017_MC03,OBS078,TRIP evidence,Evidence_TRIP=MD reports TWIP-induced TRIP and TRIP-induced TWIP mechanisms,,text/evidence,,,,,,,,,PENDING_SOURCE_REVIEW,
P017,P017_MC03,OBS078,TWIP evidence,Evidence_TWIP=MD reports twinning and detwinning,,text/evidence,,,,,,,,,PENDING_SOURCE_REVIEW,
P017,P017_MC03,OBS078,phase-transformation evidence,Characterization_methods=Molecular dynamics; atomistic defect analysis,,mixed; preserve each reported unit,,,,,,,,,PENDING_SOURCE_REVIEW,
P017,P017_MC03,OBS078,specimen identity,,,identifier/text,,,,,,,,,PENDING_SOURCE_REVIEW,
P017,P017_MC03,OBS078,replicate identity,,,identifier/text,,,,,,,,,PENDING_SOURCE_REVIEW,
P017,P017_MC03,OBS078,condition-to-test-series linkage,Parent_Experiment_ID=P017_PE03,,identifier/text,,,,,,,,,PENDING_SOURCE_REVIEW,
P017,P017_MC04,OBS079,grain size,,,as reported (currently µm field),,,,,,,,,PENDING_SOURCE_REVIEW,
P017,P017_MC04,OBS079,SFE,,,as reported (currently mJ m^-2 field),,,,,,,,,PENDING_SOURCE_REVIEW,
P017,P017_MC04,OBS079,SFE method,,,method/text,,,,,,,,,PENDING_SOURCE_REVIEW,
P017,P017_MC04,OBS079,initial FCC fraction,,,as reported,,,,,,,,,PENDING_SOURCE_REVIEW,
P017,P017_MC04,OBS079,initial HCP fraction,,,as reported,,,,,,,,,PENDING_SOURCE_REVIEW,
P017,P017_MC04,OBS079,DeltaG / transformation driving force,,,as reported (currently J mol^-1 field),,,,,,,,,PENDING_SOURCE_REVIEW,
P017,P017_MC04,OBS079,strain rate,Strain_rate_s-1=1000000000.0,,as reported (currently s^-1 field),,,,,,,,,PENDING_SOURCE_REVIEW,
P017,P017_MC04,OBS079,test temperature,Test_T_K=600.0,,as reported (currently K field),,,,,,,,,PENDING_SOURCE_REVIEW,
P017,P017_MC04,OBS079,processing history,Processing_route=Atomic model melting + rapid quenching; uniaxial MD tension,,mixed; preserve each reported unit,,,,,,,,,PENDING_SOURCE_REVIEW,
P017,P017_MC04,OBS079,mechanical properties,,,mixed; preserve each reported unit,,,,,,,,,PENDING_SOURCE_REVIEW,
P017,P017_MC04,OBS079,TRIP evidence,Evidence_TRIP=MD reports TWIP-induced TRIP and TRIP-induced TWIP mechanisms,,text/evidence,,,,,,,,,PENDING_SOURCE_REVIEW,
P017,P017_MC04,OBS079,TWIP evidence,Evidence_TWIP=MD reports twinning and detwinning,,text/evidence,,,,,,,,,PENDING_SOURCE_REVIEW,
P017,P017_MC04,OBS079,phase-transformation evidence,Characterization_methods=Molecular dynamics; atomistic defect analysis,,mixed; preserve each reported unit,,,,,,,,,PENDING_SOURCE_REVIEW,
P017,P017_MC04,OBS079,specimen identity,,,identifier/text,,,,,,,,,PENDING_SOURCE_REVIEW,
P017,P017_MC04,OBS079,replicate identity,,,identifier/text,,,,,,,,,PENDING_SOURCE_REVIEW,
P017,P017_MC04,OBS079,condition-to-test-series linkage,Parent_Experiment_ID=P017_PE04,,identifier/text,,,,,,,,,PENDING_SOURCE_REVIEW,
P017,P017_MC05,OBS080,grain size,,,as reported (currently µm field),,,,,,,,,PENDING_SOURCE_REVIEW,
P017,P017_MC05,OBS080,SFE,,,as reported (currently mJ m^-2 field),,,,,,,,,PENDING_SOURCE_REVIEW,
P017,P017_MC05,OBS080,SFE method,,,method/text,,,,,,,,,PENDING_SOURCE_REVIEW,
P017,P017_MC05,OBS080,initial FCC fraction,,,as reported,,,,,,,,,PENDING_SOURCE_REVIEW,
P017,P017_MC05,OBS080,initial HCP fraction,,,as reported,,,,,,,,,PENDING_SOURCE_REVIEW,
P017,P017_MC05,OBS080,DeltaG / transformation driving force,,,as reported (currently J mol^-1 field),,,,,,,,,PENDING_SOURCE_REVIEW,
P017,P017_MC05,OBS080,strain rate,Strain_rate_s-1=100000000.0,,as reported (currently s^-1 field),,,,,,,,,PENDING_SOURCE_REVIEW,
P017,P017_MC05,OBS080,test temperature,Test_T_K=300.0,,as reported (currently K field),,,,,,,,,PENDING_SOURCE_REVIEW,
P017,P017_MC05,OBS080,processing history,Processing_route=Atomic model melting + rapid quenching; uniaxial MD tension,,mixed; preserve each reported unit,,,,,,,,,PENDING_SOURCE_REVIEW,
P017,P017_MC05,OBS080,mechanical properties,,,mixed; preserve each reported unit,,,,,,,,,PENDING_SOURCE_REVIEW,
P017,P017_MC05,OBS080,TRIP evidence,Evidence_TRIP=MD reports TWIP-induced TRIP and TRIP-induced TWIP mechanisms,,text/evidence,,,,,,,,,PENDING_SOURCE_REVIEW,
P017,P017_MC05,OBS080,TWIP evidence,Evidence_TWIP=MD reports twinning and detwinning,,text/evidence,,,,,,,,,PENDING_SOURCE_REVIEW,
P017,P017_MC05,OBS080,phase-transformation evidence,Characterization_methods=Molecular dynamics; atomistic defect analysis,,mixed; preserve each reported unit,,,,,,,,,PENDING_SOURCE_REVIEW,
P017,P017_MC05,OBS080,specimen identity,,,identifier/text,,,,,,,,,PENDING_SOURCE_REVIEW,
P017,P017_MC05,OBS080,replicate identity,,,identifier/text,,,,,,,,,PENDING_SOURCE_REVIEW,
P017,P017_MC05,OBS080,condition-to-test-series linkage,Parent_Experiment_ID=P017_PE05,,identifier/text,,,,,,,,,PENDING_SOURCE_REVIEW,
P017,P017_MC06,OBS081,grain size,,,as reported (currently µm field),,,,,,,,,PENDING_SOURCE_REVIEW,
P017,P017_MC06,OBS081,SFE,,,as reported (currently mJ m^-2 field),,,,,,,,,PENDING_SOURCE_REVIEW,
P017,P017_MC06,OBS081,SFE method,,,method/text,,,,,,,,,PENDING_SOURCE_REVIEW,
P017,P017_MC06,OBS081,initial FCC fraction,,,as reported,,,,,,,,,PENDING_SOURCE_REVIEW,
P017,P017_MC06,OBS081,initial HCP fraction,,,as reported,,,,,,,,,PENDING_SOURCE_REVIEW,
P017,P017_MC06,OBS081,DeltaG / transformation driving force,,,as reported (currently J mol^-1 field),,,,,,,,,PENDING_SOURCE_REVIEW,
P017,P017_MC06,OBS081,strain rate,Strain_rate_s-1=1000000000.0,,as reported (currently s^-1 field),,,,,,,,,PENDING_SOURCE_REVIEW,
P017,P017_MC06,OBS081,test temperature,Test_T_K=300.0,,as reported (currently K field),,,,,,,,,PENDING_SOURCE_REVIEW,
P017,P017_MC06,OBS081,processing history,Processing_route=Atomic model melting + rapid quenching; uniaxial MD tension,,mixed; preserve each reported unit,,,,,,,,,PENDING_SOURCE_REVIEW,
P017,P017_MC06,OBS081,mechanical properties,,,mixed; preserve each reported unit,,,,,,,,,PENDING_SOURCE_REVIEW,
P017,P017_MC06,OBS081,TRIP evidence,Evidence_TRIP=MD reports TWIP-induced TRIP and TRIP-induced TWIP mechanisms,,text/evidence,,,,,,,,,PENDING_SOURCE_REVIEW,
P017,P017_MC06,OBS081,TWIP evidence,Evidence_TWIP=MD reports twinning and detwinning,,text/evidence,,,,,,,,,PENDING_SOURCE_REVIEW,
P017,P017_MC06,OBS081,phase-transformation evidence,Characterization_methods=Molecular dynamics; atomistic defect analysis,,mixed; preserve each reported unit,,,,,,,,,PENDING_SOURCE_REVIEW,
P017,P017_MC06,OBS081,specimen identity,,,identifier/text,,,,,,,,,PENDING_SOURCE_REVIEW,
P017,P017_MC06,OBS081,replicate identity,,,identifier/text,,,,,,,,,PENDING_SOURCE_REVIEW,
P017,P017_MC06,OBS081,condition-to-test-series linkage,Parent_Experiment_ID=P017_PE06,,identifier/text,,,,,,,,,PENDING_SOURCE_REVIEW,
P017,P017_MC07,OBS082,grain size,,,as reported (currently µm field),,,,,,,,,PENDING_SOURCE_REVIEW,
P017,P017_MC07,OBS082,SFE,,,as reported (currently mJ m^-2 field),,,,,,,,,PENDING_SOURCE_REVIEW,
P017,P017_MC07,OBS082,SFE method,,,method/text,,,,,,,,,PENDING_SOURCE_REVIEW,
P017,P017_MC07,OBS082,initial FCC fraction,,,as reported,,,,,,,,,PENDING_SOURCE_REVIEW,
P017,P017_MC07,OBS082,initial HCP fraction,,,as reported,,,,,,,,,PENDING_SOURCE_REVIEW,
P017,P017_MC07,OBS082,DeltaG / transformation driving force,,,as reported (currently J mol^-1 field),,,,,,,,,PENDING_SOURCE_REVIEW,
P017,P017_MC07,OBS082,strain rate,Strain_rate_s-1=100000000.0,,as reported (currently s^-1 field),,,,,,,,,PENDING_SOURCE_REVIEW,
P017,P017_MC07,OBS082,test temperature,Test_T_K=600.0,,as reported (currently K field),,,,,,,,,PENDING_SOURCE_REVIEW,
P017,P017_MC07,OBS082,processing history,Processing_route=Atomic model melting + rapid quenching; uniaxial MD tension,,mixed; preserve each reported unit,,,,,,,,,PENDING_SOURCE_REVIEW,
P017,P017_MC07,OBS082,mechanical properties,,,mixed; preserve each reported unit,,,,,,,,,PENDING_SOURCE_REVIEW,
P017,P017_MC07,OBS082,TRIP evidence,Evidence_TRIP=MD reports TWIP-induced TRIP and TRIP-induced TWIP mechanisms,,text/evidence,,,,,,,,,PENDING_SOURCE_REVIEW,
P017,P017_MC07,OBS082,TWIP evidence,Evidence_TWIP=MD reports twinning and detwinning,,text/evidence,,,,,,,,,PENDING_SOURCE_REVIEW,
P017,P017_MC07,OBS082,phase-transformation evidence,Characterization_methods=Molecular dynamics; atomistic defect analysis,,mixed; preserve each reported unit,,,,,,,,,PENDING_SOURCE_REVIEW,
P017,P017_MC07,OBS082,specimen identity,,,identifier/text,,,,,,,,,PENDING_SOURCE_REVIEW,
P017,P017_MC07,OBS082,replicate identity,,,identifier/text,,,,,,,,,PENDING_SOURCE_REVIEW,
P017,P017_MC07,OBS082,condition-to-test-series linkage,Parent_Experiment_ID=P017_PE07,,identifier/text,,,,,,,,,PENDING_SOURCE_REVIEW,
P017,P017_MC08,OBS083,grain size,,,as reported (currently µm field),,,,,,,,,PENDING_SOURCE_REVIEW,
P017,P017_MC08,OBS083,SFE,,,as reported (currently mJ m^-2 field),,,,,,,,,PENDING_SOURCE_REVIEW,
P017,P017_MC08,OBS083,SFE method,,,method/text,,,,,,,,,PENDING_SOURCE_REVIEW,
P017,P017_MC08,OBS083,initial FCC fraction,,,as reported,,,,,,,,,PENDING_SOURCE_REVIEW,
P017,P017_MC08,OBS083,initial HCP fraction,,,as reported,,,,,,,,,PENDING_SOURCE_REVIEW,
P017,P017_MC08,OBS083,DeltaG / transformation driving force,,,as reported (currently J mol^-1 field),,,,,,,,,PENDING_SOURCE_REVIEW,
P017,P017_MC08,OBS083,strain rate,Strain_rate_s-1=1000000000.0,,as reported (currently s^-1 field),,,,,,,,,PENDING_SOURCE_REVIEW,
P017,P017_MC08,OBS083,test temperature,Test_T_K=600.0,,as reported (currently K field),,,,,,,,,PENDING_SOURCE_REVIEW,
P017,P017_MC08,OBS083,processing history,Processing_route=Atomic model melting + rapid quenching; uniaxial MD tension,,mixed; preserve each reported unit,,,,,,,,,PENDING_SOURCE_REVIEW,
P017,P017_MC08,OBS083,mechanical properties,,,mixed; preserve each reported unit,,,,,,,,,PENDING_SOURCE_REVIEW,
P017,P017_MC08,OBS083,TRIP evidence,Evidence_TRIP=MD reports TWIP-induced TRIP and TRIP-induced TWIP mechanisms,,text/evidence,,,,,,,,,PENDING_SOURCE_REVIEW,
P017,P017_MC08,OBS083,TWIP evidence,Evidence_TWIP=MD reports twinning and detwinning,,text/evidence,,,,,,,,,PENDING_SOURCE_REVIEW,
P017,P017_MC08,OBS083,phase-transformation evidence,Characterization_methods=Molecular dynamics; atomistic defect analysis,,mixed; preserve each reported unit,,,,,,,,,PENDING_SOURCE_REVIEW,
P017,P017_MC08,OBS083,specimen identity,,,identifier/text,,,,,,,,,PENDING_SOURCE_REVIEW,
P017,P017_MC08,OBS083,replicate identity,,,identifier/text,,,,,,,,,PENDING_SOURCE_REVIEW,
P017,P017_MC08,OBS083,condition-to-test-series linkage,Parent_Experiment_ID=P017_PE08,,identifier/text,,,,,,,,,PENDING_SOURCE_REVIEW,
P018,P018_MC01,OBS084,grain size,Grain_size_um=0.005,,as reported (currently µm field),,,,,,,,,PENDING_SOURCE_REVIEW,
P018,P018_MC01,OBS084,SFE,,,as reported (currently mJ m^-2 field),,,,,,,,,PENDING_SOURCE_REVIEW,
P018,P018_MC01,OBS084,SFE method,,,method/text,,,,,,,,,PENDING_SOURCE_REVIEW,
P018,P018_MC01,OBS084,initial FCC fraction,,,as reported,,,,,,,,,PENDING_SOURCE_REVIEW,
P018,P018_MC01,OBS084,initial HCP fraction,,,as reported,,,,,,,,,PENDING_SOURCE_REVIEW,
P018,P018_MC01,OBS084,DeltaG / transformation driving force,,,as reported (currently J mol^-1 field),,,,,,,,,PENDING_SOURCE_REVIEW,
P018,P018_MC01,OBS084,strain rate,,,as reported (currently s^-1 field),,,,,,,,,PENDING_SOURCE_REVIEW,
P018,P018_MC01,OBS084,test temperature,,,as reported (currently K field),,,,,,,,,PENDING_SOURCE_REVIEW,
P018,P018_MC01,OBS084,processing history,Processing_route=Polycrystalline atomistic model; uniaxial MD tension,,mixed; preserve each reported unit,,,,,,,,,PENDING_SOURCE_REVIEW,
P018,P018_MC01,OBS084,mechanical properties,,,mixed; preserve each reported unit,,,,,,,,,PENDING_SOURCE_REVIEW,
P018,P018_MC01,OBS084,TRIP evidence,Evidence_TRIP=MD phase/defect evolution in TRIP–TWIP Fe-Mn-Co-Cr series,,text/evidence,,,,,,,,,PENDING_SOURCE_REVIEW,
P018,P018_MC01,OBS084,TWIP evidence,"Evidence_TWIP=MD tracks partial dislocations, stacking faults and twin evolution",,text/evidence,,,,,,,,,PENDING_SOURCE_REVIEW,
P018,P018_MC01,OBS084,phase-transformation evidence,Characterization_methods=Molecular dynamics; dislocation/defect analysis,,mixed; preserve each reported unit,,,,,,,,,PENDING_SOURCE_REVIEW,
P018,P018_MC01,OBS084,specimen identity,,,identifier/text,,,,,,,,,PENDING_SOURCE_REVIEW,
P018,P018_MC01,OBS084,replicate identity,,,identifier/text,,,,,,,,,PENDING_SOURCE_REVIEW,
P018,P018_MC01,OBS084,condition-to-test-series linkage,Parent_Experiment_ID=P018_PE01,,identifier/text,,,,,,,,,PENDING_SOURCE_REVIEW,
P018,P018_MC02,OBS085,grain size,Grain_size_um=0.01,,as reported (currently µm field),,,,,,,,,PENDING_SOURCE_REVIEW,
P018,P018_MC02,OBS085,SFE,,,as reported (currently mJ m^-2 field),,,,,,,,,PENDING_SOURCE_REVIEW,
P018,P018_MC02,OBS085,SFE method,,,method/text,,,,,,,,,PENDING_SOURCE_REVIEW,
P018,P018_MC02,OBS085,initial FCC fraction,,,as reported,,,,,,,,,PENDING_SOURCE_REVIEW,
P018,P018_MC02,OBS085,initial HCP fraction,,,as reported,,,,,,,,,PENDING_SOURCE_REVIEW,
P018,P018_MC02,OBS085,DeltaG / transformation driving force,,,as reported (currently J mol^-1 field),,,,,,,,,PENDING_SOURCE_REVIEW,
P018,P018_MC02,OBS085,strain rate,,,as reported (currently s^-1 field),,,,,,,,,PENDING_SOURCE_REVIEW,
P018,P018_MC02,OBS085,test temperature,,,as reported (currently K field),,,,,,,,,PENDING_SOURCE_REVIEW,
P018,P018_MC02,OBS085,processing history,Processing_route=Polycrystalline atomistic model; uniaxial MD tension,,mixed; preserve each reported unit,,,,,,,,,PENDING_SOURCE_REVIEW,
P018,P018_MC02,OBS085,mechanical properties,,,mixed; preserve each reported unit,,,,,,,,,PENDING_SOURCE_REVIEW,
P018,P018_MC02,OBS085,TRIP evidence,Evidence_TRIP=MD phase/defect evolution in TRIP–TWIP Fe-Mn-Co-Cr series,,text/evidence,,,,,,,,,PENDING_SOURCE_REVIEW,
P018,P018_MC02,OBS085,TWIP evidence,"Evidence_TWIP=MD tracks partial dislocations, stacking faults and twin evolution",,text/evidence,,,,,,,,,PENDING_SOURCE_REVIEW,
P018,P018_MC02,OBS085,phase-transformation evidence,Characterization_methods=Molecular dynamics; dislocation/defect analysis,,mixed; preserve each reported unit,,,,,,,,,PENDING_SOURCE_REVIEW,
P018,P018_MC02,OBS085,specimen identity,,,identifier/text,,,,,,,,,PENDING_SOURCE_REVIEW,
P018,P018_MC02,OBS085,replicate identity,,,identifier/text,,,,,,,,,PENDING_SOURCE_REVIEW,
P018,P018_MC02,OBS085,condition-to-test-series linkage,Parent_Experiment_ID=P018_PE02,,identifier/text,,,,,,,,,PENDING_SOURCE_REVIEW,
P018,P018_MC03,OBS086,grain size,Grain_size_um=0.02,,as reported (currently µm field),,,,,,,,,PENDING_SOURCE_REVIEW,
P018,P018_MC03,OBS086,SFE,,,as reported (currently mJ m^-2 field),,,,,,,,,PENDING_SOURCE_REVIEW,
P018,P018_MC03,OBS086,SFE method,,,method/text,,,,,,,,,PENDING_SOURCE_REVIEW,
P018,P018_MC03,OBS086,initial FCC fraction,,,as reported,,,,,,,,,PENDING_SOURCE_REVIEW,
P018,P018_MC03,OBS086,initial HCP fraction,,,as reported,,,,,,,,,PENDING_SOURCE_REVIEW,
P018,P018_MC03,OBS086,DeltaG / transformation driving force,,,as reported (currently J mol^-1 field),,,,,,,,,PENDING_SOURCE_REVIEW,
P018,P018_MC03,OBS086,strain rate,,,as reported (currently s^-1 field),,,,,,,,,PENDING_SOURCE_REVIEW,
P018,P018_MC03,OBS086,test temperature,,,as reported (currently K field),,,,,,,,,PENDING_SOURCE_REVIEW,
P018,P018_MC03,OBS086,processing history,Processing_route=Polycrystalline atomistic model; uniaxial MD tension,,mixed; preserve each reported unit,,,,,,,,,PENDING_SOURCE_REVIEW,
P018,P018_MC03,OBS086,mechanical properties,,,mixed; preserve each reported unit,,,,,,,,,PENDING_SOURCE_REVIEW,
P018,P018_MC03,OBS086,TRIP evidence,Evidence_TRIP=MD phase/defect evolution in TRIP–TWIP Fe-Mn-Co-Cr series,,text/evidence,,,,,,,,,PENDING_SOURCE_REVIEW,
P018,P018_MC03,OBS086,TWIP evidence,"Evidence_TWIP=MD tracks partial dislocations, stacking faults and twin evolution",,text/evidence,,,,,,,,,PENDING_SOURCE_REVIEW,
P018,P018_MC03,OBS086,phase-transformation evidence,Characterization_methods=Molecular dynamics; dislocation/defect analysis,,mixed; preserve each reported unit,,,,,,,,,PENDING_SOURCE_REVIEW,
P018,P018_MC03,OBS086,specimen identity,,,identifier/text,,,,,,,,,PENDING_SOURCE_REVIEW,
P018,P018_MC03,OBS086,replicate identity,,,identifier/text,,,,,,,,,PENDING_SOURCE_REVIEW,
P018,P018_MC03,OBS086,condition-to-test-series linkage,Parent_Experiment_ID=P018_PE03,,identifier/text,,,,,,,,,PENDING_SOURCE_REVIEW,
P018,P018_MC04,OBS087,grain size,Grain_size_um=0.005,,as reported (currently µm field),,,,,,,,,PENDING_SOURCE_REVIEW,
P018,P018_MC04,OBS087,SFE,,,as reported (currently mJ m^-2 field),,,,,,,,,PENDING_SOURCE_REVIEW,
P018,P018_MC04,OBS087,SFE method,,,method/text,,,,,,,,,PENDING_SOURCE_REVIEW,
P018,P018_MC04,OBS087,initial FCC fraction,,,as reported,,,,,,,,,PENDING_SOURCE_REVIEW,
P018,P018_MC04,OBS087,initial HCP fraction,,,as reported,,,,,,,,,PENDING_SOURCE_REVIEW,
P018,P018_MC04,OBS087,DeltaG / transformation driving force,,,as reported (currently J mol^-1 field),,,,,,,,,PENDING_SOURCE_REVIEW,
P018,P018_MC04,OBS087,strain rate,,,as reported (currently s^-1 field),,,,,,,,,PENDING_SOURCE_REVIEW,
P018,P018_MC04,OBS087,test temperature,,,as reported (currently K field),,,,,,,,,PENDING_SOURCE_REVIEW,
P018,P018_MC04,OBS087,processing history,Processing_route=Polycrystalline atomistic model; uniaxial MD tension,,mixed; preserve each reported unit,,,,,,,,,PENDING_SOURCE_REVIEW,
P018,P018_MC04,OBS087,mechanical properties,,,mixed; preserve each reported unit,,,,,,,,,PENDING_SOURCE_REVIEW,
P018,P018_MC04,OBS087,TRIP evidence,Evidence_TRIP=MD phase/defect evolution in TRIP–TWIP Fe-Mn-Co-Cr series,,text/evidence,,,,,,,,,PENDING_SOURCE_REVIEW,
P018,P018_MC04,OBS087,TWIP evidence,"Evidence_TWIP=MD tracks partial dislocations, stacking faults and twin evolution",,text/evidence,,,,,,,,,PENDING_SOURCE_REVIEW,
P018,P018_MC04,OBS087,phase-transformation evidence,Characterization_methods=Molecular dynamics; dislocation/defect analysis,,mixed; preserve each reported unit,,,,,,,,,PENDING_SOURCE_REVIEW,
P018,P018_MC04,OBS087,specimen identity,,,identifier/text,,,,,,,,,PENDING_SOURCE_REVIEW,
P018,P018_MC04,OBS087,replicate identity,,,identifier/text,,,,,,,,,PENDING_SOURCE_REVIEW,
P018,P018_MC04,OBS087,condition-to-test-series linkage,Parent_Experiment_ID=P018_PE04,,identifier/text,,,,,,,,,PENDING_SOURCE_REVIEW,
P018,P018_MC05,OBS088,grain size,Grain_size_um=0.01,,as reported (currently µm field),,,,,,,,,PENDING_SOURCE_REVIEW,
P018,P018_MC05,OBS088,SFE,,,as reported (currently mJ m^-2 field),,,,,,,,,PENDING_SOURCE_REVIEW,
P018,P018_MC05,OBS088,SFE method,,,method/text,,,,,,,,,PENDING_SOURCE_REVIEW,
P018,P018_MC05,OBS088,initial FCC fraction,,,as reported,,,,,,,,,PENDING_SOURCE_REVIEW,
P018,P018_MC05,OBS088,initial HCP fraction,,,as reported,,,,,,,,,PENDING_SOURCE_REVIEW,
P018,P018_MC05,OBS088,DeltaG / transformation driving force,,,as reported (currently J mol^-1 field),,,,,,,,,PENDING_SOURCE_REVIEW,
P018,P018_MC05,OBS088,strain rate,,,as reported (currently s^-1 field),,,,,,,,,PENDING_SOURCE_REVIEW,
P018,P018_MC05,OBS088,test temperature,,,as reported (currently K field),,,,,,,,,PENDING_SOURCE_REVIEW,
P018,P018_MC05,OBS088,processing history,Processing_route=Polycrystalline atomistic model; uniaxial MD tension,,mixed; preserve each reported unit,,,,,,,,,PENDING_SOURCE_REVIEW,
P018,P018_MC05,OBS088,mechanical properties,,,mixed; preserve each reported unit,,,,,,,,,PENDING_SOURCE_REVIEW,
P018,P018_MC05,OBS088,TRIP evidence,Evidence_TRIP=MD phase/defect evolution in TRIP–TWIP Fe-Mn-Co-Cr series,,text/evidence,,,,,,,,,PENDING_SOURCE_REVIEW,
P018,P018_MC05,OBS088,TWIP evidence,"Evidence_TWIP=MD tracks partial dislocations, stacking faults and twin evolution",,text/evidence,,,,,,,,,PENDING_SOURCE_REVIEW,
P018,P018_MC05,OBS088,phase-transformation evidence,Characterization_methods=Molecular dynamics; dislocation/defect analysis,,mixed; preserve each reported unit,,,,,,,,,PENDING_SOURCE_REVIEW,
P018,P018_MC05,OBS088,specimen identity,,,identifier/text,,,,,,,,,PENDING_SOURCE_REVIEW,
P018,P018_MC05,OBS088,replicate identity,,,identifier/text,,,,,,,,,PENDING_SOURCE_REVIEW,
P018,P018_MC05,OBS088,condition-to-test-series linkage,Parent_Experiment_ID=P018_PE05,,identifier/text,,,,,,,,,PENDING_SOURCE_REVIEW,
P018,P018_MC06,OBS089,grain size,Grain_size_um=0.02,,as reported (currently µm field),,,,,,,,,PENDING_SOURCE_REVIEW,
P018,P018_MC06,OBS089,SFE,,,as reported (currently mJ m^-2 field),,,,,,,,,PENDING_SOURCE_REVIEW,
P018,P018_MC06,OBS089,SFE method,,,method/text,,,,,,,,,PENDING_SOURCE_REVIEW,
P018,P018_MC06,OBS089,initial FCC fraction,,,as reported,,,,,,,,,PENDING_SOURCE_REVIEW,
P018,P018_MC06,OBS089,initial HCP fraction,,,as reported,,,,,,,,,PENDING_SOURCE_REVIEW,
P018,P018_MC06,OBS089,DeltaG / transformation driving force,,,as reported (currently J mol^-1 field),,,,,,,,,PENDING_SOURCE_REVIEW,
P018,P018_MC06,OBS089,strain rate,,,as reported (currently s^-1 field),,,,,,,,,PENDING_SOURCE_REVIEW,
P018,P018_MC06,OBS089,test temperature,,,as reported (currently K field),,,,,,,,,PENDING_SOURCE_REVIEW,
P018,P018_MC06,OBS089,processing history,Processing_route=Polycrystalline atomistic model; uniaxial MD tension,,mixed; preserve each reported unit,,,,,,,,,PENDING_SOURCE_REVIEW,
P018,P018_MC06,OBS089,mechanical properties,,,mixed; preserve each reported unit,,,,,,,,,PENDING_SOURCE_REVIEW,
P018,P018_MC06,OBS089,TRIP evidence,Evidence_TRIP=MD phase/defect evolution in TRIP–TWIP Fe-Mn-Co-Cr series,,text/evidence,,,,,,,,,PENDING_SOURCE_REVIEW,
P018,P018_MC06,OBS089,TWIP evidence,"Evidence_TWIP=MD tracks partial dislocations, stacking faults and twin evolution",,text/evidence,,,,,,,,,PENDING_SOURCE_REVIEW,
P018,P018_MC06,OBS089,phase-transformation evidence,Characterization_methods=Molecular dynamics; dislocation/defect analysis,,mixed; preserve each reported unit,,,,,,,,,PENDING_SOURCE_REVIEW,
P018,P018_MC06,OBS089,specimen identity,,,identifier/text,,,,,,,,,PENDING_SOURCE_REVIEW,
P018,P018_MC06,OBS089,replicate identity,,,identifier/text,,,,,,,,,PENDING_SOURCE_REVIEW,
P018,P018_MC06,OBS089,condition-to-test-series linkage,Parent_Experiment_ID=P018_PE06,,identifier/text,,,,,,,,,PENDING_SOURCE_REVIEW,
P018,P018_MC07,OBS090,grain size,Grain_size_um=0.005,,as reported (currently µm field),,,,,,,,,PENDING_SOURCE_REVIEW,
P018,P018_MC07,OBS090,SFE,,,as reported (currently mJ m^-2 field),,,,,,,,,PENDING_SOURCE_REVIEW,
P018,P018_MC07,OBS090,SFE method,,,method/text,,,,,,,,,PENDING_SOURCE_REVIEW,
P018,P018_MC07,OBS090,initial FCC fraction,,,as reported,,,,,,,,,PENDING_SOURCE_REVIEW,
P018,P018_MC07,OBS090,initial HCP fraction,,,as reported,,,,,,,,,PENDING_SOURCE_REVIEW,
P018,P018_MC07,OBS090,DeltaG / transformation driving force,,,as reported (currently J mol^-1 field),,,,,,,,,PENDING_SOURCE_REVIEW,
P018,P018_MC07,OBS090,strain rate,,,as reported (currently s^-1 field),,,,,,,,,PENDING_SOURCE_REVIEW,
P018,P018_MC07,OBS090,test temperature,,,as reported (currently K field),,,,,,,,,PENDING_SOURCE_REVIEW,
P018,P018_MC07,OBS090,processing history,Processing_route=Polycrystalline atomistic model; uniaxial MD tension,,mixed; preserve each reported unit,,,,,,,,,PENDING_SOURCE_REVIEW,
P018,P018_MC07,OBS090,mechanical properties,,,mixed; preserve each reported unit,,,,,,,,,PENDING_SOURCE_REVIEW,
P018,P018_MC07,OBS090,TRIP evidence,Evidence_TRIP=MD phase/defect evolution in TRIP–TWIP Fe-Mn-Co-Cr series,,text/evidence,,,,,,,,,PENDING_SOURCE_REVIEW,
P018,P018_MC07,OBS090,TWIP evidence,"Evidence_TWIP=MD tracks partial dislocations, stacking faults and twin evolution",,text/evidence,,,,,,,,,PENDING_SOURCE_REVIEW,
P018,P018_MC07,OBS090,phase-transformation evidence,Characterization_methods=Molecular dynamics; dislocation/defect analysis,,mixed; preserve each reported unit,,,,,,,,,PENDING_SOURCE_REVIEW,
P018,P018_MC07,OBS090,specimen identity,,,identifier/text,,,,,,,,,PENDING_SOURCE_REVIEW,
P018,P018_MC07,OBS090,replicate identity,,,identifier/text,,,,,,,,,PENDING_SOURCE_REVIEW,
P018,P018_MC07,OBS090,condition-to-test-series linkage,Parent_Experiment_ID=P018_PE07,,identifier/text,,,,,,,,,PENDING_SOURCE_REVIEW,
P018,P018_MC08,OBS091,grain size,Grain_size_um=0.01,,as reported (currently µm field),,,,,,,,,PENDING_SOURCE_REVIEW,
P018,P018_MC08,OBS091,SFE,,,as reported (currently mJ m^-2 field),,,,,,,,,PENDING_SOURCE_REVIEW,
P018,P018_MC08,OBS091,SFE method,,,method/text,,,,,,,,,PENDING_SOURCE_REVIEW,
P018,P018_MC08,OBS091,initial FCC fraction,,,as reported,,,,,,,,,PENDING_SOURCE_REVIEW,
P018,P018_MC08,OBS091,initial HCP fraction,,,as reported,,,,,,,,,PENDING_SOURCE_REVIEW,
P018,P018_MC08,OBS091,DeltaG / transformation driving force,,,as reported (currently J mol^-1 field),,,,,,,,,PENDING_SOURCE_REVIEW,
P018,P018_MC08,OBS091,strain rate,,,as reported (currently s^-1 field),,,,,,,,,PENDING_SOURCE_REVIEW,
P018,P018_MC08,OBS091,test temperature,,,as reported (currently K field),,,,,,,,,PENDING_SOURCE_REVIEW,
P018,P018_MC08,OBS091,processing history,Processing_route=Polycrystalline atomistic model; uniaxial MD tension,,mixed; preserve each reported unit,,,,,,,,,PENDING_SOURCE_REVIEW,
P018,P018_MC08,OBS091,mechanical properties,,,mixed; preserve each reported unit,,,,,,,,,PENDING_SOURCE_REVIEW,
P018,P018_MC08,OBS091,TRIP evidence,Evidence_TRIP=MD phase/defect evolution in TRIP–TWIP Fe-Mn-Co-Cr series,,text/evidence,,,,,,,,,PENDING_SOURCE_REVIEW,
P018,P018_MC08,OBS091,TWIP evidence,"Evidence_TWIP=MD tracks partial dislocations, stacking faults and twin evolution",,text/evidence,,,,,,,,,PENDING_SOURCE_REVIEW,
P018,P018_MC08,OBS091,phase-transformation evidence,Characterization_methods=Molecular dynamics; dislocation/defect analysis,,mixed; preserve each reported unit,,,,,,,,,PENDING_SOURCE_REVIEW,
P018,P018_MC08,OBS091,specimen identity,,,identifier/text,,,,,,,,,PENDING_SOURCE_REVIEW,
P018,P018_MC08,OBS091,replicate identity,,,identifier/text,,,,,,,,,PENDING_SOURCE_REVIEW,
P018,P018_MC08,OBS091,condition-to-test-series linkage,Parent_Experiment_ID=P018_PE08,,identifier/text,,,,,,,,,PENDING_SOURCE_REVIEW,
P018,P018_MC09,OBS092,grain size,Grain_size_um=0.02,,as reported (currently µm field),,,,,,,,,PENDING_SOURCE_REVIEW,
P018,P018_MC09,OBS092,SFE,,,as reported (currently mJ m^-2 field),,,,,,,,,PENDING_SOURCE_REVIEW,
P018,P018_MC09,OBS092,SFE method,,,method/text,,,,,,,,,PENDING_SOURCE_REVIEW,
P018,P018_MC09,OBS092,initial FCC fraction,,,as reported,,,,,,,,,PENDING_SOURCE_REVIEW,
P018,P018_MC09,OBS092,initial HCP fraction,,,as reported,,,,,,,,,PENDING_SOURCE_REVIEW,
P018,P018_MC09,OBS092,DeltaG / transformation driving force,,,as reported (currently J mol^-1 field),,,,,,,,,PENDING_SOURCE_REVIEW,
P018,P018_MC09,OBS092,strain rate,,,as reported (currently s^-1 field),,,,,,,,,PENDING_SOURCE_REVIEW,
P018,P018_MC09,OBS092,test temperature,,,as reported (currently K field),,,,,,,,,PENDING_SOURCE_REVIEW,
P018,P018_MC09,OBS092,processing history,Processing_route=Polycrystalline atomistic model; uniaxial MD tension,,mixed; preserve each reported unit,,,,,,,,,PENDING_SOURCE_REVIEW,
P018,P018_MC09,OBS092,mechanical properties,,,mixed; preserve each reported unit,,,,,,,,,PENDING_SOURCE_REVIEW,
P018,P018_MC09,OBS092,TRIP evidence,Evidence_TRIP=MD phase/defect evolution in TRIP–TWIP Fe-Mn-Co-Cr series,,text/evidence,,,,,,,,,PENDING_SOURCE_REVIEW,
P018,P018_MC09,OBS092,TWIP evidence,"Evidence_TWIP=MD tracks partial dislocations, stacking faults and twin evolution",,text/evidence,,,,,,,,,PENDING_SOURCE_REVIEW,
P018,P018_MC09,OBS092,phase-transformation evidence,Characterization_methods=Molecular dynamics; dislocation/defect analysis,,mixed; preserve each reported unit,,,,,,,,,PENDING_SOURCE_REVIEW,
P018,P018_MC09,OBS092,specimen identity,,,identifier/text,,,,,,,,,PENDING_SOURCE_REVIEW,
P018,P018_MC09,OBS092,replicate identity,,,identifier/text,,,,,,,,,PENDING_SOURCE_REVIEW,
P018,P018_MC09,OBS092,condition-to-test-series linkage,Parent_Experiment_ID=P018_PE09,,identifier/text,,,,,,,,,PENDING_SOURCE_REVIEW,
P018,P018_MC10,OBS093,grain size,Grain_size_um=0.005,,as reported (currently µm field),,,,,,,,,PENDING_SOURCE_REVIEW,
P018,P018_MC10,OBS093,SFE,,,as reported (currently mJ m^-2 field),,,,,,,,,PENDING_SOURCE_REVIEW,
P018,P018_MC10,OBS093,SFE method,,,method/text,,,,,,,,,PENDING_SOURCE_REVIEW,
P018,P018_MC10,OBS093,initial FCC fraction,,,as reported,,,,,,,,,PENDING_SOURCE_REVIEW,
P018,P018_MC10,OBS093,initial HCP fraction,,,as reported,,,,,,,,,PENDING_SOURCE_REVIEW,
P018,P018_MC10,OBS093,DeltaG / transformation driving force,,,as reported (currently J mol^-1 field),,,,,,,,,PENDING_SOURCE_REVIEW,
P018,P018_MC10,OBS093,strain rate,,,as reported (currently s^-1 field),,,,,,,,,PENDING_SOURCE_REVIEW,
P018,P018_MC10,OBS093,test temperature,,,as reported (currently K field),,,,,,,,,PENDING_SOURCE_REVIEW,
P018,P018_MC10,OBS093,processing history,Processing_route=Polycrystalline atomistic model; uniaxial MD tension,,mixed; preserve each reported unit,,,,,,,,,PENDING_SOURCE_REVIEW,
P018,P018_MC10,OBS093,mechanical properties,,,mixed; preserve each reported unit,,,,,,,,,PENDING_SOURCE_REVIEW,
P018,P018_MC10,OBS093,TRIP evidence,Evidence_TRIP=MD phase/defect evolution in TRIP–TWIP Fe-Mn-Co-Cr series,,text/evidence,,,,,,,,,PENDING_SOURCE_REVIEW,
P018,P018_MC10,OBS093,TWIP evidence,"Evidence_TWIP=MD tracks partial dislocations, stacking faults and twin evolution",,text/evidence,,,,,,,,,PENDING_SOURCE_REVIEW,
P018,P018_MC10,OBS093,phase-transformation evidence,Characterization_methods=Molecular dynamics; dislocation/defect analysis,,mixed; preserve each reported unit,,,,,,,,,PENDING_SOURCE_REVIEW,
P018,P018_MC10,OBS093,specimen identity,,,identifier/text,,,,,,,,,PENDING_SOURCE_REVIEW,
P018,P018_MC10,OBS093,replicate identity,,,identifier/text,,,,,,,,,PENDING_SOURCE_REVIEW,
P018,P018_MC10,OBS093,condition-to-test-series linkage,Parent_Experiment_ID=P018_PE10,,identifier/text,,,,,,,,,PENDING_SOURCE_REVIEW,
P018,P018_MC11,OBS094,grain size,Grain_size_um=0.01,,as reported (currently µm field),,,,,,,,,PENDING_SOURCE_REVIEW,
P018,P018_MC11,OBS094,SFE,,,as reported (currently mJ m^-2 field),,,,,,,,,PENDING_SOURCE_REVIEW,
P018,P018_MC11,OBS094,SFE method,,,method/text,,,,,,,,,PENDING_SOURCE_REVIEW,
P018,P018_MC11,OBS094,initial FCC fraction,,,as reported,,,,,,,,,PENDING_SOURCE_REVIEW,
P018,P018_MC11,OBS094,initial HCP fraction,,,as reported,,,,,,,,,PENDING_SOURCE_REVIEW,
P018,P018_MC11,OBS094,DeltaG / transformation driving force,,,as reported (currently J mol^-1 field),,,,,,,,,PENDING_SOURCE_REVIEW,
P018,P018_MC11,OBS094,strain rate,,,as reported (currently s^-1 field),,,,,,,,,PENDING_SOURCE_REVIEW,
P018,P018_MC11,OBS094,test temperature,,,as reported (currently K field),,,,,,,,,PENDING_SOURCE_REVIEW,
P018,P018_MC11,OBS094,processing history,Processing_route=Polycrystalline atomistic model; uniaxial MD tension,,mixed; preserve each reported unit,,,,,,,,,PENDING_SOURCE_REVIEW,
P018,P018_MC11,OBS094,mechanical properties,,,mixed; preserve each reported unit,,,,,,,,,PENDING_SOURCE_REVIEW,
P018,P018_MC11,OBS094,TRIP evidence,Evidence_TRIP=MD phase/defect evolution in TRIP–TWIP Fe-Mn-Co-Cr series,,text/evidence,,,,,,,,,PENDING_SOURCE_REVIEW,
P018,P018_MC11,OBS094,TWIP evidence,"Evidence_TWIP=MD tracks partial dislocations, stacking faults and twin evolution",,text/evidence,,,,,,,,,PENDING_SOURCE_REVIEW,
P018,P018_MC11,OBS094,phase-transformation evidence,Characterization_methods=Molecular dynamics; dislocation/defect analysis,,mixed; preserve each reported unit,,,,,,,,,PENDING_SOURCE_REVIEW,
P018,P018_MC11,OBS094,specimen identity,,,identifier/text,,,,,,,,,PENDING_SOURCE_REVIEW,
P018,P018_MC11,OBS094,replicate identity,,,identifier/text,,,,,,,,,PENDING_SOURCE_REVIEW,
P018,P018_MC11,OBS094,condition-to-test-series linkage,Parent_Experiment_ID=P018_PE11,,identifier/text,,,,,,,,,PENDING_SOURCE_REVIEW,
P018,P018_MC12,OBS095,grain size,Grain_size_um=0.02,,as reported (currently µm field),,,,,,,,,PENDING_SOURCE_REVIEW,
P018,P018_MC12,OBS095,SFE,,,as reported (currently mJ m^-2 field),,,,,,,,,PENDING_SOURCE_REVIEW,
P018,P018_MC12,OBS095,SFE method,,,method/text,,,,,,,,,PENDING_SOURCE_REVIEW,
P018,P018_MC12,OBS095,initial FCC fraction,,,as reported,,,,,,,,,PENDING_SOURCE_REVIEW,
P018,P018_MC12,OBS095,initial HCP fraction,,,as reported,,,,,,,,,PENDING_SOURCE_REVIEW,
P018,P018_MC12,OBS095,DeltaG / transformation driving force,,,as reported (currently J mol^-1 field),,,,,,,,,PENDING_SOURCE_REVIEW,
P018,P018_MC12,OBS095,strain rate,,,as reported (currently s^-1 field),,,,,,,,,PENDING_SOURCE_REVIEW,
P018,P018_MC12,OBS095,test temperature,,,as reported (currently K field),,,,,,,,,PENDING_SOURCE_REVIEW,
P018,P018_MC12,OBS095,processing history,Processing_route=Polycrystalline atomistic model; uniaxial MD tension,,mixed; preserve each reported unit,,,,,,,,,PENDING_SOURCE_REVIEW,
P018,P018_MC12,OBS095,mechanical properties,,,mixed; preserve each reported unit,,,,,,,,,PENDING_SOURCE_REVIEW,
P018,P018_MC12,OBS095,TRIP evidence,Evidence_TRIP=MD phase/defect evolution in TRIP–TWIP Fe-Mn-Co-Cr series,,text/evidence,,,,,,,,,PENDING_SOURCE_REVIEW,
P018,P018_MC12,OBS095,TWIP evidence,"Evidence_TWIP=MD tracks partial dislocations, stacking faults and twin evolution",,text/evidence,,,,,,,,,PENDING_SOURCE_REVIEW,
P018,P018_MC12,OBS095,phase-transformation evidence,Characterization_methods=Molecular dynamics; dislocation/defect analysis,,mixed; preserve each reported unit,,,,,,,,,PENDING_SOURCE_REVIEW,
P018,P018_MC12,OBS095,specimen identity,,,identifier/text,,,,,,,,,PENDING_SOURCE_REVIEW,
P018,P018_MC12,OBS095,replicate identity,,,identifier/text,,,,,,,,,PENDING_SOURCE_REVIEW,
P018,P018_MC12,OBS095,condition-to-test-series linkage,Parent_Experiment_ID=P018_PE12,,identifier/text,,,,,,,,,PENDING_SOURCE_REVIEW,
P019,P019_MC01,OBS096,grain size,,,as reported (currently µm field),,,,,,,,,PENDING_SOURCE_REVIEW,
P019,P019_MC01,OBS096,SFE,,,as reported (currently mJ m^-2 field),,,,,,,,,PENDING_SOURCE_REVIEW,
P019,P019_MC01,OBS096,SFE method,,,method/text,,,,,,,,,PENDING_SOURCE_REVIEW,
P019,P019_MC01,OBS096,initial FCC fraction,,,as reported,,,,,,,,,PENDING_SOURCE_REVIEW,
P019,P019_MC01,OBS096,initial HCP fraction,,,as reported,,,,,,,,,PENDING_SOURCE_REVIEW,
P019,P019_MC01,OBS096,DeltaG / transformation driving force,,,as reported (currently J mol^-1 field),,,,,,,,,PENDING_SOURCE_REVIEW,
P019,P019_MC01,OBS096,strain rate,,,as reported (currently s^-1 field),,,,,,,,,PENDING_SOURCE_REVIEW,
P019,P019_MC01,OBS096,test temperature,Test_T_K=77.0,,as reported (currently K field),,,,,,,,,PENDING_SOURCE_REVIEW,
P019,P019_MC01,OBS096,processing history,Processing_route=MD atomic-scale SFE/deformation calculations transferred to mesoscale crystal-plasticity model,,mixed; preserve each reported unit,,,,,,,,,PENDING_SOURCE_REVIEW,
P019,P019_MC01,OBS096,mechanical properties,,,mixed; preserve each reported unit,,,,,,,,,PENDING_SOURCE_REVIEW,
P019,P019_MC01,OBS096,TRIP evidence,Evidence_TRIP=Model evaluates stress-induced martensitic-transformation contribution to strength,,text/evidence,,,,,,,,,PENDING_SOURCE_REVIEW,
P019,P019_MC01,OBS096,TWIP evidence,Evidence_TWIP=Model evaluates twinning contribution to strength,,text/evidence,,,,,,,,,PENDING_SOURCE_REVIEW,
P019,P019_MC01,OBS096,phase-transformation evidence,Characterization_methods=Molecular dynamics; nanowire/nanocrystalline simulation; crystal plasticity; experimental curve calibration,,mixed; preserve each reported unit,,,,,,,,,PENDING_SOURCE_REVIEW,
P019,P019_MC01,OBS096,specimen identity,,,identifier/text,,,,,,,,,PENDING_SOURCE_REVIEW,
P019,P019_MC01,OBS096,replicate identity,,,identifier/text,,,,,,,,,PENDING_SOURCE_REVIEW,
P019,P019_MC01,OBS096,condition-to-test-series linkage,Parent_Experiment_ID=P019_PE01,,identifier/text,,,,,,,,,PENDING_SOURCE_REVIEW,
P019,P019_MC02,OBS097,grain size,,,as reported (currently µm field),,,,,,,,,PENDING_SOURCE_REVIEW,
P019,P019_MC02,OBS097,SFE,,,as reported (currently mJ m^-2 field),,,,,,,,,PENDING_SOURCE_REVIEW,
P019,P019_MC02,OBS097,SFE method,,,method/text,,,,,,,,,PENDING_SOURCE_REVIEW,
P019,P019_MC02,OBS097,initial FCC fraction,,,as reported,,,,,,,,,PENDING_SOURCE_REVIEW,
P019,P019_MC02,OBS097,initial HCP fraction,,,as reported,,,,,,,,,PENDING_SOURCE_REVIEW,
P019,P019_MC02,OBS097,DeltaG / transformation driving force,,,as reported (currently J mol^-1 field),,,,,,,,,PENDING_SOURCE_REVIEW,
P019,P019_MC02,OBS097,strain rate,,,as reported (currently s^-1 field),,,,,,,,,PENDING_SOURCE_REVIEW,
P019,P019_MC02,OBS097,test temperature,Test_T_K=298.0,,as reported (currently K field),,,,,,,,,PENDING_SOURCE_REVIEW,
P019,P019_MC02,OBS097,processing history,Processing_route=MD atomic-scale SFE/deformation calculations transferred to mesoscale crystal-plasticity model,,mixed; preserve each reported unit,,,,,,,,,PENDING_SOURCE_REVIEW,
P019,P019_MC02,OBS097,mechanical properties,,,mixed; preserve each reported unit,,,,,,,,,PENDING_SOURCE_REVIEW,
P019,P019_MC02,OBS097,TRIP evidence,Evidence_TRIP=Model evaluates stress-induced martensitic-transformation contribution to strength,,text/evidence,,,,,,,,,PENDING_SOURCE_REVIEW,
P019,P019_MC02,OBS097,TWIP evidence,Evidence_TWIP=Model evaluates twinning contribution to strength,,text/evidence,,,,,,,,,PENDING_SOURCE_REVIEW,
P019,P019_MC02,OBS097,phase-transformation evidence,Characterization_methods=Molecular dynamics; nanowire/nanocrystalline simulation; crystal plasticity; experimental curve calibration,,mixed; preserve each reported unit,,,,,,,,,PENDING_SOURCE_REVIEW,
P019,P019_MC02,OBS097,specimen identity,,,identifier/text,,,,,,,,,PENDING_SOURCE_REVIEW,
P019,P019_MC02,OBS097,replicate identity,,,identifier/text,,,,,,,,,PENDING_SOURCE_REVIEW,
P019,P019_MC02,OBS097,condition-to-test-series linkage,Parent_Experiment_ID=P019_PE02,,identifier/text,,,,,,,,,PENDING_SOURCE_REVIEW,
P019,P019_MC03,OBS098,grain size,,,as reported (currently µm field),,,,,,,,,PENDING_SOURCE_REVIEW,
P019,P019_MC03,OBS098,SFE,,,as reported (currently mJ m^-2 field),,,,,,,,,PENDING_SOURCE_REVIEW,
P019,P019_MC03,OBS098,SFE method,,,method/text,,,,,,,,,PENDING_SOURCE_REVIEW,
P019,P019_MC03,OBS098,initial FCC fraction,,,as reported,,,,,,,,,PENDING_SOURCE_REVIEW,
P019,P019_MC03,OBS098,initial HCP fraction,,,as reported,,,,,,,,,PENDING_SOURCE_REVIEW,
P019,P019_MC03,OBS098,DeltaG / transformation driving force,,,as reported (currently J mol^-1 field),,,,,,,,,PENDING_SOURCE_REVIEW,
P019,P019_MC03,OBS098,strain rate,,,as reported (currently s^-1 field),,,,,,,,,PENDING_SOURCE_REVIEW,
P019,P019_MC03,OBS098,test temperature,Test_T_K=573.0,,as reported (currently K field),,,,,,,,,PENDING_SOURCE_REVIEW,
P019,P019_MC03,OBS098,processing history,Processing_route=MD atomic-scale SFE/deformation calculations transferred to mesoscale crystal-plasticity model,,mixed; preserve each reported unit,,,,,,,,,PENDING_SOURCE_REVIEW,
P019,P019_MC03,OBS098,mechanical properties,,,mixed; preserve each reported unit,,,,,,,,,PENDING_SOURCE_REVIEW,
P019,P019_MC03,OBS098,TRIP evidence,Evidence_TRIP=Model evaluates stress-induced martensitic-transformation contribution to strength,,text/evidence,,,,,,,,,PENDING_SOURCE_REVIEW,
P019,P019_MC03,OBS098,TWIP evidence,Evidence_TWIP=Model evaluates twinning contribution to strength,,text/evidence,,,,,,,,,PENDING_SOURCE_REVIEW,
P019,P019_MC03,OBS098,phase-transformation evidence,Characterization_methods=Molecular dynamics; nanowire/nanocrystalline simulation; crystal plasticity; experimental curve calibration,,mixed; preserve each reported unit,,,,,,,,,PENDING_SOURCE_REVIEW,
P019,P019_MC03,OBS098,specimen identity,,,identifier/text,,,,,,,,,PENDING_SOURCE_REVIEW,
P019,P019_MC03,OBS098,replicate identity,,,identifier/text,,,,,,,,,PENDING_SOURCE_REVIEW,
P019,P019_MC03,OBS098,condition-to-test-series linkage,Parent_Experiment_ID=P019_PE03,,identifier/text,,,,,,,,,PENDING_SOURCE_REVIEW,
