Column_Name,Data_Type,Scientific_Family,Prediction_Time_Class,Proposed_Model_Role,Experimental_Domain_Eligibility,Computational_Domain_Eligibility,Known_Before_Deformation,Direct_Source_or_Derived,Method_Sensitive,Temperature_Sensitive,Phase_Sensitive,Potential_Leakage,Leakage_Reason,Missingness_Concern,Scope_Constraint,Recommended_V1_Action,Notes
Paper_ID,TEXT,IDENTITY_GROUPING,IDENTIFIER_ONLY,IDENTITY_CONTROL_ONLY,NOT_ELIGIBLE_AS_PREDICTOR,DOMAIN_CONTROL_ONLY,NOT_APPLICABLE_TO_MODEL_ROLE,SOURCE_OR_REPOSITORY_BOOKKEEPING,NO,NO,NO,YES_IF_MODELED,"The identifier can memorize paper, material, condition, or observation identity.",NOT_MODEL_APPLICABLE; experimental nonmissing 51/51,May be used to design paper-held-out splits; never an ordinary predictor.,RETAIN_FOR_IDENTITY_CONTROL_ONLY,Primary V1 family: IDENTITY_GROUPING; classification is frozen for pre-deformation prediction.
DOI,TEXT,IDENTITY_GROUPING,IDENTIFIER_ONLY,IDENTITY_CONTROL_ONLY,NOT_ELIGIBLE_AS_PREDICTOR,DOMAIN_CONTROL_ONLY,NOT_APPLICABLE_TO_MODEL_ROLE,SOURCE_OR_REPOSITORY_BOOKKEEPING,NO,NO,NO,YES_IF_MODELED,"The identifier can memorize paper, material, condition, or observation identity.",NOT_MODEL_APPLICABLE; experimental nonmissing 51/51,Source identity only; never an ordinary predictor.,RETAIN_FOR_IDENTITY_CONTROL_ONLY,Primary V1 family: IDENTITY_GROUPING; classification is frozen for pre-deformation prediction.
Paper_Title,TEXT,PROVENANCE_QC,METADATA_ONLY,AUDIT_OR_DESCRIPTIVE_ONLY,NOT_ELIGIBLE_AS_ORDINARY_PREDICTOR,NOT_DEFINED_FOR_CURRENT_P017_FEATURE_SPACE,NOT_APPLICABLE_TO_MODEL_ROLE,SOURCE_OR_REPOSITORY_BOOKKEEPING,NO,NO,NO,YES_IF_MODELED,"Metadata can encode paper, workflow, or extraction artifacts rather than material behavior.",NOT_MODEL_APPLICABLE; experimental nonmissing 41/51,"Retain for audit, descriptive context, and eligibility control; never use as an ordinary predictor.",RETAIN; BLOCK_AS_ORDINARY_PREDICTOR,Primary V1 family: PROVENANCE_QC; classification is frozen for pre-deformation prediction.
Condition_ID,TEXT,IDENTITY_GROUPING,IDENTIFIER_ONLY,IDENTITY_CONTROL_ONLY,NOT_ELIGIBLE_AS_PREDICTOR,DOMAIN_CONTROL_ONLY,NOT_APPLICABLE_TO_MODEL_ROLE,SOURCE_OR_REPOSITORY_BOOKKEEPING,NO,NO,NO,YES_IF_MODELED,"The identifier can memorize paper, material, condition, or observation identity.",NOT_MODEL_APPLICABLE; experimental nonmissing 51/51,"Use only for identity, dependence control, or grouped split design.",RETAIN_FOR_IDENTITY_CONTROL_ONLY,Primary V1 family: IDENTITY_GROUPING; classification is frozen for pre-deformation prediction.
Experiment_Group_ID,TEXT,IDENTITY_GROUPING,GROUPING_ONLY,SPLIT_AND_DEPENDENCE_CONTROL_ONLY,SPLIT_CONTROL_ONLY,DOMAIN_CONTROL_ONLY,NOT_APPLICABLE_TO_MODEL_ROLE,SOURCE_OR_REPOSITORY_BOOKKEEPING,NO,NO,NO,YES_IF_MODELED,A grouping key would expose dependence or study/material identity.,NOT_MODEL_APPLICABLE; experimental nonmissing 21/51,"Use only for identity, dependence control, or grouped split design.",RETAIN_FOR_SPLIT_DESIGN_ONLY,Primary V1 family: IDENTITY_GROUPING; classification is frozen for pre-deformation prediction.
Original_Experiment_Group_ID,TEXT,IDENTITY_GROUPING,GROUPING_ONLY,SPLIT_AND_DEPENDENCE_CONTROL_ONLY,SPLIT_CONTROL_ONLY,DOMAIN_CONTROL_ONLY,NOT_APPLICABLE_TO_MODEL_ROLE,SOURCE_OR_REPOSITORY_BOOKKEEPING,NO,NO,NO,YES_IF_MODELED,A grouping key would expose dependence or study/material identity.,NOT_MODEL_APPLICABLE; experimental nonmissing 21/51,"Use only for identity, dependence control, or grouped split design.",RETAIN_FOR_SPLIT_DESIGN_ONLY,Primary V1 family: IDENTITY_GROUPING; classification is frozen for pre-deformation prediction.
Row_Type,TEXT,PROVENANCE_QC,METADATA_ONLY,AUDIT_OR_DESCRIPTIVE_ONLY,NOT_ELIGIBLE_AS_ORDINARY_PREDICTOR,NOT_DEFINED_FOR_CURRENT_P017_FEATURE_SPACE,NOT_APPLICABLE_TO_MODEL_ROLE,SOURCE_OR_REPOSITORY_BOOKKEEPING,NO,NO,NO,YES_IF_MODELED,"Metadata can encode paper, workflow, or extraction artifacts rather than material behavior.",NOT_MODEL_APPLICABLE; experimental nonmissing 26/51,"Retain for audit, descriptive context, and eligibility control; never use as an ordinary predictor.",RETAIN; BLOCK_AS_ORDINARY_PREDICTOR,Primary V1 family: PROVENANCE_QC; classification is frozen for pre-deformation prediction.
Alloy_ID,TEXT,IDENTITY_GROUPING,IDENTIFIER_ONLY,IDENTITY_CONTROL_ONLY,NOT_ELIGIBLE_AS_PREDICTOR,DOMAIN_CONTROL_ONLY,NOT_APPLICABLE_TO_MODEL_ROLE,SOURCE_OR_REPOSITORY_BOOKKEEPING,NO,NO,NO,YES_IF_MODELED,"The identifier can memorize paper, material, condition, or observation identity.",NOT_MODEL_APPLICABLE; experimental nonmissing 42/51,"Use only for identity, dependence control, or grouped split design.",RETAIN_FOR_IDENTITY_CONTROL_ONLY,Primary V1 family: IDENTITY_GROUPING; classification is frozen for pre-deformation prediction.
Original_Composition,TEXT,CHEMISTRY,PREDICTOR_SAFE_CONDITIONAL,CONDITIONAL_CANDIDATE_PREDICTOR,CONDITIONAL_SCOPE_CONTROL_REQUIRED,NOT_DEFINED_FOR_CURRENT_P017_FEATURE_SPACE,CONDITIONAL_ON_SCOPE,DIRECT_SOURCE_FIELD,YES,NO,NO,CONDITIONAL,"Safe only after method, scope, timing, or availability control.",MODERATE; experimental nonmissing 36/51 (70.59%),May combine nominal and measured text; retain basis and never silently parse or normalize.,RETAIN_CONDITIONALLY; REQUIRE_SCOPE_GATE,Candidate status does not authorize pooling heterogeneous methods or filling missing values.
Composition_basis,TEXT,CHEMISTRY,PREDICTOR_SAFE_CONDITIONAL,CONDITIONAL_CANDIDATE_PREDICTOR,CONDITIONAL_SCOPE_CONTROL_REQUIRED,NOT_DEFINED_FOR_CURRENT_P017_FEATURE_SPACE,CONDITIONAL_ON_SCOPE,DIRECT_SOURCE_FIELD,YES,NO,NO,CONDITIONAL,"Safe only after method, scope, timing, or availability control.",LOW; experimental nonmissing 42/51 (82.35%),Interpretation control; measured and nominal chemistry must remain distinguishable.,RETAIN_CONDITIONALLY; REQUIRE_SCOPE_GATE,Candidate status does not authorize pooling heterogeneous methods or filling missing values.
Fe_at%,CONTINUOUS_NUMERIC,CHEMISTRY,PREDICTOR_SAFE_DIRECT,CANDIDATE_PREDICTOR,ELIGIBLE_SOURCE_FIELD,NOT_DEFINED_FOR_CURRENT_P017_FEATURE_SPACE,YES,DIRECT_SOURCE_FIELD,NO,NO,NO,NO,Direct source-supported information available before loading.,LOW; experimental nonmissing 42/51 (82.35%),Retain source basis and scope; measured bulk is preferred over nominal only under the documented future policy.,RETAIN_AS_UNTRANSFORMED_CANDIDATE,"No transformation, normalization, encoding, or imputation is performed in Feature Schema V1."
Mn_at%,CONTINUOUS_NUMERIC,CHEMISTRY,PREDICTOR_SAFE_DIRECT,CANDIDATE_PREDICTOR,ELIGIBLE_SOURCE_FIELD,NOT_DEFINED_FOR_CURRENT_P017_FEATURE_SPACE,YES,DIRECT_SOURCE_FIELD,NO,NO,NO,NO,Direct source-supported information available before loading.,LOW; experimental nonmissing 42/51 (82.35%),Retain source basis and scope; measured bulk is preferred over nominal only under the documented future policy.,RETAIN_AS_UNTRANSFORMED_CANDIDATE,"No transformation, normalization, encoding, or imputation is performed in Feature Schema V1."
Co_at%,CONTINUOUS_NUMERIC,CHEMISTRY,PREDICTOR_SAFE_DIRECT,CANDIDATE_PREDICTOR,ELIGIBLE_SOURCE_FIELD,NOT_DEFINED_FOR_CURRENT_P017_FEATURE_SPACE,YES,DIRECT_SOURCE_FIELD,NO,NO,NO,NO,Direct source-supported information available before loading.,MODERATE; experimental nonmissing 40/51 (78.43%),Retain source basis and scope; measured bulk is preferred over nominal only under the documented future policy.,RETAIN_AS_UNTRANSFORMED_CANDIDATE,"No transformation, normalization, encoding, or imputation is performed in Feature Schema V1."
Cr_at%,CONTINUOUS_NUMERIC,CHEMISTRY,PREDICTOR_SAFE_DIRECT,CANDIDATE_PREDICTOR,ELIGIBLE_SOURCE_FIELD,NOT_DEFINED_FOR_CURRENT_P017_FEATURE_SPACE,YES,DIRECT_SOURCE_FIELD,NO,NO,NO,NO,Direct source-supported information available before loading.,LOW; experimental nonmissing 42/51 (82.35%),Retain source basis and scope; measured bulk is preferred over nominal only under the documented future policy.,RETAIN_AS_UNTRANSFORMED_CANDIDATE,"No transformation, normalization, encoding, or imputation is performed in Feature Schema V1."
Ni_at%,CONTINUOUS_NUMERIC,CHEMISTRY,PREDICTOR_SAFE_DIRECT,CANDIDATE_PREDICTOR,ELIGIBLE_SOURCE_FIELD,NOT_DEFINED_FOR_CURRENT_P017_FEATURE_SPACE,YES,DIRECT_SOURCE_FIELD,NO,NO,NO,NO,Direct source-supported information available before loading.,HIGH; experimental nonmissing 18/51 (35.29%),Retain source basis and scope; measured bulk is preferred over nominal only under the documented future policy.,RETAIN_AS_UNTRANSFORMED_CANDIDATE,"No transformation, normalization, encoding, or imputation is performed in Feature Schema V1."
N_at%,CONTINUOUS_NUMERIC,CHEMISTRY,PREDICTOR_SAFE_DIRECT,CANDIDATE_PREDICTOR,ELIGIBLE_SOURCE_FIELD,NOT_DEFINED_FOR_CURRENT_P017_FEATURE_SPACE,YES,DIRECT_SOURCE_FIELD,NO,NO,NO,NO,Direct source-supported information available before loading.,SEVERE; experimental nonmissing 1/51 (1.96%),Retain source basis and scope; measured bulk is preferred over nominal only under the documented future policy.,RETAIN_AS_UNTRANSFORMED_CANDIDATE,"No transformation, normalization, encoding, or imputation is performed in Feature Schema V1."
C_at%,CONTINUOUS_NUMERIC,CHEMISTRY,PREDICTOR_SAFE_DIRECT,CANDIDATE_PREDICTOR,ELIGIBLE_SOURCE_FIELD,NOT_DEFINED_FOR_CURRENT_P017_FEATURE_SPACE,YES,DIRECT_SOURCE_FIELD,NO,NO,NO,NO,Direct source-supported information available before loading.,SEVERE; experimental nonmissing 9/51 (17.65%),Retain source basis and scope; measured bulk is preferred over nominal only under the documented future policy.,RETAIN_AS_UNTRANSFORMED_CANDIDATE,"No transformation, normalization, encoding, or imputation is performed in Feature Schema V1."
Mo_at%,CONTINUOUS_NUMERIC,CHEMISTRY,PREDICTOR_SAFE_DIRECT,CANDIDATE_PREDICTOR,ELIGIBLE_SOURCE_FIELD,NOT_DEFINED_FOR_CURRENT_P017_FEATURE_SPACE,YES,DIRECT_SOURCE_FIELD,NO,NO,NO,NO,Direct source-supported information available before loading.,SEVERE; experimental nonmissing 7/51 (13.73%),Retain source basis and scope; measured bulk is preferred over nominal only under the documented future policy.,RETAIN_AS_UNTRANSFORMED_CANDIDATE,"No transformation, normalization, encoding, or imputation is performed in Feature Schema V1."
Si_at%,CONTINUOUS_NUMERIC,CHEMISTRY,PREDICTOR_SAFE_DIRECT,CANDIDATE_PREDICTOR,ELIGIBLE_SOURCE_FIELD,NOT_DEFINED_FOR_CURRENT_P017_FEATURE_SPACE,YES,DIRECT_SOURCE_FIELD,NO,NO,NO,NO,Direct source-supported information available before loading.,SEVERE; experimental nonmissing 3/51 (5.88%),Retain source basis and scope; measured bulk is preferred over nominal only under the documented future policy.,RETAIN_AS_UNTRANSFORMED_CANDIDATE,"No transformation, normalization, encoding, or imputation is performed in Feature Schema V1."
Ti_at%,CONTINUOUS_NUMERIC,CHEMISTRY,PREDICTOR_SAFE_DIRECT,CANDIDATE_PREDICTOR,ELIGIBLE_SOURCE_FIELD,NOT_DEFINED_FOR_CURRENT_P017_FEATURE_SPACE,YES,DIRECT_SOURCE_FIELD,NO,NO,NO,NO,Direct source-supported information available before loading.,SEVERE; experimental nonmissing 5/51 (9.80%),Retain source basis and scope; measured bulk is preferred over nominal only under the documented future policy.,RETAIN_AS_UNTRANSFORMED_CANDIDATE,"No transformation, normalization, encoding, or imputation is performed in Feature Schema V1."
V_at%,CONTINUOUS_NUMERIC,CHEMISTRY,PREDICTOR_SAFE_DIRECT,CANDIDATE_PREDICTOR,ELIGIBLE_SOURCE_FIELD,NOT_DEFINED_FOR_CURRENT_P017_FEATURE_SPACE,YES,DIRECT_SOURCE_FIELD,NO,NO,NO,NO,Direct source-supported information available before loading.,SEVERE; experimental nonmissing 5/51 (9.80%),Retain source basis and scope; measured bulk is preferred over nominal only under the documented future policy.,RETAIN_AS_UNTRANSFORMED_CANDIDATE,"No transformation, normalization, encoding, or imputation is performed in Feature Schema V1."
Other_elements,TEXT,CHEMISTRY,PREDICTOR_SAFE_CONDITIONAL,CONDITIONAL_CANDIDATE_PREDICTOR,CONDITIONAL_SCOPE_CONTROL_REQUIRED,NOT_DEFINED_FOR_CURRENT_P017_FEATURE_SPACE,CONDITIONAL_ON_SCOPE,DIRECT_SOURCE_FIELD,NO,NO,NO,CONDITIONAL,"Safe only after method, scope, timing, or availability control.",NO_EXPERIMENTAL_COVERAGE; experimental nonmissing 0/51 (0.00%),Retain source basis and scope; measured bulk is preferred over nominal only under the documented future policy.,RETAIN_CONDITIONALLY; REQUIRE_SCOPE_GATE,Candidate status does not authorize pooling heterogeneous methods or filling missing values.
Processing_route,TEXT,PROCESSING,PREDICTOR_SAFE_DIRECT,CANDIDATE_PREDICTOR,ELIGIBLE_SOURCE_FIELD,NOT_DEFINED_FOR_CURRENT_P017_FEATURE_SPACE,YES,DIRECT_SOURCE_FIELD,NO,NO,NO,NO,Direct source-supported information available before loading.,LOW; experimental nonmissing 42/51 (82.35%),Must describe processing completed before the tensile test; route text is not encoded in this task.,RETAIN_AS_UNTRANSFORMED_CANDIDATE,"No transformation, normalization, encoding, or imputation is performed in Feature Schema V1."
Cast_method,TEXT,PROCESSING,PREDICTOR_SAFE_DIRECT,CANDIDATE_PREDICTOR,ELIGIBLE_SOURCE_FIELD,NOT_DEFINED_FOR_CURRENT_P017_FEATURE_SPACE,YES,DIRECT_SOURCE_FIELD,NO,NO,NO,NO,Direct source-supported information available before loading.,MODERATE; experimental nonmissing 30/51 (58.82%),Must describe processing completed before the tensile test; route text is not encoded in this task.,RETAIN_AS_UNTRANSFORMED_CANDIDATE,"No transformation, normalization, encoding, or imputation is performed in Feature Schema V1."
Homogenization_T_K,CONTINUOUS_NUMERIC,PROCESSING,PREDICTOR_SAFE_DIRECT,CANDIDATE_PREDICTOR,ELIGIBLE_SOURCE_FIELD,NOT_DEFINED_FOR_CURRENT_P017_FEATURE_SPACE,YES,DIRECT_SOURCE_FIELD,NO,NO,NO,NO,Direct source-supported information available before loading.,MODERATE; experimental nonmissing 32/51 (62.75%),Must describe processing completed before the tensile test; route text is not encoded in this task.,RETAIN_AS_UNTRANSFORMED_CANDIDATE,"No transformation, normalization, encoding, or imputation is performed in Feature Schema V1."
Homogenization_time_h,INTEGER_NUMERIC,PROCESSING,PREDICTOR_SAFE_DIRECT,CANDIDATE_PREDICTOR,ELIGIBLE_SOURCE_FIELD,NOT_DEFINED_FOR_CURRENT_P017_FEATURE_SPACE,YES,DIRECT_SOURCE_FIELD,NO,NO,NO,NO,Direct source-supported information available before loading.,MODERATE; experimental nonmissing 32/51 (62.75%),Must describe processing completed before the tensile test; route text is not encoded in this task.,RETAIN_AS_UNTRANSFORMED_CANDIDATE,"No transformation, normalization, encoding, or imputation is performed in Feature Schema V1."
Hot_rolling_T_K,CONTINUOUS_NUMERIC,PROCESSING,PREDICTOR_SAFE_DIRECT,CANDIDATE_PREDICTOR,ELIGIBLE_SOURCE_FIELD,NOT_DEFINED_FOR_CURRENT_P017_FEATURE_SPACE,YES,DIRECT_SOURCE_FIELD,NO,NO,NO,NO,Direct source-supported information available before loading.,HIGH; experimental nonmissing 22/51 (43.14%),Must describe processing completed before the tensile test; route text is not encoded in this task.,RETAIN_AS_UNTRANSFORMED_CANDIDATE,"No transformation, normalization, encoding, or imputation is performed in Feature Schema V1."
Hot_rolling_reduction_pct,INTEGER_NUMERIC,PROCESSING,PREDICTOR_SAFE_DIRECT,CANDIDATE_PREDICTOR,ELIGIBLE_SOURCE_FIELD,NOT_DEFINED_FOR_CURRENT_P017_FEATURE_SPACE,YES,DIRECT_SOURCE_FIELD,NO,NO,NO,NO,Direct source-supported information available before loading.,HIGH; experimental nonmissing 22/51 (43.14%),Must describe processing completed before the tensile test; route text is not encoded in this task.,RETAIN_AS_UNTRANSFORMED_CANDIDATE,"No transformation, normalization, encoding, or imputation is performed in Feature Schema V1."
Cold_rolling_reduction_pct,INTEGER_NUMERIC,PROCESSING,PREDICTOR_SAFE_DIRECT,CANDIDATE_PREDICTOR,ELIGIBLE_SOURCE_FIELD,NOT_DEFINED_FOR_CURRENT_P017_FEATURE_SPACE,YES,SOURCE_REPORTED_OR_EXPLICIT_SOURCE_DERIVATION,NO,NO,NO,NO,Direct source-supported information available before loading.,MODERATE; experimental nonmissing 35/51 (68.63%),Must describe processing completed before the tensile test; route text is not encoded in this task.,RETAIN_AS_UNTRANSFORMED_CANDIDATE,"No transformation, normalization, encoding, or imputation is performed in Feature Schema V1."
Annealing_T_K,CONTINUOUS_NUMERIC,PROCESSING,PREDICTOR_SAFE_DIRECT,CANDIDATE_PREDICTOR,ELIGIBLE_SOURCE_FIELD,NOT_DEFINED_FOR_CURRENT_P017_FEATURE_SPACE,YES,DIRECT_SOURCE_FIELD,NO,NO,NO,NO,Direct source-supported information available before loading.,LOW; experimental nonmissing 41/51 (80.39%),Must describe processing completed before the tensile test; route text is not encoded in this task.,RETAIN_AS_UNTRANSFORMED_CANDIDATE,"No transformation, normalization, encoding, or imputation is performed in Feature Schema V1."
Annealing_time_min,INTEGER_NUMERIC,PROCESSING,PREDICTOR_SAFE_DIRECT,CANDIDATE_PREDICTOR,ELIGIBLE_SOURCE_FIELD,NOT_DEFINED_FOR_CURRENT_P017_FEATURE_SPACE,YES,DIRECT_SOURCE_FIELD,NO,NO,NO,NO,Direct source-supported information available before loading.,MODERATE; experimental nonmissing 37/51 (72.55%),Must describe processing completed before the tensile test; route text is not encoded in this task.,RETAIN_AS_UNTRANSFORMED_CANDIDATE,"No transformation, normalization, encoding, or imputation is performed in Feature Schema V1."
Cooling_route,TEXT,PROCESSING,PREDICTOR_SAFE_DIRECT,CANDIDATE_PREDICTOR,ELIGIBLE_SOURCE_FIELD,NOT_DEFINED_FOR_CURRENT_P017_FEATURE_SPACE,YES,DIRECT_SOURCE_FIELD,NO,NO,NO,NO,Direct source-supported information available before loading.,MODERATE; experimental nonmissing 27/51 (52.94%),Must describe processing completed before the tensile test; route text is not encoded in this task.,RETAIN_AS_UNTRANSFORMED_CANDIDATE,"No transformation, normalization, encoding, or imputation is performed in Feature Schema V1."
Test_T_K,INTEGER_NUMERIC,TEST_CONDITIONS,PREDICTOR_SAFE_DIRECT,CANDIDATE_PREDICTOR,ELIGIBLE_SOURCE_FIELD,NOT_DEFINED_FOR_CURRENT_P017_FEATURE_SPACE,YES,DIRECT_SOURCE_FIELD,NO,YES,NO,NO,Direct source-supported information available before loading.,MODERATE; experimental nonmissing 33/51 (64.71%),Must be a planned condition known before loading; no missing temperature/rate is inferred.,RETAIN_AS_UNTRANSFORMED_CANDIDATE,"No transformation, normalization, encoding, or imputation is performed in Feature Schema V1."
Strain_rate_s-1,CONTINUOUS_NUMERIC,TEST_CONDITIONS,PREDICTOR_SAFE_DIRECT,CANDIDATE_PREDICTOR,ELIGIBLE_SOURCE_FIELD,NOT_DEFINED_FOR_CURRENT_P017_FEATURE_SPACE,YES,DIRECT_SOURCE_FIELD,NO,NO,NO,NO,Direct source-supported information available before loading.,LOW; experimental nonmissing 47/51 (92.16%),Must be a planned condition known before loading; no missing temperature/rate is inferred.,RETAIN_AS_UNTRANSFORMED_CANDIDATE,"No transformation, normalization, encoding, or imputation is performed in Feature Schema V1."
Gauge_length_mm,INTEGER_NUMERIC,TEST_CONDITIONS,METADATA_ONLY,AUDIT_OR_DESCRIPTIVE_ONLY,NOT_ELIGIBLE_AS_ORDINARY_PREDICTOR,NOT_DEFINED_FOR_CURRENT_P017_FEATURE_SPACE,NOT_APPLICABLE_TO_MODEL_ROLE,SOURCE_OR_REPOSITORY_BOOKKEEPING,NO,NO,NO,YES_IF_MODELED,"Metadata can encode paper, workflow, or extraction artifacts rather than material behavior.",NOT_MODEL_APPLICABLE; experimental nonmissing 34/51,"Retain for audit, descriptive context, and eligibility control; never use as an ordinary predictor.",RETAIN; BLOCK_AS_ORDINARY_PREDICTOR,Primary V1 family: TEST_CONDITIONS; classification is frozen for pre-deformation prediction.
Gauge_width_mm,CONTINUOUS_NUMERIC,TEST_CONDITIONS,METADATA_ONLY,AUDIT_OR_DESCRIPTIVE_ONLY,NOT_ELIGIBLE_AS_ORDINARY_PREDICTOR,NOT_DEFINED_FOR_CURRENT_P017_FEATURE_SPACE,NOT_APPLICABLE_TO_MODEL_ROLE,SOURCE_OR_REPOSITORY_BOOKKEEPING,NO,NO,NO,YES_IF_MODELED,"Metadata can encode paper, workflow, or extraction artifacts rather than material behavior.",NOT_MODEL_APPLICABLE; experimental nonmissing 27/51,"Retain for audit, descriptive context, and eligibility control; never use as an ordinary predictor.",RETAIN; BLOCK_AS_ORDINARY_PREDICTOR,Primary V1 family: TEST_CONDITIONS; classification is frozen for pre-deformation prediction.
Specimen_thickness_mm,CONTINUOUS_NUMERIC,TEST_CONDITIONS,METADATA_ONLY,AUDIT_OR_DESCRIPTIVE_ONLY,NOT_ELIGIBLE_AS_ORDINARY_PREDICTOR,NOT_DEFINED_FOR_CURRENT_P017_FEATURE_SPACE,NOT_APPLICABLE_TO_MODEL_ROLE,SOURCE_OR_REPOSITORY_BOOKKEEPING,NO,NO,NO,YES_IF_MODELED,"Metadata can encode paper, workflow, or extraction artifacts rather than material behavior.",NOT_MODEL_APPLICABLE; experimental nonmissing 27/51,"Retain for audit, descriptive context, and eligibility control; never use as an ordinary predictor.",RETAIN; BLOCK_AS_ORDINARY_PREDICTOR,Primary V1 family: TEST_CONDITIONS; classification is frozen for pre-deformation prediction.
True_strain,CONTINUOUS_NUMERIC,POST_DEFORMATION_MICROSTRUCTURE,POST_TEST_LEAKAGE,PERMANENTLY_BLOCK_FROM_PRIMARY_PREDICTORS,NOT_ELIGIBLE_LEAKAGE,NOT_DEFINED_FOR_CURRENT_P017_FEATURE_SPACE,NO,DIRECT_SOURCE_FIELD,NO,NO,YES,YES,The field is observed only after tensile deformation starts or after fracture.,NOT_MODEL_APPLICABLE; experimental nonmissing 0/51,Permanently excluded from primary pre-deformation TRIP/TWIP predictor matrices.,PERMANENTLY_BLOCK_FROM_PRIMARY_PREDICTORS,Primary V1 family: POST_DEFORMATION_MICROSTRUCTURE; classification is frozen for pre-deformation prediction.
Local_strain,CONTINUOUS_NUMERIC,POST_DEFORMATION_MICROSTRUCTURE,POST_TEST_LEAKAGE,PERMANENTLY_BLOCK_FROM_PRIMARY_PREDICTORS,NOT_ELIGIBLE_LEAKAGE,NOT_DEFINED_FOR_CURRENT_P017_FEATURE_SPACE,NO,DIRECT_SOURCE_FIELD,NO,NO,YES,YES,The field is observed only after tensile deformation starts or after fracture.,NOT_MODEL_APPLICABLE; experimental nonmissing 0/51,Permanently excluded from primary pre-deformation TRIP/TWIP predictor matrices.,PERMANENTLY_BLOCK_FROM_PRIMARY_PREDICTORS,Primary V1 family: POST_DEFORMATION_MICROSTRUCTURE; classification is frozen for pre-deformation prediction.
Deformation_stage,TEXT,POST_DEFORMATION_MICROSTRUCTURE,POST_TEST_LEAKAGE,PERMANENTLY_BLOCK_FROM_PRIMARY_PREDICTORS,NOT_ELIGIBLE_LEAKAGE,NOT_DEFINED_FOR_CURRENT_P017_FEATURE_SPACE,NO,DIRECT_SOURCE_FIELD,NO,NO,YES,YES,The field is observed only after tensile deformation starts or after fracture.,NOT_MODEL_APPLICABLE; experimental nonmissing 21/51,Permanently excluded from primary pre-deformation TRIP/TWIP predictor matrices.,PERMANENTLY_BLOCK_FROM_PRIMARY_PREDICTORS,Primary V1 family: POST_DEFORMATION_MICROSTRUCTURE; classification is frozen for pre-deformation prediction.
Grain_size_um,CONTINUOUS_NUMERIC,INITIAL_MICROSTRUCTURE,PREDICTOR_SAFE_DIRECT,CANDIDATE_PREDICTOR,ELIGIBLE_SOURCE_FIELD,NOT_DEFINED_FOR_CURRENT_P017_FEATURE_SPACE,YES,DIRECT_SOURCE_FIELD,YES,NO,YES,NO,Direct source-supported information available before loading.,MODERATE; experimental nonmissing 34/51 (66.67%),"Must be explicitly pre-test; preserve method, phase, and initial-versus-deformed scope.",RETAIN_AS_UNTRANSFORMED_CANDIDATE,"No transformation, normalization, encoding, or imputation is performed in Feature Schema V1."
Grain_size_SD_um,CONTINUOUS_NUMERIC,INITIAL_MICROSTRUCTURE,PREDICTOR_SAFE_CONDITIONAL,CONDITIONAL_CANDIDATE_PREDICTOR,CONDITIONAL_SCOPE_CONTROL_REQUIRED,NOT_DEFINED_FOR_CURRENT_P017_FEATURE_SPACE,CONDITIONAL_ON_SCOPE,DIRECT_SOURCE_FIELD,YES,NO,YES,CONDITIONAL,"Safe only after method, scope, timing, or availability control.",SEVERE; experimental nonmissing 9/51 (17.65%),"Must be explicitly pre-test; preserve method, phase, and initial-versus-deformed scope.",RETAIN_CONDITIONALLY; REQUIRE_SCOPE_GATE,Candidate status does not authorize pooling heterogeneous methods or filling missing values.
Initial_FCC_fraction,CONTINUOUS_NUMERIC,INITIAL_MICROSTRUCTURE,PREDICTOR_SAFE_DIRECT,CANDIDATE_PREDICTOR,ELIGIBLE_SOURCE_FIELD,NOT_DEFINED_FOR_CURRENT_P017_FEATURE_SPACE,YES,DIRECT_SOURCE_FIELD,YES,YES,YES,NO,Direct source-supported information available before loading.,MODERATE; experimental nonmissing 27/51 (52.94%),"Must be explicitly pre-test; preserve method, phase, and initial-versus-deformed scope.",RETAIN_AS_UNTRANSFORMED_CANDIDATE,"No transformation, normalization, encoding, or imputation is performed in Feature Schema V1."
Initial_HCP_fraction,CONTINUOUS_NUMERIC,INITIAL_MICROSTRUCTURE,PREDICTOR_SAFE_DIRECT,CANDIDATE_PREDICTOR,ELIGIBLE_SOURCE_FIELD,NOT_DEFINED_FOR_CURRENT_P017_FEATURE_SPACE,YES,DIRECT_SOURCE_FIELD,YES,YES,YES,NO,Direct source-supported information available before loading.,MODERATE; experimental nonmissing 31/51 (60.78%),Pre-existing/thermal/processing HCP only; never establish tensile TRIP.,RETAIN_AS_UNTRANSFORMED_CANDIDATE,"No transformation, normalization, encoding, or imputation is performed in Feature Schema V1."
Initial_twin_boundary_status,TEXT,INITIAL_MICROSTRUCTURE,PREDICTOR_SAFE_CONDITIONAL,CONDITIONAL_CANDIDATE_PREDICTOR,CONDITIONAL_SCOPE_CONTROL_REQUIRED,NOT_DEFINED_FOR_CURRENT_P017_FEATURE_SPACE,CONDITIONAL_ON_SCOPE,DIRECT_SOURCE_FIELD,YES,NO,YES,CONDITIONAL,"Safe only after method, scope, timing, or availability control.",MODERATE; experimental nonmissing 26/51 (50.98%),Initial/annealing twins may be predictors but never establish deformation TWIP.,RETAIN_CONDITIONALLY; REQUIRE_SCOPE_GATE,Candidate status does not authorize pooling heterogeneous methods or filling missing values.
SFE_mJ_m2,CONTINUOUS_NUMERIC,PHYSICS_THERMODYNAMICS,PREDICTOR_SAFE_CONDITIONAL,CONDITIONAL_CANDIDATE_PREDICTOR,CONDITIONAL_METHOD_GATED_OR_FUTURE_ABLATION_ONLY,NOT_DEFINED_FOR_CURRENT_P017_FEATURE_SPACE,CONDITIONAL_ON_SCOPE,SOURCE_REPORTED_METHOD_SPECIFIC_VALUE,YES,YES,YES,CONDITIONAL,"Safe only after method, scope, timing, or availability control.",HIGH; experimental nonmissing 21/51 (41.18%),"Require row-level method, structure, temperature, paper/current-reference, and experimental/computational scope.",RETAIN_CONDITIONALLY; REQUIRE_SCOPE_GATE,"Mixed current source field; experimental, thermodynamic, DFT/MD, assumed, and reference values are not interchangeable."
SFE_error_mJ_m2,INTEGER_NUMERIC,PHYSICS_THERMODYNAMICS,PREDICTOR_SAFE_CONDITIONAL,CONDITIONAL_CANDIDATE_PREDICTOR,CONDITIONAL_SCOPE_CONTROL_REQUIRED,NOT_DEFINED_FOR_CURRENT_P017_FEATURE_SPACE,CONDITIONAL_ON_SCOPE,DIRECT_SOURCE_FIELD,YES,YES,YES,CONDITIONAL,"Safe only after method, scope, timing, or availability control.",NO_EXPERIMENTAL_COVERAGE; experimental nonmissing 0/51 (0.00%),"Require method, phase/structure, temperature, and source-domain matching; no cross-paper transfer.",RETAIN_CONDITIONALLY; REQUIRE_SCOPE_GATE,Candidate status does not authorize pooling heterogeneous methods or filling missing values.
SFE_method,TEXT,PHYSICS_THERMODYNAMICS,PROVENANCE_ONLY,AUDIT_OR_ELIGIBILITY_CONTROL_ONLY,AUDIT_CONTROL_ONLY,DOMAIN_CONTROL_ONLY,NOT_APPLICABLE_TO_MODEL_ROLE,SOURCE_OR_REPOSITORY_BOOKKEEPING,YES,YES,YES,YES_IF_MODELED,"Source, method, review, or QC bookkeeping can encode study and label-acquisition artifacts.",NOT_MODEL_APPLICABLE; experimental nonmissing 24/51,"Retain for audit, descriptive context, and eligibility control; never use as an ordinary predictor.",RETAIN_FOR_AUDIT_OR_ELIGIBILITY_CONTROL_ONLY,Primary V1 family: PHYSICS_THERMODYNAMICS; classification is frozen for pre-deformation prediction.
DeltaG_FCC_HCP_J_mol,INTEGER_NUMERIC,PHYSICS_THERMODYNAMICS,PREDICTOR_SAFE_CONDITIONAL,CONDITIONAL_CANDIDATE_PREDICTOR,CONDITIONAL_SCOPE_CONTROL_REQUIRED,NOT_DEFINED_FOR_CURRENT_P017_FEATURE_SPACE,CONDITIONAL_ON_SCOPE,SOURCE_REPORTED_METHOD_SPECIFIC_VALUE,YES,YES,YES,CONDITIONAL,"Safe only after method, scope, timing, or availability control.",SEVERE; experimental nonmissing 9/51 (17.65%),"Require alloy, paper, calculation method, and temperature match; never transfer across papers/alloys.",RETAIN_CONDITIONALLY; REQUIRE_SCOPE_GATE,Candidate status does not authorize pooling heterogeneous methods or filling missing values.
DeltaG_method,TEXT,PHYSICS_THERMODYNAMICS,PROVENANCE_ONLY,AUDIT_OR_ELIGIBILITY_CONTROL_ONLY,AUDIT_CONTROL_ONLY,DOMAIN_CONTROL_ONLY,NOT_APPLICABLE_TO_MODEL_ROLE,SOURCE_OR_REPOSITORY_BOOKKEEPING,YES,YES,YES,YES_IF_MODELED,"Source, method, review, or QC bookkeeping can encode study and label-acquisition artifacts.",NOT_MODEL_APPLICABLE; experimental nonmissing 9/51,"Retain for audit, descriptive context, and eligibility control; never use as an ordinary predictor.",RETAIN_FOR_AUDIT_OR_ELIGIBILITY_CONTROL_ONLY,Primary V1 family: PHYSICS_THERMODYNAMICS; classification is frozen for pre-deformation prediction.
Elastic_modulus_GPa,CONTINUOUS_NUMERIC,PHYSICS_THERMODYNAMICS,PREDICTOR_SAFE_CONDITIONAL,CONDITIONAL_CANDIDATE_PREDICTOR,CONDITIONAL_SCOPE_CONTROL_REQUIRED,NOT_DEFINED_FOR_CURRENT_P017_FEATURE_SPACE,CONDITIONAL_ON_SCOPE,DIRECT_SOURCE_FIELD,YES,NO,YES,CONDITIONAL,"Safe only after method, scope, timing, or availability control.",SEVERE; experimental nonmissing 4/51 (7.84%),"Require method, phase/structure, temperature, and source-domain matching; no cross-paper transfer.",RETAIN_CONDITIONALLY; REQUIRE_SCOPE_GATE,Candidate status does not authorize pooling heterogeneous methods or filling missing values.
Shear_modulus_GPa,CONTINUOUS_NUMERIC,PHYSICS_THERMODYNAMICS,PREDICTOR_SAFE_CONDITIONAL,CONDITIONAL_CANDIDATE_PREDICTOR,CONDITIONAL_SCOPE_CONTROL_REQUIRED,NOT_DEFINED_FOR_CURRENT_P017_FEATURE_SPACE,CONDITIONAL_ON_SCOPE,DIRECT_SOURCE_FIELD,YES,NO,YES,CONDITIONAL,"Safe only after method, scope, timing, or availability control.",SEVERE; experimental nonmissing 3/51 (5.88%),"Require method, phase/structure, temperature, and source-domain matching; no cross-paper transfer.",RETAIN_CONDITIONALLY; REQUIRE_SCOPE_GATE,Candidate status does not authorize pooling heterogeneous methods or filling missing values.
Poisson_ratio,CONTINUOUS_NUMERIC,PHYSICS_THERMODYNAMICS,PREDICTOR_SAFE_CONDITIONAL,CONDITIONAL_CANDIDATE_PREDICTOR,CONDITIONAL_SCOPE_CONTROL_REQUIRED,NOT_DEFINED_FOR_CURRENT_P017_FEATURE_SPACE,CONDITIONAL_ON_SCOPE,DIRECT_SOURCE_FIELD,YES,NO,YES,CONDITIONAL,"Safe only after method, scope, timing, or availability control.",SEVERE; experimental nonmissing 3/51 (5.88%),"Require method, phase/structure, temperature, and source-domain matching; no cross-paper transfer.",RETAIN_CONDITIONALLY; REQUIRE_SCOPE_GATE,Candidate status does not authorize pooling heterogeneous methods or filling missing values.
Lattice_parameter_nm,CONTINUOUS_NUMERIC,PHYSICS_THERMODYNAMICS,PREDICTOR_SAFE_CONDITIONAL,CONDITIONAL_CANDIDATE_PREDICTOR,CONDITIONAL_SCOPE_CONTROL_REQUIRED,NOT_DEFINED_FOR_CURRENT_P017_FEATURE_SPACE,CONDITIONAL_ON_SCOPE,DIRECT_SOURCE_FIELD,YES,NO,YES,CONDITIONAL,"Safe only after method, scope, timing, or availability control.",SEVERE; experimental nonmissing 3/51 (5.88%),"Require method, phase/structure, temperature, and source-domain matching; no cross-paper transfer.",RETAIN_CONDITIONALLY; REQUIRE_SCOPE_GATE,Candidate status does not authorize pooling heterogeneous methods or filling missing values.
Atomic_size_misfit_pct,CONTINUOUS_NUMERIC,PHYSICS_THERMODYNAMICS,METADATA_ONLY,AUDIT_OR_DESCRIPTIVE_ONLY,NOT_ELIGIBLE_AS_ORDINARY_PREDICTOR,NOT_DEFINED_FOR_CURRENT_P017_FEATURE_SPACE,NOT_APPLICABLE_TO_MODEL_ROLE,SOURCE_REPORTED_OR_EXPLICIT_SOURCE_DERIVATION,YES,NO,YES,YES_IF_MODELED,"Metadata can encode paper, workflow, or extraction artifacts rather than material behavior.",NOT_MODEL_APPLICABLE; experimental nonmissing 3/51,Existing source field retained only; no V1 calculation or ordinary predictor use.,RETAIN; BLOCK_AS_ORDINARY_PREDICTOR,Primary V1 family: PHYSICS_THERMODYNAMICS; classification is frozen for pre-deformation prediction.
CSRO_present,TEXT,PHYSICS_THERMODYNAMICS,PREDICTOR_SAFE_CONDITIONAL,CONDITIONAL_CANDIDATE_PREDICTOR,CONDITIONAL_SCOPE_CONTROL_REQUIRED,NOT_DEFINED_FOR_CURRENT_P017_FEATURE_SPACE,CONDITIONAL_ON_SCOPE,DIRECT_SOURCE_FIELD,YES,NO,YES,CONDITIONAL,"Safe only after method, scope, timing, or availability control.",SEVERE; experimental nonmissing 3/51 (5.88%),"Require method, phase/structure, temperature, and source-domain matching; no cross-paper transfer.",RETAIN_CONDITIONALLY; REQUIRE_SCOPE_GATE,Candidate status does not authorize pooling heterogeneous methods or filling missing values.
TRIP,BINARY_NUMERIC,TARGET,TARGET_ONLY,TARGET_OR_TARGET_EVIDENCE_ONLY,TARGET_POOL_ONLY,NOT_DEFINED_FOR_CURRENT_P017_FEATURE_SPACE,NO,DIRECT_SOURCE_FIELD,NO,NO,NO,YES,"The field is a target, direct target state, or target evidence.",NOT_MODEL_APPLICABLE; experimental nonmissing 17/51,Retain for target definition/evidence only; never include in predictors.,RETAIN_FOR_TARGET_OR_EVIDENCE_ONLY,Primary V1 family: TARGET; classification is frozen for pre-deformation prediction.
TWIP,BINARY_NUMERIC,TARGET,TARGET_ONLY,TARGET_OR_TARGET_EVIDENCE_ONLY,TARGET_POOL_ONLY,NOT_DEFINED_FOR_CURRENT_P017_FEATURE_SPACE,NO,DIRECT_SOURCE_FIELD,NO,NO,NO,YES,"The field is a target, direct target state, or target evidence.",NOT_MODEL_APPLICABLE; experimental nonmissing 13/51,Retain for target definition/evidence only; never include in predictors.,RETAIN_FOR_TARGET_OR_EVIDENCE_ONLY,Primary V1 family: TARGET; classification is frozen for pre-deformation prediction.
Slip,TEXT,TARGET,TARGET_ONLY,TARGET_OR_TARGET_EVIDENCE_ONLY,TARGET_POOL_ONLY,NOT_DEFINED_FOR_CURRENT_P017_FEATURE_SPACE,NO,DIRECT_SOURCE_FIELD,NO,NO,NO,YES,"The field is a target, direct target state, or target evidence.",NOT_MODEL_APPLICABLE; experimental nonmissing 36/51,Retain for target definition/evidence only; never include in predictors.,RETAIN_FOR_TARGET_OR_EVIDENCE_ONLY,Primary V1 family: TARGET; classification is frozen for pre-deformation prediction.
Stacking_faulting,BINARY_NUMERIC,TARGET,TARGET_ONLY,TARGET_OR_TARGET_EVIDENCE_ONLY,TARGET_POOL_ONLY,NOT_DEFINED_FOR_CURRENT_P017_FEATURE_SPACE,NO,DIRECT_SOURCE_FIELD,NO,NO,NO,YES,"The field is a target, direct target state, or target evidence.",NOT_MODEL_APPLICABLE; experimental nonmissing 12/51,Retain for target definition/evidence only; never include in predictors.,RETAIN_FOR_TARGET_OR_EVIDENCE_ONLY,Primary V1 family: TARGET; classification is frozen for pre-deformation prediction.
HCP_to_FCC_reversion,TEXT,TARGET,TARGET_ONLY,TARGET_OR_TARGET_EVIDENCE_ONLY,TARGET_POOL_ONLY,NOT_DEFINED_FOR_CURRENT_P017_FEATURE_SPACE,NO,DIRECT_SOURCE_FIELD,YES,YES,YES,YES,"The field is a target, direct target state, or target evidence.",NOT_MODEL_APPLICABLE; experimental nonmissing 13/51,Retain for target definition/evidence only; never include in predictors.,RETAIN_FOR_TARGET_OR_EVIDENCE_ONLY,Primary V1 family: TARGET; classification is frozen for pre-deformation prediction.
Dominant_mechanism,TEXT,TARGET,TARGET_ONLY,TARGET_OR_TARGET_EVIDENCE_ONLY,TARGET_POOL_ONLY,NOT_DEFINED_FOR_CURRENT_P017_FEATURE_SPACE,NO,DIRECT_SOURCE_FIELD,NO,NO,NO,YES,"The field is a target, direct target state, or target evidence.",NOT_MODEL_APPLICABLE; experimental nonmissing 36/51,Retain for target definition/evidence only; never include in predictors.,RETAIN_FOR_TARGET_OR_EVIDENCE_ONLY,Primary V1 family: TARGET; classification is frozen for pre-deformation prediction.
HCP_fraction_at_condition,CONTINUOUS_NUMERIC,POST_DEFORMATION_MICROSTRUCTURE,POST_TEST_LEAKAGE,PERMANENTLY_BLOCK_FROM_PRIMARY_PREDICTORS,NOT_ELIGIBLE_LEAKAGE,NOT_DEFINED_FOR_CURRENT_P017_FEATURE_SPACE,NO,DIRECT_SOURCE_FIELD,YES,YES,YES,YES,The field is observed only after tensile deformation starts or after fracture.,NOT_MODEL_APPLICABLE; experimental nonmissing 4/51,Permanently excluded from primary pre-deformation TRIP/TWIP predictor matrices.,PERMANENTLY_BLOCK_FROM_PRIMARY_PREDICTORS,Primary V1 family: POST_DEFORMATION_MICROSTRUCTURE; classification is frozen for pre-deformation prediction.
Twin_fraction_or_Sigma3,CONTINUOUS_NUMERIC,POST_DEFORMATION_MICROSTRUCTURE,POST_TEST_LEAKAGE,PERMANENTLY_BLOCK_FROM_PRIMARY_PREDICTORS,NOT_ELIGIBLE_LEAKAGE,NOT_DEFINED_FOR_CURRENT_P017_FEATURE_SPACE,NO,DIRECT_SOURCE_FIELD,YES,NO,YES,YES,The field is observed only after tensile deformation starts or after fracture.,NOT_MODEL_APPLICABLE; experimental nonmissing 0/51,Permanently excluded from primary pre-deformation TRIP/TWIP predictor matrices.,PERMANENTLY_BLOCK_FROM_PRIMARY_PREDICTORS,Primary V1 family: POST_DEFORMATION_MICROSTRUCTURE; classification is frozen for pre-deformation prediction.
Twin_thickness_nm,CONTINUOUS_NUMERIC,POST_DEFORMATION_MICROSTRUCTURE,POST_TEST_LEAKAGE,PERMANENTLY_BLOCK_FROM_PRIMARY_PREDICTORS,NOT_ELIGIBLE_LEAKAGE,NOT_DEFINED_FOR_CURRENT_P017_FEATURE_SPACE,NO,DIRECT_SOURCE_FIELD,YES,NO,YES,YES,The field is observed only after tensile deformation starts or after fracture.,NOT_MODEL_APPLICABLE; experimental nonmissing 0/51,Permanently excluded from primary pre-deformation TRIP/TWIP predictor matrices.,PERMANENTLY_BLOCK_FROM_PRIMARY_PREDICTORS,Primary V1 family: POST_DEFORMATION_MICROSTRUCTURE; classification is frozen for pre-deformation prediction.
HCP_lath_or_lamella_note,TEXT,POST_DEFORMATION_MICROSTRUCTURE,POST_TEST_LEAKAGE,PERMANENTLY_BLOCK_FROM_PRIMARY_PREDICTORS,NOT_ELIGIBLE_LEAKAGE,NOT_DEFINED_FOR_CURRENT_P017_FEATURE_SPACE,NO,DIRECT_SOURCE_FIELD,YES,YES,YES,YES,The field is observed only after tensile deformation starts or after fracture.,NOT_MODEL_APPLICABLE; experimental nonmissing 6/51,Permanently excluded from primary pre-deformation TRIP/TWIP predictor matrices.,PERMANENTLY_BLOCK_FROM_PRIMARY_PREDICTORS,Primary V1 family: POST_DEFORMATION_MICROSTRUCTURE; classification is frozen for pre-deformation prediction.
YS_MPa,CONTINUOUS_NUMERIC,MECHANICAL_RESPONSE,MECHANICAL_OUTCOME_LEAKAGE,PERMANENTLY_BLOCK_FROM_PRIMARY_PREDICTORS,NOT_ELIGIBLE_LEAKAGE,NOT_DEFINED_FOR_CURRENT_P017_FEATURE_SPACE,NO,DIRECT_SOURCE_FIELD,NO,NO,NO,YES,The field is an outcome of the same tensile test whose mechanisms are predicted.,NOT_MODEL_APPLICABLE; experimental nonmissing 32/51,Permanently excluded from primary pre-deformation TRIP/TWIP predictor matrices.,PERMANENTLY_BLOCK_FROM_PRIMARY_PREDICTORS,Primary V1 family: MECHANICAL_RESPONSE; classification is frozen for pre-deformation prediction.
YS_error_MPa,INTEGER_NUMERIC,MECHANICAL_RESPONSE,MECHANICAL_OUTCOME_LEAKAGE,PERMANENTLY_BLOCK_FROM_PRIMARY_PREDICTORS,NOT_ELIGIBLE_LEAKAGE,NOT_DEFINED_FOR_CURRENT_P017_FEATURE_SPACE,NO,DIRECT_SOURCE_FIELD,NO,NO,NO,YES,The field is an outcome of the same tensile test whose mechanisms are predicted.,NOT_MODEL_APPLICABLE; experimental nonmissing 8/51,Permanently excluded from primary pre-deformation TRIP/TWIP predictor matrices.,PERMANENTLY_BLOCK_FROM_PRIMARY_PREDICTORS,Primary V1 family: MECHANICAL_RESPONSE; classification is frozen for pre-deformation prediction.
UTS_MPa,CONTINUOUS_NUMERIC,MECHANICAL_RESPONSE,MECHANICAL_OUTCOME_LEAKAGE,PERMANENTLY_BLOCK_FROM_PRIMARY_PREDICTORS,NOT_ELIGIBLE_LEAKAGE,NOT_DEFINED_FOR_CURRENT_P017_FEATURE_SPACE,NO,DIRECT_SOURCE_FIELD,NO,NO,NO,YES,The field is an outcome of the same tensile test whose mechanisms are predicted.,NOT_MODEL_APPLICABLE; experimental nonmissing 28/51,Permanently excluded from primary pre-deformation TRIP/TWIP predictor matrices.,PERMANENTLY_BLOCK_FROM_PRIMARY_PREDICTORS,Primary V1 family: MECHANICAL_RESPONSE; classification is frozen for pre-deformation prediction.
UTS_error_MPa,CONTINUOUS_NUMERIC,MECHANICAL_RESPONSE,MECHANICAL_OUTCOME_LEAKAGE,PERMANENTLY_BLOCK_FROM_PRIMARY_PREDICTORS,NOT_ELIGIBLE_LEAKAGE,NOT_DEFINED_FOR_CURRENT_P017_FEATURE_SPACE,NO,DIRECT_SOURCE_FIELD,NO,NO,NO,YES,The field is an outcome of the same tensile test whose mechanisms are predicted.,NOT_MODEL_APPLICABLE; experimental nonmissing 8/51,Permanently excluded from primary pre-deformation TRIP/TWIP predictor matrices.,PERMANENTLY_BLOCK_FROM_PRIMARY_PREDICTORS,Primary V1 family: MECHANICAL_RESPONSE; classification is frozen for pre-deformation prediction.
Elongation_pct,CONTINUOUS_NUMERIC,MECHANICAL_RESPONSE,MECHANICAL_OUTCOME_LEAKAGE,PERMANENTLY_BLOCK_FROM_PRIMARY_PREDICTORS,NOT_ELIGIBLE_LEAKAGE,NOT_DEFINED_FOR_CURRENT_P017_FEATURE_SPACE,NO,DIRECT_SOURCE_FIELD,NO,NO,NO,YES,The field is an outcome of the same tensile test whose mechanisms are predicted.,NOT_MODEL_APPLICABLE; experimental nonmissing 24/51,Permanently excluded from primary pre-deformation TRIP/TWIP predictor matrices.,PERMANENTLY_BLOCK_FROM_PRIMARY_PREDICTORS,Primary V1 family: MECHANICAL_RESPONSE; classification is frozen for pre-deformation prediction.
Elongation_error_pct,CONTINUOUS_NUMERIC,MECHANICAL_RESPONSE,MECHANICAL_OUTCOME_LEAKAGE,PERMANENTLY_BLOCK_FROM_PRIMARY_PREDICTORS,NOT_ELIGIBLE_LEAKAGE,NOT_DEFINED_FOR_CURRENT_P017_FEATURE_SPACE,NO,DIRECT_SOURCE_FIELD,NO,NO,NO,YES,The field is an outcome of the same tensile test whose mechanisms are predicted.,NOT_MODEL_APPLICABLE; experimental nonmissing 8/51,Permanently excluded from primary pre-deformation TRIP/TWIP predictor matrices.,PERMANENTLY_BLOCK_FROM_PRIMARY_PREDICTORS,Primary V1 family: MECHANICAL_RESPONSE; classification is frozen for pre-deformation prediction.
Uniform_elongation_pct,CONTINUOUS_NUMERIC,MECHANICAL_RESPONSE,MECHANICAL_OUTCOME_LEAKAGE,PERMANENTLY_BLOCK_FROM_PRIMARY_PREDICTORS,NOT_ELIGIBLE_LEAKAGE,NOT_DEFINED_FOR_CURRENT_P017_FEATURE_SPACE,NO,DIRECT_SOURCE_FIELD,NO,NO,NO,YES,The field is an outcome of the same tensile test whose mechanisms are predicted.,NOT_MODEL_APPLICABLE; experimental nonmissing 7/51,Permanently excluded from primary pre-deformation TRIP/TWIP predictor matrices.,PERMANENTLY_BLOCK_FROM_PRIMARY_PREDICTORS,Primary V1 family: MECHANICAL_RESPONSE; classification is frozen for pre-deformation prediction.
Critical_twin_stress_MPa,TEXT,MODEL_DERIVED_RESPONSE,MODEL_DERIVED_LEAKAGE,PERMANENTLY_BLOCK_FROM_PRIMARY_PREDICTORS,NOT_ELIGIBLE_LEAKAGE,NOT_DEFINED_FOR_CURRENT_P017_FEATURE_SPACE,NO,SOURCE_REPORTED_OR_FITTED_LOADING_DERIVATION,YES,NO,YES,YES,The field is derived or inferred from loading response or fitted mechanical behavior.,NOT_MODEL_APPLICABLE; experimental nonmissing 2/51,Permanently excluded from primary pre-deformation TRIP/TWIP predictor matrices.,PERMANENTLY_BLOCK_FROM_PRIMARY_PREDICTORS,Primary V1 family: MODEL_DERIVED_RESPONSE; classification is frozen for pre-deformation prediction.
Critical_TRIP_stress_MPa,TEXT,MODEL_DERIVED_RESPONSE,MODEL_DERIVED_LEAKAGE,PERMANENTLY_BLOCK_FROM_PRIMARY_PREDICTORS,NOT_ELIGIBLE_LEAKAGE,NOT_DEFINED_FOR_CURRENT_P017_FEATURE_SPACE,NO,SOURCE_REPORTED_OR_FITTED_LOADING_DERIVATION,NO,NO,NO,YES,The field is derived or inferred from loading response or fitted mechanical behavior.,NOT_MODEL_APPLICABLE; experimental nonmissing 2/51,Permanently excluded from primary pre-deformation TRIP/TWIP predictor matrices.,PERMANENTLY_BLOCK_FROM_PRIMARY_PREDICTORS,Primary V1 family: MODEL_DERIVED_RESPONSE; classification is frozen for pre-deformation prediction.
Twin_onset_true_strain,TEXT,MODEL_DERIVED_RESPONSE,MODEL_DERIVED_LEAKAGE,PERMANENTLY_BLOCK_FROM_PRIMARY_PREDICTORS,NOT_ELIGIBLE_LEAKAGE,NOT_DEFINED_FOR_CURRENT_P017_FEATURE_SPACE,NO,SOURCE_REPORTED_OR_FITTED_LOADING_DERIVATION,YES,NO,YES,YES,The field is derived or inferred from loading response or fitted mechanical behavior.,NOT_MODEL_APPLICABLE; experimental nonmissing 2/51,Permanently excluded from primary pre-deformation TRIP/TWIP predictor matrices.,PERMANENTLY_BLOCK_FROM_PRIMARY_PREDICTORS,Primary V1 family: MODEL_DERIVED_RESPONSE; classification is frozen for pre-deformation prediction.
TRIP_onset_true_strain,TEXT,MODEL_DERIVED_RESPONSE,MODEL_DERIVED_LEAKAGE,PERMANENTLY_BLOCK_FROM_PRIMARY_PREDICTORS,NOT_ELIGIBLE_LEAKAGE,NOT_DEFINED_FOR_CURRENT_P017_FEATURE_SPACE,NO,SOURCE_REPORTED_OR_FITTED_LOADING_DERIVATION,NO,NO,NO,YES,The field is derived or inferred from loading response or fitted mechanical behavior.,NOT_MODEL_APPLICABLE; experimental nonmissing 2/51,Permanently excluded from primary pre-deformation TRIP/TWIP predictor matrices.,PERMANENTLY_BLOCK_FROM_PRIMARY_PREDICTORS,Primary V1 family: MODEL_DERIVED_RESPONSE; classification is frozen for pre-deformation prediction.
Adiabatic_temperature_K,TEXT,MODEL_DERIVED_RESPONSE,MODEL_DERIVED_LEAKAGE,PERMANENTLY_BLOCK_FROM_PRIMARY_PREDICTORS,NOT_ELIGIBLE_LEAKAGE,NOT_DEFINED_FOR_CURRENT_P017_FEATURE_SPACE,NO,SOURCE_REPORTED_OR_FITTED_LOADING_DERIVATION,NO,YES,NO,YES,The field is derived or inferred from loading response or fitted mechanical behavior.,NOT_MODEL_APPLICABLE; experimental nonmissing 1/51,Permanently excluded from primary pre-deformation TRIP/TWIP predictor matrices.,PERMANENTLY_BLOCK_FROM_PRIMARY_PREDICTORS,Primary V1 family: MODEL_DERIVED_RESPONSE; classification is frozen for pre-deformation prediction.
SFE_increase_dynamic_mJ_m2,TEXT,MODEL_DERIVED_RESPONSE,MODEL_DERIVED_LEAKAGE,PERMANENTLY_BLOCK_FROM_PRIMARY_PREDICTORS,NOT_ELIGIBLE_LEAKAGE,NOT_DEFINED_FOR_CURRENT_P017_FEATURE_SPACE,NO,SOURCE_REPORTED_OR_FITTED_LOADING_DERIVATION,YES,YES,YES,YES,The field is derived or inferred from loading response or fitted mechanical behavior.,NOT_MODEL_APPLICABLE; experimental nonmissing 1/51,Permanently excluded from primary pre-deformation TRIP/TWIP predictor matrices.,PERMANENTLY_BLOCK_FROM_PRIMARY_PREDICTORS,Primary V1 family: MODEL_DERIVED_RESPONSE; classification is frozen for pre-deformation prediction.
Evidence_TRIP,TEXT,TARGET,TARGET_ONLY,TARGET_OR_TARGET_EVIDENCE_ONLY,TARGET_POOL_ONLY,NOT_DEFINED_FOR_CURRENT_P017_FEATURE_SPACE,NO,DIRECT_SOURCE_FIELD,NO,NO,NO,YES,"The field is a target, direct target state, or target evidence.",NOT_MODEL_APPLICABLE; experimental nonmissing 38/51,Retain for target definition/evidence only; never include in predictors.,RETAIN_FOR_TARGET_OR_EVIDENCE_ONLY,Primary V1 family: TARGET; classification is frozen for pre-deformation prediction.
Evidence_TWIP,TEXT,TARGET,TARGET_ONLY,TARGET_OR_TARGET_EVIDENCE_ONLY,TARGET_POOL_ONLY,NOT_DEFINED_FOR_CURRENT_P017_FEATURE_SPACE,NO,DIRECT_SOURCE_FIELD,NO,NO,NO,YES,"The field is a target, direct target state, or target evidence.",NOT_MODEL_APPLICABLE; experimental nonmissing 36/51,Retain for target definition/evidence only; never include in predictors.,RETAIN_FOR_TARGET_OR_EVIDENCE_ONLY,Primary V1 family: TARGET; classification is frozen for pre-deformation prediction.
Characterization_methods,TEXT,PROVENANCE_QC,PROVENANCE_ONLY,AUDIT_OR_ELIGIBILITY_CONTROL_ONLY,AUDIT_CONTROL_ONLY,DOMAIN_CONTROL_ONLY,NOT_APPLICABLE_TO_MODEL_ROLE,SOURCE_OR_REPOSITORY_BOOKKEEPING,NO,NO,NO,YES_IF_MODELED,"Source, method, review, or QC bookkeeping can encode study and label-acquisition artifacts.",NOT_MODEL_APPLICABLE; experimental nonmissing 21/51,"Retain for audit, descriptive context, and eligibility control; never use as an ordinary predictor.",RETAIN_FOR_AUDIT_OR_ELIGIBILITY_CONTROL_ONLY,Primary V1 family: PROVENANCE_QC; classification is frozen for pre-deformation prediction.
Image_usable_for_descriptors,TEXT,PROVENANCE_QC,METADATA_ONLY,AUDIT_OR_DESCRIPTIVE_ONLY,NOT_ELIGIBLE_AS_ORDINARY_PREDICTOR,NOT_DEFINED_FOR_CURRENT_P017_FEATURE_SPACE,NOT_APPLICABLE_TO_MODEL_ROLE,SOURCE_OR_REPOSITORY_BOOKKEEPING,NO,NO,NO,YES_IF_MODELED,"Metadata can encode paper, workflow, or extraction artifacts rather than material behavior.",NOT_MODEL_APPLICABLE; experimental nonmissing 21/51,"Retain for audit, descriptive context, and eligibility control; never use as an ordinary predictor.",RETAIN; BLOCK_AS_ORDINARY_PREDICTOR,Primary V1 family: PROVENANCE_QC; classification is frozen for pre-deformation prediction.
Source_location,TEXT,PROVENANCE_QC,PROVENANCE_ONLY,AUDIT_OR_ELIGIBILITY_CONTROL_ONLY,AUDIT_CONTROL_ONLY,DOMAIN_CONTROL_ONLY,NOT_APPLICABLE_TO_MODEL_ROLE,SOURCE_OR_REPOSITORY_BOOKKEEPING,NO,NO,NO,YES_IF_MODELED,"Source, method, review, or QC bookkeeping can encode study and label-acquisition artifacts.",NOT_MODEL_APPLICABLE; experimental nonmissing 46/51,"Retain for audit, descriptive context, and eligibility control; never use as an ordinary predictor.",RETAIN_FOR_AUDIT_OR_ELIGIBILITY_CONTROL_ONLY,Primary V1 family: PROVENANCE_QC; classification is frozen for pre-deformation prediction.
Label_confidence,TEXT,PROVENANCE_QC,PROVENANCE_ONLY,AUDIT_OR_ELIGIBILITY_CONTROL_ONLY,AUDIT_CONTROL_ONLY,DOMAIN_CONTROL_ONLY,NOT_APPLICABLE_TO_MODEL_ROLE,SOURCE_OR_REPOSITORY_BOOKKEEPING,NO,NO,NO,YES_IF_MODELED,"Source, method, review, or QC bookkeeping can encode study and label-acquisition artifacts.",NOT_MODEL_APPLICABLE; experimental nonmissing 46/51,"Retain for audit, descriptive context, and eligibility control; never use as an ordinary predictor.",RETAIN_FOR_AUDIT_OR_ELIGIBILITY_CONTROL_ONLY,Primary V1 family: PROVENANCE_QC; classification is frozen for pre-deformation prediction.
Notes,TEXT,PROVENANCE_QC,PROVENANCE_ONLY,AUDIT_OR_ELIGIBILITY_CONTROL_ONLY,AUDIT_CONTROL_ONLY,DOMAIN_CONTROL_ONLY,NOT_APPLICABLE_TO_MODEL_ROLE,SOURCE_OR_REPOSITORY_BOOKKEEPING,NO,NO,NO,YES_IF_MODELED,"Source, method, review, or QC bookkeeping can encode study and label-acquisition artifacts.",NOT_MODEL_APPLICABLE; experimental nonmissing 25/51,"Retain for audit, descriptive context, and eligibility control; never use as an ordinary predictor.",RETAIN_FOR_AUDIT_OR_ELIGIBILITY_CONTROL_ONLY,Primary V1 family: PROVENANCE_QC; classification is frozen for pre-deformation prediction.
Unmapped_Fields,TEXT,PROVENANCE_QC,PROVENANCE_ONLY,AUDIT_OR_ELIGIBILITY_CONTROL_ONLY,AUDIT_CONTROL_ONLY,DOMAIN_CONTROL_ONLY,NOT_APPLICABLE_TO_MODEL_ROLE,SOURCE_OR_REPOSITORY_BOOKKEEPING,NO,NO,NO,YES_IF_MODELED,"Source, method, review, or QC bookkeeping can encode study and label-acquisition artifacts.",NOT_MODEL_APPLICABLE; experimental nonmissing 6/51,"Retain for audit, descriptive context, and eligibility control; never use as an ordinary predictor.",RETAIN_FOR_AUDIT_OR_ELIGIBILITY_CONTROL_ONLY,Primary V1 family: PROVENANCE_QC; classification is frozen for pre-deformation prediction.
Source_File,TEXT,PROVENANCE_QC,PROVENANCE_ONLY,AUDIT_OR_ELIGIBILITY_CONTROL_ONLY,AUDIT_CONTROL_ONLY,DOMAIN_CONTROL_ONLY,NOT_APPLICABLE_TO_MODEL_ROLE,SOURCE_OR_REPOSITORY_BOOKKEEPING,NO,NO,NO,YES_IF_MODELED,"Source, method, review, or QC bookkeeping can encode study and label-acquisition artifacts.",NOT_MODEL_APPLICABLE; experimental nonmissing 51/51,"Retain for audit, descriptive context, and eligibility control; never use as an ordinary predictor.",RETAIN_FOR_AUDIT_OR_ELIGIBILITY_CONTROL_ONLY,Primary V1 family: PROVENANCE_QC; classification is frozen for pre-deformation prediction.
Source_Sheet,TEXT,PROVENANCE_QC,PROVENANCE_ONLY,AUDIT_OR_ELIGIBILITY_CONTROL_ONLY,AUDIT_CONTROL_ONLY,DOMAIN_CONTROL_ONLY,NOT_APPLICABLE_TO_MODEL_ROLE,SOURCE_OR_REPOSITORY_BOOKKEEPING,NO,NO,NO,YES_IF_MODELED,"Source, method, review, or QC bookkeeping can encode study and label-acquisition artifacts.",NOT_MODEL_APPLICABLE; experimental nonmissing 51/51,"Retain for audit, descriptive context, and eligibility control; never use as an ordinary predictor.",RETAIN_FOR_AUDIT_OR_ELIGIBILITY_CONTROL_ONLY,Primary V1 family: PROVENANCE_QC; classification is frozen for pre-deformation prediction.
Schema_Mapping_Review,TEXT,PROVENANCE_QC,PROVENANCE_ONLY,AUDIT_OR_ELIGIBILITY_CONTROL_ONLY,AUDIT_CONTROL_ONLY,DOMAIN_CONTROL_ONLY,NOT_APPLICABLE_TO_MODEL_ROLE,SOURCE_OR_REPOSITORY_BOOKKEEPING,NO,NO,NO,YES_IF_MODELED,"Source, method, review, or QC bookkeeping can encode study and label-acquisition artifacts.",NOT_MODEL_APPLICABLE; experimental nonmissing 6/51,"Retain for audit, descriptive context, and eligibility control; never use as an ordinary predictor.",RETAIN_FOR_AUDIT_OR_ELIGIBILITY_CONTROL_ONLY,Primary V1 family: PROVENANCE_QC; classification is frozen for pre-deformation prediction.
QC_Status,TEXT,PROVENANCE_QC,PROVENANCE_ONLY,AUDIT_OR_ELIGIBILITY_CONTROL_ONLY,AUDIT_CONTROL_ONLY,DOMAIN_CONTROL_ONLY,NOT_APPLICABLE_TO_MODEL_ROLE,REPOSITORY_QC_DERIVED,NO,NO,NO,YES_IF_MODELED,"Source, method, review, or QC bookkeeping can encode study and label-acquisition artifacts.",NOT_MODEL_APPLICABLE; experimental nonmissing 21/51,"Retain for audit, descriptive context, and eligibility control; never use as an ordinary predictor.",RETAIN_FOR_AUDIT_OR_ELIGIBILITY_CONTROL_ONLY,Primary V1 family: PROVENANCE_QC; classification is frozen for pre-deformation prediction.
Requires_Manual_Review,TEXT,PROVENANCE_QC,PROVENANCE_ONLY,AUDIT_OR_ELIGIBILITY_CONTROL_ONLY,AUDIT_CONTROL_ONLY,DOMAIN_CONTROL_ONLY,NOT_APPLICABLE_TO_MODEL_ROLE,SOURCE_OR_REPOSITORY_BOOKKEEPING,NO,NO,NO,YES_IF_MODELED,"Source, method, review, or QC bookkeeping can encode study and label-acquisition artifacts.",NOT_MODEL_APPLICABLE; experimental nonmissing 21/51,"Retain for audit, descriptive context, and eligibility control; never use as an ordinary predictor.",RETAIN_FOR_AUDIT_OR_ELIGIBILITY_CONTROL_ONLY,Primary V1 family: PROVENANCE_QC; classification is frozen for pre-deformation prediction.
Row_Role,TEXT,PROVENANCE_QC,PROVENANCE_ONLY,AUDIT_OR_ELIGIBILITY_CONTROL_ONLY,AUDIT_CONTROL_ONLY,DOMAIN_CONTROL_ONLY,NOT_APPLICABLE_TO_MODEL_ROLE,SOURCE_OR_REPOSITORY_BOOKKEEPING,NO,NO,NO,YES_IF_MODELED,"Source, method, review, or QC bookkeeping can encode study and label-acquisition artifacts.",NOT_MODEL_APPLICABLE; experimental nonmissing 26/51,"Retain for audit, descriptive context, and eligibility control; never use as an ordinary predictor.",RETAIN_FOR_AUDIT_OR_ELIGIBILITY_CONTROL_ONLY,Primary V1 family: PROVENANCE_QC; classification is frozen for pre-deformation prediction.
Target_Review_Status,TEXT,PROVENANCE_QC,PROVENANCE_ONLY,AUDIT_OR_ELIGIBILITY_CONTROL_ONLY,AUDIT_CONTROL_ONLY,DOMAIN_CONTROL_ONLY,NOT_APPLICABLE_TO_MODEL_ROLE,SOURCE_OR_REPOSITORY_BOOKKEEPING,NO,NO,NO,YES_IF_MODELED,"Source, method, review, or QC bookkeeping can encode study and label-acquisition artifacts.",NOT_MODEL_APPLICABLE; experimental nonmissing 25/51,"Retain for audit, descriptive context, and eligibility control; never use as an ordinary predictor.",RETAIN_FOR_AUDIT_OR_ELIGIBILITY_CONTROL_ONLY,Primary V1 family: PROVENANCE_QC; classification is frozen for pre-deformation prediction.
Schema_Review_Status,TEXT,PROVENANCE_QC,PROVENANCE_ONLY,AUDIT_OR_ELIGIBILITY_CONTROL_ONLY,AUDIT_CONTROL_ONLY,DOMAIN_CONTROL_ONLY,NOT_APPLICABLE_TO_MODEL_ROLE,SOURCE_OR_REPOSITORY_BOOKKEEPING,NO,NO,NO,YES_IF_MODELED,"Source, method, review, or QC bookkeeping can encode study and label-acquisition artifacts.",NOT_MODEL_APPLICABLE; experimental nonmissing 21/51,"Retain for audit, descriptive context, and eligibility control; never use as an ordinary predictor.",RETAIN_FOR_AUDIT_OR_ELIGIBILITY_CONTROL_ONLY,Primary V1 family: PROVENANCE_QC; classification is frozen for pre-deformation prediction.
Parent_Experiment_ID,TEXT,IDENTITY_GROUPING,GROUPING_ONLY,SPLIT_AND_DEPENDENCE_CONTROL_ONLY,SPLIT_CONTROL_ONLY,DOMAIN_CONTROL_ONLY,NOT_APPLICABLE_TO_MODEL_ROLE,SOURCE_OR_REPOSITORY_BOOKKEEPING,NO,NO,NO,YES_IF_MODELED,A grouping key would expose dependence or study/material identity.,NOT_MODEL_APPLICABLE; experimental nonmissing 46/51,"Use only for identity, dependence control, or grouped split design.",RETAIN_FOR_SPLIT_DESIGN_ONLY,Primary V1 family: IDENTITY_GROUPING; classification is frozen for pre-deformation prediction.
ML_Condition_ID,TEXT,IDENTITY_GROUPING,IDENTIFIER_ONLY,IDENTITY_CONTROL_ONLY,NOT_ELIGIBLE_AS_PREDICTOR,DOMAIN_CONTROL_ONLY,NOT_APPLICABLE_TO_MODEL_ROLE,SOURCE_OR_REPOSITORY_BOOKKEEPING,NO,NO,NO,YES_IF_MODELED,"The identifier can memorize paper, material, condition, or observation identity.",NOT_MODEL_APPLICABLE; experimental nonmissing 51/51,Condition identity only; never an ordinary predictor.,RETAIN_FOR_IDENTITY_CONTROL_ONLY,Primary V1 family: IDENTITY_GROUPING; classification is frozen for pre-deformation prediction.
Observation_ID,TEXT,IDENTITY_GROUPING,IDENTIFIER_ONLY,IDENTITY_CONTROL_ONLY,NOT_ELIGIBLE_AS_PREDICTOR,DOMAIN_CONTROL_ONLY,NOT_APPLICABLE_TO_MODEL_ROLE,SOURCE_OR_REPOSITORY_BOOKKEEPING,NO,NO,NO,YES_IF_MODELED,"The identifier can memorize paper, material, condition, or observation identity.",NOT_MODEL_APPLICABLE; experimental nonmissing 51/51,"Use only for identity, dependence control, or grouped split design.",RETAIN_FOR_IDENTITY_CONTROL_ONLY,Primary V1 family: IDENTITY_GROUPING; classification is frozen for pre-deformation prediction.
Data_Origin,TEXT,PROVENANCE_QC,PROVENANCE_ONLY,AUDIT_OR_ELIGIBILITY_CONTROL_ONLY,AUDIT_CONTROL_ONLY,DOMAIN_CONTROL_ONLY,NOT_APPLICABLE_TO_MODEL_ROLE,SOURCE_OR_REPOSITORY_BOOKKEEPING,NO,NO,NO,YES_IF_MODELED,"Source, method, review, or QC bookkeeping can encode study and label-acquisition artifacts.",NOT_MODEL_APPLICABLE; experimental nonmissing 51/51,"Retain for audit, descriptive context, and eligibility control; never use as an ordinary predictor.",RETAIN_FOR_AUDIT_OR_ELIGIBILITY_CONTROL_ONLY,Primary V1 family: PROVENANCE_QC; classification is frozen for pre-deformation prediction.
Observation_Role,TEXT,PROVENANCE_QC,PROVENANCE_ONLY,AUDIT_OR_ELIGIBILITY_CONTROL_ONLY,AUDIT_CONTROL_ONLY,DOMAIN_CONTROL_ONLY,NOT_APPLICABLE_TO_MODEL_ROLE,SOURCE_OR_REPOSITORY_BOOKKEEPING,NO,NO,NO,YES_IF_MODELED,"Source, method, review, or QC bookkeeping can encode study and label-acquisition artifacts.",NOT_MODEL_APPLICABLE; experimental nonmissing 51/51,"Retain for audit, descriptive context, and eligibility control; never use as an ordinary predictor.",RETAIN_FOR_AUDIT_OR_ELIGIBILITY_CONTROL_ONLY,Primary V1 family: PROVENANCE_QC; classification is frozen for pre-deformation prediction.
Deformation_Stage_ID,TEXT,IDENTITY_GROUPING,IDENTIFIER_ONLY,IDENTITY_CONTROL_ONLY,NOT_ELIGIBLE_AS_PREDICTOR,DOMAIN_CONTROL_ONLY,NOT_APPLICABLE_TO_MODEL_ROLE,SOURCE_OR_REPOSITORY_BOOKKEEPING,NO,NO,NO,YES_IF_MODELED,"The identifier can memorize paper, material, condition, or observation identity.",NOT_MODEL_APPLICABLE; experimental nonmissing 0/51,"Use only for identity, dependence control, or grouped split design.",RETAIN_FOR_IDENTITY_CONTROL_ONLY,Primary V1 family: IDENTITY_GROUPING; classification is frozen for pre-deformation prediction.
Grouping_Review_Required,BINARY_NUMERIC,PROVENANCE_QC,PROVENANCE_ONLY,AUDIT_OR_ELIGIBILITY_CONTROL_ONLY,AUDIT_CONTROL_ONLY,DOMAIN_CONTROL_ONLY,NOT_APPLICABLE_TO_MODEL_ROLE,SOURCE_OR_REPOSITORY_BOOKKEEPING,NO,NO,NO,YES_IF_MODELED,"Source, method, review, or QC bookkeeping can encode study and label-acquisition artifacts.",NOT_MODEL_APPLICABLE; experimental nonmissing 51/51,"Retain for audit, descriptive context, and eligibility control; never use as an ordinary predictor.",RETAIN_FOR_AUDIT_OR_ELIGIBILITY_CONTROL_ONLY,Primary V1 family: PROVENANCE_QC; classification is frozen for pre-deformation prediction.
Grouping_Confidence,TEXT,PROVENANCE_QC,PROVENANCE_ONLY,AUDIT_OR_ELIGIBILITY_CONTROL_ONLY,AUDIT_CONTROL_ONLY,DOMAIN_CONTROL_ONLY,NOT_APPLICABLE_TO_MODEL_ROLE,SOURCE_OR_REPOSITORY_BOOKKEEPING,NO,NO,NO,YES_IF_MODELED,"Source, method, review, or QC bookkeeping can encode study and label-acquisition artifacts.",NOT_MODEL_APPLICABLE; experimental nonmissing 51/51,"Retain for audit, descriptive context, and eligibility control; never use as an ordinary predictor.",RETAIN_FOR_AUDIT_OR_ELIGIBILITY_CONTROL_ONLY,Primary V1 family: PROVENANCE_QC; classification is frozen for pre-deformation prediction.
Grouping_Reason,TEXT,PROVENANCE_QC,PROVENANCE_ONLY,AUDIT_OR_ELIGIBILITY_CONTROL_ONLY,AUDIT_CONTROL_ONLY,DOMAIN_CONTROL_ONLY,NOT_APPLICABLE_TO_MODEL_ROLE,SOURCE_OR_REPOSITORY_BOOKKEEPING,NO,NO,NO,YES_IF_MODELED,"Source, method, review, or QC bookkeeping can encode study and label-acquisition artifacts.",NOT_MODEL_APPLICABLE; experimental nonmissing 25/51,"Retain for audit, descriptive context, and eligibility control; never use as an ordinary predictor.",RETAIN_FOR_AUDIT_OR_ELIGIBILITY_CONTROL_ONLY,Primary V1 family: PROVENANCE_QC; classification is frozen for pre-deformation prediction.
Recovered_Grain_size_um,CONTINUOUS_NUMERIC,INITIAL_MICROSTRUCTURE,PREDICTOR_SAFE_DIRECT,CANDIDATE_PREDICTOR,ELIGIBLE_SOURCE_FIELD,NOT_DEFINED_FOR_CURRENT_P017_FEATURE_SPACE,YES,DIRECT_SOURCE_FIELD,YES,NO,YES,NO,Direct source-supported information available before loading.,SEVERE; experimental nonmissing 6/51 (11.76%),"Must be explicitly pre-test; preserve method, phase, and initial-versus-deformed scope.",RETAIN_AS_UNTRANSFORMED_CANDIDATE,"No transformation, normalization, encoding, or imputation is performed in Feature Schema V1."
Recovered_ISFE_DFT_0K_mJ_m2,INTEGER_NUMERIC,PHYSICS_THERMODYNAMICS,PREDICTOR_SAFE_CONDITIONAL,CONDITIONAL_CANDIDATE_PREDICTOR,CONDITIONAL_METHOD_GATED_OR_FUTURE_ABLATION_ONLY,ELIGIBLE_METHOD_SPECIFIC_PHYSICS_ABLATION_ONLY,CONDITIONAL_ON_SCOPE,SOURCE_REPORTED_METHOD_SPECIFIC_VALUE,YES,YES,YES,CONDITIONAL,"Safe only after method, scope, timing, or availability control.",NO_EXPERIMENTAL_COVERAGE; experimental nonmissing 0/51 (0.00%),"DFT intrinsic SFE at 0 K; future physics ablation only, never generic experimental SFE.",RETAIN_CONDITIONALLY; REQUIRE_SCOPE_GATE,Distinct DFT 0 K field; not collapsed into experimental SFE.
Recovered_DeltaG_FCC_HCP_300K_J_mol,INTEGER_NUMERIC,PHYSICS_THERMODYNAMICS,PREDICTOR_SAFE_CONDITIONAL,CONDITIONAL_CANDIDATE_PREDICTOR,CONDITIONAL_SCOPE_CONTROL_REQUIRED,NOT_DEFINED_FOR_CURRENT_P017_FEATURE_SPACE,CONDITIONAL_ON_SCOPE,SOURCE_REPORTED_METHOD_SPECIFIC_VALUE,YES,YES,YES,CONDITIONAL,"Safe only after method, scope, timing, or availability control.",NO_EXPERIMENTAL_COVERAGE; experimental nonmissing 0/51 (0.00%),"Thermo-Calc value at 300 K only; never transfer across temperature, alloy, or paper.",RETAIN_CONDITIONALLY; REQUIRE_SCOPE_GATE,Candidate status does not authorize pooling heterogeneous methods or filling missing values.
Recovered_YS_MPa,INTEGER_NUMERIC,MECHANICAL_RESPONSE,MECHANICAL_OUTCOME_LEAKAGE,PERMANENTLY_BLOCK_FROM_PRIMARY_PREDICTORS,NOT_ELIGIBLE_LEAKAGE,NOT_DEFINED_FOR_CURRENT_P017_FEATURE_SPACE,NO,DIRECT_SOURCE_FIELD,NO,NO,NO,YES,The field is an outcome of the same tensile test whose mechanisms are predicted.,NOT_MODEL_APPLICABLE; experimental nonmissing 9/51,Permanently excluded from primary pre-deformation TRIP/TWIP predictor matrices.,PERMANENTLY_BLOCK_FROM_PRIMARY_PREDICTORS,Primary V1 family: MECHANICAL_RESPONSE; classification is frozen for pre-deformation prediction.
Recovered_UTS_MPa,INTEGER_NUMERIC,MECHANICAL_RESPONSE,MECHANICAL_OUTCOME_LEAKAGE,PERMANENTLY_BLOCK_FROM_PRIMARY_PREDICTORS,NOT_ELIGIBLE_LEAKAGE,NOT_DEFINED_FOR_CURRENT_P017_FEATURE_SPACE,NO,DIRECT_SOURCE_FIELD,NO,NO,NO,YES,The field is an outcome of the same tensile test whose mechanisms are predicted.,NOT_MODEL_APPLICABLE; experimental nonmissing 6/51,Permanently excluded from primary pre-deformation TRIP/TWIP predictor matrices.,PERMANENTLY_BLOCK_FROM_PRIMARY_PREDICTORS,Primary V1 family: MECHANICAL_RESPONSE; classification is frozen for pre-deformation prediction.
Recovered_Elongation_pct,INTEGER_NUMERIC,MECHANICAL_RESPONSE,MECHANICAL_OUTCOME_LEAKAGE,PERMANENTLY_BLOCK_FROM_PRIMARY_PREDICTORS,NOT_ELIGIBLE_LEAKAGE,NOT_DEFINED_FOR_CURRENT_P017_FEATURE_SPACE,NO,DIRECT_SOURCE_FIELD,NO,NO,NO,YES,The field is an outcome of the same tensile test whose mechanisms are predicted.,NOT_MODEL_APPLICABLE; experimental nonmissing 5/51,Permanently excluded from primary pre-deformation TRIP/TWIP predictor matrices.,PERMANENTLY_BLOCK_FROM_PRIMARY_PREDICTORS,Primary V1 family: MECHANICAL_RESPONSE; classification is frozen for pre-deformation prediction.
Recovered_Uniform_elongation_pct,CONTINUOUS_NUMERIC,MECHANICAL_RESPONSE,MECHANICAL_OUTCOME_LEAKAGE,PERMANENTLY_BLOCK_FROM_PRIMARY_PREDICTORS,NOT_ELIGIBLE_LEAKAGE,NOT_DEFINED_FOR_CURRENT_P017_FEATURE_SPACE,NO,DIRECT_SOURCE_FIELD,NO,NO,NO,YES,The field is an outcome of the same tensile test whose mechanisms are predicted.,NOT_MODEL_APPLICABLE; experimental nonmissing 6/51,Permanently excluded from primary pre-deformation TRIP/TWIP predictor matrices.,PERMANENTLY_BLOCK_FROM_PRIMARY_PREDICTORS,Primary V1 family: MECHANICAL_RESPONSE; classification is frozen for pre-deformation prediction.
Recovered_Initial_FCC_fraction,CONTINUOUS_NUMERIC,INITIAL_MICROSTRUCTURE,PREDICTOR_SAFE_DIRECT,CANDIDATE_PREDICTOR,ELIGIBLE_SOURCE_FIELD,NOT_DEFINED_FOR_CURRENT_P017_FEATURE_SPACE,YES,DIRECT_SOURCE_FIELD,YES,YES,YES,NO,Direct source-supported information available before loading.,SEVERE; experimental nonmissing 5/51 (9.80%),"Must be explicitly pre-test; preserve method, phase, and initial-versus-deformed scope.",RETAIN_AS_UNTRANSFORMED_CANDIDATE,"No transformation, normalization, encoding, or imputation is performed in Feature Schema V1."
Recovered_Initial_HCP_fraction,CONTINUOUS_NUMERIC,INITIAL_MICROSTRUCTURE,PREDICTOR_SAFE_DIRECT,CANDIDATE_PREDICTOR,ELIGIBLE_SOURCE_FIELD,NOT_DEFINED_FOR_CURRENT_P017_FEATURE_SPACE,YES,DIRECT_SOURCE_FIELD,YES,YES,YES,NO,Direct source-supported information available before loading.,HIGH; experimental nonmissing 11/51 (21.57%),Pre-test HCP only; never promote processing or thermal martensite to a tensile target.,RETAIN_AS_UNTRANSFORMED_CANDIDATE,"No transformation, normalization, encoding, or imputation is performed in Feature Schema V1."
Recovered_TRIP,BINARY_NUMERIC,TARGET,TARGET_ONLY,TARGET_OR_TARGET_EVIDENCE_ONLY,TARGET_POOL_ONLY,NOT_DEFINED_FOR_CURRENT_P017_FEATURE_SPACE,NO,DIRECT_SOURCE_FIELD,NO,NO,NO,YES,"The field is a target, direct target state, or target evidence.",NOT_MODEL_APPLICABLE; experimental nonmissing 20/51,Retain for target definition/evidence only; never include in predictors.,RETAIN_FOR_TARGET_OR_EVIDENCE_ONLY,Primary V1 family: TARGET; classification is frozen for pre-deformation prediction.
Recovered_TWIP,BINARY_NUMERIC,TARGET,TARGET_ONLY,TARGET_OR_TARGET_EVIDENCE_ONLY,TARGET_POOL_ONLY,NOT_DEFINED_FOR_CURRENT_P017_FEATURE_SPACE,NO,DIRECT_SOURCE_FIELD,NO,NO,NO,YES,"The field is a target, direct target state, or target evidence.",NOT_MODEL_APPLICABLE; experimental nonmissing 20/51,Retain for target definition/evidence only; never include in predictors.,RETAIN_FOR_TARGET_OR_EVIDENCE_ONLY,Primary V1 family: TARGET; classification is frozen for pre-deformation prediction.
Recovered_Recrystallized_fraction,CONTINUOUS_NUMERIC,INITIAL_MICROSTRUCTURE,PREDICTOR_SAFE_DIRECT,CANDIDATE_PREDICTOR,ELIGIBLE_SOURCE_FIELD,NOT_DEFINED_FOR_CURRENT_P017_FEATURE_SPACE,YES,DIRECT_SOURCE_FIELD,YES,NO,YES,NO,Direct source-supported information available before loading.,SEVERE; experimental nonmissing 3/51 (5.88%),"Must be explicitly pre-test; preserve method, phase, and initial-versus-deformed scope.",RETAIN_AS_UNTRANSFORMED_CANDIDATE,"No transformation, normalization, encoding, or imputation is performed in Feature Schema V1."
Recovered_SFE_assumed_for_calculation_mJ_m2,INTEGER_NUMERIC,PHYSICS_THERMODYNAMICS,METADATA_ONLY,AUDIT_OR_DESCRIPTIVE_ONLY,NOT_ELIGIBLE_AS_ORDINARY_PREDICTOR,NOT_DEFINED_FOR_CURRENT_P017_FEATURE_SPACE,NOT_APPLICABLE_TO_MODEL_ROLE,SOURCE_REPORTED_METHOD_SPECIFIC_VALUE,YES,YES,YES,YES_IF_MODELED,"Metadata can encode paper, workflow, or extraction artifacts rather than material behavior.",NOT_MODEL_APPLICABLE; experimental nonmissing 2/51,P016 assumed model input; not a direct material measurement.,RETAIN; BLOCK_AS_ORDINARY_PREDICTOR,Primary V1 family: PHYSICS_THERMODYNAMICS; classification is frozen for pre-deformation prediction.
Recovery_Provenance_JSON,TEXT,PROVENANCE_QC,PROVENANCE_ONLY,AUDIT_OR_ELIGIBILITY_CONTROL_ONLY,AUDIT_CONTROL_ONLY,DOMAIN_CONTROL_ONLY,NOT_APPLICABLE_TO_MODEL_ROLE,SOURCE_OR_REPOSITORY_BOOKKEEPING,NO,NO,NO,YES_IF_MODELED,"Source, method, review, or QC bookkeeping can encode study and label-acquisition artifacts.",NOT_MODEL_APPLICABLE; experimental nonmissing 7/51,"Retain for audit, descriptive context, and eligibility control; never use as an ordinary predictor.",RETAIN_FOR_AUDIT_OR_ELIGIBILITY_CONTROL_ONLY,Primary V1 family: PROVENANCE_QC; classification is frozen for pre-deformation prediction.
Target_Correction_TRIP,CONTINUOUS_NUMERIC,TARGET,TARGET_ONLY,TARGET_OR_TARGET_EVIDENCE_ONLY,TARGET_POOL_ONLY,NOT_DEFINED_FOR_CURRENT_P017_FEATURE_SPACE,NO,REVIEW_DERIVED_TARGET_WITH_ORIGINAL_PRESERVED,NO,NO,NO,YES,"The field is a target, direct target state, or target evidence.",NOT_MODEL_APPLICABLE; experimental nonmissing 0/51,Retain for target definition/evidence only; never include in predictors.,RETAIN_FOR_TARGET_OR_EVIDENCE_ONLY,Primary V1 family: TARGET; classification is frozen for pre-deformation prediction.
Target_Correction_TWIP,TEXT,TARGET,TARGET_ONLY,TARGET_OR_TARGET_EVIDENCE_ONLY,TARGET_POOL_ONLY,NOT_DEFINED_FOR_CURRENT_P017_FEATURE_SPACE,NO,REVIEW_DERIVED_TARGET_WITH_ORIGINAL_PRESERVED,NO,NO,NO,YES,"The field is a target, direct target state, or target evidence.",NOT_MODEL_APPLICABLE; experimental nonmissing 0/51,Retain for target definition/evidence only; never include in predictors.,RETAIN_FOR_TARGET_OR_EVIDENCE_ONLY,Primary V1 family: TARGET; classification is frozen for pre-deformation prediction.
Resolution_Provenance_JSON,TEXT,PROVENANCE_QC,PROVENANCE_ONLY,AUDIT_OR_ELIGIBILITY_CONTROL_ONLY,AUDIT_CONTROL_ONLY,DOMAIN_CONTROL_ONLY,NOT_APPLICABLE_TO_MODEL_ROLE,SOURCE_OR_REPOSITORY_BOOKKEEPING,NO,NO,NO,YES_IF_MODELED,"Source, method, review, or QC bookkeeping can encode study and label-acquisition artifacts.",NOT_MODEL_APPLICABLE; experimental nonmissing 6/51,"Retain for audit, descriptive context, and eligibility control; never use as an ordinary predictor.",RETAIN_FOR_AUDIT_OR_ELIGIBILITY_CONTROL_ONLY,Primary V1 family: PROVENANCE_QC; classification is frozen for pre-deformation prediction.
Effective_TRIP,BINARY_NUMERIC,TARGET,TARGET_ONLY,TARGET_OR_TARGET_EVIDENCE_ONLY,TARGET_POOL_ONLY,NOT_DEFINED_FOR_CURRENT_P017_FEATURE_SPACE,NO,REVIEW_DERIVED_TARGET_WITH_ORIGINAL_PRESERVED,NO,NO,NO,YES,"The field is a target, direct target state, or target evidence.",NOT_MODEL_APPLICABLE; experimental nonmissing 32/51,Retain for target definition/evidence only; never include in predictors.,RETAIN_FOR_TARGET_OR_EVIDENCE_ONLY,Primary preserved experimental TRIP target candidate; final task selection is not made in V1.
Effective_TWIP,BINARY_NUMERIC,TARGET,TARGET_ONLY,TARGET_OR_TARGET_EVIDENCE_ONLY,TARGET_POOL_ONLY,NOT_DEFINED_FOR_CURRENT_P017_FEATURE_SPACE,NO,REVIEW_DERIVED_TARGET_WITH_ORIGINAL_PRESERVED,NO,NO,NO,YES,"The field is a target, direct target state, or target evidence.",NOT_MODEL_APPLICABLE; experimental nonmissing 30/51,Retain for target definition/evidence only; never include in predictors.,RETAIN_FOR_TARGET_OR_EVIDENCE_ONLY,Primary preserved experimental TWIP target candidate; final task selection is not made in V1.
Study_Series_ID,TEXT,IDENTITY_GROUPING,GROUPING_ONLY,SPLIT_AND_DEPENDENCE_CONTROL_ONLY,SPLIT_CONTROL_ONLY,DOMAIN_CONTROL_ONLY,NOT_APPLICABLE_TO_MODEL_ROLE,SOURCE_OR_REPOSITORY_BOOKKEEPING,NO,NO,NO,YES_IF_MODELED,A grouping key would expose dependence or study/material identity.,NOT_MODEL_APPLICABLE; experimental nonmissing 32/51,"Use only for identity, dependence control, or grouped split design.",RETAIN_FOR_SPLIT_DESIGN_ONLY,Primary V1 family: IDENTITY_GROUPING; classification is frozen for pre-deformation prediction.
Material_Parent_ID,TEXT,IDENTITY_GROUPING,GROUPING_ONLY,SPLIT_AND_DEPENDENCE_CONTROL_ONLY,SPLIT_CONTROL_ONLY,DOMAIN_CONTROL_ONLY,NOT_APPLICABLE_TO_MODEL_ROLE,SOURCE_OR_REPOSITORY_BOOKKEEPING,NO,NO,NO,YES_IF_MODELED,A grouping key would expose dependence or study/material identity.,NOT_MODEL_APPLICABLE; experimental nonmissing 32/51,"Use only for identity, dependence control, or grouped split design.",RETAIN_FOR_SPLIT_DESIGN_ONLY,Primary V1 family: IDENTITY_GROUPING; classification is frozen for pre-deformation prediction.
Physical_Batch_ID,CONTINUOUS_NUMERIC,IDENTITY_GROUPING,GROUPING_ONLY,SPLIT_AND_DEPENDENCE_CONTROL_ONLY,SPLIT_CONTROL_ONLY,DOMAIN_CONTROL_ONLY,NOT_APPLICABLE_TO_MODEL_ROLE,SOURCE_OR_REPOSITORY_BOOKKEEPING,NO,NO,NO,YES_IF_MODELED,A grouping key would expose dependence or study/material identity.,NOT_MODEL_APPLICABLE; experimental nonmissing 0/51,"Use only for identity, dependence control, or grouped split design.",RETAIN_FOR_SPLIT_DESIGN_ONLY,Primary V1 family: IDENTITY_GROUPING; classification is frozen for pre-deformation prediction.
Replicate_ID,CONTINUOUS_NUMERIC,IDENTITY_GROUPING,GROUPING_ONLY,SPLIT_AND_DEPENDENCE_CONTROL_ONLY,SPLIT_CONTROL_ONLY,DOMAIN_CONTROL_ONLY,NOT_APPLICABLE_TO_MODEL_ROLE,SOURCE_OR_REPOSITORY_BOOKKEEPING,NO,NO,NO,YES_IF_MODELED,A grouping key would expose dependence or study/material identity.,NOT_MODEL_APPLICABLE; experimental nonmissing 0/51,"Use only for identity, dependence control, or grouped split design.",RETAIN_FOR_SPLIT_DESIGN_ONLY,Primary V1 family: IDENTITY_GROUPING; classification is frozen for pre-deformation prediction.
Leakage_Group_Strict,TEXT,IDENTITY_GROUPING,GROUPING_ONLY,SPLIT_AND_DEPENDENCE_CONTROL_ONLY,SPLIT_CONTROL_ONLY,DOMAIN_CONTROL_ONLY,NOT_APPLICABLE_TO_MODEL_ROLE,SOURCE_OR_REPOSITORY_BOOKKEEPING,NO,NO,NO,YES_IF_MODELED,A grouping key would expose dependence or study/material identity.,NOT_MODEL_APPLICABLE; experimental nonmissing 32/51,Split/group control only; all dependent rows must remain within one fold.,RETAIN_FOR_SPLIT_DESIGN_ONLY,Primary V1 family: IDENTITY_GROUPING; classification is frozen for pre-deformation prediction.
Leakage_Group_Material,TEXT,IDENTITY_GROUPING,GROUPING_ONLY,SPLIT_AND_DEPENDENCE_CONTROL_ONLY,SPLIT_CONTROL_ONLY,DOMAIN_CONTROL_ONLY,NOT_APPLICABLE_TO_MODEL_ROLE,SOURCE_OR_REPOSITORY_BOOKKEEPING,NO,NO,NO,YES_IF_MODELED,A grouping key would expose dependence or study/material identity.,NOT_MODEL_APPLICABLE; experimental nonmissing 32/51,Material-family split/group control only; never a predictor.,RETAIN_FOR_SPLIT_DESIGN_ONLY,Primary V1 family: IDENTITY_GROUPING; classification is frozen for pre-deformation prediction.
Parent_Linkage_Status,TEXT,PROVENANCE_QC,PROVENANCE_ONLY,AUDIT_OR_ELIGIBILITY_CONTROL_ONLY,AUDIT_CONTROL_ONLY,DOMAIN_CONTROL_ONLY,NOT_APPLICABLE_TO_MODEL_ROLE,SOURCE_OR_REPOSITORY_BOOKKEEPING,NO,NO,NO,YES_IF_MODELED,"Source, method, review, or QC bookkeeping can encode study and label-acquisition artifacts.",NOT_MODEL_APPLICABLE; experimental nonmissing 5/51,"Retain for audit, descriptive context, and eligibility control; never use as an ordinary predictor.",RETAIN_FOR_AUDIT_OR_ELIGIBILITY_CONTROL_ONLY,Primary V1 family: PROVENANCE_QC; classification is frozen for pre-deformation prediction.
Aggregate_Property_Status,TEXT,PROVENANCE_QC,PROVENANCE_ONLY,AUDIT_OR_ELIGIBILITY_CONTROL_ONLY,AUDIT_CONTROL_ONLY,DOMAIN_CONTROL_ONLY,NOT_APPLICABLE_TO_MODEL_ROLE,SOURCE_OR_REPOSITORY_BOOKKEEPING,NO,NO,NO,YES_IF_MODELED,"Source, method, review, or QC bookkeeping can encode study and label-acquisition artifacts.",NOT_MODEL_APPLICABLE; experimental nonmissing 5/51,"Retain for audit, descriptive context, and eligibility control; never use as an ordinary predictor.",RETAIN_FOR_AUDIT_OR_ELIGIBILITY_CONTROL_ONLY,Primary V1 family: PROVENANCE_QC; classification is frozen for pre-deformation prediction.
Parent_ML_Condition_ID,TEXT,IDENTITY_GROUPING,GROUPING_ONLY,SPLIT_AND_DEPENDENCE_CONTROL_ONLY,SPLIT_CONTROL_ONLY,DOMAIN_CONTROL_ONLY,NOT_APPLICABLE_TO_MODEL_ROLE,SOURCE_OR_REPOSITORY_BOOKKEEPING,NO,NO,NO,YES_IF_MODELED,A grouping key would expose dependence or study/material identity.,NOT_MODEL_APPLICABLE; experimental nonmissing 31/51,"Use only for identity, dependence control, or grouped split design.",RETAIN_FOR_SPLIT_DESIGN_ONLY,Primary V1 family: IDENTITY_GROUPING; classification is frozen for pre-deformation prediction.
YS_mean,INTEGER_NUMERIC,MECHANICAL_RESPONSE,MECHANICAL_OUTCOME_LEAKAGE,PERMANENTLY_BLOCK_FROM_PRIMARY_PREDICTORS,NOT_ELIGIBLE_LEAKAGE,NOT_DEFINED_FOR_CURRENT_P017_FEATURE_SPACE,NO,DIRECT_SOURCE_FIELD,NO,NO,NO,YES,The field is an outcome of the same tensile test whose mechanisms are predicted.,NOT_MODEL_APPLICABLE; experimental nonmissing 10/51,Permanently excluded from primary pre-deformation TRIP/TWIP predictor matrices.,PERMANENTLY_BLOCK_FROM_PRIMARY_PREDICTORS,Primary V1 family: MECHANICAL_RESPONSE; classification is frozen for pre-deformation prediction.
YS_uncertainty,INTEGER_NUMERIC,MECHANICAL_RESPONSE,MECHANICAL_OUTCOME_LEAKAGE,PERMANENTLY_BLOCK_FROM_PRIMARY_PREDICTORS,NOT_ELIGIBLE_LEAKAGE,NOT_DEFINED_FOR_CURRENT_P017_FEATURE_SPACE,NO,DIRECT_SOURCE_FIELD,NO,NO,NO,YES,The field is an outcome of the same tensile test whose mechanisms are predicted.,NOT_MODEL_APPLICABLE; experimental nonmissing 10/51,Permanently excluded from primary pre-deformation TRIP/TWIP predictor matrices.,PERMANENTLY_BLOCK_FROM_PRIMARY_PREDICTORS,Primary V1 family: MECHANICAL_RESPONSE; classification is frozen for pre-deformation prediction.
UTS_mean,INTEGER_NUMERIC,MECHANICAL_RESPONSE,MECHANICAL_OUTCOME_LEAKAGE,PERMANENTLY_BLOCK_FROM_PRIMARY_PREDICTORS,NOT_ELIGIBLE_LEAKAGE,NOT_DEFINED_FOR_CURRENT_P017_FEATURE_SPACE,NO,DIRECT_SOURCE_FIELD,NO,NO,NO,YES,The field is an outcome of the same tensile test whose mechanisms are predicted.,NOT_MODEL_APPLICABLE; experimental nonmissing 10/51,Permanently excluded from primary pre-deformation TRIP/TWIP predictor matrices.,PERMANENTLY_BLOCK_FROM_PRIMARY_PREDICTORS,Primary V1 family: MECHANICAL_RESPONSE; classification is frozen for pre-deformation prediction.
UTS_uncertainty,INTEGER_NUMERIC,MECHANICAL_RESPONSE,MECHANICAL_OUTCOME_LEAKAGE,PERMANENTLY_BLOCK_FROM_PRIMARY_PREDICTORS,NOT_ELIGIBLE_LEAKAGE,NOT_DEFINED_FOR_CURRENT_P017_FEATURE_SPACE,NO,DIRECT_SOURCE_FIELD,NO,NO,NO,YES,The field is an outcome of the same tensile test whose mechanisms are predicted.,NOT_MODEL_APPLICABLE; experimental nonmissing 10/51,Permanently excluded from primary pre-deformation TRIP/TWIP predictor matrices.,PERMANENTLY_BLOCK_FROM_PRIMARY_PREDICTORS,Primary V1 family: MECHANICAL_RESPONSE; classification is frozen for pre-deformation prediction.
TE_mean,INTEGER_NUMERIC,MECHANICAL_RESPONSE,MECHANICAL_OUTCOME_LEAKAGE,PERMANENTLY_BLOCK_FROM_PRIMARY_PREDICTORS,NOT_ELIGIBLE_LEAKAGE,NOT_DEFINED_FOR_CURRENT_P017_FEATURE_SPACE,NO,DIRECT_SOURCE_FIELD,NO,NO,NO,YES,The field is an outcome of the same tensile test whose mechanisms are predicted.,NOT_MODEL_APPLICABLE; experimental nonmissing 10/51,Permanently excluded from primary pre-deformation TRIP/TWIP predictor matrices.,PERMANENTLY_BLOCK_FROM_PRIMARY_PREDICTORS,Primary V1 family: MECHANICAL_RESPONSE; classification is frozen for pre-deformation prediction.
TE_uncertainty,INTEGER_NUMERIC,MECHANICAL_RESPONSE,MECHANICAL_OUTCOME_LEAKAGE,PERMANENTLY_BLOCK_FROM_PRIMARY_PREDICTORS,NOT_ELIGIBLE_LEAKAGE,NOT_DEFINED_FOR_CURRENT_P017_FEATURE_SPACE,NO,DIRECT_SOURCE_FIELD,NO,NO,NO,YES,The field is an outcome of the same tensile test whose mechanisms are predicted.,NOT_MODEL_APPLICABLE; experimental nonmissing 10/51,Permanently excluded from primary pre-deformation TRIP/TWIP predictor matrices.,PERMANENTLY_BLOCK_FROM_PRIMARY_PREDICTORS,Primary V1 family: MECHANICAL_RESPONSE; classification is frozen for pre-deformation prediction.
UE_mean,INTEGER_NUMERIC,MECHANICAL_RESPONSE,MECHANICAL_OUTCOME_LEAKAGE,PERMANENTLY_BLOCK_FROM_PRIMARY_PREDICTORS,NOT_ELIGIBLE_LEAKAGE,NOT_DEFINED_FOR_CURRENT_P017_FEATURE_SPACE,NO,DIRECT_SOURCE_FIELD,NO,NO,NO,YES,The field is an outcome of the same tensile test whose mechanisms are predicted.,NOT_MODEL_APPLICABLE; experimental nonmissing 5/51,Permanently excluded from primary pre-deformation TRIP/TWIP predictor matrices.,PERMANENTLY_BLOCK_FROM_PRIMARY_PREDICTORS,Primary V1 family: MECHANICAL_RESPONSE; classification is frozen for pre-deformation prediction.
UE_uncertainty,INTEGER_NUMERIC,MECHANICAL_RESPONSE,MECHANICAL_OUTCOME_LEAKAGE,PERMANENTLY_BLOCK_FROM_PRIMARY_PREDICTORS,NOT_ELIGIBLE_LEAKAGE,NOT_DEFINED_FOR_CURRENT_P017_FEATURE_SPACE,NO,DIRECT_SOURCE_FIELD,NO,NO,NO,YES,The field is an outcome of the same tensile test whose mechanisms are predicted.,NOT_MODEL_APPLICABLE; experimental nonmissing 5/51,Permanently excluded from primary pre-deformation TRIP/TWIP predictor matrices.,PERMANENTLY_BLOCK_FROM_PRIMARY_PREDICTORS,Primary V1 family: MECHANICAL_RESPONSE; classification is frozen for pre-deformation prediction.
Replicate_n,INTEGER_NUMERIC,IDENTITY_GROUPING,GROUPING_ONLY,SPLIT_AND_DEPENDENCE_CONTROL_ONLY,SPLIT_CONTROL_ONLY,DOMAIN_CONTROL_ONLY,NOT_APPLICABLE_TO_MODEL_ROLE,SOURCE_OR_REPOSITORY_BOOKKEEPING,NO,NO,NO,YES_IF_MODELED,A grouping key would expose dependence or study/material identity.,NOT_MODEL_APPLICABLE; experimental nonmissing 11/51,"Use only for identity, dependence control, or grouped split design.",RETAIN_FOR_SPLIT_DESIGN_ONLY,Primary V1 family: IDENTITY_GROUPING; classification is frozen for pre-deformation prediction.
uncertainty_type,TEXT,PROVENANCE_QC,PROVENANCE_ONLY,AUDIT_OR_ELIGIBILITY_CONTROL_ONLY,AUDIT_CONTROL_ONLY,DOMAIN_CONTROL_ONLY,NOT_APPLICABLE_TO_MODEL_ROLE,SOURCE_OR_REPOSITORY_BOOKKEEPING,NO,NO,NO,YES_IF_MODELED,"Source, method, review, or QC bookkeeping can encode study and label-acquisition artifacts.",NOT_MODEL_APPLICABLE; experimental nonmissing 10/51,"Retain for audit, descriptive context, and eligibility control; never use as an ordinary predictor.",RETAIN_FOR_AUDIT_OR_ELIGIBILITY_CONTROL_ONLY,Primary V1 family: PROVENANCE_QC; classification is frozen for pre-deformation prediction.
P008_Record_Role,TEXT,PROVENANCE_QC,PROVENANCE_ONLY,AUDIT_OR_ELIGIBILITY_CONTROL_ONLY,AUDIT_CONTROL_ONLY,DOMAIN_CONTROL_ONLY,NOT_APPLICABLE_TO_MODEL_ROLE,SOURCE_OR_REPOSITORY_BOOKKEEPING,NO,NO,NO,YES_IF_MODELED,"Source, method, review, or QC bookkeeping can encode study and label-acquisition artifacts.",NOT_MODEL_APPLICABLE; experimental nonmissing 6/51,"Retain for audit, descriptive context, and eligibility control; never use as an ordinary predictor.",RETAIN_FOR_AUDIT_OR_ELIGIBILITY_CONTROL_ONLY,Primary V1 family: PROVENANCE_QC; classification is frozen for pre-deformation prediction.
P008_Legacy_Mapping_Status,TEXT,PROVENANCE_QC,PROVENANCE_ONLY,AUDIT_OR_ELIGIBILITY_CONTROL_ONLY,AUDIT_CONTROL_ONLY,DOMAIN_CONTROL_ONLY,NOT_APPLICABLE_TO_MODEL_ROLE,SOURCE_OR_REPOSITORY_BOOKKEEPING,NO,NO,NO,YES_IF_MODELED,"Source, method, review, or QC bookkeeping can encode study and label-acquisition artifacts.",NOT_MODEL_APPLICABLE; experimental nonmissing 6/51,"Retain for audit, descriptive context, and eligibility control; never use as an ordinary predictor.",RETAIN_FOR_AUDIT_OR_ELIGIBILITY_CONTROL_ONLY,Primary V1 family: PROVENANCE_QC; classification is frozen for pre-deformation prediction.
P008_Source_State,TEXT,PROCESSING,PREDICTOR_SAFE_CONDITIONAL,CONDITIONAL_CANDIDATE_PREDICTOR,CONDITIONAL_SCOPE_CONTROL_REQUIRED,NOT_DEFINED_FOR_CURRENT_P017_FEATURE_SPACE,CONDITIONAL_ON_SCOPE,DIRECT_SOURCE_FIELD,NO,NO,NO,CONDITIONAL,"Safe only after method, scope, timing, or availability control.",SEVERE; experimental nonmissing 6/51 (11.76%),Must describe processing completed before the tensile test; route text is not encoded in this task.,RETAIN_CONDITIONALLY; REQUIRE_SCOPE_GATE,Candidate status does not authorize pooling heterogeneous methods or filling missing values.
Recovered_Bulk_Composition_at_pct,TEXT,CHEMISTRY,PREDICTOR_SAFE_DIRECT,CANDIDATE_PREDICTOR,ELIGIBLE_SOURCE_FIELD,NOT_DEFINED_FOR_CURRENT_P017_FEATURE_SPACE,YES,DIRECT_SOURCE_FIELD,YES,NO,NO,NO,Direct source-supported information available before loading.,SEVERE; experimental nonmissing 6/51 (11.76%),Use only when explicitly specimen/material bulk; never substitute local or feedstock chemistry.,RETAIN_AS_UNTRANSFORMED_CANDIDATE,"No transformation, normalization, encoding, or imputation is performed in Feature Schema V1."
Recovered_Composition_Status,TEXT,CHEMISTRY,PROVENANCE_ONLY,AUDIT_OR_ELIGIBILITY_CONTROL_ONLY,AUDIT_CONTROL_ONLY,DOMAIN_CONTROL_ONLY,NOT_APPLICABLE_TO_MODEL_ROLE,SOURCE_OR_REPOSITORY_BOOKKEEPING,YES,NO,NO,YES_IF_MODELED,"Source, method, review, or QC bookkeeping can encode study and label-acquisition artifacts.",NOT_MODEL_APPLICABLE; experimental nonmissing 6/51,"Retain for audit, descriptive context, and eligibility control; never use as an ordinary predictor.",RETAIN_FOR_AUDIT_OR_ELIGIBILITY_CONTROL_ONLY,Primary V1 family: CHEMISTRY; classification is frozen for pre-deformation prediction.
Recovered_Processing_route,TEXT,PROCESSING,PREDICTOR_SAFE_DIRECT,CANDIDATE_PREDICTOR,ELIGIBLE_SOURCE_FIELD,NOT_DEFINED_FOR_CURRENT_P017_FEATURE_SPACE,YES,DIRECT_SOURCE_FIELD,NO,NO,NO,NO,Direct source-supported information available before loading.,SEVERE; experimental nonmissing 6/51 (11.76%),Must describe processing completed before the tensile test; route text is not encoded in this task.,RETAIN_AS_UNTRANSFORMED_CANDIDATE,"No transformation, normalization, encoding, or imputation is performed in Feature Schema V1."
Recovered_Test_T_Reported,TEXT,TEST_CONDITIONS,PREDICTOR_SAFE_CONDITIONAL,CONDITIONAL_CANDIDATE_PREDICTOR,CONDITIONAL_SCOPE_CONTROL_REQUIRED,NOT_DEFINED_FOR_CURRENT_P017_FEATURE_SPACE,CONDITIONAL_ON_SCOPE,DIRECT_SOURCE_FIELD,NO,YES,NO,CONDITIONAL,"Safe only after method, scope, timing, or availability control.",SEVERE; experimental nonmissing 9/51 (17.65%),Raw reported temperature; no numeric inference or standardization in V1.,RETAIN_CONDITIONALLY; REQUIRE_SCOPE_GATE,Candidate status does not authorize pooling heterogeneous methods or filling missing values.
Recovered_Test_T_Status,TEXT,TEST_CONDITIONS,PROVENANCE_ONLY,AUDIT_OR_ELIGIBILITY_CONTROL_ONLY,AUDIT_CONTROL_ONLY,DOMAIN_CONTROL_ONLY,NOT_APPLICABLE_TO_MODEL_ROLE,SOURCE_OR_REPOSITORY_BOOKKEEPING,NO,YES,NO,YES_IF_MODELED,"Source, method, review, or QC bookkeeping can encode study and label-acquisition artifacts.",NOT_MODEL_APPLICABLE; experimental nonmissing 9/51,"Retain for audit, descriptive context, and eligibility control; never use as an ordinary predictor.",RETAIN_FOR_AUDIT_OR_ELIGIBILITY_CONTROL_ONLY,Primary V1 family: TEST_CONDITIONS; classification is frozen for pre-deformation prediction.
Recovered_Grain_size_scope,TEXT,INITIAL_MICROSTRUCTURE,PROVENANCE_ONLY,AUDIT_OR_ELIGIBILITY_CONTROL_ONLY,AUDIT_CONTROL_ONLY,DOMAIN_CONTROL_ONLY,NOT_APPLICABLE_TO_MODEL_ROLE,SOURCE_OR_REPOSITORY_BOOKKEEPING,YES,NO,YES,YES_IF_MODELED,"Source, method, review, or QC bookkeeping can encode study and label-acquisition artifacts.",NOT_MODEL_APPLICABLE; experimental nonmissing 6/51,"Retain for audit, descriptive context, and eligibility control; never use as an ordinary predictor.",RETAIN_FOR_AUDIT_OR_ELIGIBILITY_CONTROL_ONLY,Primary V1 family: INITIAL_MICROSTRUCTURE; classification is frozen for pre-deformation prediction.
Recovered_Grain_size_status,TEXT,INITIAL_MICROSTRUCTURE,PROVENANCE_ONLY,AUDIT_OR_ELIGIBILITY_CONTROL_ONLY,AUDIT_CONTROL_ONLY,DOMAIN_CONTROL_ONLY,NOT_APPLICABLE_TO_MODEL_ROLE,SOURCE_OR_REPOSITORY_BOOKKEEPING,YES,NO,YES,YES_IF_MODELED,"Source, method, review, or QC bookkeeping can encode study and label-acquisition artifacts.",NOT_MODEL_APPLICABLE; experimental nonmissing 6/51,"Retain for audit, descriptive context, and eligibility control; never use as an ordinary predictor.",RETAIN_FOR_AUDIT_OR_ELIGIBILITY_CONTROL_ONLY,Primary V1 family: INITIAL_MICROSTRUCTURE; classification is frozen for pre-deformation prediction.
Recovered_Initial_HCP_status,TEXT,INITIAL_MICROSTRUCTURE,PROVENANCE_ONLY,AUDIT_OR_ELIGIBILITY_CONTROL_ONLY,AUDIT_CONTROL_ONLY,DOMAIN_CONTROL_ONLY,NOT_APPLICABLE_TO_MODEL_ROLE,SOURCE_OR_REPOSITORY_BOOKKEEPING,YES,YES,YES,YES_IF_MODELED,"Source, method, review, or QC bookkeeping can encode study and label-acquisition artifacts.",NOT_MODEL_APPLICABLE; experimental nonmissing 6/51,"Retain for audit, descriptive context, and eligibility control; never use as an ordinary predictor.",RETAIN_FOR_AUDIT_OR_ELIGIBILITY_CONTROL_ONLY,Primary V1 family: INITIAL_MICROSTRUCTURE; classification is frozen for pre-deformation prediction.
Initial_BCC_alpha_martensite_fraction,CONTINUOUS_NUMERIC,INITIAL_MICROSTRUCTURE,PREDICTOR_SAFE_CONDITIONAL,CONDITIONAL_CANDIDATE_PREDICTOR,CONDITIONAL_SCOPE_CONTROL_REQUIRED,NOT_DEFINED_FOR_CURRENT_P017_FEATURE_SPACE,CONDITIONAL_ON_SCOPE,DIRECT_SOURCE_FIELD,YES,NO,YES,CONDITIONAL,"Safe only after method, scope, timing, or availability control.",SEVERE; experimental nonmissing 3/51 (5.88%),Pre-test BCC alpha state; keep separate from HCP and tensile TRIP.,RETAIN_CONDITIONALLY; REQUIRE_SCOPE_GATE,Candidate status does not authorize pooling heterogeneous methods or filling missing values.
Initial_BCC_alpha_martensite_status,TEXT,INITIAL_MICROSTRUCTURE,PROVENANCE_ONLY,AUDIT_OR_ELIGIBILITY_CONTROL_ONLY,AUDIT_CONTROL_ONLY,DOMAIN_CONTROL_ONLY,NOT_APPLICABLE_TO_MODEL_ROLE,SOURCE_OR_REPOSITORY_BOOKKEEPING,YES,NO,YES,YES_IF_MODELED,"Source, method, review, or QC bookkeeping can encode study and label-acquisition artifacts.",NOT_MODEL_APPLICABLE; experimental nonmissing 6/51,"Retain for audit, descriptive context, and eligibility control; never use as an ordinary predictor.",RETAIN_FOR_AUDIT_OR_ELIGIBILITY_CONTROL_ONLY,Primary V1 family: INITIAL_MICROSTRUCTURE; classification is frozen for pre-deformation prediction.
Recovered_Recrystallized_fraction_status,TEXT,INITIAL_MICROSTRUCTURE,PROVENANCE_ONLY,AUDIT_OR_ELIGIBILITY_CONTROL_ONLY,AUDIT_CONTROL_ONLY,DOMAIN_CONTROL_ONLY,NOT_APPLICABLE_TO_MODEL_ROLE,SOURCE_OR_REPOSITORY_BOOKKEEPING,YES,NO,YES,YES_IF_MODELED,"Source, method, review, or QC bookkeeping can encode study and label-acquisition artifacts.",NOT_MODEL_APPLICABLE; experimental nonmissing 6/51,"Retain for audit, descriptive context, and eligibility control; never use as an ordinary predictor.",RETAIN_FOR_AUDIT_OR_ELIGIBILITY_CONTROL_ONLY,Primary V1 family: INITIAL_MICROSTRUCTURE; classification is frozen for pre-deformation prediction.
Recovered_YS_status,TEXT,PROVENANCE_QC,PROVENANCE_ONLY,AUDIT_OR_ELIGIBILITY_CONTROL_ONLY,AUDIT_CONTROL_ONLY,DOMAIN_CONTROL_ONLY,NOT_APPLICABLE_TO_MODEL_ROLE,SOURCE_OR_REPOSITORY_BOOKKEEPING,NO,NO,NO,YES_IF_MODELED,"Source, method, review, or QC bookkeeping can encode study and label-acquisition artifacts.",NOT_MODEL_APPLICABLE; experimental nonmissing 6/51,"Retain for audit, descriptive context, and eligibility control; never use as an ordinary predictor.",RETAIN_FOR_AUDIT_OR_ELIGIBILITY_CONTROL_ONLY,Primary V1 family: PROVENANCE_QC; classification is frozen for pre-deformation prediction.
Recovered_UTS_status,TEXT,PROVENANCE_QC,PROVENANCE_ONLY,AUDIT_OR_ELIGIBILITY_CONTROL_ONLY,AUDIT_CONTROL_ONLY,DOMAIN_CONTROL_ONLY,NOT_APPLICABLE_TO_MODEL_ROLE,SOURCE_OR_REPOSITORY_BOOKKEEPING,NO,NO,NO,YES_IF_MODELED,"Source, method, review, or QC bookkeeping can encode study and label-acquisition artifacts.",NOT_MODEL_APPLICABLE; experimental nonmissing 6/51,"Retain for audit, descriptive context, and eligibility control; never use as an ordinary predictor.",RETAIN_FOR_AUDIT_OR_ELIGIBILITY_CONTROL_ONLY,Primary V1 family: PROVENANCE_QC; classification is frozen for pre-deformation prediction.
Recovered_Uniform_elongation_status,TEXT,PROVENANCE_QC,PROVENANCE_ONLY,AUDIT_OR_ELIGIBILITY_CONTROL_ONLY,AUDIT_CONTROL_ONLY,DOMAIN_CONTROL_ONLY,NOT_APPLICABLE_TO_MODEL_ROLE,SOURCE_OR_REPOSITORY_BOOKKEEPING,NO,NO,NO,YES_IF_MODELED,"Source, method, review, or QC bookkeeping can encode study and label-acquisition artifacts.",NOT_MODEL_APPLICABLE; experimental nonmissing 6/51,"Retain for audit, descriptive context, and eligibility control; never use as an ordinary predictor.",RETAIN_FOR_AUDIT_OR_ELIGIBILITY_CONTROL_ONLY,Primary V1 family: PROVENANCE_QC; classification is frozen for pre-deformation prediction.
SFE_scope,TEXT,PHYSICS_THERMODYNAMICS,PROVENANCE_ONLY,AUDIT_OR_ELIGIBILITY_CONTROL_ONLY,AUDIT_CONTROL_ONLY,DOMAIN_CONTROL_ONLY,NOT_APPLICABLE_TO_MODEL_ROLE,SOURCE_OR_REPOSITORY_BOOKKEEPING,YES,YES,YES,YES_IF_MODELED,"Source, method, review, or QC bookkeeping can encode study and label-acquisition artifacts.",NOT_MODEL_APPLICABLE; experimental nonmissing 6/51,"Retain for audit, descriptive context, and eligibility control; never use as an ordinary predictor.",RETAIN_FOR_AUDIT_OR_ELIGIBILITY_CONTROL_ONLY,Primary V1 family: PHYSICS_THERMODYNAMICS; classification is frozen for pre-deformation prediction.
SFE_value_alloy_level_mJ_m2,CONTINUOUS_NUMERIC,PHYSICS_THERMODYNAMICS,PREDICTOR_SAFE_CONDITIONAL,CONDITIONAL_CANDIDATE_PREDICTOR,CONDITIONAL_METHOD_GATED_OR_FUTURE_ABLATION_ONLY,NOT_DEFINED_FOR_CURRENT_P017_FEATURE_SPACE,CONDITIONAL_ON_SCOPE,SOURCE_REPORTED_METHOD_SPECIFIC_VALUE,YES,YES,YES,CONDITIONAL,"Safe only after method, scope, timing, or availability control.",SEVERE; experimental nonmissing 6/51 (11.76%),Alloy-level value; do not duplicate across conditions without a predeclared scope rule.,RETAIN_CONDITIONALLY; REQUIRE_SCOPE_GATE,Candidate status does not authorize pooling heterogeneous methods or filling missing values.
SFE_status,TEXT,PHYSICS_THERMODYNAMICS,PROVENANCE_ONLY,AUDIT_OR_ELIGIBILITY_CONTROL_ONLY,AUDIT_CONTROL_ONLY,DOMAIN_CONTROL_ONLY,NOT_APPLICABLE_TO_MODEL_ROLE,SOURCE_OR_REPOSITORY_BOOKKEEPING,YES,YES,YES,YES_IF_MODELED,"Source, method, review, or QC bookkeeping can encode study and label-acquisition artifacts.",NOT_MODEL_APPLICABLE; experimental nonmissing 6/51,"Retain for audit, descriptive context, and eligibility control; never use as an ordinary predictor.",RETAIN_FOR_AUDIT_OR_ELIGIBILITY_CONTROL_ONLY,Primary V1 family: PHYSICS_THERMODYNAMICS; classification is frozen for pre-deformation prediction.
SFE_source_provenance,TEXT,PHYSICS_THERMODYNAMICS,PROVENANCE_ONLY,AUDIT_OR_ELIGIBILITY_CONTROL_ONLY,AUDIT_CONTROL_ONLY,DOMAIN_CONTROL_ONLY,NOT_APPLICABLE_TO_MODEL_ROLE,SOURCE_OR_REPOSITORY_BOOKKEEPING,YES,YES,YES,YES_IF_MODELED,"Source, method, review, or QC bookkeeping can encode study and label-acquisition artifacts.",NOT_MODEL_APPLICABLE; experimental nonmissing 6/51,"Retain for audit, descriptive context, and eligibility control; never use as an ordinary predictor.",RETAIN_FOR_AUDIT_OR_ELIGIBILITY_CONTROL_ONLY,Primary V1 family: PHYSICS_THERMODYNAMICS; classification is frozen for pre-deformation prediction.
Alpha_lath_thickness,TEXT,INITIAL_MICROSTRUCTURE,PREDICTOR_SAFE_CONDITIONAL,CONDITIONAL_CANDIDATE_PREDICTOR,CONDITIONAL_SCOPE_CONTROL_REQUIRED,NOT_DEFINED_FOR_CURRENT_P017_FEATURE_SPACE,CONDITIONAL_ON_SCOPE,DIRECT_SOURCE_FIELD,YES,NO,YES,CONDITIONAL,"Safe only after method, scope, timing, or availability control.",SEVERE; experimental nonmissing 1/51 (1.96%),"Must be explicitly pre-test; preserve method, phase, and initial-versus-deformed scope.",RETAIN_CONDITIONALLY; REQUIRE_SCOPE_GATE,Candidate status does not authorize pooling heterogeneous methods or filling missing values.
Alpha_lath_spacing,TEXT,INITIAL_MICROSTRUCTURE,PREDICTOR_SAFE_CONDITIONAL,CONDITIONAL_CANDIDATE_PREDICTOR,CONDITIONAL_SCOPE_CONTROL_REQUIRED,NOT_DEFINED_FOR_CURRENT_P017_FEATURE_SPACE,CONDITIONAL_ON_SCOPE,DIRECT_SOURCE_FIELD,YES,NO,YES,CONDITIONAL,"Safe only after method, scope, timing, or availability control.",SEVERE; experimental nonmissing 1/51 (1.96%),"Must be explicitly pre-test; preserve method, phase, and initial-versus-deformed scope.",RETAIN_CONDITIONALLY; REQUIRE_SCOPE_GATE,Candidate status does not authorize pooling heterogeneous methods or filling missing values.
Recovery_twin_fraction,CONTINUOUS_NUMERIC,INITIAL_MICROSTRUCTURE,PREDICTOR_SAFE_CONDITIONAL,CONDITIONAL_CANDIDATE_PREDICTOR,CONDITIONAL_SCOPE_CONTROL_REQUIRED,NOT_DEFINED_FOR_CURRENT_P017_FEATURE_SPACE,CONDITIONAL_ON_SCOPE,DIRECT_SOURCE_FIELD,YES,NO,YES,CONDITIONAL,"Safe only after method, scope, timing, or availability control.",SEVERE; experimental nonmissing 1/51 (1.96%),"Must be explicitly pre-test; preserve method, phase, and initial-versus-deformed scope.",RETAIN_CONDITIONALLY; REQUIRE_SCOPE_GATE,Candidate status does not authorize pooling heterogeneous methods or filling missing values.
Recovery_twin_thickness,TEXT,INITIAL_MICROSTRUCTURE,PREDICTOR_SAFE_CONDITIONAL,CONDITIONAL_CANDIDATE_PREDICTOR,CONDITIONAL_SCOPE_CONTROL_REQUIRED,NOT_DEFINED_FOR_CURRENT_P017_FEATURE_SPACE,CONDITIONAL_ON_SCOPE,DIRECT_SOURCE_FIELD,YES,NO,YES,CONDITIONAL,"Safe only after method, scope, timing, or availability control.",SEVERE; experimental nonmissing 1/51 (1.96%),"Must be explicitly pre-test; preserve method, phase, and initial-versus-deformed scope.",RETAIN_CONDITIONALLY; REQUIRE_SCOPE_GATE,Candidate status does not authorize pooling heterogeneous methods or filling missing values.
Recovery_twin_spacing_observed,TEXT,INITIAL_MICROSTRUCTURE,PREDICTOR_SAFE_CONDITIONAL,CONDITIONAL_CANDIDATE_PREDICTOR,CONDITIONAL_SCOPE_CONTROL_REQUIRED,NOT_DEFINED_FOR_CURRENT_P017_FEATURE_SPACE,CONDITIONAL_ON_SCOPE,DIRECT_SOURCE_FIELD,YES,NO,YES,CONDITIONAL,"Safe only after method, scope, timing, or availability control.",SEVERE; experimental nonmissing 1/51 (1.96%),"Must be explicitly pre-test; preserve method, phase, and initial-versus-deformed scope.",RETAIN_CONDITIONALLY; REQUIRE_SCOPE_GATE,Candidate status does not authorize pooling heterogeneous methods or filling missing values.
Recovery_twin_spacing_fraction_input_nm,INTEGER_NUMERIC,INITIAL_MICROSTRUCTURE,PREDICTOR_SAFE_CONDITIONAL,CONDITIONAL_CANDIDATE_PREDICTOR,CONDITIONAL_SCOPE_CONTROL_REQUIRED,NOT_DEFINED_FOR_CURRENT_P017_FEATURE_SPACE,CONDITIONAL_ON_SCOPE,DIRECT_SOURCE_FIELD,YES,NO,YES,CONDITIONAL,"Safe only after method, scope, timing, or availability control.",SEVERE; experimental nonmissing 1/51 (1.96%),"Must be explicitly pre-test; preserve method, phase, and initial-versus-deformed scope.",RETAIN_CONDITIONALLY; REQUIRE_SCOPE_GATE,Candidate status does not authorize pooling heterogeneous methods or filling missing values.
Deformation_twin_width,TEXT,POST_DEFORMATION_MICROSTRUCTURE,POST_TEST_LEAKAGE,PERMANENTLY_BLOCK_FROM_PRIMARY_PREDICTORS,NOT_ELIGIBLE_LEAKAGE,NOT_DEFINED_FOR_CURRENT_P017_FEATURE_SPACE,NO,DIRECT_SOURCE_FIELD,YES,NO,YES,YES,The field is observed only after tensile deformation starts or after fracture.,NOT_MODEL_APPLICABLE; experimental nonmissing 1/51,Permanently excluded from primary pre-deformation TRIP/TWIP predictor matrices.,PERMANENTLY_BLOCK_FROM_PRIMARY_PREDICTORS,Primary V1 family: POST_DEFORMATION_MICROSTRUCTURE; classification is frozen for pre-deformation prediction.
Deformation_twin_spacing,TEXT,POST_DEFORMATION_MICROSTRUCTURE,POST_TEST_LEAKAGE,PERMANENTLY_BLOCK_FROM_PRIMARY_PREDICTORS,NOT_ELIGIBLE_LEAKAGE,NOT_DEFINED_FOR_CURRENT_P017_FEATURE_SPACE,NO,DIRECT_SOURCE_FIELD,YES,NO,YES,YES,The field is observed only after tensile deformation starts or after fracture.,NOT_MODEL_APPLICABLE; experimental nonmissing 1/51,Permanently excluded from primary pre-deformation TRIP/TWIP predictor matrices.,PERMANENTLY_BLOCK_FROM_PRIMARY_PREDICTORS,Primary V1 family: POST_DEFORMATION_MICROSTRUCTURE; classification is frozen for pre-deformation prediction.
Precipitate_type,TEXT,INITIAL_MICROSTRUCTURE,PREDICTOR_SAFE_CONDITIONAL,CONDITIONAL_CANDIDATE_PREDICTOR,CONDITIONAL_SCOPE_CONTROL_REQUIRED,NOT_DEFINED_FOR_CURRENT_P017_FEATURE_SPACE,CONDITIONAL_ON_SCOPE,DIRECT_SOURCE_FIELD,YES,NO,YES,CONDITIONAL,"Safe only after method, scope, timing, or availability control.",SEVERE; experimental nonmissing 1/51 (1.96%),"Must be explicitly pre-test; preserve method, phase, and initial-versus-deformed scope.",RETAIN_CONDITIONALLY; REQUIRE_SCOPE_GATE,Candidate status does not authorize pooling heterogeneous methods or filling missing values.
APT_local_composition,TEXT,CHEMISTRY,PREDICTOR_SAFE_CONDITIONAL,CONDITIONAL_CANDIDATE_PREDICTOR,CONDITIONAL_SCOPE_CONTROL_REQUIRED,NOT_DEFINED_FOR_CURRENT_P017_FEATURE_SPACE,CONDITIONAL_ON_SCOPE,DIRECT_SOURCE_FIELD,YES,NO,NO,CONDITIONAL,"Safe only after method, scope, timing, or availability control.",SEVERE; experimental nonmissing 1/51 (1.96%),Local APT chemistry only; not bulk composition.,RETAIN_CONDITIONALLY; REQUIRE_SCOPE_GATE,Candidate status does not authorize pooling heterogeneous methods or filling missing values.
EDS_local_composition,TEXT,CHEMISTRY,PREDICTOR_SAFE_CONDITIONAL,CONDITIONAL_CANDIDATE_PREDICTOR,CONDITIONAL_SCOPE_CONTROL_REQUIRED,NOT_DEFINED_FOR_CURRENT_P017_FEATURE_SPACE,CONDITIONAL_ON_SCOPE,DIRECT_SOURCE_FIELD,YES,NO,NO,CONDITIONAL,"Safe only after method, scope, timing, or availability control.",SEVERE; experimental nonmissing 1/51 (1.96%),Local EDS chemistry only; not bulk composition.,RETAIN_CONDITIONALLY; REQUIRE_SCOPE_GATE,Candidate status does not authorize pooling heterogeneous methods or filling missing values.
P008_Recovery_Provenance_JSON,TEXT,PROVENANCE_QC,PROVENANCE_ONLY,AUDIT_OR_ELIGIBILITY_CONTROL_ONLY,AUDIT_CONTROL_ONLY,DOMAIN_CONTROL_ONLY,NOT_APPLICABLE_TO_MODEL_ROLE,SOURCE_OR_REPOSITORY_BOOKKEEPING,NO,NO,NO,YES_IF_MODELED,"Source, method, review, or QC bookkeeping can encode study and label-acquisition artifacts.",NOT_MODEL_APPLICABLE; experimental nonmissing 1/51,"Retain for audit, descriptive context, and eligibility control; never use as an ordinary predictor.",RETAIN_FOR_AUDIT_OR_ELIGIBILITY_CONTROL_ONLY,Primary V1 family: PROVENANCE_QC; classification is frozen for pre-deformation prediction.
Independent_ML_sample,TEXT,IDENTITY_GROUPING,GROUPING_ONLY,SPLIT_AND_DEPENDENCE_CONTROL_ONLY,SPLIT_CONTROL_ONLY,DOMAIN_CONTROL_ONLY,NOT_APPLICABLE_TO_MODEL_ROLE,SOURCE_OR_REPOSITORY_BOOKKEEPING,NO,NO,NO,YES_IF_MODELED,A grouping key would expose dependence or study/material identity.,NOT_MODEL_APPLICABLE; experimental nonmissing 21/51,"Use only for identity, dependence control, or grouped split design.",RETAIN_FOR_SPLIT_DESIGN_ONLY,Primary V1 family: IDENTITY_GROUPING; classification is frozen for pre-deformation prediction.
Nominal_Composition_at_pct,TEXT,CHEMISTRY,PREDICTOR_SAFE_DIRECT,CANDIDATE_PREDICTOR,ELIGIBLE_SOURCE_FIELD,NOT_DEFINED_FOR_CURRENT_P017_FEATURE_SPACE,YES,DIRECT_SOURCE_FIELD,YES,NO,NO,NO,Direct source-supported information available before loading.,HIGH; experimental nonmissing 17/51 (33.33%),Nominal chemistry only; do not overwrite with measured chemistry.,RETAIN_AS_UNTRANSFORMED_CANDIDATE,"No transformation, normalization, encoding, or imputation is performed in Feature Schema V1."
Measured_Composition_Status,TEXT,CHEMISTRY,PROVENANCE_ONLY,AUDIT_OR_ELIGIBILITY_CONTROL_ONLY,AUDIT_CONTROL_ONLY,DOMAIN_CONTROL_ONLY,NOT_APPLICABLE_TO_MODEL_ROLE,SOURCE_OR_REPOSITORY_BOOKKEEPING,YES,NO,NO,YES_IF_MODELED,"Source, method, review, or QC bookkeeping can encode study and label-acquisition artifacts.",NOT_MODEL_APPLICABLE; experimental nonmissing 16/51,"Retain for audit, descriptive context, and eligibility control; never use as an ordinary predictor.",RETAIN_FOR_AUDIT_OR_ELIGIBILITY_CONTROL_ONLY,Primary V1 family: CHEMISTRY; classification is frozen for pre-deformation prediction.
Cr_at%_uncertainty,CONTINUOUS_NUMERIC,CHEMISTRY,PREDICTOR_SAFE_CONDITIONAL,CONDITIONAL_CANDIDATE_PREDICTOR,CONDITIONAL_SCOPE_CONTROL_REQUIRED,NOT_DEFINED_FOR_CURRENT_P017_FEATURE_SPACE,CONDITIONAL_ON_SCOPE,DIRECT_SOURCE_FIELD,NO,NO,NO,CONDITIONAL,"Safe only after method, scope, timing, or availability control.",SEVERE; experimental nonmissing 3/51 (5.88%),Retain source basis and scope; measured bulk is preferred over nominal only under the documented future policy.,RETAIN_CONDITIONALLY; REQUIRE_SCOPE_GATE,Candidate status does not authorize pooling heterogeneous methods or filling missing values.
Mn_at%_uncertainty,CONTINUOUS_NUMERIC,CHEMISTRY,PREDICTOR_SAFE_CONDITIONAL,CONDITIONAL_CANDIDATE_PREDICTOR,CONDITIONAL_SCOPE_CONTROL_REQUIRED,NOT_DEFINED_FOR_CURRENT_P017_FEATURE_SPACE,CONDITIONAL_ON_SCOPE,DIRECT_SOURCE_FIELD,NO,NO,NO,CONDITIONAL,"Safe only after method, scope, timing, or availability control.",SEVERE; experimental nonmissing 3/51 (5.88%),Retain source basis and scope; measured bulk is preferred over nominal only under the documented future policy.,RETAIN_CONDITIONALLY; REQUIRE_SCOPE_GATE,Candidate status does not authorize pooling heterogeneous methods or filling missing values.
Fe_at%_uncertainty,CONTINUOUS_NUMERIC,CHEMISTRY,PREDICTOR_SAFE_CONDITIONAL,CONDITIONAL_CANDIDATE_PREDICTOR,CONDITIONAL_SCOPE_CONTROL_REQUIRED,NOT_DEFINED_FOR_CURRENT_P017_FEATURE_SPACE,CONDITIONAL_ON_SCOPE,DIRECT_SOURCE_FIELD,NO,NO,NO,CONDITIONAL,"Safe only after method, scope, timing, or availability control.",SEVERE; experimental nonmissing 3/51 (5.88%),Retain source basis and scope; measured bulk is preferred over nominal only under the documented future policy.,RETAIN_CONDITIONALLY; REQUIRE_SCOPE_GATE,Candidate status does not authorize pooling heterogeneous methods or filling missing values.
Co_at%_uncertainty,CONTINUOUS_NUMERIC,CHEMISTRY,PREDICTOR_SAFE_CONDITIONAL,CONDITIONAL_CANDIDATE_PREDICTOR,CONDITIONAL_SCOPE_CONTROL_REQUIRED,NOT_DEFINED_FOR_CURRENT_P017_FEATURE_SPACE,CONDITIONAL_ON_SCOPE,DIRECT_SOURCE_FIELD,NO,NO,NO,CONDITIONAL,"Safe only after method, scope, timing, or availability control.",SEVERE; experimental nonmissing 3/51 (5.88%),Retain source basis and scope; measured bulk is preferred over nominal only under the documented future policy.,RETAIN_CONDITIONALLY; REQUIRE_SCOPE_GATE,Candidate status does not authorize pooling heterogeneous methods or filling missing values.
Ni_at%_uncertainty,CONTINUOUS_NUMERIC,CHEMISTRY,PREDICTOR_SAFE_CONDITIONAL,CONDITIONAL_CANDIDATE_PREDICTOR,CONDITIONAL_SCOPE_CONTROL_REQUIRED,NOT_DEFINED_FOR_CURRENT_P017_FEATURE_SPACE,CONDITIONAL_ON_SCOPE,DIRECT_SOURCE_FIELD,NO,NO,NO,CONDITIONAL,"Safe only after method, scope, timing, or availability control.",SEVERE; experimental nonmissing 3/51 (5.88%),Retain source basis and scope; measured bulk is preferred over nominal only under the documented future policy.,RETAIN_CONDITIONALLY; REQUIRE_SCOPE_GATE,Candidate status does not authorize pooling heterogeneous methods or filling missing values.
Initial_Phase_State_Qualitative,TEXT,INITIAL_MICROSTRUCTURE,PREDICTOR_SAFE_CONDITIONAL,CONDITIONAL_CANDIDATE_PREDICTOR,CONDITIONAL_SCOPE_CONTROL_REQUIRED,NOT_DEFINED_FOR_CURRENT_P017_FEATURE_SPACE,CONDITIONAL_ON_SCOPE,DIRECT_SOURCE_FIELD,YES,YES,YES,CONDITIONAL,"Safe only after method, scope, timing, or availability control.",HIGH; experimental nonmissing 12/51 (23.53%),"Must be explicitly pre-test; preserve method, phase, and initial-versus-deformed scope.",RETAIN_CONDITIONALLY; REQUIRE_SCOPE_GATE,Candidate status does not authorize pooling heterogeneous methods or filling missing values.
Initial_Phase_Status,TEXT,PROVENANCE_QC,PROVENANCE_ONLY,AUDIT_OR_ELIGIBILITY_CONTROL_ONLY,AUDIT_CONTROL_ONLY,DOMAIN_CONTROL_ONLY,NOT_APPLICABLE_TO_MODEL_ROLE,SOURCE_OR_REPOSITORY_BOOKKEEPING,NO,YES,YES,YES_IF_MODELED,"Source, method, review, or QC bookkeeping can encode study and label-acquisition artifacts.",NOT_MODEL_APPLICABLE; experimental nonmissing 16/51,"Retain for audit, descriptive context, and eligibility control; never use as an ordinary predictor.",RETAIN_FOR_AUDIT_OR_ELIGIBILITY_CONTROL_ONLY,Primary V1 family: PROVENANCE_QC; classification is frozen for pre-deformation prediction.
Magnetic_transition_T_K,INTEGER_NUMERIC,PHYSICS_THERMODYNAMICS,PREDICTOR_SAFE_CONDITIONAL,CONDITIONAL_CANDIDATE_PREDICTOR,CONDITIONAL_SCOPE_CONTROL_REQUIRED,NOT_DEFINED_FOR_CURRENT_P017_FEATURE_SPACE,CONDITIONAL_ON_SCOPE,DIRECT_SOURCE_FIELD,YES,YES,YES,CONDITIONAL,"Safe only after method, scope, timing, or availability control.",SEVERE; experimental nonmissing 3/51 (5.88%),"Require method, phase/structure, temperature, and source-domain matching; no cross-paper transfer.",RETAIN_CONDITIONALLY; REQUIRE_SCOPE_GATE,Candidate status does not authorize pooling heterogeneous methods or filling missing values.
Magnetic_transition_Status,TEXT,PHYSICS_THERMODYNAMICS,PROVENANCE_ONLY,AUDIT_OR_ELIGIBILITY_CONTROL_ONLY,AUDIT_CONTROL_ONLY,DOMAIN_CONTROL_ONLY,NOT_APPLICABLE_TO_MODEL_ROLE,SOURCE_OR_REPOSITORY_BOOKKEEPING,YES,YES,YES,YES_IF_MODELED,"Source, method, review, or QC bookkeeping can encode study and label-acquisition artifacts.",NOT_MODEL_APPLICABLE; experimental nonmissing 3/51,"Retain for audit, descriptive context, and eligibility control; never use as an ordinary predictor.",RETAIN_FOR_AUDIT_OR_ELIGIBILITY_CONTROL_ONLY,Primary V1 family: PHYSICS_THERMODYNAMICS; classification is frozen for pre-deformation prediction.
Low_T_Magnetic_Behavior,TEXT,PHYSICS_THERMODYNAMICS,PREDICTOR_SAFE_CONDITIONAL,CONDITIONAL_CANDIDATE_PREDICTOR,CONDITIONAL_SCOPE_CONTROL_REQUIRED,NOT_DEFINED_FOR_CURRENT_P017_FEATURE_SPACE,CONDITIONAL_ON_SCOPE,DIRECT_SOURCE_FIELD,YES,YES,YES,CONDITIONAL,"Safe only after method, scope, timing, or availability control.",SEVERE; experimental nonmissing 3/51 (5.88%),"Require method, phase/structure, temperature, and source-domain matching; no cross-paper transfer.",RETAIN_CONDITIONALLY; REQUIRE_SCOPE_GATE,Candidate status does not authorize pooling heterogeneous methods or filling missing values.
Low_T_Magnetic_Behavior_T_K,INTEGER_NUMERIC,PHYSICS_THERMODYNAMICS,PREDICTOR_SAFE_CONDITIONAL,CONDITIONAL_CANDIDATE_PREDICTOR,CONDITIONAL_SCOPE_CONTROL_REQUIRED,NOT_DEFINED_FOR_CURRENT_P017_FEATURE_SPACE,CONDITIONAL_ON_SCOPE,DIRECT_SOURCE_FIELD,YES,YES,YES,CONDITIONAL,"Safe only after method, scope, timing, or availability control.",SEVERE; experimental nonmissing 3/51 (5.88%),"Require method, phase/structure, temperature, and source-domain matching; no cross-paper transfer.",RETAIN_CONDITIONALLY; REQUIRE_SCOPE_GATE,Candidate status does not authorize pooling heterogeneous methods or filling missing values.
Computational_Magnetic_States,TEXT,COMPUTATIONAL_ONLY,COMPUTATIONAL_ONLY,COMPUTATIONAL_DOMAIN_ONLY,NOT_ELIGIBLE_EXPERIMENTAL_DOMAIN,ELIGIBLE_COMPUTATIONAL_DOMAIN_ONLY,COMPUTATIONAL_DOMAIN_ONLY,SOURCE_REPORTED_COMPUTATIONAL,NO,YES,NO,YES_FOR_EXPERIMENTAL_MODEL,The descriptor is confined to a non-equivalent computational domain.,NOT_MODEL_APPLICABLE; experimental nonmissing 3/51,Retain outside the experimental feature matrix; do not use P017 to increase experimental sample count.,KEEP_IN_SEPARATE_COMPUTATIONAL_DOMAIN,Primary V1 family: COMPUTATIONAL_ONLY; classification is frozen for pre-deformation prediction.
PM_Model,TEXT,COMPUTATIONAL_ONLY,COMPUTATIONAL_ONLY,COMPUTATIONAL_DOMAIN_ONLY,NOT_ELIGIBLE_EXPERIMENTAL_DOMAIN,ELIGIBLE_COMPUTATIONAL_DOMAIN_ONLY,COMPUTATIONAL_DOMAIN_ONLY,SOURCE_REPORTED_COMPUTATIONAL,NO,NO,NO,YES_FOR_EXPERIMENTAL_MODEL,The descriptor is confined to a non-equivalent computational domain.,NOT_MODEL_APPLICABLE; experimental nonmissing 3/51,Retain outside the experimental feature matrix; do not use P017 to increase experimental sample count.,KEEP_IN_SEPARATE_COMPUTATIONAL_DOMAIN,Primary V1 family: COMPUTATIONAL_ONLY; classification is frozen for pre-deformation prediction.
AFM_Model,TEXT,COMPUTATIONAL_ONLY,COMPUTATIONAL_ONLY,COMPUTATIONAL_DOMAIN_ONLY,NOT_ELIGIBLE_EXPERIMENTAL_DOMAIN,ELIGIBLE_COMPUTATIONAL_DOMAIN_ONLY,COMPUTATIONAL_DOMAIN_ONLY,SOURCE_REPORTED_COMPUTATIONAL,NO,NO,NO,YES_FOR_EXPERIMENTAL_MODEL,The descriptor is confined to a non-equivalent computational domain.,NOT_MODEL_APPLICABLE; experimental nonmissing 3/51,Retain outside the experimental feature matrix; do not use P017 to increase experimental sample count.,KEEP_IN_SEPARATE_COMPUTATIONAL_DOMAIN,Primary V1 family: COMPUTATIONAL_ONLY; classification is frozen for pre-deformation prediction.
Computational_SFE_Scope,TEXT,COMPUTATIONAL_ONLY,COMPUTATIONAL_ONLY,COMPUTATIONAL_DOMAIN_ONLY,NOT_ELIGIBLE_EXPERIMENTAL_DOMAIN,ELIGIBLE_COMPUTATIONAL_DOMAIN_ONLY,COMPUTATIONAL_DOMAIN_ONLY,SOURCE_REPORTED_COMPUTATIONAL,YES,YES,YES,YES_FOR_EXPERIMENTAL_MODEL,The descriptor is confined to a non-equivalent computational domain.,NOT_MODEL_APPLICABLE; experimental nonmissing 3/51,Retain outside the experimental feature matrix; do not use P017 to increase experimental sample count.,KEEP_IN_SEPARATE_COMPUTATIONAL_DOMAIN,Primary V1 family: COMPUTATIONAL_ONLY; classification is frozen for pre-deformation prediction.
SFE_Relative_Trend,TEXT,COMPUTATIONAL_ONLY,COMPUTATIONAL_ONLY,COMPUTATIONAL_DOMAIN_ONLY,NOT_ELIGIBLE_EXPERIMENTAL_DOMAIN,ELIGIBLE_COMPUTATIONAL_DOMAIN_ONLY,COMPUTATIONAL_DOMAIN_ONLY,SOURCE_REPORTED_COMPUTATIONAL,YES,YES,YES,YES_FOR_EXPERIMENTAL_MODEL,The descriptor is confined to a non-equivalent computational domain.,NOT_MODEL_APPLICABLE; experimental nonmissing 3/51,Retain outside the experimental feature matrix; do not use P017 to increase experimental sample count.,KEEP_IN_SEPARATE_COMPUTATIONAL_DOMAIN,Primary V1 family: COMPUTATIONAL_ONLY; classification is frozen for pre-deformation prediction.
Finite_T_SFE_Excitations_Status,TEXT,COMPUTATIONAL_ONLY,COMPUTATIONAL_ONLY,COMPUTATIONAL_DOMAIN_ONLY,NOT_ELIGIBLE_EXPERIMENTAL_DOMAIN,ELIGIBLE_COMPUTATIONAL_DOMAIN_ONLY,COMPUTATIONAL_DOMAIN_ONLY,SOURCE_REPORTED_COMPUTATIONAL,YES,YES,YES,YES_FOR_EXPERIMENTAL_MODEL,The descriptor is confined to a non-equivalent computational domain.,NOT_MODEL_APPLICABLE; experimental nonmissing 3/51,Retain outside the experimental feature matrix; do not use P017 to increase experimental sample count.,KEEP_IN_SEPARATE_COMPUTATIONAL_DOMAIN,Primary V1 family: COMPUTATIONAL_ONLY; classification is frozen for pre-deformation prediction.
P010_Record_Role,TEXT,PROVENANCE_QC,PROVENANCE_ONLY,AUDIT_OR_ELIGIBILITY_CONTROL_ONLY,AUDIT_CONTROL_ONLY,DOMAIN_CONTROL_ONLY,NOT_APPLICABLE_TO_MODEL_ROLE,SOURCE_OR_REPOSITORY_BOOKKEEPING,NO,NO,NO,YES_IF_MODELED,"Source, method, review, or QC bookkeeping can encode study and label-acquisition artifacts.",NOT_MODEL_APPLICABLE; experimental nonmissing 3/51,"Retain for audit, descriptive context, and eligibility control; never use as an ordinary predictor.",RETAIN_FOR_AUDIT_OR_ELIGIBILITY_CONTROL_ONLY,Primary V1 family: PROVENANCE_QC; classification is frozen for pre-deformation prediction.
P010_Recovery_Provenance_JSON,TEXT,PROVENANCE_QC,PROVENANCE_ONLY,AUDIT_OR_ELIGIBILITY_CONTROL_ONLY,AUDIT_CONTROL_ONLY,DOMAIN_CONTROL_ONLY,NOT_APPLICABLE_TO_MODEL_ROLE,SOURCE_OR_REPOSITORY_BOOKKEEPING,NO,NO,NO,YES_IF_MODELED,"Source, method, review, or QC bookkeeping can encode study and label-acquisition artifacts.",NOT_MODEL_APPLICABLE; experimental nonmissing 3/51,"Retain for audit, descriptive context, and eligibility control; never use as an ordinary predictor.",RETAIN_FOR_AUDIT_OR_ELIGIBILITY_CONTROL_ONLY,Primary V1 family: PROVENANCE_QC; classification is frozen for pre-deformation prediction.
Processing_State_ID,TEXT,IDENTITY_GROUPING,IDENTIFIER_ONLY,IDENTITY_CONTROL_ONLY,NOT_ELIGIBLE_AS_PREDICTOR,DOMAIN_CONTROL_ONLY,NOT_APPLICABLE_TO_MODEL_ROLE,SOURCE_OR_REPOSITORY_BOOKKEEPING,NO,NO,NO,YES_IF_MODELED,"The identifier can memorize paper, material, condition, or observation identity.",NOT_MODEL_APPLICABLE; experimental nonmissing 9/51,"Use only for identity, dependence control, or grouped split design.",RETAIN_FOR_IDENTITY_CONTROL_ONLY,Primary V1 family: IDENTITY_GROUPING; classification is frozen for pre-deformation prediction.
Source_Material_ID,TEXT,IDENTITY_GROUPING,GROUPING_ONLY,SPLIT_AND_DEPENDENCE_CONTROL_ONLY,SPLIT_CONTROL_ONLY,DOMAIN_CONTROL_ONLY,NOT_APPLICABLE_TO_MODEL_ROLE,SOURCE_OR_REPOSITORY_BOOKKEEPING,NO,NO,NO,YES_IF_MODELED,A grouping key would expose dependence or study/material identity.,NOT_MODEL_APPLICABLE; experimental nonmissing 4/51,"Use only for identity, dependence control, or grouped split design.",RETAIN_FOR_SPLIT_DESIGN_ONLY,Primary V1 family: IDENTITY_GROUPING; classification is frozen for pre-deformation prediction.
Sintering_T_C,INTEGER_NUMERIC,PROCESSING,PREDICTOR_SAFE_DIRECT,CANDIDATE_PREDICTOR,ELIGIBLE_SOURCE_FIELD,NOT_DEFINED_FOR_CURRENT_P017_FEATURE_SPACE,YES,DIRECT_SOURCE_FIELD,NO,NO,NO,NO,Direct source-supported information available before loading.,SEVERE; experimental nonmissing 4/51 (7.84%),Must describe processing completed before the tensile test; route text is not encoded in this task.,RETAIN_AS_UNTRANSFORMED_CANDIDATE,"No transformation, normalization, encoding, or imputation is performed in Feature Schema V1."
Relative_Density_pct,CONTINUOUS_NUMERIC,INITIAL_MICROSTRUCTURE,PREDICTOR_SAFE_DIRECT,CANDIDATE_PREDICTOR,ELIGIBLE_SOURCE_FIELD,NOT_DEFINED_FOR_CURRENT_P017_FEATURE_SPACE,YES,DIRECT_SOURCE_FIELD,YES,NO,YES,NO,Direct source-supported information available before loading.,SEVERE; experimental nonmissing 4/51 (7.84%),"Must be explicitly pre-test; preserve method, phase, and initial-versus-deformed scope.",RETAIN_AS_UNTRANSFORMED_CANDIDATE,"No transformation, normalization, encoding, or imputation is performed in Feature Schema V1."
Effective_Grain_Size_Including_TB_PhaseBoundary_um,CONTINUOUS_NUMERIC,INITIAL_MICROSTRUCTURE,PREDICTOR_SAFE_DIRECT,CANDIDATE_PREDICTOR,ELIGIBLE_SOURCE_FIELD,NOT_DEFINED_FOR_CURRENT_P017_FEATURE_SPACE,YES,DIRECT_SOURCE_FIELD,YES,YES,YES,NO,Direct source-supported information available before loading.,SEVERE; experimental nonmissing 4/51 (7.84%),"Must be explicitly pre-test; preserve method, phase, and initial-versus-deformed scope.",RETAIN_AS_UNTRANSFORMED_CANDIDATE,"No transformation, normalization, encoding, or imputation is performed in Feature Schema V1."
Initial_Sigma3_TB_fraction,CONTINUOUS_NUMERIC,INITIAL_MICROSTRUCTURE,PREDICTOR_SAFE_DIRECT,CANDIDATE_PREDICTOR,ELIGIBLE_SOURCE_FIELD,NOT_DEFINED_FOR_CURRENT_P017_FEATURE_SPACE,YES,DIRECT_SOURCE_FIELD,YES,NO,YES,NO,Direct source-supported information available before loading.,SEVERE; experimental nonmissing 10/51 (19.61%),Initial annealing-twin state only; never establish deformation TWIP.,RETAIN_AS_UNTRANSFORMED_CANDIDATE,"No transformation, normalization, encoding, or imputation is performed in Feature Schema V1."
Initial_Twin_Type,TEXT,INITIAL_MICROSTRUCTURE,PREDICTOR_SAFE_CONDITIONAL,CONDITIONAL_CANDIDATE_PREDICTOR,CONDITIONAL_SCOPE_CONTROL_REQUIRED,NOT_DEFINED_FOR_CURRENT_P017_FEATURE_SPACE,CONDITIONAL_ON_SCOPE,DIRECT_SOURCE_FIELD,YES,NO,YES,CONDITIONAL,"Safe only after method, scope, timing, or availability control.",SEVERE; experimental nonmissing 10/51 (19.61%),"Must be explicitly pre-test; preserve method, phase, and initial-versus-deformed scope.",RETAIN_CONDITIONALLY; REQUIRE_SCOPE_GATE,Candidate status does not authorize pooling heterogeneous methods or filling missing values.
Mn_Oxide_Area_Fraction,CONTINUOUS_NUMERIC,INITIAL_MICROSTRUCTURE,PREDICTOR_SAFE_DIRECT,CANDIDATE_PREDICTOR,ELIGIBLE_SOURCE_FIELD,NOT_DEFINED_FOR_CURRENT_P017_FEATURE_SPACE,YES,DIRECT_SOURCE_FIELD,YES,NO,YES,NO,Direct source-supported information available before loading.,SEVERE; experimental nonmissing 4/51 (7.84%),"Must be explicitly pre-test; preserve method, phase, and initial-versus-deformed scope.",RETAIN_AS_UNTRANSFORMED_CANDIDATE,"No transformation, normalization, encoding, or imputation is performed in Feature Schema V1."
SPS_Pressure_MPa,INTEGER_NUMERIC,PROCESSING,PREDICTOR_SAFE_DIRECT,CANDIDATE_PREDICTOR,ELIGIBLE_SOURCE_FIELD,NOT_DEFINED_FOR_CURRENT_P017_FEATURE_SPACE,YES,DIRECT_SOURCE_FIELD,NO,NO,NO,NO,Direct source-supported information available before loading.,SEVERE; experimental nonmissing 4/51 (7.84%),Must describe processing completed before the tensile test; route text is not encoded in this task.,RETAIN_AS_UNTRANSFORMED_CANDIDATE,"No transformation, normalization, encoding, or imputation is performed in Feature Schema V1."
SPS_Time_min,INTEGER_NUMERIC,PROCESSING,PREDICTOR_SAFE_DIRECT,CANDIDATE_PREDICTOR,ELIGIBLE_SOURCE_FIELD,NOT_DEFINED_FOR_CURRENT_P017_FEATURE_SPACE,YES,DIRECT_SOURCE_FIELD,NO,NO,NO,NO,Direct source-supported information available before loading.,SEVERE; experimental nonmissing 4/51 (7.84%),Must describe processing completed before the tensile test; route text is not encoded in this task.,RETAIN_AS_UNTRANSFORMED_CANDIDATE,"No transformation, normalization, encoding, or imputation is performed in Feature Schema V1."
SPS_Vacuum_Pa,CONTINUOUS_NUMERIC,PROCESSING,PREDICTOR_SAFE_DIRECT,CANDIDATE_PREDICTOR,ELIGIBLE_SOURCE_FIELD,NOT_DEFINED_FOR_CURRENT_P017_FEATURE_SPACE,YES,DIRECT_SOURCE_FIELD,NO,NO,NO,NO,Direct source-supported information available before loading.,SEVERE; experimental nonmissing 4/51 (7.84%),Must describe processing completed before the tensile test; route text is not encoded in this task.,RETAIN_AS_UNTRANSFORMED_CANDIDATE,"No transformation, normalization, encoding, or imputation is performed in Feature Schema V1."
Detwinning,BINARY_NUMERIC,INITIAL_MICROSTRUCTURE,PREDICTOR_SAFE_CONDITIONAL,CONDITIONAL_CANDIDATE_PREDICTOR,CONDITIONAL_SCOPE_CONTROL_REQUIRED,NOT_DEFINED_FOR_CURRENT_P017_FEATURE_SPACE,CONDITIONAL_ON_SCOPE,DIRECT_SOURCE_FIELD,YES,NO,YES,CONDITIONAL,"Safe only after method, scope, timing, or availability control.",SEVERE; experimental nonmissing 2/51 (3.92%),"Must be explicitly pre-test; preserve method, phase, and initial-versus-deformed scope.",RETAIN_CONDITIONALLY; REQUIRE_SCOPE_GATE,Candidate status does not authorize pooling heterogeneous methods or filling missing values.
Feedstock_Composition_at_pct,TEXT,CHEMISTRY,PREDICTOR_SAFE_CONDITIONAL,CONDITIONAL_CANDIDATE_PREDICTOR,CONDITIONAL_SCOPE_CONTROL_REQUIRED,NOT_DEFINED_FOR_CURRENT_P017_FEATURE_SPACE,CONDITIONAL_ON_SCOPE,DIRECT_SOURCE_FIELD,YES,NO,NO,CONDITIONAL,"Safe only after method, scope, timing, or availability control.",SEVERE; experimental nonmissing 4/51 (7.84%),Feedstock scope only; not automatically specimen bulk chemistry.,RETAIN_CONDITIONALLY; REQUIRE_SCOPE_GATE,Candidate status does not authorize pooling heterogeneous methods or filling missing values.
Feedstock_Composition_Method,TEXT,CHEMISTRY,PROVENANCE_ONLY,AUDIT_OR_ELIGIBILITY_CONTROL_ONLY,AUDIT_CONTROL_ONLY,DOMAIN_CONTROL_ONLY,NOT_APPLICABLE_TO_MODEL_ROLE,SOURCE_OR_REPOSITORY_BOOKKEEPING,YES,NO,NO,YES_IF_MODELED,"Source, method, review, or QC bookkeeping can encode study and label-acquisition artifacts.",NOT_MODEL_APPLICABLE; experimental nonmissing 4/51,"Retain for audit, descriptive context, and eligibility control; never use as an ordinary predictor.",RETAIN_FOR_AUDIT_OR_ELIGIBILITY_CONTROL_ONLY,Primary V1 family: CHEMISTRY; classification is frozen for pre-deformation prediction.
Feedstock_Composition_Scope,TEXT,CHEMISTRY,PROVENANCE_ONLY,AUDIT_OR_ELIGIBILITY_CONTROL_ONLY,AUDIT_CONTROL_ONLY,DOMAIN_CONTROL_ONLY,NOT_APPLICABLE_TO_MODEL_ROLE,SOURCE_OR_REPOSITORY_BOOKKEEPING,YES,NO,NO,YES_IF_MODELED,"Source, method, review, or QC bookkeeping can encode study and label-acquisition artifacts.",NOT_MODEL_APPLICABLE; experimental nonmissing 4/51,"Retain for audit, descriptive context, and eligibility control; never use as an ordinary predictor.",RETAIN_FOR_AUDIT_OR_ELIGIBILITY_CONTROL_ONLY,Primary V1 family: CHEMISTRY; classification is frozen for pre-deformation prediction.
Local_EDS_Composition_at_pct,TEXT,CHEMISTRY,PREDICTOR_SAFE_CONDITIONAL,CONDITIONAL_CANDIDATE_PREDICTOR,CONDITIONAL_SCOPE_CONTROL_REQUIRED,NOT_DEFINED_FOR_CURRENT_P017_FEATURE_SPACE,CONDITIONAL_ON_SCOPE,DIRECT_SOURCE_FIELD,YES,NO,NO,CONDITIONAL,"Safe only after method, scope, timing, or availability control.",SEVERE; experimental nonmissing 2/51 (3.92%),Local/scanned-region EDS only; not bulk composition.,RETAIN_CONDITIONALLY; REQUIRE_SCOPE_GATE,Candidate status does not authorize pooling heterogeneous methods or filling missing values.
Local_EDS_Composition_Scope,TEXT,CHEMISTRY,PROVENANCE_ONLY,AUDIT_OR_ELIGIBILITY_CONTROL_ONLY,AUDIT_CONTROL_ONLY,DOMAIN_CONTROL_ONLY,NOT_APPLICABLE_TO_MODEL_ROLE,SOURCE_OR_REPOSITORY_BOOKKEEPING,YES,NO,NO,YES_IF_MODELED,"Source, method, review, or QC bookkeeping can encode study and label-acquisition artifacts.",NOT_MODEL_APPLICABLE; experimental nonmissing 2/51,"Retain for audit, descriptive context, and eligibility control; never use as an ordinary predictor.",RETAIN_FOR_AUDIT_OR_ELIGIBILITY_CONTROL_ONLY,Primary V1 family: CHEMISTRY; classification is frozen for pre-deformation prediction.
FCC_lattice_a_XRD_A,CONTINUOUS_NUMERIC,PHYSICS_THERMODYNAMICS,PREDICTOR_SAFE_CONDITIONAL,CONDITIONAL_CANDIDATE_PREDICTOR,CONDITIONAL_SCOPE_CONTROL_REQUIRED,NOT_DEFINED_FOR_CURRENT_P017_FEATURE_SPACE,CONDITIONAL_ON_SCOPE,DIRECT_SOURCE_FIELD,YES,YES,YES,CONDITIONAL,"Safe only after method, scope, timing, or availability control.",SEVERE; experimental nonmissing 10/51 (19.61%),"Require method, phase/structure, temperature, and source-domain matching; no cross-paper transfer.",RETAIN_CONDITIONALLY; REQUIRE_SCOPE_GATE,Candidate status does not authorize pooling heterogeneous methods or filling missing values.
HCP_lattice_a_XRD_A,CONTINUOUS_NUMERIC,PHYSICS_THERMODYNAMICS,PREDICTOR_SAFE_CONDITIONAL,CONDITIONAL_CANDIDATE_PREDICTOR,CONDITIONAL_SCOPE_CONTROL_REQUIRED,NOT_DEFINED_FOR_CURRENT_P017_FEATURE_SPACE,CONDITIONAL_ON_SCOPE,DIRECT_SOURCE_FIELD,YES,YES,YES,CONDITIONAL,"Safe only after method, scope, timing, or availability control.",SEVERE; experimental nonmissing 5/51 (9.80%),"Require method, phase/structure, temperature, and source-domain matching; no cross-paper transfer.",RETAIN_CONDITIONALLY; REQUIRE_SCOPE_GATE,Candidate status does not authorize pooling heterogeneous methods or filling missing values.
HCP_lattice_c_XRD_A,CONTINUOUS_NUMERIC,PHYSICS_THERMODYNAMICS,PREDICTOR_SAFE_CONDITIONAL,CONDITIONAL_CANDIDATE_PREDICTOR,CONDITIONAL_SCOPE_CONTROL_REQUIRED,NOT_DEFINED_FOR_CURRENT_P017_FEATURE_SPACE,CONDITIONAL_ON_SCOPE,DIRECT_SOURCE_FIELD,YES,YES,YES,CONDITIONAL,"Safe only after method, scope, timing, or availability control.",SEVERE; experimental nonmissing 5/51 (9.80%),"Require method, phase/structure, temperature, and source-domain matching; no cross-paper transfer.",RETAIN_CONDITIONALLY; REQUIRE_SCOPE_GATE,Candidate status does not authorize pooling heterogeneous methods or filling missing values.
KAM_mean_deg,CONTINUOUS_NUMERIC,INITIAL_MICROSTRUCTURE,PREDICTOR_SAFE_CONDITIONAL,CONDITIONAL_CANDIDATE_PREDICTOR,CONDITIONAL_SCOPE_CONTROL_REQUIRED,NOT_DEFINED_FOR_CURRENT_P017_FEATURE_SPACE,CONDITIONAL_ON_SCOPE,DIRECT_SOURCE_FIELD,YES,NO,YES,CONDITIONAL,"Safe only after method, scope, timing, or availability control.",SEVERE; experimental nonmissing 5/51 (9.80%),Eligible only for rows explicitly measured before tensile loading (current P014 initial states); P011 interrupted/fracture-stage KAM is post-test and excluded.,RETAIN_CONDITIONALLY; REQUIRE_SCOPE_GATE,Candidate status does not authorize pooling heterogeneous methods or filling missing values.
HCP_lath_thickness_nm,INTEGER_NUMERIC,POST_DEFORMATION_MICROSTRUCTURE,POST_TEST_LEAKAGE,PERMANENTLY_BLOCK_FROM_PRIMARY_PREDICTORS,NOT_ELIGIBLE_LEAKAGE,NOT_DEFINED_FOR_CURRENT_P017_FEATURE_SPACE,NO,DIRECT_SOURCE_FIELD,YES,YES,YES,YES,The field is observed only after tensile deformation starts or after fracture.,NOT_MODEL_APPLICABLE; experimental nonmissing 0/51,Permanently excluded from primary pre-deformation TRIP/TWIP predictor matrices.,PERMANENTLY_BLOCK_FROM_PRIMARY_PREDICTORS,Primary V1 family: POST_DEFORMATION_MICROSTRUCTURE; classification is frozen for pre-deformation prediction.
Deformation_Twin_thickness_nm,INTEGER_NUMERIC,POST_DEFORMATION_MICROSTRUCTURE,POST_TEST_LEAKAGE,PERMANENTLY_BLOCK_FROM_PRIMARY_PREDICTORS,NOT_ELIGIBLE_LEAKAGE,NOT_DEFINED_FOR_CURRENT_P017_FEATURE_SPACE,NO,DIRECT_SOURCE_FIELD,YES,NO,YES,YES,The field is observed only after tensile deformation starts or after fracture.,NOT_MODEL_APPLICABLE; experimental nonmissing 0/51,Permanently excluded from primary pre-deformation TRIP/TWIP predictor matrices.,PERMANENTLY_BLOCK_FROM_PRIMARY_PREDICTORS,Primary V1 family: POST_DEFORMATION_MICROSTRUCTURE; classification is frozen for pre-deformation prediction.
P011_Record_Role,TEXT,PROVENANCE_QC,PROVENANCE_ONLY,AUDIT_OR_ELIGIBILITY_CONTROL_ONLY,AUDIT_CONTROL_ONLY,DOMAIN_CONTROL_ONLY,NOT_APPLICABLE_TO_MODEL_ROLE,SOURCE_OR_REPOSITORY_BOOKKEEPING,NO,NO,NO,YES_IF_MODELED,"Source, method, review, or QC bookkeeping can encode study and label-acquisition artifacts.",NOT_MODEL_APPLICABLE; experimental nonmissing 4/51,"Retain for audit, descriptive context, and eligibility control; never use as an ordinary predictor.",RETAIN_FOR_AUDIT_OR_ELIGIBILITY_CONTROL_ONLY,Primary V1 family: PROVENANCE_QC; classification is frozen for pre-deformation prediction.
P011_Target_Status,TEXT,TARGET,PROVENANCE_ONLY,AUDIT_OR_ELIGIBILITY_CONTROL_ONLY,AUDIT_CONTROL_ONLY,DOMAIN_CONTROL_ONLY,NOT_APPLICABLE_TO_MODEL_ROLE,SOURCE_OR_REPOSITORY_BOOKKEEPING,NO,NO,NO,YES_IF_MODELED,"Source, method, review, or QC bookkeeping can encode study and label-acquisition artifacts.",NOT_MODEL_APPLICABLE; experimental nonmissing 4/51,"Retain for audit, descriptive context, and eligibility control; never use as an ordinary predictor.",RETAIN_FOR_AUDIT_OR_ELIGIBILITY_CONTROL_ONLY,Primary V1 family: TARGET; classification is frozen for pre-deformation prediction.
P011_Negative_TWIP_Evidence,TEXT,TARGET,TARGET_ONLY,TARGET_OR_TARGET_EVIDENCE_ONLY,TARGET_POOL_ONLY,NOT_DEFINED_FOR_CURRENT_P017_FEATURE_SPACE,NO,DIRECT_SOURCE_FIELD,NO,NO,NO,YES,"The field is a target, direct target state, or target evidence.",NOT_MODEL_APPLICABLE; experimental nonmissing 1/51,Retain for target definition/evidence only; never include in predictors.,RETAIN_FOR_TARGET_OR_EVIDENCE_ONLY,Primary V1 family: TARGET; classification is frozen for pre-deformation prediction.
P011_Recovery_Provenance_JSON,TEXT,PROVENANCE_QC,PROVENANCE_ONLY,AUDIT_OR_ELIGIBILITY_CONTROL_ONLY,AUDIT_CONTROL_ONLY,DOMAIN_CONTROL_ONLY,NOT_APPLICABLE_TO_MODEL_ROLE,SOURCE_OR_REPOSITORY_BOOKKEEPING,NO,NO,NO,YES_IF_MODELED,"Source, method, review, or QC bookkeeping can encode study and label-acquisition artifacts.",NOT_MODEL_APPLICABLE; experimental nonmissing 4/51,"Retain for audit, descriptive context, and eligibility control; never use as an ordinary predictor.",RETAIN_FOR_AUDIT_OR_ELIGIBILITY_CONTROL_ONLY,Primary V1 family: PROVENANCE_QC; classification is frozen for pre-deformation prediction.
Original_TRIP,BINARY_NUMERIC,TARGET,TARGET_ONLY,TARGET_OR_TARGET_EVIDENCE_ONLY,TARGET_POOL_ONLY,NOT_DEFINED_FOR_CURRENT_P017_FEATURE_SPACE,NO,DIRECT_SOURCE_FIELD,NO,NO,NO,YES,"The field is a target, direct target state, or target evidence.",NOT_MODEL_APPLICABLE; experimental nonmissing 14/51,Retain for target definition/evidence only; never include in predictors.,RETAIN_FOR_TARGET_OR_EVIDENCE_ONLY,Primary V1 family: TARGET; classification is frozen for pre-deformation prediction.
Original_TWIP,BINARY_NUMERIC,TARGET,TARGET_ONLY,TARGET_OR_TARGET_EVIDENCE_ONLY,TARGET_POOL_ONLY,NOT_DEFINED_FOR_CURRENT_P017_FEATURE_SPACE,NO,DIRECT_SOURCE_FIELD,NO,NO,NO,YES,"The field is a target, direct target state, or target evidence.",NOT_MODEL_APPLICABLE; experimental nonmissing 14/51,Retain for target definition/evidence only; never include in predictors.,RETAIN_FOR_TARGET_OR_EVIDENCE_ONLY,Primary V1 family: TARGET; classification is frozen for pre-deformation prediction.
P012_Record_Role,TEXT,PROVENANCE_QC,PROVENANCE_ONLY,AUDIT_OR_ELIGIBILITY_CONTROL_ONLY,AUDIT_CONTROL_ONLY,DOMAIN_CONTROL_ONLY,NOT_APPLICABLE_TO_MODEL_ROLE,SOURCE_OR_REPOSITORY_BOOKKEEPING,NO,NO,NO,YES_IF_MODELED,"Source, method, review, or QC bookkeeping can encode study and label-acquisition artifacts.",NOT_MODEL_APPLICABLE; experimental nonmissing 6/51,"Retain for audit, descriptive context, and eligibility control; never use as an ordinary predictor.",RETAIN_FOR_AUDIT_OR_ELIGIBILITY_CONTROL_ONLY,Primary V1 family: PROVENANCE_QC; classification is frozen for pre-deformation prediction.
Measured_Composition_at_pct,TEXT,CHEMISTRY,PREDICTOR_SAFE_DIRECT,CANDIDATE_PREDICTOR,ELIGIBLE_SOURCE_FIELD,NOT_DEFINED_FOR_CURRENT_P017_FEATURE_SPACE,YES,DIRECT_SOURCE_FIELD,YES,NO,NO,NO,Direct source-supported information available before loading.,SEVERE; experimental nonmissing 6/51 (11.76%),Measured bulk chemistry; retain method and do not normalize in V1.,RETAIN_AS_UNTRANSFORMED_CANDIDATE,"No transformation, normalization, encoding, or imputation is performed in Feature Schema V1."
Measured_Composition_Method,TEXT,CHEMISTRY,PROVENANCE_ONLY,AUDIT_OR_ELIGIBILITY_CONTROL_ONLY,AUDIT_CONTROL_ONLY,DOMAIN_CONTROL_ONLY,NOT_APPLICABLE_TO_MODEL_ROLE,SOURCE_OR_REPOSITORY_BOOKKEEPING,YES,NO,NO,YES_IF_MODELED,"Source, method, review, or QC bookkeeping can encode study and label-acquisition artifacts.",NOT_MODEL_APPLICABLE; experimental nonmissing 6/51,"Retain for audit, descriptive context, and eligibility control; never use as an ordinary predictor.",RETAIN_FOR_AUDIT_OR_ELIGIBILITY_CONTROL_ONLY,Primary V1 family: CHEMISTRY; classification is frozen for pre-deformation prediction.
Grain_Size_Including_TB_as_HAB_um,INTEGER_NUMERIC,INITIAL_MICROSTRUCTURE,PREDICTOR_SAFE_DIRECT,CANDIDATE_PREDICTOR,ELIGIBLE_SOURCE_FIELD,NOT_DEFINED_FOR_CURRENT_P017_FEATURE_SPACE,YES,DIRECT_SOURCE_FIELD,YES,NO,YES,NO,Direct source-supported information available before loading.,SEVERE; experimental nonmissing 6/51 (11.76%),"Must be explicitly pre-test; preserve method, phase, and initial-versus-deformed scope.",RETAIN_AS_UNTRANSFORMED_CANDIDATE,"No transformation, normalization, encoding, or imputation is performed in Feature Schema V1."
XRD_Replicate_n,INTEGER_NUMERIC,PROVENANCE_QC,PROVENANCE_ONLY,AUDIT_OR_ELIGIBILITY_CONTROL_ONLY,AUDIT_CONTROL_ONLY,DOMAIN_CONTROL_ONLY,NOT_APPLICABLE_TO_MODEL_ROLE,SOURCE_OR_REPOSITORY_BOOKKEEPING,YES,NO,NO,YES_IF_MODELED,"Source, method, review, or QC bookkeeping can encode study and label-acquisition artifacts.",NOT_MODEL_APPLICABLE; experimental nonmissing 6/51,"Retain for audit, descriptive context, and eligibility control; never use as an ordinary predictor.",RETAIN_FOR_AUDIT_OR_ELIGIBILITY_CONTROL_ONLY,Primary V1 family: PROVENANCE_QC; classification is frozen for pre-deformation prediction.
XRD_Replicate_Scope,TEXT,PROVENANCE_QC,PROVENANCE_ONLY,AUDIT_OR_ELIGIBILITY_CONTROL_ONLY,AUDIT_CONTROL_ONLY,DOMAIN_CONTROL_ONLY,NOT_APPLICABLE_TO_MODEL_ROLE,SOURCE_OR_REPOSITORY_BOOKKEEPING,YES,NO,NO,YES_IF_MODELED,"Source, method, review, or QC bookkeeping can encode study and label-acquisition artifacts.",NOT_MODEL_APPLICABLE; experimental nonmissing 6/51,"Retain for audit, descriptive context, and eligibility control; never use as an ordinary predictor.",RETAIN_FOR_AUDIT_OR_ELIGIBILITY_CONTROL_ONLY,Primary V1 family: PROVENANCE_QC; classification is frozen for pre-deformation prediction.
Gauge_Cross_Section_mm,TEXT,TEST_CONDITIONS,METADATA_ONLY,AUDIT_OR_DESCRIPTIVE_ONLY,NOT_ELIGIBLE_AS_ORDINARY_PREDICTOR,NOT_DEFINED_FOR_CURRENT_P017_FEATURE_SPACE,NOT_APPLICABLE_TO_MODEL_ROLE,SOURCE_OR_REPOSITORY_BOOKKEEPING,NO,NO,NO,YES_IF_MODELED,"Metadata can encode paper, workflow, or extraction artifacts rather than material behavior.",NOT_MODEL_APPLICABLE; experimental nonmissing 6/51,"Retain for audit, descriptive context, and eligibility control; never use as an ordinary predictor.",RETAIN; BLOCK_AS_ORDINARY_PREDICTOR,Primary V1 family: TEST_CONDITIONS; classification is frozen for pre-deformation prediction.
Loading_Direction,TEXT,TEST_CONDITIONS,PREDICTOR_SAFE_DIRECT,CANDIDATE_PREDICTOR,ELIGIBLE_SOURCE_FIELD,NOT_DEFINED_FOR_CURRENT_P017_FEATURE_SPACE,YES,DIRECT_SOURCE_FIELD,NO,NO,NO,NO,Direct source-supported information available before loading.,HIGH; experimental nonmissing 11/51 (21.57%),Must be a planned condition known before loading; no missing temperature/rate is inferred.,RETAIN_AS_UNTRANSFORMED_CANDIDATE,"No transformation, normalization, encoding, or imputation is performed in Feature Schema V1."
GND_density_m-2,INTEGER_NUMERIC,POST_DEFORMATION_MICROSTRUCTURE,POST_TEST_LEAKAGE,PERMANENTLY_BLOCK_FROM_PRIMARY_PREDICTORS,NOT_ELIGIBLE_LEAKAGE,NOT_DEFINED_FOR_CURRENT_P017_FEATURE_SPACE,NO,DIRECT_SOURCE_FIELD,NO,NO,YES,YES,The field is observed only after tensile deformation starts or after fracture.,NOT_MODEL_APPLICABLE; experimental nonmissing 0/51,Permanently excluded from primary pre-deformation TRIP/TWIP predictor matrices.,PERMANENTLY_BLOCK_FROM_PRIMARY_PREDICTORS,Primary V1 family: POST_DEFORMATION_MICROSTRUCTURE; classification is frozen for pre-deformation prediction.
Martensite_lath_thickness,TEXT,POST_DEFORMATION_MICROSTRUCTURE,POST_TEST_LEAKAGE,PERMANENTLY_BLOCK_FROM_PRIMARY_PREDICTORS,NOT_ELIGIBLE_LEAKAGE,NOT_DEFINED_FOR_CURRENT_P017_FEATURE_SPACE,NO,DIRECT_SOURCE_FIELD,YES,NO,YES,YES,The field is observed only after tensile deformation starts or after fracture.,NOT_MODEL_APPLICABLE; experimental nonmissing 0/51,Permanently excluded from primary pre-deformation TRIP/TWIP predictor matrices.,PERMANENTLY_BLOCK_FROM_PRIMARY_PREDICTORS,Primary V1 family: POST_DEFORMATION_MICROSTRUCTURE; classification is frozen for pre-deformation prediction.
Martensite_interspace_nm,INTEGER_NUMERIC,POST_DEFORMATION_MICROSTRUCTURE,POST_TEST_LEAKAGE,PERMANENTLY_BLOCK_FROM_PRIMARY_PREDICTORS,NOT_ELIGIBLE_LEAKAGE,NOT_DEFINED_FOR_CURRENT_P017_FEATURE_SPACE,NO,DIRECT_SOURCE_FIELD,YES,NO,YES,YES,The field is observed only after tensile deformation starts or after fracture.,NOT_MODEL_APPLICABLE; experimental nonmissing 0/51,Permanently excluded from primary pre-deformation TRIP/TWIP predictor matrices.,PERMANENTLY_BLOCK_FROM_PRIMARY_PREDICTORS,Primary V1 family: POST_DEFORMATION_MICROSTRUCTURE; classification is frozen for pre-deformation prediction.
Observed_Microstructure,TEXT,POST_DEFORMATION_MICROSTRUCTURE,POST_TEST_LEAKAGE,PERMANENTLY_BLOCK_FROM_PRIMARY_PREDICTORS,NOT_ELIGIBLE_LEAKAGE,NOT_DEFINED_FOR_CURRENT_P017_FEATURE_SPACE,NO,DIRECT_SOURCE_FIELD,NO,NO,YES,YES,The field is observed only after tensile deformation starts or after fracture.,NOT_MODEL_APPLICABLE; experimental nonmissing 0/51,Permanently excluded from primary pre-deformation TRIP/TWIP predictor matrices.,PERMANENTLY_BLOCK_FROM_PRIMARY_PREDICTORS,Primary V1 family: POST_DEFORMATION_MICROSTRUCTURE; classification is frozen for pre-deformation prediction.
P012_Target_Status,TEXT,TARGET,PROVENANCE_ONLY,AUDIT_OR_ELIGIBILITY_CONTROL_ONLY,AUDIT_CONTROL_ONLY,DOMAIN_CONTROL_ONLY,NOT_APPLICABLE_TO_MODEL_ROLE,SOURCE_OR_REPOSITORY_BOOKKEEPING,NO,NO,NO,YES_IF_MODELED,"Source, method, review, or QC bookkeeping can encode study and label-acquisition artifacts.",NOT_MODEL_APPLICABLE; experimental nonmissing 6/51,"Retain for audit, descriptive context, and eligibility control; never use as an ordinary predictor.",RETAIN_FOR_AUDIT_OR_ELIGIBILITY_CONTROL_ONLY,Primary V1 family: TARGET; classification is frozen for pre-deformation prediction.
P012_Recovery_Provenance_JSON,TEXT,PROVENANCE_QC,PROVENANCE_ONLY,AUDIT_OR_ELIGIBILITY_CONTROL_ONLY,AUDIT_CONTROL_ONLY,DOMAIN_CONTROL_ONLY,NOT_APPLICABLE_TO_MODEL_ROLE,SOURCE_OR_REPOSITORY_BOOKKEEPING,NO,NO,NO,YES_IF_MODELED,"Source, method, review, or QC bookkeeping can encode study and label-acquisition artifacts.",NOT_MODEL_APPLICABLE; experimental nonmissing 6/51,"Retain for audit, descriptive context, and eligibility control; never use as an ordinary predictor.",RETAIN_FOR_AUDIT_OR_ELIGIBILITY_CONTROL_ONLY,Primary V1 family: PROVENANCE_QC; classification is frozen for pre-deformation prediction.
P013_Record_Role,TEXT,PROVENANCE_QC,PROVENANCE_ONLY,AUDIT_OR_ELIGIBILITY_CONTROL_ONLY,AUDIT_CONTROL_ONLY,DOMAIN_CONTROL_ONLY,NOT_APPLICABLE_TO_MODEL_ROLE,SOURCE_OR_REPOSITORY_BOOKKEEPING,NO,NO,NO,YES_IF_MODELED,"Source, method, review, or QC bookkeeping can encode study and label-acquisition artifacts.",NOT_MODEL_APPLICABLE; experimental nonmissing 1/51,"Retain for audit, descriptive context, and eligibility control; never use as an ordinary predictor.",RETAIN_FOR_AUDIT_OR_ELIGIBILITY_CONTROL_ONLY,Primary V1 family: PROVENANCE_QC; classification is frozen for pre-deformation prediction.
P013_Target_Status,TEXT,TARGET,PROVENANCE_ONLY,AUDIT_OR_ELIGIBILITY_CONTROL_ONLY,AUDIT_CONTROL_ONLY,DOMAIN_CONTROL_ONLY,NOT_APPLICABLE_TO_MODEL_ROLE,SOURCE_OR_REPOSITORY_BOOKKEEPING,NO,NO,NO,YES_IF_MODELED,"Source, method, review, or QC bookkeeping can encode study and label-acquisition artifacts.",NOT_MODEL_APPLICABLE; experimental nonmissing 1/51,"Retain for audit, descriptive context, and eligibility control; never use as an ordinary predictor.",RETAIN_FOR_AUDIT_OR_ELIGIBILITY_CONTROL_ONLY,Primary V1 family: TARGET; classification is frozen for pre-deformation prediction.
Test_T_Raw,TEXT,TEST_CONDITIONS,PREDICTOR_SAFE_CONDITIONAL,CONDITIONAL_CANDIDATE_PREDICTOR,CONDITIONAL_SCOPE_CONTROL_REQUIRED,NOT_DEFINED_FOR_CURRENT_P017_FEATURE_SPACE,CONDITIONAL_ON_SCOPE,DIRECT_SOURCE_FIELD,NO,YES,NO,CONDITIONAL,"Safe only after method, scope, timing, or availability control.",SEVERE; experimental nonmissing 8/51 (15.69%),Raw reported temperature text; no RT-to-K conversion is performed in this task.,RETAIN_CONDITIONALLY; REQUIRE_SCOPE_GATE,Candidate status does not authorize pooling heterogeneous methods or filling missing values.
Composition_Status,TEXT,CHEMISTRY,PROVENANCE_ONLY,AUDIT_OR_ELIGIBILITY_CONTROL_ONLY,AUDIT_CONTROL_ONLY,DOMAIN_CONTROL_ONLY,NOT_APPLICABLE_TO_MODEL_ROLE,SOURCE_OR_REPOSITORY_BOOKKEEPING,YES,NO,NO,YES_IF_MODELED,"Source, method, review, or QC bookkeeping can encode study and label-acquisition artifacts.",NOT_MODEL_APPLICABLE; experimental nonmissing 8/51,"Retain for audit, descriptive context, and eligibility control; never use as an ordinary predictor.",RETAIN_FOR_AUDIT_OR_ELIGIBILITY_CONTROL_ONLY,Primary V1 family: CHEMISTRY; classification is frozen for pre-deformation prediction.
Surface_Preparation,TEXT,PROVENANCE_QC,PROVENANCE_ONLY,AUDIT_OR_ELIGIBILITY_CONTROL_ONLY,AUDIT_CONTROL_ONLY,DOMAIN_CONTROL_ONLY,NOT_APPLICABLE_TO_MODEL_ROLE,SOURCE_OR_REPOSITORY_BOOKKEEPING,NO,NO,NO,YES_IF_MODELED,"Source, method, review, or QC bookkeeping can encode study and label-acquisition artifacts.",NOT_MODEL_APPLICABLE; experimental nonmissing 1/51,"Retain for audit, descriptive context, and eligibility control; never use as an ordinary predictor.",RETAIN_FOR_AUDIT_OR_ELIGIBILITY_CONTROL_ONLY,Primary V1 family: PROVENANCE_QC; classification is frozen for pre-deformation prediction.
Specimen_Cutting,TEXT,PROVENANCE_QC,PROVENANCE_ONLY,AUDIT_OR_ELIGIBILITY_CONTROL_ONLY,AUDIT_CONTROL_ONLY,DOMAIN_CONTROL_ONLY,NOT_APPLICABLE_TO_MODEL_ROLE,SOURCE_OR_REPOSITORY_BOOKKEEPING,NO,NO,NO,YES_IF_MODELED,"Source, method, review, or QC bookkeeping can encode study and label-acquisition artifacts.",NOT_MODEL_APPLICABLE; experimental nonmissing 1/51,"Retain for audit, descriptive context, and eligibility control; never use as an ordinary predictor.",RETAIN_FOR_AUDIT_OR_ELIGIBILITY_CONTROL_ONLY,Primary V1 family: PROVENANCE_QC; classification is frozen for pre-deformation prediction.
SXRD_Mode,TEXT,PROVENANCE_QC,PROVENANCE_ONLY,AUDIT_OR_ELIGIBILITY_CONTROL_ONLY,AUDIT_CONTROL_ONLY,DOMAIN_CONTROL_ONLY,NOT_APPLICABLE_TO_MODEL_ROLE,SOURCE_OR_REPOSITORY_BOOKKEEPING,YES,NO,NO,YES_IF_MODELED,"Source, method, review, or QC bookkeeping can encode study and label-acquisition artifacts.",NOT_MODEL_APPLICABLE; experimental nonmissing 1/51,"Retain for audit, descriptive context, and eligibility control; never use as an ordinary predictor.",RETAIN_FOR_AUDIT_OR_ELIGIBILITY_CONTROL_ONLY,Primary V1 family: PROVENANCE_QC; classification is frozen for pre-deformation prediction.
Beam_Energy_keV,CONTINUOUS_NUMERIC,PROVENANCE_QC,PROVENANCE_ONLY,AUDIT_OR_ELIGIBILITY_CONTROL_ONLY,AUDIT_CONTROL_ONLY,DOMAIN_CONTROL_ONLY,NOT_APPLICABLE_TO_MODEL_ROLE,SOURCE_OR_REPOSITORY_BOOKKEEPING,NO,NO,NO,YES_IF_MODELED,"Source, method, review, or QC bookkeeping can encode study and label-acquisition artifacts.",NOT_MODEL_APPLICABLE; experimental nonmissing 1/51,"Retain for audit, descriptive context, and eligibility control; never use as an ordinary predictor.",RETAIN_FOR_AUDIT_OR_ELIGIBILITY_CONTROL_ONLY,Primary V1 family: PROVENANCE_QC; classification is frozen for pre-deformation prediction.
Exposure_s,CONTINUOUS_NUMERIC,PROVENANCE_QC,PROVENANCE_ONLY,AUDIT_OR_ELIGIBILITY_CONTROL_ONLY,AUDIT_CONTROL_ONLY,DOMAIN_CONTROL_ONLY,NOT_APPLICABLE_TO_MODEL_ROLE,SOURCE_OR_REPOSITORY_BOOKKEEPING,NO,NO,NO,YES_IF_MODELED,"Source, method, review, or QC bookkeeping can encode study and label-acquisition artifacts.",NOT_MODEL_APPLICABLE; experimental nonmissing 1/51,"Retain for audit, descriptive context, and eligibility control; never use as an ordinary predictor.",RETAIN_FOR_AUDIT_OR_ELIGIBILITY_CONTROL_ONLY,Primary V1 family: PROVENANCE_QC; classification is frozen for pre-deformation prediction.
Images_per_loading_step,INTEGER_NUMERIC,PROVENANCE_QC,PROVENANCE_ONLY,AUDIT_OR_ELIGIBILITY_CONTROL_ONLY,AUDIT_CONTROL_ONLY,DOMAIN_CONTROL_ONLY,NOT_APPLICABLE_TO_MODEL_ROLE,SOURCE_OR_REPOSITORY_BOOKKEEPING,NO,NO,NO,YES_IF_MODELED,"Source, method, review, or QC bookkeeping can encode study and label-acquisition artifacts.",NOT_MODEL_APPLICABLE; experimental nonmissing 1/51,"Retain for audit, descriptive context, and eligibility control; never use as an ordinary predictor.",RETAIN_FOR_AUDIT_OR_ELIGIBILITY_CONTROL_ONLY,Primary V1 family: PROVENANCE_QC; classification is frozen for pre-deformation prediction.
Beam_Size_um,TEXT,PROVENANCE_QC,PROVENANCE_ONLY,AUDIT_OR_ELIGIBILITY_CONTROL_ONLY,AUDIT_CONTROL_ONLY,DOMAIN_CONTROL_ONLY,NOT_APPLICABLE_TO_MODEL_ROLE,SOURCE_OR_REPOSITORY_BOOKKEEPING,NO,NO,NO,YES_IF_MODELED,"Source, method, review, or QC bookkeeping can encode study and label-acquisition artifacts.",NOT_MODEL_APPLICABLE; experimental nonmissing 1/51,"Retain for audit, descriptive context, and eligibility control; never use as an ordinary predictor.",RETAIN_FOR_AUDIT_OR_ELIGIBILITY_CONTROL_ONLY,Primary V1 family: PROVENANCE_QC; classification is frozen for pre-deformation prediction.
Initial_MnO_fraction,CONTINUOUS_NUMERIC,INITIAL_MICROSTRUCTURE,PREDICTOR_SAFE_DIRECT,CANDIDATE_PREDICTOR,ELIGIBLE_SOURCE_FIELD,NOT_DEFINED_FOR_CURRENT_P017_FEATURE_SPACE,YES,DIRECT_SOURCE_FIELD,YES,NO,YES,NO,Direct source-supported information available before loading.,SEVERE; experimental nonmissing 1/51 (1.96%),"Must be explicitly pre-test; preserve method, phase, and initial-versus-deformed scope.",RETAIN_AS_UNTRANSFORMED_CANDIDATE,"No transformation, normalization, encoding, or imputation is performed in Feature Schema V1."
Grain_Size_Scope,TEXT,INITIAL_MICROSTRUCTURE,PROVENANCE_ONLY,AUDIT_OR_ELIGIBILITY_CONTROL_ONLY,AUDIT_CONTROL_ONLY,DOMAIN_CONTROL_ONLY,NOT_APPLICABLE_TO_MODEL_ROLE,SOURCE_OR_REPOSITORY_BOOKKEEPING,YES,NO,YES,YES_IF_MODELED,"Source, method, review, or QC bookkeeping can encode study and label-acquisition artifacts.",NOT_MODEL_APPLICABLE; experimental nonmissing 1/51,"Retain for audit, descriptive context, and eligibility control; never use as an ordinary predictor.",RETAIN_FOR_AUDIT_OR_ELIGIBILITY_CONTROL_ONLY,Primary V1 family: INITIAL_MICROSTRUCTURE; classification is frozen for pre-deformation prediction.
HCP_Morphology,TEXT,INITIAL_MICROSTRUCTURE,PREDICTOR_SAFE_CONDITIONAL,CONDITIONAL_CANDIDATE_PREDICTOR,CONDITIONAL_SCOPE_CONTROL_REQUIRED,NOT_DEFINED_FOR_CURRENT_P017_FEATURE_SPACE,CONDITIONAL_ON_SCOPE,DIRECT_SOURCE_FIELD,YES,YES,YES,CONDITIONAL,"Safe only after method, scope, timing, or availability control.",SEVERE; experimental nonmissing 1/51 (1.96%),"Must be explicitly pre-test; preserve method, phase, and initial-versus-deformed scope.",RETAIN_CONDITIONALLY; REQUIRE_SCOPE_GATE,Candidate status does not authorize pooling heterogeneous methods or filling missing values.
EBSD_Phase_Fraction_Use_Status,TEXT,INITIAL_MICROSTRUCTURE,PROVENANCE_ONLY,AUDIT_OR_ELIGIBILITY_CONTROL_ONLY,AUDIT_CONTROL_ONLY,DOMAIN_CONTROL_ONLY,NOT_APPLICABLE_TO_MODEL_ROLE,SOURCE_OR_REPOSITORY_BOOKKEEPING,YES,YES,YES,YES_IF_MODELED,"Source, method, review, or QC bookkeeping can encode study and label-acquisition artifacts.",NOT_MODEL_APPLICABLE; experimental nonmissing 1/51,"Retain for audit, descriptive context, and eligibility control; never use as an ordinary predictor.",RETAIN_FOR_AUDIT_OR_ELIGIBILITY_CONTROL_ONLY,Primary V1 family: INITIAL_MICROSTRUCTURE; classification is frozen for pre-deformation prediction.
Initial_HCP_Status,TEXT,INITIAL_MICROSTRUCTURE,PROVENANCE_ONLY,AUDIT_OR_ELIGIBILITY_CONTROL_ONLY,AUDIT_CONTROL_ONLY,DOMAIN_CONTROL_ONLY,NOT_APPLICABLE_TO_MODEL_ROLE,SOURCE_OR_REPOSITORY_BOOKKEEPING,YES,YES,YES,YES_IF_MODELED,"Source, method, review, or QC bookkeeping can encode study and label-acquisition artifacts.",NOT_MODEL_APPLICABLE; experimental nonmissing 1/51,"Retain for audit, descriptive context, and eligibility control; never use as an ordinary predictor.",RETAIN_FOR_AUDIT_OR_ELIGIBILITY_CONTROL_ONLY,Primary V1 family: INITIAL_MICROSTRUCTURE; classification is frozen for pre-deformation prediction.
Initial_HCP_Origin,TEXT,INITIAL_MICROSTRUCTURE,PREDICTOR_SAFE_CONDITIONAL,CONDITIONAL_CANDIDATE_PREDICTOR,CONDITIONAL_SCOPE_CONTROL_REQUIRED,NOT_DEFINED_FOR_CURRENT_P017_FEATURE_SPACE,CONDITIONAL_ON_SCOPE,DIRECT_SOURCE_FIELD,YES,YES,YES,CONDITIONAL,"Safe only after method, scope, timing, or availability control.",SEVERE; experimental nonmissing 1/51 (1.96%),"Must be explicitly pre-test; preserve method, phase, and initial-versus-deformed scope.",RETAIN_CONDITIONALLY; REQUIRE_SCOPE_GATE,Candidate status does not authorize pooling heterogeneous methods or filling missing values.
Initial_FCC_lattice_a_A,CONTINUOUS_NUMERIC,PHYSICS_THERMODYNAMICS,PREDICTOR_SAFE_CONDITIONAL,CONDITIONAL_CANDIDATE_PREDICTOR,CONDITIONAL_SCOPE_CONTROL_REQUIRED,NOT_DEFINED_FOR_CURRENT_P017_FEATURE_SPACE,CONDITIONAL_ON_SCOPE,DIRECT_SOURCE_FIELD,YES,YES,YES,CONDITIONAL,"Safe only after method, scope, timing, or availability control.",SEVERE; experimental nonmissing 1/51 (1.96%),"Require method, phase/structure, temperature, and source-domain matching; no cross-paper transfer.",RETAIN_CONDITIONALLY; REQUIRE_SCOPE_GATE,Candidate status does not authorize pooling heterogeneous methods or filling missing values.
Initial_HCP_c_over_a,CONTINUOUS_NUMERIC,PHYSICS_THERMODYNAMICS,PREDICTOR_SAFE_CONDITIONAL,CONDITIONAL_CANDIDATE_PREDICTOR,CONDITIONAL_SCOPE_CONTROL_REQUIRED,NOT_DEFINED_FOR_CURRENT_P017_FEATURE_SPACE,CONDITIONAL_ON_SCOPE,DIRECT_SOURCE_FIELD,YES,YES,YES,CONDITIONAL,"Safe only after method, scope, timing, or availability control.",SEVERE; experimental nonmissing 1/51 (1.96%),"Require method, phase/structure, temperature, and source-domain matching; no cross-paper transfer.",RETAIN_CONDITIONALLY; REQUIRE_SCOPE_GATE,Candidate status does not authorize pooling heterogeneous methods or filling missing values.
Initial_HCP_c_over_a_uncertainty,CONTINUOUS_NUMERIC,PHYSICS_THERMODYNAMICS,PREDICTOR_SAFE_CONDITIONAL,CONDITIONAL_CANDIDATE_PREDICTOR,CONDITIONAL_SCOPE_CONTROL_REQUIRED,NOT_DEFINED_FOR_CURRENT_P017_FEATURE_SPACE,CONDITIONAL_ON_SCOPE,DIRECT_SOURCE_FIELD,YES,YES,YES,CONDITIONAL,"Safe only after method, scope, timing, or availability control.",SEVERE; experimental nonmissing 1/51 (1.96%),"Require method, phase/structure, temperature, and source-domain matching; no cross-paper transfer.",RETAIN_CONDITIONALLY; REQUIRE_SCOPE_GATE,Candidate status does not authorize pooling heterogeneous methods or filling missing values.
Approx_Stress_MPa,INTEGER_NUMERIC,MECHANICAL_RESPONSE,POST_TEST_LEAKAGE,PERMANENTLY_BLOCK_FROM_PRIMARY_PREDICTORS,NOT_ELIGIBLE_LEAKAGE,NOT_DEFINED_FOR_CURRENT_P017_FEATURE_SPACE,NO,DIRECT_SOURCE_FIELD,NO,NO,NO,YES,The field is observed only after tensile deformation starts or after fracture.,NOT_MODEL_APPLICABLE; experimental nonmissing 0/51,Permanently excluded from primary pre-deformation TRIP/TWIP predictor matrices.,PERMANENTLY_BLOCK_FROM_PRIMARY_PREDICTORS,Primary V1 family: MECHANICAL_RESPONSE; classification is frozen for pre-deformation prediction.
HCP_fraction_status,TEXT,POST_DEFORMATION_MICROSTRUCTURE,POST_TEST_LEAKAGE,PERMANENTLY_BLOCK_FROM_PRIMARY_PREDICTORS,NOT_ELIGIBLE_LEAKAGE,NOT_DEFINED_FOR_CURRENT_P017_FEATURE_SPACE,NO,DIRECT_SOURCE_FIELD,YES,YES,YES,YES,The field is observed only after tensile deformation starts or after fracture.,NOT_MODEL_APPLICABLE; experimental nonmissing 0/51,Permanently excluded from primary pre-deformation TRIP/TWIP predictor matrices.,PERMANENTLY_BLOCK_FROM_PRIMARY_PREDICTORS,Primary V1 family: POST_DEFORMATION_MICROSTRUCTURE; classification is frozen for pre-deformation prediction.
Nearest_SXRD_TRIP_Onset_Stress_MPa,INTEGER_NUMERIC,MECHANICAL_RESPONSE,POST_TEST_LEAKAGE,PERMANENTLY_BLOCK_FROM_PRIMARY_PREDICTORS,NOT_ELIGIBLE_LEAKAGE,NOT_DEFINED_FOR_CURRENT_P017_FEATURE_SPACE,NO,DIRECT_SOURCE_FIELD,YES,NO,NO,YES,The field is observed only after tensile deformation starts or after fracture.,NOT_MODEL_APPLICABLE; experimental nonmissing 1/51,Permanently excluded from primary pre-deformation TRIP/TWIP predictor matrices.,PERMANENTLY_BLOCK_FROM_PRIMARY_PREDICTORS,P013 strain-resolved SXRD target/stage evidence only.
Tensile_TWIP_Onset_Stress_MPa,INTEGER_NUMERIC,MECHANICAL_RESPONSE,POST_TEST_LEAKAGE,PERMANENTLY_BLOCK_FROM_PRIMARY_PREDICTORS,NOT_ELIGIBLE_LEAKAGE,NOT_DEFINED_FOR_CURRENT_P017_FEATURE_SPACE,NO,DIRECT_SOURCE_FIELD,NO,NO,NO,YES,The field is observed only after tensile deformation starts or after fracture.,NOT_MODEL_APPLICABLE; experimental nonmissing 1/51,Permanently excluded from primary pre-deformation TRIP/TWIP predictor matrices.,PERMANENTLY_BLOCK_FROM_PRIMARY_PREDICTORS,Primary V1 family: MECHANICAL_RESPONSE; classification is frozen for pre-deformation prediction.
Compression_Twinning_Onset_Stress_MPa,INTEGER_NUMERIC,MECHANICAL_RESPONSE,POST_TEST_LEAKAGE,PERMANENTLY_BLOCK_FROM_PRIMARY_PREDICTORS,NOT_ELIGIBLE_LEAKAGE,NOT_DEFINED_FOR_CURRENT_P017_FEATURE_SPACE,NO,DIRECT_SOURCE_FIELD,YES,NO,YES,YES,The field is observed only after tensile deformation starts or after fracture.,NOT_MODEL_APPLICABLE; experimental nonmissing 1/51,Permanently excluded from primary pre-deformation TRIP/TWIP predictor matrices.,PERMANENTLY_BLOCK_FROM_PRIMARY_PREDICTORS,Primary V1 family: MECHANICAL_RESPONSE; classification is frozen for pre-deformation prediction.
Final_InSitu_True_Stress_Approx_MPa,INTEGER_NUMERIC,MECHANICAL_RESPONSE,POST_TEST_LEAKAGE,PERMANENTLY_BLOCK_FROM_PRIMARY_PREDICTORS,NOT_ELIGIBLE_LEAKAGE,NOT_DEFINED_FOR_CURRENT_P017_FEATURE_SPACE,NO,DIRECT_SOURCE_FIELD,NO,NO,NO,YES,The field is observed only after tensile deformation starts or after fracture.,NOT_MODEL_APPLICABLE; experimental nonmissing 1/51,Permanently excluded from primary pre-deformation TRIP/TWIP predictor matrices.,PERMANENTLY_BLOCK_FROM_PRIMARY_PREDICTORS,Primary V1 family: MECHANICAL_RESPONSE; classification is frozen for pre-deformation prediction.
Final_InSitu_Engineering_Strain_Approx_pct,INTEGER_NUMERIC,MECHANICAL_RESPONSE,POST_TEST_LEAKAGE,PERMANENTLY_BLOCK_FROM_PRIMARY_PREDICTORS,NOT_ELIGIBLE_LEAKAGE,NOT_DEFINED_FOR_CURRENT_P017_FEATURE_SPACE,NO,DIRECT_SOURCE_FIELD,NO,NO,NO,YES,The field is observed only after tensile deformation starts or after fracture.,NOT_MODEL_APPLICABLE; experimental nonmissing 1/51,Permanently excluded from primary pre-deformation TRIP/TWIP predictor matrices.,PERMANENTLY_BLOCK_FROM_PRIMARY_PREDICTORS,Primary V1 family: MECHANICAL_RESPONSE; classification is frozen for pre-deformation prediction.
Mechanism_Phase_Scope,TEXT,TARGET,TARGET_ONLY,TARGET_OR_TARGET_EVIDENCE_ONLY,TARGET_POOL_ONLY,NOT_DEFINED_FOR_CURRENT_P017_FEATURE_SPACE,NO,DIRECT_SOURCE_FIELD,NO,YES,YES,YES,"The field is a target, direct target state, or target evidence.",NOT_MODEL_APPLICABLE; experimental nonmissing 1/51,Retain for target definition/evidence only; never include in predictors.,RETAIN_FOR_TARGET_OR_EVIDENCE_ONLY,Primary V1 family: TARGET; classification is frozen for pre-deformation prediction.
P013_Recovery_Provenance_JSON,TEXT,PROVENANCE_QC,PROVENANCE_ONLY,AUDIT_OR_ELIGIBILITY_CONTROL_ONLY,AUDIT_CONTROL_ONLY,DOMAIN_CONTROL_ONLY,NOT_APPLICABLE_TO_MODEL_ROLE,SOURCE_OR_REPOSITORY_BOOKKEEPING,NO,NO,NO,YES_IF_MODELED,"Source, method, review, or QC bookkeeping can encode study and label-acquisition artifacts.",NOT_MODEL_APPLICABLE; experimental nonmissing 1/51,"Retain for audit, descriptive context, and eligibility control; never use as an ordinary predictor.",RETAIN_FOR_AUDIT_OR_ELIGIBILITY_CONTROL_ONLY,Primary V1 family: PROVENANCE_QC; classification is frozen for pre-deformation prediction.
P014_Record_Role,TEXT,PROVENANCE_QC,PROVENANCE_ONLY,AUDIT_OR_ELIGIBILITY_CONTROL_ONLY,AUDIT_CONTROL_ONLY,DOMAIN_CONTROL_ONLY,NOT_APPLICABLE_TO_MODEL_ROLE,SOURCE_OR_REPOSITORY_BOOKKEEPING,NO,NO,NO,YES_IF_MODELED,"Source, method, review, or QC bookkeeping can encode study and label-acquisition artifacts.",NOT_MODEL_APPLICABLE; experimental nonmissing 5/51,"Retain for audit, descriptive context, and eligibility control; never use as an ordinary predictor.",RETAIN_FOR_AUDIT_OR_ELIGIBILITY_CONTROL_ONLY,Primary V1 family: PROVENANCE_QC; classification is frozen for pre-deformation prediction.
P014_Target_Status,TEXT,TARGET,PROVENANCE_ONLY,AUDIT_OR_ELIGIBILITY_CONTROL_ONLY,AUDIT_CONTROL_ONLY,DOMAIN_CONTROL_ONLY,NOT_APPLICABLE_TO_MODEL_ROLE,SOURCE_OR_REPOSITORY_BOOKKEEPING,NO,NO,NO,YES_IF_MODELED,"Source, method, review, or QC bookkeeping can encode study and label-acquisition artifacts.",NOT_MODEL_APPLICABLE; experimental nonmissing 5/51,"Retain for audit, descriptive context, and eligibility control; never use as an ordinary predictor.",RETAIN_FOR_AUDIT_OR_ELIGIBILITY_CONTROL_ONLY,Primary V1 family: TARGET; classification is frozen for pre-deformation prediction.
P014_Legacy_Mapping_Status,CONTINUOUS_NUMERIC,PROVENANCE_QC,PROVENANCE_ONLY,AUDIT_OR_ELIGIBILITY_CONTROL_ONLY,AUDIT_CONTROL_ONLY,DOMAIN_CONTROL_ONLY,NOT_APPLICABLE_TO_MODEL_ROLE,SOURCE_OR_REPOSITORY_BOOKKEEPING,NO,NO,NO,YES_IF_MODELED,"Source, method, review, or QC bookkeeping can encode study and label-acquisition artifacts.",NOT_MODEL_APPLICABLE; experimental nonmissing 0/51,"Retain for audit, descriptive context, and eligibility control; never use as an ordinary predictor.",RETAIN_FOR_AUDIT_OR_ELIGIBILITY_CONTROL_ONLY,Primary V1 family: PROVENANCE_QC; classification is frozen for pre-deformation prediction.
Cold_Roll_Reduction_Status,TEXT,PROCESSING,PROVENANCE_ONLY,AUDIT_OR_ELIGIBILITY_CONTROL_ONLY,AUDIT_CONTROL_ONLY,DOMAIN_CONTROL_ONLY,NOT_APPLICABLE_TO_MODEL_ROLE,SOURCE_REPORTED_OR_EXPLICIT_SOURCE_DERIVATION,NO,NO,NO,YES_IF_MODELED,"Source, method, review, or QC bookkeeping can encode study and label-acquisition artifacts.",NOT_MODEL_APPLICABLE; experimental nonmissing 5/51,"Retain for audit, descriptive context, and eligibility control; never use as an ordinary predictor.",RETAIN_FOR_AUDIT_OR_ELIGIBILITY_CONTROL_ONLY,Primary V1 family: PROCESSING; classification is frozen for pre-deformation prediction.
Cold_Roll_Pass_Reduction_mm,CONTINUOUS_NUMERIC,PROCESSING,PREDICTOR_SAFE_DIRECT,CANDIDATE_PREDICTOR,ELIGIBLE_SOURCE_FIELD,NOT_DEFINED_FOR_CURRENT_P017_FEATURE_SPACE,YES,DIRECT_SOURCE_FIELD,NO,NO,NO,NO,Direct source-supported information available before loading.,SEVERE; experimental nonmissing 5/51 (9.80%),Must describe processing completed before the tensile test; route text is not encoded in this task.,RETAIN_AS_UNTRANSFORMED_CANDIDATE,"No transformation, normalization, encoding, or imputation is performed in Feature Schema V1."
Remelting_n,INTEGER_NUMERIC,PROCESSING,PREDICTOR_SAFE_DIRECT,CANDIDATE_PREDICTOR,ELIGIBLE_SOURCE_FIELD,NOT_DEFINED_FOR_CURRENT_P017_FEATURE_SPACE,YES,DIRECT_SOURCE_FIELD,NO,NO,NO,NO,Direct source-supported information available before loading.,SEVERE; experimental nonmissing 5/51 (9.80%),Must describe processing completed before the tensile test; route text is not encoded in this task.,RETAIN_AS_UNTRANSFORMED_CANDIDATE,"No transformation, normalization, encoding, or imputation is performed in Feature Schema V1."
Test_T_Status,TEXT,TEST_CONDITIONS,PROVENANCE_ONLY,AUDIT_OR_ELIGIBILITY_CONTROL_ONLY,AUDIT_CONTROL_ONLY,DOMAIN_CONTROL_ONLY,NOT_APPLICABLE_TO_MODEL_ROLE,SOURCE_OR_REPOSITORY_BOOKKEEPING,NO,YES,NO,YES_IF_MODELED,"Source, method, review, or QC bookkeeping can encode study and label-acquisition artifacts.",NOT_MODEL_APPLICABLE; experimental nonmissing 5/51,"Retain for audit, descriptive context, and eligibility control; never use as an ordinary predictor.",RETAIN_FOR_AUDIT_OR_ELIGIBILITY_CONTROL_ONLY,Primary V1 family: TEST_CONDITIONS; classification is frozen for pre-deformation prediction.
KAM_Status,TEXT,INITIAL_MICROSTRUCTURE,PROVENANCE_ONLY,AUDIT_OR_ELIGIBILITY_CONTROL_ONLY,AUDIT_CONTROL_ONLY,DOMAIN_CONTROL_ONLY,NOT_APPLICABLE_TO_MODEL_ROLE,SOURCE_OR_REPOSITORY_BOOKKEEPING,YES,NO,YES,YES_IF_MODELED,"Source, method, review, or QC bookkeeping can encode study and label-acquisition artifacts.",NOT_MODEL_APPLICABLE; experimental nonmissing 5/51,"Retain for audit, descriptive context, and eligibility control; never use as an ordinary predictor.",RETAIN_FOR_AUDIT_OR_ELIGIBILITY_CONTROL_ONLY,Primary V1 family: INITIAL_MICROSTRUCTURE; classification is frozen for pre-deformation prediction.
Recrystallized_fraction,CONTINUOUS_NUMERIC,INITIAL_MICROSTRUCTURE,PREDICTOR_SAFE_DIRECT,CANDIDATE_PREDICTOR,ELIGIBLE_SOURCE_FIELD,NOT_DEFINED_FOR_CURRENT_P017_FEATURE_SPACE,YES,DIRECT_SOURCE_FIELD,YES,NO,YES,NO,Direct source-supported information available before loading.,SEVERE; experimental nonmissing 3/51 (5.88%),"Must be explicitly pre-test; preserve method, phase, and initial-versus-deformed scope.",RETAIN_AS_UNTRANSFORMED_CANDIDATE,"No transformation, normalization, encoding, or imputation is performed in Feature Schema V1."
Recrystallized_Status,TEXT,INITIAL_MICROSTRUCTURE,PROVENANCE_ONLY,AUDIT_OR_ELIGIBILITY_CONTROL_ONLY,AUDIT_CONTROL_ONLY,DOMAIN_CONTROL_ONLY,NOT_APPLICABLE_TO_MODEL_ROLE,SOURCE_OR_REPOSITORY_BOOKKEEPING,YES,NO,YES,YES_IF_MODELED,"Source, method, review, or QC bookkeeping can encode study and label-acquisition artifacts.",NOT_MODEL_APPLICABLE; experimental nonmissing 5/51,"Retain for audit, descriptive context, and eligibility control; never use as an ordinary predictor.",RETAIN_FOR_AUDIT_OR_ELIGIBILITY_CONTROL_ONLY,Primary V1 family: INITIAL_MICROSTRUCTURE; classification is frozen for pre-deformation prediction.
Processing_TRIP,BINARY_NUMERIC,INITIAL_MICROSTRUCTURE,PREDICTOR_SAFE_CONDITIONAL,CONDITIONAL_CANDIDATE_PREDICTOR,CONDITIONAL_SCOPE_CONTROL_REQUIRED,NOT_DEFINED_FOR_CURRENT_P017_FEATURE_SPACE,CONDITIONAL_ON_SCOPE,DIRECT_SOURCE_FIELD,YES,NO,YES,CONDITIONAL,"Safe only after method, scope, timing, or availability control.",SEVERE; experimental nonmissing 1/51 (1.96%),Pre-tensile processing-induced phase state only; never use as the tensile TRIP target.,RETAIN_CONDITIONALLY; REQUIRE_SCOPE_GATE,Candidate status does not authorize pooling heterogeneous methods or filling missing values.
Processing_TWIP,BINARY_NUMERIC,INITIAL_MICROSTRUCTURE,PREDICTOR_SAFE_CONDITIONAL,CONDITIONAL_CANDIDATE_PREDICTOR,CONDITIONAL_SCOPE_CONTROL_REQUIRED,NOT_DEFINED_FOR_CURRENT_P017_FEATURE_SPACE,CONDITIONAL_ON_SCOPE,DIRECT_SOURCE_FIELD,YES,NO,YES,CONDITIONAL,"Safe only after method, scope, timing, or availability control.",SEVERE; experimental nonmissing 1/51 (1.96%),Pre-tensile processing-induced twin state only; never use as the tensile TWIP target.,RETAIN_CONDITIONALLY; REQUIRE_SCOPE_GATE,Candidate status does not authorize pooling heterogeneous methods or filling missing values.
Initial_Twin_Origin,TEXT,INITIAL_MICROSTRUCTURE,PREDICTOR_SAFE_CONDITIONAL,CONDITIONAL_CANDIDATE_PREDICTOR,CONDITIONAL_SCOPE_CONTROL_REQUIRED,NOT_DEFINED_FOR_CURRENT_P017_FEATURE_SPACE,CONDITIONAL_ON_SCOPE,DIRECT_SOURCE_FIELD,YES,NO,YES,CONDITIONAL,"Safe only after method, scope, timing, or availability control.",SEVERE; experimental nonmissing 5/51 (9.80%),"Must be explicitly pre-test; preserve method, phase, and initial-versus-deformed scope.",RETAIN_CONDITIONALLY; REQUIRE_SCOPE_GATE,Candidate status does not authorize pooling heterogeneous methods or filling missing values.
Initial_Twin_Target_Safety,TEXT,INITIAL_MICROSTRUCTURE,PROVENANCE_ONLY,AUDIT_OR_ELIGIBILITY_CONTROL_ONLY,AUDIT_CONTROL_ONLY,DOMAIN_CONTROL_ONLY,NOT_APPLICABLE_TO_MODEL_ROLE,SOURCE_OR_REPOSITORY_BOOKKEEPING,YES,NO,YES,YES_IF_MODELED,"Source, method, review, or QC bookkeeping can encode study and label-acquisition artifacts.",NOT_MODEL_APPLICABLE; experimental nonmissing 5/51,"Retain for audit, descriptive context, and eligibility control; never use as an ordinary predictor.",RETAIN_FOR_AUDIT_OR_ELIGIBILITY_CONTROL_ONLY,Primary V1 family: INITIAL_MICROSTRUCTURE; classification is frozen for pre-deformation prediction.
Tensile_Strain_pct,INTEGER_NUMERIC,MECHANICAL_RESPONSE,POST_TEST_LEAKAGE,PERMANENTLY_BLOCK_FROM_PRIMARY_PREDICTORS,NOT_ELIGIBLE_LEAKAGE,NOT_DEFINED_FOR_CURRENT_P017_FEATURE_SPACE,NO,DIRECT_SOURCE_FIELD,NO,NO,NO,YES,The field is observed only after tensile deformation starts or after fracture.,NOT_MODEL_APPLICABLE; experimental nonmissing 0/51,Permanently excluded from primary pre-deformation TRIP/TWIP predictor matrices.,PERMANENTLY_BLOCK_FROM_PRIMARY_PREDICTORS,Primary V1 family: MECHANICAL_RESPONSE; classification is frozen for pre-deformation prediction.
FCC_fraction_at_stage,CONTINUOUS_NUMERIC,POST_DEFORMATION_MICROSTRUCTURE,POST_TEST_LEAKAGE,PERMANENTLY_BLOCK_FROM_PRIMARY_PREDICTORS,NOT_ELIGIBLE_LEAKAGE,NOT_DEFINED_FOR_CURRENT_P017_FEATURE_SPACE,NO,DIRECT_SOURCE_FIELD,YES,YES,YES,YES,The field is observed only after tensile deformation starts or after fracture.,NOT_MODEL_APPLICABLE; experimental nonmissing 0/51,Permanently excluded from primary pre-deformation TRIP/TWIP predictor matrices.,PERMANENTLY_BLOCK_FROM_PRIMARY_PREDICTORS,Primary V1 family: POST_DEFORMATION_MICROSTRUCTURE; classification is frozen for pre-deformation prediction.
TWIP_at_stage,BINARY_NUMERIC,POST_DEFORMATION_MICROSTRUCTURE,POST_TEST_LEAKAGE,PERMANENTLY_BLOCK_FROM_PRIMARY_PREDICTORS,NOT_ELIGIBLE_LEAKAGE,NOT_DEFINED_FOR_CURRENT_P017_FEATURE_SPACE,NO,DIRECT_SOURCE_FIELD,NO,NO,YES,YES,The field is observed only after tensile deformation starts or after fracture.,NOT_MODEL_APPLICABLE; experimental nonmissing 0/51,Permanently excluded from primary pre-deformation TRIP/TWIP predictor matrices.,PERMANENTLY_BLOCK_FROM_PRIMARY_PREDICTORS,Primary V1 family: POST_DEFORMATION_MICROSTRUCTURE; classification is frozen for pre-deformation prediction.
TRIP_at_stage,BINARY_NUMERIC,POST_DEFORMATION_MICROSTRUCTURE,POST_TEST_LEAKAGE,PERMANENTLY_BLOCK_FROM_PRIMARY_PREDICTORS,NOT_ELIGIBLE_LEAKAGE,NOT_DEFINED_FOR_CURRENT_P017_FEATURE_SPACE,NO,DIRECT_SOURCE_FIELD,NO,NO,YES,YES,The field is observed only after tensile deformation starts or after fracture.,NOT_MODEL_APPLICABLE; experimental nonmissing 0/51,Permanently excluded from primary pre-deformation TRIP/TWIP predictor matrices.,PERMANENTLY_BLOCK_FROM_PRIMARY_PREDICTORS,Primary V1 family: POST_DEFORMATION_MICROSTRUCTURE; classification is frozen for pre-deformation prediction.
Slip_at_stage,BINARY_NUMERIC,POST_DEFORMATION_MICROSTRUCTURE,POST_TEST_LEAKAGE,PERMANENTLY_BLOCK_FROM_PRIMARY_PREDICTORS,NOT_ELIGIBLE_LEAKAGE,NOT_DEFINED_FOR_CURRENT_P017_FEATURE_SPACE,NO,DIRECT_SOURCE_FIELD,NO,NO,YES,YES,The field is observed only after tensile deformation starts or after fracture.,NOT_MODEL_APPLICABLE; experimental nonmissing 0/51,Permanently excluded from primary pre-deformation TRIP/TWIP predictor matrices.,PERMANENTLY_BLOCK_FROM_PRIMARY_PREDICTORS,Primary V1 family: POST_DEFORMATION_MICROSTRUCTURE; classification is frozen for pre-deformation prediction.
HDI_at_stage,BINARY_NUMERIC,MODEL_DERIVED_RESPONSE,MODEL_DERIVED_LEAKAGE,PERMANENTLY_BLOCK_FROM_PRIMARY_PREDICTORS,NOT_ELIGIBLE_LEAKAGE,NOT_DEFINED_FOR_CURRENT_P017_FEATURE_SPACE,NO,SOURCE_REPORTED_OR_FITTED_LOADING_DERIVATION,NO,NO,NO,YES,The field is derived or inferred from loading response or fitted mechanical behavior.,NOT_MODEL_APPLICABLE; experimental nonmissing 0/51,Permanently excluded from primary pre-deformation TRIP/TWIP predictor matrices.,PERMANENTLY_BLOCK_FROM_PRIMARY_PREDICTORS,Primary V1 family: MODEL_DERIVED_RESPONSE; classification is frozen for pre-deformation prediction.
HDI_Hardening,BINARY_NUMERIC,MODEL_DERIVED_RESPONSE,MODEL_DERIVED_LEAKAGE,PERMANENTLY_BLOCK_FROM_PRIMARY_PREDICTORS,NOT_ELIGIBLE_LEAKAGE,NOT_DEFINED_FOR_CURRENT_P017_FEATURE_SPACE,NO,SOURCE_REPORTED_OR_FITTED_LOADING_DERIVATION,NO,NO,NO,YES,The field is derived or inferred from loading response or fitted mechanical behavior.,NOT_MODEL_APPLICABLE; experimental nonmissing 1/51,P014 loading-unloading-reloading-derived HDI quantity; permanently blocked.,PERMANENTLY_BLOCK_FROM_PRIMARY_PREDICTORS,Primary V1 family: MODEL_DERIVED_RESPONSE; classification is frozen for pre-deformation prediction.
P014_Recovery_Provenance_JSON,TEXT,PROVENANCE_QC,PROVENANCE_ONLY,AUDIT_OR_ELIGIBILITY_CONTROL_ONLY,AUDIT_CONTROL_ONLY,DOMAIN_CONTROL_ONLY,NOT_APPLICABLE_TO_MODEL_ROLE,SOURCE_OR_REPOSITORY_BOOKKEEPING,NO,NO,NO,YES_IF_MODELED,"Source, method, review, or QC bookkeeping can encode study and label-acquisition artifacts.",NOT_MODEL_APPLICABLE; experimental nonmissing 5/51,"Retain for audit, descriptive context, and eligibility control; never use as an ordinary predictor.",RETAIN_FOR_AUDIT_OR_ELIGIBILITY_CONTROL_ONLY,Primary V1 family: PROVENANCE_QC; classification is frozen for pre-deformation prediction.
P015_Record_Role,TEXT,PROVENANCE_QC,PROVENANCE_ONLY,AUDIT_OR_ELIGIBILITY_CONTROL_ONLY,AUDIT_CONTROL_ONLY,DOMAIN_CONTROL_ONLY,NOT_APPLICABLE_TO_MODEL_ROLE,SOURCE_OR_REPOSITORY_BOOKKEEPING,NO,NO,NO,YES_IF_MODELED,"Source, method, review, or QC bookkeeping can encode study and label-acquisition artifacts.",NOT_MODEL_APPLICABLE; experimental nonmissing 2/51,"Retain for audit, descriptive context, and eligibility control; never use as an ordinary predictor.",RETAIN_FOR_AUDIT_OR_ELIGIBILITY_CONTROL_ONLY,Primary V1 family: PROVENANCE_QC; classification is frozen for pre-deformation prediction.
P015_Target_Status,TEXT,TARGET,PROVENANCE_ONLY,AUDIT_OR_ELIGIBILITY_CONTROL_ONLY,AUDIT_CONTROL_ONLY,DOMAIN_CONTROL_ONLY,NOT_APPLICABLE_TO_MODEL_ROLE,SOURCE_OR_REPOSITORY_BOOKKEEPING,NO,NO,NO,YES_IF_MODELED,"Source, method, review, or QC bookkeeping can encode study and label-acquisition artifacts.",NOT_MODEL_APPLICABLE; experimental nonmissing 2/51,"Retain for audit, descriptive context, and eligibility control; never use as an ordinary predictor.",RETAIN_FOR_AUDIT_OR_ELIGIBILITY_CONTROL_ONLY,Primary V1 family: TARGET; classification is frozen for pre-deformation prediction.
P015_Legacy_Mapping_Status,CONTINUOUS_NUMERIC,PROVENANCE_QC,PROVENANCE_ONLY,AUDIT_OR_ELIGIBILITY_CONTROL_ONLY,AUDIT_CONTROL_ONLY,DOMAIN_CONTROL_ONLY,NOT_APPLICABLE_TO_MODEL_ROLE,SOURCE_OR_REPOSITORY_BOOKKEEPING,NO,NO,NO,YES_IF_MODELED,"Source, method, review, or QC bookkeeping can encode study and label-acquisition artifacts.",NOT_MODEL_APPLICABLE; experimental nonmissing 0/51,"Retain for audit, descriptive context, and eligibility control; never use as an ordinary predictor.",RETAIN_FOR_AUDIT_OR_ELIGIBILITY_CONTROL_ONLY,Primary V1 family: PROVENANCE_QC; classification is frozen for pre-deformation prediction.
Mn_Charge_Adjustment,TEXT,PROCESSING,METADATA_ONLY,AUDIT_OR_DESCRIPTIVE_ONLY,NOT_ELIGIBLE_AS_ORDINARY_PREDICTOR,NOT_DEFINED_FOR_CURRENT_P017_FEATURE_SPACE,NOT_APPLICABLE_TO_MODEL_ROLE,SOURCE_OR_REPOSITORY_BOOKKEEPING,NO,NO,NO,YES_IF_MODELED,"Metadata can encode paper, workflow, or extraction artifacts rather than material behavior.",NOT_MODEL_APPLICABLE; experimental nonmissing 2/51,Melting-charge compensation metadata only; not final specimen chemistry.,RETAIN; BLOCK_AS_ORDINARY_PREDICTOR,Primary V1 family: PROCESSING; classification is frozen for pre-deformation prediction.
Raw_Material_Purity,TEXT,PROCESSING,PREDICTOR_SAFE_CONDITIONAL,CONDITIONAL_CANDIDATE_PREDICTOR,CONDITIONAL_SCOPE_CONTROL_REQUIRED,NOT_DEFINED_FOR_CURRENT_P017_FEATURE_SPACE,CONDITIONAL_ON_SCOPE,DIRECT_SOURCE_FIELD,NO,NO,NO,CONDITIONAL,"Safe only after method, scope, timing, or availability control.",SEVERE; experimental nonmissing 2/51 (3.92%),Must describe processing completed before the tensile test; route text is not encoded in this task.,RETAIN_CONDITIONALLY; REQUIRE_SCOPE_GATE,Candidate status does not authorize pooling heterogeneous methods or filling missing values.
Grain_Size_Status,TEXT,INITIAL_MICROSTRUCTURE,PROVENANCE_ONLY,AUDIT_OR_ELIGIBILITY_CONTROL_ONLY,AUDIT_CONTROL_ONLY,DOMAIN_CONTROL_ONLY,NOT_APPLICABLE_TO_MODEL_ROLE,SOURCE_OR_REPOSITORY_BOOKKEEPING,YES,NO,YES,YES_IF_MODELED,"Source, method, review, or QC bookkeeping can encode study and label-acquisition artifacts.",NOT_MODEL_APPLICABLE; experimental nonmissing 2/51,"Retain for audit, descriptive context, and eligibility control; never use as an ordinary predictor.",RETAIN_FOR_AUDIT_OR_ELIGIBILITY_CONTROL_ONLY,Primary V1 family: INITIAL_MICROSTRUCTURE; classification is frozen for pre-deformation prediction.
Texture_Orientation_Status,TEXT,INITIAL_MICROSTRUCTURE,PREDICTOR_SAFE_CONDITIONAL,CONDITIONAL_CANDIDATE_PREDICTOR,CONDITIONAL_SCOPE_CONTROL_REQUIRED,NOT_DEFINED_FOR_CURRENT_P017_FEATURE_SPACE,CONDITIONAL_ON_SCOPE,DIRECT_SOURCE_FIELD,YES,NO,YES,CONDITIONAL,"Safe only after method, scope, timing, or availability control.",SEVERE; experimental nonmissing 2/51 (3.92%),"Must be explicitly pre-test; preserve method, phase, and initial-versus-deformed scope.",RETAIN_CONDITIONALLY; REQUIRE_SCOPE_GATE,Candidate status does not authorize pooling heterogeneous methods or filling missing values.
Elemental_Segregation_Status,TEXT,INITIAL_MICROSTRUCTURE,PREDICTOR_SAFE_CONDITIONAL,CONDITIONAL_CANDIDATE_PREDICTOR,CONDITIONAL_SCOPE_CONTROL_REQUIRED,NOT_DEFINED_FOR_CURRENT_P017_FEATURE_SPACE,CONDITIONAL_ON_SCOPE,DIRECT_SOURCE_FIELD,YES,NO,YES,CONDITIONAL,"Safe only after method, scope, timing, or availability control.",SEVERE; experimental nonmissing 2/51 (3.92%),"Must be explicitly pre-test; preserve method, phase, and initial-versus-deformed scope.",RETAIN_CONDITIONALLY; REQUIRE_SCOPE_GATE,Candidate status does not authorize pooling heterogeneous methods or filling missing values.
Engineering_YS_MPa,INTEGER_NUMERIC,MECHANICAL_RESPONSE,MECHANICAL_OUTCOME_LEAKAGE,PERMANENTLY_BLOCK_FROM_PRIMARY_PREDICTORS,NOT_ELIGIBLE_LEAKAGE,NOT_DEFINED_FOR_CURRENT_P017_FEATURE_SPACE,NO,DIRECT_SOURCE_FIELD,NO,NO,NO,YES,The field is an outcome of the same tensile test whose mechanisms are predicted.,NOT_MODEL_APPLICABLE; experimental nonmissing 2/51,Permanently excluded from primary pre-deformation TRIP/TWIP predictor matrices.,PERMANENTLY_BLOCK_FROM_PRIMARY_PREDICTORS,P015 same-test engineering yield outcome; retained for interpretation only.
Engineering_UTS_MPa,INTEGER_NUMERIC,MECHANICAL_RESPONSE,MECHANICAL_OUTCOME_LEAKAGE,PERMANENTLY_BLOCK_FROM_PRIMARY_PREDICTORS,NOT_ELIGIBLE_LEAKAGE,NOT_DEFINED_FOR_CURRENT_P017_FEATURE_SPACE,NO,DIRECT_SOURCE_FIELD,NO,NO,NO,YES,The field is an outcome of the same tensile test whose mechanisms are predicted.,NOT_MODEL_APPLICABLE; experimental nonmissing 2/51,Permanently excluded from primary pre-deformation TRIP/TWIP predictor matrices.,PERMANENTLY_BLOCK_FROM_PRIMARY_PREDICTORS,P015 same-test engineering ultimate strength outcome; retained for interpretation only.
Engineering_Elongation_pct,INTEGER_NUMERIC,MECHANICAL_RESPONSE,MECHANICAL_OUTCOME_LEAKAGE,PERMANENTLY_BLOCK_FROM_PRIMARY_PREDICTORS,NOT_ELIGIBLE_LEAKAGE,NOT_DEFINED_FOR_CURRENT_P017_FEATURE_SPACE,NO,DIRECT_SOURCE_FIELD,NO,NO,NO,YES,The field is an outcome of the same tensile test whose mechanisms are predicted.,NOT_MODEL_APPLICABLE; experimental nonmissing 2/51,Permanently excluded from primary pre-deformation TRIP/TWIP predictor matrices.,PERMANENTLY_BLOCK_FROM_PRIMARY_PREDICTORS,Primary V1 family: MECHANICAL_RESPONSE; classification is frozen for pre-deformation prediction.
True_Yield_Stress_MPa,CONTINUOUS_NUMERIC,MECHANICAL_RESPONSE,MECHANICAL_OUTCOME_LEAKAGE,PERMANENTLY_BLOCK_FROM_PRIMARY_PREDICTORS,NOT_ELIGIBLE_LEAKAGE,NOT_DEFINED_FOR_CURRENT_P017_FEATURE_SPACE,NO,DIRECT_SOURCE_FIELD,NO,NO,NO,YES,The field is an outcome of the same tensile test whose mechanisms are predicted.,NOT_MODEL_APPLICABLE; experimental nonmissing 2/51,Permanently excluded from primary pre-deformation TRIP/TWIP predictor matrices.,PERMANENTLY_BLOCK_FROM_PRIMARY_PREDICTORS,Primary V1 family: MECHANICAL_RESPONSE; classification is frozen for pre-deformation prediction.
True_UTS_MPa,CONTINUOUS_NUMERIC,MECHANICAL_RESPONSE,MECHANICAL_OUTCOME_LEAKAGE,PERMANENTLY_BLOCK_FROM_PRIMARY_PREDICTORS,NOT_ELIGIBLE_LEAKAGE,NOT_DEFINED_FOR_CURRENT_P017_FEATURE_SPACE,NO,DIRECT_SOURCE_FIELD,NO,NO,NO,YES,The field is an outcome of the same tensile test whose mechanisms are predicted.,NOT_MODEL_APPLICABLE; experimental nonmissing 2/51,Permanently excluded from primary pre-deformation TRIP/TWIP predictor matrices.,PERMANENTLY_BLOCK_FROM_PRIMARY_PREDICTORS,Primary V1 family: MECHANICAL_RESPONSE; classification is frozen for pre-deformation prediction.
HC,CONTINUOUS_NUMERIC,MODEL_DERIVED_RESPONSE,MODEL_DERIVED_LEAKAGE,PERMANENTLY_BLOCK_FROM_PRIMARY_PREDICTORS,NOT_ELIGIBLE_LEAKAGE,NOT_DEFINED_FOR_CURRENT_P017_FEATURE_SPACE,NO,SOURCE_REPORTED_OR_FITTED_LOADING_DERIVATION,NO,NO,NO,YES,The field is derived or inferred from loading response or fitted mechanical behavior.,NOT_MODEL_APPLICABLE; experimental nonmissing 2/51,Permanently excluded from primary pre-deformation TRIP/TWIP predictor matrices.,PERMANENTLY_BLOCK_FROM_PRIMARY_PREDICTORS,Primary V1 family: MODEL_DERIVED_RESPONSE; classification is frozen for pre-deformation prediction.
True_Property_Status,TEXT,MECHANICAL_RESPONSE,PROVENANCE_ONLY,AUDIT_OR_ELIGIBILITY_CONTROL_ONLY,AUDIT_CONTROL_ONLY,DOMAIN_CONTROL_ONLY,NOT_APPLICABLE_TO_MODEL_ROLE,SOURCE_OR_REPOSITORY_BOOKKEEPING,NO,NO,NO,YES_IF_MODELED,"Source, method, review, or QC bookkeeping can encode study and label-acquisition artifacts.",NOT_MODEL_APPLICABLE; experimental nonmissing 2/51,"Retain for audit, descriptive context, and eligibility control; never use as an ordinary predictor.",RETAIN_FOR_AUDIT_OR_ELIGIBILITY_CONTROL_ONLY,Primary V1 family: MECHANICAL_RESPONSE; classification is frozen for pre-deformation prediction.
Postfracture_Phase_State,TEXT,POST_DEFORMATION_MICROSTRUCTURE,POST_TEST_LEAKAGE,PERMANENTLY_BLOCK_FROM_PRIMARY_PREDICTORS,NOT_ELIGIBLE_LEAKAGE,NOT_DEFINED_FOR_CURRENT_P017_FEATURE_SPACE,NO,DIRECT_SOURCE_FIELD,NO,YES,YES,YES,The field is observed only after tensile deformation starts or after fracture.,NOT_MODEL_APPLICABLE; experimental nonmissing 2/51,Permanently excluded from primary pre-deformation TRIP/TWIP predictor matrices.,PERMANENTLY_BLOCK_FROM_PRIMARY_PREDICTORS,"P015 post-fracture state is target evidence, not a predictor."
Postfracture_HCP_fraction,BINARY_NUMERIC,POST_DEFORMATION_MICROSTRUCTURE,POST_TEST_LEAKAGE,PERMANENTLY_BLOCK_FROM_PRIMARY_PREDICTORS,NOT_ELIGIBLE_LEAKAGE,NOT_DEFINED_FOR_CURRENT_P017_FEATURE_SPACE,NO,DIRECT_SOURCE_FIELD,YES,YES,YES,YES,The field is observed only after tensile deformation starts or after fracture.,NOT_MODEL_APPLICABLE; experimental nonmissing 1/51,P015 post-fracture target evidence; permanently forbidden as a pre-deformation predictor.,PERMANENTLY_BLOCK_FROM_PRIMARY_PREDICTORS,Primary V1 family: POST_DEFORMATION_MICROSTRUCTURE; classification is frozen for pre-deformation prediction.
Postfracture_HCP_fraction_Status,TEXT,POST_DEFORMATION_MICROSTRUCTURE,POST_TEST_LEAKAGE,PERMANENTLY_BLOCK_FROM_PRIMARY_PREDICTORS,NOT_ELIGIBLE_LEAKAGE,NOT_DEFINED_FOR_CURRENT_P017_FEATURE_SPACE,NO,DIRECT_SOURCE_FIELD,YES,YES,YES,YES,The field is observed only after tensile deformation starts or after fracture.,NOT_MODEL_APPLICABLE; experimental nonmissing 2/51,Permanently excluded from primary pre-deformation TRIP/TWIP predictor matrices.,PERMANENTLY_BLOCK_FROM_PRIMARY_PREDICTORS,Primary V1 family: POST_DEFORMATION_MICROSTRUCTURE; classification is frozen for pre-deformation prediction.
Fracture_Mode,TEXT,MECHANICAL_RESPONSE,MECHANICAL_OUTCOME_LEAKAGE,PERMANENTLY_BLOCK_FROM_PRIMARY_PREDICTORS,NOT_ELIGIBLE_LEAKAGE,NOT_DEFINED_FOR_CURRENT_P017_FEATURE_SPACE,NO,DIRECT_SOURCE_FIELD,NO,NO,NO,YES,The field is an outcome of the same tensile test whose mechanisms are predicted.,NOT_MODEL_APPLICABLE; experimental nonmissing 2/51,Permanently excluded from primary pre-deformation TRIP/TWIP predictor matrices.,PERMANENTLY_BLOCK_FROM_PRIMARY_PREDICTORS,Primary V1 family: MECHANICAL_RESPONSE; classification is frozen for pre-deformation prediction.
Negative_Evidence_Quality,TEXT,TARGET,PROVENANCE_ONLY,AUDIT_OR_ELIGIBILITY_CONTROL_ONLY,AUDIT_CONTROL_ONLY,DOMAIN_CONTROL_ONLY,NOT_APPLICABLE_TO_MODEL_ROLE,SOURCE_OR_REPOSITORY_BOOKKEEPING,NO,NO,NO,YES_IF_MODELED,"Source, method, review, or QC bookkeeping can encode study and label-acquisition artifacts.",NOT_MODEL_APPLICABLE; experimental nonmissing 2/51,"Retain for audit, descriptive context, and eligibility control; never use as an ordinary predictor.",RETAIN_FOR_AUDIT_OR_ELIGIBILITY_CONTROL_ONLY,Primary V1 family: TARGET; classification is frozen for pre-deformation prediction.
SFE_Value_Status,TEXT,PHYSICS_THERMODYNAMICS,PROVENANCE_ONLY,AUDIT_OR_ELIGIBILITY_CONTROL_ONLY,AUDIT_CONTROL_ONLY,DOMAIN_CONTROL_ONLY,NOT_APPLICABLE_TO_MODEL_ROLE,SOURCE_OR_REPOSITORY_BOOKKEEPING,YES,YES,YES,YES_IF_MODELED,"Source, method, review, or QC bookkeeping can encode study and label-acquisition artifacts.",NOT_MODEL_APPLICABLE; experimental nonmissing 2/51,"Retain for audit, descriptive context, and eligibility control; never use as an ordinary predictor.",RETAIN_FOR_AUDIT_OR_ELIGIBILITY_CONTROL_ONLY,Primary V1 family: PHYSICS_THERMODYNAMICS; classification is frozen for pre-deformation prediction.
SFE_Data_Origin,TEXT,PHYSICS_THERMODYNAMICS,PROVENANCE_ONLY,AUDIT_OR_ELIGIBILITY_CONTROL_ONLY,AUDIT_CONTROL_ONLY,DOMAIN_CONTROL_ONLY,NOT_APPLICABLE_TO_MODEL_ROLE,SOURCE_OR_REPOSITORY_BOOKKEEPING,YES,YES,YES,YES_IF_MODELED,"Source, method, review, or QC bookkeeping can encode study and label-acquisition artifacts.",NOT_MODEL_APPLICABLE; experimental nonmissing 2/51,"Retain for audit, descriptive context, and eligibility control; never use as an ordinary predictor.",RETAIN_FOR_AUDIT_OR_ELIGIBILITY_CONTROL_ONLY,Primary V1 family: PHYSICS_THERMODYNAMICS; classification is frozen for pre-deformation prediction.
Critical_Stress_Model_Validity,TEXT,MODEL_DERIVED_RESPONSE,PROVENANCE_ONLY,AUDIT_OR_ELIGIBILITY_CONTROL_ONLY,AUDIT_CONTROL_ONLY,DOMAIN_CONTROL_ONLY,NOT_APPLICABLE_TO_MODEL_ROLE,SOURCE_OR_REPOSITORY_BOOKKEEPING,NO,NO,NO,YES_IF_MODELED,"Source, method, review, or QC bookkeeping can encode study and label-acquisition artifacts.",NOT_MODEL_APPLICABLE; experimental nonmissing 2/51,"Retain for audit, descriptive context, and eligibility control; never use as an ordinary predictor.",RETAIN_FOR_AUDIT_OR_ELIGIBILITY_CONTROL_ONLY,Primary V1 family: MODEL_DERIVED_RESPONSE; classification is frozen for pre-deformation prediction.
P015_Recovery_Provenance_JSON,TEXT,PROVENANCE_QC,PROVENANCE_ONLY,AUDIT_OR_ELIGIBILITY_CONTROL_ONLY,AUDIT_CONTROL_ONLY,DOMAIN_CONTROL_ONLY,NOT_APPLICABLE_TO_MODEL_ROLE,SOURCE_OR_REPOSITORY_BOOKKEEPING,NO,NO,NO,YES_IF_MODELED,"Source, method, review, or QC bookkeeping can encode study and label-acquisition artifacts.",NOT_MODEL_APPLICABLE; experimental nonmissing 2/51,"Retain for audit, descriptive context, and eligibility control; never use as an ordinary predictor.",RETAIN_FOR_AUDIT_OR_ELIGIBILITY_CONTROL_ONLY,Primary V1 family: PROVENANCE_QC; classification is frozen for pre-deformation prediction.
Computational_Condition_ID,TEXT,IDENTITY_GROUPING,IDENTIFIER_ONLY,IDENTITY_CONTROL_ONLY,NOT_ELIGIBLE_AS_PREDICTOR,DOMAIN_CONTROL_ONLY,NOT_APPLICABLE_TO_MODEL_ROLE,SOURCE_OR_REPOSITORY_BOOKKEEPING,NO,NO,NO,YES_IF_MODELED,"The identifier can memorize paper, material, condition, or observation identity.",NOT_MODEL_APPLICABLE; experimental nonmissing 0/51,"Use only for identity, dependence control, or grouped split design.",RETAIN_FOR_IDENTITY_CONTROL_ONLY,Primary V1 family: IDENTITY_GROUPING; classification is frozen for pre-deformation prediction.
Independent_Computational_Condition,TEXT,COMPUTATIONAL_ONLY,COMPUTATIONAL_ONLY,COMPUTATIONAL_DOMAIN_ONLY,NOT_ELIGIBLE_EXPERIMENTAL_DOMAIN,ELIGIBLE_COMPUTATIONAL_DOMAIN_ONLY,COMPUTATIONAL_DOMAIN_ONLY,SOURCE_REPORTED_COMPUTATIONAL,NO,NO,NO,YES_FOR_EXPERIMENTAL_MODEL,The descriptor is confined to a non-equivalent computational domain.,NOT_MODEL_APPLICABLE; experimental nonmissing 0/51,Retain outside the experimental feature matrix; do not use P017 to increase experimental sample count.,KEEP_IN_SEPARATE_COMPUTATIONAL_DOMAIN,Primary V1 family: COMPUTATIONAL_ONLY; classification is frozen for pre-deformation prediction.
Independent_Experimental_ML_sample,TEXT,IDENTITY_GROUPING,GROUPING_ONLY,SPLIT_AND_DEPENDENCE_CONTROL_ONLY,SPLIT_CONTROL_ONLY,DOMAIN_CONTROL_ONLY,NOT_APPLICABLE_TO_MODEL_ROLE,SOURCE_OR_REPOSITORY_BOOKKEEPING,NO,NO,NO,YES_IF_MODELED,A grouping key would expose dependence or study/material identity.,NOT_MODEL_APPLICABLE; experimental nonmissing 0/51,"Use only for identity, dependence control, or grouped split design.",RETAIN_FOR_SPLIT_DESIGN_ONLY,Primary V1 family: IDENTITY_GROUPING; classification is frozen for pre-deformation prediction.
Experimental_Target_Eligibility,TEXT,PROVENANCE_QC,PROVENANCE_ONLY,AUDIT_OR_ELIGIBILITY_CONTROL_ONLY,AUDIT_CONTROL_ONLY,DOMAIN_CONTROL_ONLY,NOT_APPLICABLE_TO_MODEL_ROLE,SOURCE_OR_REPOSITORY_BOOKKEEPING,NO,NO,NO,YES_IF_MODELED,"Source, method, review, or QC bookkeeping can encode study and label-acquisition artifacts.",NOT_MODEL_APPLICABLE; experimental nonmissing 0/51,"Retain for audit, descriptive context, and eligibility control; never use as an ordinary predictor.",RETAIN_FOR_AUDIT_OR_ELIGIBILITY_CONTROL_ONLY,Primary V1 family: PROVENANCE_QC; classification is frozen for pre-deformation prediction.
Paper_Native_TRIP,BINARY_NUMERIC,COMPUTATIONAL_ONLY,COMPUTATIONAL_ONLY,COMPUTATIONAL_DOMAIN_ONLY,NOT_ELIGIBLE_EXPERIMENTAL_DOMAIN,ELIGIBLE_COMPUTATIONAL_DOMAIN_ONLY,COMPUTATIONAL_DOMAIN_ONLY,SOURCE_REPORTED_COMPUTATIONAL,NO,NO,NO,YES_FOR_EXPERIMENTAL_MODEL,The descriptor is confined to a non-equivalent computational domain.,NOT_MODEL_APPLICABLE; experimental nonmissing 0/51,P017 paper-native computational target; not experimental FCC-to-HCP TRIP.,KEEP_IN_SEPARATE_COMPUTATIONAL_DOMAIN,P017 native computational label remains separate from Effective_TRIP.
Paper_Native_TWIP,BINARY_NUMERIC,COMPUTATIONAL_ONLY,COMPUTATIONAL_ONLY,COMPUTATIONAL_DOMAIN_ONLY,NOT_ELIGIBLE_EXPERIMENTAL_DOMAIN,ELIGIBLE_COMPUTATIONAL_DOMAIN_ONLY,COMPUTATIONAL_DOMAIN_ONLY,SOURCE_REPORTED_COMPUTATIONAL,NO,NO,NO,YES_FOR_EXPERIMENTAL_MODEL,The descriptor is confined to a non-equivalent computational domain.,NOT_MODEL_APPLICABLE; experimental nonmissing 0/51,P017 paper-native computational target; not experimental deformation TWIP.,KEEP_IN_SEPARATE_COMPUTATIONAL_DOMAIN,P017 native computational label remains separate from Effective_TWIP.
TWIP_induced_TRIP_Status,TEXT,COMPUTATIONAL_ONLY,COMPUTATIONAL_ONLY,COMPUTATIONAL_DOMAIN_ONLY,NOT_ELIGIBLE_EXPERIMENTAL_DOMAIN,ELIGIBLE_COMPUTATIONAL_DOMAIN_ONLY,COMPUTATIONAL_DOMAIN_ONLY,SOURCE_REPORTED_COMPUTATIONAL,NO,NO,NO,YES_FOR_EXPERIMENTAL_MODEL,The descriptor is confined to a non-equivalent computational domain.,NOT_MODEL_APPLICABLE; experimental nonmissing 0/51,Retain outside the experimental feature matrix; do not use P017 to increase experimental sample count.,KEEP_IN_SEPARATE_COMPUTATIONAL_DOMAIN,Primary V1 family: COMPUTATIONAL_ONLY; classification is frozen for pre-deformation prediction.
TWIP_induced_TRIP_Timing,TEXT,COMPUTATIONAL_ONLY,COMPUTATIONAL_ONLY,COMPUTATIONAL_DOMAIN_ONLY,NOT_ELIGIBLE_EXPERIMENTAL_DOMAIN,ELIGIBLE_COMPUTATIONAL_DOMAIN_ONLY,COMPUTATIONAL_DOMAIN_ONLY,SOURCE_REPORTED_COMPUTATIONAL,NO,NO,NO,YES_FOR_EXPERIMENTAL_MODEL,The descriptor is confined to a non-equivalent computational domain.,NOT_MODEL_APPLICABLE; experimental nonmissing 0/51,Retain outside the experimental feature matrix; do not use P017 to increase experimental sample count.,KEEP_IN_SEPARATE_COMPUTATIONAL_DOMAIN,Primary V1 family: COMPUTATIONAL_ONLY; classification is frozen for pre-deformation prediction.
TRIP_induced_TWIP_Status,TEXT,COMPUTATIONAL_ONLY,COMPUTATIONAL_ONLY,COMPUTATIONAL_DOMAIN_ONLY,NOT_ELIGIBLE_EXPERIMENTAL_DOMAIN,ELIGIBLE_COMPUTATIONAL_DOMAIN_ONLY,COMPUTATIONAL_DOMAIN_ONLY,SOURCE_REPORTED_COMPUTATIONAL,NO,NO,NO,YES_FOR_EXPERIMENTAL_MODEL,The descriptor is confined to a non-equivalent computational domain.,NOT_MODEL_APPLICABLE; experimental nonmissing 0/51,Retain outside the experimental feature matrix; do not use P017 to increase experimental sample count.,KEEP_IN_SEPARATE_COMPUTATIONAL_DOMAIN,Primary V1 family: COMPUTATIONAL_ONLY; classification is frozen for pre-deformation prediction.
TRIP_induced_TWIP_Timing,TEXT,COMPUTATIONAL_ONLY,COMPUTATIONAL_ONLY,COMPUTATIONAL_DOMAIN_ONLY,NOT_ELIGIBLE_EXPERIMENTAL_DOMAIN,ELIGIBLE_COMPUTATIONAL_DOMAIN_ONLY,COMPUTATIONAL_DOMAIN_ONLY,SOURCE_REPORTED_COMPUTATIONAL,NO,NO,NO,YES_FOR_EXPERIMENTAL_MODEL,The descriptor is confined to a non-equivalent computational domain.,NOT_MODEL_APPLICABLE; experimental nonmissing 0/51,Retain outside the experimental feature matrix; do not use P017 to increase experimental sample count.,KEEP_IN_SEPARATE_COMPUTATIONAL_DOMAIN,Primary V1 family: COMPUTATIONAL_ONLY; classification is frozen for pre-deformation prediction.
SIS_PSR_GPa,CONTINUOUS_NUMERIC,COMPUTATIONAL_ONLY,COMPUTATIONAL_ONLY,COMPUTATIONAL_DOMAIN_ONLY,NOT_ELIGIBLE_EXPERIMENTAL_DOMAIN,ELIGIBLE_COMPUTATIONAL_DOMAIN_ONLY,COMPUTATIONAL_DOMAIN_ONLY,SOURCE_REPORTED_COMPUTATIONAL,NO,NO,NO,YES_FOR_EXPERIMENTAL_MODEL,The descriptor is confined to a non-equivalent computational domain.,NOT_MODEL_APPLICABLE; experimental nonmissing 0/51,P017 computational stress-regime metric; not experimental YS.,KEEP_IN_SEPARATE_COMPUTATIONAL_DOMAIN,Primary V1 family: COMPUTATIONAL_ONLY; classification is frozen for pre-deformation prediction.
UTS_PSR_GPa,CONTINUOUS_NUMERIC,COMPUTATIONAL_ONLY,COMPUTATIONAL_ONLY,COMPUTATIONAL_DOMAIN_ONLY,NOT_ELIGIBLE_EXPERIMENTAL_DOMAIN,ELIGIBLE_COMPUTATIONAL_DOMAIN_ONLY,COMPUTATIONAL_DOMAIN_ONLY,SOURCE_REPORTED_COMPUTATIONAL,NO,NO,NO,YES_FOR_EXPERIMENTAL_MODEL,The descriptor is confined to a non-equivalent computational domain.,NOT_MODEL_APPLICABLE; experimental nonmissing 0/51,P017 computational stress-regime metric; not experimental UTS.,KEEP_IN_SEPARATE_COMPUTATIONAL_DOMAIN,Primary V1 family: COMPUTATIONAL_ONLY; classification is frozen for pre-deformation prediction.
UTS_PSR_Status,TEXT,COMPUTATIONAL_ONLY,COMPUTATIONAL_ONLY,COMPUTATIONAL_DOMAIN_ONLY,NOT_ELIGIBLE_EXPERIMENTAL_DOMAIN,ELIGIBLE_COMPUTATIONAL_DOMAIN_ONLY,COMPUTATIONAL_DOMAIN_ONLY,SOURCE_REPORTED_COMPUTATIONAL,NO,NO,NO,YES_FOR_EXPERIMENTAL_MODEL,The descriptor is confined to a non-equivalent computational domain.,NOT_MODEL_APPLICABLE; experimental nonmissing 0/51,Retain outside the experimental feature matrix; do not use P017 to increase experimental sample count.,KEEP_IN_SEPARATE_COMPUTATIONAL_DOMAIN,Primary V1 family: COMPUTATIONAL_ONLY; classification is frozen for pre-deformation prediction.
Initial_BCC_fraction_raw,TEXT,COMPUTATIONAL_ONLY,COMPUTATIONAL_ONLY,COMPUTATIONAL_DOMAIN_ONLY,NOT_ELIGIBLE_EXPERIMENTAL_DOMAIN,ELIGIBLE_COMPUTATIONAL_DOMAIN_ONLY,COMPUTATIONAL_DOMAIN_ONLY,SOURCE_REPORTED_COMPUTATIONAL,YES,NO,YES,YES_FOR_EXPERIMENTAL_MODEL,The descriptor is confined to a non-equivalent computational domain.,NOT_MODEL_APPLICABLE; experimental nonmissing 0/51,Retain outside the experimental feature matrix; do not use P017 to increase experimental sample count.,KEEP_IN_SEPARATE_COMPUTATIONAL_DOMAIN,Primary V1 family: COMPUTATIONAL_ONLY; classification is frozen for pre-deformation prediction.
Initial_BCC_fraction_status,TEXT,COMPUTATIONAL_ONLY,COMPUTATIONAL_ONLY,COMPUTATIONAL_DOMAIN_ONLY,NOT_ELIGIBLE_EXPERIMENTAL_DOMAIN,ELIGIBLE_COMPUTATIONAL_DOMAIN_ONLY,COMPUTATIONAL_DOMAIN_ONLY,SOURCE_REPORTED_COMPUTATIONAL,YES,NO,YES,YES_FOR_EXPERIMENTAL_MODEL,The descriptor is confined to a non-equivalent computational domain.,NOT_MODEL_APPLICABLE; experimental nonmissing 0/51,Retain outside the experimental feature matrix; do not use P017 to increase experimental sample count.,KEEP_IN_SEPARATE_COMPUTATIONAL_DOMAIN,Primary V1 family: COMPUTATIONAL_ONLY; classification is frozen for pre-deformation prediction.
PostQuench_Initial_Structure,TEXT,COMPUTATIONAL_ONLY,COMPUTATIONAL_ONLY,COMPUTATIONAL_DOMAIN_ONLY,NOT_ELIGIBLE_EXPERIMENTAL_DOMAIN,ELIGIBLE_COMPUTATIONAL_DOMAIN_ONLY,COMPUTATIONAL_DOMAIN_ONLY,SOURCE_REPORTED_COMPUTATIONAL,NO,NO,NO,YES_FOR_EXPERIMENTAL_MODEL,The descriptor is confined to a non-equivalent computational domain.,NOT_MODEL_APPLICABLE; experimental nonmissing 0/51,Retain outside the experimental feature matrix; do not use P017 to increase experimental sample count.,KEEP_IN_SEPARATE_COMPUTATIONAL_DOMAIN,Primary V1 family: COMPUTATIONAL_ONLY; classification is frozen for pre-deformation prediction.
P017_Record_Role,TEXT,PROVENANCE_QC,PROVENANCE_ONLY,AUDIT_OR_ELIGIBILITY_CONTROL_ONLY,AUDIT_CONTROL_ONLY,DOMAIN_CONTROL_ONLY,NOT_APPLICABLE_TO_MODEL_ROLE,SOURCE_OR_REPOSITORY_BOOKKEEPING,NO,NO,NO,YES_IF_MODELED,"Source, method, review, or QC bookkeeping can encode study and label-acquisition artifacts.",NOT_MODEL_APPLICABLE; experimental nonmissing 0/51,"Retain for audit, descriptive context, and eligibility control; never use as an ordinary predictor.",RETAIN_FOR_AUDIT_OR_ELIGIBILITY_CONTROL_ONLY,Primary V1 family: PROVENANCE_QC; classification is frozen for pre-deformation prediction.
P017_Legacy_Mapping_Status,CONTINUOUS_NUMERIC,PROVENANCE_QC,PROVENANCE_ONLY,AUDIT_OR_ELIGIBILITY_CONTROL_ONLY,AUDIT_CONTROL_ONLY,DOMAIN_CONTROL_ONLY,NOT_APPLICABLE_TO_MODEL_ROLE,SOURCE_OR_REPOSITORY_BOOKKEEPING,NO,NO,NO,YES_IF_MODELED,"Source, method, review, or QC bookkeeping can encode study and label-acquisition artifacts.",NOT_MODEL_APPLICABLE; experimental nonmissing 0/51,"Retain for audit, descriptive context, and eligibility control; never use as an ordinary predictor.",RETAIN_FOR_AUDIT_OR_ELIGIBILITY_CONTROL_ONLY,Primary V1 family: PROVENANCE_QC; classification is frozen for pre-deformation prediction.
P017_Recovery_Provenance_JSON,TEXT,PROVENANCE_QC,PROVENANCE_ONLY,AUDIT_OR_ELIGIBILITY_CONTROL_ONLY,AUDIT_CONTROL_ONLY,DOMAIN_CONTROL_ONLY,NOT_APPLICABLE_TO_MODEL_ROLE,SOURCE_OR_REPOSITORY_BOOKKEEPING,NO,NO,NO,YES_IF_MODELED,"Source, method, review, or QC bookkeeping can encode study and label-acquisition artifacts.",NOT_MODEL_APPLICABLE; experimental nonmissing 0/51,"Retain for audit, descriptive context, and eligibility control; never use as an ordinary predictor.",RETAIN_FOR_AUDIT_OR_ELIGIBILITY_CONTROL_ONLY,Primary V1 family: PROVENANCE_QC; classification is frozen for pre-deformation prediction.
QC_Row_Role,TEXT,PROVENANCE_QC,PROVENANCE_ONLY,AUDIT_OR_ELIGIBILITY_CONTROL_ONLY,AUDIT_CONTROL_ONLY,DOMAIN_CONTROL_ONLY,NOT_APPLICABLE_TO_MODEL_ROLE,REPOSITORY_QC_DERIVED,NO,NO,NO,YES_IF_MODELED,"Source, method, review, or QC bookkeeping can encode study and label-acquisition artifacts.",NOT_MODEL_APPLICABLE; experimental nonmissing 51/51,"Retain for audit, descriptive context, and eligibility control; never use as an ordinary predictor.",RETAIN_FOR_AUDIT_OR_ELIGIBILITY_CONTROL_ONLY,Primary V1 family: PROVENANCE_QC; classification is frozen for pre-deformation prediction.
QC_Experimental_Eligibility,TEXT,PROVENANCE_QC,PROVENANCE_ONLY,AUDIT_OR_ELIGIBILITY_CONTROL_ONLY,AUDIT_CONTROL_ONLY,DOMAIN_CONTROL_ONLY,NOT_APPLICABLE_TO_MODEL_ROLE,REPOSITORY_QC_DERIVED,NO,NO,NO,YES_IF_MODELED,"Source, method, review, or QC bookkeeping can encode study and label-acquisition artifacts.",NOT_MODEL_APPLICABLE; experimental nonmissing 51/51,"Retain for audit, descriptive context, and eligibility control; never use as an ordinary predictor.",RETAIN_FOR_AUDIT_OR_ELIGIBILITY_CONTROL_ONLY,Primary V1 family: PROVENANCE_QC; classification is frozen for pre-deformation prediction.
QC_Computational_Eligibility,TEXT,PROVENANCE_QC,PROVENANCE_ONLY,AUDIT_OR_ELIGIBILITY_CONTROL_ONLY,AUDIT_CONTROL_ONLY,DOMAIN_CONTROL_ONLY,NOT_APPLICABLE_TO_MODEL_ROLE,REPOSITORY_QC_DERIVED,NO,NO,NO,YES_IF_MODELED,"Source, method, review, or QC bookkeeping can encode study and label-acquisition artifacts.",NOT_MODEL_APPLICABLE; experimental nonmissing 51/51,"Retain for audit, descriptive context, and eligibility control; never use as an ordinary predictor.",RETAIN_FOR_AUDIT_OR_ELIGIBILITY_CONTROL_ONLY,Primary V1 family: PROVENANCE_QC; classification is frozen for pre-deformation prediction.
QC_Target_Eligibility,TEXT,PROVENANCE_QC,PROVENANCE_ONLY,AUDIT_OR_ELIGIBILITY_CONTROL_ONLY,AUDIT_CONTROL_ONLY,DOMAIN_CONTROL_ONLY,NOT_APPLICABLE_TO_MODEL_ROLE,REPOSITORY_QC_DERIVED,NO,NO,NO,YES_IF_MODELED,"Source, method, review, or QC bookkeeping can encode study and label-acquisition artifacts.",NOT_MODEL_APPLICABLE; experimental nonmissing 51/51,"Retain for audit, descriptive context, and eligibility control; never use as an ordinary predictor.",RETAIN_FOR_AUDIT_OR_ELIGIBILITY_CONTROL_ONLY,Primary V1 family: PROVENANCE_QC; classification is frozen for pre-deformation prediction.
QC_Duplicate_Status,TEXT,PROVENANCE_QC,PROVENANCE_ONLY,AUDIT_OR_ELIGIBILITY_CONTROL_ONLY,AUDIT_CONTROL_ONLY,DOMAIN_CONTROL_ONLY,NOT_APPLICABLE_TO_MODEL_ROLE,REPOSITORY_QC_DERIVED,NO,NO,NO,YES_IF_MODELED,"Source, method, review, or QC bookkeeping can encode study and label-acquisition artifacts.",NOT_MODEL_APPLICABLE; experimental nonmissing 51/51,"Retain for audit, descriptive context, and eligibility control; never use as an ordinary predictor.",RETAIN_FOR_AUDIT_OR_ELIGIBILITY_CONTROL_ONLY,Primary V1 family: PROVENANCE_QC; classification is frozen for pre-deformation prediction.
QC_Leakage_Risk,TEXT,PROVENANCE_QC,PROVENANCE_ONLY,AUDIT_OR_ELIGIBILITY_CONTROL_ONLY,AUDIT_CONTROL_ONLY,DOMAIN_CONTROL_ONLY,NOT_APPLICABLE_TO_MODEL_ROLE,REPOSITORY_QC_DERIVED,NO,NO,NO,YES_IF_MODELED,"Source, method, review, or QC bookkeeping can encode study and label-acquisition artifacts.",NOT_MODEL_APPLICABLE; experimental nonmissing 51/51,"Retain for audit, descriptive context, and eligibility control; never use as an ordinary predictor.",RETAIN_FOR_AUDIT_OR_ELIGIBILITY_CONTROL_ONLY,Primary V1 family: PROVENANCE_QC; classification is frozen for pre-deformation prediction.
QC_Leakage_Category,TEXT,PROVENANCE_QC,PROVENANCE_ONLY,AUDIT_OR_ELIGIBILITY_CONTROL_ONLY,AUDIT_CONTROL_ONLY,DOMAIN_CONTROL_ONLY,NOT_APPLICABLE_TO_MODEL_ROLE,REPOSITORY_QC_DERIVED,NO,NO,NO,YES_IF_MODELED,"Source, method, review, or QC bookkeeping can encode study and label-acquisition artifacts.",NOT_MODEL_APPLICABLE; experimental nonmissing 51/51,"Retain for audit, descriptive context, and eligibility control; never use as an ordinary predictor.",RETAIN_FOR_AUDIT_OR_ELIGIBILITY_CONTROL_ONLY,Primary V1 family: PROVENANCE_QC; classification is frozen for pre-deformation prediction.
QC_Source_Completeness,TEXT,PROVENANCE_QC,PROVENANCE_ONLY,AUDIT_OR_ELIGIBILITY_CONTROL_ONLY,AUDIT_CONTROL_ONLY,DOMAIN_CONTROL_ONLY,NOT_APPLICABLE_TO_MODEL_ROLE,REPOSITORY_QC_DERIVED,NO,NO,NO,YES_IF_MODELED,"Source, method, review, or QC bookkeeping can encode study and label-acquisition artifacts.",NOT_MODEL_APPLICABLE; experimental nonmissing 51/51,"Retain for audit, descriptive context, and eligibility control; never use as an ordinary predictor.",RETAIN_FOR_AUDIT_OR_ELIGIBILITY_CONTROL_ONLY,Primary V1 family: PROVENANCE_QC; classification is frozen for pre-deformation prediction.
QC_Review_Status,TEXT,PROVENANCE_QC,PROVENANCE_ONLY,AUDIT_OR_ELIGIBILITY_CONTROL_ONLY,AUDIT_CONTROL_ONLY,DOMAIN_CONTROL_ONLY,NOT_APPLICABLE_TO_MODEL_ROLE,REPOSITORY_QC_DERIVED,NO,NO,NO,YES_IF_MODELED,"Source, method, review, or QC bookkeeping can encode study and label-acquisition artifacts.",NOT_MODEL_APPLICABLE; experimental nonmissing 51/51,"Retain for audit, descriptive context, and eligibility control; never use as an ordinary predictor.",RETAIN_FOR_AUDIT_OR_ELIGIBILITY_CONTROL_ONLY,Primary V1 family: PROVENANCE_QC; classification is frozen for pre-deformation prediction.
