Feature_Set,Feature_Family,Column_Name,Eligibility_Status,Reason,Coverage_Count_51,Coverage_Percent_51,Method_Constraint,Leakage_Status,Notes
M1_CHEMISTRY,CHEMISTRY,Original_Composition,CANDIDATE_OPTIONAL_V1,"Pre-test and scientifically relevant, but representation, applicability, coverage, or method heterogeneity prevents CORE_V1 status.",36,70.59,May combine nominal and measured text; retain basis and never silently parse or normalize.,LEAKAGE_FREE_ONLY_WITH_SCOPE_GATE,"Raw source column only; no imputation, encoding, normalization, conflict resolution, or derived descriptor was produced."
M1_CHEMISTRY,CHEMISTRY,Composition_basis,CANDIDATE_OPTIONAL_V1,"Pre-test and scientifically relevant, but representation, applicability, coverage, or method heterogeneity prevents CORE_V1 status.",42,82.35,Interpretation control; measured and nominal chemistry must remain distinguishable.,LEAKAGE_FREE_ONLY_WITH_SCOPE_GATE,"Raw source column only; no imputation, encoding, normalization, conflict resolution, or derived descriptor was produced."
M1_CHEMISTRY,CHEMISTRY,Fe_at%,CANDIDATE_CORE_V1,Central alloy chemistry with broad direct coverage; missing remains NA.,42,82.35,Retain source basis and scope; measured bulk is preferred over nominal only under the documented future policy.,LEAKAGE_FREE_DIRECT,"Raw source column only; no imputation, encoding, normalization, conflict resolution, or derived descriptor was produced."
M1_CHEMISTRY,CHEMISTRY,Mn_at%,CANDIDATE_CORE_V1,Mechanism-relevant matrix chemistry with broad direct coverage; missing remains NA.,42,82.35,Retain source basis and scope; measured bulk is preferred over nominal only under the documented future policy.,LEAKAGE_FREE_DIRECT,"Raw source column only; no imputation, encoding, normalization, conflict resolution, or derived descriptor was produced."
M1_CHEMISTRY,CHEMISTRY,Co_at%,CANDIDATE_CORE_V1,Central multicomponent chemistry with broad direct coverage; missing remains NA.,40,78.43,Retain source basis and scope; measured bulk is preferred over nominal only under the documented future policy.,LEAKAGE_FREE_DIRECT,"Raw source column only; no imputation, encoding, normalization, conflict resolution, or derived descriptor was produced."
M1_CHEMISTRY,CHEMISTRY,Cr_at%,CANDIDATE_CORE_V1,Central multicomponent chemistry with broad direct coverage; missing remains NA.,42,82.35,Retain source basis and scope; measured bulk is preferred over nominal only under the documented future policy.,LEAKAGE_FREE_DIRECT,"Raw source column only; no imputation, encoding, normalization, conflict resolution, or derived descriptor was produced."
M1_CHEMISTRY,CHEMISTRY,Ni_at%,CANDIDATE_OPTIONAL_V1,"Pre-test and scientifically relevant, but representation, applicability, coverage, or method heterogeneity prevents CORE_V1 status.",18,35.29,Retain source basis and scope; measured bulk is preferred over nominal only under the documented future policy.,LEAKAGE_FREE_DIRECT,"Raw source column only; no imputation, encoding, normalization, conflict resolution, or derived descriptor was produced."
M1_CHEMISTRY,CHEMISTRY,N_at%,CANDIDATE_OPTIONAL_V1,"Pre-test and scientifically relevant, but representation, applicability, coverage, or method heterogeneity prevents CORE_V1 status.",1,1.96,Retain source basis and scope; measured bulk is preferred over nominal only under the documented future policy.,LEAKAGE_FREE_DIRECT,"Raw source column only; no imputation, encoding, normalization, conflict resolution, or derived descriptor was produced."
M1_CHEMISTRY,CHEMISTRY,C_at%,CANDIDATE_OPTIONAL_V1,"Pre-test and scientifically relevant, but representation, applicability, coverage, or method heterogeneity prevents CORE_V1 status.",9,17.65,Retain source basis and scope; measured bulk is preferred over nominal only under the documented future policy.,LEAKAGE_FREE_DIRECT,"Raw source column only; no imputation, encoding, normalization, conflict resolution, or derived descriptor was produced."
M1_CHEMISTRY,CHEMISTRY,Mo_at%,CANDIDATE_OPTIONAL_V1,"Pre-test and scientifically relevant, but representation, applicability, coverage, or method heterogeneity prevents CORE_V1 status.",7,13.73,Retain source basis and scope; measured bulk is preferred over nominal only under the documented future policy.,LEAKAGE_FREE_DIRECT,"Raw source column only; no imputation, encoding, normalization, conflict resolution, or derived descriptor was produced."
M1_CHEMISTRY,CHEMISTRY,Si_at%,CANDIDATE_OPTIONAL_V1,"Pre-test and scientifically relevant, but representation, applicability, coverage, or method heterogeneity prevents CORE_V1 status.",3,5.88,Retain source basis and scope; measured bulk is preferred over nominal only under the documented future policy.,LEAKAGE_FREE_DIRECT,"Raw source column only; no imputation, encoding, normalization, conflict resolution, or derived descriptor was produced."
M1_CHEMISTRY,CHEMISTRY,Ti_at%,CANDIDATE_OPTIONAL_V1,"Pre-test and scientifically relevant, but representation, applicability, coverage, or method heterogeneity prevents CORE_V1 status.",5,9.8,Retain source basis and scope; measured bulk is preferred over nominal only under the documented future policy.,LEAKAGE_FREE_DIRECT,"Raw source column only; no imputation, encoding, normalization, conflict resolution, or derived descriptor was produced."
M1_CHEMISTRY,CHEMISTRY,V_at%,CANDIDATE_OPTIONAL_V1,"Pre-test and scientifically relevant, but representation, applicability, coverage, or method heterogeneity prevents CORE_V1 status.",5,9.8,Retain source basis and scope; measured bulk is preferred over nominal only under the documented future policy.,LEAKAGE_FREE_DIRECT,"Raw source column only; no imputation, encoding, normalization, conflict resolution, or derived descriptor was produced."
M1_CHEMISTRY,CHEMISTRY,Other_elements,CANDIDATE_OPTIONAL_V1,"Pre-test and scientifically relevant, but representation, applicability, coverage, or method heterogeneity prevents CORE_V1 status.",0,0.0,Retain source basis and scope; measured bulk is preferred over nominal only under the documented future policy.,LEAKAGE_FREE_ONLY_WITH_SCOPE_GATE,"Raw source column only; no imputation, encoding, normalization, conflict resolution, or derived descriptor was produced."
M1_CHEMISTRY,CHEMISTRY,Recovered_Bulk_Composition_at_pct,CANDIDATE_OPTIONAL_V1,"Pre-test and scientifically relevant, but representation, applicability, coverage, or method heterogeneity prevents CORE_V1 status.",6,11.76,Use only when explicitly specimen/material bulk; never substitute local or feedstock chemistry.,LEAKAGE_FREE_DIRECT,"Raw source column only; no imputation, encoding, normalization, conflict resolution, or derived descriptor was produced."
M1_CHEMISTRY,CHEMISTRY,APT_local_composition,CANDIDATE_EXPLORATORY_LATER,"Scientifically relevant but local/scope-specific, sparse, or method-heterogeneous; reserve for controlled ablation.",1,1.96,Local APT chemistry only; not bulk composition.,LEAKAGE_FREE_ONLY_WITH_SCOPE_GATE,"Raw source column only; no imputation, encoding, normalization, conflict resolution, or derived descriptor was produced."
M1_CHEMISTRY,CHEMISTRY,EDS_local_composition,CANDIDATE_EXPLORATORY_LATER,"Scientifically relevant but local/scope-specific, sparse, or method-heterogeneous; reserve for controlled ablation.",1,1.96,Local EDS chemistry only; not bulk composition.,LEAKAGE_FREE_ONLY_WITH_SCOPE_GATE,"Raw source column only; no imputation, encoding, normalization, conflict resolution, or derived descriptor was produced."
M1_CHEMISTRY,CHEMISTRY,Nominal_Composition_at_pct,CANDIDATE_OPTIONAL_V1,"Pre-test and scientifically relevant, but representation, applicability, coverage, or method heterogeneity prevents CORE_V1 status.",17,33.33,Nominal chemistry only; do not overwrite with measured chemistry.,LEAKAGE_FREE_DIRECT,"Raw source column only; no imputation, encoding, normalization, conflict resolution, or derived descriptor was produced."
M1_CHEMISTRY,CHEMISTRY,Cr_at%_uncertainty,CANDIDATE_EXPLORATORY_LATER,"Scientifically relevant but local/scope-specific, sparse, or method-heterogeneous; reserve for controlled ablation.",3,5.88,Retain source basis and scope; measured bulk is preferred over nominal only under the documented future policy.,LEAKAGE_FREE_ONLY_WITH_SCOPE_GATE,"Raw source column only; no imputation, encoding, normalization, conflict resolution, or derived descriptor was produced."
M1_CHEMISTRY,CHEMISTRY,Mn_at%_uncertainty,CANDIDATE_EXPLORATORY_LATER,"Scientifically relevant but local/scope-specific, sparse, or method-heterogeneous; reserve for controlled ablation.",3,5.88,Retain source basis and scope; measured bulk is preferred over nominal only under the documented future policy.,LEAKAGE_FREE_ONLY_WITH_SCOPE_GATE,"Raw source column only; no imputation, encoding, normalization, conflict resolution, or derived descriptor was produced."
M1_CHEMISTRY,CHEMISTRY,Fe_at%_uncertainty,CANDIDATE_EXPLORATORY_LATER,"Scientifically relevant but local/scope-specific, sparse, or method-heterogeneous; reserve for controlled ablation.",3,5.88,Retain source basis and scope; measured bulk is preferred over nominal only under the documented future policy.,LEAKAGE_FREE_ONLY_WITH_SCOPE_GATE,"Raw source column only; no imputation, encoding, normalization, conflict resolution, or derived descriptor was produced."
M1_CHEMISTRY,CHEMISTRY,Co_at%_uncertainty,CANDIDATE_EXPLORATORY_LATER,"Scientifically relevant but local/scope-specific, sparse, or method-heterogeneous; reserve for controlled ablation.",3,5.88,Retain source basis and scope; measured bulk is preferred over nominal only under the documented future policy.,LEAKAGE_FREE_ONLY_WITH_SCOPE_GATE,"Raw source column only; no imputation, encoding, normalization, conflict resolution, or derived descriptor was produced."
M1_CHEMISTRY,CHEMISTRY,Ni_at%_uncertainty,CANDIDATE_EXPLORATORY_LATER,"Scientifically relevant but local/scope-specific, sparse, or method-heterogeneous; reserve for controlled ablation.",3,5.88,Retain source basis and scope; measured bulk is preferred over nominal only under the documented future policy.,LEAKAGE_FREE_ONLY_WITH_SCOPE_GATE,"Raw source column only; no imputation, encoding, normalization, conflict resolution, or derived descriptor was produced."
M1_CHEMISTRY,CHEMISTRY,Feedstock_Composition_at_pct,CANDIDATE_EXPLORATORY_LATER,"Scientifically relevant but local/scope-specific, sparse, or method-heterogeneous; reserve for controlled ablation.",4,7.84,Feedstock scope only; not automatically specimen bulk chemistry.,LEAKAGE_FREE_ONLY_WITH_SCOPE_GATE,"Raw source column only; no imputation, encoding, normalization, conflict resolution, or derived descriptor was produced."
M1_CHEMISTRY,CHEMISTRY,Local_EDS_Composition_at_pct,CANDIDATE_EXPLORATORY_LATER,"Scientifically relevant but local/scope-specific, sparse, or method-heterogeneous; reserve for controlled ablation.",2,3.92,Local/scanned-region EDS only; not bulk composition.,LEAKAGE_FREE_ONLY_WITH_SCOPE_GATE,"Raw source column only; no imputation, encoding, normalization, conflict resolution, or derived descriptor was produced."
M1_CHEMISTRY,CHEMISTRY,Measured_Composition_at_pct,CANDIDATE_OPTIONAL_V1,"Pre-test and scientifically relevant, but representation, applicability, coverage, or method heterogeneity prevents CORE_V1 status.",6,11.76,Measured bulk chemistry; retain method and do not normalize in V1.,LEAKAGE_FREE_DIRECT,"Raw source column only; no imputation, encoding, normalization, conflict resolution, or derived descriptor was produced."
M1_CHEMISTRY,CHEMISTRY,Recovered_Composition_Status,CONTROL_ONLY_NOT_MODEL_FEATURE,Required source/method/scope control; retained in the manifest but excluded from candidate and complete-case counts.,6,11.76,"Retain for audit, descriptive context, and eligibility control; never use as an ordinary predictor.",CONTROL_ONLY_NEVER_MODEL_FEATURE,"Raw source column only; no imputation, encoding, normalization, conflict resolution, or derived descriptor was produced."
M1_CHEMISTRY,CHEMISTRY,Measured_Composition_Status,CONTROL_ONLY_NOT_MODEL_FEATURE,Required source/method/scope control; retained in the manifest but excluded from candidate and complete-case counts.,16,31.37,"Retain for audit, descriptive context, and eligibility control; never use as an ordinary predictor.",CONTROL_ONLY_NEVER_MODEL_FEATURE,"Raw source column only; no imputation, encoding, normalization, conflict resolution, or derived descriptor was produced."
M1_CHEMISTRY,CHEMISTRY,Feedstock_Composition_Method,CONTROL_ONLY_NOT_MODEL_FEATURE,Required source/method/scope control; retained in the manifest but excluded from candidate and complete-case counts.,4,7.84,"Retain for audit, descriptive context, and eligibility control; never use as an ordinary predictor.",CONTROL_ONLY_NEVER_MODEL_FEATURE,"Raw source column only; no imputation, encoding, normalization, conflict resolution, or derived descriptor was produced."
M1_CHEMISTRY,CHEMISTRY,Feedstock_Composition_Scope,CONTROL_ONLY_NOT_MODEL_FEATURE,Required source/method/scope control; retained in the manifest but excluded from candidate and complete-case counts.,4,7.84,"Retain for audit, descriptive context, and eligibility control; never use as an ordinary predictor.",CONTROL_ONLY_NEVER_MODEL_FEATURE,"Raw source column only; no imputation, encoding, normalization, conflict resolution, or derived descriptor was produced."
M1_CHEMISTRY,CHEMISTRY,Local_EDS_Composition_Scope,CONTROL_ONLY_NOT_MODEL_FEATURE,Required source/method/scope control; retained in the manifest but excluded from candidate and complete-case counts.,2,3.92,"Retain for audit, descriptive context, and eligibility control; never use as an ordinary predictor.",CONTROL_ONLY_NEVER_MODEL_FEATURE,"Raw source column only; no imputation, encoding, normalization, conflict resolution, or derived descriptor was produced."
M1_CHEMISTRY,CHEMISTRY,Measured_Composition_Method,CONTROL_ONLY_NOT_MODEL_FEATURE,Required source/method/scope control; retained in the manifest but excluded from candidate and complete-case counts.,6,11.76,"Retain for audit, descriptive context, and eligibility control; never use as an ordinary predictor.",CONTROL_ONLY_NEVER_MODEL_FEATURE,"Raw source column only; no imputation, encoding, normalization, conflict resolution, or derived descriptor was produced."
M1_CHEMISTRY,CHEMISTRY,Composition_Status,CONTROL_ONLY_NOT_MODEL_FEATURE,Required source/method/scope control; retained in the manifest but excluded from candidate and complete-case counts.,8,15.69,"Retain for audit, descriptive context, and eligibility control; never use as an ordinary predictor.",CONTROL_ONLY_NEVER_MODEL_FEATURE,"Raw source column only; no imputation, encoding, normalization, conflict resolution, or derived descriptor was produced."
M2_CHEMISTRY_PLUS_TEST,CHEMISTRY,Original_Composition,CANDIDATE_OPTIONAL_V1,"Pre-test and scientifically relevant, but representation, applicability, coverage, or method heterogeneity prevents CORE_V1 status.",36,70.59,May combine nominal and measured text; retain basis and never silently parse or normalize.,LEAKAGE_FREE_ONLY_WITH_SCOPE_GATE,"Raw source column only; no imputation, encoding, normalization, conflict resolution, or derived descriptor was produced."
M2_CHEMISTRY_PLUS_TEST,CHEMISTRY,Composition_basis,CANDIDATE_OPTIONAL_V1,"Pre-test and scientifically relevant, but representation, applicability, coverage, or method heterogeneity prevents CORE_V1 status.",42,82.35,Interpretation control; measured and nominal chemistry must remain distinguishable.,LEAKAGE_FREE_ONLY_WITH_SCOPE_GATE,"Raw source column only; no imputation, encoding, normalization, conflict resolution, or derived descriptor was produced."
M2_CHEMISTRY_PLUS_TEST,CHEMISTRY,Fe_at%,CANDIDATE_CORE_V1,Central alloy chemistry with broad direct coverage; missing remains NA.,42,82.35,Retain source basis and scope; measured bulk is preferred over nominal only under the documented future policy.,LEAKAGE_FREE_DIRECT,"Raw source column only; no imputation, encoding, normalization, conflict resolution, or derived descriptor was produced."
M2_CHEMISTRY_PLUS_TEST,CHEMISTRY,Mn_at%,CANDIDATE_CORE_V1,Mechanism-relevant matrix chemistry with broad direct coverage; missing remains NA.,42,82.35,Retain source basis and scope; measured bulk is preferred over nominal only under the documented future policy.,LEAKAGE_FREE_DIRECT,"Raw source column only; no imputation, encoding, normalization, conflict resolution, or derived descriptor was produced."
M2_CHEMISTRY_PLUS_TEST,CHEMISTRY,Co_at%,CANDIDATE_CORE_V1,Central multicomponent chemistry with broad direct coverage; missing remains NA.,40,78.43,Retain source basis and scope; measured bulk is preferred over nominal only under the documented future policy.,LEAKAGE_FREE_DIRECT,"Raw source column only; no imputation, encoding, normalization, conflict resolution, or derived descriptor was produced."
M2_CHEMISTRY_PLUS_TEST,CHEMISTRY,Cr_at%,CANDIDATE_CORE_V1,Central multicomponent chemistry with broad direct coverage; missing remains NA.,42,82.35,Retain source basis and scope; measured bulk is preferred over nominal only under the documented future policy.,LEAKAGE_FREE_DIRECT,"Raw source column only; no imputation, encoding, normalization, conflict resolution, or derived descriptor was produced."
M2_CHEMISTRY_PLUS_TEST,CHEMISTRY,Ni_at%,CANDIDATE_OPTIONAL_V1,"Pre-test and scientifically relevant, but representation, applicability, coverage, or method heterogeneity prevents CORE_V1 status.",18,35.29,Retain source basis and scope; measured bulk is preferred over nominal only under the documented future policy.,LEAKAGE_FREE_DIRECT,"Raw source column only; no imputation, encoding, normalization, conflict resolution, or derived descriptor was produced."
M2_CHEMISTRY_PLUS_TEST,CHEMISTRY,N_at%,CANDIDATE_OPTIONAL_V1,"Pre-test and scientifically relevant, but representation, applicability, coverage, or method heterogeneity prevents CORE_V1 status.",1,1.96,Retain source basis and scope; measured bulk is preferred over nominal only under the documented future policy.,LEAKAGE_FREE_DIRECT,"Raw source column only; no imputation, encoding, normalization, conflict resolution, or derived descriptor was produced."
M2_CHEMISTRY_PLUS_TEST,CHEMISTRY,C_at%,CANDIDATE_OPTIONAL_V1,"Pre-test and scientifically relevant, but representation, applicability, coverage, or method heterogeneity prevents CORE_V1 status.",9,17.65,Retain source basis and scope; measured bulk is preferred over nominal only under the documented future policy.,LEAKAGE_FREE_DIRECT,"Raw source column only; no imputation, encoding, normalization, conflict resolution, or derived descriptor was produced."
M2_CHEMISTRY_PLUS_TEST,CHEMISTRY,Mo_at%,CANDIDATE_OPTIONAL_V1,"Pre-test and scientifically relevant, but representation, applicability, coverage, or method heterogeneity prevents CORE_V1 status.",7,13.73,Retain source basis and scope; measured bulk is preferred over nominal only under the documented future policy.,LEAKAGE_FREE_DIRECT,"Raw source column only; no imputation, encoding, normalization, conflict resolution, or derived descriptor was produced."
M2_CHEMISTRY_PLUS_TEST,CHEMISTRY,Si_at%,CANDIDATE_OPTIONAL_V1,"Pre-test and scientifically relevant, but representation, applicability, coverage, or method heterogeneity prevents CORE_V1 status.",3,5.88,Retain source basis and scope; measured bulk is preferred over nominal only under the documented future policy.,LEAKAGE_FREE_DIRECT,"Raw source column only; no imputation, encoding, normalization, conflict resolution, or derived descriptor was produced."
M2_CHEMISTRY_PLUS_TEST,CHEMISTRY,Ti_at%,CANDIDATE_OPTIONAL_V1,"Pre-test and scientifically relevant, but representation, applicability, coverage, or method heterogeneity prevents CORE_V1 status.",5,9.8,Retain source basis and scope; measured bulk is preferred over nominal only under the documented future policy.,LEAKAGE_FREE_DIRECT,"Raw source column only; no imputation, encoding, normalization, conflict resolution, or derived descriptor was produced."
M2_CHEMISTRY_PLUS_TEST,CHEMISTRY,V_at%,CANDIDATE_OPTIONAL_V1,"Pre-test and scientifically relevant, but representation, applicability, coverage, or method heterogeneity prevents CORE_V1 status.",5,9.8,Retain source basis and scope; measured bulk is preferred over nominal only under the documented future policy.,LEAKAGE_FREE_DIRECT,"Raw source column only; no imputation, encoding, normalization, conflict resolution, or derived descriptor was produced."
M2_CHEMISTRY_PLUS_TEST,CHEMISTRY,Other_elements,CANDIDATE_OPTIONAL_V1,"Pre-test and scientifically relevant, but representation, applicability, coverage, or method heterogeneity prevents CORE_V1 status.",0,0.0,Retain source basis and scope; measured bulk is preferred over nominal only under the documented future policy.,LEAKAGE_FREE_ONLY_WITH_SCOPE_GATE,"Raw source column only; no imputation, encoding, normalization, conflict resolution, or derived descriptor was produced."
M2_CHEMISTRY_PLUS_TEST,TEST_CONDITIONS,Test_T_K,CANDIDATE_CORE_V1,Planned temperature is mechanism-defining and available before loading.,33,64.71,Must be a planned condition known before loading; no missing temperature/rate is inferred.,LEAKAGE_FREE_DIRECT,"Raw source column only; no imputation, encoding, normalization, conflict resolution, or derived descriptor was produced."
M2_CHEMISTRY_PLUS_TEST,TEST_CONDITIONS,Strain_rate_s-1,CANDIDATE_CORE_V1,Planned rate is mechanism-defining and available before loading.,47,92.16,Must be a planned condition known before loading; no missing temperature/rate is inferred.,LEAKAGE_FREE_DIRECT,"Raw source column only; no imputation, encoding, normalization, conflict resolution, or derived descriptor was produced."
M2_CHEMISTRY_PLUS_TEST,CHEMISTRY,Recovered_Bulk_Composition_at_pct,CANDIDATE_OPTIONAL_V1,"Pre-test and scientifically relevant, but representation, applicability, coverage, or method heterogeneity prevents CORE_V1 status.",6,11.76,Use only when explicitly specimen/material bulk; never substitute local or feedstock chemistry.,LEAKAGE_FREE_DIRECT,"Raw source column only; no imputation, encoding, normalization, conflict resolution, or derived descriptor was produced."
M2_CHEMISTRY_PLUS_TEST,TEST_CONDITIONS,Recovered_Test_T_Reported,CANDIDATE_OPTIONAL_V1,"Pre-test and scientifically relevant, but representation, applicability, coverage, or method heterogeneity prevents CORE_V1 status.",9,17.65,Raw reported temperature; no numeric inference or standardization in V1.,LEAKAGE_FREE_ONLY_WITH_SCOPE_GATE,"Raw source column only; no imputation, encoding, normalization, conflict resolution, or derived descriptor was produced."
M2_CHEMISTRY_PLUS_TEST,CHEMISTRY,APT_local_composition,CANDIDATE_EXPLORATORY_LATER,"Scientifically relevant but local/scope-specific, sparse, or method-heterogeneous; reserve for controlled ablation.",1,1.96,Local APT chemistry only; not bulk composition.,LEAKAGE_FREE_ONLY_WITH_SCOPE_GATE,"Raw source column only; no imputation, encoding, normalization, conflict resolution, or derived descriptor was produced."
M2_CHEMISTRY_PLUS_TEST,CHEMISTRY,EDS_local_composition,CANDIDATE_EXPLORATORY_LATER,"Scientifically relevant but local/scope-specific, sparse, or method-heterogeneous; reserve for controlled ablation.",1,1.96,Local EDS chemistry only; not bulk composition.,LEAKAGE_FREE_ONLY_WITH_SCOPE_GATE,"Raw source column only; no imputation, encoding, normalization, conflict resolution, or derived descriptor was produced."
M2_CHEMISTRY_PLUS_TEST,CHEMISTRY,Nominal_Composition_at_pct,CANDIDATE_OPTIONAL_V1,"Pre-test and scientifically relevant, but representation, applicability, coverage, or method heterogeneity prevents CORE_V1 status.",17,33.33,Nominal chemistry only; do not overwrite with measured chemistry.,LEAKAGE_FREE_DIRECT,"Raw source column only; no imputation, encoding, normalization, conflict resolution, or derived descriptor was produced."
M2_CHEMISTRY_PLUS_TEST,CHEMISTRY,Cr_at%_uncertainty,CANDIDATE_EXPLORATORY_LATER,"Scientifically relevant but local/scope-specific, sparse, or method-heterogeneous; reserve for controlled ablation.",3,5.88,Retain source basis and scope; measured bulk is preferred over nominal only under the documented future policy.,LEAKAGE_FREE_ONLY_WITH_SCOPE_GATE,"Raw source column only; no imputation, encoding, normalization, conflict resolution, or derived descriptor was produced."
M2_CHEMISTRY_PLUS_TEST,CHEMISTRY,Mn_at%_uncertainty,CANDIDATE_EXPLORATORY_LATER,"Scientifically relevant but local/scope-specific, sparse, or method-heterogeneous; reserve for controlled ablation.",3,5.88,Retain source basis and scope; measured bulk is preferred over nominal only under the documented future policy.,LEAKAGE_FREE_ONLY_WITH_SCOPE_GATE,"Raw source column only; no imputation, encoding, normalization, conflict resolution, or derived descriptor was produced."
M2_CHEMISTRY_PLUS_TEST,CHEMISTRY,Fe_at%_uncertainty,CANDIDATE_EXPLORATORY_LATER,"Scientifically relevant but local/scope-specific, sparse, or method-heterogeneous; reserve for controlled ablation.",3,5.88,Retain source basis and scope; measured bulk is preferred over nominal only under the documented future policy.,LEAKAGE_FREE_ONLY_WITH_SCOPE_GATE,"Raw source column only; no imputation, encoding, normalization, conflict resolution, or derived descriptor was produced."
M2_CHEMISTRY_PLUS_TEST,CHEMISTRY,Co_at%_uncertainty,CANDIDATE_EXPLORATORY_LATER,"Scientifically relevant but local/scope-specific, sparse, or method-heterogeneous; reserve for controlled ablation.",3,5.88,Retain source basis and scope; measured bulk is preferred over nominal only under the documented future policy.,LEAKAGE_FREE_ONLY_WITH_SCOPE_GATE,"Raw source column only; no imputation, encoding, normalization, conflict resolution, or derived descriptor was produced."
M2_CHEMISTRY_PLUS_TEST,CHEMISTRY,Ni_at%_uncertainty,CANDIDATE_EXPLORATORY_LATER,"Scientifically relevant but local/scope-specific, sparse, or method-heterogeneous; reserve for controlled ablation.",3,5.88,Retain source basis and scope; measured bulk is preferred over nominal only under the documented future policy.,LEAKAGE_FREE_ONLY_WITH_SCOPE_GATE,"Raw source column only; no imputation, encoding, normalization, conflict resolution, or derived descriptor was produced."
M2_CHEMISTRY_PLUS_TEST,CHEMISTRY,Feedstock_Composition_at_pct,CANDIDATE_EXPLORATORY_LATER,"Scientifically relevant but local/scope-specific, sparse, or method-heterogeneous; reserve for controlled ablation.",4,7.84,Feedstock scope only; not automatically specimen bulk chemistry.,LEAKAGE_FREE_ONLY_WITH_SCOPE_GATE,"Raw source column only; no imputation, encoding, normalization, conflict resolution, or derived descriptor was produced."
M2_CHEMISTRY_PLUS_TEST,CHEMISTRY,Local_EDS_Composition_at_pct,CANDIDATE_EXPLORATORY_LATER,"Scientifically relevant but local/scope-specific, sparse, or method-heterogeneous; reserve for controlled ablation.",2,3.92,Local/scanned-region EDS only; not bulk composition.,LEAKAGE_FREE_ONLY_WITH_SCOPE_GATE,"Raw source column only; no imputation, encoding, normalization, conflict resolution, or derived descriptor was produced."
M2_CHEMISTRY_PLUS_TEST,CHEMISTRY,Measured_Composition_at_pct,CANDIDATE_OPTIONAL_V1,"Pre-test and scientifically relevant, but representation, applicability, coverage, or method heterogeneity prevents CORE_V1 status.",6,11.76,Measured bulk chemistry; retain method and do not normalize in V1.,LEAKAGE_FREE_DIRECT,"Raw source column only; no imputation, encoding, normalization, conflict resolution, or derived descriptor was produced."
M2_CHEMISTRY_PLUS_TEST,TEST_CONDITIONS,Loading_Direction,CANDIDATE_OPTIONAL_V1,"Pre-test and scientifically relevant, but representation, applicability, coverage, or method heterogeneity prevents CORE_V1 status.",11,21.57,Must be a planned condition known before loading; no missing temperature/rate is inferred.,LEAKAGE_FREE_DIRECT,"Raw source column only; no imputation, encoding, normalization, conflict resolution, or derived descriptor was produced."
M2_CHEMISTRY_PLUS_TEST,TEST_CONDITIONS,Test_T_Raw,CANDIDATE_OPTIONAL_V1,"Pre-test and scientifically relevant, but representation, applicability, coverage, or method heterogeneity prevents CORE_V1 status.",8,15.69,Raw reported temperature text; no RT-to-K conversion is performed in this task.,LEAKAGE_FREE_ONLY_WITH_SCOPE_GATE,"Raw source column only; no imputation, encoding, normalization, conflict resolution, or derived descriptor was produced."
M2_CHEMISTRY_PLUS_TEST,CHEMISTRY,Recovered_Composition_Status,CONTROL_ONLY_NOT_MODEL_FEATURE,Required source/method/scope control; retained in the manifest but excluded from candidate and complete-case counts.,6,11.76,"Retain for audit, descriptive context, and eligibility control; never use as an ordinary predictor.",CONTROL_ONLY_NEVER_MODEL_FEATURE,"Raw source column only; no imputation, encoding, normalization, conflict resolution, or derived descriptor was produced."
M2_CHEMISTRY_PLUS_TEST,TEST_CONDITIONS,Recovered_Test_T_Status,CONTROL_ONLY_NOT_MODEL_FEATURE,Required source/method/scope control; retained in the manifest but excluded from candidate and complete-case counts.,9,17.65,"Retain for audit, descriptive context, and eligibility control; never use as an ordinary predictor.",CONTROL_ONLY_NEVER_MODEL_FEATURE,"Raw source column only; no imputation, encoding, normalization, conflict resolution, or derived descriptor was produced."
M2_CHEMISTRY_PLUS_TEST,CHEMISTRY,Measured_Composition_Status,CONTROL_ONLY_NOT_MODEL_FEATURE,Required source/method/scope control; retained in the manifest but excluded from candidate and complete-case counts.,16,31.37,"Retain for audit, descriptive context, and eligibility control; never use as an ordinary predictor.",CONTROL_ONLY_NEVER_MODEL_FEATURE,"Raw source column only; no imputation, encoding, normalization, conflict resolution, or derived descriptor was produced."
M2_CHEMISTRY_PLUS_TEST,CHEMISTRY,Feedstock_Composition_Method,CONTROL_ONLY_NOT_MODEL_FEATURE,Required source/method/scope control; retained in the manifest but excluded from candidate and complete-case counts.,4,7.84,"Retain for audit, descriptive context, and eligibility control; never use as an ordinary predictor.",CONTROL_ONLY_NEVER_MODEL_FEATURE,"Raw source column only; no imputation, encoding, normalization, conflict resolution, or derived descriptor was produced."
M2_CHEMISTRY_PLUS_TEST,CHEMISTRY,Feedstock_Composition_Scope,CONTROL_ONLY_NOT_MODEL_FEATURE,Required source/method/scope control; retained in the manifest but excluded from candidate and complete-case counts.,4,7.84,"Retain for audit, descriptive context, and eligibility control; never use as an ordinary predictor.",CONTROL_ONLY_NEVER_MODEL_FEATURE,"Raw source column only; no imputation, encoding, normalization, conflict resolution, or derived descriptor was produced."
M2_CHEMISTRY_PLUS_TEST,CHEMISTRY,Local_EDS_Composition_Scope,CONTROL_ONLY_NOT_MODEL_FEATURE,Required source/method/scope control; retained in the manifest but excluded from candidate and complete-case counts.,2,3.92,"Retain for audit, descriptive context, and eligibility control; never use as an ordinary predictor.",CONTROL_ONLY_NEVER_MODEL_FEATURE,"Raw source column only; no imputation, encoding, normalization, conflict resolution, or derived descriptor was produced."
M2_CHEMISTRY_PLUS_TEST,CHEMISTRY,Measured_Composition_Method,CONTROL_ONLY_NOT_MODEL_FEATURE,Required source/method/scope control; retained in the manifest but excluded from candidate and complete-case counts.,6,11.76,"Retain for audit, descriptive context, and eligibility control; never use as an ordinary predictor.",CONTROL_ONLY_NEVER_MODEL_FEATURE,"Raw source column only; no imputation, encoding, normalization, conflict resolution, or derived descriptor was produced."
M2_CHEMISTRY_PLUS_TEST,CHEMISTRY,Composition_Status,CONTROL_ONLY_NOT_MODEL_FEATURE,Required source/method/scope control; retained in the manifest but excluded from candidate and complete-case counts.,8,15.69,"Retain for audit, descriptive context, and eligibility control; never use as an ordinary predictor.",CONTROL_ONLY_NEVER_MODEL_FEATURE,"Raw source column only; no imputation, encoding, normalization, conflict resolution, or derived descriptor was produced."
M2_CHEMISTRY_PLUS_TEST,TEST_CONDITIONS,Test_T_Status,CONTROL_ONLY_NOT_MODEL_FEATURE,Required source/method/scope control; retained in the manifest but excluded from candidate and complete-case counts.,5,9.8,"Retain for audit, descriptive context, and eligibility control; never use as an ordinary predictor.",CONTROL_ONLY_NEVER_MODEL_FEATURE,"Raw source column only; no imputation, encoding, normalization, conflict resolution, or derived descriptor was produced."
M3_PLUS_PROCESSING,CHEMISTRY,Original_Composition,CANDIDATE_OPTIONAL_V1,"Pre-test and scientifically relevant, but representation, applicability, coverage, or method heterogeneity prevents CORE_V1 status.",36,70.59,May combine nominal and measured text; retain basis and never silently parse or normalize.,LEAKAGE_FREE_ONLY_WITH_SCOPE_GATE,"Raw source column only; no imputation, encoding, normalization, conflict resolution, or derived descriptor was produced."
M3_PLUS_PROCESSING,CHEMISTRY,Composition_basis,CANDIDATE_OPTIONAL_V1,"Pre-test and scientifically relevant, but representation, applicability, coverage, or method heterogeneity prevents CORE_V1 status.",42,82.35,Interpretation control; measured and nominal chemistry must remain distinguishable.,LEAKAGE_FREE_ONLY_WITH_SCOPE_GATE,"Raw source column only; no imputation, encoding, normalization, conflict resolution, or derived descriptor was produced."
M3_PLUS_PROCESSING,CHEMISTRY,Fe_at%,CANDIDATE_CORE_V1,Central alloy chemistry with broad direct coverage; missing remains NA.,42,82.35,Retain source basis and scope; measured bulk is preferred over nominal only under the documented future policy.,LEAKAGE_FREE_DIRECT,"Raw source column only; no imputation, encoding, normalization, conflict resolution, or derived descriptor was produced."
M3_PLUS_PROCESSING,CHEMISTRY,Mn_at%,CANDIDATE_CORE_V1,Mechanism-relevant matrix chemistry with broad direct coverage; missing remains NA.,42,82.35,Retain source basis and scope; measured bulk is preferred over nominal only under the documented future policy.,LEAKAGE_FREE_DIRECT,"Raw source column only; no imputation, encoding, normalization, conflict resolution, or derived descriptor was produced."
M3_PLUS_PROCESSING,CHEMISTRY,Co_at%,CANDIDATE_CORE_V1,Central multicomponent chemistry with broad direct coverage; missing remains NA.,40,78.43,Retain source basis and scope; measured bulk is preferred over nominal only under the documented future policy.,LEAKAGE_FREE_DIRECT,"Raw source column only; no imputation, encoding, normalization, conflict resolution, or derived descriptor was produced."
M3_PLUS_PROCESSING,CHEMISTRY,Cr_at%,CANDIDATE_CORE_V1,Central multicomponent chemistry with broad direct coverage; missing remains NA.,42,82.35,Retain source basis and scope; measured bulk is preferred over nominal only under the documented future policy.,LEAKAGE_FREE_DIRECT,"Raw source column only; no imputation, encoding, normalization, conflict resolution, or derived descriptor was produced."
M3_PLUS_PROCESSING,CHEMISTRY,Ni_at%,CANDIDATE_OPTIONAL_V1,"Pre-test and scientifically relevant, but representation, applicability, coverage, or method heterogeneity prevents CORE_V1 status.",18,35.29,Retain source basis and scope; measured bulk is preferred over nominal only under the documented future policy.,LEAKAGE_FREE_DIRECT,"Raw source column only; no imputation, encoding, normalization, conflict resolution, or derived descriptor was produced."
M3_PLUS_PROCESSING,CHEMISTRY,N_at%,CANDIDATE_OPTIONAL_V1,"Pre-test and scientifically relevant, but representation, applicability, coverage, or method heterogeneity prevents CORE_V1 status.",1,1.96,Retain source basis and scope; measured bulk is preferred over nominal only under the documented future policy.,LEAKAGE_FREE_DIRECT,"Raw source column only; no imputation, encoding, normalization, conflict resolution, or derived descriptor was produced."
M3_PLUS_PROCESSING,CHEMISTRY,C_at%,CANDIDATE_OPTIONAL_V1,"Pre-test and scientifically relevant, but representation, applicability, coverage, or method heterogeneity prevents CORE_V1 status.",9,17.65,Retain source basis and scope; measured bulk is preferred over nominal only under the documented future policy.,LEAKAGE_FREE_DIRECT,"Raw source column only; no imputation, encoding, normalization, conflict resolution, or derived descriptor was produced."
M3_PLUS_PROCESSING,CHEMISTRY,Mo_at%,CANDIDATE_OPTIONAL_V1,"Pre-test and scientifically relevant, but representation, applicability, coverage, or method heterogeneity prevents CORE_V1 status.",7,13.73,Retain source basis and scope; measured bulk is preferred over nominal only under the documented future policy.,LEAKAGE_FREE_DIRECT,"Raw source column only; no imputation, encoding, normalization, conflict resolution, or derived descriptor was produced."
M3_PLUS_PROCESSING,CHEMISTRY,Si_at%,CANDIDATE_OPTIONAL_V1,"Pre-test and scientifically relevant, but representation, applicability, coverage, or method heterogeneity prevents CORE_V1 status.",3,5.88,Retain source basis and scope; measured bulk is preferred over nominal only under the documented future policy.,LEAKAGE_FREE_DIRECT,"Raw source column only; no imputation, encoding, normalization, conflict resolution, or derived descriptor was produced."
M3_PLUS_PROCESSING,CHEMISTRY,Ti_at%,CANDIDATE_OPTIONAL_V1,"Pre-test and scientifically relevant, but representation, applicability, coverage, or method heterogeneity prevents CORE_V1 status.",5,9.8,Retain source basis and scope; measured bulk is preferred over nominal only under the documented future policy.,LEAKAGE_FREE_DIRECT,"Raw source column only; no imputation, encoding, normalization, conflict resolution, or derived descriptor was produced."
M3_PLUS_PROCESSING,CHEMISTRY,V_at%,CANDIDATE_OPTIONAL_V1,"Pre-test and scientifically relevant, but representation, applicability, coverage, or method heterogeneity prevents CORE_V1 status.",5,9.8,Retain source basis and scope; measured bulk is preferred over nominal only under the documented future policy.,LEAKAGE_FREE_DIRECT,"Raw source column only; no imputation, encoding, normalization, conflict resolution, or derived descriptor was produced."
M3_PLUS_PROCESSING,CHEMISTRY,Other_elements,CANDIDATE_OPTIONAL_V1,"Pre-test and scientifically relevant, but representation, applicability, coverage, or method heterogeneity prevents CORE_V1 status.",0,0.0,Retain source basis and scope; measured bulk is preferred over nominal only under the documented future policy.,LEAKAGE_FREE_ONLY_WITH_SCOPE_GATE,"Raw source column only; no imputation, encoding, normalization, conflict resolution, or derived descriptor was produced."
M3_PLUS_PROCESSING,PROCESSING,Processing_route,CANDIDATE_CORE_V1,Processing history is scientifically essential and broadly reported; raw text remains unencoded.,42,82.35,Must describe processing completed before the tensile test; route text is not encoded in this task.,LEAKAGE_FREE_DIRECT,"Raw source column only; no imputation, encoding, normalization, conflict resolution, or derived descriptor was produced."
M3_PLUS_PROCESSING,PROCESSING,Cast_method,CANDIDATE_OPTIONAL_V1,"Pre-test and scientifically relevant, but representation, applicability, coverage, or method heterogeneity prevents CORE_V1 status.",30,58.82,Must describe processing completed before the tensile test; route text is not encoded in this task.,LEAKAGE_FREE_DIRECT,"Raw source column only; no imputation, encoding, normalization, conflict resolution, or derived descriptor was produced."
M3_PLUS_PROCESSING,PROCESSING,Homogenization_T_K,CANDIDATE_OPTIONAL_V1,"Pre-test and scientifically relevant, but representation, applicability, coverage, or method heterogeneity prevents CORE_V1 status.",32,62.75,Must describe processing completed before the tensile test; route text is not encoded in this task.,LEAKAGE_FREE_DIRECT,"Raw source column only; no imputation, encoding, normalization, conflict resolution, or derived descriptor was produced."
M3_PLUS_PROCESSING,PROCESSING,Homogenization_time_h,CANDIDATE_OPTIONAL_V1,"Pre-test and scientifically relevant, but representation, applicability, coverage, or method heterogeneity prevents CORE_V1 status.",32,62.75,Must describe processing completed before the tensile test; route text is not encoded in this task.,LEAKAGE_FREE_DIRECT,"Raw source column only; no imputation, encoding, normalization, conflict resolution, or derived descriptor was produced."
M3_PLUS_PROCESSING,PROCESSING,Hot_rolling_T_K,CANDIDATE_OPTIONAL_V1,"Pre-test and scientifically relevant, but representation, applicability, coverage, or method heterogeneity prevents CORE_V1 status.",22,43.14,Must describe processing completed before the tensile test; route text is not encoded in this task.,LEAKAGE_FREE_DIRECT,"Raw source column only; no imputation, encoding, normalization, conflict resolution, or derived descriptor was produced."
M3_PLUS_PROCESSING,PROCESSING,Hot_rolling_reduction_pct,CANDIDATE_OPTIONAL_V1,"Pre-test and scientifically relevant, but representation, applicability, coverage, or method heterogeneity prevents CORE_V1 status.",22,43.14,Must describe processing completed before the tensile test; route text is not encoded in this task.,LEAKAGE_FREE_DIRECT,"Raw source column only; no imputation, encoding, normalization, conflict resolution, or derived descriptor was produced."
M3_PLUS_PROCESSING,PROCESSING,Cold_rolling_reduction_pct,CANDIDATE_OPTIONAL_V1,"Pre-test and scientifically relevant, but representation, applicability, coverage, or method heterogeneity prevents CORE_V1 status.",35,68.63,Must describe processing completed before the tensile test; route text is not encoded in this task.,LEAKAGE_FREE_DIRECT,"Raw source column only; no imputation, encoding, normalization, conflict resolution, or derived descriptor was produced."
M3_PLUS_PROCESSING,PROCESSING,Annealing_T_K,CANDIDATE_OPTIONAL_V1,"Pre-test and scientifically relevant, but representation, applicability, coverage, or method heterogeneity prevents CORE_V1 status.",41,80.39,Must describe processing completed before the tensile test; route text is not encoded in this task.,LEAKAGE_FREE_DIRECT,"Raw source column only; no imputation, encoding, normalization, conflict resolution, or derived descriptor was produced."
M3_PLUS_PROCESSING,PROCESSING,Annealing_time_min,CANDIDATE_OPTIONAL_V1,"Pre-test and scientifically relevant, but representation, applicability, coverage, or method heterogeneity prevents CORE_V1 status.",37,72.55,Must describe processing completed before the tensile test; route text is not encoded in this task.,LEAKAGE_FREE_DIRECT,"Raw source column only; no imputation, encoding, normalization, conflict resolution, or derived descriptor was produced."
M3_PLUS_PROCESSING,PROCESSING,Cooling_route,CANDIDATE_OPTIONAL_V1,"Pre-test and scientifically relevant, but representation, applicability, coverage, or method heterogeneity prevents CORE_V1 status.",27,52.94,Must describe processing completed before the tensile test; route text is not encoded in this task.,LEAKAGE_FREE_DIRECT,"Raw source column only; no imputation, encoding, normalization, conflict resolution, or derived descriptor was produced."
M3_PLUS_PROCESSING,TEST_CONDITIONS,Test_T_K,CANDIDATE_CORE_V1,Planned temperature is mechanism-defining and available before loading.,33,64.71,Must be a planned condition known before loading; no missing temperature/rate is inferred.,LEAKAGE_FREE_DIRECT,"Raw source column only; no imputation, encoding, normalization, conflict resolution, or derived descriptor was produced."
M3_PLUS_PROCESSING,TEST_CONDITIONS,Strain_rate_s-1,CANDIDATE_CORE_V1,Planned rate is mechanism-defining and available before loading.,47,92.16,Must be a planned condition known before loading; no missing temperature/rate is inferred.,LEAKAGE_FREE_DIRECT,"Raw source column only; no imputation, encoding, normalization, conflict resolution, or derived descriptor was produced."
M3_PLUS_PROCESSING,PROCESSING,P008_Source_State,CANDIDATE_OPTIONAL_V1,"Pre-test and scientifically relevant, but representation, applicability, coverage, or method heterogeneity prevents CORE_V1 status.",6,11.76,Must describe processing completed before the tensile test; route text is not encoded in this task.,LEAKAGE_FREE_ONLY_WITH_SCOPE_GATE,"Raw source column only; no imputation, encoding, normalization, conflict resolution, or derived descriptor was produced."
M3_PLUS_PROCESSING,CHEMISTRY,Recovered_Bulk_Composition_at_pct,CANDIDATE_OPTIONAL_V1,"Pre-test and scientifically relevant, but representation, applicability, coverage, or method heterogeneity prevents CORE_V1 status.",6,11.76,Use only when explicitly specimen/material bulk; never substitute local or feedstock chemistry.,LEAKAGE_FREE_DIRECT,"Raw source column only; no imputation, encoding, normalization, conflict resolution, or derived descriptor was produced."
M3_PLUS_PROCESSING,PROCESSING,Recovered_Processing_route,CANDIDATE_OPTIONAL_V1,"Pre-test and scientifically relevant, but representation, applicability, coverage, or method heterogeneity prevents CORE_V1 status.",6,11.76,Must describe processing completed before the tensile test; route text is not encoded in this task.,LEAKAGE_FREE_DIRECT,"Raw source column only; no imputation, encoding, normalization, conflict resolution, or derived descriptor was produced."
M3_PLUS_PROCESSING,TEST_CONDITIONS,Recovered_Test_T_Reported,CANDIDATE_OPTIONAL_V1,"Pre-test and scientifically relevant, but representation, applicability, coverage, or method heterogeneity prevents CORE_V1 status.",9,17.65,Raw reported temperature; no numeric inference or standardization in V1.,LEAKAGE_FREE_ONLY_WITH_SCOPE_GATE,"Raw source column only; no imputation, encoding, normalization, conflict resolution, or derived descriptor was produced."
M3_PLUS_PROCESSING,CHEMISTRY,APT_local_composition,CANDIDATE_EXPLORATORY_LATER,"Scientifically relevant but local/scope-specific, sparse, or method-heterogeneous; reserve for controlled ablation.",1,1.96,Local APT chemistry only; not bulk composition.,LEAKAGE_FREE_ONLY_WITH_SCOPE_GATE,"Raw source column only; no imputation, encoding, normalization, conflict resolution, or derived descriptor was produced."
M3_PLUS_PROCESSING,CHEMISTRY,EDS_local_composition,CANDIDATE_EXPLORATORY_LATER,"Scientifically relevant but local/scope-specific, sparse, or method-heterogeneous; reserve for controlled ablation.",1,1.96,Local EDS chemistry only; not bulk composition.,LEAKAGE_FREE_ONLY_WITH_SCOPE_GATE,"Raw source column only; no imputation, encoding, normalization, conflict resolution, or derived descriptor was produced."
M3_PLUS_PROCESSING,CHEMISTRY,Nominal_Composition_at_pct,CANDIDATE_OPTIONAL_V1,"Pre-test and scientifically relevant, but representation, applicability, coverage, or method heterogeneity prevents CORE_V1 status.",17,33.33,Nominal chemistry only; do not overwrite with measured chemistry.,LEAKAGE_FREE_DIRECT,"Raw source column only; no imputation, encoding, normalization, conflict resolution, or derived descriptor was produced."
M3_PLUS_PROCESSING,CHEMISTRY,Cr_at%_uncertainty,CANDIDATE_EXPLORATORY_LATER,"Scientifically relevant but local/scope-specific, sparse, or method-heterogeneous; reserve for controlled ablation.",3,5.88,Retain source basis and scope; measured bulk is preferred over nominal only under the documented future policy.,LEAKAGE_FREE_ONLY_WITH_SCOPE_GATE,"Raw source column only; no imputation, encoding, normalization, conflict resolution, or derived descriptor was produced."
M3_PLUS_PROCESSING,CHEMISTRY,Mn_at%_uncertainty,CANDIDATE_EXPLORATORY_LATER,"Scientifically relevant but local/scope-specific, sparse, or method-heterogeneous; reserve for controlled ablation.",3,5.88,Retain source basis and scope; measured bulk is preferred over nominal only under the documented future policy.,LEAKAGE_FREE_ONLY_WITH_SCOPE_GATE,"Raw source column only; no imputation, encoding, normalization, conflict resolution, or derived descriptor was produced."
M3_PLUS_PROCESSING,CHEMISTRY,Fe_at%_uncertainty,CANDIDATE_EXPLORATORY_LATER,"Scientifically relevant but local/scope-specific, sparse, or method-heterogeneous; reserve for controlled ablation.",3,5.88,Retain source basis and scope; measured bulk is preferred over nominal only under the documented future policy.,LEAKAGE_FREE_ONLY_WITH_SCOPE_GATE,"Raw source column only; no imputation, encoding, normalization, conflict resolution, or derived descriptor was produced."
M3_PLUS_PROCESSING,CHEMISTRY,Co_at%_uncertainty,CANDIDATE_EXPLORATORY_LATER,"Scientifically relevant but local/scope-specific, sparse, or method-heterogeneous; reserve for controlled ablation.",3,5.88,Retain source basis and scope; measured bulk is preferred over nominal only under the documented future policy.,LEAKAGE_FREE_ONLY_WITH_SCOPE_GATE,"Raw source column only; no imputation, encoding, normalization, conflict resolution, or derived descriptor was produced."
M3_PLUS_PROCESSING,CHEMISTRY,Ni_at%_uncertainty,CANDIDATE_EXPLORATORY_LATER,"Scientifically relevant but local/scope-specific, sparse, or method-heterogeneous; reserve for controlled ablation.",3,5.88,Retain source basis and scope; measured bulk is preferred over nominal only under the documented future policy.,LEAKAGE_FREE_ONLY_WITH_SCOPE_GATE,"Raw source column only; no imputation, encoding, normalization, conflict resolution, or derived descriptor was produced."
M3_PLUS_PROCESSING,PROCESSING,Sintering_T_C,CANDIDATE_OPTIONAL_V1,"Pre-test and scientifically relevant, but representation, applicability, coverage, or method heterogeneity prevents CORE_V1 status.",4,7.84,Must describe processing completed before the tensile test; route text is not encoded in this task.,LEAKAGE_FREE_DIRECT,"Raw source column only; no imputation, encoding, normalization, conflict resolution, or derived descriptor was produced."
M3_PLUS_PROCESSING,PROCESSING,SPS_Pressure_MPa,CANDIDATE_OPTIONAL_V1,"Pre-test and scientifically relevant, but representation, applicability, coverage, or method heterogeneity prevents CORE_V1 status.",4,7.84,Must describe processing completed before the tensile test; route text is not encoded in this task.,LEAKAGE_FREE_DIRECT,"Raw source column only; no imputation, encoding, normalization, conflict resolution, or derived descriptor was produced."
M3_PLUS_PROCESSING,PROCESSING,SPS_Time_min,CANDIDATE_OPTIONAL_V1,"Pre-test and scientifically relevant, but representation, applicability, coverage, or method heterogeneity prevents CORE_V1 status.",4,7.84,Must describe processing completed before the tensile test; route text is not encoded in this task.,LEAKAGE_FREE_DIRECT,"Raw source column only; no imputation, encoding, normalization, conflict resolution, or derived descriptor was produced."
M3_PLUS_PROCESSING,PROCESSING,SPS_Vacuum_Pa,CANDIDATE_OPTIONAL_V1,"Pre-test and scientifically relevant, but representation, applicability, coverage, or method heterogeneity prevents CORE_V1 status.",4,7.84,Must describe processing completed before the tensile test; route text is not encoded in this task.,LEAKAGE_FREE_DIRECT,"Raw source column only; no imputation, encoding, normalization, conflict resolution, or derived descriptor was produced."
M3_PLUS_PROCESSING,CHEMISTRY,Feedstock_Composition_at_pct,CANDIDATE_EXPLORATORY_LATER,"Scientifically relevant but local/scope-specific, sparse, or method-heterogeneous; reserve for controlled ablation.",4,7.84,Feedstock scope only; not automatically specimen bulk chemistry.,LEAKAGE_FREE_ONLY_WITH_SCOPE_GATE,"Raw source column only; no imputation, encoding, normalization, conflict resolution, or derived descriptor was produced."
M3_PLUS_PROCESSING,CHEMISTRY,Local_EDS_Composition_at_pct,CANDIDATE_EXPLORATORY_LATER,"Scientifically relevant but local/scope-specific, sparse, or method-heterogeneous; reserve for controlled ablation.",2,3.92,Local/scanned-region EDS only; not bulk composition.,LEAKAGE_FREE_ONLY_WITH_SCOPE_GATE,"Raw source column only; no imputation, encoding, normalization, conflict resolution, or derived descriptor was produced."
M3_PLUS_PROCESSING,CHEMISTRY,Measured_Composition_at_pct,CANDIDATE_OPTIONAL_V1,"Pre-test and scientifically relevant, but representation, applicability, coverage, or method heterogeneity prevents CORE_V1 status.",6,11.76,Measured bulk chemistry; retain method and do not normalize in V1.,LEAKAGE_FREE_DIRECT,"Raw source column only; no imputation, encoding, normalization, conflict resolution, or derived descriptor was produced."
M3_PLUS_PROCESSING,TEST_CONDITIONS,Loading_Direction,CANDIDATE_OPTIONAL_V1,"Pre-test and scientifically relevant, but representation, applicability, coverage, or method heterogeneity prevents CORE_V1 status.",11,21.57,Must be a planned condition known before loading; no missing temperature/rate is inferred.,LEAKAGE_FREE_DIRECT,"Raw source column only; no imputation, encoding, normalization, conflict resolution, or derived descriptor was produced."
M3_PLUS_PROCESSING,TEST_CONDITIONS,Test_T_Raw,CANDIDATE_OPTIONAL_V1,"Pre-test and scientifically relevant, but representation, applicability, coverage, or method heterogeneity prevents CORE_V1 status.",8,15.69,Raw reported temperature text; no RT-to-K conversion is performed in this task.,LEAKAGE_FREE_ONLY_WITH_SCOPE_GATE,"Raw source column only; no imputation, encoding, normalization, conflict resolution, or derived descriptor was produced."
M3_PLUS_PROCESSING,PROCESSING,Cold_Roll_Pass_Reduction_mm,CANDIDATE_OPTIONAL_V1,"Pre-test and scientifically relevant, but representation, applicability, coverage, or method heterogeneity prevents CORE_V1 status.",5,9.8,Must describe processing completed before the tensile test; route text is not encoded in this task.,LEAKAGE_FREE_DIRECT,"Raw source column only; no imputation, encoding, normalization, conflict resolution, or derived descriptor was produced."
M3_PLUS_PROCESSING,PROCESSING,Remelting_n,CANDIDATE_OPTIONAL_V1,"Pre-test and scientifically relevant, but representation, applicability, coverage, or method heterogeneity prevents CORE_V1 status.",5,9.8,Must describe processing completed before the tensile test; route text is not encoded in this task.,LEAKAGE_FREE_DIRECT,"Raw source column only; no imputation, encoding, normalization, conflict resolution, or derived descriptor was produced."
M3_PLUS_PROCESSING,PROCESSING,Raw_Material_Purity,CANDIDATE_OPTIONAL_V1,"Pre-test and scientifically relevant, but representation, applicability, coverage, or method heterogeneity prevents CORE_V1 status.",2,3.92,Must describe processing completed before the tensile test; route text is not encoded in this task.,LEAKAGE_FREE_ONLY_WITH_SCOPE_GATE,"Raw source column only; no imputation, encoding, normalization, conflict resolution, or derived descriptor was produced."
M3_PLUS_PROCESSING,CHEMISTRY,Recovered_Composition_Status,CONTROL_ONLY_NOT_MODEL_FEATURE,Required source/method/scope control; retained in the manifest but excluded from candidate and complete-case counts.,6,11.76,"Retain for audit, descriptive context, and eligibility control; never use as an ordinary predictor.",CONTROL_ONLY_NEVER_MODEL_FEATURE,"Raw source column only; no imputation, encoding, normalization, conflict resolution, or derived descriptor was produced."
M3_PLUS_PROCESSING,TEST_CONDITIONS,Recovered_Test_T_Status,CONTROL_ONLY_NOT_MODEL_FEATURE,Required source/method/scope control; retained in the manifest but excluded from candidate and complete-case counts.,9,17.65,"Retain for audit, descriptive context, and eligibility control; never use as an ordinary predictor.",CONTROL_ONLY_NEVER_MODEL_FEATURE,"Raw source column only; no imputation, encoding, normalization, conflict resolution, or derived descriptor was produced."
M3_PLUS_PROCESSING,CHEMISTRY,Measured_Composition_Status,CONTROL_ONLY_NOT_MODEL_FEATURE,Required source/method/scope control; retained in the manifest but excluded from candidate and complete-case counts.,16,31.37,"Retain for audit, descriptive context, and eligibility control; never use as an ordinary predictor.",CONTROL_ONLY_NEVER_MODEL_FEATURE,"Raw source column only; no imputation, encoding, normalization, conflict resolution, or derived descriptor was produced."
M3_PLUS_PROCESSING,CHEMISTRY,Feedstock_Composition_Method,CONTROL_ONLY_NOT_MODEL_FEATURE,Required source/method/scope control; retained in the manifest but excluded from candidate and complete-case counts.,4,7.84,"Retain for audit, descriptive context, and eligibility control; never use as an ordinary predictor.",CONTROL_ONLY_NEVER_MODEL_FEATURE,"Raw source column only; no imputation, encoding, normalization, conflict resolution, or derived descriptor was produced."
M3_PLUS_PROCESSING,CHEMISTRY,Feedstock_Composition_Scope,CONTROL_ONLY_NOT_MODEL_FEATURE,Required source/method/scope control; retained in the manifest but excluded from candidate and complete-case counts.,4,7.84,"Retain for audit, descriptive context, and eligibility control; never use as an ordinary predictor.",CONTROL_ONLY_NEVER_MODEL_FEATURE,"Raw source column only; no imputation, encoding, normalization, conflict resolution, or derived descriptor was produced."
M3_PLUS_PROCESSING,CHEMISTRY,Local_EDS_Composition_Scope,CONTROL_ONLY_NOT_MODEL_FEATURE,Required source/method/scope control; retained in the manifest but excluded from candidate and complete-case counts.,2,3.92,"Retain for audit, descriptive context, and eligibility control; never use as an ordinary predictor.",CONTROL_ONLY_NEVER_MODEL_FEATURE,"Raw source column only; no imputation, encoding, normalization, conflict resolution, or derived descriptor was produced."
M3_PLUS_PROCESSING,CHEMISTRY,Measured_Composition_Method,CONTROL_ONLY_NOT_MODEL_FEATURE,Required source/method/scope control; retained in the manifest but excluded from candidate and complete-case counts.,6,11.76,"Retain for audit, descriptive context, and eligibility control; never use as an ordinary predictor.",CONTROL_ONLY_NEVER_MODEL_FEATURE,"Raw source column only; no imputation, encoding, normalization, conflict resolution, or derived descriptor was produced."
M3_PLUS_PROCESSING,CHEMISTRY,Composition_Status,CONTROL_ONLY_NOT_MODEL_FEATURE,Required source/method/scope control; retained in the manifest but excluded from candidate and complete-case counts.,8,15.69,"Retain for audit, descriptive context, and eligibility control; never use as an ordinary predictor.",CONTROL_ONLY_NEVER_MODEL_FEATURE,"Raw source column only; no imputation, encoding, normalization, conflict resolution, or derived descriptor was produced."
M3_PLUS_PROCESSING,PROCESSING,Cold_Roll_Reduction_Status,CONTROL_ONLY_NOT_MODEL_FEATURE,Required source/method/scope control; retained in the manifest but excluded from candidate and complete-case counts.,5,9.8,"Retain for audit, descriptive context, and eligibility control; never use as an ordinary predictor.",CONTROL_ONLY_NEVER_MODEL_FEATURE,"Raw source column only; no imputation, encoding, normalization, conflict resolution, or derived descriptor was produced."
M3_PLUS_PROCESSING,TEST_CONDITIONS,Test_T_Status,CONTROL_ONLY_NOT_MODEL_FEATURE,Required source/method/scope control; retained in the manifest but excluded from candidate and complete-case counts.,5,9.8,"Retain for audit, descriptive context, and eligibility control; never use as an ordinary predictor.",CONTROL_ONLY_NEVER_MODEL_FEATURE,"Raw source column only; no imputation, encoding, normalization, conflict resolution, or derived descriptor was produced."
M4_PLUS_PHYSICS,CHEMISTRY,Original_Composition,CANDIDATE_OPTIONAL_V1,"Pre-test and scientifically relevant, but representation, applicability, coverage, or method heterogeneity prevents CORE_V1 status.",36,70.59,May combine nominal and measured text; retain basis and never silently parse or normalize.,LEAKAGE_FREE_ONLY_WITH_SCOPE_GATE,"Raw source column only; no imputation, encoding, normalization, conflict resolution, or derived descriptor was produced."
M4_PLUS_PHYSICS,CHEMISTRY,Composition_basis,CANDIDATE_OPTIONAL_V1,"Pre-test and scientifically relevant, but representation, applicability, coverage, or method heterogeneity prevents CORE_V1 status.",42,82.35,Interpretation control; measured and nominal chemistry must remain distinguishable.,LEAKAGE_FREE_ONLY_WITH_SCOPE_GATE,"Raw source column only; no imputation, encoding, normalization, conflict resolution, or derived descriptor was produced."
M4_PLUS_PHYSICS,CHEMISTRY,Fe_at%,CANDIDATE_CORE_V1,Central alloy chemistry with broad direct coverage; missing remains NA.,42,82.35,Retain source basis and scope; measured bulk is preferred over nominal only under the documented future policy.,LEAKAGE_FREE_DIRECT,"Raw source column only; no imputation, encoding, normalization, conflict resolution, or derived descriptor was produced."
M4_PLUS_PHYSICS,CHEMISTRY,Mn_at%,CANDIDATE_CORE_V1,Mechanism-relevant matrix chemistry with broad direct coverage; missing remains NA.,42,82.35,Retain source basis and scope; measured bulk is preferred over nominal only under the documented future policy.,LEAKAGE_FREE_DIRECT,"Raw source column only; no imputation, encoding, normalization, conflict resolution, or derived descriptor was produced."
M4_PLUS_PHYSICS,CHEMISTRY,Co_at%,CANDIDATE_CORE_V1,Central multicomponent chemistry with broad direct coverage; missing remains NA.,40,78.43,Retain source basis and scope; measured bulk is preferred over nominal only under the documented future policy.,LEAKAGE_FREE_DIRECT,"Raw source column only; no imputation, encoding, normalization, conflict resolution, or derived descriptor was produced."
M4_PLUS_PHYSICS,CHEMISTRY,Cr_at%,CANDIDATE_CORE_V1,Central multicomponent chemistry with broad direct coverage; missing remains NA.,42,82.35,Retain source basis and scope; measured bulk is preferred over nominal only under the documented future policy.,LEAKAGE_FREE_DIRECT,"Raw source column only; no imputation, encoding, normalization, conflict resolution, or derived descriptor was produced."
M4_PLUS_PHYSICS,CHEMISTRY,Ni_at%,CANDIDATE_OPTIONAL_V1,"Pre-test and scientifically relevant, but representation, applicability, coverage, or method heterogeneity prevents CORE_V1 status.",18,35.29,Retain source basis and scope; measured bulk is preferred over nominal only under the documented future policy.,LEAKAGE_FREE_DIRECT,"Raw source column only; no imputation, encoding, normalization, conflict resolution, or derived descriptor was produced."
M4_PLUS_PHYSICS,CHEMISTRY,N_at%,CANDIDATE_OPTIONAL_V1,"Pre-test and scientifically relevant, but representation, applicability, coverage, or method heterogeneity prevents CORE_V1 status.",1,1.96,Retain source basis and scope; measured bulk is preferred over nominal only under the documented future policy.,LEAKAGE_FREE_DIRECT,"Raw source column only; no imputation, encoding, normalization, conflict resolution, or derived descriptor was produced."
M4_PLUS_PHYSICS,CHEMISTRY,C_at%,CANDIDATE_OPTIONAL_V1,"Pre-test and scientifically relevant, but representation, applicability, coverage, or method heterogeneity prevents CORE_V1 status.",9,17.65,Retain source basis and scope; measured bulk is preferred over nominal only under the documented future policy.,LEAKAGE_FREE_DIRECT,"Raw source column only; no imputation, encoding, normalization, conflict resolution, or derived descriptor was produced."
M4_PLUS_PHYSICS,CHEMISTRY,Mo_at%,CANDIDATE_OPTIONAL_V1,"Pre-test and scientifically relevant, but representation, applicability, coverage, or method heterogeneity prevents CORE_V1 status.",7,13.73,Retain source basis and scope; measured bulk is preferred over nominal only under the documented future policy.,LEAKAGE_FREE_DIRECT,"Raw source column only; no imputation, encoding, normalization, conflict resolution, or derived descriptor was produced."
M4_PLUS_PHYSICS,CHEMISTRY,Si_at%,CANDIDATE_OPTIONAL_V1,"Pre-test and scientifically relevant, but representation, applicability, coverage, or method heterogeneity prevents CORE_V1 status.",3,5.88,Retain source basis and scope; measured bulk is preferred over nominal only under the documented future policy.,LEAKAGE_FREE_DIRECT,"Raw source column only; no imputation, encoding, normalization, conflict resolution, or derived descriptor was produced."
M4_PLUS_PHYSICS,CHEMISTRY,Ti_at%,CANDIDATE_OPTIONAL_V1,"Pre-test and scientifically relevant, but representation, applicability, coverage, or method heterogeneity prevents CORE_V1 status.",5,9.8,Retain source basis and scope; measured bulk is preferred over nominal only under the documented future policy.,LEAKAGE_FREE_DIRECT,"Raw source column only; no imputation, encoding, normalization, conflict resolution, or derived descriptor was produced."
M4_PLUS_PHYSICS,CHEMISTRY,V_at%,CANDIDATE_OPTIONAL_V1,"Pre-test and scientifically relevant, but representation, applicability, coverage, or method heterogeneity prevents CORE_V1 status.",5,9.8,Retain source basis and scope; measured bulk is preferred over nominal only under the documented future policy.,LEAKAGE_FREE_DIRECT,"Raw source column only; no imputation, encoding, normalization, conflict resolution, or derived descriptor was produced."
M4_PLUS_PHYSICS,CHEMISTRY,Other_elements,CANDIDATE_OPTIONAL_V1,"Pre-test and scientifically relevant, but representation, applicability, coverage, or method heterogeneity prevents CORE_V1 status.",0,0.0,Retain source basis and scope; measured bulk is preferred over nominal only under the documented future policy.,LEAKAGE_FREE_ONLY_WITH_SCOPE_GATE,"Raw source column only; no imputation, encoding, normalization, conflict resolution, or derived descriptor was produced."
M4_PLUS_PHYSICS,PROCESSING,Processing_route,CANDIDATE_CORE_V1,Processing history is scientifically essential and broadly reported; raw text remains unencoded.,42,82.35,Must describe processing completed before the tensile test; route text is not encoded in this task.,LEAKAGE_FREE_DIRECT,"Raw source column only; no imputation, encoding, normalization, conflict resolution, or derived descriptor was produced."
M4_PLUS_PHYSICS,PROCESSING,Cast_method,CANDIDATE_OPTIONAL_V1,"Pre-test and scientifically relevant, but representation, applicability, coverage, or method heterogeneity prevents CORE_V1 status.",30,58.82,Must describe processing completed before the tensile test; route text is not encoded in this task.,LEAKAGE_FREE_DIRECT,"Raw source column only; no imputation, encoding, normalization, conflict resolution, or derived descriptor was produced."
M4_PLUS_PHYSICS,PROCESSING,Homogenization_T_K,CANDIDATE_OPTIONAL_V1,"Pre-test and scientifically relevant, but representation, applicability, coverage, or method heterogeneity prevents CORE_V1 status.",32,62.75,Must describe processing completed before the tensile test; route text is not encoded in this task.,LEAKAGE_FREE_DIRECT,"Raw source column only; no imputation, encoding, normalization, conflict resolution, or derived descriptor was produced."
M4_PLUS_PHYSICS,PROCESSING,Homogenization_time_h,CANDIDATE_OPTIONAL_V1,"Pre-test and scientifically relevant, but representation, applicability, coverage, or method heterogeneity prevents CORE_V1 status.",32,62.75,Must describe processing completed before the tensile test; route text is not encoded in this task.,LEAKAGE_FREE_DIRECT,"Raw source column only; no imputation, encoding, normalization, conflict resolution, or derived descriptor was produced."
M4_PLUS_PHYSICS,PROCESSING,Hot_rolling_T_K,CANDIDATE_OPTIONAL_V1,"Pre-test and scientifically relevant, but representation, applicability, coverage, or method heterogeneity prevents CORE_V1 status.",22,43.14,Must describe processing completed before the tensile test; route text is not encoded in this task.,LEAKAGE_FREE_DIRECT,"Raw source column only; no imputation, encoding, normalization, conflict resolution, or derived descriptor was produced."
M4_PLUS_PHYSICS,PROCESSING,Hot_rolling_reduction_pct,CANDIDATE_OPTIONAL_V1,"Pre-test and scientifically relevant, but representation, applicability, coverage, or method heterogeneity prevents CORE_V1 status.",22,43.14,Must describe processing completed before the tensile test; route text is not encoded in this task.,LEAKAGE_FREE_DIRECT,"Raw source column only; no imputation, encoding, normalization, conflict resolution, or derived descriptor was produced."
M4_PLUS_PHYSICS,PROCESSING,Cold_rolling_reduction_pct,CANDIDATE_OPTIONAL_V1,"Pre-test and scientifically relevant, but representation, applicability, coverage, or method heterogeneity prevents CORE_V1 status.",35,68.63,Must describe processing completed before the tensile test; route text is not encoded in this task.,LEAKAGE_FREE_DIRECT,"Raw source column only; no imputation, encoding, normalization, conflict resolution, or derived descriptor was produced."
M4_PLUS_PHYSICS,PROCESSING,Annealing_T_K,CANDIDATE_OPTIONAL_V1,"Pre-test and scientifically relevant, but representation, applicability, coverage, or method heterogeneity prevents CORE_V1 status.",41,80.39,Must describe processing completed before the tensile test; route text is not encoded in this task.,LEAKAGE_FREE_DIRECT,"Raw source column only; no imputation, encoding, normalization, conflict resolution, or derived descriptor was produced."
M4_PLUS_PHYSICS,PROCESSING,Annealing_time_min,CANDIDATE_OPTIONAL_V1,"Pre-test and scientifically relevant, but representation, applicability, coverage, or method heterogeneity prevents CORE_V1 status.",37,72.55,Must describe processing completed before the tensile test; route text is not encoded in this task.,LEAKAGE_FREE_DIRECT,"Raw source column only; no imputation, encoding, normalization, conflict resolution, or derived descriptor was produced."
M4_PLUS_PHYSICS,PROCESSING,Cooling_route,CANDIDATE_OPTIONAL_V1,"Pre-test and scientifically relevant, but representation, applicability, coverage, or method heterogeneity prevents CORE_V1 status.",27,52.94,Must describe processing completed before the tensile test; route text is not encoded in this task.,LEAKAGE_FREE_DIRECT,"Raw source column only; no imputation, encoding, normalization, conflict resolution, or derived descriptor was produced."
M4_PLUS_PHYSICS,TEST_CONDITIONS,Test_T_K,CANDIDATE_CORE_V1,Planned temperature is mechanism-defining and available before loading.,33,64.71,Must be a planned condition known before loading; no missing temperature/rate is inferred.,LEAKAGE_FREE_DIRECT,"Raw source column only; no imputation, encoding, normalization, conflict resolution, or derived descriptor was produced."
M4_PLUS_PHYSICS,TEST_CONDITIONS,Strain_rate_s-1,CANDIDATE_CORE_V1,Planned rate is mechanism-defining and available before loading.,47,92.16,Must be a planned condition known before loading; no missing temperature/rate is inferred.,LEAKAGE_FREE_DIRECT,"Raw source column only; no imputation, encoding, normalization, conflict resolution, or derived descriptor was produced."
M4_PLUS_PHYSICS,PHYSICS_THERMODYNAMICS,SFE_mJ_m2,CANDIDATE_EXPLORATORY_LATER,Physics descriptor is method/temperature/phase sensitive and too sparse or heterogeneous for the initial baseline.,21,41.18,"Require row-level method, structure, temperature, paper/current-reference, and experimental/computational scope.",LEAKAGE_FREE_ONLY_WITH_SCOPE_GATE,"Raw source column only; no imputation, encoding, normalization, conflict resolution, or derived descriptor was produced."
M4_PLUS_PHYSICS,PHYSICS_THERMODYNAMICS,SFE_error_mJ_m2,CANDIDATE_EXPLORATORY_LATER,Physics descriptor is method/temperature/phase sensitive and too sparse or heterogeneous for the initial baseline.,0,0.0,"Require method, phase/structure, temperature, and source-domain matching; no cross-paper transfer.",LEAKAGE_FREE_ONLY_WITH_SCOPE_GATE,"Raw source column only; no imputation, encoding, normalization, conflict resolution, or derived descriptor was produced."
M4_PLUS_PHYSICS,PHYSICS_THERMODYNAMICS,DeltaG_FCC_HCP_J_mol,CANDIDATE_EXPLORATORY_LATER,Physics descriptor is method/temperature/phase sensitive and too sparse or heterogeneous for the initial baseline.,9,17.65,"Require alloy, paper, calculation method, and temperature match; never transfer across papers/alloys.",LEAKAGE_FREE_ONLY_WITH_SCOPE_GATE,"Raw source column only; no imputation, encoding, normalization, conflict resolution, or derived descriptor was produced."
M4_PLUS_PHYSICS,PHYSICS_THERMODYNAMICS,Elastic_modulus_GPa,CANDIDATE_EXPLORATORY_LATER,Physics descriptor is method/temperature/phase sensitive and too sparse or heterogeneous for the initial baseline.,4,7.84,"Require method, phase/structure, temperature, and source-domain matching; no cross-paper transfer.",LEAKAGE_FREE_ONLY_WITH_SCOPE_GATE,"Raw source column only; no imputation, encoding, normalization, conflict resolution, or derived descriptor was produced."
M4_PLUS_PHYSICS,PHYSICS_THERMODYNAMICS,Shear_modulus_GPa,CANDIDATE_EXPLORATORY_LATER,Physics descriptor is method/temperature/phase sensitive and too sparse or heterogeneous for the initial baseline.,3,5.88,"Require method, phase/structure, temperature, and source-domain matching; no cross-paper transfer.",LEAKAGE_FREE_ONLY_WITH_SCOPE_GATE,"Raw source column only; no imputation, encoding, normalization, conflict resolution, or derived descriptor was produced."
M4_PLUS_PHYSICS,PHYSICS_THERMODYNAMICS,Poisson_ratio,CANDIDATE_EXPLORATORY_LATER,Physics descriptor is method/temperature/phase sensitive and too sparse or heterogeneous for the initial baseline.,3,5.88,"Require method, phase/structure, temperature, and source-domain matching; no cross-paper transfer.",LEAKAGE_FREE_ONLY_WITH_SCOPE_GATE,"Raw source column only; no imputation, encoding, normalization, conflict resolution, or derived descriptor was produced."
M4_PLUS_PHYSICS,PHYSICS_THERMODYNAMICS,Lattice_parameter_nm,CANDIDATE_EXPLORATORY_LATER,Physics descriptor is method/temperature/phase sensitive and too sparse or heterogeneous for the initial baseline.,3,5.88,"Require method, phase/structure, temperature, and source-domain matching; no cross-paper transfer.",LEAKAGE_FREE_ONLY_WITH_SCOPE_GATE,"Raw source column only; no imputation, encoding, normalization, conflict resolution, or derived descriptor was produced."
M4_PLUS_PHYSICS,PHYSICS_THERMODYNAMICS,CSRO_present,CANDIDATE_EXPLORATORY_LATER,Physics descriptor is method/temperature/phase sensitive and too sparse or heterogeneous for the initial baseline.,3,5.88,"Require method, phase/structure, temperature, and source-domain matching; no cross-paper transfer.",LEAKAGE_FREE_ONLY_WITH_SCOPE_GATE,"Raw source column only; no imputation, encoding, normalization, conflict resolution, or derived descriptor was produced."
M4_PLUS_PHYSICS,PHYSICS_THERMODYNAMICS,Recovered_ISFE_DFT_0K_mJ_m2,CANDIDATE_EXPLORATORY_LATER,Physics descriptor is method/temperature/phase sensitive and too sparse or heterogeneous for the initial baseline.,0,0.0,"DFT intrinsic SFE at 0 K; future physics ablation only, never generic experimental SFE.",LEAKAGE_FREE_ONLY_WITH_SCOPE_GATE,"Raw source column only; no imputation, encoding, normalization, conflict resolution, or derived descriptor was produced."
M4_PLUS_PHYSICS,PHYSICS_THERMODYNAMICS,Recovered_DeltaG_FCC_HCP_300K_J_mol,CANDIDATE_EXPLORATORY_LATER,Physics descriptor is method/temperature/phase sensitive and too sparse or heterogeneous for the initial baseline.,0,0.0,"Thermo-Calc value at 300 K only; never transfer across temperature, alloy, or paper.",LEAKAGE_FREE_ONLY_WITH_SCOPE_GATE,"Raw source column only; no imputation, encoding, normalization, conflict resolution, or derived descriptor was produced."
M4_PLUS_PHYSICS,PROCESSING,P008_Source_State,CANDIDATE_OPTIONAL_V1,"Pre-test and scientifically relevant, but representation, applicability, coverage, or method heterogeneity prevents CORE_V1 status.",6,11.76,Must describe processing completed before the tensile test; route text is not encoded in this task.,LEAKAGE_FREE_ONLY_WITH_SCOPE_GATE,"Raw source column only; no imputation, encoding, normalization, conflict resolution, or derived descriptor was produced."
M4_PLUS_PHYSICS,CHEMISTRY,Recovered_Bulk_Composition_at_pct,CANDIDATE_OPTIONAL_V1,"Pre-test and scientifically relevant, but representation, applicability, coverage, or method heterogeneity prevents CORE_V1 status.",6,11.76,Use only when explicitly specimen/material bulk; never substitute local or feedstock chemistry.,LEAKAGE_FREE_DIRECT,"Raw source column only; no imputation, encoding, normalization, conflict resolution, or derived descriptor was produced."
M4_PLUS_PHYSICS,PROCESSING,Recovered_Processing_route,CANDIDATE_OPTIONAL_V1,"Pre-test and scientifically relevant, but representation, applicability, coverage, or method heterogeneity prevents CORE_V1 status.",6,11.76,Must describe processing completed before the tensile test; route text is not encoded in this task.,LEAKAGE_FREE_DIRECT,"Raw source column only; no imputation, encoding, normalization, conflict resolution, or derived descriptor was produced."
M4_PLUS_PHYSICS,TEST_CONDITIONS,Recovered_Test_T_Reported,CANDIDATE_OPTIONAL_V1,"Pre-test and scientifically relevant, but representation, applicability, coverage, or method heterogeneity prevents CORE_V1 status.",9,17.65,Raw reported temperature; no numeric inference or standardization in V1.,LEAKAGE_FREE_ONLY_WITH_SCOPE_GATE,"Raw source column only; no imputation, encoding, normalization, conflict resolution, or derived descriptor was produced."
M4_PLUS_PHYSICS,PHYSICS_THERMODYNAMICS,SFE_value_alloy_level_mJ_m2,CANDIDATE_EXPLORATORY_LATER,Physics descriptor is method/temperature/phase sensitive and too sparse or heterogeneous for the initial baseline.,6,11.76,Alloy-level value; do not duplicate across conditions without a predeclared scope rule.,LEAKAGE_FREE_ONLY_WITH_SCOPE_GATE,"Raw source column only; no imputation, encoding, normalization, conflict resolution, or derived descriptor was produced."
M4_PLUS_PHYSICS,CHEMISTRY,APT_local_composition,CANDIDATE_EXPLORATORY_LATER,"Scientifically relevant but local/scope-specific, sparse, or method-heterogeneous; reserve for controlled ablation.",1,1.96,Local APT chemistry only; not bulk composition.,LEAKAGE_FREE_ONLY_WITH_SCOPE_GATE,"Raw source column only; no imputation, encoding, normalization, conflict resolution, or derived descriptor was produced."
M4_PLUS_PHYSICS,CHEMISTRY,EDS_local_composition,CANDIDATE_EXPLORATORY_LATER,"Scientifically relevant but local/scope-specific, sparse, or method-heterogeneous; reserve for controlled ablation.",1,1.96,Local EDS chemistry only; not bulk composition.,LEAKAGE_FREE_ONLY_WITH_SCOPE_GATE,"Raw source column only; no imputation, encoding, normalization, conflict resolution, or derived descriptor was produced."
M4_PLUS_PHYSICS,CHEMISTRY,Nominal_Composition_at_pct,CANDIDATE_OPTIONAL_V1,"Pre-test and scientifically relevant, but representation, applicability, coverage, or method heterogeneity prevents CORE_V1 status.",17,33.33,Nominal chemistry only; do not overwrite with measured chemistry.,LEAKAGE_FREE_DIRECT,"Raw source column only; no imputation, encoding, normalization, conflict resolution, or derived descriptor was produced."
M4_PLUS_PHYSICS,CHEMISTRY,Cr_at%_uncertainty,CANDIDATE_EXPLORATORY_LATER,"Scientifically relevant but local/scope-specific, sparse, or method-heterogeneous; reserve for controlled ablation.",3,5.88,Retain source basis and scope; measured bulk is preferred over nominal only under the documented future policy.,LEAKAGE_FREE_ONLY_WITH_SCOPE_GATE,"Raw source column only; no imputation, encoding, normalization, conflict resolution, or derived descriptor was produced."
M4_PLUS_PHYSICS,CHEMISTRY,Mn_at%_uncertainty,CANDIDATE_EXPLORATORY_LATER,"Scientifically relevant but local/scope-specific, sparse, or method-heterogeneous; reserve for controlled ablation.",3,5.88,Retain source basis and scope; measured bulk is preferred over nominal only under the documented future policy.,LEAKAGE_FREE_ONLY_WITH_SCOPE_GATE,"Raw source column only; no imputation, encoding, normalization, conflict resolution, or derived descriptor was produced."
M4_PLUS_PHYSICS,CHEMISTRY,Fe_at%_uncertainty,CANDIDATE_EXPLORATORY_LATER,"Scientifically relevant but local/scope-specific, sparse, or method-heterogeneous; reserve for controlled ablation.",3,5.88,Retain source basis and scope; measured bulk is preferred over nominal only under the documented future policy.,LEAKAGE_FREE_ONLY_WITH_SCOPE_GATE,"Raw source column only; no imputation, encoding, normalization, conflict resolution, or derived descriptor was produced."
M4_PLUS_PHYSICS,CHEMISTRY,Co_at%_uncertainty,CANDIDATE_EXPLORATORY_LATER,"Scientifically relevant but local/scope-specific, sparse, or method-heterogeneous; reserve for controlled ablation.",3,5.88,Retain source basis and scope; measured bulk is preferred over nominal only under the documented future policy.,LEAKAGE_FREE_ONLY_WITH_SCOPE_GATE,"Raw source column only; no imputation, encoding, normalization, conflict resolution, or derived descriptor was produced."
M4_PLUS_PHYSICS,CHEMISTRY,Ni_at%_uncertainty,CANDIDATE_EXPLORATORY_LATER,"Scientifically relevant but local/scope-specific, sparse, or method-heterogeneous; reserve for controlled ablation.",3,5.88,Retain source basis and scope; measured bulk is preferred over nominal only under the documented future policy.,LEAKAGE_FREE_ONLY_WITH_SCOPE_GATE,"Raw source column only; no imputation, encoding, normalization, conflict resolution, or derived descriptor was produced."
M4_PLUS_PHYSICS,PHYSICS_THERMODYNAMICS,Magnetic_transition_T_K,CANDIDATE_EXPLORATORY_LATER,Physics descriptor is method/temperature/phase sensitive and too sparse or heterogeneous for the initial baseline.,3,5.88,"Require method, phase/structure, temperature, and source-domain matching; no cross-paper transfer.",LEAKAGE_FREE_ONLY_WITH_SCOPE_GATE,"Raw source column only; no imputation, encoding, normalization, conflict resolution, or derived descriptor was produced."
M4_PLUS_PHYSICS,PHYSICS_THERMODYNAMICS,Low_T_Magnetic_Behavior,CANDIDATE_EXPLORATORY_LATER,Physics descriptor is method/temperature/phase sensitive and too sparse or heterogeneous for the initial baseline.,3,5.88,"Require method, phase/structure, temperature, and source-domain matching; no cross-paper transfer.",LEAKAGE_FREE_ONLY_WITH_SCOPE_GATE,"Raw source column only; no imputation, encoding, normalization, conflict resolution, or derived descriptor was produced."
M4_PLUS_PHYSICS,PHYSICS_THERMODYNAMICS,Low_T_Magnetic_Behavior_T_K,CANDIDATE_EXPLORATORY_LATER,Physics descriptor is method/temperature/phase sensitive and too sparse or heterogeneous for the initial baseline.,3,5.88,"Require method, phase/structure, temperature, and source-domain matching; no cross-paper transfer.",LEAKAGE_FREE_ONLY_WITH_SCOPE_GATE,"Raw source column only; no imputation, encoding, normalization, conflict resolution, or derived descriptor was produced."
M4_PLUS_PHYSICS,PROCESSING,Sintering_T_C,CANDIDATE_OPTIONAL_V1,"Pre-test and scientifically relevant, but representation, applicability, coverage, or method heterogeneity prevents CORE_V1 status.",4,7.84,Must describe processing completed before the tensile test; route text is not encoded in this task.,LEAKAGE_FREE_DIRECT,"Raw source column only; no imputation, encoding, normalization, conflict resolution, or derived descriptor was produced."
M4_PLUS_PHYSICS,PROCESSING,SPS_Pressure_MPa,CANDIDATE_OPTIONAL_V1,"Pre-test and scientifically relevant, but representation, applicability, coverage, or method heterogeneity prevents CORE_V1 status.",4,7.84,Must describe processing completed before the tensile test; route text is not encoded in this task.,LEAKAGE_FREE_DIRECT,"Raw source column only; no imputation, encoding, normalization, conflict resolution, or derived descriptor was produced."
M4_PLUS_PHYSICS,PROCESSING,SPS_Time_min,CANDIDATE_OPTIONAL_V1,"Pre-test and scientifically relevant, but representation, applicability, coverage, or method heterogeneity prevents CORE_V1 status.",4,7.84,Must describe processing completed before the tensile test; route text is not encoded in this task.,LEAKAGE_FREE_DIRECT,"Raw source column only; no imputation, encoding, normalization, conflict resolution, or derived descriptor was produced."
M4_PLUS_PHYSICS,PROCESSING,SPS_Vacuum_Pa,CANDIDATE_OPTIONAL_V1,"Pre-test and scientifically relevant, but representation, applicability, coverage, or method heterogeneity prevents CORE_V1 status.",4,7.84,Must describe processing completed before the tensile test; route text is not encoded in this task.,LEAKAGE_FREE_DIRECT,"Raw source column only; no imputation, encoding, normalization, conflict resolution, or derived descriptor was produced."
M4_PLUS_PHYSICS,CHEMISTRY,Feedstock_Composition_at_pct,CANDIDATE_EXPLORATORY_LATER,"Scientifically relevant but local/scope-specific, sparse, or method-heterogeneous; reserve for controlled ablation.",4,7.84,Feedstock scope only; not automatically specimen bulk chemistry.,LEAKAGE_FREE_ONLY_WITH_SCOPE_GATE,"Raw source column only; no imputation, encoding, normalization, conflict resolution, or derived descriptor was produced."
M4_PLUS_PHYSICS,CHEMISTRY,Local_EDS_Composition_at_pct,CANDIDATE_EXPLORATORY_LATER,"Scientifically relevant but local/scope-specific, sparse, or method-heterogeneous; reserve for controlled ablation.",2,3.92,Local/scanned-region EDS only; not bulk composition.,LEAKAGE_FREE_ONLY_WITH_SCOPE_GATE,"Raw source column only; no imputation, encoding, normalization, conflict resolution, or derived descriptor was produced."
M4_PLUS_PHYSICS,PHYSICS_THERMODYNAMICS,FCC_lattice_a_XRD_A,CANDIDATE_EXPLORATORY_LATER,Physics descriptor is method/temperature/phase sensitive and too sparse or heterogeneous for the initial baseline.,10,19.61,"Require method, phase/structure, temperature, and source-domain matching; no cross-paper transfer.",LEAKAGE_FREE_ONLY_WITH_SCOPE_GATE,"Raw source column only; no imputation, encoding, normalization, conflict resolution, or derived descriptor was produced."
M4_PLUS_PHYSICS,PHYSICS_THERMODYNAMICS,HCP_lattice_a_XRD_A,CANDIDATE_EXPLORATORY_LATER,Physics descriptor is method/temperature/phase sensitive and too sparse or heterogeneous for the initial baseline.,5,9.8,"Require method, phase/structure, temperature, and source-domain matching; no cross-paper transfer.",LEAKAGE_FREE_ONLY_WITH_SCOPE_GATE,"Raw source column only; no imputation, encoding, normalization, conflict resolution, or derived descriptor was produced."
M4_PLUS_PHYSICS,PHYSICS_THERMODYNAMICS,HCP_lattice_c_XRD_A,CANDIDATE_EXPLORATORY_LATER,Physics descriptor is method/temperature/phase sensitive and too sparse or heterogeneous for the initial baseline.,5,9.8,"Require method, phase/structure, temperature, and source-domain matching; no cross-paper transfer.",LEAKAGE_FREE_ONLY_WITH_SCOPE_GATE,"Raw source column only; no imputation, encoding, normalization, conflict resolution, or derived descriptor was produced."
M4_PLUS_PHYSICS,CHEMISTRY,Measured_Composition_at_pct,CANDIDATE_OPTIONAL_V1,"Pre-test and scientifically relevant, but representation, applicability, coverage, or method heterogeneity prevents CORE_V1 status.",6,11.76,Measured bulk chemistry; retain method and do not normalize in V1.,LEAKAGE_FREE_DIRECT,"Raw source column only; no imputation, encoding, normalization, conflict resolution, or derived descriptor was produced."
M4_PLUS_PHYSICS,TEST_CONDITIONS,Loading_Direction,CANDIDATE_OPTIONAL_V1,"Pre-test and scientifically relevant, but representation, applicability, coverage, or method heterogeneity prevents CORE_V1 status.",11,21.57,Must be a planned condition known before loading; no missing temperature/rate is inferred.,LEAKAGE_FREE_DIRECT,"Raw source column only; no imputation, encoding, normalization, conflict resolution, or derived descriptor was produced."
M4_PLUS_PHYSICS,TEST_CONDITIONS,Test_T_Raw,CANDIDATE_OPTIONAL_V1,"Pre-test and scientifically relevant, but representation, applicability, coverage, or method heterogeneity prevents CORE_V1 status.",8,15.69,Raw reported temperature text; no RT-to-K conversion is performed in this task.,LEAKAGE_FREE_ONLY_WITH_SCOPE_GATE,"Raw source column only; no imputation, encoding, normalization, conflict resolution, or derived descriptor was produced."
M4_PLUS_PHYSICS,PHYSICS_THERMODYNAMICS,Initial_FCC_lattice_a_A,CANDIDATE_EXPLORATORY_LATER,Physics descriptor is method/temperature/phase sensitive and too sparse or heterogeneous for the initial baseline.,1,1.96,"Require method, phase/structure, temperature, and source-domain matching; no cross-paper transfer.",LEAKAGE_FREE_ONLY_WITH_SCOPE_GATE,"Raw source column only; no imputation, encoding, normalization, conflict resolution, or derived descriptor was produced."
M4_PLUS_PHYSICS,PHYSICS_THERMODYNAMICS,Initial_HCP_c_over_a,CANDIDATE_EXPLORATORY_LATER,Physics descriptor is method/temperature/phase sensitive and too sparse or heterogeneous for the initial baseline.,1,1.96,"Require method, phase/structure, temperature, and source-domain matching; no cross-paper transfer.",LEAKAGE_FREE_ONLY_WITH_SCOPE_GATE,"Raw source column only; no imputation, encoding, normalization, conflict resolution, or derived descriptor was produced."
M4_PLUS_PHYSICS,PHYSICS_THERMODYNAMICS,Initial_HCP_c_over_a_uncertainty,CANDIDATE_EXPLORATORY_LATER,Physics descriptor is method/temperature/phase sensitive and too sparse or heterogeneous for the initial baseline.,1,1.96,"Require method, phase/structure, temperature, and source-domain matching; no cross-paper transfer.",LEAKAGE_FREE_ONLY_WITH_SCOPE_GATE,"Raw source column only; no imputation, encoding, normalization, conflict resolution, or derived descriptor was produced."
M4_PLUS_PHYSICS,PROCESSING,Cold_Roll_Pass_Reduction_mm,CANDIDATE_OPTIONAL_V1,"Pre-test and scientifically relevant, but representation, applicability, coverage, or method heterogeneity prevents CORE_V1 status.",5,9.8,Must describe processing completed before the tensile test; route text is not encoded in this task.,LEAKAGE_FREE_DIRECT,"Raw source column only; no imputation, encoding, normalization, conflict resolution, or derived descriptor was produced."
M4_PLUS_PHYSICS,PROCESSING,Remelting_n,CANDIDATE_OPTIONAL_V1,"Pre-test and scientifically relevant, but representation, applicability, coverage, or method heterogeneity prevents CORE_V1 status.",5,9.8,Must describe processing completed before the tensile test; route text is not encoded in this task.,LEAKAGE_FREE_DIRECT,"Raw source column only; no imputation, encoding, normalization, conflict resolution, or derived descriptor was produced."
M4_PLUS_PHYSICS,PROCESSING,Raw_Material_Purity,CANDIDATE_OPTIONAL_V1,"Pre-test and scientifically relevant, but representation, applicability, coverage, or method heterogeneity prevents CORE_V1 status.",2,3.92,Must describe processing completed before the tensile test; route text is not encoded in this task.,LEAKAGE_FREE_ONLY_WITH_SCOPE_GATE,"Raw source column only; no imputation, encoding, normalization, conflict resolution, or derived descriptor was produced."
M4_PLUS_PHYSICS,PHYSICS_THERMODYNAMICS,SFE_method,CONTROL_ONLY_NOT_MODEL_FEATURE,Required source/method/scope control; retained in the manifest but excluded from candidate and complete-case counts.,24,47.06,"Retain for audit, descriptive context, and eligibility control; never use as an ordinary predictor.",CONTROL_ONLY_NEVER_MODEL_FEATURE,"Raw source column only; no imputation, encoding, normalization, conflict resolution, or derived descriptor was produced."
M4_PLUS_PHYSICS,PHYSICS_THERMODYNAMICS,DeltaG_method,CONTROL_ONLY_NOT_MODEL_FEATURE,Required source/method/scope control; retained in the manifest but excluded from candidate and complete-case counts.,9,17.65,"Retain for audit, descriptive context, and eligibility control; never use as an ordinary predictor.",CONTROL_ONLY_NEVER_MODEL_FEATURE,"Raw source column only; no imputation, encoding, normalization, conflict resolution, or derived descriptor was produced."
M4_PLUS_PHYSICS,CHEMISTRY,Recovered_Composition_Status,CONTROL_ONLY_NOT_MODEL_FEATURE,Required source/method/scope control; retained in the manifest but excluded from candidate and complete-case counts.,6,11.76,"Retain for audit, descriptive context, and eligibility control; never use as an ordinary predictor.",CONTROL_ONLY_NEVER_MODEL_FEATURE,"Raw source column only; no imputation, encoding, normalization, conflict resolution, or derived descriptor was produced."
M4_PLUS_PHYSICS,TEST_CONDITIONS,Recovered_Test_T_Status,CONTROL_ONLY_NOT_MODEL_FEATURE,Required source/method/scope control; retained in the manifest but excluded from candidate and complete-case counts.,9,17.65,"Retain for audit, descriptive context, and eligibility control; never use as an ordinary predictor.",CONTROL_ONLY_NEVER_MODEL_FEATURE,"Raw source column only; no imputation, encoding, normalization, conflict resolution, or derived descriptor was produced."
M4_PLUS_PHYSICS,PHYSICS_THERMODYNAMICS,SFE_scope,CONTROL_ONLY_NOT_MODEL_FEATURE,Required source/method/scope control; retained in the manifest but excluded from candidate and complete-case counts.,6,11.76,"Retain for audit, descriptive context, and eligibility control; never use as an ordinary predictor.",CONTROL_ONLY_NEVER_MODEL_FEATURE,"Raw source column only; no imputation, encoding, normalization, conflict resolution, or derived descriptor was produced."
M4_PLUS_PHYSICS,PHYSICS_THERMODYNAMICS,SFE_status,CONTROL_ONLY_NOT_MODEL_FEATURE,Required source/method/scope control; retained in the manifest but excluded from candidate and complete-case counts.,6,11.76,"Retain for audit, descriptive context, and eligibility control; never use as an ordinary predictor.",CONTROL_ONLY_NEVER_MODEL_FEATURE,"Raw source column only; no imputation, encoding, normalization, conflict resolution, or derived descriptor was produced."
M4_PLUS_PHYSICS,PHYSICS_THERMODYNAMICS,SFE_source_provenance,CONTROL_ONLY_NOT_MODEL_FEATURE,Required source/method/scope control; retained in the manifest but excluded from candidate and complete-case counts.,6,11.76,"Retain for audit, descriptive context, and eligibility control; never use as an ordinary predictor.",CONTROL_ONLY_NEVER_MODEL_FEATURE,"Raw source column only; no imputation, encoding, normalization, conflict resolution, or derived descriptor was produced."
M4_PLUS_PHYSICS,CHEMISTRY,Measured_Composition_Status,CONTROL_ONLY_NOT_MODEL_FEATURE,Required source/method/scope control; retained in the manifest but excluded from candidate and complete-case counts.,16,31.37,"Retain for audit, descriptive context, and eligibility control; never use as an ordinary predictor.",CONTROL_ONLY_NEVER_MODEL_FEATURE,"Raw source column only; no imputation, encoding, normalization, conflict resolution, or derived descriptor was produced."
M4_PLUS_PHYSICS,PHYSICS_THERMODYNAMICS,Magnetic_transition_Status,CONTROL_ONLY_NOT_MODEL_FEATURE,Required source/method/scope control; retained in the manifest but excluded from candidate and complete-case counts.,3,5.88,"Retain for audit, descriptive context, and eligibility control; never use as an ordinary predictor.",CONTROL_ONLY_NEVER_MODEL_FEATURE,"Raw source column only; no imputation, encoding, normalization, conflict resolution, or derived descriptor was produced."
M4_PLUS_PHYSICS,CHEMISTRY,Feedstock_Composition_Method,CONTROL_ONLY_NOT_MODEL_FEATURE,Required source/method/scope control; retained in the manifest but excluded from candidate and complete-case counts.,4,7.84,"Retain for audit, descriptive context, and eligibility control; never use as an ordinary predictor.",CONTROL_ONLY_NEVER_MODEL_FEATURE,"Raw source column only; no imputation, encoding, normalization, conflict resolution, or derived descriptor was produced."
M4_PLUS_PHYSICS,CHEMISTRY,Feedstock_Composition_Scope,CONTROL_ONLY_NOT_MODEL_FEATURE,Required source/method/scope control; retained in the manifest but excluded from candidate and complete-case counts.,4,7.84,"Retain for audit, descriptive context, and eligibility control; never use as an ordinary predictor.",CONTROL_ONLY_NEVER_MODEL_FEATURE,"Raw source column only; no imputation, encoding, normalization, conflict resolution, or derived descriptor was produced."
M4_PLUS_PHYSICS,CHEMISTRY,Local_EDS_Composition_Scope,CONTROL_ONLY_NOT_MODEL_FEATURE,Required source/method/scope control; retained in the manifest but excluded from candidate and complete-case counts.,2,3.92,"Retain for audit, descriptive context, and eligibility control; never use as an ordinary predictor.",CONTROL_ONLY_NEVER_MODEL_FEATURE,"Raw source column only; no imputation, encoding, normalization, conflict resolution, or derived descriptor was produced."
M4_PLUS_PHYSICS,CHEMISTRY,Measured_Composition_Method,CONTROL_ONLY_NOT_MODEL_FEATURE,Required source/method/scope control; retained in the manifest but excluded from candidate and complete-case counts.,6,11.76,"Retain for audit, descriptive context, and eligibility control; never use as an ordinary predictor.",CONTROL_ONLY_NEVER_MODEL_FEATURE,"Raw source column only; no imputation, encoding, normalization, conflict resolution, or derived descriptor was produced."
M4_PLUS_PHYSICS,CHEMISTRY,Composition_Status,CONTROL_ONLY_NOT_MODEL_FEATURE,Required source/method/scope control; retained in the manifest but excluded from candidate and complete-case counts.,8,15.69,"Retain for audit, descriptive context, and eligibility control; never use as an ordinary predictor.",CONTROL_ONLY_NEVER_MODEL_FEATURE,"Raw source column only; no imputation, encoding, normalization, conflict resolution, or derived descriptor was produced."
M4_PLUS_PHYSICS,PROCESSING,Cold_Roll_Reduction_Status,CONTROL_ONLY_NOT_MODEL_FEATURE,Required source/method/scope control; retained in the manifest but excluded from candidate and complete-case counts.,5,9.8,"Retain for audit, descriptive context, and eligibility control; never use as an ordinary predictor.",CONTROL_ONLY_NEVER_MODEL_FEATURE,"Raw source column only; no imputation, encoding, normalization, conflict resolution, or derived descriptor was produced."
M4_PLUS_PHYSICS,TEST_CONDITIONS,Test_T_Status,CONTROL_ONLY_NOT_MODEL_FEATURE,Required source/method/scope control; retained in the manifest but excluded from candidate and complete-case counts.,5,9.8,"Retain for audit, descriptive context, and eligibility control; never use as an ordinary predictor.",CONTROL_ONLY_NEVER_MODEL_FEATURE,"Raw source column only; no imputation, encoding, normalization, conflict resolution, or derived descriptor was produced."
M4_PLUS_PHYSICS,PHYSICS_THERMODYNAMICS,SFE_Value_Status,CONTROL_ONLY_NOT_MODEL_FEATURE,Required source/method/scope control; retained in the manifest but excluded from candidate and complete-case counts.,2,3.92,"Retain for audit, descriptive context, and eligibility control; never use as an ordinary predictor.",CONTROL_ONLY_NEVER_MODEL_FEATURE,"Raw source column only; no imputation, encoding, normalization, conflict resolution, or derived descriptor was produced."
M4_PLUS_PHYSICS,PHYSICS_THERMODYNAMICS,SFE_Data_Origin,CONTROL_ONLY_NOT_MODEL_FEATURE,Required source/method/scope control; retained in the manifest but excluded from candidate and complete-case counts.,2,3.92,"Retain for audit, descriptive context, and eligibility control; never use as an ordinary predictor.",CONTROL_ONLY_NEVER_MODEL_FEATURE,"Raw source column only; no imputation, encoding, normalization, conflict resolution, or derived descriptor was produced."
M5_PLUS_INITIAL_MICROSTRUCTURE,CHEMISTRY,Original_Composition,CANDIDATE_OPTIONAL_V1,"Pre-test and scientifically relevant, but representation, applicability, coverage, or method heterogeneity prevents CORE_V1 status.",36,70.59,May combine nominal and measured text; retain basis and never silently parse or normalize.,LEAKAGE_FREE_ONLY_WITH_SCOPE_GATE,"Raw source column only; no imputation, encoding, normalization, conflict resolution, or derived descriptor was produced."
M5_PLUS_INITIAL_MICROSTRUCTURE,CHEMISTRY,Composition_basis,CANDIDATE_OPTIONAL_V1,"Pre-test and scientifically relevant, but representation, applicability, coverage, or method heterogeneity prevents CORE_V1 status.",42,82.35,Interpretation control; measured and nominal chemistry must remain distinguishable.,LEAKAGE_FREE_ONLY_WITH_SCOPE_GATE,"Raw source column only; no imputation, encoding, normalization, conflict resolution, or derived descriptor was produced."
M5_PLUS_INITIAL_MICROSTRUCTURE,CHEMISTRY,Fe_at%,CANDIDATE_CORE_V1,Central alloy chemistry with broad direct coverage; missing remains NA.,42,82.35,Retain source basis and scope; measured bulk is preferred over nominal only under the documented future policy.,LEAKAGE_FREE_DIRECT,"Raw source column only; no imputation, encoding, normalization, conflict resolution, or derived descriptor was produced."
M5_PLUS_INITIAL_MICROSTRUCTURE,CHEMISTRY,Mn_at%,CANDIDATE_CORE_V1,Mechanism-relevant matrix chemistry with broad direct coverage; missing remains NA.,42,82.35,Retain source basis and scope; measured bulk is preferred over nominal only under the documented future policy.,LEAKAGE_FREE_DIRECT,"Raw source column only; no imputation, encoding, normalization, conflict resolution, or derived descriptor was produced."
M5_PLUS_INITIAL_MICROSTRUCTURE,CHEMISTRY,Co_at%,CANDIDATE_CORE_V1,Central multicomponent chemistry with broad direct coverage; missing remains NA.,40,78.43,Retain source basis and scope; measured bulk is preferred over nominal only under the documented future policy.,LEAKAGE_FREE_DIRECT,"Raw source column only; no imputation, encoding, normalization, conflict resolution, or derived descriptor was produced."
M5_PLUS_INITIAL_MICROSTRUCTURE,CHEMISTRY,Cr_at%,CANDIDATE_CORE_V1,Central multicomponent chemistry with broad direct coverage; missing remains NA.,42,82.35,Retain source basis and scope; measured bulk is preferred over nominal only under the documented future policy.,LEAKAGE_FREE_DIRECT,"Raw source column only; no imputation, encoding, normalization, conflict resolution, or derived descriptor was produced."
M5_PLUS_INITIAL_MICROSTRUCTURE,CHEMISTRY,Ni_at%,CANDIDATE_OPTIONAL_V1,"Pre-test and scientifically relevant, but representation, applicability, coverage, or method heterogeneity prevents CORE_V1 status.",18,35.29,Retain source basis and scope; measured bulk is preferred over nominal only under the documented future policy.,LEAKAGE_FREE_DIRECT,"Raw source column only; no imputation, encoding, normalization, conflict resolution, or derived descriptor was produced."
M5_PLUS_INITIAL_MICROSTRUCTURE,CHEMISTRY,N_at%,CANDIDATE_OPTIONAL_V1,"Pre-test and scientifically relevant, but representation, applicability, coverage, or method heterogeneity prevents CORE_V1 status.",1,1.96,Retain source basis and scope; measured bulk is preferred over nominal only under the documented future policy.,LEAKAGE_FREE_DIRECT,"Raw source column only; no imputation, encoding, normalization, conflict resolution, or derived descriptor was produced."
M5_PLUS_INITIAL_MICROSTRUCTURE,CHEMISTRY,C_at%,CANDIDATE_OPTIONAL_V1,"Pre-test and scientifically relevant, but representation, applicability, coverage, or method heterogeneity prevents CORE_V1 status.",9,17.65,Retain source basis and scope; measured bulk is preferred over nominal only under the documented future policy.,LEAKAGE_FREE_DIRECT,"Raw source column only; no imputation, encoding, normalization, conflict resolution, or derived descriptor was produced."
M5_PLUS_INITIAL_MICROSTRUCTURE,CHEMISTRY,Mo_at%,CANDIDATE_OPTIONAL_V1,"Pre-test and scientifically relevant, but representation, applicability, coverage, or method heterogeneity prevents CORE_V1 status.",7,13.73,Retain source basis and scope; measured bulk is preferred over nominal only under the documented future policy.,LEAKAGE_FREE_DIRECT,"Raw source column only; no imputation, encoding, normalization, conflict resolution, or derived descriptor was produced."
M5_PLUS_INITIAL_MICROSTRUCTURE,CHEMISTRY,Si_at%,CANDIDATE_OPTIONAL_V1,"Pre-test and scientifically relevant, but representation, applicability, coverage, or method heterogeneity prevents CORE_V1 status.",3,5.88,Retain source basis and scope; measured bulk is preferred over nominal only under the documented future policy.,LEAKAGE_FREE_DIRECT,"Raw source column only; no imputation, encoding, normalization, conflict resolution, or derived descriptor was produced."
M5_PLUS_INITIAL_MICROSTRUCTURE,CHEMISTRY,Ti_at%,CANDIDATE_OPTIONAL_V1,"Pre-test and scientifically relevant, but representation, applicability, coverage, or method heterogeneity prevents CORE_V1 status.",5,9.8,Retain source basis and scope; measured bulk is preferred over nominal only under the documented future policy.,LEAKAGE_FREE_DIRECT,"Raw source column only; no imputation, encoding, normalization, conflict resolution, or derived descriptor was produced."
M5_PLUS_INITIAL_MICROSTRUCTURE,CHEMISTRY,V_at%,CANDIDATE_OPTIONAL_V1,"Pre-test and scientifically relevant, but representation, applicability, coverage, or method heterogeneity prevents CORE_V1 status.",5,9.8,Retain source basis and scope; measured bulk is preferred over nominal only under the documented future policy.,LEAKAGE_FREE_DIRECT,"Raw source column only; no imputation, encoding, normalization, conflict resolution, or derived descriptor was produced."
M5_PLUS_INITIAL_MICROSTRUCTURE,CHEMISTRY,Other_elements,CANDIDATE_OPTIONAL_V1,"Pre-test and scientifically relevant, but representation, applicability, coverage, or method heterogeneity prevents CORE_V1 status.",0,0.0,Retain source basis and scope; measured bulk is preferred over nominal only under the documented future policy.,LEAKAGE_FREE_ONLY_WITH_SCOPE_GATE,"Raw source column only; no imputation, encoding, normalization, conflict resolution, or derived descriptor was produced."
M5_PLUS_INITIAL_MICROSTRUCTURE,PROCESSING,Processing_route,CANDIDATE_CORE_V1,Processing history is scientifically essential and broadly reported; raw text remains unencoded.,42,82.35,Must describe processing completed before the tensile test; route text is not encoded in this task.,LEAKAGE_FREE_DIRECT,"Raw source column only; no imputation, encoding, normalization, conflict resolution, or derived descriptor was produced."
M5_PLUS_INITIAL_MICROSTRUCTURE,PROCESSING,Cast_method,CANDIDATE_OPTIONAL_V1,"Pre-test and scientifically relevant, but representation, applicability, coverage, or method heterogeneity prevents CORE_V1 status.",30,58.82,Must describe processing completed before the tensile test; route text is not encoded in this task.,LEAKAGE_FREE_DIRECT,"Raw source column only; no imputation, encoding, normalization, conflict resolution, or derived descriptor was produced."
M5_PLUS_INITIAL_MICROSTRUCTURE,PROCESSING,Homogenization_T_K,CANDIDATE_OPTIONAL_V1,"Pre-test and scientifically relevant, but representation, applicability, coverage, or method heterogeneity prevents CORE_V1 status.",32,62.75,Must describe processing completed before the tensile test; route text is not encoded in this task.,LEAKAGE_FREE_DIRECT,"Raw source column only; no imputation, encoding, normalization, conflict resolution, or derived descriptor was produced."
M5_PLUS_INITIAL_MICROSTRUCTURE,PROCESSING,Homogenization_time_h,CANDIDATE_OPTIONAL_V1,"Pre-test and scientifically relevant, but representation, applicability, coverage, or method heterogeneity prevents CORE_V1 status.",32,62.75,Must describe processing completed before the tensile test; route text is not encoded in this task.,LEAKAGE_FREE_DIRECT,"Raw source column only; no imputation, encoding, normalization, conflict resolution, or derived descriptor was produced."
M5_PLUS_INITIAL_MICROSTRUCTURE,PROCESSING,Hot_rolling_T_K,CANDIDATE_OPTIONAL_V1,"Pre-test and scientifically relevant, but representation, applicability, coverage, or method heterogeneity prevents CORE_V1 status.",22,43.14,Must describe processing completed before the tensile test; route text is not encoded in this task.,LEAKAGE_FREE_DIRECT,"Raw source column only; no imputation, encoding, normalization, conflict resolution, or derived descriptor was produced."
M5_PLUS_INITIAL_MICROSTRUCTURE,PROCESSING,Hot_rolling_reduction_pct,CANDIDATE_OPTIONAL_V1,"Pre-test and scientifically relevant, but representation, applicability, coverage, or method heterogeneity prevents CORE_V1 status.",22,43.14,Must describe processing completed before the tensile test; route text is not encoded in this task.,LEAKAGE_FREE_DIRECT,"Raw source column only; no imputation, encoding, normalization, conflict resolution, or derived descriptor was produced."
M5_PLUS_INITIAL_MICROSTRUCTURE,PROCESSING,Cold_rolling_reduction_pct,CANDIDATE_OPTIONAL_V1,"Pre-test and scientifically relevant, but representation, applicability, coverage, or method heterogeneity prevents CORE_V1 status.",35,68.63,Must describe processing completed before the tensile test; route text is not encoded in this task.,LEAKAGE_FREE_DIRECT,"Raw source column only; no imputation, encoding, normalization, conflict resolution, or derived descriptor was produced."
M5_PLUS_INITIAL_MICROSTRUCTURE,PROCESSING,Annealing_T_K,CANDIDATE_OPTIONAL_V1,"Pre-test and scientifically relevant, but representation, applicability, coverage, or method heterogeneity prevents CORE_V1 status.",41,80.39,Must describe processing completed before the tensile test; route text is not encoded in this task.,LEAKAGE_FREE_DIRECT,"Raw source column only; no imputation, encoding, normalization, conflict resolution, or derived descriptor was produced."
M5_PLUS_INITIAL_MICROSTRUCTURE,PROCESSING,Annealing_time_min,CANDIDATE_OPTIONAL_V1,"Pre-test and scientifically relevant, but representation, applicability, coverage, or method heterogeneity prevents CORE_V1 status.",37,72.55,Must describe processing completed before the tensile test; route text is not encoded in this task.,LEAKAGE_FREE_DIRECT,"Raw source column only; no imputation, encoding, normalization, conflict resolution, or derived descriptor was produced."
M5_PLUS_INITIAL_MICROSTRUCTURE,PROCESSING,Cooling_route,CANDIDATE_OPTIONAL_V1,"Pre-test and scientifically relevant, but representation, applicability, coverage, or method heterogeneity prevents CORE_V1 status.",27,52.94,Must describe processing completed before the tensile test; route text is not encoded in this task.,LEAKAGE_FREE_DIRECT,"Raw source column only; no imputation, encoding, normalization, conflict resolution, or derived descriptor was produced."
M5_PLUS_INITIAL_MICROSTRUCTURE,TEST_CONDITIONS,Test_T_K,CANDIDATE_CORE_V1,Planned temperature is mechanism-defining and available before loading.,33,64.71,Must be a planned condition known before loading; no missing temperature/rate is inferred.,LEAKAGE_FREE_DIRECT,"Raw source column only; no imputation, encoding, normalization, conflict resolution, or derived descriptor was produced."
M5_PLUS_INITIAL_MICROSTRUCTURE,TEST_CONDITIONS,Strain_rate_s-1,CANDIDATE_CORE_V1,Planned rate is mechanism-defining and available before loading.,47,92.16,Must be a planned condition known before loading; no missing temperature/rate is inferred.,LEAKAGE_FREE_DIRECT,"Raw source column only; no imputation, encoding, normalization, conflict resolution, or derived descriptor was produced."
M5_PLUS_INITIAL_MICROSTRUCTURE,INITIAL_MICROSTRUCTURE,Grain_size_um,CANDIDATE_CORE_V1,Initial grain size is mechanistically relevant with useful direct coverage; method/scope remain controlled.,34,66.67,"Must be explicitly pre-test; preserve method, phase, and initial-versus-deformed scope.",LEAKAGE_FREE_DIRECT,"Raw source column only; no imputation, encoding, normalization, conflict resolution, or derived descriptor was produced."
M5_PLUS_INITIAL_MICROSTRUCTURE,INITIAL_MICROSTRUCTURE,Grain_size_SD_um,CANDIDATE_OPTIONAL_V1,"Pre-test and scientifically relevant, but representation, applicability, coverage, or method heterogeneity prevents CORE_V1 status.",9,17.65,"Must be explicitly pre-test; preserve method, phase, and initial-versus-deformed scope.",LEAKAGE_FREE_ONLY_WITH_SCOPE_GATE,"Raw source column only; no imputation, encoding, normalization, conflict resolution, or derived descriptor was produced."
M5_PLUS_INITIAL_MICROSTRUCTURE,INITIAL_MICROSTRUCTURE,Initial_FCC_fraction,CANDIDATE_OPTIONAL_V1,"Pre-test and scientifically relevant, but representation, applicability, coverage, or method heterogeneity prevents CORE_V1 status.",27,52.94,"Must be explicitly pre-test; preserve method, phase, and initial-versus-deformed scope.",LEAKAGE_FREE_DIRECT,"Raw source column only; no imputation, encoding, normalization, conflict resolution, or derived descriptor was produced."
M5_PLUS_INITIAL_MICROSTRUCTURE,INITIAL_MICROSTRUCTURE,Initial_HCP_fraction,CANDIDATE_OPTIONAL_V1,"Pre-test and scientifically relevant, but representation, applicability, coverage, or method heterogeneity prevents CORE_V1 status.",31,60.78,Pre-existing/thermal/processing HCP only; never establish tensile TRIP.,LEAKAGE_FREE_DIRECT,"Raw source column only; no imputation, encoding, normalization, conflict resolution, or derived descriptor was produced."
M5_PLUS_INITIAL_MICROSTRUCTURE,INITIAL_MICROSTRUCTURE,Initial_twin_boundary_status,CANDIDATE_OPTIONAL_V1,"Pre-test and scientifically relevant, but representation, applicability, coverage, or method heterogeneity prevents CORE_V1 status.",26,50.98,Initial/annealing twins may be predictors but never establish deformation TWIP.,LEAKAGE_FREE_ONLY_WITH_SCOPE_GATE,"Raw source column only; no imputation, encoding, normalization, conflict resolution, or derived descriptor was produced."
M5_PLUS_INITIAL_MICROSTRUCTURE,PHYSICS_THERMODYNAMICS,SFE_mJ_m2,CANDIDATE_EXPLORATORY_LATER,Physics descriptor is method/temperature/phase sensitive and too sparse or heterogeneous for the initial baseline.,21,41.18,"Require row-level method, structure, temperature, paper/current-reference, and experimental/computational scope.",LEAKAGE_FREE_ONLY_WITH_SCOPE_GATE,"Raw source column only; no imputation, encoding, normalization, conflict resolution, or derived descriptor was produced."
M5_PLUS_INITIAL_MICROSTRUCTURE,PHYSICS_THERMODYNAMICS,SFE_error_mJ_m2,CANDIDATE_EXPLORATORY_LATER,Physics descriptor is method/temperature/phase sensitive and too sparse or heterogeneous for the initial baseline.,0,0.0,"Require method, phase/structure, temperature, and source-domain matching; no cross-paper transfer.",LEAKAGE_FREE_ONLY_WITH_SCOPE_GATE,"Raw source column only; no imputation, encoding, normalization, conflict resolution, or derived descriptor was produced."
M5_PLUS_INITIAL_MICROSTRUCTURE,PHYSICS_THERMODYNAMICS,DeltaG_FCC_HCP_J_mol,CANDIDATE_EXPLORATORY_LATER,Physics descriptor is method/temperature/phase sensitive and too sparse or heterogeneous for the initial baseline.,9,17.65,"Require alloy, paper, calculation method, and temperature match; never transfer across papers/alloys.",LEAKAGE_FREE_ONLY_WITH_SCOPE_GATE,"Raw source column only; no imputation, encoding, normalization, conflict resolution, or derived descriptor was produced."
M5_PLUS_INITIAL_MICROSTRUCTURE,PHYSICS_THERMODYNAMICS,Elastic_modulus_GPa,CANDIDATE_EXPLORATORY_LATER,Physics descriptor is method/temperature/phase sensitive and too sparse or heterogeneous for the initial baseline.,4,7.84,"Require method, phase/structure, temperature, and source-domain matching; no cross-paper transfer.",LEAKAGE_FREE_ONLY_WITH_SCOPE_GATE,"Raw source column only; no imputation, encoding, normalization, conflict resolution, or derived descriptor was produced."
M5_PLUS_INITIAL_MICROSTRUCTURE,PHYSICS_THERMODYNAMICS,Shear_modulus_GPa,CANDIDATE_EXPLORATORY_LATER,Physics descriptor is method/temperature/phase sensitive and too sparse or heterogeneous for the initial baseline.,3,5.88,"Require method, phase/structure, temperature, and source-domain matching; no cross-paper transfer.",LEAKAGE_FREE_ONLY_WITH_SCOPE_GATE,"Raw source column only; no imputation, encoding, normalization, conflict resolution, or derived descriptor was produced."
M5_PLUS_INITIAL_MICROSTRUCTURE,PHYSICS_THERMODYNAMICS,Poisson_ratio,CANDIDATE_EXPLORATORY_LATER,Physics descriptor is method/temperature/phase sensitive and too sparse or heterogeneous for the initial baseline.,3,5.88,"Require method, phase/structure, temperature, and source-domain matching; no cross-paper transfer.",LEAKAGE_FREE_ONLY_WITH_SCOPE_GATE,"Raw source column only; no imputation, encoding, normalization, conflict resolution, or derived descriptor was produced."
M5_PLUS_INITIAL_MICROSTRUCTURE,PHYSICS_THERMODYNAMICS,Lattice_parameter_nm,CANDIDATE_EXPLORATORY_LATER,Physics descriptor is method/temperature/phase sensitive and too sparse or heterogeneous for the initial baseline.,3,5.88,"Require method, phase/structure, temperature, and source-domain matching; no cross-paper transfer.",LEAKAGE_FREE_ONLY_WITH_SCOPE_GATE,"Raw source column only; no imputation, encoding, normalization, conflict resolution, or derived descriptor was produced."
M5_PLUS_INITIAL_MICROSTRUCTURE,PHYSICS_THERMODYNAMICS,CSRO_present,CANDIDATE_EXPLORATORY_LATER,Physics descriptor is method/temperature/phase sensitive and too sparse or heterogeneous for the initial baseline.,3,5.88,"Require method, phase/structure, temperature, and source-domain matching; no cross-paper transfer.",LEAKAGE_FREE_ONLY_WITH_SCOPE_GATE,"Raw source column only; no imputation, encoding, normalization, conflict resolution, or derived descriptor was produced."
M5_PLUS_INITIAL_MICROSTRUCTURE,INITIAL_MICROSTRUCTURE,Recovered_Grain_size_um,CANDIDATE_OPTIONAL_V1,"Pre-test and scientifically relevant, but representation, applicability, coverage, or method heterogeneity prevents CORE_V1 status.",6,11.76,"Must be explicitly pre-test; preserve method, phase, and initial-versus-deformed scope.",LEAKAGE_FREE_DIRECT,"Raw source column only; no imputation, encoding, normalization, conflict resolution, or derived descriptor was produced."
M5_PLUS_INITIAL_MICROSTRUCTURE,PHYSICS_THERMODYNAMICS,Recovered_ISFE_DFT_0K_mJ_m2,CANDIDATE_EXPLORATORY_LATER,Physics descriptor is method/temperature/phase sensitive and too sparse or heterogeneous for the initial baseline.,0,0.0,"DFT intrinsic SFE at 0 K; future physics ablation only, never generic experimental SFE.",LEAKAGE_FREE_ONLY_WITH_SCOPE_GATE,"Raw source column only; no imputation, encoding, normalization, conflict resolution, or derived descriptor was produced."
M5_PLUS_INITIAL_MICROSTRUCTURE,PHYSICS_THERMODYNAMICS,Recovered_DeltaG_FCC_HCP_300K_J_mol,CANDIDATE_EXPLORATORY_LATER,Physics descriptor is method/temperature/phase sensitive and too sparse or heterogeneous for the initial baseline.,0,0.0,"Thermo-Calc value at 300 K only; never transfer across temperature, alloy, or paper.",LEAKAGE_FREE_ONLY_WITH_SCOPE_GATE,"Raw source column only; no imputation, encoding, normalization, conflict resolution, or derived descriptor was produced."
M5_PLUS_INITIAL_MICROSTRUCTURE,INITIAL_MICROSTRUCTURE,Recovered_Initial_FCC_fraction,CANDIDATE_OPTIONAL_V1,"Pre-test and scientifically relevant, but representation, applicability, coverage, or method heterogeneity prevents CORE_V1 status.",5,9.8,"Must be explicitly pre-test; preserve method, phase, and initial-versus-deformed scope.",LEAKAGE_FREE_DIRECT,"Raw source column only; no imputation, encoding, normalization, conflict resolution, or derived descriptor was produced."
M5_PLUS_INITIAL_MICROSTRUCTURE,INITIAL_MICROSTRUCTURE,Recovered_Initial_HCP_fraction,CANDIDATE_OPTIONAL_V1,"Pre-test and scientifically relevant, but representation, applicability, coverage, or method heterogeneity prevents CORE_V1 status.",11,21.57,Pre-test HCP only; never promote processing or thermal martensite to a tensile target.,LEAKAGE_FREE_DIRECT,"Raw source column only; no imputation, encoding, normalization, conflict resolution, or derived descriptor was produced."
M5_PLUS_INITIAL_MICROSTRUCTURE,INITIAL_MICROSTRUCTURE,Recovered_Recrystallized_fraction,CANDIDATE_EXPLORATORY_LATER,"Scientifically relevant but local/scope-specific, sparse, or method-heterogeneous; reserve for controlled ablation.",3,5.88,"Must be explicitly pre-test; preserve method, phase, and initial-versus-deformed scope.",LEAKAGE_FREE_DIRECT,"Raw source column only; no imputation, encoding, normalization, conflict resolution, or derived descriptor was produced."
M5_PLUS_INITIAL_MICROSTRUCTURE,PROCESSING,P008_Source_State,CANDIDATE_OPTIONAL_V1,"Pre-test and scientifically relevant, but representation, applicability, coverage, or method heterogeneity prevents CORE_V1 status.",6,11.76,Must describe processing completed before the tensile test; route text is not encoded in this task.,LEAKAGE_FREE_ONLY_WITH_SCOPE_GATE,"Raw source column only; no imputation, encoding, normalization, conflict resolution, or derived descriptor was produced."
M5_PLUS_INITIAL_MICROSTRUCTURE,CHEMISTRY,Recovered_Bulk_Composition_at_pct,CANDIDATE_OPTIONAL_V1,"Pre-test and scientifically relevant, but representation, applicability, coverage, or method heterogeneity prevents CORE_V1 status.",6,11.76,Use only when explicitly specimen/material bulk; never substitute local or feedstock chemistry.,LEAKAGE_FREE_DIRECT,"Raw source column only; no imputation, encoding, normalization, conflict resolution, or derived descriptor was produced."
M5_PLUS_INITIAL_MICROSTRUCTURE,PROCESSING,Recovered_Processing_route,CANDIDATE_OPTIONAL_V1,"Pre-test and scientifically relevant, but representation, applicability, coverage, or method heterogeneity prevents CORE_V1 status.",6,11.76,Must describe processing completed before the tensile test; route text is not encoded in this task.,LEAKAGE_FREE_DIRECT,"Raw source column only; no imputation, encoding, normalization, conflict resolution, or derived descriptor was produced."
M5_PLUS_INITIAL_MICROSTRUCTURE,TEST_CONDITIONS,Recovered_Test_T_Reported,CANDIDATE_OPTIONAL_V1,"Pre-test and scientifically relevant, but representation, applicability, coverage, or method heterogeneity prevents CORE_V1 status.",9,17.65,Raw reported temperature; no numeric inference or standardization in V1.,LEAKAGE_FREE_ONLY_WITH_SCOPE_GATE,"Raw source column only; no imputation, encoding, normalization, conflict resolution, or derived descriptor was produced."
M5_PLUS_INITIAL_MICROSTRUCTURE,INITIAL_MICROSTRUCTURE,Initial_BCC_alpha_martensite_fraction,CANDIDATE_OPTIONAL_V1,"Pre-test and scientifically relevant, but representation, applicability, coverage, or method heterogeneity prevents CORE_V1 status.",3,5.88,Pre-test BCC alpha state; keep separate from HCP and tensile TRIP.,LEAKAGE_FREE_ONLY_WITH_SCOPE_GATE,"Raw source column only; no imputation, encoding, normalization, conflict resolution, or derived descriptor was produced."
M5_PLUS_INITIAL_MICROSTRUCTURE,PHYSICS_THERMODYNAMICS,SFE_value_alloy_level_mJ_m2,CANDIDATE_EXPLORATORY_LATER,Physics descriptor is method/temperature/phase sensitive and too sparse or heterogeneous for the initial baseline.,6,11.76,Alloy-level value; do not duplicate across conditions without a predeclared scope rule.,LEAKAGE_FREE_ONLY_WITH_SCOPE_GATE,"Raw source column only; no imputation, encoding, normalization, conflict resolution, or derived descriptor was produced."
M5_PLUS_INITIAL_MICROSTRUCTURE,INITIAL_MICROSTRUCTURE,Alpha_lath_thickness,CANDIDATE_EXPLORATORY_LATER,"Scientifically relevant but local/scope-specific, sparse, or method-heterogeneous; reserve for controlled ablation.",1,1.96,"Must be explicitly pre-test; preserve method, phase, and initial-versus-deformed scope.",LEAKAGE_FREE_ONLY_WITH_SCOPE_GATE,"Raw source column only; no imputation, encoding, normalization, conflict resolution, or derived descriptor was produced."
M5_PLUS_INITIAL_MICROSTRUCTURE,INITIAL_MICROSTRUCTURE,Alpha_lath_spacing,CANDIDATE_EXPLORATORY_LATER,"Scientifically relevant but local/scope-specific, sparse, or method-heterogeneous; reserve for controlled ablation.",1,1.96,"Must be explicitly pre-test; preserve method, phase, and initial-versus-deformed scope.",LEAKAGE_FREE_ONLY_WITH_SCOPE_GATE,"Raw source column only; no imputation, encoding, normalization, conflict resolution, or derived descriptor was produced."
M5_PLUS_INITIAL_MICROSTRUCTURE,INITIAL_MICROSTRUCTURE,Recovery_twin_fraction,CANDIDATE_EXPLORATORY_LATER,"Scientifically relevant but local/scope-specific, sparse, or method-heterogeneous; reserve for controlled ablation.",1,1.96,"Must be explicitly pre-test; preserve method, phase, and initial-versus-deformed scope.",LEAKAGE_FREE_ONLY_WITH_SCOPE_GATE,"Raw source column only; no imputation, encoding, normalization, conflict resolution, or derived descriptor was produced."
M5_PLUS_INITIAL_MICROSTRUCTURE,INITIAL_MICROSTRUCTURE,Recovery_twin_thickness,CANDIDATE_EXPLORATORY_LATER,"Scientifically relevant but local/scope-specific, sparse, or method-heterogeneous; reserve for controlled ablation.",1,1.96,"Must be explicitly pre-test; preserve method, phase, and initial-versus-deformed scope.",LEAKAGE_FREE_ONLY_WITH_SCOPE_GATE,"Raw source column only; no imputation, encoding, normalization, conflict resolution, or derived descriptor was produced."
M5_PLUS_INITIAL_MICROSTRUCTURE,INITIAL_MICROSTRUCTURE,Recovery_twin_spacing_observed,CANDIDATE_EXPLORATORY_LATER,"Scientifically relevant but local/scope-specific, sparse, or method-heterogeneous; reserve for controlled ablation.",1,1.96,"Must be explicitly pre-test; preserve method, phase, and initial-versus-deformed scope.",LEAKAGE_FREE_ONLY_WITH_SCOPE_GATE,"Raw source column only; no imputation, encoding, normalization, conflict resolution, or derived descriptor was produced."
M5_PLUS_INITIAL_MICROSTRUCTURE,INITIAL_MICROSTRUCTURE,Recovery_twin_spacing_fraction_input_nm,CANDIDATE_EXPLORATORY_LATER,"Scientifically relevant but local/scope-specific, sparse, or method-heterogeneous; reserve for controlled ablation.",1,1.96,"Must be explicitly pre-test; preserve method, phase, and initial-versus-deformed scope.",LEAKAGE_FREE_ONLY_WITH_SCOPE_GATE,"Raw source column only; no imputation, encoding, normalization, conflict resolution, or derived descriptor was produced."
M5_PLUS_INITIAL_MICROSTRUCTURE,INITIAL_MICROSTRUCTURE,Precipitate_type,CANDIDATE_EXPLORATORY_LATER,"Scientifically relevant but local/scope-specific, sparse, or method-heterogeneous; reserve for controlled ablation.",1,1.96,"Must be explicitly pre-test; preserve method, phase, and initial-versus-deformed scope.",LEAKAGE_FREE_ONLY_WITH_SCOPE_GATE,"Raw source column only; no imputation, encoding, normalization, conflict resolution, or derived descriptor was produced."
M5_PLUS_INITIAL_MICROSTRUCTURE,CHEMISTRY,APT_local_composition,CANDIDATE_EXPLORATORY_LATER,"Scientifically relevant but local/scope-specific, sparse, or method-heterogeneous; reserve for controlled ablation.",1,1.96,Local APT chemistry only; not bulk composition.,LEAKAGE_FREE_ONLY_WITH_SCOPE_GATE,"Raw source column only; no imputation, encoding, normalization, conflict resolution, or derived descriptor was produced."
M5_PLUS_INITIAL_MICROSTRUCTURE,CHEMISTRY,EDS_local_composition,CANDIDATE_EXPLORATORY_LATER,"Scientifically relevant but local/scope-specific, sparse, or method-heterogeneous; reserve for controlled ablation.",1,1.96,Local EDS chemistry only; not bulk composition.,LEAKAGE_FREE_ONLY_WITH_SCOPE_GATE,"Raw source column only; no imputation, encoding, normalization, conflict resolution, or derived descriptor was produced."
M5_PLUS_INITIAL_MICROSTRUCTURE,CHEMISTRY,Nominal_Composition_at_pct,CANDIDATE_OPTIONAL_V1,"Pre-test and scientifically relevant, but representation, applicability, coverage, or method heterogeneity prevents CORE_V1 status.",17,33.33,Nominal chemistry only; do not overwrite with measured chemistry.,LEAKAGE_FREE_DIRECT,"Raw source column only; no imputation, encoding, normalization, conflict resolution, or derived descriptor was produced."
M5_PLUS_INITIAL_MICROSTRUCTURE,CHEMISTRY,Cr_at%_uncertainty,CANDIDATE_EXPLORATORY_LATER,"Scientifically relevant but local/scope-specific, sparse, or method-heterogeneous; reserve for controlled ablation.",3,5.88,Retain source basis and scope; measured bulk is preferred over nominal only under the documented future policy.,LEAKAGE_FREE_ONLY_WITH_SCOPE_GATE,"Raw source column only; no imputation, encoding, normalization, conflict resolution, or derived descriptor was produced."
M5_PLUS_INITIAL_MICROSTRUCTURE,CHEMISTRY,Mn_at%_uncertainty,CANDIDATE_EXPLORATORY_LATER,"Scientifically relevant but local/scope-specific, sparse, or method-heterogeneous; reserve for controlled ablation.",3,5.88,Retain source basis and scope; measured bulk is preferred over nominal only under the documented future policy.,LEAKAGE_FREE_ONLY_WITH_SCOPE_GATE,"Raw source column only; no imputation, encoding, normalization, conflict resolution, or derived descriptor was produced."
M5_PLUS_INITIAL_MICROSTRUCTURE,CHEMISTRY,Fe_at%_uncertainty,CANDIDATE_EXPLORATORY_LATER,"Scientifically relevant but local/scope-specific, sparse, or method-heterogeneous; reserve for controlled ablation.",3,5.88,Retain source basis and scope; measured bulk is preferred over nominal only under the documented future policy.,LEAKAGE_FREE_ONLY_WITH_SCOPE_GATE,"Raw source column only; no imputation, encoding, normalization, conflict resolution, or derived descriptor was produced."
M5_PLUS_INITIAL_MICROSTRUCTURE,CHEMISTRY,Co_at%_uncertainty,CANDIDATE_EXPLORATORY_LATER,"Scientifically relevant but local/scope-specific, sparse, or method-heterogeneous; reserve for controlled ablation.",3,5.88,Retain source basis and scope; measured bulk is preferred over nominal only under the documented future policy.,LEAKAGE_FREE_ONLY_WITH_SCOPE_GATE,"Raw source column only; no imputation, encoding, normalization, conflict resolution, or derived descriptor was produced."
M5_PLUS_INITIAL_MICROSTRUCTURE,CHEMISTRY,Ni_at%_uncertainty,CANDIDATE_EXPLORATORY_LATER,"Scientifically relevant but local/scope-specific, sparse, or method-heterogeneous; reserve for controlled ablation.",3,5.88,Retain source basis and scope; measured bulk is preferred over nominal only under the documented future policy.,LEAKAGE_FREE_ONLY_WITH_SCOPE_GATE,"Raw source column only; no imputation, encoding, normalization, conflict resolution, or derived descriptor was produced."
M5_PLUS_INITIAL_MICROSTRUCTURE,INITIAL_MICROSTRUCTURE,Initial_Phase_State_Qualitative,CANDIDATE_OPTIONAL_V1,"Pre-test and scientifically relevant, but representation, applicability, coverage, or method heterogeneity prevents CORE_V1 status.",12,23.53,"Must be explicitly pre-test; preserve method, phase, and initial-versus-deformed scope.",LEAKAGE_FREE_ONLY_WITH_SCOPE_GATE,"Raw source column only; no imputation, encoding, normalization, conflict resolution, or derived descriptor was produced."
M5_PLUS_INITIAL_MICROSTRUCTURE,PHYSICS_THERMODYNAMICS,Magnetic_transition_T_K,CANDIDATE_EXPLORATORY_LATER,Physics descriptor is method/temperature/phase sensitive and too sparse or heterogeneous for the initial baseline.,3,5.88,"Require method, phase/structure, temperature, and source-domain matching; no cross-paper transfer.",LEAKAGE_FREE_ONLY_WITH_SCOPE_GATE,"Raw source column only; no imputation, encoding, normalization, conflict resolution, or derived descriptor was produced."
M5_PLUS_INITIAL_MICROSTRUCTURE,PHYSICS_THERMODYNAMICS,Low_T_Magnetic_Behavior,CANDIDATE_EXPLORATORY_LATER,Physics descriptor is method/temperature/phase sensitive and too sparse or heterogeneous for the initial baseline.,3,5.88,"Require method, phase/structure, temperature, and source-domain matching; no cross-paper transfer.",LEAKAGE_FREE_ONLY_WITH_SCOPE_GATE,"Raw source column only; no imputation, encoding, normalization, conflict resolution, or derived descriptor was produced."
M5_PLUS_INITIAL_MICROSTRUCTURE,PHYSICS_THERMODYNAMICS,Low_T_Magnetic_Behavior_T_K,CANDIDATE_EXPLORATORY_LATER,Physics descriptor is method/temperature/phase sensitive and too sparse or heterogeneous for the initial baseline.,3,5.88,"Require method, phase/structure, temperature, and source-domain matching; no cross-paper transfer.",LEAKAGE_FREE_ONLY_WITH_SCOPE_GATE,"Raw source column only; no imputation, encoding, normalization, conflict resolution, or derived descriptor was produced."
M5_PLUS_INITIAL_MICROSTRUCTURE,PROCESSING,Sintering_T_C,CANDIDATE_OPTIONAL_V1,"Pre-test and scientifically relevant, but representation, applicability, coverage, or method heterogeneity prevents CORE_V1 status.",4,7.84,Must describe processing completed before the tensile test; route text is not encoded in this task.,LEAKAGE_FREE_DIRECT,"Raw source column only; no imputation, encoding, normalization, conflict resolution, or derived descriptor was produced."
M5_PLUS_INITIAL_MICROSTRUCTURE,INITIAL_MICROSTRUCTURE,Relative_Density_pct,CANDIDATE_OPTIONAL_V1,"Pre-test and scientifically relevant, but representation, applicability, coverage, or method heterogeneity prevents CORE_V1 status.",4,7.84,"Must be explicitly pre-test; preserve method, phase, and initial-versus-deformed scope.",LEAKAGE_FREE_DIRECT,"Raw source column only; no imputation, encoding, normalization, conflict resolution, or derived descriptor was produced."
M5_PLUS_INITIAL_MICROSTRUCTURE,INITIAL_MICROSTRUCTURE,Effective_Grain_Size_Including_TB_PhaseBoundary_um,CANDIDATE_OPTIONAL_V1,"Pre-test and scientifically relevant, but representation, applicability, coverage, or method heterogeneity prevents CORE_V1 status.",4,7.84,"Must be explicitly pre-test; preserve method, phase, and initial-versus-deformed scope.",LEAKAGE_FREE_DIRECT,"Raw source column only; no imputation, encoding, normalization, conflict resolution, or derived descriptor was produced."
M5_PLUS_INITIAL_MICROSTRUCTURE,INITIAL_MICROSTRUCTURE,Initial_Sigma3_TB_fraction,CANDIDATE_OPTIONAL_V1,"Pre-test and scientifically relevant, but representation, applicability, coverage, or method heterogeneity prevents CORE_V1 status.",10,19.61,Initial annealing-twin state only; never establish deformation TWIP.,LEAKAGE_FREE_DIRECT,"Raw source column only; no imputation, encoding, normalization, conflict resolution, or derived descriptor was produced."
M5_PLUS_INITIAL_MICROSTRUCTURE,INITIAL_MICROSTRUCTURE,Initial_Twin_Type,CANDIDATE_OPTIONAL_V1,"Pre-test and scientifically relevant, but representation, applicability, coverage, or method heterogeneity prevents CORE_V1 status.",10,19.61,"Must be explicitly pre-test; preserve method, phase, and initial-versus-deformed scope.",LEAKAGE_FREE_ONLY_WITH_SCOPE_GATE,"Raw source column only; no imputation, encoding, normalization, conflict resolution, or derived descriptor was produced."
M5_PLUS_INITIAL_MICROSTRUCTURE,INITIAL_MICROSTRUCTURE,Mn_Oxide_Area_Fraction,CANDIDATE_OPTIONAL_V1,"Pre-test and scientifically relevant, but representation, applicability, coverage, or method heterogeneity prevents CORE_V1 status.",4,7.84,"Must be explicitly pre-test; preserve method, phase, and initial-versus-deformed scope.",LEAKAGE_FREE_DIRECT,"Raw source column only; no imputation, encoding, normalization, conflict resolution, or derived descriptor was produced."
M5_PLUS_INITIAL_MICROSTRUCTURE,PROCESSING,SPS_Pressure_MPa,CANDIDATE_OPTIONAL_V1,"Pre-test and scientifically relevant, but representation, applicability, coverage, or method heterogeneity prevents CORE_V1 status.",4,7.84,Must describe processing completed before the tensile test; route text is not encoded in this task.,LEAKAGE_FREE_DIRECT,"Raw source column only; no imputation, encoding, normalization, conflict resolution, or derived descriptor was produced."
M5_PLUS_INITIAL_MICROSTRUCTURE,PROCESSING,SPS_Time_min,CANDIDATE_OPTIONAL_V1,"Pre-test and scientifically relevant, but representation, applicability, coverage, or method heterogeneity prevents CORE_V1 status.",4,7.84,Must describe processing completed before the tensile test; route text is not encoded in this task.,LEAKAGE_FREE_DIRECT,"Raw source column only; no imputation, encoding, normalization, conflict resolution, or derived descriptor was produced."
M5_PLUS_INITIAL_MICROSTRUCTURE,PROCESSING,SPS_Vacuum_Pa,CANDIDATE_OPTIONAL_V1,"Pre-test and scientifically relevant, but representation, applicability, coverage, or method heterogeneity prevents CORE_V1 status.",4,7.84,Must describe processing completed before the tensile test; route text is not encoded in this task.,LEAKAGE_FREE_DIRECT,"Raw source column only; no imputation, encoding, normalization, conflict resolution, or derived descriptor was produced."
M5_PLUS_INITIAL_MICROSTRUCTURE,INITIAL_MICROSTRUCTURE,Detwinning,CANDIDATE_OPTIONAL_V1,"Pre-test and scientifically relevant, but representation, applicability, coverage, or method heterogeneity prevents CORE_V1 status.",2,3.92,"Must be explicitly pre-test; preserve method, phase, and initial-versus-deformed scope.",LEAKAGE_FREE_ONLY_WITH_SCOPE_GATE,"Raw source column only; no imputation, encoding, normalization, conflict resolution, or derived descriptor was produced."
M5_PLUS_INITIAL_MICROSTRUCTURE,CHEMISTRY,Feedstock_Composition_at_pct,CANDIDATE_EXPLORATORY_LATER,"Scientifically relevant but local/scope-specific, sparse, or method-heterogeneous; reserve for controlled ablation.",4,7.84,Feedstock scope only; not automatically specimen bulk chemistry.,LEAKAGE_FREE_ONLY_WITH_SCOPE_GATE,"Raw source column only; no imputation, encoding, normalization, conflict resolution, or derived descriptor was produced."
M5_PLUS_INITIAL_MICROSTRUCTURE,CHEMISTRY,Local_EDS_Composition_at_pct,CANDIDATE_EXPLORATORY_LATER,"Scientifically relevant but local/scope-specific, sparse, or method-heterogeneous; reserve for controlled ablation.",2,3.92,Local/scanned-region EDS only; not bulk composition.,LEAKAGE_FREE_ONLY_WITH_SCOPE_GATE,"Raw source column only; no imputation, encoding, normalization, conflict resolution, or derived descriptor was produced."
M5_PLUS_INITIAL_MICROSTRUCTURE,PHYSICS_THERMODYNAMICS,FCC_lattice_a_XRD_A,CANDIDATE_EXPLORATORY_LATER,Physics descriptor is method/temperature/phase sensitive and too sparse or heterogeneous for the initial baseline.,10,19.61,"Require method, phase/structure, temperature, and source-domain matching; no cross-paper transfer.",LEAKAGE_FREE_ONLY_WITH_SCOPE_GATE,"Raw source column only; no imputation, encoding, normalization, conflict resolution, or derived descriptor was produced."
M5_PLUS_INITIAL_MICROSTRUCTURE,PHYSICS_THERMODYNAMICS,HCP_lattice_a_XRD_A,CANDIDATE_EXPLORATORY_LATER,Physics descriptor is method/temperature/phase sensitive and too sparse or heterogeneous for the initial baseline.,5,9.8,"Require method, phase/structure, temperature, and source-domain matching; no cross-paper transfer.",LEAKAGE_FREE_ONLY_WITH_SCOPE_GATE,"Raw source column only; no imputation, encoding, normalization, conflict resolution, or derived descriptor was produced."
M5_PLUS_INITIAL_MICROSTRUCTURE,PHYSICS_THERMODYNAMICS,HCP_lattice_c_XRD_A,CANDIDATE_EXPLORATORY_LATER,Physics descriptor is method/temperature/phase sensitive and too sparse or heterogeneous for the initial baseline.,5,9.8,"Require method, phase/structure, temperature, and source-domain matching; no cross-paper transfer.",LEAKAGE_FREE_ONLY_WITH_SCOPE_GATE,"Raw source column only; no imputation, encoding, normalization, conflict resolution, or derived descriptor was produced."
M5_PLUS_INITIAL_MICROSTRUCTURE,INITIAL_MICROSTRUCTURE,KAM_mean_deg,CANDIDATE_EXPLORATORY_LATER,"Scientifically relevant but local/scope-specific, sparse, or method-heterogeneous; reserve for controlled ablation.",5,9.8,Eligible only for rows explicitly measured before tensile loading (current P014 initial states); P011 interrupted/fracture-stage KAM is post-test and excluded.,LEAKAGE_FREE_ONLY_WITH_SCOPE_GATE,"Raw source column only; no imputation, encoding, normalization, conflict resolution, or derived descriptor was produced."
M5_PLUS_INITIAL_MICROSTRUCTURE,CHEMISTRY,Measured_Composition_at_pct,CANDIDATE_OPTIONAL_V1,"Pre-test and scientifically relevant, but representation, applicability, coverage, or method heterogeneity prevents CORE_V1 status.",6,11.76,Measured bulk chemistry; retain method and do not normalize in V1.,LEAKAGE_FREE_DIRECT,"Raw source column only; no imputation, encoding, normalization, conflict resolution, or derived descriptor was produced."
M5_PLUS_INITIAL_MICROSTRUCTURE,INITIAL_MICROSTRUCTURE,Grain_Size_Including_TB_as_HAB_um,CANDIDATE_OPTIONAL_V1,"Pre-test and scientifically relevant, but representation, applicability, coverage, or method heterogeneity prevents CORE_V1 status.",6,11.76,"Must be explicitly pre-test; preserve method, phase, and initial-versus-deformed scope.",LEAKAGE_FREE_DIRECT,"Raw source column only; no imputation, encoding, normalization, conflict resolution, or derived descriptor was produced."
M5_PLUS_INITIAL_MICROSTRUCTURE,TEST_CONDITIONS,Loading_Direction,CANDIDATE_OPTIONAL_V1,"Pre-test and scientifically relevant, but representation, applicability, coverage, or method heterogeneity prevents CORE_V1 status.",11,21.57,Must be a planned condition known before loading; no missing temperature/rate is inferred.,LEAKAGE_FREE_DIRECT,"Raw source column only; no imputation, encoding, normalization, conflict resolution, or derived descriptor was produced."
M5_PLUS_INITIAL_MICROSTRUCTURE,TEST_CONDITIONS,Test_T_Raw,CANDIDATE_OPTIONAL_V1,"Pre-test and scientifically relevant, but representation, applicability, coverage, or method heterogeneity prevents CORE_V1 status.",8,15.69,Raw reported temperature text; no RT-to-K conversion is performed in this task.,LEAKAGE_FREE_ONLY_WITH_SCOPE_GATE,"Raw source column only; no imputation, encoding, normalization, conflict resolution, or derived descriptor was produced."
M5_PLUS_INITIAL_MICROSTRUCTURE,INITIAL_MICROSTRUCTURE,Initial_MnO_fraction,CANDIDATE_OPTIONAL_V1,"Pre-test and scientifically relevant, but representation, applicability, coverage, or method heterogeneity prevents CORE_V1 status.",1,1.96,"Must be explicitly pre-test; preserve method, phase, and initial-versus-deformed scope.",LEAKAGE_FREE_DIRECT,"Raw source column only; no imputation, encoding, normalization, conflict resolution, or derived descriptor was produced."
M5_PLUS_INITIAL_MICROSTRUCTURE,INITIAL_MICROSTRUCTURE,HCP_Morphology,CANDIDATE_OPTIONAL_V1,"Pre-test and scientifically relevant, but representation, applicability, coverage, or method heterogeneity prevents CORE_V1 status.",1,1.96,"Must be explicitly pre-test; preserve method, phase, and initial-versus-deformed scope.",LEAKAGE_FREE_ONLY_WITH_SCOPE_GATE,"Raw source column only; no imputation, encoding, normalization, conflict resolution, or derived descriptor was produced."
M5_PLUS_INITIAL_MICROSTRUCTURE,INITIAL_MICROSTRUCTURE,Initial_HCP_Origin,CANDIDATE_OPTIONAL_V1,"Pre-test and scientifically relevant, but representation, applicability, coverage, or method heterogeneity prevents CORE_V1 status.",1,1.96,"Must be explicitly pre-test; preserve method, phase, and initial-versus-deformed scope.",LEAKAGE_FREE_ONLY_WITH_SCOPE_GATE,"Raw source column only; no imputation, encoding, normalization, conflict resolution, or derived descriptor was produced."
M5_PLUS_INITIAL_MICROSTRUCTURE,PHYSICS_THERMODYNAMICS,Initial_FCC_lattice_a_A,CANDIDATE_EXPLORATORY_LATER,Physics descriptor is method/temperature/phase sensitive and too sparse or heterogeneous for the initial baseline.,1,1.96,"Require method, phase/structure, temperature, and source-domain matching; no cross-paper transfer.",LEAKAGE_FREE_ONLY_WITH_SCOPE_GATE,"Raw source column only; no imputation, encoding, normalization, conflict resolution, or derived descriptor was produced."
M5_PLUS_INITIAL_MICROSTRUCTURE,PHYSICS_THERMODYNAMICS,Initial_HCP_c_over_a,CANDIDATE_EXPLORATORY_LATER,Physics descriptor is method/temperature/phase sensitive and too sparse or heterogeneous for the initial baseline.,1,1.96,"Require method, phase/structure, temperature, and source-domain matching; no cross-paper transfer.",LEAKAGE_FREE_ONLY_WITH_SCOPE_GATE,"Raw source column only; no imputation, encoding, normalization, conflict resolution, or derived descriptor was produced."
M5_PLUS_INITIAL_MICROSTRUCTURE,PHYSICS_THERMODYNAMICS,Initial_HCP_c_over_a_uncertainty,CANDIDATE_EXPLORATORY_LATER,Physics descriptor is method/temperature/phase sensitive and too sparse or heterogeneous for the initial baseline.,1,1.96,"Require method, phase/structure, temperature, and source-domain matching; no cross-paper transfer.",LEAKAGE_FREE_ONLY_WITH_SCOPE_GATE,"Raw source column only; no imputation, encoding, normalization, conflict resolution, or derived descriptor was produced."
M5_PLUS_INITIAL_MICROSTRUCTURE,PROCESSING,Cold_Roll_Pass_Reduction_mm,CANDIDATE_OPTIONAL_V1,"Pre-test and scientifically relevant, but representation, applicability, coverage, or method heterogeneity prevents CORE_V1 status.",5,9.8,Must describe processing completed before the tensile test; route text is not encoded in this task.,LEAKAGE_FREE_DIRECT,"Raw source column only; no imputation, encoding, normalization, conflict resolution, or derived descriptor was produced."
M5_PLUS_INITIAL_MICROSTRUCTURE,PROCESSING,Remelting_n,CANDIDATE_OPTIONAL_V1,"Pre-test and scientifically relevant, but representation, applicability, coverage, or method heterogeneity prevents CORE_V1 status.",5,9.8,Must describe processing completed before the tensile test; route text is not encoded in this task.,LEAKAGE_FREE_DIRECT,"Raw source column only; no imputation, encoding, normalization, conflict resolution, or derived descriptor was produced."
M5_PLUS_INITIAL_MICROSTRUCTURE,INITIAL_MICROSTRUCTURE,Recrystallized_fraction,CANDIDATE_EXPLORATORY_LATER,"Scientifically relevant but local/scope-specific, sparse, or method-heterogeneous; reserve for controlled ablation.",3,5.88,"Must be explicitly pre-test; preserve method, phase, and initial-versus-deformed scope.",LEAKAGE_FREE_DIRECT,"Raw source column only; no imputation, encoding, normalization, conflict resolution, or derived descriptor was produced."
M5_PLUS_INITIAL_MICROSTRUCTURE,INITIAL_MICROSTRUCTURE,Processing_TRIP,CANDIDATE_OPTIONAL_V1,"Pre-test and scientifically relevant, but representation, applicability, coverage, or method heterogeneity prevents CORE_V1 status.",1,1.96,Pre-tensile processing-induced phase state only; never use as the tensile TRIP target.,LEAKAGE_FREE_ONLY_WITH_SCOPE_GATE,"Raw source column only; no imputation, encoding, normalization, conflict resolution, or derived descriptor was produced."
M5_PLUS_INITIAL_MICROSTRUCTURE,INITIAL_MICROSTRUCTURE,Processing_TWIP,CANDIDATE_OPTIONAL_V1,"Pre-test and scientifically relevant, but representation, applicability, coverage, or method heterogeneity prevents CORE_V1 status.",1,1.96,Pre-tensile processing-induced twin state only; never use as the tensile TWIP target.,LEAKAGE_FREE_ONLY_WITH_SCOPE_GATE,"Raw source column only; no imputation, encoding, normalization, conflict resolution, or derived descriptor was produced."
M5_PLUS_INITIAL_MICROSTRUCTURE,INITIAL_MICROSTRUCTURE,Initial_Twin_Origin,CANDIDATE_OPTIONAL_V1,"Pre-test and scientifically relevant, but representation, applicability, coverage, or method heterogeneity prevents CORE_V1 status.",5,9.8,"Must be explicitly pre-test; preserve method, phase, and initial-versus-deformed scope.",LEAKAGE_FREE_ONLY_WITH_SCOPE_GATE,"Raw source column only; no imputation, encoding, normalization, conflict resolution, or derived descriptor was produced."
M5_PLUS_INITIAL_MICROSTRUCTURE,PROCESSING,Raw_Material_Purity,CANDIDATE_OPTIONAL_V1,"Pre-test and scientifically relevant, but representation, applicability, coverage, or method heterogeneity prevents CORE_V1 status.",2,3.92,Must describe processing completed before the tensile test; route text is not encoded in this task.,LEAKAGE_FREE_ONLY_WITH_SCOPE_GATE,"Raw source column only; no imputation, encoding, normalization, conflict resolution, or derived descriptor was produced."
M5_PLUS_INITIAL_MICROSTRUCTURE,INITIAL_MICROSTRUCTURE,Texture_Orientation_Status,CANDIDATE_OPTIONAL_V1,"Pre-test and scientifically relevant, but representation, applicability, coverage, or method heterogeneity prevents CORE_V1 status.",2,3.92,"Must be explicitly pre-test; preserve method, phase, and initial-versus-deformed scope.",LEAKAGE_FREE_ONLY_WITH_SCOPE_GATE,"Raw source column only; no imputation, encoding, normalization, conflict resolution, or derived descriptor was produced."
M5_PLUS_INITIAL_MICROSTRUCTURE,INITIAL_MICROSTRUCTURE,Elemental_Segregation_Status,CANDIDATE_OPTIONAL_V1,"Pre-test and scientifically relevant, but representation, applicability, coverage, or method heterogeneity prevents CORE_V1 status.",2,3.92,"Must be explicitly pre-test; preserve method, phase, and initial-versus-deformed scope.",LEAKAGE_FREE_ONLY_WITH_SCOPE_GATE,"Raw source column only; no imputation, encoding, normalization, conflict resolution, or derived descriptor was produced."
M5_PLUS_INITIAL_MICROSTRUCTURE,PHYSICS_THERMODYNAMICS,SFE_method,CONTROL_ONLY_NOT_MODEL_FEATURE,Required source/method/scope control; retained in the manifest but excluded from candidate and complete-case counts.,24,47.06,"Retain for audit, descriptive context, and eligibility control; never use as an ordinary predictor.",CONTROL_ONLY_NEVER_MODEL_FEATURE,"Raw source column only; no imputation, encoding, normalization, conflict resolution, or derived descriptor was produced."
M5_PLUS_INITIAL_MICROSTRUCTURE,PHYSICS_THERMODYNAMICS,DeltaG_method,CONTROL_ONLY_NOT_MODEL_FEATURE,Required source/method/scope control; retained in the manifest but excluded from candidate and complete-case counts.,9,17.65,"Retain for audit, descriptive context, and eligibility control; never use as an ordinary predictor.",CONTROL_ONLY_NEVER_MODEL_FEATURE,"Raw source column only; no imputation, encoding, normalization, conflict resolution, or derived descriptor was produced."
M5_PLUS_INITIAL_MICROSTRUCTURE,CHEMISTRY,Recovered_Composition_Status,CONTROL_ONLY_NOT_MODEL_FEATURE,Required source/method/scope control; retained in the manifest but excluded from candidate and complete-case counts.,6,11.76,"Retain for audit, descriptive context, and eligibility control; never use as an ordinary predictor.",CONTROL_ONLY_NEVER_MODEL_FEATURE,"Raw source column only; no imputation, encoding, normalization, conflict resolution, or derived descriptor was produced."
M5_PLUS_INITIAL_MICROSTRUCTURE,TEST_CONDITIONS,Recovered_Test_T_Status,CONTROL_ONLY_NOT_MODEL_FEATURE,Required source/method/scope control; retained in the manifest but excluded from candidate and complete-case counts.,9,17.65,"Retain for audit, descriptive context, and eligibility control; never use as an ordinary predictor.",CONTROL_ONLY_NEVER_MODEL_FEATURE,"Raw source column only; no imputation, encoding, normalization, conflict resolution, or derived descriptor was produced."
M5_PLUS_INITIAL_MICROSTRUCTURE,INITIAL_MICROSTRUCTURE,Recovered_Grain_size_scope,CONTROL_ONLY_NOT_MODEL_FEATURE,Required source/method/scope control; retained in the manifest but excluded from candidate and complete-case counts.,6,11.76,"Retain for audit, descriptive context, and eligibility control; never use as an ordinary predictor.",CONTROL_ONLY_NEVER_MODEL_FEATURE,"Raw source column only; no imputation, encoding, normalization, conflict resolution, or derived descriptor was produced."
M5_PLUS_INITIAL_MICROSTRUCTURE,INITIAL_MICROSTRUCTURE,Recovered_Grain_size_status,CONTROL_ONLY_NOT_MODEL_FEATURE,Required source/method/scope control; retained in the manifest but excluded from candidate and complete-case counts.,6,11.76,"Retain for audit, descriptive context, and eligibility control; never use as an ordinary predictor.",CONTROL_ONLY_NEVER_MODEL_FEATURE,"Raw source column only; no imputation, encoding, normalization, conflict resolution, or derived descriptor was produced."
M5_PLUS_INITIAL_MICROSTRUCTURE,INITIAL_MICROSTRUCTURE,Recovered_Initial_HCP_status,CONTROL_ONLY_NOT_MODEL_FEATURE,Required source/method/scope control; retained in the manifest but excluded from candidate and complete-case counts.,6,11.76,"Retain for audit, descriptive context, and eligibility control; never use as an ordinary predictor.",CONTROL_ONLY_NEVER_MODEL_FEATURE,"Raw source column only; no imputation, encoding, normalization, conflict resolution, or derived descriptor was produced."
M5_PLUS_INITIAL_MICROSTRUCTURE,INITIAL_MICROSTRUCTURE,Initial_BCC_alpha_martensite_status,CONTROL_ONLY_NOT_MODEL_FEATURE,Required source/method/scope control; retained in the manifest but excluded from candidate and complete-case counts.,6,11.76,"Retain for audit, descriptive context, and eligibility control; never use as an ordinary predictor.",CONTROL_ONLY_NEVER_MODEL_FEATURE,"Raw source column only; no imputation, encoding, normalization, conflict resolution, or derived descriptor was produced."
M5_PLUS_INITIAL_MICROSTRUCTURE,INITIAL_MICROSTRUCTURE,Recovered_Recrystallized_fraction_status,CONTROL_ONLY_NOT_MODEL_FEATURE,Required source/method/scope control; retained in the manifest but excluded from candidate and complete-case counts.,6,11.76,"Retain for audit, descriptive context, and eligibility control; never use as an ordinary predictor.",CONTROL_ONLY_NEVER_MODEL_FEATURE,"Raw source column only; no imputation, encoding, normalization, conflict resolution, or derived descriptor was produced."
M5_PLUS_INITIAL_MICROSTRUCTURE,PHYSICS_THERMODYNAMICS,SFE_scope,CONTROL_ONLY_NOT_MODEL_FEATURE,Required source/method/scope control; retained in the manifest but excluded from candidate and complete-case counts.,6,11.76,"Retain for audit, descriptive context, and eligibility control; never use as an ordinary predictor.",CONTROL_ONLY_NEVER_MODEL_FEATURE,"Raw source column only; no imputation, encoding, normalization, conflict resolution, or derived descriptor was produced."
M5_PLUS_INITIAL_MICROSTRUCTURE,PHYSICS_THERMODYNAMICS,SFE_status,CONTROL_ONLY_NOT_MODEL_FEATURE,Required source/method/scope control; retained in the manifest but excluded from candidate and complete-case counts.,6,11.76,"Retain for audit, descriptive context, and eligibility control; never use as an ordinary predictor.",CONTROL_ONLY_NEVER_MODEL_FEATURE,"Raw source column only; no imputation, encoding, normalization, conflict resolution, or derived descriptor was produced."
M5_PLUS_INITIAL_MICROSTRUCTURE,PHYSICS_THERMODYNAMICS,SFE_source_provenance,CONTROL_ONLY_NOT_MODEL_FEATURE,Required source/method/scope control; retained in the manifest but excluded from candidate and complete-case counts.,6,11.76,"Retain for audit, descriptive context, and eligibility control; never use as an ordinary predictor.",CONTROL_ONLY_NEVER_MODEL_FEATURE,"Raw source column only; no imputation, encoding, normalization, conflict resolution, or derived descriptor was produced."
M5_PLUS_INITIAL_MICROSTRUCTURE,CHEMISTRY,Measured_Composition_Status,CONTROL_ONLY_NOT_MODEL_FEATURE,Required source/method/scope control; retained in the manifest but excluded from candidate and complete-case counts.,16,31.37,"Retain for audit, descriptive context, and eligibility control; never use as an ordinary predictor.",CONTROL_ONLY_NEVER_MODEL_FEATURE,"Raw source column only; no imputation, encoding, normalization, conflict resolution, or derived descriptor was produced."
M5_PLUS_INITIAL_MICROSTRUCTURE,PHYSICS_THERMODYNAMICS,Magnetic_transition_Status,CONTROL_ONLY_NOT_MODEL_FEATURE,Required source/method/scope control; retained in the manifest but excluded from candidate and complete-case counts.,3,5.88,"Retain for audit, descriptive context, and eligibility control; never use as an ordinary predictor.",CONTROL_ONLY_NEVER_MODEL_FEATURE,"Raw source column only; no imputation, encoding, normalization, conflict resolution, or derived descriptor was produced."
M5_PLUS_INITIAL_MICROSTRUCTURE,CHEMISTRY,Feedstock_Composition_Method,CONTROL_ONLY_NOT_MODEL_FEATURE,Required source/method/scope control; retained in the manifest but excluded from candidate and complete-case counts.,4,7.84,"Retain for audit, descriptive context, and eligibility control; never use as an ordinary predictor.",CONTROL_ONLY_NEVER_MODEL_FEATURE,"Raw source column only; no imputation, encoding, normalization, conflict resolution, or derived descriptor was produced."
M5_PLUS_INITIAL_MICROSTRUCTURE,CHEMISTRY,Feedstock_Composition_Scope,CONTROL_ONLY_NOT_MODEL_FEATURE,Required source/method/scope control; retained in the manifest but excluded from candidate and complete-case counts.,4,7.84,"Retain for audit, descriptive context, and eligibility control; never use as an ordinary predictor.",CONTROL_ONLY_NEVER_MODEL_FEATURE,"Raw source column only; no imputation, encoding, normalization, conflict resolution, or derived descriptor was produced."
M5_PLUS_INITIAL_MICROSTRUCTURE,CHEMISTRY,Local_EDS_Composition_Scope,CONTROL_ONLY_NOT_MODEL_FEATURE,Required source/method/scope control; retained in the manifest but excluded from candidate and complete-case counts.,2,3.92,"Retain for audit, descriptive context, and eligibility control; never use as an ordinary predictor.",CONTROL_ONLY_NEVER_MODEL_FEATURE,"Raw source column only; no imputation, encoding, normalization, conflict resolution, or derived descriptor was produced."
M5_PLUS_INITIAL_MICROSTRUCTURE,CHEMISTRY,Measured_Composition_Method,CONTROL_ONLY_NOT_MODEL_FEATURE,Required source/method/scope control; retained in the manifest but excluded from candidate and complete-case counts.,6,11.76,"Retain for audit, descriptive context, and eligibility control; never use as an ordinary predictor.",CONTROL_ONLY_NEVER_MODEL_FEATURE,"Raw source column only; no imputation, encoding, normalization, conflict resolution, or derived descriptor was produced."
M5_PLUS_INITIAL_MICROSTRUCTURE,CHEMISTRY,Composition_Status,CONTROL_ONLY_NOT_MODEL_FEATURE,Required source/method/scope control; retained in the manifest but excluded from candidate and complete-case counts.,8,15.69,"Retain for audit, descriptive context, and eligibility control; never use as an ordinary predictor.",CONTROL_ONLY_NEVER_MODEL_FEATURE,"Raw source column only; no imputation, encoding, normalization, conflict resolution, or derived descriptor was produced."
M5_PLUS_INITIAL_MICROSTRUCTURE,INITIAL_MICROSTRUCTURE,Grain_Size_Scope,CONTROL_ONLY_NOT_MODEL_FEATURE,Required source/method/scope control; retained in the manifest but excluded from candidate and complete-case counts.,1,1.96,"Retain for audit, descriptive context, and eligibility control; never use as an ordinary predictor.",CONTROL_ONLY_NEVER_MODEL_FEATURE,"Raw source column only; no imputation, encoding, normalization, conflict resolution, or derived descriptor was produced."
M5_PLUS_INITIAL_MICROSTRUCTURE,INITIAL_MICROSTRUCTURE,EBSD_Phase_Fraction_Use_Status,CONTROL_ONLY_NOT_MODEL_FEATURE,Required source/method/scope control; retained in the manifest but excluded from candidate and complete-case counts.,1,1.96,"Retain for audit, descriptive context, and eligibility control; never use as an ordinary predictor.",CONTROL_ONLY_NEVER_MODEL_FEATURE,"Raw source column only; no imputation, encoding, normalization, conflict resolution, or derived descriptor was produced."
M5_PLUS_INITIAL_MICROSTRUCTURE,INITIAL_MICROSTRUCTURE,Initial_HCP_Status,CONTROL_ONLY_NOT_MODEL_FEATURE,Required source/method/scope control; retained in the manifest but excluded from candidate and complete-case counts.,1,1.96,"Retain for audit, descriptive context, and eligibility control; never use as an ordinary predictor.",CONTROL_ONLY_NEVER_MODEL_FEATURE,"Raw source column only; no imputation, encoding, normalization, conflict resolution, or derived descriptor was produced."
M5_PLUS_INITIAL_MICROSTRUCTURE,PROCESSING,Cold_Roll_Reduction_Status,CONTROL_ONLY_NOT_MODEL_FEATURE,Required source/method/scope control; retained in the manifest but excluded from candidate and complete-case counts.,5,9.8,"Retain for audit, descriptive context, and eligibility control; never use as an ordinary predictor.",CONTROL_ONLY_NEVER_MODEL_FEATURE,"Raw source column only; no imputation, encoding, normalization, conflict resolution, or derived descriptor was produced."
M5_PLUS_INITIAL_MICROSTRUCTURE,TEST_CONDITIONS,Test_T_Status,CONTROL_ONLY_NOT_MODEL_FEATURE,Required source/method/scope control; retained in the manifest but excluded from candidate and complete-case counts.,5,9.8,"Retain for audit, descriptive context, and eligibility control; never use as an ordinary predictor.",CONTROL_ONLY_NEVER_MODEL_FEATURE,"Raw source column only; no imputation, encoding, normalization, conflict resolution, or derived descriptor was produced."
M5_PLUS_INITIAL_MICROSTRUCTURE,INITIAL_MICROSTRUCTURE,KAM_Status,CONTROL_ONLY_NOT_MODEL_FEATURE,Required source/method/scope control; retained in the manifest but excluded from candidate and complete-case counts.,5,9.8,"Retain for audit, descriptive context, and eligibility control; never use as an ordinary predictor.",CONTROL_ONLY_NEVER_MODEL_FEATURE,"Raw source column only; no imputation, encoding, normalization, conflict resolution, or derived descriptor was produced."
M5_PLUS_INITIAL_MICROSTRUCTURE,INITIAL_MICROSTRUCTURE,Recrystallized_Status,CONTROL_ONLY_NOT_MODEL_FEATURE,Required source/method/scope control; retained in the manifest but excluded from candidate and complete-case counts.,5,9.8,"Retain for audit, descriptive context, and eligibility control; never use as an ordinary predictor.",CONTROL_ONLY_NEVER_MODEL_FEATURE,"Raw source column only; no imputation, encoding, normalization, conflict resolution, or derived descriptor was produced."
M5_PLUS_INITIAL_MICROSTRUCTURE,INITIAL_MICROSTRUCTURE,Initial_Twin_Target_Safety,CONTROL_ONLY_NOT_MODEL_FEATURE,Required source/method/scope control; retained in the manifest but excluded from candidate and complete-case counts.,5,9.8,"Retain for audit, descriptive context, and eligibility control; never use as an ordinary predictor.",CONTROL_ONLY_NEVER_MODEL_FEATURE,"Raw source column only; no imputation, encoding, normalization, conflict resolution, or derived descriptor was produced."
M5_PLUS_INITIAL_MICROSTRUCTURE,INITIAL_MICROSTRUCTURE,Grain_Size_Status,CONTROL_ONLY_NOT_MODEL_FEATURE,Required source/method/scope control; retained in the manifest but excluded from candidate and complete-case counts.,2,3.92,"Retain for audit, descriptive context, and eligibility control; never use as an ordinary predictor.",CONTROL_ONLY_NEVER_MODEL_FEATURE,"Raw source column only; no imputation, encoding, normalization, conflict resolution, or derived descriptor was produced."
M5_PLUS_INITIAL_MICROSTRUCTURE,PHYSICS_THERMODYNAMICS,SFE_Value_Status,CONTROL_ONLY_NOT_MODEL_FEATURE,Required source/method/scope control; retained in the manifest but excluded from candidate and complete-case counts.,2,3.92,"Retain for audit, descriptive context, and eligibility control; never use as an ordinary predictor.",CONTROL_ONLY_NEVER_MODEL_FEATURE,"Raw source column only; no imputation, encoding, normalization, conflict resolution, or derived descriptor was produced."
M5_PLUS_INITIAL_MICROSTRUCTURE,PHYSICS_THERMODYNAMICS,SFE_Data_Origin,CONTROL_ONLY_NOT_MODEL_FEATURE,Required source/method/scope control; retained in the manifest but excluded from candidate and complete-case counts.,2,3.92,"Retain for audit, descriptive context, and eligibility control; never use as an ordinary predictor.",CONTROL_ONLY_NEVER_MODEL_FEATURE,"Raw source column only; no imputation, encoding, normalization, conflict resolution, or derived descriptor was produced."
