Column_Name,Data_Type,Scientific_Family,Schema_Role,V1_Prediction_Time_Class,Experimental_Coverage_n,Experimental_Coverage_pct,CORE_M2,Pilot_M2_Action,Source_Type,Preprocessing,Potential_Leakage,Scientific_Justification,V2_Review_Status
Paper_ID,object,IDENTITY_GROUPING,IDENTIFIER_ONLY,IDENTIFIER_ONLY,69,100.0,False,EXCLUDE,SOURCE_OR_QC_METADATA,Not used in Pilot M2,False,"The identifier can memorize paper, material, condition, or observation identity.",V1_PRECEDENT_RECONFIRMED
DOI,object,IDENTITY_GROUPING,IDENTIFIER_ONLY,IDENTIFIER_ONLY,69,100.0,False,EXCLUDE,SOURCE_OR_QC_METADATA,Not used in Pilot M2,False,"The identifier can memorize paper, material, condition, or observation identity.",V1_PRECEDENT_RECONFIRMED
Paper_Title,object,PROVENANCE_QC,METADATA_ONLY,METADATA_ONLY,59,85.507,False,EXCLUDE,SOURCE_OR_QC_METADATA,Not used in Pilot M2,False,"Metadata can encode paper, workflow, or extraction artifacts rather than material behavior.",V1_PRECEDENT_RECONFIRMED
Condition_ID,object,IDENTITY_GROUPING,IDENTIFIER_ONLY,IDENTIFIER_ONLY,69,100.0,False,EXCLUDE,SOURCE_OR_QC_METADATA,Not used in Pilot M2,False,"The identifier can memorize paper, material, condition, or observation identity.",V1_PRECEDENT_RECONFIRMED
Experiment_Group_ID,object,IDENTITY_GROUPING,GROUPING_ONLY,GROUPING_ONLY,39,56.522,False,EXCLUDE,SOURCE_OR_QC_METADATA,Not used in Pilot M2,False,A grouping key would expose dependence or study/material identity.,V1_PRECEDENT_RECONFIRMED
Original_Experiment_Group_ID,object,IDENTITY_GROUPING,GROUPING_ONLY,GROUPING_ONLY,21,30.435,False,EXCLUDE,SOURCE_OR_QC_METADATA,Not used in Pilot M2,False,A grouping key would expose dependence or study/material identity.,V1_PRECEDENT_RECONFIRMED
Row_Type,object,PROVENANCE_QC,METADATA_ONLY,METADATA_ONLY,44,63.768,False,EXCLUDE,SOURCE_OR_QC_METADATA,Not used in Pilot M2,False,"Metadata can encode paper, workflow, or extraction artifacts rather than material behavior.",V1_PRECEDENT_RECONFIRMED
Alloy_ID,object,IDENTITY_GROUPING,IDENTIFIER_ONLY,IDENTIFIER_ONLY,60,86.957,False,EXCLUDE,SOURCE_OR_QC_METADATA,Not used in Pilot M2,False,"The identifier can memorize paper, material, condition, or observation identity.",V1_PRECEDENT_RECONFIRMED
Original_Composition,object,CHEMISTRY,PREDICTOR_SAFE_CONDITIONAL,PREDICTOR_SAFE_CONDITIONAL,54,78.261,False,EXCLUDE,SOURCE_OR_QC_METADATA,Not used in Pilot M2,False,"Safe only after method, scope, timing, or availability control.",V1_PRECEDENT_RECONFIRMED
Composition_basis,object,CHEMISTRY,PREDICTOR_SAFE_CONDITIONAL,PREDICTOR_SAFE_CONDITIONAL,60,86.957,False,EXCLUDE,SOURCE_OR_QC_METADATA,Not used in Pilot M2,False,"Safe only after method, scope, timing, or availability control.",V1_PRECEDENT_RECONFIRMED
Fe_at%,float64,CHEMISTRY,PREDICTOR_SAFE_DIRECT,PREDICTOR_SAFE_DIRECT,55,79.71,True,INCLUDE_COMPLETE_CASE_ONLY,CHEMISTRY_POLICY_SELECTED_ANALYSIS_REPRESENTATION,StandardScaler inside training fold for Logistic/SVC,False,Direct source-supported information available before loading.,V1_PRECEDENT_RECONFIRMED
Mn_at%,float64,CHEMISTRY,PREDICTOR_SAFE_DIRECT,PREDICTOR_SAFE_DIRECT,55,79.71,True,INCLUDE_COMPLETE_CASE_ONLY,CHEMISTRY_POLICY_SELECTED_ANALYSIS_REPRESENTATION,StandardScaler inside training fold for Logistic/SVC,False,Direct source-supported information available before loading.,V1_PRECEDENT_RECONFIRMED
Co_at%,float64,CHEMISTRY,PREDICTOR_SAFE_DIRECT,PREDICTOR_SAFE_DIRECT,53,76.812,True,INCLUDE_COMPLETE_CASE_ONLY,CHEMISTRY_POLICY_SELECTED_ANALYSIS_REPRESENTATION,StandardScaler inside training fold for Logistic/SVC,False,Direct source-supported information available before loading.,V1_PRECEDENT_RECONFIRMED
Cr_at%,float64,CHEMISTRY,PREDICTOR_SAFE_DIRECT,PREDICTOR_SAFE_DIRECT,55,79.71,True,INCLUDE_COMPLETE_CASE_ONLY,CHEMISTRY_POLICY_SELECTED_ANALYSIS_REPRESENTATION,StandardScaler inside training fold for Logistic/SVC,False,Direct source-supported information available before loading.,V1_PRECEDENT_RECONFIRMED
Ni_at%,float64,CHEMISTRY,PREDICTOR_SAFE_DIRECT,PREDICTOR_SAFE_DIRECT,23,33.333,False,EXCLUDE,SOURCE_OR_QC_METADATA,Not used in Pilot M2,False,Direct source-supported information available before loading.,V1_PRECEDENT_RECONFIRMED
N_at%,float64,CHEMISTRY,PREDICTOR_SAFE_DIRECT,PREDICTOR_SAFE_DIRECT,1,1.449,False,EXCLUDE,SOURCE_OR_QC_METADATA,Not used in Pilot M2,False,Direct source-supported information available before loading.,V1_PRECEDENT_RECONFIRMED
C_at%,float64,CHEMISTRY,PREDICTOR_SAFE_DIRECT,PREDICTOR_SAFE_DIRECT,9,13.043,False,EXCLUDE,SOURCE_OR_QC_METADATA,Not used in Pilot M2,False,Direct source-supported information available before loading.,V1_PRECEDENT_RECONFIRMED
Mo_at%,float64,CHEMISTRY,PREDICTOR_SAFE_DIRECT,PREDICTOR_SAFE_DIRECT,7,10.145,False,EXCLUDE,SOURCE_OR_QC_METADATA,Not used in Pilot M2,False,Direct source-supported information available before loading.,V1_PRECEDENT_RECONFIRMED
Si_at%,float64,CHEMISTRY,PREDICTOR_SAFE_DIRECT,PREDICTOR_SAFE_DIRECT,15,21.739,False,EXCLUDE,SOURCE_OR_QC_METADATA,Not used in Pilot M2,False,Direct source-supported information available before loading.,V1_PRECEDENT_RECONFIRMED
Ti_at%,float64,CHEMISTRY,PREDICTOR_SAFE_DIRECT,PREDICTOR_SAFE_DIRECT,5,7.246,False,EXCLUDE,SOURCE_OR_QC_METADATA,Not used in Pilot M2,False,Direct source-supported information available before loading.,V1_PRECEDENT_RECONFIRMED
V_at%,float64,CHEMISTRY,PREDICTOR_SAFE_DIRECT,PREDICTOR_SAFE_DIRECT,5,7.246,False,EXCLUDE,SOURCE_OR_QC_METADATA,Not used in Pilot M2,False,Direct source-supported information available before loading.,V1_PRECEDENT_RECONFIRMED
Other_elements,object,CHEMISTRY,PREDICTOR_SAFE_CONDITIONAL,PREDICTOR_SAFE_CONDITIONAL,7,10.145,False,EXCLUDE,SOURCE_OR_QC_METADATA,Not used in Pilot M2,False,"Safe only after method, scope, timing, or availability control.",V1_PRECEDENT_RECONFIRMED
Processing_route,object,PROCESSING,PREDICTOR_SAFE_DIRECT,PREDICTOR_SAFE_DIRECT,60,86.957,False,EXCLUDE,SOURCE_OR_QC_METADATA,Not used in Pilot M2,False,Direct source-supported information available before loading.,V1_PRECEDENT_RECONFIRMED
Cast_method,object,PROCESSING,PREDICTOR_SAFE_DIRECT,PREDICTOR_SAFE_DIRECT,48,69.565,False,EXCLUDE,SOURCE_OR_QC_METADATA,Not used in Pilot M2,False,Direct source-supported information available before loading.,V1_PRECEDENT_RECONFIRMED
Homogenization_T_K,float64,PROCESSING,PREDICTOR_SAFE_DIRECT,PREDICTOR_SAFE_DIRECT,38,55.072,False,EXCLUDE,SOURCE_OR_QC_METADATA,Not used in Pilot M2,False,Direct source-supported information available before loading.,V1_PRECEDENT_RECONFIRMED
Homogenization_time_h,float64,PROCESSING,PREDICTOR_SAFE_DIRECT,PREDICTOR_SAFE_DIRECT,38,55.072,False,EXCLUDE,SOURCE_OR_QC_METADATA,Not used in Pilot M2,False,Direct source-supported information available before loading.,V1_PRECEDENT_RECONFIRMED
Hot_rolling_T_K,float64,PROCESSING,PREDICTOR_SAFE_DIRECT,PREDICTOR_SAFE_DIRECT,27,39.13,False,EXCLUDE,SOURCE_OR_QC_METADATA,Not used in Pilot M2,False,Direct source-supported information available before loading.,V1_PRECEDENT_RECONFIRMED
Hot_rolling_reduction_pct,float64,PROCESSING,PREDICTOR_SAFE_DIRECT,PREDICTOR_SAFE_DIRECT,22,31.884,False,EXCLUDE,SOURCE_OR_QC_METADATA,Not used in Pilot M2,False,Direct source-supported information available before loading.,V1_PRECEDENT_RECONFIRMED
Cold_rolling_reduction_pct,float64,PROCESSING,PREDICTOR_SAFE_DIRECT,PREDICTOR_SAFE_DIRECT,41,59.42,False,EXCLUDE,SOURCE_OR_QC_METADATA,Not used in Pilot M2,False,Direct source-supported information available before loading.,V1_PRECEDENT_RECONFIRMED
Annealing_T_K,float64,PROCESSING,PREDICTOR_SAFE_DIRECT,PREDICTOR_SAFE_DIRECT,53,76.812,False,EXCLUDE,SOURCE_OR_QC_METADATA,Not used in Pilot M2,False,Direct source-supported information available before loading.,V1_PRECEDENT_RECONFIRMED
Annealing_time_min,float64,PROCESSING,PREDICTOR_SAFE_DIRECT,PREDICTOR_SAFE_DIRECT,49,71.014,False,EXCLUDE,SOURCE_OR_QC_METADATA,Not used in Pilot M2,False,Direct source-supported information available before loading.,V1_PRECEDENT_RECONFIRMED
Cooling_route,object,PROCESSING,PREDICTOR_SAFE_DIRECT,PREDICTOR_SAFE_DIRECT,44,63.768,False,EXCLUDE,SOURCE_OR_QC_METADATA,Not used in Pilot M2,False,Direct source-supported information available before loading.,V1_PRECEDENT_RECONFIRMED
Test_T_K,float64,TEST_CONDITIONS,PREDICTOR_SAFE_DIRECT,PREDICTOR_SAFE_DIRECT,35,50.725,True,INCLUDE_COMPLETE_CASE_ONLY,DIRECT_SOURCE_FIELD,StandardScaler inside training fold for Logistic/SVC,False,Direct source-supported information available before loading.,V1_PRECEDENT_RECONFIRMED
Strain_rate_s-1,float64,TEST_CONDITIONS,PREDICTOR_SAFE_DIRECT,PREDICTOR_SAFE_DIRECT,59,85.507,True,INCLUDE_COMPLETE_CASE_ONLY,DIRECT_SOURCE_FIELD,StandardScaler inside training fold for Logistic/SVC,False,Direct source-supported information available before loading.,V1_PRECEDENT_RECONFIRMED
Gauge_length_mm,float64,TEST_CONDITIONS,METADATA_ONLY,METADATA_ONLY,41,59.42,False,EXCLUDE,SOURCE_OR_QC_METADATA,Not used in Pilot M2,False,"Metadata can encode paper, workflow, or extraction artifacts rather than material behavior.",V1_PRECEDENT_RECONFIRMED
Gauge_width_mm,float64,TEST_CONDITIONS,METADATA_ONLY,METADATA_ONLY,34,49.275,False,EXCLUDE,SOURCE_OR_QC_METADATA,Not used in Pilot M2,False,"Metadata can encode paper, workflow, or extraction artifacts rather than material behavior.",V1_PRECEDENT_RECONFIRMED
Specimen_thickness_mm,float64,TEST_CONDITIONS,METADATA_ONLY,METADATA_ONLY,34,49.275,False,EXCLUDE,SOURCE_OR_QC_METADATA,Not used in Pilot M2,False,"Metadata can encode paper, workflow, or extraction artifacts rather than material behavior.",V1_PRECEDENT_RECONFIRMED
True_strain,float64,POST_DEFORMATION_MICROSTRUCTURE,LEAKAGE_POST_TEST,POST_TEST_LEAKAGE,0,0.0,False,EXCLUDE,SOURCE_OR_QC_METADATA,Not used in Pilot M2,True,The field is observed only after tensile deformation starts or after fracture.,V1_PRECEDENT_RECONFIRMED
Local_strain,float64,POST_DEFORMATION_MICROSTRUCTURE,LEAKAGE_POST_TEST,POST_TEST_LEAKAGE,0,0.0,False,EXCLUDE,SOURCE_OR_QC_METADATA,Not used in Pilot M2,True,The field is observed only after tensile deformation starts or after fracture.,V1_PRECEDENT_RECONFIRMED
Deformation_stage,object,POST_DEFORMATION_MICROSTRUCTURE,LEAKAGE_POST_TEST,POST_TEST_LEAKAGE,18,26.087,False,EXCLUDE,SOURCE_OR_QC_METADATA,Not used in Pilot M2,True,The field is observed only after tensile deformation starts or after fracture.,V1_PRECEDENT_RECONFIRMED
Grain_size_um,float64,INITIAL_MICROSTRUCTURE,PREDICTOR_SAFE_DIRECT,PREDICTOR_SAFE_DIRECT,41,59.42,False,EXCLUDE,SOURCE_OR_QC_METADATA,Not used in Pilot M2,False,Direct source-supported information available before loading.,V1_PRECEDENT_RECONFIRMED
Grain_size_SD_um,float64,INITIAL_MICROSTRUCTURE,PREDICTOR_SAFE_CONDITIONAL,PREDICTOR_SAFE_CONDITIONAL,11,15.942,False,EXCLUDE,SOURCE_OR_QC_METADATA,Not used in Pilot M2,False,"Safe only after method, scope, timing, or availability control.",V1_PRECEDENT_RECONFIRMED
Initial_FCC_fraction,float64,INITIAL_MICROSTRUCTURE,PREDICTOR_SAFE_DIRECT,PREDICTOR_SAFE_DIRECT,32,46.377,False,EXCLUDE,SOURCE_OR_QC_METADATA,Not used in Pilot M2,False,Direct source-supported information available before loading.,V1_PRECEDENT_RECONFIRMED
Initial_HCP_fraction,float64,INITIAL_MICROSTRUCTURE,PREDICTOR_SAFE_DIRECT,PREDICTOR_SAFE_DIRECT,48,69.565,False,EXCLUDE,SOURCE_OR_QC_METADATA,Not used in Pilot M2,False,Direct source-supported information available before loading.,V1_PRECEDENT_RECONFIRMED
Initial_twin_boundary_status,object,INITIAL_MICROSTRUCTURE,PREDICTOR_SAFE_CONDITIONAL,PREDICTOR_SAFE_CONDITIONAL,31,44.928,False,EXCLUDE,SOURCE_OR_QC_METADATA,Not used in Pilot M2,False,"Safe only after method, scope, timing, or availability control.",V1_PRECEDENT_RECONFIRMED
SFE_mJ_m2,float64,PHYSICS_THERMODYNAMICS,PREDICTOR_SAFE_CONDITIONAL,PREDICTOR_SAFE_CONDITIONAL,21,30.435,False,EXCLUDE,SOURCE_OR_QC_METADATA,Not used in Pilot M2,False,"Safe only after method, scope, timing, or availability control.",V1_PRECEDENT_RECONFIRMED
SFE_error_mJ_m2,float64,PHYSICS_THERMODYNAMICS,PREDICTOR_SAFE_CONDITIONAL,PREDICTOR_SAFE_CONDITIONAL,0,0.0,False,EXCLUDE,SOURCE_OR_QC_METADATA,Not used in Pilot M2,False,"Safe only after method, scope, timing, or availability control.",V1_PRECEDENT_RECONFIRMED
SFE_method,object,PHYSICS_THERMODYNAMICS,PROVENANCE_ONLY,PROVENANCE_ONLY,24,34.783,False,EXCLUDE,SOURCE_OR_QC_METADATA,Not used in Pilot M2,False,"Source, method, review, or QC bookkeeping can encode study and label-acquisition artifacts.",V1_PRECEDENT_RECONFIRMED
DeltaG_FCC_HCP_J_mol,float64,PHYSICS_THERMODYNAMICS,PREDICTOR_SAFE_CONDITIONAL,PREDICTOR_SAFE_CONDITIONAL,9,13.043,False,EXCLUDE,SOURCE_OR_QC_METADATA,Not used in Pilot M2,False,"Safe only after method, scope, timing, or availability control.",V1_PRECEDENT_RECONFIRMED
DeltaG_method,object,PHYSICS_THERMODYNAMICS,PROVENANCE_ONLY,PROVENANCE_ONLY,9,13.043,False,EXCLUDE,SOURCE_OR_QC_METADATA,Not used in Pilot M2,False,"Source, method, review, or QC bookkeeping can encode study and label-acquisition artifacts.",V1_PRECEDENT_RECONFIRMED
Elastic_modulus_GPa,float64,PHYSICS_THERMODYNAMICS,PREDICTOR_SAFE_CONDITIONAL,PREDICTOR_SAFE_CONDITIONAL,4,5.797,False,EXCLUDE,SOURCE_OR_QC_METADATA,Not used in Pilot M2,False,"Safe only after method, scope, timing, or availability control.",V1_PRECEDENT_RECONFIRMED
Shear_modulus_GPa,float64,PHYSICS_THERMODYNAMICS,PREDICTOR_SAFE_CONDITIONAL,PREDICTOR_SAFE_CONDITIONAL,3,4.348,False,EXCLUDE,SOURCE_OR_QC_METADATA,Not used in Pilot M2,False,"Safe only after method, scope, timing, or availability control.",V1_PRECEDENT_RECONFIRMED
Poisson_ratio,float64,PHYSICS_THERMODYNAMICS,PREDICTOR_SAFE_CONDITIONAL,PREDICTOR_SAFE_CONDITIONAL,3,4.348,False,EXCLUDE,SOURCE_OR_QC_METADATA,Not used in Pilot M2,False,"Safe only after method, scope, timing, or availability control.",V1_PRECEDENT_RECONFIRMED
Lattice_parameter_nm,float64,PHYSICS_THERMODYNAMICS,PREDICTOR_SAFE_CONDITIONAL,PREDICTOR_SAFE_CONDITIONAL,8,11.594,False,EXCLUDE,SOURCE_OR_QC_METADATA,Not used in Pilot M2,False,"Safe only after method, scope, timing, or availability control.",V1_PRECEDENT_RECONFIRMED
Atomic_size_misfit_pct,float64,PHYSICS_THERMODYNAMICS,METADATA_ONLY,METADATA_ONLY,3,4.348,False,EXCLUDE,SOURCE_OR_QC_METADATA,Not used in Pilot M2,False,"Metadata can encode paper, workflow, or extraction artifacts rather than material behavior.",V1_PRECEDENT_RECONFIRMED
CSRO_present,object,PHYSICS_THERMODYNAMICS,PREDICTOR_SAFE_CONDITIONAL,PREDICTOR_SAFE_CONDITIONAL,3,4.348,False,EXCLUDE,SOURCE_OR_QC_METADATA,Not used in Pilot M2,False,"Safe only after method, scope, timing, or availability control.",V1_PRECEDENT_RECONFIRMED
TRIP,float64,TARGET,TARGET_ONLY,TARGET_ONLY,14,20.29,False,EXCLUDE,SOURCE_OR_QC_METADATA,Not used in Pilot M2,True,"The field is a target, direct target state, or target evidence.",V1_PRECEDENT_RECONFIRMED
TWIP,float64,TARGET,TARGET_ONLY,TARGET_ONLY,10,14.493,False,EXCLUDE,SOURCE_OR_QC_METADATA,Not used in Pilot M2,True,"The field is a target, direct target state, or target evidence.",V1_PRECEDENT_RECONFIRMED
Slip,object,TARGET,TARGET_ONLY,TARGET_ONLY,41,59.42,False,EXCLUDE,SOURCE_OR_QC_METADATA,Not used in Pilot M2,True,"The field is a target, direct target state, or target evidence.",V1_PRECEDENT_RECONFIRMED
Stacking_faulting,float64,TARGET,TARGET_ONLY,TARGET_ONLY,10,14.493,False,EXCLUDE,SOURCE_OR_QC_METADATA,Not used in Pilot M2,True,"The field is a target, direct target state, or target evidence.",V1_PRECEDENT_RECONFIRMED
HCP_to_FCC_reversion,object,TARGET,TARGET_ONLY,TARGET_ONLY,10,14.493,False,EXCLUDE,SOURCE_OR_QC_METADATA,Not used in Pilot M2,True,"The field is a target, direct target state, or target evidence.",V1_PRECEDENT_RECONFIRMED
Dominant_mechanism,object,TARGET,TARGET_ONLY,TARGET_ONLY,33,47.826,False,EXCLUDE,SOURCE_OR_QC_METADATA,Not used in Pilot M2,True,"The field is a target, direct target state, or target evidence.",V1_PRECEDENT_RECONFIRMED
HCP_fraction_at_condition,float64,POST_DEFORMATION_MICROSTRUCTURE,LEAKAGE_POST_TEST,POST_TEST_LEAKAGE,6,8.696,False,EXCLUDE,SOURCE_OR_QC_METADATA,Not used in Pilot M2,True,The field is observed only after tensile deformation starts or after fracture.,V1_PRECEDENT_RECONFIRMED
Twin_fraction_or_Sigma3,float64,POST_DEFORMATION_MICROSTRUCTURE,LEAKAGE_POST_TEST,POST_TEST_LEAKAGE,0,0.0,False,EXCLUDE,SOURCE_OR_QC_METADATA,Not used in Pilot M2,True,The field is observed only after tensile deformation starts or after fracture.,V1_PRECEDENT_RECONFIRMED
Twin_thickness_nm,float64,POST_DEFORMATION_MICROSTRUCTURE,LEAKAGE_POST_TEST,POST_TEST_LEAKAGE,0,0.0,False,EXCLUDE,SOURCE_OR_QC_METADATA,Not used in Pilot M2,True,The field is observed only after tensile deformation starts or after fracture.,V1_PRECEDENT_RECONFIRMED
HCP_lath_or_lamella_note,object,POST_DEFORMATION_MICROSTRUCTURE,LEAKAGE_POST_TEST,POST_TEST_LEAKAGE,9,13.043,False,EXCLUDE,SOURCE_OR_QC_METADATA,Not used in Pilot M2,True,The field is observed only after tensile deformation starts or after fracture.,V1_PRECEDENT_RECONFIRMED
YS_MPa,float64,MECHANICAL_RESPONSE,LEAKAGE_MECHANICAL_OUTCOME,MECHANICAL_OUTCOME_LEAKAGE,38,55.072,False,EXCLUDE,SOURCE_OR_QC_METADATA,Not used in Pilot M2,True,The field is an outcome of the same tensile test whose mechanisms are predicted.,V1_PRECEDENT_RECONFIRMED
YS_error_MPa,float64,MECHANICAL_RESPONSE,LEAKAGE_MECHANICAL_OUTCOME,MECHANICAL_OUTCOME_LEAKAGE,8,11.594,False,EXCLUDE,SOURCE_OR_QC_METADATA,Not used in Pilot M2,True,The field is an outcome of the same tensile test whose mechanisms are predicted.,V1_PRECEDENT_RECONFIRMED
UTS_MPa,float64,MECHANICAL_RESPONSE,LEAKAGE_MECHANICAL_OUTCOME,MECHANICAL_OUTCOME_LEAKAGE,36,52.174,False,EXCLUDE,SOURCE_OR_QC_METADATA,Not used in Pilot M2,True,The field is an outcome of the same tensile test whose mechanisms are predicted.,V1_PRECEDENT_RECONFIRMED
UTS_error_MPa,float64,MECHANICAL_RESPONSE,LEAKAGE_MECHANICAL_OUTCOME,MECHANICAL_OUTCOME_LEAKAGE,8,11.594,False,EXCLUDE,SOURCE_OR_QC_METADATA,Not used in Pilot M2,True,The field is an outcome of the same tensile test whose mechanisms are predicted.,V1_PRECEDENT_RECONFIRMED
Elongation_pct,float64,MECHANICAL_RESPONSE,LEAKAGE_MECHANICAL_OUTCOME,MECHANICAL_OUTCOME_LEAKAGE,32,46.377,False,EXCLUDE,SOURCE_OR_QC_METADATA,Not used in Pilot M2,True,The field is an outcome of the same tensile test whose mechanisms are predicted.,V1_PRECEDENT_RECONFIRMED
Elongation_error_pct,float64,MECHANICAL_RESPONSE,LEAKAGE_MECHANICAL_OUTCOME,MECHANICAL_OUTCOME_LEAKAGE,8,11.594,False,EXCLUDE,SOURCE_OR_QC_METADATA,Not used in Pilot M2,True,The field is an outcome of the same tensile test whose mechanisms are predicted.,V1_PRECEDENT_RECONFIRMED
Uniform_elongation_pct,float64,MECHANICAL_RESPONSE,LEAKAGE_MECHANICAL_OUTCOME,MECHANICAL_OUTCOME_LEAKAGE,8,11.594,False,EXCLUDE,SOURCE_OR_QC_METADATA,Not used in Pilot M2,True,The field is an outcome of the same tensile test whose mechanisms are predicted.,V1_PRECEDENT_RECONFIRMED
Critical_twin_stress_MPa,object,MODEL_DERIVED_RESPONSE,LEAKAGE_MODEL_DERIVED,MODEL_DERIVED_LEAKAGE,2,2.899,False,EXCLUDE,SOURCE_OR_QC_METADATA,Not used in Pilot M2,True,The field is derived or inferred from loading response or fitted mechanical behavior.,V1_PRECEDENT_RECONFIRMED
Critical_TRIP_stress_MPa,object,MODEL_DERIVED_RESPONSE,LEAKAGE_MODEL_DERIVED,MODEL_DERIVED_LEAKAGE,2,2.899,False,EXCLUDE,SOURCE_OR_QC_METADATA,Not used in Pilot M2,True,The field is derived or inferred from loading response or fitted mechanical behavior.,V1_PRECEDENT_RECONFIRMED
Twin_onset_true_strain,object,MODEL_DERIVED_RESPONSE,LEAKAGE_MODEL_DERIVED,MODEL_DERIVED_LEAKAGE,2,2.899,False,EXCLUDE,SOURCE_OR_QC_METADATA,Not used in Pilot M2,True,The field is derived or inferred from loading response or fitted mechanical behavior.,V1_PRECEDENT_RECONFIRMED
TRIP_onset_true_strain,object,MODEL_DERIVED_RESPONSE,LEAKAGE_MODEL_DERIVED,MODEL_DERIVED_LEAKAGE,2,2.899,False,EXCLUDE,SOURCE_OR_QC_METADATA,Not used in Pilot M2,True,The field is derived or inferred from loading response or fitted mechanical behavior.,V1_PRECEDENT_RECONFIRMED
Adiabatic_temperature_K,object,MODEL_DERIVED_RESPONSE,LEAKAGE_MODEL_DERIVED,MODEL_DERIVED_LEAKAGE,1,1.449,False,EXCLUDE,SOURCE_OR_QC_METADATA,Not used in Pilot M2,True,The field is derived or inferred from loading response or fitted mechanical behavior.,V1_PRECEDENT_RECONFIRMED
SFE_increase_dynamic_mJ_m2,object,MODEL_DERIVED_RESPONSE,LEAKAGE_MODEL_DERIVED,MODEL_DERIVED_LEAKAGE,1,1.449,False,EXCLUDE,SOURCE_OR_QC_METADATA,Not used in Pilot M2,True,The field is derived or inferred from loading response or fitted mechanical behavior.,V1_PRECEDENT_RECONFIRMED
Evidence_TRIP,object,TARGET,TARGET_ONLY,TARGET_ONLY,56,81.159,False,EXCLUDE,SOURCE_OR_QC_METADATA,Not used in Pilot M2,True,"The field is a target, direct target state, or target evidence.",V1_PRECEDENT_RECONFIRMED
Evidence_TWIP,object,TARGET,TARGET_ONLY,TARGET_ONLY,54,78.261,False,EXCLUDE,SOURCE_OR_QC_METADATA,Not used in Pilot M2,True,"The field is a target, direct target state, or target evidence.",V1_PRECEDENT_RECONFIRMED
Characterization_methods,object,PROVENANCE_QC,PROVENANCE_ONLY,PROVENANCE_ONLY,36,52.174,False,EXCLUDE,SOURCE_OR_QC_METADATA,Not used in Pilot M2,False,"Source, method, review, or QC bookkeeping can encode study and label-acquisition artifacts.",V1_PRECEDENT_RECONFIRMED
Image_usable_for_descriptors,object,PROVENANCE_QC,METADATA_ONLY,METADATA_ONLY,18,26.087,False,EXCLUDE,SOURCE_OR_QC_METADATA,Not used in Pilot M2,False,"Metadata can encode paper, workflow, or extraction artifacts rather than material behavior.",V1_PRECEDENT_RECONFIRMED
Source_location,object,PROVENANCE_QC,PROVENANCE_ONLY,PROVENANCE_ONLY,64,92.754,False,EXCLUDE,SOURCE_OR_QC_METADATA,Not used in Pilot M2,False,"Source, method, review, or QC bookkeeping can encode study and label-acquisition artifacts.",V1_PRECEDENT_RECONFIRMED
Label_confidence,object,PROVENANCE_QC,PROVENANCE_ONLY,PROVENANCE_ONLY,64,92.754,False,EXCLUDE,SOURCE_OR_QC_METADATA,Not used in Pilot M2,False,"Source, method, review, or QC bookkeeping can encode study and label-acquisition artifacts.",V1_PRECEDENT_RECONFIRMED
Notes,object,PROVENANCE_QC,PROVENANCE_ONLY,PROVENANCE_ONLY,37,53.623,False,EXCLUDE,SOURCE_OR_QC_METADATA,Not used in Pilot M2,False,"Source, method, review, or QC bookkeeping can encode study and label-acquisition artifacts.",V1_PRECEDENT_RECONFIRMED
Unmapped_Fields,object,PROVENANCE_QC,PROVENANCE_ONLY,PROVENANCE_ONLY,6,8.696,False,EXCLUDE,SOURCE_OR_QC_METADATA,Not used in Pilot M2,False,"Source, method, review, or QC bookkeeping can encode study and label-acquisition artifacts.",V1_PRECEDENT_RECONFIRMED
Source_File,object,PROVENANCE_QC,PROVENANCE_ONLY,PROVENANCE_ONLY,51,73.913,False,EXCLUDE,SOURCE_OR_QC_METADATA,Not used in Pilot M2,False,"Source, method, review, or QC bookkeeping can encode study and label-acquisition artifacts.",V1_PRECEDENT_RECONFIRMED
Source_Sheet,object,PROVENANCE_QC,PROVENANCE_ONLY,PROVENANCE_ONLY,51,73.913,False,EXCLUDE,SOURCE_OR_QC_METADATA,Not used in Pilot M2,False,"Source, method, review, or QC bookkeeping can encode study and label-acquisition artifacts.",V1_PRECEDENT_RECONFIRMED
Schema_Mapping_Review,object,PROVENANCE_QC,PROVENANCE_ONLY,PROVENANCE_ONLY,6,8.696,False,EXCLUDE,SOURCE_OR_QC_METADATA,Not used in Pilot M2,False,"Source, method, review, or QC bookkeeping can encode study and label-acquisition artifacts.",V1_PRECEDENT_RECONFIRMED
QC_Status,object,PROVENANCE_QC,PROVENANCE_ONLY,PROVENANCE_ONLY,18,26.087,False,EXCLUDE,SOURCE_OR_QC_METADATA,Not used in Pilot M2,False,"Source, method, review, or QC bookkeeping can encode study and label-acquisition artifacts.",V1_PRECEDENT_RECONFIRMED
Requires_Manual_Review,object,PROVENANCE_QC,PROVENANCE_ONLY,PROVENANCE_ONLY,18,26.087,False,EXCLUDE,SOURCE_OR_QC_METADATA,Not used in Pilot M2,False,"Source, method, review, or QC bookkeeping can encode study and label-acquisition artifacts.",V1_PRECEDENT_RECONFIRMED
Row_Role,object,PROVENANCE_QC,PROVENANCE_ONLY,PROVENANCE_ONLY,26,37.681,False,EXCLUDE,SOURCE_OR_QC_METADATA,Not used in Pilot M2,False,"Source, method, review, or QC bookkeeping can encode study and label-acquisition artifacts.",V1_PRECEDENT_RECONFIRMED
Target_Review_Status,object,PROVENANCE_QC,PROVENANCE_ONLY,PROVENANCE_ONLY,25,36.232,False,EXCLUDE,SOURCE_OR_QC_METADATA,Not used in Pilot M2,False,"Source, method, review, or QC bookkeeping can encode study and label-acquisition artifacts.",V1_PRECEDENT_RECONFIRMED
Schema_Review_Status,object,PROVENANCE_QC,PROVENANCE_ONLY,PROVENANCE_ONLY,18,26.087,False,EXCLUDE,SOURCE_OR_QC_METADATA,Not used in Pilot M2,False,"Source, method, review, or QC bookkeeping can encode study and label-acquisition artifacts.",V1_PRECEDENT_RECONFIRMED
Parent_Experiment_ID,object,IDENTITY_GROUPING,GROUPING_ONLY,GROUPING_ONLY,64,92.754,False,EXCLUDE,SOURCE_OR_QC_METADATA,Not used in Pilot M2,False,A grouping key would expose dependence or study/material identity.,V1_PRECEDENT_RECONFIRMED
ML_Condition_ID,object,IDENTITY_GROUPING,IDENTIFIER_ONLY,IDENTIFIER_ONLY,69,100.0,False,EXCLUDE,SOURCE_OR_QC_METADATA,Not used in Pilot M2,False,"The identifier can memorize paper, material, condition, or observation identity.",V1_PRECEDENT_RECONFIRMED
Observation_ID,object,IDENTITY_GROUPING,IDENTIFIER_ONLY,IDENTIFIER_ONLY,69,100.0,False,EXCLUDE,SOURCE_OR_QC_METADATA,Not used in Pilot M2,False,"The identifier can memorize paper, material, condition, or observation identity.",V1_PRECEDENT_RECONFIRMED
Data_Origin,object,PROVENANCE_QC,PROVENANCE_ONLY,PROVENANCE_ONLY,69,100.0,False,EXCLUDE,SOURCE_OR_QC_METADATA,Not used in Pilot M2,False,"Source, method, review, or QC bookkeeping can encode study and label-acquisition artifacts.",V1_PRECEDENT_RECONFIRMED
Observation_Role,object,PROVENANCE_QC,PROVENANCE_ONLY,PROVENANCE_ONLY,69,100.0,False,EXCLUDE,SOURCE_OR_QC_METADATA,Not used in Pilot M2,False,"Source, method, review, or QC bookkeeping can encode study and label-acquisition artifacts.",V1_PRECEDENT_RECONFIRMED
Deformation_Stage_ID,object,IDENTITY_GROUPING,IDENTIFIER_ONLY,IDENTIFIER_ONLY,0,0.0,False,EXCLUDE,SOURCE_OR_QC_METADATA,Not used in Pilot M2,False,"The identifier can memorize paper, material, condition, or observation identity.",V1_PRECEDENT_RECONFIRMED
Grouping_Review_Required,object,PROVENANCE_QC,PROVENANCE_ONLY,PROVENANCE_ONLY,69,100.0,False,EXCLUDE,SOURCE_OR_QC_METADATA,Not used in Pilot M2,False,"Source, method, review, or QC bookkeeping can encode study and label-acquisition artifacts.",V1_PRECEDENT_RECONFIRMED
Grouping_Confidence,object,PROVENANCE_QC,PROVENANCE_ONLY,PROVENANCE_ONLY,69,100.0,False,EXCLUDE,SOURCE_OR_QC_METADATA,Not used in Pilot M2,False,"Source, method, review, or QC bookkeeping can encode study and label-acquisition artifacts.",V1_PRECEDENT_RECONFIRMED
Grouping_Reason,object,PROVENANCE_QC,PROVENANCE_ONLY,PROVENANCE_ONLY,43,62.319,False,EXCLUDE,SOURCE_OR_QC_METADATA,Not used in Pilot M2,False,"Source, method, review, or QC bookkeeping can encode study and label-acquisition artifacts.",V1_PRECEDENT_RECONFIRMED
Recovered_Grain_size_um,float64,INITIAL_MICROSTRUCTURE,PREDICTOR_SAFE_DIRECT,PREDICTOR_SAFE_DIRECT,8,11.594,False,EXCLUDE,SOURCE_OR_QC_METADATA,Not used in Pilot M2,False,Direct source-supported information available before loading.,V1_PRECEDENT_RECONFIRMED
Recovered_ISFE_DFT_0K_mJ_m2,float64,PHYSICS_THERMODYNAMICS,PREDICTOR_SAFE_CONDITIONAL,PREDICTOR_SAFE_CONDITIONAL,0,0.0,False,EXCLUDE,SOURCE_OR_QC_METADATA,Not used in Pilot M2,False,"Safe only after method, scope, timing, or availability control.",V1_PRECEDENT_RECONFIRMED
Recovered_DeltaG_FCC_HCP_300K_J_mol,float64,PHYSICS_THERMODYNAMICS,PREDICTOR_SAFE_CONDITIONAL,PREDICTOR_SAFE_CONDITIONAL,3,4.348,False,EXCLUDE,SOURCE_OR_QC_METADATA,Not used in Pilot M2,False,"Safe only after method, scope, timing, or availability control.",V1_PRECEDENT_RECONFIRMED
Recovered_YS_MPa,float64,MECHANICAL_RESPONSE,LEAKAGE_MECHANICAL_OUTCOME,MECHANICAL_OUTCOME_LEAKAGE,9,13.043,False,EXCLUDE,SOURCE_OR_QC_METADATA,Not used in Pilot M2,True,The field is an outcome of the same tensile test whose mechanisms are predicted.,V1_PRECEDENT_RECONFIRMED
Recovered_UTS_MPa,float64,MECHANICAL_RESPONSE,LEAKAGE_MECHANICAL_OUTCOME,MECHANICAL_OUTCOME_LEAKAGE,6,8.696,False,EXCLUDE,SOURCE_OR_QC_METADATA,Not used in Pilot M2,True,The field is an outcome of the same tensile test whose mechanisms are predicted.,V1_PRECEDENT_RECONFIRMED
Recovered_Elongation_pct,float64,MECHANICAL_RESPONSE,LEAKAGE_MECHANICAL_OUTCOME,MECHANICAL_OUTCOME_LEAKAGE,5,7.246,False,EXCLUDE,SOURCE_OR_QC_METADATA,Not used in Pilot M2,True,The field is an outcome of the same tensile test whose mechanisms are predicted.,V1_PRECEDENT_RECONFIRMED
Recovered_Uniform_elongation_pct,float64,MECHANICAL_RESPONSE,LEAKAGE_MECHANICAL_OUTCOME,MECHANICAL_OUTCOME_LEAKAGE,6,8.696,False,EXCLUDE,SOURCE_OR_QC_METADATA,Not used in Pilot M2,True,The field is an outcome of the same tensile test whose mechanisms are predicted.,V1_PRECEDENT_RECONFIRMED
Recovered_Initial_FCC_fraction,float64,INITIAL_MICROSTRUCTURE,PREDICTOR_SAFE_DIRECT,PREDICTOR_SAFE_DIRECT,13,18.841,False,EXCLUDE,SOURCE_OR_QC_METADATA,Not used in Pilot M2,False,Direct source-supported information available before loading.,V1_PRECEDENT_RECONFIRMED
Recovered_Initial_HCP_fraction,float64,INITIAL_MICROSTRUCTURE,PREDICTOR_SAFE_DIRECT,PREDICTOR_SAFE_DIRECT,31,44.928,False,EXCLUDE,SOURCE_OR_QC_METADATA,Not used in Pilot M2,False,Direct source-supported information available before loading.,V1_PRECEDENT_RECONFIRMED
Recovered_TRIP,float64,TARGET,TARGET_ONLY,TARGET_ONLY,28,40.58,False,EXCLUDE,SOURCE_OR_QC_METADATA,Not used in Pilot M2,True,"The field is a target, direct target state, or target evidence.",V1_PRECEDENT_RECONFIRMED
Recovered_TWIP,float64,TARGET,TARGET_ONLY,TARGET_ONLY,29,42.029,False,EXCLUDE,SOURCE_OR_QC_METADATA,Not used in Pilot M2,True,"The field is a target, direct target state, or target evidence.",V1_PRECEDENT_RECONFIRMED
Recovered_Recrystallized_fraction,float64,INITIAL_MICROSTRUCTURE,PREDICTOR_SAFE_DIRECT,PREDICTOR_SAFE_DIRECT,6,8.696,False,EXCLUDE,SOURCE_OR_QC_METADATA,Not used in Pilot M2,False,Direct source-supported information available before loading.,V1_PRECEDENT_RECONFIRMED
Recovered_SFE_assumed_for_calculation_mJ_m2,float64,PHYSICS_THERMODYNAMICS,METADATA_ONLY,METADATA_ONLY,2,2.899,False,EXCLUDE,SOURCE_OR_QC_METADATA,Not used in Pilot M2,False,"Metadata can encode paper, workflow, or extraction artifacts rather than material behavior.",V1_PRECEDENT_RECONFIRMED
Recovery_Provenance_JSON,object,PROVENANCE_QC,PROVENANCE_ONLY,PROVENANCE_ONLY,7,10.145,False,EXCLUDE,SOURCE_OR_QC_METADATA,Not used in Pilot M2,False,"Source, method, review, or QC bookkeeping can encode study and label-acquisition artifacts.",V1_PRECEDENT_RECONFIRMED
Target_Correction_TRIP,float64,TARGET,TARGET_ONLY,TARGET_ONLY,0,0.0,False,EXCLUDE,SOURCE_OR_QC_METADATA,Not used in Pilot M2,True,"The field is a target, direct target state, or target evidence.",V1_PRECEDENT_RECONFIRMED
Target_Correction_TWIP,object,TARGET,TARGET_ONLY,TARGET_ONLY,0,0.0,False,EXCLUDE,SOURCE_OR_QC_METADATA,Not used in Pilot M2,True,"The field is a target, direct target state, or target evidence.",V1_PRECEDENT_RECONFIRMED
Resolution_Provenance_JSON,object,PROVENANCE_QC,PROVENANCE_ONLY,PROVENANCE_ONLY,6,8.696,False,EXCLUDE,SOURCE_OR_QC_METADATA,Not used in Pilot M2,False,"Source, method, review, or QC bookkeeping can encode study and label-acquisition artifacts.",V1_PRECEDENT_RECONFIRMED
Effective_TRIP,float64,TARGET,TARGET_ONLY,TARGET_ONLY,37,53.623,False,EXCLUDE,SOURCE_OR_QC_METADATA,Not used in Pilot M2,True,"The field is a target, direct target state, or target evidence.",V1_PRECEDENT_RECONFIRMED
Effective_TWIP,float64,TARGET,TARGET_ONLY,TARGET_ONLY,36,52.174,False,EXCLUDE,SOURCE_OR_QC_METADATA,Not used in Pilot M2,True,"The field is a target, direct target state, or target evidence.",V1_PRECEDENT_RECONFIRMED
Study_Series_ID,object,IDENTITY_GROUPING,GROUPING_ONLY,GROUPING_ONLY,53,76.812,False,EXCLUDE,SOURCE_OR_QC_METADATA,Not used in Pilot M2,False,A grouping key would expose dependence or study/material identity.,V1_PRECEDENT_RECONFIRMED
Material_Parent_ID,object,IDENTITY_GROUPING,GROUPING_ONLY,GROUPING_ONLY,53,76.812,False,EXCLUDE,SOURCE_OR_QC_METADATA,Not used in Pilot M2,False,A grouping key would expose dependence or study/material identity.,V1_PRECEDENT_RECONFIRMED
Physical_Batch_ID,float64,IDENTITY_GROUPING,GROUPING_ONLY,GROUPING_ONLY,0,0.0,False,EXCLUDE,SOURCE_OR_QC_METADATA,Not used in Pilot M2,False,A grouping key would expose dependence or study/material identity.,V1_PRECEDENT_RECONFIRMED
Replicate_ID,float64,IDENTITY_GROUPING,GROUPING_ONLY,GROUPING_ONLY,0,0.0,False,EXCLUDE,SOURCE_OR_QC_METADATA,Not used in Pilot M2,False,A grouping key would expose dependence or study/material identity.,V1_PRECEDENT_RECONFIRMED
Leakage_Group_Strict,object,IDENTITY_GROUPING,GROUPING_ONLY,GROUPING_ONLY,53,76.812,False,EXCLUDE,SOURCE_OR_QC_METADATA,Not used in Pilot M2,False,A grouping key would expose dependence or study/material identity.,V1_PRECEDENT_RECONFIRMED
Leakage_Group_Material,object,IDENTITY_GROUPING,GROUPING_ONLY,GROUPING_ONLY,53,76.812,False,EXCLUDE,SOURCE_OR_QC_METADATA,Not used in Pilot M2,False,A grouping key would expose dependence or study/material identity.,V1_PRECEDENT_RECONFIRMED
Parent_Linkage_Status,object,PROVENANCE_QC,PROVENANCE_ONLY,PROVENANCE_ONLY,5,7.246,False,EXCLUDE,SOURCE_OR_QC_METADATA,Not used in Pilot M2,False,"Source, method, review, or QC bookkeeping can encode study and label-acquisition artifacts.",V1_PRECEDENT_RECONFIRMED
Aggregate_Property_Status,object,PROVENANCE_QC,PROVENANCE_ONLY,PROVENANCE_ONLY,8,11.594,False,EXCLUDE,SOURCE_OR_QC_METADATA,Not used in Pilot M2,False,"Source, method, review, or QC bookkeeping can encode study and label-acquisition artifacts.",V1_PRECEDENT_RECONFIRMED
Parent_ML_Condition_ID,object,IDENTITY_GROUPING,GROUPING_ONLY,GROUPING_ONLY,52,75.362,False,EXCLUDE,SOURCE_OR_QC_METADATA,Not used in Pilot M2,False,A grouping key would expose dependence or study/material identity.,V1_PRECEDENT_RECONFIRMED
YS_mean,float64,MECHANICAL_RESPONSE,LEAKAGE_MECHANICAL_OUTCOME,MECHANICAL_OUTCOME_LEAKAGE,18,26.087,False,EXCLUDE,SOURCE_OR_QC_METADATA,Not used in Pilot M2,True,The field is an outcome of the same tensile test whose mechanisms are predicted.,V1_PRECEDENT_RECONFIRMED
YS_uncertainty,float64,MECHANICAL_RESPONSE,LEAKAGE_MECHANICAL_OUTCOME,MECHANICAL_OUTCOME_LEAKAGE,10,14.493,False,EXCLUDE,SOURCE_OR_QC_METADATA,Not used in Pilot M2,True,The field is an outcome of the same tensile test whose mechanisms are predicted.,V1_PRECEDENT_RECONFIRMED
UTS_mean,float64,MECHANICAL_RESPONSE,LEAKAGE_MECHANICAL_OUTCOME,MECHANICAL_OUTCOME_LEAKAGE,19,27.536,False,EXCLUDE,SOURCE_OR_QC_METADATA,Not used in Pilot M2,True,The field is an outcome of the same tensile test whose mechanisms are predicted.,V1_PRECEDENT_RECONFIRMED
UTS_uncertainty,float64,MECHANICAL_RESPONSE,LEAKAGE_MECHANICAL_OUTCOME,MECHANICAL_OUTCOME_LEAKAGE,10,14.493,False,EXCLUDE,SOURCE_OR_QC_METADATA,Not used in Pilot M2,True,The field is an outcome of the same tensile test whose mechanisms are predicted.,V1_PRECEDENT_RECONFIRMED
TE_mean,float64,MECHANICAL_RESPONSE,LEAKAGE_MECHANICAL_OUTCOME,MECHANICAL_OUTCOME_LEAKAGE,19,27.536,False,EXCLUDE,SOURCE_OR_QC_METADATA,Not used in Pilot M2,True,The field is an outcome of the same tensile test whose mechanisms are predicted.,V1_PRECEDENT_RECONFIRMED
TE_uncertainty,float64,MECHANICAL_RESPONSE,LEAKAGE_MECHANICAL_OUTCOME,MECHANICAL_OUTCOME_LEAKAGE,10,14.493,False,EXCLUDE,SOURCE_OR_QC_METADATA,Not used in Pilot M2,True,The field is an outcome of the same tensile test whose mechanisms are predicted.,V1_PRECEDENT_RECONFIRMED
UE_mean,float64,MECHANICAL_RESPONSE,LEAKAGE_MECHANICAL_OUTCOME,MECHANICAL_OUTCOME_LEAKAGE,5,7.246,False,EXCLUDE,SOURCE_OR_QC_METADATA,Not used in Pilot M2,True,The field is an outcome of the same tensile test whose mechanisms are predicted.,V1_PRECEDENT_RECONFIRMED
UE_uncertainty,float64,MECHANICAL_RESPONSE,LEAKAGE_MECHANICAL_OUTCOME,MECHANICAL_OUTCOME_LEAKAGE,5,7.246,False,EXCLUDE,SOURCE_OR_QC_METADATA,Not used in Pilot M2,True,The field is an outcome of the same tensile test whose mechanisms are predicted.,V1_PRECEDENT_RECONFIRMED
Replicate_n,float64,IDENTITY_GROUPING,GROUPING_ONLY,GROUPING_ONLY,26,37.681,False,EXCLUDE,SOURCE_OR_QC_METADATA,Not used in Pilot M2,False,A grouping key would expose dependence or study/material identity.,V1_PRECEDENT_RECONFIRMED
uncertainty_type,object,PROVENANCE_QC,PROVENANCE_ONLY,PROVENANCE_ONLY,10,14.493,False,EXCLUDE,SOURCE_OR_QC_METADATA,Not used in Pilot M2,False,"Source, method, review, or QC bookkeeping can encode study and label-acquisition artifacts.",V1_PRECEDENT_RECONFIRMED
P008_Record_Role,object,PROVENANCE_QC,PROVENANCE_ONLY,PROVENANCE_ONLY,6,8.696,False,EXCLUDE,SOURCE_OR_QC_METADATA,Not used in Pilot M2,False,"Source, method, review, or QC bookkeeping can encode study and label-acquisition artifacts.",V1_PRECEDENT_RECONFIRMED
P008_Legacy_Mapping_Status,object,PROVENANCE_QC,PROVENANCE_ONLY,PROVENANCE_ONLY,6,8.696,False,EXCLUDE,SOURCE_OR_QC_METADATA,Not used in Pilot M2,False,"Source, method, review, or QC bookkeeping can encode study and label-acquisition artifacts.",V1_PRECEDENT_RECONFIRMED
P008_Source_State,object,PROCESSING,PREDICTOR_SAFE_CONDITIONAL,PREDICTOR_SAFE_CONDITIONAL,6,8.696,False,EXCLUDE,SOURCE_OR_QC_METADATA,Not used in Pilot M2,False,"Safe only after method, scope, timing, or availability control.",V1_PRECEDENT_RECONFIRMED
Recovered_Bulk_Composition_at_pct,object,CHEMISTRY,PREDICTOR_SAFE_DIRECT,PREDICTOR_SAFE_DIRECT,6,8.696,False,EXCLUDE,SOURCE_OR_QC_METADATA,Not used in Pilot M2,False,Direct source-supported information available before loading.,V1_PRECEDENT_RECONFIRMED
Recovered_Composition_Status,object,CHEMISTRY,PROVENANCE_ONLY,PROVENANCE_ONLY,21,30.435,False,EXCLUDE,SOURCE_OR_QC_METADATA,Not used in Pilot M2,False,"Source, method, review, or QC bookkeeping can encode study and label-acquisition artifacts.",V1_PRECEDENT_RECONFIRMED
Recovered_Processing_route,object,PROCESSING,PREDICTOR_SAFE_DIRECT,PREDICTOR_SAFE_DIRECT,9,13.043,False,EXCLUDE,SOURCE_OR_QC_METADATA,Not used in Pilot M2,False,Direct source-supported information available before loading.,V1_PRECEDENT_RECONFIRMED
Recovered_Test_T_Reported,object,TEST_CONDITIONS,PREDICTOR_SAFE_CONDITIONAL,PREDICTOR_SAFE_CONDITIONAL,12,17.391,False,EXCLUDE,SOURCE_OR_QC_METADATA,Not used in Pilot M2,False,"Safe only after method, scope, timing, or availability control.",V1_PRECEDENT_RECONFIRMED
Recovered_Test_T_Status,object,TEST_CONDITIONS,PROVENANCE_ONLY,PROVENANCE_ONLY,12,17.391,False,EXCLUDE,SOURCE_OR_QC_METADATA,Not used in Pilot M2,False,"Source, method, review, or QC bookkeeping can encode study and label-acquisition artifacts.",V1_PRECEDENT_RECONFIRMED
Recovered_Grain_size_scope,object,INITIAL_MICROSTRUCTURE,PROVENANCE_ONLY,PROVENANCE_ONLY,16,23.188,False,EXCLUDE,SOURCE_OR_QC_METADATA,Not used in Pilot M2,False,"Source, method, review, or QC bookkeeping can encode study and label-acquisition artifacts.",V1_PRECEDENT_RECONFIRMED
Recovered_Grain_size_status,object,INITIAL_MICROSTRUCTURE,PROVENANCE_ONLY,PROVENANCE_ONLY,9,13.043,False,EXCLUDE,SOURCE_OR_QC_METADATA,Not used in Pilot M2,False,"Source, method, review, or QC bookkeeping can encode study and label-acquisition artifacts.",V1_PRECEDENT_RECONFIRMED
Recovered_Initial_HCP_status,object,INITIAL_MICROSTRUCTURE,PROVENANCE_ONLY,PROVENANCE_ONLY,27,39.13,False,EXCLUDE,SOURCE_OR_QC_METADATA,Not used in Pilot M2,False,"Source, method, review, or QC bookkeeping can encode study and label-acquisition artifacts.",V1_PRECEDENT_RECONFIRMED
Initial_BCC_alpha_martensite_fraction,float64,INITIAL_MICROSTRUCTURE,PREDICTOR_SAFE_CONDITIONAL,PREDICTOR_SAFE_CONDITIONAL,3,4.348,False,EXCLUDE,SOURCE_OR_QC_METADATA,Not used in Pilot M2,False,"Safe only after method, scope, timing, or availability control.",V1_PRECEDENT_RECONFIRMED
Initial_BCC_alpha_martensite_status,object,INITIAL_MICROSTRUCTURE,PROVENANCE_ONLY,PROVENANCE_ONLY,6,8.696,False,EXCLUDE,SOURCE_OR_QC_METADATA,Not used in Pilot M2,False,"Source, method, review, or QC bookkeeping can encode study and label-acquisition artifacts.",V1_PRECEDENT_RECONFIRMED
Recovered_Recrystallized_fraction_status,object,INITIAL_MICROSTRUCTURE,PROVENANCE_ONLY,PROVENANCE_ONLY,9,13.043,False,EXCLUDE,SOURCE_OR_QC_METADATA,Not used in Pilot M2,False,"Source, method, review, or QC bookkeeping can encode study and label-acquisition artifacts.",V1_PRECEDENT_RECONFIRMED
Recovered_YS_status,object,PROVENANCE_QC,PROVENANCE_ONLY,PROVENANCE_ONLY,6,8.696,False,EXCLUDE,SOURCE_OR_QC_METADATA,Not used in Pilot M2,False,"Source, method, review, or QC bookkeeping can encode study and label-acquisition artifacts.",V1_PRECEDENT_RECONFIRMED
Recovered_UTS_status,object,PROVENANCE_QC,PROVENANCE_ONLY,PROVENANCE_ONLY,6,8.696,False,EXCLUDE,SOURCE_OR_QC_METADATA,Not used in Pilot M2,False,"Source, method, review, or QC bookkeeping can encode study and label-acquisition artifacts.",V1_PRECEDENT_RECONFIRMED
Recovered_Uniform_elongation_status,object,PROVENANCE_QC,PROVENANCE_ONLY,PROVENANCE_ONLY,6,8.696,False,EXCLUDE,SOURCE_OR_QC_METADATA,Not used in Pilot M2,False,"Source, method, review, or QC bookkeeping can encode study and label-acquisition artifacts.",V1_PRECEDENT_RECONFIRMED
SFE_scope,object,PHYSICS_THERMODYNAMICS,PROVENANCE_ONLY,PROVENANCE_ONLY,9,13.043,False,EXCLUDE,SOURCE_OR_QC_METADATA,Not used in Pilot M2,False,"Source, method, review, or QC bookkeeping can encode study and label-acquisition artifacts.",V1_PRECEDENT_RECONFIRMED
SFE_value_alloy_level_mJ_m2,float64,PHYSICS_THERMODYNAMICS,PREDICTOR_SAFE_CONDITIONAL,PREDICTOR_SAFE_CONDITIONAL,6,8.696,False,EXCLUDE,SOURCE_OR_QC_METADATA,Not used in Pilot M2,False,"Safe only after method, scope, timing, or availability control.",V1_PRECEDENT_RECONFIRMED
SFE_status,object,PHYSICS_THERMODYNAMICS,PROVENANCE_ONLY,PROVENANCE_ONLY,9,13.043,False,EXCLUDE,SOURCE_OR_QC_METADATA,Not used in Pilot M2,False,"Source, method, review, or QC bookkeeping can encode study and label-acquisition artifacts.",V1_PRECEDENT_RECONFIRMED
SFE_source_provenance,object,PHYSICS_THERMODYNAMICS,PROVENANCE_ONLY,PROVENANCE_ONLY,9,13.043,False,EXCLUDE,SOURCE_OR_QC_METADATA,Not used in Pilot M2,False,"Source, method, review, or QC bookkeeping can encode study and label-acquisition artifacts.",V1_PRECEDENT_RECONFIRMED
Alpha_lath_thickness,object,INITIAL_MICROSTRUCTURE,PREDICTOR_SAFE_CONDITIONAL,PREDICTOR_SAFE_CONDITIONAL,1,1.449,False,EXCLUDE,SOURCE_OR_QC_METADATA,Not used in Pilot M2,False,"Safe only after method, scope, timing, or availability control.",V1_PRECEDENT_RECONFIRMED
Alpha_lath_spacing,object,INITIAL_MICROSTRUCTURE,PREDICTOR_SAFE_CONDITIONAL,PREDICTOR_SAFE_CONDITIONAL,1,1.449,False,EXCLUDE,SOURCE_OR_QC_METADATA,Not used in Pilot M2,False,"Safe only after method, scope, timing, or availability control.",V1_PRECEDENT_RECONFIRMED
Recovery_twin_fraction,float64,INITIAL_MICROSTRUCTURE,PREDICTOR_SAFE_CONDITIONAL,PREDICTOR_SAFE_CONDITIONAL,1,1.449,False,EXCLUDE,SOURCE_OR_QC_METADATA,Not used in Pilot M2,False,"Safe only after method, scope, timing, or availability control.",V1_PRECEDENT_RECONFIRMED
Recovery_twin_thickness,object,INITIAL_MICROSTRUCTURE,PREDICTOR_SAFE_CONDITIONAL,PREDICTOR_SAFE_CONDITIONAL,1,1.449,False,EXCLUDE,SOURCE_OR_QC_METADATA,Not used in Pilot M2,False,"Safe only after method, scope, timing, or availability control.",V1_PRECEDENT_RECONFIRMED
Recovery_twin_spacing_observed,object,INITIAL_MICROSTRUCTURE,PREDICTOR_SAFE_CONDITIONAL,PREDICTOR_SAFE_CONDITIONAL,1,1.449,False,EXCLUDE,SOURCE_OR_QC_METADATA,Not used in Pilot M2,False,"Safe only after method, scope, timing, or availability control.",V1_PRECEDENT_RECONFIRMED
Recovery_twin_spacing_fraction_input_nm,float64,INITIAL_MICROSTRUCTURE,PREDICTOR_SAFE_CONDITIONAL,PREDICTOR_SAFE_CONDITIONAL,1,1.449,False,EXCLUDE,SOURCE_OR_QC_METADATA,Not used in Pilot M2,False,"Safe only after method, scope, timing, or availability control.",V1_PRECEDENT_RECONFIRMED
Deformation_twin_width,object,POST_DEFORMATION_MICROSTRUCTURE,LEAKAGE_POST_TEST,POST_TEST_LEAKAGE,1,1.449,False,EXCLUDE,SOURCE_OR_QC_METADATA,Not used in Pilot M2,True,The field is observed only after tensile deformation starts or after fracture.,V1_PRECEDENT_RECONFIRMED
Deformation_twin_spacing,object,POST_DEFORMATION_MICROSTRUCTURE,LEAKAGE_POST_TEST,POST_TEST_LEAKAGE,1,1.449,False,EXCLUDE,SOURCE_OR_QC_METADATA,Not used in Pilot M2,True,The field is observed only after tensile deformation starts or after fracture.,V1_PRECEDENT_RECONFIRMED
Precipitate_type,object,INITIAL_MICROSTRUCTURE,PREDICTOR_SAFE_CONDITIONAL,PREDICTOR_SAFE_CONDITIONAL,8,11.594,False,EXCLUDE,SOURCE_OR_QC_METADATA,Not used in Pilot M2,False,"Safe only after method, scope, timing, or availability control.",V1_PRECEDENT_RECONFIRMED
APT_local_composition,object,CHEMISTRY,PREDICTOR_SAFE_CONDITIONAL,PREDICTOR_SAFE_CONDITIONAL,1,1.449,False,EXCLUDE,SOURCE_OR_QC_METADATA,Not used in Pilot M2,False,"Safe only after method, scope, timing, or availability control.",V1_PRECEDENT_RECONFIRMED
EDS_local_composition,object,CHEMISTRY,PREDICTOR_SAFE_CONDITIONAL,PREDICTOR_SAFE_CONDITIONAL,1,1.449,False,EXCLUDE,SOURCE_OR_QC_METADATA,Not used in Pilot M2,False,"Safe only after method, scope, timing, or availability control.",V1_PRECEDENT_RECONFIRMED
P008_Recovery_Provenance_JSON,object,PROVENANCE_QC,PROVENANCE_ONLY,PROVENANCE_ONLY,1,1.449,False,EXCLUDE,SOURCE_OR_QC_METADATA,Not used in Pilot M2,False,"Source, method, review, or QC bookkeeping can encode study and label-acquisition artifacts.",V1_PRECEDENT_RECONFIRMED
Independent_ML_sample,object,IDENTITY_GROUPING,GROUPING_ONLY,GROUPING_ONLY,42,60.87,False,EXCLUDE,SOURCE_OR_QC_METADATA,Not used in Pilot M2,False,A grouping key would expose dependence or study/material identity.,V1_PRECEDENT_RECONFIRMED
Nominal_Composition_at_pct,object,CHEMISTRY,PREDICTOR_SAFE_DIRECT,PREDICTOR_SAFE_DIRECT,33,47.826,False,EXCLUDE,SOURCE_OR_QC_METADATA,Not used in Pilot M2,False,Direct source-supported information available before loading.,V1_PRECEDENT_RECONFIRMED
Measured_Composition_Status,object,CHEMISTRY,PROVENANCE_ONLY,PROVENANCE_ONLY,36,52.174,False,EXCLUDE,SOURCE_OR_QC_METADATA,Not used in Pilot M2,False,"Source, method, review, or QC bookkeeping can encode study and label-acquisition artifacts.",V1_PRECEDENT_RECONFIRMED
Cr_at%_uncertainty,float64,CHEMISTRY,PREDICTOR_SAFE_CONDITIONAL,PREDICTOR_SAFE_CONDITIONAL,3,4.348,False,EXCLUDE,SOURCE_OR_QC_METADATA,Not used in Pilot M2,False,"Safe only after method, scope, timing, or availability control.",V1_PRECEDENT_RECONFIRMED
Mn_at%_uncertainty,float64,CHEMISTRY,PREDICTOR_SAFE_CONDITIONAL,PREDICTOR_SAFE_CONDITIONAL,3,4.348,False,EXCLUDE,SOURCE_OR_QC_METADATA,Not used in Pilot M2,False,"Safe only after method, scope, timing, or availability control.",V1_PRECEDENT_RECONFIRMED
Fe_at%_uncertainty,float64,CHEMISTRY,PREDICTOR_SAFE_CONDITIONAL,PREDICTOR_SAFE_CONDITIONAL,3,4.348,False,EXCLUDE,SOURCE_OR_QC_METADATA,Not used in Pilot M2,False,"Safe only after method, scope, timing, or availability control.",V1_PRECEDENT_RECONFIRMED
Co_at%_uncertainty,float64,CHEMISTRY,PREDICTOR_SAFE_CONDITIONAL,PREDICTOR_SAFE_CONDITIONAL,3,4.348,False,EXCLUDE,SOURCE_OR_QC_METADATA,Not used in Pilot M2,False,"Safe only after method, scope, timing, or availability control.",V1_PRECEDENT_RECONFIRMED
Ni_at%_uncertainty,float64,CHEMISTRY,PREDICTOR_SAFE_CONDITIONAL,PREDICTOR_SAFE_CONDITIONAL,3,4.348,False,EXCLUDE,SOURCE_OR_QC_METADATA,Not used in Pilot M2,False,"Safe only after method, scope, timing, or availability control.",V1_PRECEDENT_RECONFIRMED
Initial_Phase_State_Qualitative,object,INITIAL_MICROSTRUCTURE,PREDICTOR_SAFE_CONDITIONAL,PREDICTOR_SAFE_CONDITIONAL,33,47.826,False,EXCLUDE,SOURCE_OR_QC_METADATA,Not used in Pilot M2,False,"Safe only after method, scope, timing, or availability control.",V1_PRECEDENT_RECONFIRMED
Initial_Phase_Status,object,PROVENANCE_QC,PROVENANCE_ONLY,PROVENANCE_ONLY,37,53.623,False,EXCLUDE,SOURCE_OR_QC_METADATA,Not used in Pilot M2,False,"Source, method, review, or QC bookkeeping can encode study and label-acquisition artifacts.",V1_PRECEDENT_RECONFIRMED
Magnetic_transition_T_K,float64,PHYSICS_THERMODYNAMICS,PREDICTOR_SAFE_CONDITIONAL,PREDICTOR_SAFE_CONDITIONAL,3,4.348,False,EXCLUDE,SOURCE_OR_QC_METADATA,Not used in Pilot M2,False,"Safe only after method, scope, timing, or availability control.",V1_PRECEDENT_RECONFIRMED
Magnetic_transition_Status,object,PHYSICS_THERMODYNAMICS,PROVENANCE_ONLY,PROVENANCE_ONLY,3,4.348,False,EXCLUDE,SOURCE_OR_QC_METADATA,Not used in Pilot M2,False,"Source, method, review, or QC bookkeeping can encode study and label-acquisition artifacts.",V1_PRECEDENT_RECONFIRMED
Low_T_Magnetic_Behavior,object,PHYSICS_THERMODYNAMICS,PREDICTOR_SAFE_CONDITIONAL,PREDICTOR_SAFE_CONDITIONAL,3,4.348,False,EXCLUDE,SOURCE_OR_QC_METADATA,Not used in Pilot M2,False,"Safe only after method, scope, timing, or availability control.",V1_PRECEDENT_RECONFIRMED
Low_T_Magnetic_Behavior_T_K,float64,PHYSICS_THERMODYNAMICS,PREDICTOR_SAFE_CONDITIONAL,PREDICTOR_SAFE_CONDITIONAL,3,4.348,False,EXCLUDE,SOURCE_OR_QC_METADATA,Not used in Pilot M2,False,"Safe only after method, scope, timing, or availability control.",V1_PRECEDENT_RECONFIRMED
Computational_Magnetic_States,object,COMPUTATIONAL_ONLY,COMPUTATIONAL_ONLY,COMPUTATIONAL_ONLY,3,4.348,False,EXCLUDE,SOURCE_OR_QC_METADATA,Not used in Pilot M2,False,The descriptor is confined to a non-equivalent computational domain.,V1_PRECEDENT_RECONFIRMED
PM_Model,object,COMPUTATIONAL_ONLY,COMPUTATIONAL_ONLY,COMPUTATIONAL_ONLY,3,4.348,False,EXCLUDE,SOURCE_OR_QC_METADATA,Not used in Pilot M2,False,The descriptor is confined to a non-equivalent computational domain.,V1_PRECEDENT_RECONFIRMED
AFM_Model,object,COMPUTATIONAL_ONLY,COMPUTATIONAL_ONLY,COMPUTATIONAL_ONLY,3,4.348,False,EXCLUDE,SOURCE_OR_QC_METADATA,Not used in Pilot M2,False,The descriptor is confined to a non-equivalent computational domain.,V1_PRECEDENT_RECONFIRMED
Computational_SFE_Scope,object,COMPUTATIONAL_ONLY,COMPUTATIONAL_ONLY,COMPUTATIONAL_ONLY,3,4.348,False,EXCLUDE,SOURCE_OR_QC_METADATA,Not used in Pilot M2,False,The descriptor is confined to a non-equivalent computational domain.,V1_PRECEDENT_RECONFIRMED
SFE_Relative_Trend,object,COMPUTATIONAL_ONLY,COMPUTATIONAL_ONLY,COMPUTATIONAL_ONLY,3,4.348,False,EXCLUDE,SOURCE_OR_QC_METADATA,Not used in Pilot M2,False,The descriptor is confined to a non-equivalent computational domain.,V1_PRECEDENT_RECONFIRMED
Finite_T_SFE_Excitations_Status,object,COMPUTATIONAL_ONLY,COMPUTATIONAL_ONLY,COMPUTATIONAL_ONLY,3,4.348,False,EXCLUDE,SOURCE_OR_QC_METADATA,Not used in Pilot M2,False,The descriptor is confined to a non-equivalent computational domain.,V1_PRECEDENT_RECONFIRMED
P010_Record_Role,object,PROVENANCE_QC,PROVENANCE_ONLY,PROVENANCE_ONLY,3,4.348,False,EXCLUDE,SOURCE_OR_QC_METADATA,Not used in Pilot M2,False,"Source, method, review, or QC bookkeeping can encode study and label-acquisition artifacts.",V1_PRECEDENT_RECONFIRMED
P010_Recovery_Provenance_JSON,object,PROVENANCE_QC,PROVENANCE_ONLY,PROVENANCE_ONLY,3,4.348,False,EXCLUDE,SOURCE_OR_QC_METADATA,Not used in Pilot M2,False,"Source, method, review, or QC bookkeeping can encode study and label-acquisition artifacts.",V1_PRECEDENT_RECONFIRMED
Processing_State_ID,object,IDENTITY_GROUPING,IDENTIFIER_ONLY,IDENTIFIER_ONLY,24,34.783,False,EXCLUDE,SOURCE_OR_QC_METADATA,Not used in Pilot M2,False,"The identifier can memorize paper, material, condition, or observation identity.",V1_PRECEDENT_RECONFIRMED
Source_Material_ID,object,IDENTITY_GROUPING,GROUPING_ONLY,GROUPING_ONLY,4,5.797,False,EXCLUDE,SOURCE_OR_QC_METADATA,Not used in Pilot M2,False,A grouping key would expose dependence or study/material identity.,V1_PRECEDENT_RECONFIRMED
Sintering_T_C,float64,PROCESSING,PREDICTOR_SAFE_DIRECT,PREDICTOR_SAFE_DIRECT,4,5.797,False,EXCLUDE,SOURCE_OR_QC_METADATA,Not used in Pilot M2,False,Direct source-supported information available before loading.,V1_PRECEDENT_RECONFIRMED
Relative_Density_pct,float64,INITIAL_MICROSTRUCTURE,PREDICTOR_SAFE_DIRECT,PREDICTOR_SAFE_DIRECT,4,5.797,False,EXCLUDE,SOURCE_OR_QC_METADATA,Not used in Pilot M2,False,Direct source-supported information available before loading.,V1_PRECEDENT_RECONFIRMED
Effective_Grain_Size_Including_TB_PhaseBoundary_um,float64,INITIAL_MICROSTRUCTURE,PREDICTOR_SAFE_DIRECT,PREDICTOR_SAFE_DIRECT,4,5.797,False,EXCLUDE,SOURCE_OR_QC_METADATA,Not used in Pilot M2,False,Direct source-supported information available before loading.,V1_PRECEDENT_RECONFIRMED
Initial_Sigma3_TB_fraction,float64,INITIAL_MICROSTRUCTURE,PREDICTOR_SAFE_DIRECT,PREDICTOR_SAFE_DIRECT,10,14.493,False,EXCLUDE,SOURCE_OR_QC_METADATA,Not used in Pilot M2,False,Direct source-supported information available before loading.,V1_PRECEDENT_RECONFIRMED
Initial_Twin_Type,object,INITIAL_MICROSTRUCTURE,PREDICTOR_SAFE_CONDITIONAL,PREDICTOR_SAFE_CONDITIONAL,15,21.739,False,EXCLUDE,SOURCE_OR_QC_METADATA,Not used in Pilot M2,False,"Safe only after method, scope, timing, or availability control.",V1_PRECEDENT_RECONFIRMED
Mn_Oxide_Area_Fraction,float64,INITIAL_MICROSTRUCTURE,PREDICTOR_SAFE_DIRECT,PREDICTOR_SAFE_DIRECT,4,5.797,False,EXCLUDE,SOURCE_OR_QC_METADATA,Not used in Pilot M2,False,Direct source-supported information available before loading.,V1_PRECEDENT_RECONFIRMED
SPS_Pressure_MPa,float64,PROCESSING,PREDICTOR_SAFE_DIRECT,PREDICTOR_SAFE_DIRECT,4,5.797,False,EXCLUDE,SOURCE_OR_QC_METADATA,Not used in Pilot M2,False,Direct source-supported information available before loading.,V1_PRECEDENT_RECONFIRMED
SPS_Time_min,float64,PROCESSING,PREDICTOR_SAFE_DIRECT,PREDICTOR_SAFE_DIRECT,4,5.797,False,EXCLUDE,SOURCE_OR_QC_METADATA,Not used in Pilot M2,False,Direct source-supported information available before loading.,V1_PRECEDENT_RECONFIRMED
SPS_Vacuum_Pa,float64,PROCESSING,PREDICTOR_SAFE_DIRECT,PREDICTOR_SAFE_DIRECT,4,5.797,False,EXCLUDE,SOURCE_OR_QC_METADATA,Not used in Pilot M2,False,Direct source-supported information available before loading.,V1_PRECEDENT_RECONFIRMED
Detwinning,float64,INITIAL_MICROSTRUCTURE,PREDICTOR_SAFE_CONDITIONAL,PREDICTOR_SAFE_CONDITIONAL,2,2.899,False,EXCLUDE,SOURCE_OR_QC_METADATA,Not used in Pilot M2,False,"Safe only after method, scope, timing, or availability control.",V1_PRECEDENT_RECONFIRMED
Feedstock_Composition_at_pct,object,CHEMISTRY,PREDICTOR_SAFE_CONDITIONAL,PREDICTOR_SAFE_CONDITIONAL,4,5.797,False,EXCLUDE,SOURCE_OR_QC_METADATA,Not used in Pilot M2,False,"Safe only after method, scope, timing, or availability control.",V1_PRECEDENT_RECONFIRMED
Feedstock_Composition_Method,object,CHEMISTRY,PROVENANCE_ONLY,PROVENANCE_ONLY,4,5.797,False,EXCLUDE,SOURCE_OR_QC_METADATA,Not used in Pilot M2,False,"Source, method, review, or QC bookkeeping can encode study and label-acquisition artifacts.",V1_PRECEDENT_RECONFIRMED
Feedstock_Composition_Scope,object,CHEMISTRY,PROVENANCE_ONLY,PROVENANCE_ONLY,4,5.797,False,EXCLUDE,SOURCE_OR_QC_METADATA,Not used in Pilot M2,False,"Source, method, review, or QC bookkeeping can encode study and label-acquisition artifacts.",V1_PRECEDENT_RECONFIRMED
Local_EDS_Composition_at_pct,object,CHEMISTRY,PREDICTOR_SAFE_CONDITIONAL,PREDICTOR_SAFE_CONDITIONAL,9,13.043,False,EXCLUDE,SOURCE_OR_QC_METADATA,Not used in Pilot M2,False,"Safe only after method, scope, timing, or availability control.",V1_PRECEDENT_RECONFIRMED
Local_EDS_Composition_Scope,object,CHEMISTRY,PROVENANCE_ONLY,PROVENANCE_ONLY,9,13.043,False,EXCLUDE,SOURCE_OR_QC_METADATA,Not used in Pilot M2,False,"Source, method, review, or QC bookkeeping can encode study and label-acquisition artifacts.",V1_PRECEDENT_RECONFIRMED
FCC_lattice_a_XRD_A,float64,PHYSICS_THERMODYNAMICS,PREDICTOR_SAFE_CONDITIONAL,PREDICTOR_SAFE_CONDITIONAL,10,14.493,False,EXCLUDE,SOURCE_OR_QC_METADATA,Not used in Pilot M2,False,"Safe only after method, scope, timing, or availability control.",V1_PRECEDENT_RECONFIRMED
HCP_lattice_a_XRD_A,float64,PHYSICS_THERMODYNAMICS,PREDICTOR_SAFE_CONDITIONAL,PREDICTOR_SAFE_CONDITIONAL,5,7.246,False,EXCLUDE,SOURCE_OR_QC_METADATA,Not used in Pilot M2,False,"Safe only after method, scope, timing, or availability control.",V1_PRECEDENT_RECONFIRMED
HCP_lattice_c_XRD_A,float64,PHYSICS_THERMODYNAMICS,PREDICTOR_SAFE_CONDITIONAL,PREDICTOR_SAFE_CONDITIONAL,5,7.246,False,EXCLUDE,SOURCE_OR_QC_METADATA,Not used in Pilot M2,False,"Safe only after method, scope, timing, or availability control.",V1_PRECEDENT_RECONFIRMED
KAM_mean_deg,float64,INITIAL_MICROSTRUCTURE,PREDICTOR_SAFE_CONDITIONAL,PREDICTOR_SAFE_CONDITIONAL,5,7.246,False,EXCLUDE,SOURCE_OR_QC_METADATA,Not used in Pilot M2,False,"Safe only after method, scope, timing, or availability control.",V1_PRECEDENT_RECONFIRMED
HCP_lath_thickness_nm,float64,POST_DEFORMATION_MICROSTRUCTURE,LEAKAGE_POST_TEST,POST_TEST_LEAKAGE,0,0.0,False,EXCLUDE,SOURCE_OR_QC_METADATA,Not used in Pilot M2,True,The field is observed only after tensile deformation starts or after fracture.,V1_PRECEDENT_RECONFIRMED
Deformation_Twin_thickness_nm,float64,POST_DEFORMATION_MICROSTRUCTURE,LEAKAGE_POST_TEST,POST_TEST_LEAKAGE,0,0.0,False,EXCLUDE,SOURCE_OR_QC_METADATA,Not used in Pilot M2,True,The field is observed only after tensile deformation starts or after fracture.,V1_PRECEDENT_RECONFIRMED
P011_Record_Role,object,PROVENANCE_QC,PROVENANCE_ONLY,PROVENANCE_ONLY,4,5.797,False,EXCLUDE,SOURCE_OR_QC_METADATA,Not used in Pilot M2,False,"Source, method, review, or QC bookkeeping can encode study and label-acquisition artifacts.",V1_PRECEDENT_RECONFIRMED
P011_Target_Status,object,TARGET,PROVENANCE_ONLY,PROVENANCE_ONLY,4,5.797,False,EXCLUDE,SOURCE_OR_QC_METADATA,Not used in Pilot M2,False,"Source, method, review, or QC bookkeeping can encode study and label-acquisition artifacts.",V1_PRECEDENT_RECONFIRMED
P011_Negative_TWIP_Evidence,object,TARGET,TARGET_ONLY,TARGET_ONLY,1,1.449,False,EXCLUDE,SOURCE_OR_QC_METADATA,Not used in Pilot M2,True,"The field is a target, direct target state, or target evidence.",V1_PRECEDENT_RECONFIRMED
P011_Recovery_Provenance_JSON,object,PROVENANCE_QC,PROVENANCE_ONLY,PROVENANCE_ONLY,4,5.797,False,EXCLUDE,SOURCE_OR_QC_METADATA,Not used in Pilot M2,False,"Source, method, review, or QC bookkeeping can encode study and label-acquisition artifacts.",V1_PRECEDENT_RECONFIRMED
Original_TRIP,float64,TARGET,TARGET_ONLY,TARGET_ONLY,17,24.638,False,EXCLUDE,SOURCE_OR_QC_METADATA,Not used in Pilot M2,True,"The field is a target, direct target state, or target evidence.",V1_PRECEDENT_RECONFIRMED
Original_TWIP,float64,TARGET,TARGET_ONLY,TARGET_ONLY,17,24.638,False,EXCLUDE,SOURCE_OR_QC_METADATA,Not used in Pilot M2,True,"The field is a target, direct target state, or target evidence.",V1_PRECEDENT_RECONFIRMED
P012_Record_Role,object,PROVENANCE_QC,PROVENANCE_ONLY,PROVENANCE_ONLY,6,8.696,False,EXCLUDE,SOURCE_OR_QC_METADATA,Not used in Pilot M2,False,"Source, method, review, or QC bookkeeping can encode study and label-acquisition artifacts.",V1_PRECEDENT_RECONFIRMED
Measured_Composition_at_pct,object,CHEMISTRY,PREDICTOR_SAFE_DIRECT,PREDICTOR_SAFE_DIRECT,6,8.696,False,EXCLUDE,SOURCE_OR_QC_METADATA,Not used in Pilot M2,False,Direct source-supported information available before loading.,V1_PRECEDENT_RECONFIRMED
Measured_Composition_Method,object,CHEMISTRY,PROVENANCE_ONLY,PROVENANCE_ONLY,6,8.696,False,EXCLUDE,SOURCE_OR_QC_METADATA,Not used in Pilot M2,False,"Source, method, review, or QC bookkeeping can encode study and label-acquisition artifacts.",V1_PRECEDENT_RECONFIRMED
Grain_Size_Including_TB_as_HAB_um,float64,INITIAL_MICROSTRUCTURE,PREDICTOR_SAFE_DIRECT,PREDICTOR_SAFE_DIRECT,6,8.696,False,EXCLUDE,SOURCE_OR_QC_METADATA,Not used in Pilot M2,False,Direct source-supported information available before loading.,V1_PRECEDENT_RECONFIRMED
XRD_Replicate_n,float64,PROVENANCE_QC,PROVENANCE_ONLY,PROVENANCE_ONLY,6,8.696,False,EXCLUDE,SOURCE_OR_QC_METADATA,Not used in Pilot M2,False,"Source, method, review, or QC bookkeeping can encode study and label-acquisition artifacts.",V1_PRECEDENT_RECONFIRMED
XRD_Replicate_Scope,object,PROVENANCE_QC,PROVENANCE_ONLY,PROVENANCE_ONLY,6,8.696,False,EXCLUDE,SOURCE_OR_QC_METADATA,Not used in Pilot M2,False,"Source, method, review, or QC bookkeeping can encode study and label-acquisition artifacts.",V1_PRECEDENT_RECONFIRMED
Gauge_Cross_Section_mm,object,TEST_CONDITIONS,METADATA_ONLY,METADATA_ONLY,6,8.696,False,EXCLUDE,SOURCE_OR_QC_METADATA,Not used in Pilot M2,False,"Metadata can encode paper, workflow, or extraction artifacts rather than material behavior.",V1_PRECEDENT_RECONFIRMED
Loading_Direction,object,TEST_CONDITIONS,PREDICTOR_SAFE_DIRECT,PREDICTOR_SAFE_DIRECT,16,23.188,False,EXCLUDE,SOURCE_OR_QC_METADATA,Not used in Pilot M2,False,Direct source-supported information available before loading.,V1_PRECEDENT_RECONFIRMED
GND_density_m-2,float64,POST_DEFORMATION_MICROSTRUCTURE,LEAKAGE_POST_TEST,POST_TEST_LEAKAGE,0,0.0,False,EXCLUDE,SOURCE_OR_QC_METADATA,Not used in Pilot M2,True,The field is observed only after tensile deformation starts or after fracture.,V1_PRECEDENT_RECONFIRMED
Martensite_lath_thickness,object,POST_DEFORMATION_MICROSTRUCTURE,LEAKAGE_POST_TEST,POST_TEST_LEAKAGE,0,0.0,False,EXCLUDE,SOURCE_OR_QC_METADATA,Not used in Pilot M2,True,The field is observed only after tensile deformation starts or after fracture.,V1_PRECEDENT_RECONFIRMED
Martensite_interspace_nm,float64,POST_DEFORMATION_MICROSTRUCTURE,LEAKAGE_POST_TEST,POST_TEST_LEAKAGE,0,0.0,False,EXCLUDE,SOURCE_OR_QC_METADATA,Not used in Pilot M2,True,The field is observed only after tensile deformation starts or after fracture.,V1_PRECEDENT_RECONFIRMED
Observed_Microstructure,object,POST_DEFORMATION_MICROSTRUCTURE,LEAKAGE_POST_TEST,POST_TEST_LEAKAGE,0,0.0,False,EXCLUDE,SOURCE_OR_QC_METADATA,Not used in Pilot M2,True,The field is observed only after tensile deformation starts or after fracture.,V1_PRECEDENT_RECONFIRMED
P012_Target_Status,object,TARGET,PROVENANCE_ONLY,PROVENANCE_ONLY,6,8.696,False,EXCLUDE,SOURCE_OR_QC_METADATA,Not used in Pilot M2,False,"Source, method, review, or QC bookkeeping can encode study and label-acquisition artifacts.",V1_PRECEDENT_RECONFIRMED
P012_Recovery_Provenance_JSON,object,PROVENANCE_QC,PROVENANCE_ONLY,PROVENANCE_ONLY,6,8.696,False,EXCLUDE,SOURCE_OR_QC_METADATA,Not used in Pilot M2,False,"Source, method, review, or QC bookkeeping can encode study and label-acquisition artifacts.",V1_PRECEDENT_RECONFIRMED
P013_Record_Role,object,PROVENANCE_QC,PROVENANCE_ONLY,PROVENANCE_ONLY,1,1.449,False,EXCLUDE,SOURCE_OR_QC_METADATA,Not used in Pilot M2,False,"Source, method, review, or QC bookkeeping can encode study and label-acquisition artifacts.",V1_PRECEDENT_RECONFIRMED
P013_Target_Status,object,TARGET,PROVENANCE_ONLY,PROVENANCE_ONLY,1,1.449,False,EXCLUDE,SOURCE_OR_QC_METADATA,Not used in Pilot M2,False,"Source, method, review, or QC bookkeeping can encode study and label-acquisition artifacts.",V1_PRECEDENT_RECONFIRMED
Test_T_Raw,object,TEST_CONDITIONS,PREDICTOR_SAFE_CONDITIONAL,PREDICTOR_SAFE_CONDITIONAL,29,42.029,False,EXCLUDE,SOURCE_OR_QC_METADATA,Not used in Pilot M2,False,"Safe only after method, scope, timing, or availability control.",V1_PRECEDENT_RECONFIRMED
Composition_Status,object,CHEMISTRY,PROVENANCE_ONLY,PROVENANCE_ONLY,29,42.029,False,EXCLUDE,SOURCE_OR_QC_METADATA,Not used in Pilot M2,False,"Source, method, review, or QC bookkeeping can encode study and label-acquisition artifacts.",V1_PRECEDENT_RECONFIRMED
Surface_Preparation,object,PROVENANCE_QC,PROVENANCE_ONLY,PROVENANCE_ONLY,1,1.449,False,EXCLUDE,SOURCE_OR_QC_METADATA,Not used in Pilot M2,False,"Source, method, review, or QC bookkeeping can encode study and label-acquisition artifacts.",V1_PRECEDENT_RECONFIRMED
Specimen_Cutting,object,PROVENANCE_QC,PROVENANCE_ONLY,PROVENANCE_ONLY,1,1.449,False,EXCLUDE,SOURCE_OR_QC_METADATA,Not used in Pilot M2,False,"Source, method, review, or QC bookkeeping can encode study and label-acquisition artifacts.",V1_PRECEDENT_RECONFIRMED
SXRD_Mode,object,PROVENANCE_QC,PROVENANCE_ONLY,PROVENANCE_ONLY,1,1.449,False,EXCLUDE,SOURCE_OR_QC_METADATA,Not used in Pilot M2,False,"Source, method, review, or QC bookkeeping can encode study and label-acquisition artifacts.",V1_PRECEDENT_RECONFIRMED
Beam_Energy_keV,float64,PROVENANCE_QC,PROVENANCE_ONLY,PROVENANCE_ONLY,1,1.449,False,EXCLUDE,SOURCE_OR_QC_METADATA,Not used in Pilot M2,False,"Source, method, review, or QC bookkeeping can encode study and label-acquisition artifacts.",V1_PRECEDENT_RECONFIRMED
Exposure_s,float64,PROVENANCE_QC,PROVENANCE_ONLY,PROVENANCE_ONLY,1,1.449,False,EXCLUDE,SOURCE_OR_QC_METADATA,Not used in Pilot M2,False,"Source, method, review, or QC bookkeeping can encode study and label-acquisition artifacts.",V1_PRECEDENT_RECONFIRMED
Images_per_loading_step,float64,PROVENANCE_QC,PROVENANCE_ONLY,PROVENANCE_ONLY,1,1.449,False,EXCLUDE,SOURCE_OR_QC_METADATA,Not used in Pilot M2,False,"Source, method, review, or QC bookkeeping can encode study and label-acquisition artifacts.",V1_PRECEDENT_RECONFIRMED
Beam_Size_um,object,PROVENANCE_QC,PROVENANCE_ONLY,PROVENANCE_ONLY,1,1.449,False,EXCLUDE,SOURCE_OR_QC_METADATA,Not used in Pilot M2,False,"Source, method, review, or QC bookkeeping can encode study and label-acquisition artifacts.",V1_PRECEDENT_RECONFIRMED
Initial_MnO_fraction,float64,INITIAL_MICROSTRUCTURE,PREDICTOR_SAFE_DIRECT,PREDICTOR_SAFE_DIRECT,1,1.449,False,EXCLUDE,SOURCE_OR_QC_METADATA,Not used in Pilot M2,False,Direct source-supported information available before loading.,V1_PRECEDENT_RECONFIRMED
Grain_Size_Scope,object,INITIAL_MICROSTRUCTURE,PROVENANCE_ONLY,PROVENANCE_ONLY,7,10.145,False,EXCLUDE,SOURCE_OR_QC_METADATA,Not used in Pilot M2,False,"Source, method, review, or QC bookkeeping can encode study and label-acquisition artifacts.",V1_PRECEDENT_RECONFIRMED
HCP_Morphology,object,INITIAL_MICROSTRUCTURE,PREDICTOR_SAFE_CONDITIONAL,PREDICTOR_SAFE_CONDITIONAL,2,2.899,False,EXCLUDE,SOURCE_OR_QC_METADATA,Not used in Pilot M2,False,"Safe only after method, scope, timing, or availability control.",V1_PRECEDENT_RECONFIRMED
EBSD_Phase_Fraction_Use_Status,object,INITIAL_MICROSTRUCTURE,PROVENANCE_ONLY,PROVENANCE_ONLY,1,1.449,False,EXCLUDE,SOURCE_OR_QC_METADATA,Not used in Pilot M2,False,"Source, method, review, or QC bookkeeping can encode study and label-acquisition artifacts.",V1_PRECEDENT_RECONFIRMED
Initial_HCP_Status,object,INITIAL_MICROSTRUCTURE,PROVENANCE_ONLY,PROVENANCE_ONLY,22,31.884,False,EXCLUDE,SOURCE_OR_QC_METADATA,Not used in Pilot M2,False,"Source, method, review, or QC bookkeeping can encode study and label-acquisition artifacts.",V1_PRECEDENT_RECONFIRMED
Initial_HCP_Origin,object,INITIAL_MICROSTRUCTURE,PREDICTOR_SAFE_CONDITIONAL,PREDICTOR_SAFE_CONDITIONAL,19,27.536,False,EXCLUDE,SOURCE_OR_QC_METADATA,Not used in Pilot M2,False,"Safe only after method, scope, timing, or availability control.",V1_PRECEDENT_RECONFIRMED
Initial_FCC_lattice_a_A,float64,PHYSICS_THERMODYNAMICS,PREDICTOR_SAFE_CONDITIONAL,PREDICTOR_SAFE_CONDITIONAL,1,1.449,False,EXCLUDE,SOURCE_OR_QC_METADATA,Not used in Pilot M2,False,"Safe only after method, scope, timing, or availability control.",V1_PRECEDENT_RECONFIRMED
Initial_HCP_c_over_a,float64,PHYSICS_THERMODYNAMICS,PREDICTOR_SAFE_CONDITIONAL,PREDICTOR_SAFE_CONDITIONAL,1,1.449,False,EXCLUDE,SOURCE_OR_QC_METADATA,Not used in Pilot M2,False,"Safe only after method, scope, timing, or availability control.",V1_PRECEDENT_RECONFIRMED
Initial_HCP_c_over_a_uncertainty,float64,PHYSICS_THERMODYNAMICS,PREDICTOR_SAFE_CONDITIONAL,PREDICTOR_SAFE_CONDITIONAL,1,1.449,False,EXCLUDE,SOURCE_OR_QC_METADATA,Not used in Pilot M2,False,"Safe only after method, scope, timing, or availability control.",V1_PRECEDENT_RECONFIRMED
Approx_Stress_MPa,float64,MECHANICAL_RESPONSE,LEAKAGE_POST_TEST,POST_TEST_LEAKAGE,0,0.0,False,EXCLUDE,SOURCE_OR_QC_METADATA,Not used in Pilot M2,True,The field is observed only after tensile deformation starts or after fracture.,V1_PRECEDENT_RECONFIRMED
HCP_fraction_status,object,POST_DEFORMATION_MICROSTRUCTURE,LEAKAGE_POST_TEST,POST_TEST_LEAKAGE,2,2.899,False,EXCLUDE,SOURCE_OR_QC_METADATA,Not used in Pilot M2,True,The field is observed only after tensile deformation starts or after fracture.,V1_PRECEDENT_RECONFIRMED
Nearest_SXRD_TRIP_Onset_Stress_MPa,float64,MECHANICAL_RESPONSE,LEAKAGE_POST_TEST,POST_TEST_LEAKAGE,1,1.449,False,EXCLUDE,SOURCE_OR_QC_METADATA,Not used in Pilot M2,True,The field is observed only after tensile deformation starts or after fracture.,V1_PRECEDENT_RECONFIRMED
Tensile_TWIP_Onset_Stress_MPa,float64,MECHANICAL_RESPONSE,LEAKAGE_POST_TEST,POST_TEST_LEAKAGE,2,2.899,False,EXCLUDE,SOURCE_OR_QC_METADATA,Not used in Pilot M2,True,The field is observed only after tensile deformation starts or after fracture.,V1_PRECEDENT_RECONFIRMED
Compression_Twinning_Onset_Stress_MPa,float64,MECHANICAL_RESPONSE,LEAKAGE_POST_TEST,POST_TEST_LEAKAGE,2,2.899,False,EXCLUDE,SOURCE_OR_QC_METADATA,Not used in Pilot M2,True,The field is observed only after tensile deformation starts or after fracture.,V1_PRECEDENT_RECONFIRMED
Final_InSitu_True_Stress_Approx_MPa,float64,MECHANICAL_RESPONSE,LEAKAGE_POST_TEST,POST_TEST_LEAKAGE,1,1.449,False,EXCLUDE,SOURCE_OR_QC_METADATA,Not used in Pilot M2,True,The field is observed only after tensile deformation starts or after fracture.,V1_PRECEDENT_RECONFIRMED
Final_InSitu_Engineering_Strain_Approx_pct,float64,MECHANICAL_RESPONSE,LEAKAGE_POST_TEST,POST_TEST_LEAKAGE,1,1.449,False,EXCLUDE,SOURCE_OR_QC_METADATA,Not used in Pilot M2,True,The field is observed only after tensile deformation starts or after fracture.,V1_PRECEDENT_RECONFIRMED
Mechanism_Phase_Scope,object,TARGET,TARGET_ONLY,TARGET_ONLY,2,2.899,False,EXCLUDE,SOURCE_OR_QC_METADATA,Not used in Pilot M2,True,"The field is a target, direct target state, or target evidence.",V1_PRECEDENT_RECONFIRMED
P013_Recovery_Provenance_JSON,object,PROVENANCE_QC,PROVENANCE_ONLY,PROVENANCE_ONLY,1,1.449,False,EXCLUDE,SOURCE_OR_QC_METADATA,Not used in Pilot M2,False,"Source, method, review, or QC bookkeeping can encode study and label-acquisition artifacts.",V1_PRECEDENT_RECONFIRMED
P014_Record_Role,object,PROVENANCE_QC,PROVENANCE_ONLY,PROVENANCE_ONLY,5,7.246,False,EXCLUDE,SOURCE_OR_QC_METADATA,Not used in Pilot M2,False,"Source, method, review, or QC bookkeeping can encode study and label-acquisition artifacts.",V1_PRECEDENT_RECONFIRMED
P014_Target_Status,object,TARGET,PROVENANCE_ONLY,PROVENANCE_ONLY,5,7.246,False,EXCLUDE,SOURCE_OR_QC_METADATA,Not used in Pilot M2,False,"Source, method, review, or QC bookkeeping can encode study and label-acquisition artifacts.",V1_PRECEDENT_RECONFIRMED
P014_Legacy_Mapping_Status,float64,PROVENANCE_QC,PROVENANCE_ONLY,PROVENANCE_ONLY,0,0.0,False,EXCLUDE,SOURCE_OR_QC_METADATA,Not used in Pilot M2,False,"Source, method, review, or QC bookkeeping can encode study and label-acquisition artifacts.",V1_PRECEDENT_RECONFIRMED
Cold_Roll_Reduction_Status,object,PROCESSING,PROVENANCE_ONLY,PROVENANCE_ONLY,5,7.246,False,EXCLUDE,SOURCE_OR_QC_METADATA,Not used in Pilot M2,False,"Source, method, review, or QC bookkeeping can encode study and label-acquisition artifacts.",V1_PRECEDENT_RECONFIRMED
Cold_Roll_Pass_Reduction_mm,float64,PROCESSING,PREDICTOR_SAFE_DIRECT,PREDICTOR_SAFE_DIRECT,5,7.246,False,EXCLUDE,SOURCE_OR_QC_METADATA,Not used in Pilot M2,False,Direct source-supported information available before loading.,V1_PRECEDENT_RECONFIRMED
Remelting_n,float64,PROCESSING,PREDICTOR_SAFE_DIRECT,PREDICTOR_SAFE_DIRECT,5,7.246,False,EXCLUDE,SOURCE_OR_QC_METADATA,Not used in Pilot M2,False,Direct source-supported information available before loading.,V1_PRECEDENT_RECONFIRMED
Test_T_Status,object,TEST_CONDITIONS,PROVENANCE_ONLY,PROVENANCE_ONLY,20,28.986,False,EXCLUDE,SOURCE_OR_QC_METADATA,Not used in Pilot M2,False,"Source, method, review, or QC bookkeeping can encode study and label-acquisition artifacts.",V1_PRECEDENT_RECONFIRMED
KAM_Status,object,INITIAL_MICROSTRUCTURE,PROVENANCE_ONLY,PROVENANCE_ONLY,5,7.246,False,EXCLUDE,SOURCE_OR_QC_METADATA,Not used in Pilot M2,False,"Source, method, review, or QC bookkeeping can encode study and label-acquisition artifacts.",V1_PRECEDENT_RECONFIRMED
Recrystallized_fraction,float64,INITIAL_MICROSTRUCTURE,PREDICTOR_SAFE_DIRECT,PREDICTOR_SAFE_DIRECT,6,8.696,False,EXCLUDE,SOURCE_OR_QC_METADATA,Not used in Pilot M2,False,Direct source-supported information available before loading.,V1_PRECEDENT_RECONFIRMED
Recrystallized_Status,object,INITIAL_MICROSTRUCTURE,PROVENANCE_ONLY,PROVENANCE_ONLY,13,18.841,False,EXCLUDE,SOURCE_OR_QC_METADATA,Not used in Pilot M2,False,"Source, method, review, or QC bookkeeping can encode study and label-acquisition artifacts.",V1_PRECEDENT_RECONFIRMED
Processing_TRIP,float64,INITIAL_MICROSTRUCTURE,PREDICTOR_SAFE_CONDITIONAL,PREDICTOR_SAFE_CONDITIONAL,1,1.449,False,EXCLUDE,SOURCE_OR_QC_METADATA,Not used in Pilot M2,False,"Safe only after method, scope, timing, or availability control.",V1_PRECEDENT_RECONFIRMED
Processing_TWIP,float64,INITIAL_MICROSTRUCTURE,PREDICTOR_SAFE_CONDITIONAL,PREDICTOR_SAFE_CONDITIONAL,1,1.449,False,EXCLUDE,SOURCE_OR_QC_METADATA,Not used in Pilot M2,False,"Safe only after method, scope, timing, or availability control.",V1_PRECEDENT_RECONFIRMED
Initial_Twin_Origin,object,INITIAL_MICROSTRUCTURE,PREDICTOR_SAFE_CONDITIONAL,PREDICTOR_SAFE_CONDITIONAL,13,18.841,False,EXCLUDE,SOURCE_OR_QC_METADATA,Not used in Pilot M2,False,"Safe only after method, scope, timing, or availability control.",V1_PRECEDENT_RECONFIRMED
Initial_Twin_Target_Safety,object,INITIAL_MICROSTRUCTURE,PROVENANCE_ONLY,PROVENANCE_ONLY,8,11.594,False,EXCLUDE,SOURCE_OR_QC_METADATA,Not used in Pilot M2,False,"Source, method, review, or QC bookkeeping can encode study and label-acquisition artifacts.",V1_PRECEDENT_RECONFIRMED
Tensile_Strain_pct,float64,MECHANICAL_RESPONSE,LEAKAGE_POST_TEST,POST_TEST_LEAKAGE,0,0.0,False,EXCLUDE,SOURCE_OR_QC_METADATA,Not used in Pilot M2,True,The field is observed only after tensile deformation starts or after fracture.,V1_PRECEDENT_RECONFIRMED
FCC_fraction_at_stage,float64,POST_DEFORMATION_MICROSTRUCTURE,LEAKAGE_POST_TEST,POST_TEST_LEAKAGE,0,0.0,False,EXCLUDE,SOURCE_OR_QC_METADATA,Not used in Pilot M2,True,The field is observed only after tensile deformation starts or after fracture.,V1_PRECEDENT_RECONFIRMED
TWIP_at_stage,float64,POST_DEFORMATION_MICROSTRUCTURE,LEAKAGE_POST_TEST,POST_TEST_LEAKAGE,0,0.0,False,EXCLUDE,SOURCE_OR_QC_METADATA,Not used in Pilot M2,True,The field is observed only after tensile deformation starts or after fracture.,V1_PRECEDENT_RECONFIRMED
TRIP_at_stage,float64,POST_DEFORMATION_MICROSTRUCTURE,LEAKAGE_POST_TEST,POST_TEST_LEAKAGE,0,0.0,False,EXCLUDE,SOURCE_OR_QC_METADATA,Not used in Pilot M2,True,The field is observed only after tensile deformation starts or after fracture.,V1_PRECEDENT_RECONFIRMED
Slip_at_stage,float64,POST_DEFORMATION_MICROSTRUCTURE,LEAKAGE_POST_TEST,POST_TEST_LEAKAGE,0,0.0,False,EXCLUDE,SOURCE_OR_QC_METADATA,Not used in Pilot M2,True,The field is observed only after tensile deformation starts or after fracture.,V1_PRECEDENT_RECONFIRMED
HDI_at_stage,float64,MODEL_DERIVED_RESPONSE,LEAKAGE_MODEL_DERIVED,MODEL_DERIVED_LEAKAGE,0,0.0,False,EXCLUDE,SOURCE_OR_QC_METADATA,Not used in Pilot M2,True,The field is derived or inferred from loading response or fitted mechanical behavior.,V1_PRECEDENT_RECONFIRMED
HDI_Hardening,float64,MODEL_DERIVED_RESPONSE,LEAKAGE_MODEL_DERIVED,MODEL_DERIVED_LEAKAGE,1,1.449,False,EXCLUDE,SOURCE_OR_QC_METADATA,Not used in Pilot M2,True,The field is derived or inferred from loading response or fitted mechanical behavior.,V1_PRECEDENT_RECONFIRMED
P014_Recovery_Provenance_JSON,object,PROVENANCE_QC,PROVENANCE_ONLY,PROVENANCE_ONLY,5,7.246,False,EXCLUDE,SOURCE_OR_QC_METADATA,Not used in Pilot M2,False,"Source, method, review, or QC bookkeeping can encode study and label-acquisition artifacts.",V1_PRECEDENT_RECONFIRMED
P015_Record_Role,object,PROVENANCE_QC,PROVENANCE_ONLY,PROVENANCE_ONLY,2,2.899,False,EXCLUDE,SOURCE_OR_QC_METADATA,Not used in Pilot M2,False,"Source, method, review, or QC bookkeeping can encode study and label-acquisition artifacts.",V1_PRECEDENT_RECONFIRMED
P015_Target_Status,object,TARGET,PROVENANCE_ONLY,PROVENANCE_ONLY,2,2.899,False,EXCLUDE,SOURCE_OR_QC_METADATA,Not used in Pilot M2,False,"Source, method, review, or QC bookkeeping can encode study and label-acquisition artifacts.",V1_PRECEDENT_RECONFIRMED
P015_Legacy_Mapping_Status,float64,PROVENANCE_QC,PROVENANCE_ONLY,PROVENANCE_ONLY,0,0.0,False,EXCLUDE,SOURCE_OR_QC_METADATA,Not used in Pilot M2,False,"Source, method, review, or QC bookkeeping can encode study and label-acquisition artifacts.",V1_PRECEDENT_RECONFIRMED
Mn_Charge_Adjustment,object,PROCESSING,METADATA_ONLY,METADATA_ONLY,2,2.899,False,EXCLUDE,SOURCE_OR_QC_METADATA,Not used in Pilot M2,False,"Metadata can encode paper, workflow, or extraction artifacts rather than material behavior.",V1_PRECEDENT_RECONFIRMED
Raw_Material_Purity,object,PROCESSING,PREDICTOR_SAFE_CONDITIONAL,PREDICTOR_SAFE_CONDITIONAL,16,23.188,False,EXCLUDE,SOURCE_OR_QC_METADATA,Not used in Pilot M2,False,"Safe only after method, scope, timing, or availability control.",V1_PRECEDENT_RECONFIRMED
Grain_Size_Status,object,INITIAL_MICROSTRUCTURE,PROVENANCE_ONLY,PROVENANCE_ONLY,20,28.986,False,EXCLUDE,SOURCE_OR_QC_METADATA,Not used in Pilot M2,False,"Source, method, review, or QC bookkeeping can encode study and label-acquisition artifacts.",V1_PRECEDENT_RECONFIRMED
Texture_Orientation_Status,object,INITIAL_MICROSTRUCTURE,PREDICTOR_SAFE_CONDITIONAL,PREDICTOR_SAFE_CONDITIONAL,5,7.246,False,EXCLUDE,SOURCE_OR_QC_METADATA,Not used in Pilot M2,False,"Safe only after method, scope, timing, or availability control.",V1_PRECEDENT_RECONFIRMED
Elemental_Segregation_Status,object,INITIAL_MICROSTRUCTURE,PREDICTOR_SAFE_CONDITIONAL,PREDICTOR_SAFE_CONDITIONAL,2,2.899,False,EXCLUDE,SOURCE_OR_QC_METADATA,Not used in Pilot M2,False,"Safe only after method, scope, timing, or availability control.",V1_PRECEDENT_RECONFIRMED
Engineering_YS_MPa,float64,MECHANICAL_RESPONSE,LEAKAGE_MECHANICAL_OUTCOME,MECHANICAL_OUTCOME_LEAKAGE,11,15.942,False,EXCLUDE,SOURCE_OR_QC_METADATA,Not used in Pilot M2,True,The field is an outcome of the same tensile test whose mechanisms are predicted.,V1_PRECEDENT_RECONFIRMED
Engineering_UTS_MPa,float64,MECHANICAL_RESPONSE,LEAKAGE_MECHANICAL_OUTCOME,MECHANICAL_OUTCOME_LEAKAGE,12,17.391,False,EXCLUDE,SOURCE_OR_QC_METADATA,Not used in Pilot M2,True,The field is an outcome of the same tensile test whose mechanisms are predicted.,V1_PRECEDENT_RECONFIRMED
Engineering_Elongation_pct,float64,MECHANICAL_RESPONSE,LEAKAGE_MECHANICAL_OUTCOME,MECHANICAL_OUTCOME_LEAKAGE,12,17.391,False,EXCLUDE,SOURCE_OR_QC_METADATA,Not used in Pilot M2,True,The field is an outcome of the same tensile test whose mechanisms are predicted.,V1_PRECEDENT_RECONFIRMED
True_Yield_Stress_MPa,float64,MECHANICAL_RESPONSE,LEAKAGE_MECHANICAL_OUTCOME,MECHANICAL_OUTCOME_LEAKAGE,2,2.899,False,EXCLUDE,SOURCE_OR_QC_METADATA,Not used in Pilot M2,True,The field is an outcome of the same tensile test whose mechanisms are predicted.,V1_PRECEDENT_RECONFIRMED
True_UTS_MPa,float64,MECHANICAL_RESPONSE,LEAKAGE_MECHANICAL_OUTCOME,MECHANICAL_OUTCOME_LEAKAGE,3,4.348,False,EXCLUDE,SOURCE_OR_QC_METADATA,Not used in Pilot M2,True,The field is an outcome of the same tensile test whose mechanisms are predicted.,V1_PRECEDENT_RECONFIRMED
HC,float64,MODEL_DERIVED_RESPONSE,LEAKAGE_MODEL_DERIVED,MODEL_DERIVED_LEAKAGE,2,2.899,False,EXCLUDE,SOURCE_OR_QC_METADATA,Not used in Pilot M2,True,The field is derived or inferred from loading response or fitted mechanical behavior.,V1_PRECEDENT_RECONFIRMED
True_Property_Status,object,MECHANICAL_RESPONSE,PROVENANCE_ONLY,PROVENANCE_ONLY,2,2.899,False,EXCLUDE,SOURCE_OR_QC_METADATA,Not used in Pilot M2,False,"Source, method, review, or QC bookkeeping can encode study and label-acquisition artifacts.",V1_PRECEDENT_RECONFIRMED
Postfracture_Phase_State,object,POST_DEFORMATION_MICROSTRUCTURE,LEAKAGE_POST_TEST,POST_TEST_LEAKAGE,4,5.797,False,EXCLUDE,SOURCE_OR_QC_METADATA,Not used in Pilot M2,True,The field is observed only after tensile deformation starts or after fracture.,V1_PRECEDENT_RECONFIRMED
Postfracture_HCP_fraction,float64,POST_DEFORMATION_MICROSTRUCTURE,LEAKAGE_POST_TEST,POST_TEST_LEAKAGE,3,4.348,False,EXCLUDE,SOURCE_OR_QC_METADATA,Not used in Pilot M2,True,The field is observed only after tensile deformation starts or after fracture.,V1_PRECEDENT_RECONFIRMED
Postfracture_HCP_fraction_Status,object,POST_DEFORMATION_MICROSTRUCTURE,LEAKAGE_POST_TEST,POST_TEST_LEAKAGE,4,5.797,False,EXCLUDE,SOURCE_OR_QC_METADATA,Not used in Pilot M2,True,The field is observed only after tensile deformation starts or after fracture.,V1_PRECEDENT_RECONFIRMED
Fracture_Mode,object,MECHANICAL_RESPONSE,LEAKAGE_MECHANICAL_OUTCOME,MECHANICAL_OUTCOME_LEAKAGE,2,2.899,False,EXCLUDE,SOURCE_OR_QC_METADATA,Not used in Pilot M2,True,The field is an outcome of the same tensile test whose mechanisms are predicted.,V1_PRECEDENT_RECONFIRMED
Negative_Evidence_Quality,object,TARGET,PROVENANCE_ONLY,PROVENANCE_ONLY,2,2.899,False,EXCLUDE,SOURCE_OR_QC_METADATA,Not used in Pilot M2,False,"Source, method, review, or QC bookkeeping can encode study and label-acquisition artifacts.",V1_PRECEDENT_RECONFIRMED
SFE_Value_Status,object,PHYSICS_THERMODYNAMICS,PROVENANCE_ONLY,PROVENANCE_ONLY,23,33.333,False,EXCLUDE,SOURCE_OR_QC_METADATA,Not used in Pilot M2,False,"Source, method, review, or QC bookkeeping can encode study and label-acquisition artifacts.",V1_PRECEDENT_RECONFIRMED
SFE_Data_Origin,object,PHYSICS_THERMODYNAMICS,PROVENANCE_ONLY,PROVENANCE_ONLY,23,33.333,False,EXCLUDE,SOURCE_OR_QC_METADATA,Not used in Pilot M2,False,"Source, method, review, or QC bookkeeping can encode study and label-acquisition artifacts.",V1_PRECEDENT_RECONFIRMED
Critical_Stress_Model_Validity,object,MODEL_DERIVED_RESPONSE,PROVENANCE_ONLY,PROVENANCE_ONLY,2,2.899,False,EXCLUDE,SOURCE_OR_QC_METADATA,Not used in Pilot M2,False,"Source, method, review, or QC bookkeeping can encode study and label-acquisition artifacts.",V1_PRECEDENT_RECONFIRMED
P015_Recovery_Provenance_JSON,object,PROVENANCE_QC,PROVENANCE_ONLY,PROVENANCE_ONLY,2,2.899,False,EXCLUDE,SOURCE_OR_QC_METADATA,Not used in Pilot M2,False,"Source, method, review, or QC bookkeeping can encode study and label-acquisition artifacts.",V1_PRECEDENT_RECONFIRMED
Computational_Condition_ID,object,IDENTITY_GROUPING,IDENTIFIER_ONLY,IDENTIFIER_ONLY,0,0.0,False,EXCLUDE,SOURCE_OR_QC_METADATA,Not used in Pilot M2,False,"The identifier can memorize paper, material, condition, or observation identity.",V1_PRECEDENT_RECONFIRMED
Independent_Computational_Condition,object,COMPUTATIONAL_ONLY,COMPUTATIONAL_ONLY,COMPUTATIONAL_ONLY,0,0.0,False,EXCLUDE,SOURCE_OR_QC_METADATA,Not used in Pilot M2,False,The descriptor is confined to a non-equivalent computational domain.,V1_PRECEDENT_RECONFIRMED
Independent_Experimental_ML_sample,object,IDENTITY_GROUPING,GROUPING_ONLY,GROUPING_ONLY,21,30.435,False,EXCLUDE,SOURCE_OR_QC_METADATA,Not used in Pilot M2,False,A grouping key would expose dependence or study/material identity.,V1_PRECEDENT_RECONFIRMED
Experimental_Target_Eligibility,object,PROVENANCE_QC,PROVENANCE_ONLY,PROVENANCE_ONLY,18,26.087,False,EXCLUDE,SOURCE_OR_QC_METADATA,Not used in Pilot M2,False,"Source, method, review, or QC bookkeeping can encode study and label-acquisition artifacts.",V1_PRECEDENT_RECONFIRMED
Paper_Native_TRIP,float64,COMPUTATIONAL_ONLY,COMPUTATIONAL_ONLY,COMPUTATIONAL_ONLY,0,0.0,False,EXCLUDE,SOURCE_OR_QC_METADATA,Not used in Pilot M2,False,The descriptor is confined to a non-equivalent computational domain.,V1_PRECEDENT_RECONFIRMED
Paper_Native_TWIP,float64,COMPUTATIONAL_ONLY,COMPUTATIONAL_ONLY,COMPUTATIONAL_ONLY,0,0.0,False,EXCLUDE,SOURCE_OR_QC_METADATA,Not used in Pilot M2,False,The descriptor is confined to a non-equivalent computational domain.,V1_PRECEDENT_RECONFIRMED
TWIP_induced_TRIP_Status,object,COMPUTATIONAL_ONLY,COMPUTATIONAL_ONLY,COMPUTATIONAL_ONLY,0,0.0,False,EXCLUDE,SOURCE_OR_QC_METADATA,Not used in Pilot M2,False,The descriptor is confined to a non-equivalent computational domain.,V1_PRECEDENT_RECONFIRMED
TWIP_induced_TRIP_Timing,object,COMPUTATIONAL_ONLY,COMPUTATIONAL_ONLY,COMPUTATIONAL_ONLY,0,0.0,False,EXCLUDE,SOURCE_OR_QC_METADATA,Not used in Pilot M2,False,The descriptor is confined to a non-equivalent computational domain.,V1_PRECEDENT_RECONFIRMED
TRIP_induced_TWIP_Status,object,COMPUTATIONAL_ONLY,COMPUTATIONAL_ONLY,COMPUTATIONAL_ONLY,0,0.0,False,EXCLUDE,SOURCE_OR_QC_METADATA,Not used in Pilot M2,False,The descriptor is confined to a non-equivalent computational domain.,V1_PRECEDENT_RECONFIRMED
TRIP_induced_TWIP_Timing,object,COMPUTATIONAL_ONLY,COMPUTATIONAL_ONLY,COMPUTATIONAL_ONLY,0,0.0,False,EXCLUDE,SOURCE_OR_QC_METADATA,Not used in Pilot M2,False,The descriptor is confined to a non-equivalent computational domain.,V1_PRECEDENT_RECONFIRMED
SIS_PSR_GPa,float64,COMPUTATIONAL_ONLY,COMPUTATIONAL_ONLY,COMPUTATIONAL_ONLY,0,0.0,False,EXCLUDE,SOURCE_OR_QC_METADATA,Not used in Pilot M2,False,The descriptor is confined to a non-equivalent computational domain.,V1_PRECEDENT_RECONFIRMED
UTS_PSR_GPa,float64,COMPUTATIONAL_ONLY,COMPUTATIONAL_ONLY,COMPUTATIONAL_ONLY,0,0.0,False,EXCLUDE,SOURCE_OR_QC_METADATA,Not used in Pilot M2,False,The descriptor is confined to a non-equivalent computational domain.,V1_PRECEDENT_RECONFIRMED
UTS_PSR_Status,object,COMPUTATIONAL_ONLY,COMPUTATIONAL_ONLY,COMPUTATIONAL_ONLY,0,0.0,False,EXCLUDE,SOURCE_OR_QC_METADATA,Not used in Pilot M2,False,The descriptor is confined to a non-equivalent computational domain.,V1_PRECEDENT_RECONFIRMED
Initial_BCC_fraction_raw,object,COMPUTATIONAL_ONLY,COMPUTATIONAL_ONLY,COMPUTATIONAL_ONLY,0,0.0,False,EXCLUDE,SOURCE_OR_QC_METADATA,Not used in Pilot M2,False,The descriptor is confined to a non-equivalent computational domain.,V1_PRECEDENT_RECONFIRMED
Initial_BCC_fraction_status,object,COMPUTATIONAL_ONLY,COMPUTATIONAL_ONLY,COMPUTATIONAL_ONLY,0,0.0,False,EXCLUDE,SOURCE_OR_QC_METADATA,Not used in Pilot M2,False,The descriptor is confined to a non-equivalent computational domain.,V1_PRECEDENT_RECONFIRMED
PostQuench_Initial_Structure,object,COMPUTATIONAL_ONLY,COMPUTATIONAL_ONLY,COMPUTATIONAL_ONLY,0,0.0,False,EXCLUDE,SOURCE_OR_QC_METADATA,Not used in Pilot M2,False,The descriptor is confined to a non-equivalent computational domain.,V1_PRECEDENT_RECONFIRMED
P017_Record_Role,object,PROVENANCE_QC,PROVENANCE_ONLY,PROVENANCE_ONLY,0,0.0,False,EXCLUDE,SOURCE_OR_QC_METADATA,Not used in Pilot M2,False,"Source, method, review, or QC bookkeeping can encode study and label-acquisition artifacts.",V1_PRECEDENT_RECONFIRMED
P017_Legacy_Mapping_Status,float64,PROVENANCE_QC,PROVENANCE_ONLY,PROVENANCE_ONLY,0,0.0,False,EXCLUDE,SOURCE_OR_QC_METADATA,Not used in Pilot M2,False,"Source, method, review, or QC bookkeeping can encode study and label-acquisition artifacts.",V1_PRECEDENT_RECONFIRMED
P017_Recovery_Provenance_JSON,object,PROVENANCE_QC,PROVENANCE_ONLY,PROVENANCE_ONLY,0,0.0,False,EXCLUDE,SOURCE_OR_QC_METADATA,Not used in Pilot M2,False,"Source, method, review, or QC bookkeeping can encode study and label-acquisition artifacts.",V1_PRECEDENT_RECONFIRMED
QC_Row_Role,object,PROVENANCE_QC,PROVENANCE_ONLY,PROVENANCE_ONLY,48,69.565,False,EXCLUDE,SOURCE_OR_QC_METADATA,Not used in Pilot M2,False,"Source, method, review, or QC bookkeeping can encode study and label-acquisition artifacts.",V1_PRECEDENT_RECONFIRMED
QC_Experimental_Eligibility,object,PROVENANCE_QC,PROVENANCE_ONLY,PROVENANCE_ONLY,48,69.565,False,EXCLUDE,SOURCE_OR_QC_METADATA,Not used in Pilot M2,False,"Source, method, review, or QC bookkeeping can encode study and label-acquisition artifacts.",V1_PRECEDENT_RECONFIRMED
QC_Computational_Eligibility,object,PROVENANCE_QC,PROVENANCE_ONLY,PROVENANCE_ONLY,48,69.565,False,EXCLUDE,SOURCE_OR_QC_METADATA,Not used in Pilot M2,False,"Source, method, review, or QC bookkeeping can encode study and label-acquisition artifacts.",V1_PRECEDENT_RECONFIRMED
QC_Target_Eligibility,object,PROVENANCE_QC,PROVENANCE_ONLY,PROVENANCE_ONLY,48,69.565,False,EXCLUDE,SOURCE_OR_QC_METADATA,Not used in Pilot M2,False,"Source, method, review, or QC bookkeeping can encode study and label-acquisition artifacts.",V1_PRECEDENT_RECONFIRMED
QC_Duplicate_Status,object,PROVENANCE_QC,PROVENANCE_ONLY,PROVENANCE_ONLY,48,69.565,False,EXCLUDE,SOURCE_OR_QC_METADATA,Not used in Pilot M2,False,"Source, method, review, or QC bookkeeping can encode study and label-acquisition artifacts.",V1_PRECEDENT_RECONFIRMED
QC_Leakage_Risk,object,PROVENANCE_QC,PROVENANCE_ONLY,PROVENANCE_ONLY,48,69.565,False,EXCLUDE,SOURCE_OR_QC_METADATA,Not used in Pilot M2,False,"Source, method, review, or QC bookkeeping can encode study and label-acquisition artifacts.",V1_PRECEDENT_RECONFIRMED
QC_Leakage_Category,object,PROVENANCE_QC,PROVENANCE_ONLY,PROVENANCE_ONLY,48,69.565,False,EXCLUDE,SOURCE_OR_QC_METADATA,Not used in Pilot M2,False,"Source, method, review, or QC bookkeeping can encode study and label-acquisition artifacts.",V1_PRECEDENT_RECONFIRMED
QC_Source_Completeness,object,PROVENANCE_QC,PROVENANCE_ONLY,PROVENANCE_ONLY,48,69.565,False,EXCLUDE,SOURCE_OR_QC_METADATA,Not used in Pilot M2,False,"Source, method, review, or QC bookkeeping can encode study and label-acquisition artifacts.",V1_PRECEDENT_RECONFIRMED
QC_Review_Status,object,PROVENANCE_QC,PROVENANCE_ONLY,PROVENANCE_ONLY,48,69.565,False,EXCLUDE,SOURCE_OR_QC_METADATA,Not used in Pilot M2,False,"Source, method, review, or QC bookkeeping can encode study and label-acquisition artifacts.",V1_PRECEDENT_RECONFIRMED
P002_Record_Role,object,PROVENANCE_QC,METADATA_ONLY,NOT_IN_V1,3,4.348,False,EXCLUDE,SOURCE_OR_QC_METADATA,Not used in Pilot M2,False,Audit/status metadata only,EXPLICIT_V17_NEW_FIELD_REVIEW
P002_Target_Status,object,TARGET,TARGET_ONLY,NOT_IN_V1,3,4.348,False,EXCLUDE,SOURCE_OR_QC_METADATA,Not used in Pilot M2,True,Target definition/evidence; never a predictor,EXPLICIT_V17_NEW_FIELD_REVIEW
P002_Legacy_Mapping_Status,object,PROVENANCE_QC,METADATA_ONLY,NOT_IN_V1,0,0.0,False,EXCLUDE,SOURCE_OR_QC_METADATA,Not used in Pilot M2,False,Audit/status metadata only,EXPLICIT_V17_NEW_FIELD_REVIEW
P002_Mapped_Exact_ML_Condition_ID,object,IDENTITY_GROUPING,IDENTIFIER_ONLY,NOT_IN_V1,0,0.0,False,EXCLUDE,SOURCE_OR_QC_METADATA,Not used in Pilot M2,False,Identifier only,EXPLICIT_V17_NEW_FIELD_REVIEW
P002_Source_Identity_Status,object,PROVENANCE_QC,PROVENANCE_ONLY,NOT_IN_V1,3,4.348,False,EXCLUDE,SOURCE_OR_QC_METADATA,Not used in Pilot M2,False,Traceability/source audit only,EXPLICIT_V17_NEW_FIELD_REVIEW
Corrigendum_DOI,object,OTHER,METADATA_ONLY,NOT_IN_V1,3,4.348,False,EXCLUDE,SOURCE_OR_QC_METADATA,Not used in Pilot M2,False,Conservatively excluded from Pilot M2,EXPLICIT_V17_NEW_FIELD_REVIEW
Corrigendum_Applied,object,OTHER,METADATA_ONLY,NOT_IN_V1,3,4.348,False,EXCLUDE,SOURCE_OR_QC_METADATA,Not used in Pilot M2,False,Conservatively excluded from Pilot M2,EXPLICIT_V17_NEW_FIELD_REVIEW
Corrected_TRIP_Comparison,object,OTHER,METADATA_ONLY,NOT_IN_V1,3,4.348,False,EXCLUDE,SOURCE_OR_QC_METADATA,Not used in Pilot M2,False,Conservatively excluded from Pilot M2,EXPLICIT_V17_NEW_FIELD_REVIEW
Measured_Bulk_Composition,float64,PROCESSING_OR_INITIAL_STATE,PREDICTOR_SAFE_DIRECT,NOT_IN_V1,0,0.0,False,EXCLUDE,SOURCE_OR_QC_METADATA,Not used in Pilot M2,False,Known before tensile loading,EXPLICIT_V17_NEW_FIELD_REVIEW
EDS_Qualitative_Homogeneity,object,METHOD_OR_SCOPE_SENSITIVE,PREDICTOR_SAFE_CONDITIONAL,NOT_IN_V1,7,10.145,False,EXCLUDE,SOURCE_OR_QC_METADATA,Not used in Pilot M2,False,Pre-test candidate requiring method/source gating,EXPLICIT_V17_NEW_FIELD_REVIEW
Hot_Roll_Input_Thickness_mm,float64,PROCESSING_OR_INITIAL_STATE,PREDICTOR_SAFE_DIRECT,NOT_IN_V1,3,4.348,False,EXCLUDE,SOURCE_OR_QC_METADATA,Not used in Pilot M2,False,Known before tensile loading,EXPLICIT_V17_NEW_FIELD_REVIEW
Hot_Roll_Output_Thickness_mm,float64,PROCESSING_OR_INITIAL_STATE,PREDICTOR_SAFE_DIRECT,NOT_IN_V1,3,4.348,False,EXCLUDE,SOURCE_OR_QC_METADATA,Not used in Pilot M2,False,Known before tensile loading,EXPLICIT_V17_NEW_FIELD_REVIEW
Cold_Roll_Input_Thickness_mm,float64,PROCESSING_OR_INITIAL_STATE,PREDICTOR_SAFE_DIRECT,NOT_IN_V1,3,4.348,False,EXCLUDE,SOURCE_OR_QC_METADATA,Not used in Pilot M2,False,Known before tensile loading,EXPLICIT_V17_NEW_FIELD_REVIEW
Cold_Roll_Output_Thickness_mm,float64,PROCESSING_OR_INITIAL_STATE,PREDICTOR_SAFE_DIRECT,NOT_IN_V1,3,4.348,False,EXCLUDE,SOURCE_OR_QC_METADATA,Not used in Pilot M2,False,Known before tensile loading,EXPLICIT_V17_NEW_FIELD_REVIEW
Homogenization_Atmosphere,object,PROCESSING_OR_INITIAL_STATE,PREDICTOR_SAFE_DIRECT,NOT_IN_V1,4,5.797,False,EXCLUDE,SOURCE_OR_QC_METADATA,Not used in Pilot M2,False,Known before tensile loading,EXPLICIT_V17_NEW_FIELD_REVIEW
Post_Homogenization_Quench,object,PROCESSING_OR_INITIAL_STATE,PREDICTOR_SAFE_DIRECT,NOT_IN_V1,3,4.348,False,EXCLUDE,SOURCE_OR_QC_METADATA,Not used in Pilot M2,False,Known before tensile loading,EXPLICIT_V17_NEW_FIELD_REVIEW
Loading_Mode,object,PROCESSING_OR_INITIAL_STATE,PREDICTOR_SAFE_DIRECT,NOT_IN_V1,21,30.435,False,EXCLUDE,SOURCE_OR_QC_METADATA,Not used in Pilot M2,False,Known before tensile loading,EXPLICIT_V17_NEW_FIELD_REVIEW
Specimen_Thickness_Status,object,METHOD_OR_SCOPE_SENSITIVE,PREDICTOR_SAFE_CONDITIONAL,NOT_IN_V1,3,4.348,False,EXCLUDE,SOURCE_OR_QC_METADATA,Not used in Pilot M2,False,Pre-test candidate requiring method/source gating,EXPLICIT_V17_NEW_FIELD_REVIEW
Replicate_Scope,object,IDENTITY_GROUPING,GROUPING_ONLY,NOT_IN_V1,15,21.739,False,EXCLUDE,SOURCE_OR_QC_METADATA,Not used in Pilot M2,False,Grouping/independence control only,EXPLICIT_V17_NEW_FIELD_REVIEW
Initial_Phase,object,PROCESSING_OR_INITIAL_STATE,PREDICTOR_SAFE_DIRECT,NOT_IN_V1,21,30.435,False,EXCLUDE,SOURCE_OR_QC_METADATA,Not used in Pilot M2,False,Known before tensile loading,EXPLICIT_V17_NEW_FIELD_REVIEW
NonRecrystallized_fraction,float64,PROCESSING_OR_INITIAL_STATE,PREDICTOR_SAFE_DIRECT,NOT_IN_V1,3,4.348,False,EXCLUDE,SOURCE_OR_QC_METADATA,Not used in Pilot M2,False,Known before tensile loading,EXPLICIT_V17_NEW_FIELD_REVIEW
RZ_Grain_Size_um,float64,PROCESSING_OR_INITIAL_STATE,PREDICTOR_SAFE_DIRECT,NOT_IN_V1,3,4.348,False,EXCLUDE,SOURCE_OR_QC_METADATA,Not used in Pilot M2,False,Known before tensile loading,EXPLICIT_V17_NEW_FIELD_REVIEW
RZ_Grain_Size_Uncertainty_um,float64,PROCESSING_OR_INITIAL_STATE,PREDICTOR_SAFE_DIRECT,NOT_IN_V1,1,1.449,False,EXCLUDE,SOURCE_OR_QC_METADATA,Not used in Pilot M2,False,Known before tensile loading,EXPLICIT_V17_NEW_FIELD_REVIEW
NRZ_Subgrain_Size_um,float64,PROCESSING_OR_INITIAL_STATE,PREDICTOR_SAFE_DIRECT,NOT_IN_V1,2,2.899,False,EXCLUDE,SOURCE_OR_QC_METADATA,Not used in Pilot M2,False,Known before tensile loading,EXPLICIT_V17_NEW_FIELD_REVIEW
NRZ_Avg_Dimension_um,float64,PROCESSING_OR_INITIAL_STATE,PREDICTOR_SAFE_DIRECT,NOT_IN_V1,1,1.449,False,EXCLUDE,SOURCE_OR_QC_METADATA,Not used in Pilot M2,False,Known before tensile loading,EXPLICIT_V17_NEW_FIELD_REVIEW
PreTest_Twin_State,object,PROCESSING_OR_INITIAL_STATE,PREDICTOR_SAFE_DIRECT,NOT_IN_V1,8,11.594,False,EXCLUDE,SOURCE_OR_QC_METADATA,Not used in Pilot M2,False,Known before tensile loading,EXPLICIT_V17_NEW_FIELD_REVIEW
PreTest_Twin_Origin,object,PROCESSING_OR_INITIAL_STATE,PREDICTOR_SAFE_DIRECT,NOT_IN_V1,8,11.594,False,EXCLUDE,SOURCE_OR_QC_METADATA,Not used in Pilot M2,False,Known before tensile loading,EXPLICIT_V17_NEW_FIELD_REVIEW
PreTest_Twin_Width_nm,float64,PROCESSING_OR_INITIAL_STATE,PREDICTOR_SAFE_DIRECT,NOT_IN_V1,1,1.449,False,EXCLUDE,SOURCE_OR_QC_METADATA,Not used in Pilot M2,False,Known before tensile loading,EXPLICIT_V17_NEW_FIELD_REVIEW
Sigma3_Twin_Boundary_Fraction_Raw,object,METHOD_OR_SCOPE_SENSITIVE,PREDICTOR_SAFE_CONDITIONAL,NOT_IN_V1,1,1.449,False,EXCLUDE,SOURCE_OR_QC_METADATA,Not used in Pilot M2,False,Pre-test candidate requiring method/source gating,EXPLICIT_V17_NEW_FIELD_REVIEW
Initial_Dislocation_State,object,PROCESSING_OR_INITIAL_STATE,PREDICTOR_SAFE_DIRECT,NOT_IN_V1,8,11.594,False,EXCLUDE,SOURCE_OR_QC_METADATA,Not used in Pilot M2,False,Known before tensile loading,EXPLICIT_V17_NEW_FIELD_REVIEW
Orientation_State,object,PROCESSING_OR_INITIAL_STATE,PREDICTOR_SAFE_DIRECT,NOT_IN_V1,3,4.348,False,EXCLUDE,SOURCE_OR_QC_METADATA,Not used in Pilot M2,False,Known before tensile loading,EXPLICIT_V17_NEW_FIELD_REVIEW
Initial_Twin_Target_Guardrail,object,TARGET,TARGET_ONLY,NOT_IN_V1,8,11.594,False,EXCLUDE,SOURCE_OR_QC_METADATA,Not used in Pilot M2,True,Target definition/evidence; never a predictor,EXPLICIT_V17_NEW_FIELD_REVIEW
Mechanical_Value_Status,object,MECHANICAL_RESPONSE,LEAKAGE_MECHANICAL_OUTCOME,NOT_IN_V1,21,30.435,False,EXCLUDE,SOURCE_OR_QC_METADATA,Not used in Pilot M2,True,Same-test mechanical outcome,EXPLICIT_V17_NEW_FIELD_REVIEW
Mechanical_Predictor_Eligibility,object,MECHANICAL_RESPONSE,LEAKAGE_MECHANICAL_OUTCOME,NOT_IN_V1,21,30.435,False,EXCLUDE,SOURCE_OR_QC_METADATA,Not used in Pilot M2,True,Same-test mechanical outcome,EXPLICIT_V17_NEW_FIELD_REVIEW
TRIP_Evidence_Type,object,TARGET,TARGET_ONLY,NOT_IN_V1,21,30.435,False,EXCLUDE,SOURCE_OR_QC_METADATA,Not used in Pilot M2,True,Target definition/evidence; never a predictor,EXPLICIT_V17_NEW_FIELD_REVIEW
TWIP_Evidence_Type,object,TARGET,TARGET_ONLY,NOT_IN_V1,21,30.435,False,EXCLUDE,SOURCE_OR_QC_METADATA,Not used in Pilot M2,True,Target definition/evidence; never a predictor,EXPLICIT_V17_NEW_FIELD_REVIEW
Negative_Evidence_Status,object,TARGET,TARGET_ONLY,NOT_IN_V1,20,28.986,False,EXCLUDE,SOURCE_OR_QC_METADATA,Not used in Pilot M2,True,Target definition/evidence; never a predictor,EXPLICIT_V17_NEW_FIELD_REVIEW
Condition_Level_Target_Evidence,object,TARGET,TARGET_ONLY,NOT_IN_V1,21,30.435,False,EXCLUDE,SOURCE_OR_QC_METADATA,Not used in Pilot M2,True,Target definition/evidence; never a predictor,EXPLICIT_V17_NEW_FIELD_REVIEW
Target_Evidence_Confidence,object,TARGET,TARGET_ONLY,NOT_IN_V1,21,30.435,False,EXCLUDE,SOURCE_OR_QC_METADATA,Not used in Pilot M2,True,Target definition/evidence; never a predictor,EXPLICIT_V17_NEW_FIELD_REVIEW
Stage_Method,object,POST_DEFORMATION_MICROSTRUCTURE,LEAKAGE_POST_TEST,NOT_IN_V1,0,0.0,False,EXCLUDE,SOURCE_OR_QC_METADATA,Not used in Pilot M2,True,Observed after loading begins,EXPLICIT_V17_NEW_FIELD_REVIEW
Local_Strain_pct,float64,POST_DEFORMATION_MICROSTRUCTURE,LEAKAGE_POST_TEST,NOT_IN_V1,0,0.0,False,EXCLUDE,SOURCE_OR_QC_METADATA,Not used in Pilot M2,True,Observed after loading begins,EXPLICIT_V17_NEW_FIELD_REVIEW
HCP_Martensite_Fraction_at_Stage,float64,POST_DEFORMATION_MICROSTRUCTURE,LEAKAGE_POST_TEST,NOT_IN_V1,0,0.0,False,EXCLUDE,SOURCE_OR_QC_METADATA,Not used in Pilot M2,True,Observed after loading begins,EXPLICIT_V17_NEW_FIELD_REVIEW
DeltaG_Value_Status,object,PROVENANCE_QC,METADATA_ONLY,NOT_IN_V1,21,30.435,False,EXCLUDE,SOURCE_OR_QC_METADATA,Not used in Pilot M2,False,Audit/status metadata only,EXPLICIT_V17_NEW_FIELD_REVIEW
DeltaG_Data_Origin,object,OTHER,METADATA_ONLY,NOT_IN_V1,21,30.435,False,EXCLUDE,SOURCE_OR_QC_METADATA,Not used in Pilot M2,False,Conservatively excluded from Pilot M2,EXPLICIT_V17_NEW_FIELD_REVIEW
Physics_Temperature_K,float64,METHOD_OR_SCOPE_SENSITIVE,PREDICTOR_SAFE_CONDITIONAL,NOT_IN_V1,3,4.348,False,EXCLUDE,SOURCE_OR_QC_METADATA,Not used in Pilot M2,False,Pre-test candidate requiring method/source gating,EXPLICIT_V17_NEW_FIELD_REVIEW
Support_Record_ID,object,IDENTITY_GROUPING,IDENTIFIER_ONLY,NOT_IN_V1,0,0.0,False,EXCLUDE,SOURCE_OR_QC_METADATA,Not used in Pilot M2,False,Identifier only,EXPLICIT_V17_NEW_FIELD_REVIEW
P002_Recovery_Provenance_JSON,object,PROVENANCE_QC,PROVENANCE_ONLY,NOT_IN_V1,3,4.348,False,EXCLUDE,SOURCE_OR_QC_METADATA,Not used in Pilot M2,False,Traceability/source audit only,EXPLICIT_V17_NEW_FIELD_REVIEW
P020_Record_Role,object,PROVENANCE_QC,METADATA_ONLY,NOT_IN_V1,1,1.449,False,EXCLUDE,SOURCE_OR_QC_METADATA,Not used in Pilot M2,False,Audit/status metadata only,EXPLICIT_V17_NEW_FIELD_REVIEW
P020_Target_Status,object,TARGET,TARGET_ONLY,NOT_IN_V1,1,1.449,False,EXCLUDE,SOURCE_OR_QC_METADATA,Not used in Pilot M2,True,Target definition/evidence; never a predictor,EXPLICIT_V17_NEW_FIELD_REVIEW
P020_Source_Identity_Status,object,PROVENANCE_QC,PROVENANCE_ONLY,NOT_IN_V1,1,1.449,False,EXCLUDE,SOURCE_OR_QC_METADATA,Not used in Pilot M2,False,Traceability/source audit only,EXPLICIT_V17_NEW_FIELD_REVIEW
P020_QC_Status,object,PROVENANCE_QC,METADATA_ONLY,NOT_IN_V1,1,1.449,False,EXCLUDE,SOURCE_OR_QC_METADATA,Not used in Pilot M2,False,Audit/status metadata only,EXPLICIT_V17_NEW_FIELD_REVIEW
P020_Supplement_Status,object,PROVENANCE_QC,METADATA_ONLY,NOT_IN_V1,1,1.449,False,EXCLUDE,SOURCE_OR_QC_METADATA,Not used in Pilot M2,False,Audit/status metadata only,EXPLICIT_V17_NEW_FIELD_REVIEW
P020_Recovery_Provenance_JSON,object,PROVENANCE_QC,PROVENANCE_ONLY,NOT_IN_V1,1,1.449,False,EXCLUDE,SOURCE_OR_QC_METADATA,Not used in Pilot M2,False,Traceability/source audit only,EXPLICIT_V17_NEW_FIELD_REVIEW
Journal,object,PROVENANCE_QC,PROVENANCE_ONLY,NOT_IN_V1,18,26.087,False,EXCLUDE,SOURCE_OR_QC_METADATA,Not used in Pilot M2,False,Bibliographic provenance,EXPLICIT_V17_NEW_FIELD_REVIEW
Volume,float64,PROVENANCE_QC,PROVENANCE_ONLY,NOT_IN_V1,18,26.087,False,EXCLUDE,SOURCE_OR_QC_METADATA,Not used in Pilot M2,False,Bibliographic provenance,EXPLICIT_V17_NEW_FIELD_REVIEW
Issue,float64,PROVENANCE_QC,PROVENANCE_ONLY,NOT_IN_V1,6,8.696,False,EXCLUDE,SOURCE_OR_QC_METADATA,Not used in Pilot M2,False,Bibliographic provenance,EXPLICIT_V17_NEW_FIELD_REVIEW
Pages,object,PROVENANCE_QC,PROVENANCE_ONLY,NOT_IN_V1,13,18.841,False,EXCLUDE,SOURCE_OR_QC_METADATA,Not used in Pilot M2,False,Bibliographic provenance,EXPLICIT_V17_NEW_FIELD_REVIEW
Publication_Year,float64,PROVENANCE_QC,PROVENANCE_ONLY,NOT_IN_V1,18,26.087,False,EXCLUDE,SOURCE_OR_QC_METADATA,Not used in Pilot M2,False,Bibliographic provenance,EXPLICIT_V17_NEW_FIELD_REVIEW
Source_URL,object,PROVENANCE_QC,PROVENANCE_ONLY,NOT_IN_V1,18,26.087,False,EXCLUDE,SOURCE_OR_QC_METADATA,Not used in Pilot M2,False,Bibliographic provenance,EXPLICIT_V17_NEW_FIELD_REVIEW
Alloy_Family_Text,object,IDENTITY_GROUPING,GROUPING_ONLY,NOT_IN_V1,13,18.841,False,EXCLUDE,SOURCE_OR_QC_METADATA,Not used in Pilot M2,False,Grouping/independence control only,EXPLICIT_V17_NEW_FIELD_REVIEW
Alloy_Family_Use,object,IDENTITY_GROUPING,GROUPING_ONLY,NOT_IN_V1,13,18.841,False,EXCLUDE,SOURCE_OR_QC_METADATA,Not used in Pilot M2,False,Grouping/independence control only,EXPLICIT_V17_NEW_FIELD_REVIEW
Melting_Route,object,PROCESSING_OR_INITIAL_STATE,PREDICTOR_SAFE_DIRECT,NOT_IN_V1,18,26.087,False,EXCLUDE,SOURCE_OR_QC_METADATA,Not used in Pilot M2,False,Known before tensile loading,EXPLICIT_V17_NEW_FIELD_REVIEW
Casting_Route,object,PROCESSING_OR_INITIAL_STATE,PREDICTOR_SAFE_DIRECT,NOT_IN_V1,13,18.841,False,EXCLUDE,SOURCE_OR_QC_METADATA,Not used in Pilot M2,False,Known before tensile loading,EXPLICIT_V17_NEW_FIELD_REVIEW
Cast_Bar_Dimensions_mm,object,PROCESSING_OR_INITIAL_STATE,PREDICTOR_SAFE_DIRECT,NOT_IN_V1,1,1.449,False,EXCLUDE,SOURCE_OR_QC_METADATA,Not used in Pilot M2,False,Known before tensile loading,EXPLICIT_V17_NEW_FIELD_REVIEW
Rolling_T_Raw,object,OTHER,METADATA_ONLY,NOT_IN_V1,1,1.449,False,EXCLUDE,SOURCE_OR_QC_METADATA,Not used in Pilot M2,False,Conservatively excluded from Pilot M2,EXPLICIT_V17_NEW_FIELD_REVIEW
Post_Anneal_Cooling,object,PROCESSING_OR_INITIAL_STATE,PREDICTOR_SAFE_DIRECT,NOT_IN_V1,1,1.449,False,EXCLUDE,SOURCE_OR_QC_METADATA,Not used in Pilot M2,False,Known before tensile loading,EXPLICIT_V17_NEW_FIELD_REVIEW
Test_Metadata_Status,object,PROVENANCE_QC,METADATA_ONLY,NOT_IN_V1,13,18.841,False,EXCLUDE,SOURCE_OR_QC_METADATA,Not used in Pilot M2,False,Audit/status metadata only,EXPLICIT_V17_NEW_FIELD_REVIEW
Initial_TRIP_Target_Guardrail,object,TARGET,TARGET_ONLY,NOT_IN_V1,18,26.087,False,EXCLUDE,SOURCE_OR_QC_METADATA,Not used in Pilot M2,True,Target definition/evidence; never a predictor,EXPLICIT_V17_NEW_FIELD_REVIEW
FCC_Grain_Size_um,float64,PROCESSING_OR_INITIAL_STATE,PREDICTOR_SAFE_DIRECT,NOT_IN_V1,1,1.449,False,EXCLUDE,SOURCE_OR_QC_METADATA,Not used in Pilot M2,False,Known before tensile loading,EXPLICIT_V17_NEW_FIELD_REVIEW
FCC_Grain_Morphology,object,PROCESSING_OR_INITIAL_STATE,PREDICTOR_SAFE_DIRECT,NOT_IN_V1,1,1.449,False,EXCLUDE,SOURCE_OR_QC_METADATA,Not used in Pilot M2,False,Known before tensile loading,EXPLICIT_V17_NEW_FIELD_REVIEW
HCP_Lath_Thickness_um,float64,PROCESSING_OR_INITIAL_STATE,PREDICTOR_SAFE_DIRECT,NOT_IN_V1,1,1.449,False,EXCLUDE,SOURCE_OR_QC_METADATA,Not used in Pilot M2,False,Known before tensile loading,EXPLICIT_V17_NEW_FIELD_REVIEW
Phase_Fraction_Methods,object,PROCESSING_OR_INITIAL_STATE,PREDICTOR_SAFE_DIRECT,NOT_IN_V1,8,11.594,False,EXCLUDE,SOURCE_OR_QC_METADATA,Not used in Pilot M2,False,Known before tensile loading,EXPLICIT_V17_NEW_FIELD_REVIEW
Apparent_Yield_Onset_MPa,float64,MODEL_DERIVED_RESPONSE,LEAKAGE_MODEL_DERIVED,NOT_IN_V1,1,1.449,False,EXCLUDE,SOURCE_OR_QC_METADATA,Not used in Pilot M2,True,Derived from observed response/mechanism,EXPLICIT_V17_NEW_FIELD_REVIEW
Yield_Definition,object,MECHANICAL_RESPONSE,LEAKAGE_MECHANICAL_OUTCOME,NOT_IN_V1,1,1.449,False,EXCLUDE,SOURCE_OR_QC_METADATA,Not used in Pilot M2,True,Same-test mechanical outcome,EXPLICIT_V17_NEW_FIELD_REVIEW
Reported_Ultimate_Strength_MPa,float64,MECHANICAL_RESPONSE,LEAKAGE_MECHANICAL_OUTCOME,NOT_IN_V1,4,5.797,False,EXCLUDE,SOURCE_OR_QC_METADATA,Not used in Pilot M2,True,Same-test mechanical outcome,EXPLICIT_V17_NEW_FIELD_REVIEW
Reported_Elongation_pct,float64,MECHANICAL_RESPONSE,LEAKAGE_MECHANICAL_OUTCOME,NOT_IN_V1,4,5.797,False,EXCLUDE,SOURCE_OR_QC_METADATA,Not used in Pilot M2,True,Same-test mechanical outcome,EXPLICIT_V17_NEW_FIELD_REVIEW
Strain_Basis_Status,object,MECHANICAL_RESPONSE,LEAKAGE_MECHANICAL_OUTCOME,NOT_IN_V1,6,8.696,False,EXCLUDE,SOURCE_OR_QC_METADATA,Not used in Pilot M2,True,Same-test mechanical outcome,EXPLICIT_V17_NEW_FIELD_REVIEW
Target_Status,object,TARGET,TARGET_ONLY,NOT_IN_V1,18,26.087,False,EXCLUDE,SOURCE_OR_QC_METADATA,Not used in Pilot M2,True,Target definition/evidence; never a predictor,EXPLICIT_V17_NEW_FIELD_REVIEW
TRIP_Parent_Phase,object,TARGET,TARGET_ONLY,NOT_IN_V1,13,18.841,False,EXCLUDE,SOURCE_OR_QC_METADATA,Not used in Pilot M2,True,Target definition/evidence; never a predictor,EXPLICIT_V17_NEW_FIELD_REVIEW
TRIP_Product_Phase,object,TARGET,TARGET_ONLY,NOT_IN_V1,13,18.841,False,EXCLUDE,SOURCE_OR_QC_METADATA,Not used in Pilot M2,True,Target definition/evidence; never a predictor,EXPLICIT_V17_NEW_FIELD_REVIEW
TWIP_Phase,object,TARGET,TARGET_ONLY,NOT_IN_V1,4,5.797,False,EXCLUDE,SOURCE_OR_QC_METADATA,Not used in Pilot M2,True,Target definition/evidence; never a predictor,EXPLICIT_V17_NEW_FIELD_REVIEW
TWIP_Mode,object,TARGET,TARGET_ONLY,NOT_IN_V1,7,10.145,False,EXCLUDE,SOURCE_OR_QC_METADATA,Not used in Pilot M2,True,Target definition/evidence; never a predictor,EXPLICIT_V17_NEW_FIELD_REVIEW
Slip_Evidence_Type,object,TARGET,TARGET_ONLY,NOT_IN_V1,5,7.246,False,EXCLUDE,SOURCE_OR_QC_METADATA,Not used in Pilot M2,True,Target definition/evidence; never a predictor,EXPLICIT_V17_NEW_FIELD_REVIEW
TRIP_Onset_Macro_Stress_MPa,float64,MODEL_DERIVED_RESPONSE,LEAKAGE_MODEL_DERIVED,NOT_IN_V1,1,1.449,False,EXCLUDE,SOURCE_OR_QC_METADATA,Not used in Pilot M2,True,Derived from observed response/mechanism,EXPLICIT_V17_NEW_FIELD_REVIEW
HCP_Tensile_Twin_Onset_Macro_Stress_MPa,float64,MODEL_DERIVED_RESPONSE,LEAKAGE_MODEL_DERIVED,NOT_IN_V1,1,1.449,False,EXCLUDE,SOURCE_OR_QC_METADATA,Not used in Pilot M2,True,Derived from observed response/mechanism,EXPLICIT_V17_NEW_FIELD_REVIEW
HCP_Multiple_Twin_Onset_Macro_Stress_MPa,float64,MODEL_DERIVED_RESPONSE,LEAKAGE_MODEL_DERIVED,NOT_IN_V1,1,1.449,False,EXCLUDE,SOURCE_OR_QC_METADATA,Not used in Pilot M2,True,Derived from observed response/mechanism,EXPLICIT_V17_NEW_FIELD_REVIEW
HCP_Multiple_Twin_Onset_Macro_Strain_pct,float64,MODEL_DERIVED_RESPONSE,LEAKAGE_MODEL_DERIVED,NOT_IN_V1,1,1.449,False,EXCLUDE,SOURCE_OR_QC_METADATA,Not used in Pilot M2,True,Derived from observed response/mechanism,EXPLICIT_V17_NEW_FIELD_REVIEW
TRIP_Late_Suppression_Strain_Threshold_pct,float64,MODEL_DERIVED_RESPONSE,LEAKAGE_MODEL_DERIVED,NOT_IN_V1,1,1.449,False,EXCLUDE,SOURCE_OR_QC_METADATA,Not used in Pilot M2,True,Derived from observed response/mechanism,EXPLICIT_V17_NEW_FIELD_REVIEW
TRIP_Rate_Status,object,MODEL_DERIVED_RESPONSE,LEAKAGE_MODEL_DERIVED,NOT_IN_V1,1,1.449,False,EXCLUDE,SOURCE_OR_QC_METADATA,Not used in Pilot M2,True,Derived from observed response/mechanism,EXPLICIT_V17_NEW_FIELD_REVIEW
FCC_fraction_at_fracture,float64,POST_DEFORMATION_MICROSTRUCTURE,LEAKAGE_POST_TEST,NOT_IN_V1,1,1.449,False,EXCLUDE,SOURCE_OR_QC_METADATA,Not used in Pilot M2,True,Observed after loading begins,EXPLICIT_V17_NEW_FIELD_REVIEW
HCP_fraction_at_fracture,float64,POST_DEFORMATION_MICROSTRUCTURE,LEAKAGE_POST_TEST,NOT_IN_V1,0,0.0,False,EXCLUDE,SOURCE_OR_QC_METADATA,Not used in Pilot M2,True,Observed after loading begins,EXPLICIT_V17_NEW_FIELD_REVIEW
Fracture_Phase_Fraction_Status,object,POST_DEFORMATION_MICROSTRUCTURE,LEAKAGE_POST_TEST,NOT_IN_V1,1,1.449,False,EXCLUDE,SOURCE_OR_QC_METADATA,Not used in Pilot M2,True,Observed after loading begins,EXPLICIT_V17_NEW_FIELD_REVIEW
Instrument,object,OTHER,METADATA_ONLY,NOT_IN_V1,1,1.449,False,EXCLUDE,SOURCE_OR_QC_METADATA,Not used in Pilot M2,False,Conservatively excluded from Pilot M2,EXPLICIT_V17_NEW_FIELD_REVIEW
Facility,object,OTHER,METADATA_ONLY,NOT_IN_V1,1,1.449,False,EXCLUDE,SOURCE_OR_QC_METADATA,Not used in Pilot M2,False,Conservatively excluded from Pilot M2,EXPLICIT_V17_NEW_FIELD_REVIEW
Diffraction_Type,object,OTHER,METADATA_ONLY,NOT_IN_V1,1,1.449,False,EXCLUDE,SOURCE_OR_QC_METADATA,Not used in Pilot M2,False,Conservatively excluded from Pilot M2,EXPLICIT_V17_NEW_FIELD_REVIEW
Detector_Directions,object,OTHER,METADATA_ONLY,NOT_IN_V1,1,1.449,False,EXCLUDE,SOURCE_OR_QC_METADATA,Not used in Pilot M2,False,Conservatively excluded from Pilot M2,EXPLICIT_V17_NEW_FIELD_REVIEW
Detector_Banks,object,OTHER,METADATA_ONLY,NOT_IN_V1,1,1.449,False,EXCLUDE,SOURCE_OR_QC_METADATA,Not used in Pilot M2,False,Conservatively excluded from Pilot M2,EXPLICIT_V17_NEW_FIELD_REVIEW
Phase_Quantification_Method,object,OTHER,METADATA_ONLY,NOT_IN_V1,1,1.449,False,EXCLUDE,SOURCE_OR_QC_METADATA,Not used in Pilot M2,False,Conservatively excluded from Pilot M2,EXPLICIT_V17_NEW_FIELD_REVIEW
Peak_Analysis_Method,object,OTHER,METADATA_ONLY,NOT_IN_V1,1,1.449,False,EXCLUDE,SOURCE_OR_QC_METADATA,Not used in Pilot M2,False,Conservatively excluded from Pilot M2,EXPLICIT_V17_NEW_FIELD_REVIEW
Neutron_Measured_Quantities,object,OTHER,METADATA_ONLY,NOT_IN_V1,1,1.449,False,EXCLUDE,SOURCE_OR_QC_METADATA,Not used in Pilot M2,False,Conservatively excluded from Pilot M2,EXPLICIT_V17_NEW_FIELD_REVIEW
Stage_Label,object,IDENTITY_GROUPING,IDENTIFIER_ONLY,NOT_IN_V1,0,0.0,False,EXCLUDE,SOURCE_OR_QC_METADATA,Not used in Pilot M2,False,Identifier only,EXPLICIT_V17_NEW_FIELD_REVIEW
Stage_Stress_Range_Raw,object,POST_DEFORMATION_MICROSTRUCTURE,LEAKAGE_POST_TEST,NOT_IN_V1,0,0.0,False,EXCLUDE,SOURCE_OR_QC_METADATA,Not used in Pilot M2,True,Observed after loading begins,EXPLICIT_V17_NEW_FIELD_REVIEW
Stage_Strain_Relation,object,POST_DEFORMATION_MICROSTRUCTURE,LEAKAGE_POST_TEST,NOT_IN_V1,0,0.0,False,EXCLUDE,SOURCE_OR_QC_METADATA,Not used in Pilot M2,True,Observed after loading begins,EXPLICIT_V17_NEW_FIELD_REVIEW
Macro_Stress_MPa,float64,POST_DEFORMATION_MICROSTRUCTURE,LEAKAGE_POST_TEST,NOT_IN_V1,0,0.0,False,EXCLUDE,SOURCE_OR_QC_METADATA,Not used in Pilot M2,True,Observed after loading begins,EXPLICIT_V17_NEW_FIELD_REVIEW
Macro_Strain_pct,float64,POST_DEFORMATION_MICROSTRUCTURE,LEAKAGE_POST_TEST,NOT_IN_V1,0,0.0,False,EXCLUDE,SOURCE_OR_QC_METADATA,Not used in Pilot M2,True,Observed after loading begins,EXPLICIT_V17_NEW_FIELD_REVIEW
Mechanism_Event,object,POST_DEFORMATION_MICROSTRUCTURE,LEAKAGE_POST_TEST,NOT_IN_V1,0,0.0,False,EXCLUDE,SOURCE_OR_QC_METADATA,Not used in Pilot M2,True,Observed after loading begins,EXPLICIT_V17_NEW_FIELD_REVIEW
TRIP_Stage,float64,POST_DEFORMATION_MICROSTRUCTURE,LEAKAGE_POST_TEST,NOT_IN_V1,0,0.0,False,EXCLUDE,SOURCE_OR_QC_METADATA,Not used in Pilot M2,True,Observed after loading begins,EXPLICIT_V17_NEW_FIELD_REVIEW
TWIP_Stage,float64,POST_DEFORMATION_MICROSTRUCTURE,LEAKAGE_POST_TEST,NOT_IN_V1,0,0.0,False,EXCLUDE,SOURCE_OR_QC_METADATA,Not used in Pilot M2,True,Observed after loading begins,EXPLICIT_V17_NEW_FIELD_REVIEW
Slip_Stage,float64,POST_DEFORMATION_MICROSTRUCTURE,LEAKAGE_POST_TEST,NOT_IN_V1,0,0.0,False,EXCLUDE,SOURCE_OR_QC_METADATA,Not used in Pilot M2,True,Observed after loading begins,EXPLICIT_V17_NEW_FIELD_REVIEW
Stage_Evidence_Type,object,POST_DEFORMATION_MICROSTRUCTURE,LEAKAGE_POST_TEST,NOT_IN_V1,0,0.0,False,EXCLUDE,SOURCE_OR_QC_METADATA,Not used in Pilot M2,True,Observed after loading begins,EXPLICIT_V17_NEW_FIELD_REVIEW
P020_Target_Semantic_Note,object,TARGET,TARGET_ONLY,NOT_IN_V1,1,1.449,False,EXCLUDE,SOURCE_OR_QC_METADATA,Not used in Pilot M2,True,Target definition/evidence; never a predictor,EXPLICIT_V17_NEW_FIELD_REVIEW
P021_Record_Role,object,PROVENANCE_QC,METADATA_ONLY,NOT_IN_V1,5,7.246,False,EXCLUDE,SOURCE_OR_QC_METADATA,Not used in Pilot M2,False,Audit/status metadata only,EXPLICIT_V17_NEW_FIELD_REVIEW
P021_Target_Status,object,TARGET,TARGET_ONLY,NOT_IN_V1,5,7.246,False,EXCLUDE,SOURCE_OR_QC_METADATA,Not used in Pilot M2,True,Target definition/evidence; never a predictor,EXPLICIT_V17_NEW_FIELD_REVIEW
P021_Source_Identity_Status,object,PROVENANCE_QC,PROVENANCE_ONLY,NOT_IN_V1,5,7.246,False,EXCLUDE,SOURCE_OR_QC_METADATA,Not used in Pilot M2,False,Traceability/source audit only,EXPLICIT_V17_NEW_FIELD_REVIEW
P021_QC_Status,object,PROVENANCE_QC,METADATA_ONLY,NOT_IN_V1,5,7.246,False,EXCLUDE,SOURCE_OR_QC_METADATA,Not used in Pilot M2,False,Audit/status metadata only,EXPLICIT_V17_NEW_FIELD_REVIEW
P021_Recovery_Provenance_JSON,object,PROVENANCE_QC,PROVENANCE_ONLY,NOT_IN_V1,5,7.246,False,EXCLUDE,SOURCE_OR_QC_METADATA,Not used in Pilot M2,False,Traceability/source audit only,EXPLICIT_V17_NEW_FIELD_REVIEW
Article_Number,float64,PROVENANCE_QC,PROVENANCE_ONLY,NOT_IN_V1,5,7.246,False,EXCLUDE,SOURCE_OR_QC_METADATA,Not used in Pilot M2,False,Bibliographic provenance,EXPLICIT_V17_NEW_FIELD_REVIEW
Replicate_n_Status,object,IDENTITY_GROUPING,GROUPING_ONLY,NOT_IN_V1,5,7.246,False,EXCLUDE,SOURCE_OR_QC_METADATA,Not used in Pilot M2,False,Grouping/independence control only,EXPLICIT_V17_NEW_FIELD_REVIEW
Remelt_Count_Min,float64,PROCESSING_OR_INITIAL_STATE,PREDICTOR_SAFE_DIRECT,NOT_IN_V1,10,14.493,False,EXCLUDE,SOURCE_OR_QC_METADATA,Not used in Pilot M2,False,Known before tensile loading,EXPLICIT_V17_NEW_FIELD_REVIEW
Remelt_Count_Status,object,PROVENANCE_QC,METADATA_ONLY,NOT_IN_V1,10,14.493,False,EXCLUDE,SOURCE_OR_QC_METADATA,Not used in Pilot M2,False,Audit/status metadata only,EXPLICIT_V17_NEW_FIELD_REVIEW
Alloy_Mass_g_Approx,float64,PROCESSING_OR_INITIAL_STATE,PREDICTOR_SAFE_DIRECT,NOT_IN_V1,5,7.246,False,EXCLUDE,SOURCE_OR_QC_METADATA,Not used in Pilot M2,False,Known before tensile loading,EXPLICIT_V17_NEW_FIELD_REVIEW
Remolded_Ingot_Dimensions_mm,object,PROCESSING_OR_INITIAL_STATE,PREDICTOR_SAFE_DIRECT,NOT_IN_V1,5,7.246,False,EXCLUDE,SOURCE_OR_QC_METADATA,Not used in Pilot M2,False,Known before tensile loading,EXPLICIT_V17_NEW_FIELD_REVIEW
Homogenization_T_C_Raw,float64,PROCESSING_OR_INITIAL_STATE,PREDICTOR_SAFE_DIRECT,NOT_IN_V1,5,7.246,False,EXCLUDE,SOURCE_OR_QC_METADATA,Not used in Pilot M2,False,Known before tensile loading,EXPLICIT_V17_NEW_FIELD_REVIEW
Hot_Roll_T_C_Raw,float64,PROCESSING_OR_INITIAL_STATE,PREDICTOR_SAFE_DIRECT,NOT_IN_V1,5,7.246,False,EXCLUDE,SOURCE_OR_QC_METADATA,Not used in Pilot M2,False,Known before tensile loading,EXPLICIT_V17_NEW_FIELD_REVIEW
Hot_Roll_Final_Thickness_mm,float64,PROCESSING_OR_INITIAL_STATE,PREDICTOR_SAFE_DIRECT,NOT_IN_V1,5,7.246,False,EXCLUDE,SOURCE_OR_QC_METADATA,Not used in Pilot M2,False,Known before tensile loading,EXPLICIT_V17_NEW_FIELD_REVIEW
Anneal_T_C_Raw,float64,PROCESSING_OR_INITIAL_STATE,PREDICTOR_SAFE_DIRECT,NOT_IN_V1,11,15.942,False,EXCLUDE,SOURCE_OR_QC_METADATA,Not used in Pilot M2,False,Known before tensile loading,EXPLICIT_V17_NEW_FIELD_REVIEW
Post_Anneal_Quench,object,PROCESSING_OR_INITIAL_STATE,PREDICTOR_SAFE_DIRECT,NOT_IN_V1,11,15.942,False,EXCLUDE,SOURCE_OR_QC_METADATA,Not used in Pilot M2,False,Known before tensile loading,EXPLICIT_V17_NEW_FIELD_REVIEW
Test_T_C,float64,PROCESSING_OR_INITIAL_STATE,PREDICTOR_SAFE_DIRECT,NOT_IN_V1,4,5.797,False,EXCLUDE,SOURCE_OR_QC_METADATA,Not used in Pilot M2,False,Known before tensile loading,EXPLICIT_V17_NEW_FIELD_REVIEW
Test_Atmosphere,object,PROCESSING_OR_INITIAL_STATE,PREDICTOR_SAFE_DIRECT,NOT_IN_V1,1,1.449,False,EXCLUDE,SOURCE_OR_QC_METADATA,Not used in Pilot M2,False,Known before tensile loading,EXPLICIT_V17_NEW_FIELD_REVIEW
Specimen_Orientation,object,PROCESSING_OR_INITIAL_STATE,PREDICTOR_SAFE_DIRECT,NOT_IN_V1,5,7.246,False,EXCLUDE,SOURCE_OR_QC_METADATA,Not used in Pilot M2,False,Known before tensile loading,EXPLICIT_V17_NEW_FIELD_REVIEW
Specimen_Standard,object,OTHER,METADATA_ONLY,NOT_IN_V1,5,7.246,False,EXCLUDE,SOURCE_OR_QC_METADATA,Not used in Pilot M2,False,Conservatively excluded from Pilot M2,EXPLICIT_V17_NEW_FIELD_REVIEW
Initial_Alpha_BCT_fraction,float64,PROCESSING_OR_INITIAL_STATE,PREDICTOR_SAFE_DIRECT,NOT_IN_V1,5,7.246,False,EXCLUDE,SOURCE_OR_QC_METADATA,Not used in Pilot M2,False,Known before tensile loading,EXPLICIT_V17_NEW_FIELD_REVIEW
Initial_Secondary_Phase_Status,object,PROCESSING_OR_INITIAL_STATE,PREDICTOR_SAFE_DIRECT,NOT_IN_V1,6,8.696,False,EXCLUDE,SOURCE_OR_QC_METADATA,Not used in Pilot M2,False,Known before tensile loading,EXPLICIT_V17_NEW_FIELD_REVIEW
Fully_Recrystallized,object,PROCESSING_OR_INITIAL_STATE,PREDICTOR_SAFE_DIRECT,NOT_IN_V1,5,7.246,False,EXCLUDE,SOURCE_OR_QC_METADATA,Not used in Pilot M2,False,Known before tensile loading,EXPLICIT_V17_NEW_FIELD_REVIEW
Grain_Size_Method,object,OTHER,METADATA_ONLY,NOT_IN_V1,5,7.246,False,EXCLUDE,SOURCE_OR_QC_METADATA,Not used in Pilot M2,False,Conservatively excluded from Pilot M2,EXPLICIT_V17_NEW_FIELD_REVIEW
Grain_Size_Twin_Boundary_Exclusion,object,OTHER,METADATA_ONLY,NOT_IN_V1,5,7.246,False,EXCLUDE,SOURCE_OR_QC_METADATA,Not used in Pilot M2,False,Conservatively excluded from Pilot M2,EXPLICIT_V17_NEW_FIELD_REVIEW
Initial_Stacking_Fault_State,object,OTHER,METADATA_ONLY,NOT_IN_V1,5,7.246,False,EXCLUDE,SOURCE_OR_QC_METADATA,Not used in Pilot M2,False,Conservatively excluded from Pilot M2,EXPLICIT_V17_NEW_FIELD_REVIEW
Initial_Stacking_Fault_State_Raw,object,OTHER,METADATA_ONLY,NOT_IN_V1,5,7.246,False,EXCLUDE,SOURCE_OR_QC_METADATA,Not used in Pilot M2,False,Conservatively excluded from Pilot M2,EXPLICIT_V17_NEW_FIELD_REVIEW
PreTest_Cryogenic_Immersion,object,PROCESSING_OR_INITIAL_STATE,PREDICTOR_SAFE_DIRECT,NOT_IN_V1,5,7.246,False,EXCLUDE,SOURCE_OR_QC_METADATA,Not used in Pilot M2,False,Known before tensile loading,EXPLICIT_V17_NEW_FIELD_REVIEW
PreTest_State_Timing,object,PROCESSING_OR_INITIAL_STATE,PREDICTOR_SAFE_DIRECT,NOT_IN_V1,5,7.246,False,EXCLUDE,SOURCE_OR_QC_METADATA,Not used in Pilot M2,False,Known before tensile loading,EXPLICIT_V17_NEW_FIELD_REVIEW
Postfracture_Evidence_Method,object,POST_DEFORMATION_MICROSTRUCTURE,LEAKAGE_POST_TEST,NOT_IN_V1,2,2.899,False,EXCLUDE,SOURCE_OR_QC_METADATA,Not used in Pilot M2,True,Observed after loading begins,EXPLICIT_V17_NEW_FIELD_REVIEW
Postfracture_HCP_fraction_scope,object,POST_DEFORMATION_MICROSTRUCTURE,LEAKAGE_POST_TEST,NOT_IN_V1,2,2.899,False,EXCLUDE,SOURCE_OR_QC_METADATA,Not used in Pilot M2,True,Observed after loading begins,EXPLICIT_V17_NEW_FIELD_REVIEW
Postfracture_Predictor_Eligibility,object,POST_DEFORMATION_MICROSTRUCTURE,LEAKAGE_POST_TEST,NOT_IN_V1,2,2.899,False,EXCLUDE,SOURCE_OR_QC_METADATA,Not used in Pilot M2,True,Observed after loading begins,EXPLICIT_V17_NEW_FIELD_REVIEW
Postfracture_Mechanical_Twin_Status,object,POST_DEFORMATION_MICROSTRUCTURE,LEAKAGE_POST_TEST,NOT_IN_V1,2,2.899,False,EXCLUDE,SOURCE_OR_QC_METADATA,Not used in Pilot M2,True,Observed after loading begins,EXPLICIT_V17_NEW_FIELD_REVIEW
Slip_StackingFault_Status,object,POST_DEFORMATION_MICROSTRUCTURE,LEAKAGE_POST_TEST,NOT_IN_V1,2,2.899,False,EXCLUDE,SOURCE_OR_QC_METADATA,Not used in Pilot M2,True,Observed after loading begins,EXPLICIT_V17_NEW_FIELD_REVIEW
Alpha_BCT_Transformation_Status,object,TARGET,TARGET_ONLY,NOT_IN_V1,2,2.899,False,EXCLUDE,SOURCE_OR_QC_METADATA,Not used in Pilot M2,True,Target definition/evidence; never a predictor,EXPLICIT_V17_NEW_FIELD_REVIEW
Alpha_BCT_Transformation_Evidence,object,TARGET,TARGET_ONLY,NOT_IN_V1,2,2.899,False,EXCLUDE,SOURCE_OR_QC_METADATA,Not used in Pilot M2,True,Target definition/evidence; never a predictor,EXPLICIT_V17_NEW_FIELD_REVIEW
Alpha_BCT_Target_Safeguard,object,TARGET,TARGET_ONLY,NOT_IN_V1,2,2.899,False,EXCLUDE,SOURCE_OR_QC_METADATA,Not used in Pilot M2,True,Target definition/evidence; never a predictor,EXPLICIT_V17_NEW_FIELD_REVIEW
TWIP_Evidence_Abundance,object,TARGET,TARGET_ONLY,NOT_IN_V1,1,1.449,False,EXCLUDE,SOURCE_OR_QC_METADATA,Not used in Pilot M2,True,Target definition/evidence; never a predictor,EXPLICIT_V17_NEW_FIELD_REVIEW
TWIP_Evidence_Strength,object,TARGET,TARGET_ONLY,NOT_IN_V1,1,1.449,False,EXCLUDE,SOURCE_OR_QC_METADATA,Not used in Pilot M2,True,Target definition/evidence; never a predictor,EXPLICIT_V17_NEW_FIELD_REVIEW
SFE_Raw_Bound,object,METHOD_OR_SCOPE_SENSITIVE,PREDICTOR_SAFE_CONDITIONAL,NOT_IN_V1,1,1.449,False,EXCLUDE,SOURCE_OR_QC_METADATA,Not used in Pilot M2,False,Pre-test candidate requiring method/source gating,EXPLICIT_V17_NEW_FIELD_REVIEW
SFE_Bound_Status,object,METHOD_OR_SCOPE_SENSITIVE,PREDICTOR_SAFE_CONDITIONAL,NOT_IN_V1,1,1.449,False,EXCLUDE,SOURCE_OR_QC_METADATA,Not used in Pilot M2,False,Pre-test candidate requiring method/source gating,EXPLICIT_V17_NEW_FIELD_REVIEW
SFE_Predictor_Eligibility,object,METHOD_OR_SCOPE_SENSITIVE,PREDICTOR_SAFE_CONDITIONAL,NOT_IN_V1,17,24.638,False,EXCLUDE,SOURCE_OR_QC_METADATA,Not used in Pilot M2,False,Pre-test candidate requiring method/source gating,EXPLICIT_V17_NEW_FIELD_REVIEW
SFE_Qualitative_Temperature_Status,object,METHOD_OR_SCOPE_SENSITIVE,PREDICTOR_SAFE_CONDITIONAL,NOT_IN_V1,1,1.449,False,EXCLUDE,SOURCE_OR_QC_METADATA,Not used in Pilot M2,False,Pre-test candidate requiring method/source gating,EXPLICIT_V17_NEW_FIELD_REVIEW
P022_Record_Role,object,PROVENANCE_QC,METADATA_ONLY,NOT_IN_V1,5,7.246,False,EXCLUDE,SOURCE_OR_QC_METADATA,Not used in Pilot M2,False,Audit/status metadata only,EXPLICIT_V17_NEW_FIELD_REVIEW
P022_Target_Status,object,TARGET,TARGET_ONLY,NOT_IN_V1,5,7.246,False,EXCLUDE,SOURCE_OR_QC_METADATA,Not used in Pilot M2,True,Target definition/evidence; never a predictor,EXPLICIT_V17_NEW_FIELD_REVIEW
P022_Source_Identity_Status,object,PROVENANCE_QC,PROVENANCE_ONLY,NOT_IN_V1,5,7.246,False,EXCLUDE,SOURCE_OR_QC_METADATA,Not used in Pilot M2,False,Traceability/source audit only,EXPLICIT_V17_NEW_FIELD_REVIEW
P022_QC_Status,object,PROVENANCE_QC,METADATA_ONLY,NOT_IN_V1,5,7.246,False,EXCLUDE,SOURCE_OR_QC_METADATA,Not used in Pilot M2,False,Audit/status metadata only,EXPLICIT_V17_NEW_FIELD_REVIEW
P022_Recovery_Provenance_JSON,object,PROVENANCE_QC,PROVENANCE_ONLY,NOT_IN_V1,5,7.246,False,EXCLUDE,SOURCE_OR_QC_METADATA,Not used in Pilot M2,False,Traceability/source audit only,EXPLICIT_V17_NEW_FIELD_REVIEW
Original_Composition_Basis,object,METHOD_OR_SCOPE_SENSITIVE,PREDICTOR_SAFE_CONDITIONAL,NOT_IN_V1,12,17.391,False,EXCLUDE,SOURCE_OR_QC_METADATA,Not used in Pilot M2,False,Pre-test candidate requiring method/source gating,EXPLICIT_V17_NEW_FIELD_REVIEW
Normalized_Composition_at_pct,float64,METHOD_OR_SCOPE_SENSITIVE,PREDICTOR_SAFE_CONDITIONAL,NOT_IN_V1,0,0.0,False,EXCLUDE,SOURCE_OR_QC_METADATA,Not used in Pilot M2,False,Pre-test candidate requiring method/source gating,EXPLICIT_V17_NEW_FIELD_REVIEW
Composition_Normalization_Status,object,METHOD_OR_SCOPE_SENSITIVE,PREDICTOR_SAFE_CONDITIONAL,NOT_IN_V1,12,17.391,False,EXCLUDE,SOURCE_OR_QC_METADATA,Not used in Pilot M2,False,Pre-test candidate requiring method/source gating,EXPLICIT_V17_NEW_FIELD_REVIEW
Atomic_Ratio_C_Addition_Raw,float64,METHOD_OR_SCOPE_SENSITIVE,PREDICTOR_SAFE_CONDITIONAL,NOT_IN_V1,5,7.246,False,EXCLUDE,SOURCE_OR_QC_METADATA,Not used in Pilot M2,False,Pre-test candidate requiring method/source gating,EXPLICIT_V17_NEW_FIELD_REVIEW
Atomic_Ratio_Mo_Addition_Raw,float64,METHOD_OR_SCOPE_SENSITIVE,PREDICTOR_SAFE_CONDITIONAL,NOT_IN_V1,5,7.246,False,EXCLUDE,SOURCE_OR_QC_METADATA,Not used in Pilot M2,False,Pre-test candidate requiring method/source gating,EXPLICIT_V17_NEW_FIELD_REVIEW
Processing_State,object,METHOD_OR_SCOPE_SENSITIVE,PREDICTOR_SAFE_CONDITIONAL,NOT_IN_V1,12,17.391,False,EXCLUDE,SOURCE_OR_QC_METADATA,Not used in Pilot M2,False,Pre-test candidate requiring method/source gating,EXPLICIT_V17_NEW_FIELD_REVIEW
Flat_Tensile_Specimen_Dimensions_mm,object,OTHER,METADATA_ONLY,NOT_IN_V1,5,7.246,False,EXCLUDE,SOURCE_OR_QC_METADATA,Not used in Pilot M2,False,Conservatively excluded from Pilot M2,EXPLICIT_V17_NEW_FIELD_REVIEW
Strain_Rate_Status,object,PROVENANCE_QC,METADATA_ONLY,NOT_IN_V1,12,17.391,False,EXCLUDE,SOURCE_OR_QC_METADATA,Not used in Pilot M2,False,Audit/status metadata only,EXPLICIT_V17_NEW_FIELD_REVIEW
Initial_Secondary_Phase,object,METHOD_OR_SCOPE_SENSITIVE,PREDICTOR_SAFE_CONDITIONAL,NOT_IN_V1,1,1.449,False,EXCLUDE,SOURCE_OR_QC_METADATA,Not used in Pilot M2,False,Pre-test candidate requiring method/source gating,EXPLICIT_V17_NEW_FIELD_REVIEW
Dendrite_Morphology,object,METHOD_OR_SCOPE_SENSITIVE,PREDICTOR_SAFE_CONDITIONAL,NOT_IN_V1,5,7.246,False,EXCLUDE,SOURCE_OR_QC_METADATA,Not used in Pilot M2,False,Pre-test candidate requiring method/source gating,EXPLICIT_V17_NEW_FIELD_REVIEW
Sigma_Phase_Evidence_Status,object,METHOD_OR_SCOPE_SENSITIVE,PREDICTOR_SAFE_CONDITIONAL,NOT_IN_V1,5,7.246,False,EXCLUDE,SOURCE_OR_QC_METADATA,Not used in Pilot M2,False,Pre-test candidate requiring method/source gating,EXPLICIT_V17_NEW_FIELD_REVIEW
Initial_HCP_Target_Guardrail,object,TARGET,TARGET_ONLY,NOT_IN_V1,12,17.391,False,EXCLUDE,SOURCE_OR_QC_METADATA,Not used in Pilot M2,True,Target definition/evidence; never a predictor,EXPLICIT_V17_NEW_FIELD_REVIEW
Paper_Native_Mechanism_Attribution,object,TARGET,TARGET_ONLY,NOT_IN_V1,4,5.797,False,EXCLUDE,SOURCE_OR_QC_METADATA,Not used in Pilot M2,True,Target definition/evidence; never a predictor,EXPLICIT_V17_NEW_FIELD_REVIEW
Author_Attributed_Target_Evidence_Grade,object,TARGET,TARGET_ONLY,NOT_IN_V1,1,1.449,False,EXCLUDE,SOURCE_OR_QC_METADATA,Not used in Pilot M2,True,Target definition/evidence; never a predictor,EXPLICIT_V17_NEW_FIELD_REVIEW
TRIP_to_TWIP_Negative_Safeguard,object,TARGET,TARGET_ONLY,NOT_IN_V1,5,7.246,False,EXCLUDE,SOURCE_OR_QC_METADATA,Not used in Pilot M2,True,Target definition/evidence; never a predictor,EXPLICIT_V17_NEW_FIELD_REVIEW
Twin_Boundary_Character,object,METHOD_OR_SCOPE_SENSITIVE,PREDICTOR_SAFE_CONDITIONAL,NOT_IN_V1,3,4.348,False,EXCLUDE,SOURCE_OR_QC_METADATA,Not used in Pilot M2,False,Pre-test candidate requiring method/source gating,EXPLICIT_V17_NEW_FIELD_REVIEW
Twin_Population_Qualitative,object,METHOD_OR_SCOPE_SENSITIVE,PREDICTOR_SAFE_CONDITIONAL,NOT_IN_V1,3,4.348,False,EXCLUDE,SOURCE_OR_QC_METADATA,Not used in Pilot M2,False,Pre-test candidate requiring method/source gating,EXPLICIT_V17_NEW_FIELD_REVIEW
Twin_Fraction_Status,object,METHOD_OR_SCOPE_SENSITIVE,PREDICTOR_SAFE_CONDITIONAL,NOT_IN_V1,3,4.348,False,EXCLUDE,SOURCE_OR_QC_METADATA,Not used in Pilot M2,False,Pre-test candidate requiring method/source gating,EXPLICIT_V17_NEW_FIELD_REVIEW
Figure3_Digitization_Status,object,PROVENANCE_QC,METADATA_ONLY,NOT_IN_V1,5,7.246,False,EXCLUDE,SOURCE_OR_QC_METADATA,Not used in Pilot M2,False,Audit/status metadata only,EXPLICIT_V17_NEW_FIELD_REVIEW
SFE_General_Threshold_Status,object,PROVENANCE_QC,METADATA_ONLY,NOT_IN_V1,5,7.246,False,EXCLUDE,SOURCE_OR_QC_METADATA,Not used in Pilot M2,False,Audit/status metadata only,EXPLICIT_V17_NEW_FIELD_REVIEW
SFE_Qualitative_Trend,object,METHOD_OR_SCOPE_SENSITIVE,PREDICTOR_SAFE_CONDITIONAL,NOT_IN_V1,5,7.246,False,EXCLUDE,SOURCE_OR_QC_METADATA,Not used in Pilot M2,False,Pre-test candidate requiring method/source gating,EXPLICIT_V17_NEW_FIELD_REVIEW
C4_Carbide_XRD_Coexistence_Safeguard,object,METHOD_OR_SCOPE_SENSITIVE,PREDICTOR_SAFE_CONDITIONAL,NOT_IN_V1,1,1.449,False,EXCLUDE,SOURCE_OR_QC_METADATA,Not used in Pilot M2,False,Pre-test candidate requiring method/source gating,EXPLICIT_V17_NEW_FIELD_REVIEW
P023_Record_Role,object,PROVENANCE_QC,METADATA_ONLY,NOT_IN_V1,7,10.145,False,EXCLUDE,SOURCE_OR_QC_METADATA,Not used in Pilot M2,False,Audit/status metadata only,EXPLICIT_V17_NEW_FIELD_REVIEW
P023_Target_Status,object,TARGET,TARGET_ONLY,NOT_IN_V1,7,10.145,False,EXCLUDE,SOURCE_OR_QC_METADATA,Not used in Pilot M2,True,Target definition/evidence; never a predictor,EXPLICIT_V17_NEW_FIELD_REVIEW
P023_Source_Identity_Status,object,PROVENANCE_QC,PROVENANCE_ONLY,NOT_IN_V1,7,10.145,False,EXCLUDE,SOURCE_OR_QC_METADATA,Not used in Pilot M2,False,Traceability/source audit only,EXPLICIT_V17_NEW_FIELD_REVIEW
P023_Source_Family_Status,object,PROVENANCE_QC,PROVENANCE_ONLY,NOT_IN_V1,7,10.145,False,EXCLUDE,SOURCE_OR_QC_METADATA,Not used in Pilot M2,False,Traceability/source audit only,EXPLICIT_V17_NEW_FIELD_REVIEW
P023_QC_Status,object,PROVENANCE_QC,METADATA_ONLY,NOT_IN_V1,7,10.145,False,EXCLUDE,SOURCE_OR_QC_METADATA,Not used in Pilot M2,False,Audit/status metadata only,EXPLICIT_V17_NEW_FIELD_REVIEW
P023_Recovery_Provenance_JSON,object,PROVENANCE_QC,PROVENANCE_ONLY,NOT_IN_V1,7,10.145,False,EXCLUDE,SOURCE_OR_QC_METADATA,Not used in Pilot M2,False,Traceability/source audit only,EXPLICIT_V17_NEW_FIELD_REVIEW
Al_at%,float64,PROCESSING_OR_INITIAL_STATE,PREDICTOR_SAFE_DIRECT,NOT_IN_V1,7,10.145,False,EXCLUDE,SOURCE_OR_QC_METADATA,Not used in Pilot M2,False,Known before tensile loading,EXPLICIT_V17_NEW_FIELD_REVIEW
Local_EDS_AsCast_Composition_at_pct,object,METHOD_OR_SCOPE_SENSITIVE,PREDICTOR_SAFE_CONDITIONAL,NOT_IN_V1,7,10.145,False,EXCLUDE,SOURCE_OR_QC_METADATA,Not used in Pilot M2,False,Pre-test candidate requiring method/source gating,EXPLICIT_V17_NEW_FIELD_REVIEW
Local_EDS_DPass_Composition_at_pct,object,METHOD_OR_SCOPE_SENSITIVE,PREDICTOR_SAFE_CONDITIONAL,NOT_IN_V1,7,10.145,False,EXCLUDE,SOURCE_OR_QC_METADATA,Not used in Pilot M2,False,Pre-test candidate requiring method/source gating,EXPLICIT_V17_NEW_FIELD_REVIEW
Local_EDS_Chemistry_Status,object,METHOD_OR_SCOPE_SENSITIVE,PREDICTOR_SAFE_CONDITIONAL,NOT_IN_V1,7,10.145,False,EXCLUDE,SOURCE_OR_QC_METADATA,Not used in Pilot M2,False,Pre-test candidate requiring method/source gating,EXPLICIT_V17_NEW_FIELD_REVIEW
Vacuum_Level_Raw,object,METHOD_OR_SCOPE_SENSITIVE,PREDICTOR_SAFE_CONDITIONAL,NOT_IN_V1,7,10.145,False,EXCLUDE,SOURCE_OR_QC_METADATA,Not used in Pilot M2,False,Pre-test candidate requiring method/source gating,EXPLICIT_V17_NEW_FIELD_REVIEW
Backfill_Atmosphere,object,PROCESSING_OR_INITIAL_STATE,PREDICTOR_SAFE_DIRECT,NOT_IN_V1,7,10.145,False,EXCLUDE,SOURCE_OR_QC_METADATA,Not used in Pilot M2,False,Known before tensile loading,EXPLICIT_V17_NEW_FIELD_REVIEW
Cast_Ingot_Dimensions_mm,object,PROCESSING_OR_INITIAL_STATE,PREDICTOR_SAFE_DIRECT,NOT_IN_V1,7,10.145,False,EXCLUDE,SOURCE_OR_QC_METADATA,Not used in Pilot M2,False,Known before tensile loading,EXPLICIT_V17_NEW_FIELD_REVIEW
FSP_Pass1_Rotation_rpm,float64,PROCESSING_OR_INITIAL_STATE,PREDICTOR_SAFE_DIRECT,NOT_IN_V1,7,10.145,False,EXCLUDE,SOURCE_OR_QC_METADATA,Not used in Pilot M2,False,Known before tensile loading,EXPLICIT_V17_NEW_FIELD_REVIEW
FSP_Pass2_Rotation_rpm,float64,PROCESSING_OR_INITIAL_STATE,PREDICTOR_SAFE_DIRECT,NOT_IN_V1,7,10.145,False,EXCLUDE,SOURCE_OR_QC_METADATA,Not used in Pilot M2,False,Known before tensile loading,EXPLICIT_V17_NEW_FIELD_REVIEW
FSP_Traverse_Speed_mm_min,float64,PROCESSING_OR_INITIAL_STATE,PREDICTOR_SAFE_DIRECT,NOT_IN_V1,7,10.145,False,EXCLUDE,SOURCE_OR_QC_METADATA,Not used in Pilot M2,False,Known before tensile loading,EXPLICIT_V17_NEW_FIELD_REVIEW
FSP_Plunge_Depth_mm,float64,PROCESSING_OR_INITIAL_STATE,PREDICTOR_SAFE_DIRECT,NOT_IN_V1,7,10.145,False,EXCLUDE,SOURCE_OR_QC_METADATA,Not used in Pilot M2,False,Known before tensile loading,EXPLICIT_V17_NEW_FIELD_REVIEW
FSP_Tilt_deg,float64,PROCESSING_OR_INITIAL_STATE,PREDICTOR_SAFE_DIRECT,NOT_IN_V1,7,10.145,False,EXCLUDE,SOURCE_OR_QC_METADATA,Not used in Pilot M2,False,Known before tensile loading,EXPLICIT_V17_NEW_FIELD_REVIEW
FSP_Backplate,object,PROCESSING_OR_INITIAL_STATE,PREDICTOR_SAFE_DIRECT,NOT_IN_V1,7,10.145,False,EXCLUDE,SOURCE_OR_QC_METADATA,Not used in Pilot M2,False,Known before tensile loading,EXPLICIT_V17_NEW_FIELD_REVIEW
FSP_Shielding,object,PROCESSING_OR_INITIAL_STATE,PREDICTOR_SAFE_DIRECT,NOT_IN_V1,7,10.145,False,EXCLUDE,SOURCE_OR_QC_METADATA,Not used in Pilot M2,False,Known before tensile loading,EXPLICIT_V17_NEW_FIELD_REVIEW
PreTest_Phase_Fraction_SD_pct,float64,PROCESSING_OR_INITIAL_STATE,PREDICTOR_SAFE_DIRECT,NOT_IN_V1,7,10.145,False,EXCLUDE,SOURCE_OR_QC_METADATA,Not used in Pilot M2,False,Known before tensile loading,EXPLICIT_V17_NEW_FIELD_REVIEW
PreTest_Phase_Fraction_Method,object,PROCESSING_OR_INITIAL_STATE,PREDICTOR_SAFE_DIRECT,NOT_IN_V1,7,10.145,False,EXCLUDE,SOURCE_OR_QC_METADATA,Not used in Pilot M2,False,Known before tensile loading,EXPLICIT_V17_NEW_FIELD_REVIEW
PreTest_Phase_Fraction_Status,object,METHOD_OR_SCOPE_SENSITIVE,PREDICTOR_SAFE_CONDITIONAL,NOT_IN_V1,7,10.145,False,EXCLUDE,SOURCE_OR_QC_METADATA,Not used in Pilot M2,False,Pre-test candidate requiring method/source gating,EXPLICIT_V17_NEW_FIELD_REVIEW
Precipitate_State,object,PROCESSING_OR_INITIAL_STATE,PREDICTOR_SAFE_DIRECT,NOT_IN_V1,7,10.145,False,EXCLUDE,SOURCE_OR_QC_METADATA,Not used in Pilot M2,False,Known before tensile loading,EXPLICIT_V17_NEW_FIELD_REVIEW
Matrix_Al_Content_Trend,object,METHOD_OR_SCOPE_SENSITIVE,PREDICTOR_SAFE_CONDITIONAL,NOT_IN_V1,6,8.696,False,EXCLUDE,SOURCE_OR_QC_METADATA,Not used in Pilot M2,False,Pre-test candidate requiring method/source gating,EXPLICIT_V17_NEW_FIELD_REVIEW
AsCast_Support_Grain_Size_um,float64,METHOD_OR_SCOPE_SENSITIVE,PREDICTOR_SAFE_CONDITIONAL,NOT_IN_V1,7,10.145,False,EXCLUDE,SOURCE_OR_QC_METADATA,Not used in Pilot M2,False,Pre-test candidate requiring method/source gating,EXPLICIT_V17_NEW_FIELD_REVIEW
AsCast_Support_Grain_Size_SD_um,float64,METHOD_OR_SCOPE_SENSITIVE,PREDICTOR_SAFE_CONDITIONAL,NOT_IN_V1,7,10.145,False,EXCLUDE,SOURCE_OR_QC_METADATA,Not used in Pilot M2,False,Pre-test candidate requiring method/source gating,EXPLICIT_V17_NEW_FIELD_REVIEW
AsCast_Grain_Size_Use_Status,object,METHOD_OR_SCOPE_SENSITIVE,PREDICTOR_SAFE_CONDITIONAL,NOT_IN_V1,7,10.145,False,EXCLUDE,SOURCE_OR_QC_METADATA,Not used in Pilot M2,False,Pre-test candidate requiring method/source gating,EXPLICIT_V17_NEW_FIELD_REVIEW
Annealed_Grain_Size_Digitization_Status,object,PROVENANCE_QC,METADATA_ONLY,NOT_IN_V1,7,10.145,False,EXCLUDE,SOURCE_OR_QC_METADATA,Not used in Pilot M2,False,Audit/status metadata only,EXPLICIT_V17_NEW_FIELD_REVIEW
Al_Content_Curve_Digitization_Status,object,PROVENANCE_QC,METADATA_ONLY,NOT_IN_V1,7,10.145,False,EXCLUDE,SOURCE_OR_QC_METADATA,Not used in Pilot M2,False,Audit/status metadata only,EXPLICIT_V17_NEW_FIELD_REVIEW
Tensile_Curve_Digitization_Status,object,PROVENANCE_QC,METADATA_ONLY,NOT_IN_V1,7,10.145,False,EXCLUDE,SOURCE_OR_QC_METADATA,Not used in Pilot M2,False,Audit/status metadata only,EXPLICIT_V17_NEW_FIELD_REVIEW
True_Tensile_Strength_MPa,float64,MECHANICAL_RESPONSE,LEAKAGE_MECHANICAL_OUTCOME,NOT_IN_V1,1,1.449,False,EXCLUDE,SOURCE_OR_QC_METADATA,Not used in Pilot M2,True,Same-test mechanical outcome,EXPLICIT_V17_NEW_FIELD_REVIEW
SDI_MPa,float64,MECHANICAL_RESPONSE,LEAKAGE_MECHANICAL_OUTCOME,NOT_IN_V1,1,1.449,False,EXCLUDE,SOURCE_OR_QC_METADATA,Not used in Pilot M2,True,Same-test mechanical outcome,EXPLICIT_V17_NEW_FIELD_REVIEW
SDI_Predictor_Eligibility,object,MECHANICAL_RESPONSE,LEAKAGE_MECHANICAL_OUTCOME,NOT_IN_V1,7,10.145,False,EXCLUDE,SOURCE_OR_QC_METADATA,Not used in Pilot M2,True,Same-test mechanical outcome,EXPLICIT_V17_NEW_FIELD_REVIEW
Mechanical_Stress_Basis_Status,object,MECHANICAL_RESPONSE,LEAKAGE_MECHANICAL_OUTCOME,NOT_IN_V1,7,10.145,False,EXCLUDE,SOURCE_OR_QC_METADATA,Not used in Pilot M2,True,Same-test mechanical outcome,EXPLICIT_V17_NEW_FIELD_REVIEW
Mechanical_Value_Approximation_Status,object,MECHANICAL_RESPONSE,LEAKAGE_MECHANICAL_OUTCOME,NOT_IN_V1,7,10.145,False,EXCLUDE,SOURCE_OR_QC_METADATA,Not used in Pilot M2,True,Same-test mechanical outcome,EXPLICIT_V17_NEW_FIELD_REVIEW
PostTest_FCC_fraction,float64,POST_DEFORMATION_MICROSTRUCTURE,LEAKAGE_POST_TEST,NOT_IN_V1,2,2.899,False,EXCLUDE,SOURCE_OR_QC_METADATA,Not used in Pilot M2,True,Observed after loading begins,EXPLICIT_V17_NEW_FIELD_REVIEW
PostTest_HCP_fraction,float64,POST_DEFORMATION_MICROSTRUCTURE,LEAKAGE_POST_TEST,NOT_IN_V1,2,2.899,False,EXCLUDE,SOURCE_OR_QC_METADATA,Not used in Pilot M2,True,Observed after loading begins,EXPLICIT_V17_NEW_FIELD_REVIEW
PostTest_Phase_Fraction_Method,object,POST_DEFORMATION_MICROSTRUCTURE,LEAKAGE_POST_TEST,NOT_IN_V1,2,2.899,False,EXCLUDE,SOURCE_OR_QC_METADATA,Not used in Pilot M2,True,Observed after loading begins,EXPLICIT_V17_NEW_FIELD_REVIEW
PostTest_Evidence_Status,object,POST_DEFORMATION_MICROSTRUCTURE,LEAKAGE_POST_TEST,NOT_IN_V1,7,10.145,False,EXCLUDE,SOURCE_OR_QC_METADATA,Not used in Pilot M2,True,Observed after loading begins,EXPLICIT_V17_NEW_FIELD_REVIEW
PostTest_Predictor_Eligibility,object,POST_DEFORMATION_MICROSTRUCTURE,LEAKAGE_POST_TEST,NOT_IN_V1,7,10.145,False,EXCLUDE,SOURCE_OR_QC_METADATA,Not used in Pilot M2,True,Observed after loading begins,EXPLICIT_V17_NEW_FIELD_REVIEW
PostTest_Twin_Evidence,object,POST_DEFORMATION_MICROSTRUCTURE,LEAKAGE_POST_TEST,NOT_IN_V1,2,2.899,False,EXCLUDE,SOURCE_OR_QC_METADATA,Not used in Pilot M2,True,Observed after loading begins,EXPLICIT_V17_NEW_FIELD_REVIEW
PostTest_Slip_Evidence,object,POST_DEFORMATION_MICROSTRUCTURE,LEAKAGE_POST_TEST,NOT_IN_V1,2,2.899,False,EXCLUDE,SOURCE_OR_QC_METADATA,Not used in Pilot M2,True,Observed after loading begins,EXPLICIT_V17_NEW_FIELD_REVIEW
PostTest_GND_Evidence_Status,object,POST_DEFORMATION_MICROSTRUCTURE,LEAKAGE_POST_TEST,NOT_IN_V1,2,2.899,False,EXCLUDE,SOURCE_OR_QC_METADATA,Not used in Pilot M2,True,Observed after loading begins,EXPLICIT_V17_NEW_FIELD_REVIEW
PostTest_IPF_Evidence_Status,object,POST_DEFORMATION_MICROSTRUCTURE,LEAKAGE_POST_TEST,NOT_IN_V1,2,2.899,False,EXCLUDE,SOURCE_OR_QC_METADATA,Not used in Pilot M2,True,Observed after loading begins,EXPLICIT_V17_NEW_FIELD_REVIEW
TRIP_Onset_True_Stress_MPa,float64,MODEL_DERIVED_RESPONSE,LEAKAGE_MODEL_DERIVED,NOT_IN_V1,1,1.449,False,EXCLUDE,SOURCE_OR_QC_METADATA,Not used in Pilot M2,True,Derived from observed response/mechanism,EXPLICIT_V17_NEW_FIELD_REVIEW
TRIP_Onset_Engineering_Stress_Approx_MPa,float64,MODEL_DERIVED_RESPONSE,LEAKAGE_MODEL_DERIVED,NOT_IN_V1,1,1.449,False,EXCLUDE,SOURCE_OR_QC_METADATA,Not used in Pilot M2,True,Derived from observed response/mechanism,EXPLICIT_V17_NEW_FIELD_REVIEW
TRIP_Onset_Strain_Approx_pct,float64,MODEL_DERIVED_RESPONSE,LEAKAGE_MODEL_DERIVED,NOT_IN_V1,1,1.449,False,EXCLUDE,SOURCE_OR_QC_METADATA,Not used in Pilot M2,True,Derived from observed response/mechanism,EXPLICIT_V17_NEW_FIELD_REVIEW
WH_Rate_at_Slope_Change_MPa,float64,MODEL_DERIVED_RESPONSE,LEAKAGE_MODEL_DERIVED,NOT_IN_V1,1,1.449,False,EXCLUDE,SOURCE_OR_QC_METADATA,Not used in Pilot M2,True,Derived from observed response/mechanism,EXPLICIT_V17_NEW_FIELD_REVIEW
TRIP_Onset_Evidence_Status,object,MODEL_DERIVED_RESPONSE,LEAKAGE_MODEL_DERIVED,NOT_IN_V1,7,10.145,False,EXCLUDE,SOURCE_OR_QC_METADATA,Not used in Pilot M2,True,Derived from observed response/mechanism,EXPLICIT_V17_NEW_FIELD_REVIEW
TRIP_Onset_Predictor_Eligibility,object,MODEL_DERIVED_RESPONSE,LEAKAGE_MODEL_DERIVED,NOT_IN_V1,7,10.145,False,EXCLUDE,SOURCE_OR_QC_METADATA,Not used in Pilot M2,True,Derived from observed response/mechanism,EXPLICIT_V17_NEW_FIELD_REVIEW
WH_Rate_Predictor_Eligibility,object,MODEL_DERIVED_RESPONSE,LEAKAGE_MODEL_DERIVED,NOT_IN_V1,7,10.145,False,EXCLUDE,SOURCE_OR_QC_METADATA,Not used in Pilot M2,True,Derived from observed response/mechanism,EXPLICIT_V17_NEW_FIELD_REVIEW
Direct_Stage_Fabrication_Status,object,MODEL_DERIVED_RESPONSE,LEAKAGE_MODEL_DERIVED,NOT_IN_V1,7,10.145,False,EXCLUDE,SOURCE_OR_QC_METADATA,Not used in Pilot M2,True,Derived from observed response/mechanism,EXPLICIT_V17_NEW_FIELD_REVIEW
ThermoCalc_Software,object,COMPUTATIONAL_ONLY,COMPUTATIONAL_ONLY,NOT_IN_V1,7,10.145,False,EXCLUDE,SOURCE_OR_QC_METADATA,Not used in Pilot M2,False,Computational context outside experimental predictors,EXPLICIT_V17_NEW_FIELD_REVIEW
ThermoCalc_Database,object,COMPUTATIONAL_ONLY,COMPUTATIONAL_ONLY,NOT_IN_V1,7,10.145,False,EXCLUDE,SOURCE_OR_QC_METADATA,Not used in Pilot M2,False,Computational context outside experimental predictors,EXPLICIT_V17_NEW_FIELD_REVIEW
ThermoCalc_Context_Status,object,COMPUTATIONAL_ONLY,COMPUTATIONAL_ONLY,NOT_IN_V1,7,10.145,False,EXCLUDE,SOURCE_OR_QC_METADATA,Not used in Pilot M2,False,Computational context outside experimental predictors,EXPLICIT_V17_NEW_FIELD_REVIEW
ThermoCalc_Observation_Safeguard,object,COMPUTATIONAL_ONLY,COMPUTATIONAL_ONLY,NOT_IN_V1,7,10.145,False,EXCLUDE,SOURCE_OR_QC_METADATA,Not used in Pilot M2,False,Computational context outside experimental predictors,EXPLICIT_V17_NEW_FIELD_REVIEW
SFE_Transfer_Safeguard,object,PROVENANCE_QC,METADATA_ONLY,NOT_IN_V1,7,10.145,False,EXCLUDE,SOURCE_OR_QC_METADATA,Not used in Pilot M2,False,Audit/status metadata only,EXPLICIT_V17_NEW_FIELD_REVIEW
DeltaG_Transfer_Safeguard,object,PROVENANCE_QC,METADATA_ONLY,NOT_IN_V1,7,10.145,False,EXCLUDE,SOURCE_OR_QC_METADATA,Not used in Pilot M2,False,Audit/status metadata only,EXPLICIT_V17_NEW_FIELD_REVIEW
Phase_Specific_TWIP_Safeguard,object,TARGET,TARGET_ONLY,NOT_IN_V1,7,10.145,False,EXCLUDE,SOURCE_OR_QC_METADATA,Not used in Pilot M2,True,Target definition/evidence; never a predictor,EXPLICIT_V17_NEW_FIELD_REVIEW
QC_V17_Row_Role,object,PROVENANCE_QC,METADATA_ONLY,NOT_IN_V1,69,100.0,False,EXCLUDE,SOURCE_OR_QC_METADATA,Not used in Pilot M2,False,Audit/status metadata only,EXPLICIT_V17_NEW_FIELD_REVIEW
QC_V17_Experimental_Eligibility,object,PROVENANCE_QC,METADATA_ONLY,NOT_IN_V1,69,100.0,False,EXCLUDE,SOURCE_OR_QC_METADATA,Not used in Pilot M2,False,Audit/status metadata only,EXPLICIT_V17_NEW_FIELD_REVIEW
QC_V17_Computational_Eligibility,object,PROVENANCE_QC,METADATA_ONLY,NOT_IN_V1,69,100.0,False,EXCLUDE,SOURCE_OR_QC_METADATA,Not used in Pilot M2,False,Audit/status metadata only,EXPLICIT_V17_NEW_FIELD_REVIEW
QC_V17_Replacement_Status,object,PROVENANCE_QC,METADATA_ONLY,NOT_IN_V1,69,100.0,False,EXCLUDE,SOURCE_OR_QC_METADATA,Not used in Pilot M2,False,Audit/status metadata only,EXPLICIT_V17_NEW_FIELD_REVIEW
QC_V17_TRIP_Status,object,PROVENANCE_QC,METADATA_ONLY,NOT_IN_V1,69,100.0,False,EXCLUDE,SOURCE_OR_QC_METADATA,Not used in Pilot M2,False,Audit/status metadata only,EXPLICIT_V17_NEW_FIELD_REVIEW
QC_V17_TWIP_Status,object,PROVENANCE_QC,METADATA_ONLY,NOT_IN_V1,69,100.0,False,EXCLUDE,SOURCE_OR_QC_METADATA,Not used in Pilot M2,False,Audit/status metadata only,EXPLICIT_V17_NEW_FIELD_REVIEW
QC_V17_Target_Integrity,object,TARGET,TARGET_ONLY,NOT_IN_V1,69,100.0,False,EXCLUDE,SOURCE_OR_QC_METADATA,Not used in Pilot M2,True,Target definition/evidence; never a predictor,EXPLICIT_V17_NEW_FIELD_REVIEW
QC_V17_Provenance_Status,object,PROVENANCE_QC,PROVENANCE_ONLY,NOT_IN_V1,69,100.0,False,EXCLUDE,SOURCE_OR_QC_METADATA,Not used in Pilot M2,False,Traceability/source audit only,EXPLICIT_V17_NEW_FIELD_REVIEW
QC_V17_Leakage_Risk,object,PROVENANCE_QC,METADATA_ONLY,NOT_IN_V1,69,100.0,False,EXCLUDE,SOURCE_OR_QC_METADATA,Not used in Pilot M2,False,Audit/status metadata only,EXPLICIT_V17_NEW_FIELD_REVIEW
QC_V17_Tier,object,PROVENANCE_QC,METADATA_ONLY,NOT_IN_V1,69,100.0,False,EXCLUDE,SOURCE_OR_QC_METADATA,Not used in Pilot M2,False,Audit/status metadata only,EXPLICIT_V17_NEW_FIELD_REVIEW
QC_V17_Feature_Schema_Status,object,PROVENANCE_QC,METADATA_ONLY,NOT_IN_V1,69,100.0,False,EXCLUDE,SOURCE_OR_QC_METADATA,Not used in Pilot M2,False,Audit/status metadata only,EXPLICIT_V17_NEW_FIELD_REVIEW
QC_V17_Review_Status,object,PROVENANCE_QC,METADATA_ONLY,NOT_IN_V1,69,100.0,False,EXCLUDE,SOURCE_OR_QC_METADATA,Not used in Pilot M2,False,Audit/status metadata only,EXPLICIT_V17_NEW_FIELD_REVIEW
