Paper_ID,DOI,Condition_ID,Field,Missingness_Cause,Evidence_for_classification,Where_to_check,Requires_manual_review
P001,10.1016/j.actamat.2023.119389,P001_C01,DeltaG_FCC_HCP_J_mol,AVAILABLE_IN_TABLE,Explicit location cue in extracted provenance,Abstract; Methods; Table 1; Figs. 4-13,True
P001,10.1016/j.actamat.2023.119389,P001_C02,DeltaG_FCC_HCP_J_mol,AVAILABLE_IN_TABLE,Explicit location cue in extracted provenance,Abstract; Methods; Table 1; Figs. 4-13,True
P001,10.1016/j.actamat.2023.119389,P001_C03,DeltaG_FCC_HCP_J_mol,AVAILABLE_IN_TABLE,Explicit location cue in extracted provenance,Abstract; Methods; Table 1; Figs. 4-13,True
P001,10.1016/j.actamat.2023.119389,P001_C04,DeltaG_FCC_HCP_J_mol,UNKNOWN,Cannot distinguish not reported from not extracted without paper review,Figs. 6-12,True
P001,10.1016/j.actamat.2023.119389,P001_C05,DeltaG_FCC_HCP_J_mol,UNKNOWN,Cannot distinguish not reported from not extracted without paper review,Figs. 6-12,True
P001,10.1016/j.actamat.2023.119389,P001_C06,DeltaG_FCC_HCP_J_mol,UNKNOWN,Cannot distinguish not reported from not extracted without paper review,Figs. 6-12,True
P001,10.1016/j.actamat.2023.119389,P001_C07,DeltaG_FCC_HCP_J_mol,UNKNOWN,Cannot distinguish not reported from not extracted without paper review,Figs. 6-12,True
P001,10.1016/j.actamat.2023.119389,P001_C08,DeltaG_FCC_HCP_J_mol,UNKNOWN,Cannot distinguish not reported from not extracted without paper review,Figs. 6-12,True
P002,10.1016/j.msea.2020.140441,P002_C02,Grain_size_um,AVAILABLE_IN_FIGURE,Explicit location cue in extracted provenance,Abstract; Methods; Fig. 1-6; mechanical-property discussion,True
P002,10.1016/j.msea.2020.140441,P002_C03,Grain_size_um,AVAILABLE_IN_FIGURE,Explicit location cue in extracted provenance,Abstract; Methods; Fig. 1-6; mechanical-property discussion,True
P002,10.1016/j.msea.2020.140441,P002_C04,SFE_mJ_m2,UNKNOWN,Cannot distinguish not reported from not extracted without paper review,Medium,True
P002,10.1016/j.msea.2020.140441,P002_C04,DeltaG_FCC_HCP_J_mol,UNKNOWN,Cannot distinguish not reported from not extracted without paper review,Medium,True
P002,10.1016/j.msea.2020.140441,P002_C04,Strain_rate_s-1,UNKNOWN,Cannot distinguish not reported from not extracted without paper review,Medium,True
P002,10.1016/j.msea.2020.140441,P002_C04,Homogenization_T_K,UNKNOWN,Cannot distinguish not reported from not extracted without paper review,Medium,True
P002,10.1016/j.msea.2020.140441,P002_C04,Homogenization_time_h,UNKNOWN,Cannot distinguish not reported from not extracted without paper review,Medium,True
P002,10.1016/j.msea.2020.140441,P002_C04,Hot_rolling_T_K,UNKNOWN,Cannot distinguish not reported from not extracted without paper review,Medium,True
P002,10.1016/j.msea.2020.140441,P002_C04,Hot_rolling_reduction_pct,UNKNOWN,Cannot distinguish not reported from not extracted without paper review,Medium,True
P002,10.1016/j.msea.2020.140441,P002_C04,Cold_rolling_reduction_pct,UNKNOWN,Cannot distinguish not reported from not extracted without paper review,Medium,True
P002,10.1016/j.msea.2020.140441,P002_C04,Annealing_T_K,UNKNOWN,Cannot distinguish not reported from not extracted without paper review,Medium,True
P002,10.1016/j.msea.2020.140441,P002_C04,Annealing_time_min,UNKNOWN,Cannot distinguish not reported from not extracted without paper review,Medium,True
P002,10.1016/j.msea.2020.140441,P002_C05,Grain_size_um,UNKNOWN,Cannot distinguish not reported from not extracted without paper review,Original paper methods/tables/figures/supplement,True
P002,10.1016/j.msea.2020.140441,P002_C05,Strain_rate_s-1,UNKNOWN,Cannot distinguish not reported from not extracted without paper review,Original paper methods/tables/figures/supplement,True
P002,10.1016/j.msea.2020.140441,P002_C05,Test_T_K,UNKNOWN,Cannot distinguish not reported from not extracted without paper review,Original paper methods/tables/figures/supplement,True
P002,10.1016/j.msea.2020.140441,P002_C05,Homogenization_T_K,UNKNOWN,Cannot distinguish not reported from not extracted without paper review,Original paper methods/tables/figures/supplement,True
P002,10.1016/j.msea.2020.140441,P002_C05,Homogenization_time_h,UNKNOWN,Cannot distinguish not reported from not extracted without paper review,Original paper methods/tables/figures/supplement,True
P002,10.1016/j.msea.2020.140441,P002_C05,Hot_rolling_T_K,UNKNOWN,Cannot distinguish not reported from not extracted without paper review,Original paper methods/tables/figures/supplement,True
P002,10.1016/j.msea.2020.140441,P002_C05,Hot_rolling_reduction_pct,UNKNOWN,Cannot distinguish not reported from not extracted without paper review,Original paper methods/tables/figures/supplement,True
P002,10.1016/j.msea.2020.140441,P002_C05,Cold_rolling_reduction_pct,UNKNOWN,Cannot distinguish not reported from not extracted without paper review,Original paper methods/tables/figures/supplement,True
P002,10.1016/j.msea.2020.140441,P002_C05,Annealing_T_K,UNKNOWN,Cannot distinguish not reported from not extracted without paper review,Original paper methods/tables/figures/supplement,True
P002,10.1016/j.msea.2020.140441,P002_C05,Annealing_time_min,UNKNOWN,Cannot distinguish not reported from not extracted without paper review,Original paper methods/tables/figures/supplement,True
P003,10.1016/j.msea.2020.138982,P003_C01,DeltaG_FCC_HCP_J_mol,AVAILABLE_IN_TABLE,Explicit location cue in extracted provenance,Abstract; Methods; Figs. 1-7; Table 1; discussion,True
P003,10.1016/j.msea.2020.138982,P003_C02,DeltaG_FCC_HCP_J_mol,AVAILABLE_IN_TABLE,Explicit location cue in extracted provenance,Abstract; Methods; Figs. 1-7; Table 1; discussion,True
P003,10.1016/j.msea.2020.138982,P003_C03,DeltaG_FCC_HCP_J_mol,AVAILABLE_IN_TABLE,Explicit location cue in extracted provenance,Abstract; Methods; Figs. 1-7; Table 1; discussion,True
P003,10.1016/j.msea.2020.138982,P003_C04,DeltaG_FCC_HCP_J_mol,AVAILABLE_IN_TABLE,Explicit location cue in extracted provenance,Abstract; Methods; Figs. 1-7; Table 1; discussion,True
P003,10.1016/j.msea.2020.138982,P003_C05,DeltaG_FCC_HCP_J_mol,AVAILABLE_IN_TABLE,Explicit location cue in extracted provenance,Abstract; Methods; Figs. 1-7; Table 1; discussion,True
P003,10.1016/j.msea.2020.138982,P003_C06,DeltaG_FCC_HCP_J_mol,AVAILABLE_IN_TABLE,Explicit location cue in extracted provenance,Abstract; Methods; Figs. 1-7; Table 1; discussion,True
P003,10.1016/j.msea.2020.138982,P003_C07,DeltaG_FCC_HCP_J_mol,AVAILABLE_IN_TABLE,Explicit location cue in extracted provenance,Abstract; Methods; Figs. 1-7; Table 1; discussion,True
P004,10.1016/j.msea.2026.150025,P004_C01,SFE_mJ_m2,UNKNOWN,Cannot distinguish not reported from not extracted without paper review,Yes,True
P004,10.1016/j.msea.2026.150025,P004_C01,DeltaG_FCC_HCP_J_mol,UNKNOWN,Cannot distinguish not reported from not extracted without paper review,Yes,True
P004,10.1016/j.msea.2026.150025,P004_C01,Homogenization_T_K,UNKNOWN,Cannot distinguish not reported from not extracted without paper review,Yes,True
P004,10.1016/j.msea.2026.150025,P004_C01,Homogenization_time_h,UNKNOWN,Cannot distinguish not reported from not extracted without paper review,Yes,True
P004,10.1016/j.msea.2026.150025,P004_C01,Hot_rolling_T_K,UNKNOWN,Cannot distinguish not reported from not extracted without paper review,Yes,True
P004,10.1016/j.msea.2026.150025,P004_C01,Hot_rolling_reduction_pct,UNKNOWN,Cannot distinguish not reported from not extracted without paper review,Yes,True
P004,10.1016/j.msea.2026.150025,P004_C01,Cold_rolling_reduction_pct,UNKNOWN,Cannot distinguish not reported from not extracted without paper review,Yes,True
P004,10.1016/j.msea.2026.150025,P004_C01,Annealing_T_K,UNKNOWN,Cannot distinguish not reported from not extracted without paper review,Yes,True
P004,10.1016/j.msea.2026.150025,P004_C01,Annealing_time_min,UNKNOWN,Cannot distinguish not reported from not extracted without paper review,Yes,True
P004,10.1016/j.msea.2026.150025,P004_C02,SFE_mJ_m2,UNKNOWN,Cannot distinguish not reported from not extracted without paper review,Yes,True
P004,10.1016/j.msea.2026.150025,P004_C02,DeltaG_FCC_HCP_J_mol,UNKNOWN,Cannot distinguish not reported from not extracted without paper review,Yes,True
P004,10.1016/j.msea.2026.150025,P004_C02,Homogenization_T_K,UNKNOWN,Cannot distinguish not reported from not extracted without paper review,Yes,True
P004,10.1016/j.msea.2026.150025,P004_C02,Homogenization_time_h,UNKNOWN,Cannot distinguish not reported from not extracted without paper review,Yes,True
P004,10.1016/j.msea.2026.150025,P004_C02,Hot_rolling_T_K,UNKNOWN,Cannot distinguish not reported from not extracted without paper review,Yes,True
P004,10.1016/j.msea.2026.150025,P004_C02,Hot_rolling_reduction_pct,UNKNOWN,Cannot distinguish not reported from not extracted without paper review,Yes,True
P004,10.1016/j.msea.2026.150025,P004_C02,Cold_rolling_reduction_pct,UNKNOWN,Cannot distinguish not reported from not extracted without paper review,Yes,True
P004,10.1016/j.msea.2026.150025,P004_C02,Annealing_T_K,UNKNOWN,Cannot distinguish not reported from not extracted without paper review,Yes,True
P004,10.1016/j.msea.2026.150025,P004_C02,Annealing_time_min,UNKNOWN,Cannot distinguish not reported from not extracted without paper review,Yes,True
P004,10.1016/j.msea.2026.150025,P004_C03,SFE_mJ_m2,UNKNOWN,Cannot distinguish not reported from not extracted without paper review,Yes,True
P004,10.1016/j.msea.2026.150025,P004_C03,DeltaG_FCC_HCP_J_mol,UNKNOWN,Cannot distinguish not reported from not extracted without paper review,Yes,True
P004,10.1016/j.msea.2026.150025,P004_C03,Homogenization_T_K,UNKNOWN,Cannot distinguish not reported from not extracted without paper review,Yes,True
P004,10.1016/j.msea.2026.150025,P004_C03,Homogenization_time_h,UNKNOWN,Cannot distinguish not reported from not extracted without paper review,Yes,True
P004,10.1016/j.msea.2026.150025,P004_C03,Hot_rolling_T_K,UNKNOWN,Cannot distinguish not reported from not extracted without paper review,Yes,True
P004,10.1016/j.msea.2026.150025,P004_C03,Hot_rolling_reduction_pct,UNKNOWN,Cannot distinguish not reported from not extracted without paper review,Yes,True
P004,10.1016/j.msea.2026.150025,P004_C03,Cold_rolling_reduction_pct,UNKNOWN,Cannot distinguish not reported from not extracted without paper review,Yes,True
P004,10.1016/j.msea.2026.150025,P004_C03,Annealing_T_K,UNKNOWN,Cannot distinguish not reported from not extracted without paper review,Yes,True
P004,10.1016/j.msea.2026.150025,P004_C03,Annealing_time_min,UNKNOWN,Cannot distinguish not reported from not extracted without paper review,Yes,True
P004,10.1016/j.msea.2026.150025,P004_C04,SFE_mJ_m2,UNKNOWN,Cannot distinguish not reported from not extracted without paper review,Yes,True
P004,10.1016/j.msea.2026.150025,P004_C04,DeltaG_FCC_HCP_J_mol,UNKNOWN,Cannot distinguish not reported from not extracted without paper review,Yes,True
P004,10.1016/j.msea.2026.150025,P004_C04,Homogenization_T_K,UNKNOWN,Cannot distinguish not reported from not extracted without paper review,Yes,True
P004,10.1016/j.msea.2026.150025,P004_C04,Homogenization_time_h,UNKNOWN,Cannot distinguish not reported from not extracted without paper review,Yes,True
P004,10.1016/j.msea.2026.150025,P004_C04,Hot_rolling_T_K,UNKNOWN,Cannot distinguish not reported from not extracted without paper review,Yes,True
P004,10.1016/j.msea.2026.150025,P004_C04,Hot_rolling_reduction_pct,UNKNOWN,Cannot distinguish not reported from not extracted without paper review,Yes,True
P004,10.1016/j.msea.2026.150025,P004_C04,Cold_rolling_reduction_pct,UNKNOWN,Cannot distinguish not reported from not extracted without paper review,Yes,True
P004,10.1016/j.msea.2026.150025,P004_C04,Annealing_T_K,UNKNOWN,Cannot distinguish not reported from not extracted without paper review,Yes,True
P004,10.1016/j.msea.2026.150025,P004_C04,Annealing_time_min,UNKNOWN,Cannot distinguish not reported from not extracted without paper review,Yes,True
P004,10.1016/j.msea.2026.150025,P004_C05,SFE_mJ_m2,UNKNOWN,Cannot distinguish not reported from not extracted without paper review,Yes,True
P004,10.1016/j.msea.2026.150025,P004_C05,DeltaG_FCC_HCP_J_mol,UNKNOWN,Cannot distinguish not reported from not extracted without paper review,Yes,True
P004,10.1016/j.msea.2026.150025,P004_C05,Homogenization_T_K,UNKNOWN,Cannot distinguish not reported from not extracted without paper review,Yes,True
P004,10.1016/j.msea.2026.150025,P004_C05,Homogenization_time_h,UNKNOWN,Cannot distinguish not reported from not extracted without paper review,Yes,True
P004,10.1016/j.msea.2026.150025,P004_C05,Hot_rolling_T_K,UNKNOWN,Cannot distinguish not reported from not extracted without paper review,Yes,True
P004,10.1016/j.msea.2026.150025,P004_C05,Hot_rolling_reduction_pct,UNKNOWN,Cannot distinguish not reported from not extracted without paper review,Yes,True
P004,10.1016/j.msea.2026.150025,P004_C05,Cold_rolling_reduction_pct,UNKNOWN,Cannot distinguish not reported from not extracted without paper review,Yes,True
P004,10.1016/j.msea.2026.150025,P004_C05,Annealing_T_K,UNKNOWN,Cannot distinguish not reported from not extracted without paper review,Yes,True
P004,10.1016/j.msea.2026.150025,P004_C05,Annealing_time_min,UNKNOWN,Cannot distinguish not reported from not extracted without paper review,Yes,True
P004,10.1016/j.msea.2026.150025,P004_C06,SFE_mJ_m2,UNKNOWN,Cannot distinguish not reported from not extracted without paper review,Yes,True
P004,10.1016/j.msea.2026.150025,P004_C06,DeltaG_FCC_HCP_J_mol,UNKNOWN,Cannot distinguish not reported from not extracted without paper review,Yes,True
P004,10.1016/j.msea.2026.150025,P004_C06,Homogenization_T_K,UNKNOWN,Cannot distinguish not reported from not extracted without paper review,Yes,True
P004,10.1016/j.msea.2026.150025,P004_C06,Homogenization_time_h,UNKNOWN,Cannot distinguish not reported from not extracted without paper review,Yes,True
P004,10.1016/j.msea.2026.150025,P004_C06,Hot_rolling_T_K,UNKNOWN,Cannot distinguish not reported from not extracted without paper review,Yes,True
P004,10.1016/j.msea.2026.150025,P004_C06,Hot_rolling_reduction_pct,UNKNOWN,Cannot distinguish not reported from not extracted without paper review,Yes,True
P004,10.1016/j.msea.2026.150025,P004_C06,Cold_rolling_reduction_pct,UNKNOWN,Cannot distinguish not reported from not extracted without paper review,Yes,True
P004,10.1016/j.msea.2026.150025,P004_C06,Annealing_T_K,UNKNOWN,Cannot distinguish not reported from not extracted without paper review,Yes,True
P004,10.1016/j.msea.2026.150025,P004_C06,Annealing_time_min,UNKNOWN,Cannot distinguish not reported from not extracted without paper review,Yes,True
P005,10.1016/j.actamat.2022.118049,P005_C01,DeltaG_FCC_HCP_J_mol,UNKNOWN,Cannot distinguish not reported from not extracted without paper review,Yes,True
P005,10.1016/j.actamat.2022.118049,P005_C01,Strain_rate_s-1,UNKNOWN,Cannot distinguish not reported from not extracted without paper review,Yes,True
P005,10.1016/j.actamat.2022.118049,P005_C01,Homogenization_T_K,UNKNOWN,Cannot distinguish not reported from not extracted without paper review,Yes,True
P005,10.1016/j.actamat.2022.118049,P005_C01,Homogenization_time_h,UNKNOWN,Cannot distinguish not reported from not extracted without paper review,Yes,True
P005,10.1016/j.actamat.2022.118049,P005_C01,Hot_rolling_reduction_pct,UNKNOWN,Cannot distinguish not reported from not extracted without paper review,Yes,True
P005,10.1016/j.actamat.2022.118049,P005_C02,DeltaG_FCC_HCP_J_mol,UNKNOWN,Cannot distinguish not reported from not extracted without paper review,Yes,True
P005,10.1016/j.actamat.2022.118049,P005_C02,Strain_rate_s-1,UNKNOWN,Cannot distinguish not reported from not extracted without paper review,Yes,True
P005,10.1016/j.actamat.2022.118049,P005_C02,Homogenization_T_K,UNKNOWN,Cannot distinguish not reported from not extracted without paper review,Yes,True
P005,10.1016/j.actamat.2022.118049,P005_C02,Homogenization_time_h,UNKNOWN,Cannot distinguish not reported from not extracted without paper review,Yes,True
P005,10.1016/j.actamat.2022.118049,P005_C02,Hot_rolling_reduction_pct,UNKNOWN,Cannot distinguish not reported from not extracted without paper review,Yes,True
P005,10.1016/j.actamat.2022.118049,P005_C03,DeltaG_FCC_HCP_J_mol,UNKNOWN,Cannot distinguish not reported from not extracted without paper review,Yes,True
P005,10.1016/j.actamat.2022.118049,P005_C03,Strain_rate_s-1,UNKNOWN,Cannot distinguish not reported from not extracted without paper review,Yes,True
P005,10.1016/j.actamat.2022.118049,P005_C03,Homogenization_T_K,UNKNOWN,Cannot distinguish not reported from not extracted without paper review,Yes,True
P005,10.1016/j.actamat.2022.118049,P005_C03,Homogenization_time_h,UNKNOWN,Cannot distinguish not reported from not extracted without paper review,Yes,True
P005,10.1016/j.actamat.2022.118049,P005_C03,Hot_rolling_reduction_pct,UNKNOWN,Cannot distinguish not reported from not extracted without paper review,Yes,True
P006,10.1016/j.scriptamat.2019.02.018,P006_C01,Grain_size_um,UNKNOWN,Cannot distinguish not reported from not extracted without paper review,Figs. 1-3; abstract/conclusions,True
P006,10.1016/j.scriptamat.2019.02.018,P006_C01,SFE_mJ_m2,UNKNOWN,Cannot distinguish not reported from not extracted without paper review,Figs. 1-3; abstract/conclusions,True
P006,10.1016/j.scriptamat.2019.02.018,P006_C01,Hot_rolling_T_K,UNKNOWN,Cannot distinguish not reported from not extracted without paper review,Figs. 1-3; abstract/conclusions,True
P006,10.1016/j.scriptamat.2019.02.018,P006_C01,Hot_rolling_reduction_pct,UNKNOWN,Cannot distinguish not reported from not extracted without paper review,Figs. 1-3; abstract/conclusions,True
P006,10.1016/j.scriptamat.2019.02.018,P006_C02,Grain_size_um,UNKNOWN,Cannot distinguish not reported from not extracted without paper review,Figs. 1-3; abstract/conclusions,True
P006,10.1016/j.scriptamat.2019.02.018,P006_C02,SFE_mJ_m2,UNKNOWN,Cannot distinguish not reported from not extracted without paper review,Figs. 1-3; abstract/conclusions,True
P006,10.1016/j.scriptamat.2019.02.018,P006_C02,Hot_rolling_T_K,UNKNOWN,Cannot distinguish not reported from not extracted without paper review,Figs. 1-3; abstract/conclusions,True
P006,10.1016/j.scriptamat.2019.02.018,P006_C02,Hot_rolling_reduction_pct,UNKNOWN,Cannot distinguish not reported from not extracted without paper review,Figs. 1-3; abstract/conclusions,True
P006,10.1016/j.scriptamat.2019.02.018,P006_C03,Grain_size_um,UNKNOWN,Cannot distinguish not reported from not extracted without paper review,Figs. 1-3; abstract/conclusions,True
P006,10.1016/j.scriptamat.2019.02.018,P006_C03,SFE_mJ_m2,UNKNOWN,Cannot distinguish not reported from not extracted without paper review,Figs. 1-3; abstract/conclusions,True
P006,10.1016/j.scriptamat.2019.02.018,P006_C03,Hot_rolling_T_K,UNKNOWN,Cannot distinguish not reported from not extracted without paper review,Figs. 1-3; abstract/conclusions,True
P006,10.1016/j.scriptamat.2019.02.018,P006_C03,Hot_rolling_reduction_pct,UNKNOWN,Cannot distinguish not reported from not extracted without paper review,Figs. 1-3; abstract/conclusions,True
P007,10.1016/j.actamat.2022.117974,P007_C01,SFE_mJ_m2,AVAILABLE_IN_TABLE,Explicit location cue in extracted provenance,"Table 3; Figs. 3,5-10; conclusions",True
P007,10.1016/j.actamat.2022.117974,P007_C01,DeltaG_FCC_HCP_J_mol,AVAILABLE_IN_TABLE,Explicit location cue in extracted provenance,"Table 3; Figs. 3,5-10; conclusions",True
P007,10.1016/j.actamat.2022.117974,P007_C01,Initial_HCP_fraction,AVAILABLE_IN_TABLE,Explicit location cue in extracted provenance,"Table 3; Figs. 3,5-10; conclusions",True
P007,10.1016/j.actamat.2022.117974,P007_C01,Hot_rolling_T_K,AVAILABLE_IN_TABLE,Explicit location cue in extracted provenance,"Table 3; Figs. 3,5-10; conclusions",True
P007,10.1016/j.actamat.2022.117974,P007_C01,Hot_rolling_reduction_pct,AVAILABLE_IN_TABLE,Explicit location cue in extracted provenance,"Table 3; Figs. 3,5-10; conclusions",True
P007,10.1016/j.actamat.2022.117974,P007_C02,SFE_mJ_m2,AVAILABLE_IN_TABLE,Explicit location cue in extracted provenance,"Table 3; Figs. 3,5-10; conclusions",True
P007,10.1016/j.actamat.2022.117974,P007_C02,DeltaG_FCC_HCP_J_mol,AVAILABLE_IN_TABLE,Explicit location cue in extracted provenance,"Table 3; Figs. 3,5-10; conclusions",True
P007,10.1016/j.actamat.2022.117974,P007_C02,Initial_HCP_fraction,AVAILABLE_IN_TABLE,Explicit location cue in extracted provenance,"Table 3; Figs. 3,5-10; conclusions",True
P007,10.1016/j.actamat.2022.117974,P007_C02,Hot_rolling_T_K,AVAILABLE_IN_TABLE,Explicit location cue in extracted provenance,"Table 3; Figs. 3,5-10; conclusions",True
P007,10.1016/j.actamat.2022.117974,P007_C02,Hot_rolling_reduction_pct,AVAILABLE_IN_TABLE,Explicit location cue in extracted provenance,"Table 3; Figs. 3,5-10; conclusions",True
P007,10.1016/j.actamat.2022.117974,P007_C03,SFE_mJ_m2,AVAILABLE_IN_TABLE,Explicit location cue in extracted provenance,"Table 3; Figs. 3,5-10; conclusions",True
P007,10.1016/j.actamat.2022.117974,P007_C03,DeltaG_FCC_HCP_J_mol,AVAILABLE_IN_TABLE,Explicit location cue in extracted provenance,"Table 3; Figs. 3,5-10; conclusions",True
P007,10.1016/j.actamat.2022.117974,P007_C03,Initial_HCP_fraction,AVAILABLE_IN_TABLE,Explicit location cue in extracted provenance,"Table 3; Figs. 3,5-10; conclusions",True
P007,10.1016/j.actamat.2022.117974,P007_C03,Hot_rolling_T_K,AVAILABLE_IN_TABLE,Explicit location cue in extracted provenance,"Table 3; Figs. 3,5-10; conclusions",True
P007,10.1016/j.actamat.2022.117974,P007_C03,Hot_rolling_reduction_pct,AVAILABLE_IN_TABLE,Explicit location cue in extracted provenance,"Table 3; Figs. 3,5-10; conclusions",True
P007,10.1016/j.actamat.2022.117974,P007_C04,SFE_mJ_m2,AVAILABLE_IN_TABLE,Explicit location cue in extracted provenance,"Table 3; Figs. 3,5-10; conclusions",True
P007,10.1016/j.actamat.2022.117974,P007_C04,DeltaG_FCC_HCP_J_mol,AVAILABLE_IN_TABLE,Explicit location cue in extracted provenance,"Table 3; Figs. 3,5-10; conclusions",True
P007,10.1016/j.actamat.2022.117974,P007_C04,Initial_HCP_fraction,AVAILABLE_IN_TABLE,Explicit location cue in extracted provenance,"Table 3; Figs. 3,5-10; conclusions",True
P007,10.1016/j.actamat.2022.117974,P007_C04,Hot_rolling_T_K,AVAILABLE_IN_TABLE,Explicit location cue in extracted provenance,"Table 3; Figs. 3,5-10; conclusions",True
P007,10.1016/j.actamat.2022.117974,P007_C04,Hot_rolling_reduction_pct,AVAILABLE_IN_TABLE,Explicit location cue in extracted provenance,"Table 3; Figs. 3,5-10; conclusions",True
P007,10.1016/j.actamat.2022.117974,P007_C05,SFE_mJ_m2,AVAILABLE_IN_TABLE,Explicit location cue in extracted provenance,"Table 3; Figs. 3,5-10; conclusions",True
P007,10.1016/j.actamat.2022.117974,P007_C05,DeltaG_FCC_HCP_J_mol,AVAILABLE_IN_TABLE,Explicit location cue in extracted provenance,"Table 3; Figs. 3,5-10; conclusions",True
P007,10.1016/j.actamat.2022.117974,P007_C05,Initial_HCP_fraction,AVAILABLE_IN_TABLE,Explicit location cue in extracted provenance,"Table 3; Figs. 3,5-10; conclusions",True
P007,10.1016/j.actamat.2022.117974,P007_C05,Hot_rolling_T_K,AVAILABLE_IN_TABLE,Explicit location cue in extracted provenance,"Table 3; Figs. 3,5-10; conclusions",True
P007,10.1016/j.actamat.2022.117974,P007_C05,Hot_rolling_reduction_pct,AVAILABLE_IN_TABLE,Explicit location cue in extracted provenance,"Table 3; Figs. 3,5-10; conclusions",True
P008,10.1016/j.ijplas.2021.102965,P008_C01,Grain_size_um,UNKNOWN,Cannot distinguish not reported from not extracted without paper review,Abstract + methods + mechanism comparison,True
P008,10.1016/j.ijplas.2021.102965,P008_C01,SFE_mJ_m2,UNKNOWN,Cannot distinguish not reported from not extracted without paper review,Abstract + methods + mechanism comparison,True
P008,10.1016/j.ijplas.2021.102965,P008_C01,DeltaG_FCC_HCP_J_mol,UNKNOWN,Cannot distinguish not reported from not extracted without paper review,Abstract + methods + mechanism comparison,True
P008,10.1016/j.ijplas.2021.102965,P008_C01,Initial_FCC_fraction,UNKNOWN,Cannot distinguish not reported from not extracted without paper review,Abstract + methods + mechanism comparison,True
P008,10.1016/j.ijplas.2021.102965,P008_C01,Initial_HCP_fraction,UNKNOWN,Cannot distinguish not reported from not extracted without paper review,Abstract + methods + mechanism comparison,True
P008,10.1016/j.ijplas.2021.102965,P008_C01,Hot_rolling_T_K,UNKNOWN,Cannot distinguish not reported from not extracted without paper review,Abstract + methods + mechanism comparison,True
P008,10.1016/j.ijplas.2021.102965,P008_C01,Hot_rolling_reduction_pct,UNKNOWN,Cannot distinguish not reported from not extracted without paper review,Abstract + methods + mechanism comparison,True
P008,10.1016/j.ijplas.2021.102965,P008_C01,Annealing_T_K,UNKNOWN,Cannot distinguish not reported from not extracted without paper review,Abstract + methods + mechanism comparison,True
P008,10.1016/j.ijplas.2021.102965,P008_C01,Annealing_time_min,UNKNOWN,Cannot distinguish not reported from not extracted without paper review,Abstract + methods + mechanism comparison,True
P008,10.1016/j.ijplas.2021.102965,P008_C02,Grain_size_um,UNKNOWN,Cannot distinguish not reported from not extracted without paper review,Abstract; methods; deformation microstructure section,True
P008,10.1016/j.ijplas.2021.102965,P008_C02,SFE_mJ_m2,UNKNOWN,Cannot distinguish not reported from not extracted without paper review,Abstract; methods; deformation microstructure section,True
P008,10.1016/j.ijplas.2021.102965,P008_C02,DeltaG_FCC_HCP_J_mol,UNKNOWN,Cannot distinguish not reported from not extracted without paper review,Abstract; methods; deformation microstructure section,True
P008,10.1016/j.ijplas.2021.102965,P008_C02,Initial_FCC_fraction,UNKNOWN,Cannot distinguish not reported from not extracted without paper review,Abstract; methods; deformation microstructure section,True
P008,10.1016/j.ijplas.2021.102965,P008_C02,Initial_HCP_fraction,UNKNOWN,Cannot distinguish not reported from not extracted without paper review,Abstract; methods; deformation microstructure section,True
P008,10.1016/j.ijplas.2021.102965,P008_C02,Hot_rolling_T_K,UNKNOWN,Cannot distinguish not reported from not extracted without paper review,Abstract; methods; deformation microstructure section,True
P008,10.1016/j.ijplas.2021.102965,P008_C02,Hot_rolling_reduction_pct,UNKNOWN,Cannot distinguish not reported from not extracted without paper review,Abstract; methods; deformation microstructure section,True
P010,10.1103/PhysRevMaterials.4.033601,P010_C01,Grain_size_um,UNKNOWN,Cannot distinguish not reported from not extracted without paper review,Abstract; Figs. 1-5; Summary and Conclusions,True
P010,10.1103/PhysRevMaterials.4.033601,P010_C01,SFE_mJ_m2,UNKNOWN,Cannot distinguish not reported from not extracted without paper review,Abstract; Figs. 1-5; Summary and Conclusions,True
P010,10.1103/PhysRevMaterials.4.033601,P010_C01,DeltaG_FCC_HCP_J_mol,UNKNOWN,Cannot distinguish not reported from not extracted without paper review,Abstract; Figs. 1-5; Summary and Conclusions,True
P010,10.1103/PhysRevMaterials.4.033601,P010_C01,Initial_FCC_fraction,UNKNOWN,Cannot distinguish not reported from not extracted without paper review,Abstract; Figs. 1-5; Summary and Conclusions,True
P010,10.1103/PhysRevMaterials.4.033601,P010_C01,Initial_HCP_fraction,UNKNOWN,Cannot distinguish not reported from not extracted without paper review,Abstract; Figs. 1-5; Summary and Conclusions,True
P010,10.1103/PhysRevMaterials.4.033601,P010_C01,Homogenization_T_K,UNKNOWN,Cannot distinguish not reported from not extracted without paper review,Abstract; Figs. 1-5; Summary and Conclusions,True
P010,10.1103/PhysRevMaterials.4.033601,P010_C01,Homogenization_time_h,UNKNOWN,Cannot distinguish not reported from not extracted without paper review,Abstract; Figs. 1-5; Summary and Conclusions,True
P010,10.1103/PhysRevMaterials.4.033601,P010_C01,Hot_rolling_T_K,UNKNOWN,Cannot distinguish not reported from not extracted without paper review,Abstract; Figs. 1-5; Summary and Conclusions,True
P010,10.1103/PhysRevMaterials.4.033601,P010_C01,Hot_rolling_reduction_pct,UNKNOWN,Cannot distinguish not reported from not extracted without paper review,Abstract; Figs. 1-5; Summary and Conclusions,True
P010,10.1103/PhysRevMaterials.4.033601,P010_C01,Cold_rolling_reduction_pct,UNKNOWN,Cannot distinguish not reported from not extracted without paper review,Abstract; Figs. 1-5; Summary and Conclusions,True
P010,10.1103/PhysRevMaterials.4.033601,P010_C01,Annealing_T_K,UNKNOWN,Cannot distinguish not reported from not extracted without paper review,Abstract; Figs. 1-5; Summary and Conclusions,True
P010,10.1103/PhysRevMaterials.4.033601,P010_C01,Annealing_time_min,UNKNOWN,Cannot distinguish not reported from not extracted without paper review,Abstract; Figs. 1-5; Summary and Conclusions,True
P010,10.1103/PhysRevMaterials.4.033601,P010_C02,Grain_size_um,UNKNOWN,Cannot distinguish not reported from not extracted without paper review,Abstract; Figs. 1-5; Summary and Conclusions,True
P010,10.1103/PhysRevMaterials.4.033601,P010_C02,SFE_mJ_m2,UNKNOWN,Cannot distinguish not reported from not extracted without paper review,Abstract; Figs. 1-5; Summary and Conclusions,True
P010,10.1103/PhysRevMaterials.4.033601,P010_C02,DeltaG_FCC_HCP_J_mol,UNKNOWN,Cannot distinguish not reported from not extracted without paper review,Abstract; Figs. 1-5; Summary and Conclusions,True
P010,10.1103/PhysRevMaterials.4.033601,P010_C02,Initial_FCC_fraction,UNKNOWN,Cannot distinguish not reported from not extracted without paper review,Abstract; Figs. 1-5; Summary and Conclusions,True
P010,10.1103/PhysRevMaterials.4.033601,P010_C02,Initial_HCP_fraction,UNKNOWN,Cannot distinguish not reported from not extracted without paper review,Abstract; Figs. 1-5; Summary and Conclusions,True
P010,10.1103/PhysRevMaterials.4.033601,P010_C02,Homogenization_T_K,UNKNOWN,Cannot distinguish not reported from not extracted without paper review,Abstract; Figs. 1-5; Summary and Conclusions,True
P010,10.1103/PhysRevMaterials.4.033601,P010_C02,Homogenization_time_h,UNKNOWN,Cannot distinguish not reported from not extracted without paper review,Abstract; Figs. 1-5; Summary and Conclusions,True
P010,10.1103/PhysRevMaterials.4.033601,P010_C02,Hot_rolling_T_K,UNKNOWN,Cannot distinguish not reported from not extracted without paper review,Abstract; Figs. 1-5; Summary and Conclusions,True
P010,10.1103/PhysRevMaterials.4.033601,P010_C02,Hot_rolling_reduction_pct,UNKNOWN,Cannot distinguish not reported from not extracted without paper review,Abstract; Figs. 1-5; Summary and Conclusions,True
P010,10.1103/PhysRevMaterials.4.033601,P010_C02,Cold_rolling_reduction_pct,UNKNOWN,Cannot distinguish not reported from not extracted without paper review,Abstract; Figs. 1-5; Summary and Conclusions,True
P010,10.1103/PhysRevMaterials.4.033601,P010_C02,Annealing_T_K,UNKNOWN,Cannot distinguish not reported from not extracted without paper review,Abstract; Figs. 1-5; Summary and Conclusions,True
P010,10.1103/PhysRevMaterials.4.033601,P010_C02,Annealing_time_min,UNKNOWN,Cannot distinguish not reported from not extracted without paper review,Abstract; Figs. 1-5; Summary and Conclusions,True
P010,10.1103/PhysRevMaterials.4.033601,P010_C03,Grain_size_um,UNKNOWN,Cannot distinguish not reported from not extracted without paper review,Abstract; Figs. 1-5; Summary and Conclusions,True
P010,10.1103/PhysRevMaterials.4.033601,P010_C03,SFE_mJ_m2,UNKNOWN,Cannot distinguish not reported from not extracted without paper review,Abstract; Figs. 1-5; Summary and Conclusions,True
P010,10.1103/PhysRevMaterials.4.033601,P010_C03,DeltaG_FCC_HCP_J_mol,UNKNOWN,Cannot distinguish not reported from not extracted without paper review,Abstract; Figs. 1-5; Summary and Conclusions,True
P010,10.1103/PhysRevMaterials.4.033601,P010_C03,Initial_FCC_fraction,UNKNOWN,Cannot distinguish not reported from not extracted without paper review,Abstract; Figs. 1-5; Summary and Conclusions,True
P010,10.1103/PhysRevMaterials.4.033601,P010_C03,Initial_HCP_fraction,UNKNOWN,Cannot distinguish not reported from not extracted without paper review,Abstract; Figs. 1-5; Summary and Conclusions,True
P010,10.1103/PhysRevMaterials.4.033601,P010_C03,Homogenization_T_K,UNKNOWN,Cannot distinguish not reported from not extracted without paper review,Abstract; Figs. 1-5; Summary and Conclusions,True
P010,10.1103/PhysRevMaterials.4.033601,P010_C03,Homogenization_time_h,UNKNOWN,Cannot distinguish not reported from not extracted without paper review,Abstract; Figs. 1-5; Summary and Conclusions,True
P010,10.1103/PhysRevMaterials.4.033601,P010_C03,Hot_rolling_T_K,UNKNOWN,Cannot distinguish not reported from not extracted without paper review,Abstract; Figs. 1-5; Summary and Conclusions,True
P010,10.1103/PhysRevMaterials.4.033601,P010_C03,Hot_rolling_reduction_pct,UNKNOWN,Cannot distinguish not reported from not extracted without paper review,Abstract; Figs. 1-5; Summary and Conclusions,True
P010,10.1103/PhysRevMaterials.4.033601,P010_C03,Cold_rolling_reduction_pct,UNKNOWN,Cannot distinguish not reported from not extracted without paper review,Abstract; Figs. 1-5; Summary and Conclusions,True
P010,10.1103/PhysRevMaterials.4.033601,P010_C03,Annealing_T_K,UNKNOWN,Cannot distinguish not reported from not extracted without paper review,Abstract; Figs. 1-5; Summary and Conclusions,True
P010,10.1103/PhysRevMaterials.4.033601,P010_C03,Annealing_time_min,UNKNOWN,Cannot distinguish not reported from not extracted without paper review,Abstract; Figs. 1-5; Summary and Conclusions,True
P009,10.1126/sciadv.abo7333,P009_C01,Grain_size_um,AVAILABLE_IN_SUPPLEMENT,Explicit location cue in extracted provenance,"Wang et al. 2022, Fig. 5 and design/validation results",True
P009,10.1126/sciadv.abo7333,P009_C01,SFE_mJ_m2,AVAILABLE_IN_SUPPLEMENT,Explicit location cue in extracted provenance,"Wang et al. 2022, Fig. 5 and design/validation results",True
P009,10.1126/sciadv.abo7333,P009_C01,DeltaG_FCC_HCP_J_mol,AVAILABLE_IN_SUPPLEMENT,Explicit location cue in extracted provenance,"Wang et al. 2022, Fig. 5 and design/validation results",True
P009,10.1126/sciadv.abo7333,P009_C01,Initial_FCC_fraction,AVAILABLE_IN_SUPPLEMENT,Explicit location cue in extracted provenance,"Wang et al. 2022, Fig. 5 and design/validation results",True
P009,10.1126/sciadv.abo7333,P009_C01,Initial_HCP_fraction,AVAILABLE_IN_SUPPLEMENT,Explicit location cue in extracted provenance,"Wang et al. 2022, Fig. 5 and design/validation results",True
P009,10.1126/sciadv.abo7333,P009_C01,Strain_rate_s-1,AVAILABLE_IN_SUPPLEMENT,Explicit location cue in extracted provenance,"Wang et al. 2022, Fig. 5 and design/validation results",True
P009,10.1126/sciadv.abo7333,P009_C01,Homogenization_time_h,AVAILABLE_IN_SUPPLEMENT,Explicit location cue in extracted provenance,"Wang et al. 2022, Fig. 5 and design/validation results",True
P009,10.1126/sciadv.abo7333,P009_C01,Hot_rolling_T_K,AVAILABLE_IN_SUPPLEMENT,Explicit location cue in extracted provenance,"Wang et al. 2022, Fig. 5 and design/validation results",True
P009,10.1126/sciadv.abo7333,P009_C01,Hot_rolling_reduction_pct,AVAILABLE_IN_SUPPLEMENT,Explicit location cue in extracted provenance,"Wang et al. 2022, Fig. 5 and design/validation results",True
P009,10.1126/sciadv.abo7333,P009_C01,Annealing_T_K,AVAILABLE_IN_SUPPLEMENT,Explicit location cue in extracted provenance,"Wang et al. 2022, Fig. 5 and design/validation results",True
P009,10.1126/sciadv.abo7333,P009_C01,Annealing_time_min,AVAILABLE_IN_SUPPLEMENT,Explicit location cue in extracted provenance,"Wang et al. 2022, Fig. 5 and design/validation results",True
P009,10.1126/sciadv.abo7333,P009_C02,Grain_size_um,AVAILABLE_IN_SUPPLEMENT,Explicit location cue in extracted provenance,"Wang et al. 2022, Fig. 5 and design/validation results",True
P009,10.1126/sciadv.abo7333,P009_C02,SFE_mJ_m2,AVAILABLE_IN_SUPPLEMENT,Explicit location cue in extracted provenance,"Wang et al. 2022, Fig. 5 and design/validation results",True
P009,10.1126/sciadv.abo7333,P009_C02,DeltaG_FCC_HCP_J_mol,AVAILABLE_IN_SUPPLEMENT,Explicit location cue in extracted provenance,"Wang et al. 2022, Fig. 5 and design/validation results",True
P009,10.1126/sciadv.abo7333,P009_C02,Initial_FCC_fraction,AVAILABLE_IN_SUPPLEMENT,Explicit location cue in extracted provenance,"Wang et al. 2022, Fig. 5 and design/validation results",True
P009,10.1126/sciadv.abo7333,P009_C02,Initial_HCP_fraction,AVAILABLE_IN_SUPPLEMENT,Explicit location cue in extracted provenance,"Wang et al. 2022, Fig. 5 and design/validation results",True
P009,10.1126/sciadv.abo7333,P009_C02,Strain_rate_s-1,AVAILABLE_IN_SUPPLEMENT,Explicit location cue in extracted provenance,"Wang et al. 2022, Fig. 5 and design/validation results",True
P009,10.1126/sciadv.abo7333,P009_C02,Homogenization_time_h,AVAILABLE_IN_SUPPLEMENT,Explicit location cue in extracted provenance,"Wang et al. 2022, Fig. 5 and design/validation results",True
P009,10.1126/sciadv.abo7333,P009_C02,Hot_rolling_T_K,AVAILABLE_IN_SUPPLEMENT,Explicit location cue in extracted provenance,"Wang et al. 2022, Fig. 5 and design/validation results",True
P009,10.1126/sciadv.abo7333,P009_C02,Hot_rolling_reduction_pct,AVAILABLE_IN_SUPPLEMENT,Explicit location cue in extracted provenance,"Wang et al. 2022, Fig. 5 and design/validation results",True
P009,10.1126/sciadv.abo7333,P009_C02,Annealing_T_K,AVAILABLE_IN_SUPPLEMENT,Explicit location cue in extracted provenance,"Wang et al. 2022, Fig. 5 and design/validation results",True
P009,10.1126/sciadv.abo7333,P009_C02,Annealing_time_min,AVAILABLE_IN_SUPPLEMENT,Explicit location cue in extracted provenance,"Wang et al. 2022, Fig. 5 and design/validation results",True
P009,10.1126/sciadv.abo7333,P009_C03,Grain_size_um,AVAILABLE_IN_SUPPLEMENT,Explicit location cue in extracted provenance,"Wang et al. 2022, Fig. 5 and design/validation results",True
P009,10.1126/sciadv.abo7333,P009_C03,SFE_mJ_m2,AVAILABLE_IN_SUPPLEMENT,Explicit location cue in extracted provenance,"Wang et al. 2022, Fig. 5 and design/validation results",True
P009,10.1126/sciadv.abo7333,P009_C03,DeltaG_FCC_HCP_J_mol,AVAILABLE_IN_SUPPLEMENT,Explicit location cue in extracted provenance,"Wang et al. 2022, Fig. 5 and design/validation results",True
P009,10.1126/sciadv.abo7333,P009_C03,Initial_FCC_fraction,AVAILABLE_IN_SUPPLEMENT,Explicit location cue in extracted provenance,"Wang et al. 2022, Fig. 5 and design/validation results",True
P009,10.1126/sciadv.abo7333,P009_C03,Initial_HCP_fraction,AVAILABLE_IN_SUPPLEMENT,Explicit location cue in extracted provenance,"Wang et al. 2022, Fig. 5 and design/validation results",True
P009,10.1126/sciadv.abo7333,P009_C03,Strain_rate_s-1,AVAILABLE_IN_SUPPLEMENT,Explicit location cue in extracted provenance,"Wang et al. 2022, Fig. 5 and design/validation results",True
P009,10.1126/sciadv.abo7333,P009_C03,Homogenization_time_h,AVAILABLE_IN_SUPPLEMENT,Explicit location cue in extracted provenance,"Wang et al. 2022, Fig. 5 and design/validation results",True
P009,10.1126/sciadv.abo7333,P009_C03,Hot_rolling_T_K,AVAILABLE_IN_SUPPLEMENT,Explicit location cue in extracted provenance,"Wang et al. 2022, Fig. 5 and design/validation results",True
P009,10.1126/sciadv.abo7333,P009_C03,Hot_rolling_reduction_pct,AVAILABLE_IN_SUPPLEMENT,Explicit location cue in extracted provenance,"Wang et al. 2022, Fig. 5 and design/validation results",True
P009,10.1126/sciadv.abo7333,P009_C03,Annealing_T_K,AVAILABLE_IN_SUPPLEMENT,Explicit location cue in extracted provenance,"Wang et al. 2022, Fig. 5 and design/validation results",True
P009,10.1126/sciadv.abo7333,P009_C03,Annealing_time_min,AVAILABLE_IN_SUPPLEMENT,Explicit location cue in extracted provenance,"Wang et al. 2022, Fig. 5 and design/validation results",True
P009,10.1126/sciadv.abo7333,P009_C04,Grain_size_um,AVAILABLE_IN_SUPPLEMENT,Explicit location cue in extracted provenance,"Wang et al. 2022, Fig. 5 and design/validation results",True
P009,10.1126/sciadv.abo7333,P009_C04,SFE_mJ_m2,AVAILABLE_IN_SUPPLEMENT,Explicit location cue in extracted provenance,"Wang et al. 2022, Fig. 5 and design/validation results",True
P009,10.1126/sciadv.abo7333,P009_C04,DeltaG_FCC_HCP_J_mol,AVAILABLE_IN_SUPPLEMENT,Explicit location cue in extracted provenance,"Wang et al. 2022, Fig. 5 and design/validation results",True
P009,10.1126/sciadv.abo7333,P009_C04,Initial_FCC_fraction,AVAILABLE_IN_SUPPLEMENT,Explicit location cue in extracted provenance,"Wang et al. 2022, Fig. 5 and design/validation results",True
P009,10.1126/sciadv.abo7333,P009_C04,Initial_HCP_fraction,AVAILABLE_IN_SUPPLEMENT,Explicit location cue in extracted provenance,"Wang et al. 2022, Fig. 5 and design/validation results",True
P009,10.1126/sciadv.abo7333,P009_C04,Strain_rate_s-1,AVAILABLE_IN_SUPPLEMENT,Explicit location cue in extracted provenance,"Wang et al. 2022, Fig. 5 and design/validation results",True
P009,10.1126/sciadv.abo7333,P009_C04,Homogenization_time_h,AVAILABLE_IN_SUPPLEMENT,Explicit location cue in extracted provenance,"Wang et al. 2022, Fig. 5 and design/validation results",True
P009,10.1126/sciadv.abo7333,P009_C04,Hot_rolling_T_K,AVAILABLE_IN_SUPPLEMENT,Explicit location cue in extracted provenance,"Wang et al. 2022, Fig. 5 and design/validation results",True
P009,10.1126/sciadv.abo7333,P009_C04,Hot_rolling_reduction_pct,AVAILABLE_IN_SUPPLEMENT,Explicit location cue in extracted provenance,"Wang et al. 2022, Fig. 5 and design/validation results",True
P009,10.1126/sciadv.abo7333,P009_C04,Annealing_T_K,AVAILABLE_IN_SUPPLEMENT,Explicit location cue in extracted provenance,"Wang et al. 2022, Fig. 5 and design/validation results",True
P009,10.1126/sciadv.abo7333,P009_C04,Annealing_time_min,AVAILABLE_IN_SUPPLEMENT,Explicit location cue in extracted provenance,"Wang et al. 2022, Fig. 5 and design/validation results",True
P009,10.1126/sciadv.abo7333,P009_C05,Grain_size_um,AVAILABLE_IN_SUPPLEMENT,Explicit location cue in extracted provenance,"Wang et al. 2022, Fig. 5 and design/validation results",True
P009,10.1126/sciadv.abo7333,P009_C05,SFE_mJ_m2,AVAILABLE_IN_SUPPLEMENT,Explicit location cue in extracted provenance,"Wang et al. 2022, Fig. 5 and design/validation results",True
P009,10.1126/sciadv.abo7333,P009_C05,DeltaG_FCC_HCP_J_mol,AVAILABLE_IN_SUPPLEMENT,Explicit location cue in extracted provenance,"Wang et al. 2022, Fig. 5 and design/validation results",True
P009,10.1126/sciadv.abo7333,P009_C05,Initial_FCC_fraction,AVAILABLE_IN_SUPPLEMENT,Explicit location cue in extracted provenance,"Wang et al. 2022, Fig. 5 and design/validation results",True
P009,10.1126/sciadv.abo7333,P009_C05,Initial_HCP_fraction,AVAILABLE_IN_SUPPLEMENT,Explicit location cue in extracted provenance,"Wang et al. 2022, Fig. 5 and design/validation results",True
P009,10.1126/sciadv.abo7333,P009_C05,Strain_rate_s-1,AVAILABLE_IN_SUPPLEMENT,Explicit location cue in extracted provenance,"Wang et al. 2022, Fig. 5 and design/validation results",True
P009,10.1126/sciadv.abo7333,P009_C05,Homogenization_time_h,AVAILABLE_IN_SUPPLEMENT,Explicit location cue in extracted provenance,"Wang et al. 2022, Fig. 5 and design/validation results",True
P009,10.1126/sciadv.abo7333,P009_C05,Hot_rolling_T_K,AVAILABLE_IN_SUPPLEMENT,Explicit location cue in extracted provenance,"Wang et al. 2022, Fig. 5 and design/validation results",True
P009,10.1126/sciadv.abo7333,P009_C05,Hot_rolling_reduction_pct,AVAILABLE_IN_SUPPLEMENT,Explicit location cue in extracted provenance,"Wang et al. 2022, Fig. 5 and design/validation results",True
P009,10.1126/sciadv.abo7333,P009_C05,Annealing_T_K,AVAILABLE_IN_SUPPLEMENT,Explicit location cue in extracted provenance,"Wang et al. 2022, Fig. 5 and design/validation results",True
P009,10.1126/sciadv.abo7333,P009_C05,Annealing_time_min,AVAILABLE_IN_SUPPLEMENT,Explicit location cue in extracted provenance,"Wang et al. 2022, Fig. 5 and design/validation results",True
P009,10.1126/sciadv.abo7333,P009_C06,Grain_size_um,AVAILABLE_IN_SUPPLEMENT,Explicit location cue in extracted provenance,"Wang et al. 2022, Fig. 5 and design/validation results",True
P009,10.1126/sciadv.abo7333,P009_C06,SFE_mJ_m2,AVAILABLE_IN_SUPPLEMENT,Explicit location cue in extracted provenance,"Wang et al. 2022, Fig. 5 and design/validation results",True
P009,10.1126/sciadv.abo7333,P009_C06,DeltaG_FCC_HCP_J_mol,AVAILABLE_IN_SUPPLEMENT,Explicit location cue in extracted provenance,"Wang et al. 2022, Fig. 5 and design/validation results",True
P009,10.1126/sciadv.abo7333,P009_C06,Initial_FCC_fraction,AVAILABLE_IN_SUPPLEMENT,Explicit location cue in extracted provenance,"Wang et al. 2022, Fig. 5 and design/validation results",True
P009,10.1126/sciadv.abo7333,P009_C06,Initial_HCP_fraction,AVAILABLE_IN_SUPPLEMENT,Explicit location cue in extracted provenance,"Wang et al. 2022, Fig. 5 and design/validation results",True
P009,10.1126/sciadv.abo7333,P009_C06,Strain_rate_s-1,AVAILABLE_IN_SUPPLEMENT,Explicit location cue in extracted provenance,"Wang et al. 2022, Fig. 5 and design/validation results",True
P009,10.1126/sciadv.abo7333,P009_C06,Homogenization_time_h,AVAILABLE_IN_SUPPLEMENT,Explicit location cue in extracted provenance,"Wang et al. 2022, Fig. 5 and design/validation results",True
P009,10.1126/sciadv.abo7333,P009_C06,Hot_rolling_T_K,AVAILABLE_IN_SUPPLEMENT,Explicit location cue in extracted provenance,"Wang et al. 2022, Fig. 5 and design/validation results",True
P009,10.1126/sciadv.abo7333,P009_C06,Hot_rolling_reduction_pct,AVAILABLE_IN_SUPPLEMENT,Explicit location cue in extracted provenance,"Wang et al. 2022, Fig. 5 and design/validation results",True
P009,10.1126/sciadv.abo7333,P009_C06,Annealing_T_K,AVAILABLE_IN_SUPPLEMENT,Explicit location cue in extracted provenance,"Wang et al. 2022, Fig. 5 and design/validation results",True
P009,10.1126/sciadv.abo7333,P009_C06,Annealing_time_min,AVAILABLE_IN_SUPPLEMENT,Explicit location cue in extracted provenance,"Wang et al. 2022, Fig. 5 and design/validation results",True
P009,10.1126/sciadv.abo7333,P009_C07,Grain_size_um,AVAILABLE_IN_SUPPLEMENT,Explicit location cue in extracted provenance,"Wang et al. 2022, Fig. 5 and design/validation results",True
P009,10.1126/sciadv.abo7333,P009_C07,SFE_mJ_m2,AVAILABLE_IN_SUPPLEMENT,Explicit location cue in extracted provenance,"Wang et al. 2022, Fig. 5 and design/validation results",True
P009,10.1126/sciadv.abo7333,P009_C07,DeltaG_FCC_HCP_J_mol,AVAILABLE_IN_SUPPLEMENT,Explicit location cue in extracted provenance,"Wang et al. 2022, Fig. 5 and design/validation results",True
P009,10.1126/sciadv.abo7333,P009_C07,Initial_FCC_fraction,AVAILABLE_IN_SUPPLEMENT,Explicit location cue in extracted provenance,"Wang et al. 2022, Fig. 5 and design/validation results",True
P009,10.1126/sciadv.abo7333,P009_C07,Initial_HCP_fraction,AVAILABLE_IN_SUPPLEMENT,Explicit location cue in extracted provenance,"Wang et al. 2022, Fig. 5 and design/validation results",True
P009,10.1126/sciadv.abo7333,P009_C07,Strain_rate_s-1,AVAILABLE_IN_SUPPLEMENT,Explicit location cue in extracted provenance,"Wang et al. 2022, Fig. 5 and design/validation results",True
P009,10.1126/sciadv.abo7333,P009_C07,Homogenization_time_h,AVAILABLE_IN_SUPPLEMENT,Explicit location cue in extracted provenance,"Wang et al. 2022, Fig. 5 and design/validation results",True
P009,10.1126/sciadv.abo7333,P009_C07,Hot_rolling_T_K,AVAILABLE_IN_SUPPLEMENT,Explicit location cue in extracted provenance,"Wang et al. 2022, Fig. 5 and design/validation results",True
P009,10.1126/sciadv.abo7333,P009_C07,Hot_rolling_reduction_pct,AVAILABLE_IN_SUPPLEMENT,Explicit location cue in extracted provenance,"Wang et al. 2022, Fig. 5 and design/validation results",True
P009,10.1126/sciadv.abo7333,P009_C07,Annealing_T_K,AVAILABLE_IN_SUPPLEMENT,Explicit location cue in extracted provenance,"Wang et al. 2022, Fig. 5 and design/validation results",True
P009,10.1126/sciadv.abo7333,P009_C07,Annealing_time_min,AVAILABLE_IN_SUPPLEMENT,Explicit location cue in extracted provenance,"Wang et al. 2022, Fig. 5 and design/validation results",True
P011,10.1016/j.jallcom.2023.170225,P011_C01,Grain_size_um,AVAILABLE_IN_FIGURE,Explicit location cue in extracted provenance,Experimental procedures; abstract; microstructure/tensile results,True
P011,10.1016/j.jallcom.2023.170225,P011_C01,SFE_mJ_m2,AVAILABLE_IN_FIGURE,Explicit location cue in extracted provenance,Experimental procedures; abstract; microstructure/tensile results,True
P011,10.1016/j.jallcom.2023.170225,P011_C01,DeltaG_FCC_HCP_J_mol,AVAILABLE_IN_FIGURE,Explicit location cue in extracted provenance,Experimental procedures; abstract; microstructure/tensile results,True
P011,10.1016/j.jallcom.2023.170225,P011_C01,Initial_FCC_fraction,AVAILABLE_IN_FIGURE,Explicit location cue in extracted provenance,Experimental procedures; abstract; microstructure/tensile results,True
P011,10.1016/j.jallcom.2023.170225,P011_C01,Initial_HCP_fraction,AVAILABLE_IN_FIGURE,Explicit location cue in extracted provenance,Experimental procedures; abstract; microstructure/tensile results,True
P011,10.1016/j.jallcom.2023.170225,P011_C01,Homogenization_T_K,AVAILABLE_IN_FIGURE,Explicit location cue in extracted provenance,Experimental procedures; abstract; microstructure/tensile results,True
P011,10.1016/j.jallcom.2023.170225,P011_C01,Homogenization_time_h,AVAILABLE_IN_FIGURE,Explicit location cue in extracted provenance,Experimental procedures; abstract; microstructure/tensile results,True
P011,10.1016/j.jallcom.2023.170225,P011_C01,Hot_rolling_T_K,AVAILABLE_IN_FIGURE,Explicit location cue in extracted provenance,Experimental procedures; abstract; microstructure/tensile results,True
P011,10.1016/j.jallcom.2023.170225,P011_C01,Hot_rolling_reduction_pct,AVAILABLE_IN_FIGURE,Explicit location cue in extracted provenance,Experimental procedures; abstract; microstructure/tensile results,True
P011,10.1016/j.jallcom.2023.170225,P011_C01,Cold_rolling_reduction_pct,AVAILABLE_IN_FIGURE,Explicit location cue in extracted provenance,Experimental procedures; abstract; microstructure/tensile results,True
P011,10.1016/j.jallcom.2023.170225,P011_C02,Grain_size_um,AVAILABLE_IN_FIGURE,Explicit location cue in extracted provenance,Experimental procedures; abstract; microstructure/tensile results,True
P011,10.1016/j.jallcom.2023.170225,P011_C02,SFE_mJ_m2,AVAILABLE_IN_FIGURE,Explicit location cue in extracted provenance,Experimental procedures; abstract; microstructure/tensile results,True
P011,10.1016/j.jallcom.2023.170225,P011_C02,DeltaG_FCC_HCP_J_mol,AVAILABLE_IN_FIGURE,Explicit location cue in extracted provenance,Experimental procedures; abstract; microstructure/tensile results,True
P011,10.1016/j.jallcom.2023.170225,P011_C02,Initial_FCC_fraction,AVAILABLE_IN_FIGURE,Explicit location cue in extracted provenance,Experimental procedures; abstract; microstructure/tensile results,True
P011,10.1016/j.jallcom.2023.170225,P011_C02,Initial_HCP_fraction,AVAILABLE_IN_FIGURE,Explicit location cue in extracted provenance,Experimental procedures; abstract; microstructure/tensile results,True
P011,10.1016/j.jallcom.2023.170225,P011_C02,Homogenization_T_K,AVAILABLE_IN_FIGURE,Explicit location cue in extracted provenance,Experimental procedures; abstract; microstructure/tensile results,True
P011,10.1016/j.jallcom.2023.170225,P011_C02,Homogenization_time_h,AVAILABLE_IN_FIGURE,Explicit location cue in extracted provenance,Experimental procedures; abstract; microstructure/tensile results,True
P011,10.1016/j.jallcom.2023.170225,P011_C02,Hot_rolling_T_K,AVAILABLE_IN_FIGURE,Explicit location cue in extracted provenance,Experimental procedures; abstract; microstructure/tensile results,True
P011,10.1016/j.jallcom.2023.170225,P011_C02,Hot_rolling_reduction_pct,AVAILABLE_IN_FIGURE,Explicit location cue in extracted provenance,Experimental procedures; abstract; microstructure/tensile results,True
P011,10.1016/j.jallcom.2023.170225,P011_C02,Cold_rolling_reduction_pct,AVAILABLE_IN_FIGURE,Explicit location cue in extracted provenance,Experimental procedures; abstract; microstructure/tensile results,True
P011,10.1016/j.jallcom.2023.170225,P011_C03,Grain_size_um,AVAILABLE_IN_FIGURE,Explicit location cue in extracted provenance,Experimental procedures; abstract; microstructure/tensile results,True
P011,10.1016/j.jallcom.2023.170225,P011_C03,SFE_mJ_m2,AVAILABLE_IN_FIGURE,Explicit location cue in extracted provenance,Experimental procedures; abstract; microstructure/tensile results,True
P011,10.1016/j.jallcom.2023.170225,P011_C03,DeltaG_FCC_HCP_J_mol,AVAILABLE_IN_FIGURE,Explicit location cue in extracted provenance,Experimental procedures; abstract; microstructure/tensile results,True
P011,10.1016/j.jallcom.2023.170225,P011_C03,Initial_FCC_fraction,AVAILABLE_IN_FIGURE,Explicit location cue in extracted provenance,Experimental procedures; abstract; microstructure/tensile results,True
P011,10.1016/j.jallcom.2023.170225,P011_C03,Initial_HCP_fraction,AVAILABLE_IN_FIGURE,Explicit location cue in extracted provenance,Experimental procedures; abstract; microstructure/tensile results,True
P011,10.1016/j.jallcom.2023.170225,P011_C03,Homogenization_T_K,AVAILABLE_IN_FIGURE,Explicit location cue in extracted provenance,Experimental procedures; abstract; microstructure/tensile results,True
P011,10.1016/j.jallcom.2023.170225,P011_C03,Homogenization_time_h,AVAILABLE_IN_FIGURE,Explicit location cue in extracted provenance,Experimental procedures; abstract; microstructure/tensile results,True
P011,10.1016/j.jallcom.2023.170225,P011_C03,Hot_rolling_T_K,AVAILABLE_IN_FIGURE,Explicit location cue in extracted provenance,Experimental procedures; abstract; microstructure/tensile results,True
P011,10.1016/j.jallcom.2023.170225,P011_C03,Hot_rolling_reduction_pct,AVAILABLE_IN_FIGURE,Explicit location cue in extracted provenance,Experimental procedures; abstract; microstructure/tensile results,True
P011,10.1016/j.jallcom.2023.170225,P011_C03,Cold_rolling_reduction_pct,AVAILABLE_IN_FIGURE,Explicit location cue in extracted provenance,Experimental procedures; abstract; microstructure/tensile results,True
P011,10.1016/j.jallcom.2023.170225,P011_C04,Grain_size_um,AVAILABLE_IN_FIGURE,Explicit location cue in extracted provenance,Experimental procedures; abstract; microstructure/tensile results,True
P011,10.1016/j.jallcom.2023.170225,P011_C04,SFE_mJ_m2,AVAILABLE_IN_FIGURE,Explicit location cue in extracted provenance,Experimental procedures; abstract; microstructure/tensile results,True
P011,10.1016/j.jallcom.2023.170225,P011_C04,DeltaG_FCC_HCP_J_mol,AVAILABLE_IN_FIGURE,Explicit location cue in extracted provenance,Experimental procedures; abstract; microstructure/tensile results,True
P011,10.1016/j.jallcom.2023.170225,P011_C04,Initial_FCC_fraction,AVAILABLE_IN_FIGURE,Explicit location cue in extracted provenance,Experimental procedures; abstract; microstructure/tensile results,True
P011,10.1016/j.jallcom.2023.170225,P011_C04,Initial_HCP_fraction,AVAILABLE_IN_FIGURE,Explicit location cue in extracted provenance,Experimental procedures; abstract; microstructure/tensile results,True
P011,10.1016/j.jallcom.2023.170225,P011_C04,Homogenization_T_K,AVAILABLE_IN_FIGURE,Explicit location cue in extracted provenance,Experimental procedures; abstract; microstructure/tensile results,True
P011,10.1016/j.jallcom.2023.170225,P011_C04,Homogenization_time_h,AVAILABLE_IN_FIGURE,Explicit location cue in extracted provenance,Experimental procedures; abstract; microstructure/tensile results,True
P011,10.1016/j.jallcom.2023.170225,P011_C04,Hot_rolling_T_K,AVAILABLE_IN_FIGURE,Explicit location cue in extracted provenance,Experimental procedures; abstract; microstructure/tensile results,True
P011,10.1016/j.jallcom.2023.170225,P011_C04,Hot_rolling_reduction_pct,AVAILABLE_IN_FIGURE,Explicit location cue in extracted provenance,Experimental procedures; abstract; microstructure/tensile results,True
P011,10.1016/j.jallcom.2023.170225,P011_C04,Cold_rolling_reduction_pct,AVAILABLE_IN_FIGURE,Explicit location cue in extracted provenance,Experimental procedures; abstract; microstructure/tensile results,True
P011,10.1016/j.jallcom.2023.170225,P011_C05,Grain_size_um,UNKNOWN,Cannot distinguish not reported from not extracted without paper review,Abstract; tensile-temperature comparison,True
P011,10.1016/j.jallcom.2023.170225,P011_C05,SFE_mJ_m2,UNKNOWN,Cannot distinguish not reported from not extracted without paper review,Abstract; tensile-temperature comparison,True
P011,10.1016/j.jallcom.2023.170225,P011_C05,DeltaG_FCC_HCP_J_mol,UNKNOWN,Cannot distinguish not reported from not extracted without paper review,Abstract; tensile-temperature comparison,True
P011,10.1016/j.jallcom.2023.170225,P011_C05,Initial_FCC_fraction,UNKNOWN,Cannot distinguish not reported from not extracted without paper review,Abstract; tensile-temperature comparison,True
P011,10.1016/j.jallcom.2023.170225,P011_C05,Initial_HCP_fraction,UNKNOWN,Cannot distinguish not reported from not extracted without paper review,Abstract; tensile-temperature comparison,True
P011,10.1016/j.jallcom.2023.170225,P011_C05,Homogenization_T_K,UNKNOWN,Cannot distinguish not reported from not extracted without paper review,Abstract; tensile-temperature comparison,True
P011,10.1016/j.jallcom.2023.170225,P011_C05,Homogenization_time_h,UNKNOWN,Cannot distinguish not reported from not extracted without paper review,Abstract; tensile-temperature comparison,True
P011,10.1016/j.jallcom.2023.170225,P011_C05,Hot_rolling_T_K,UNKNOWN,Cannot distinguish not reported from not extracted without paper review,Abstract; tensile-temperature comparison,True
P011,10.1016/j.jallcom.2023.170225,P011_C05,Hot_rolling_reduction_pct,UNKNOWN,Cannot distinguish not reported from not extracted without paper review,Abstract; tensile-temperature comparison,True
P011,10.1016/j.jallcom.2023.170225,P011_C05,Cold_rolling_reduction_pct,UNKNOWN,Cannot distinguish not reported from not extracted without paper review,Abstract; tensile-temperature comparison,True
P012,10.1016/j.jallcom.2022.165108,P012_C01,Grain_size_um,AVAILABLE_IN_TABLE,Explicit location cue in extracted provenance,Abstract; experimental sections; Table 2/strain-dependent results,True
P012,10.1016/j.jallcom.2022.165108,P012_C01,SFE_mJ_m2,AVAILABLE_IN_TABLE,Explicit location cue in extracted provenance,Abstract; experimental sections; Table 2/strain-dependent results,True
P012,10.1016/j.jallcom.2022.165108,P012_C01,DeltaG_FCC_HCP_J_mol,AVAILABLE_IN_TABLE,Explicit location cue in extracted provenance,Abstract; experimental sections; Table 2/strain-dependent results,True
P012,10.1016/j.jallcom.2022.165108,P012_C01,Initial_FCC_fraction,AVAILABLE_IN_TABLE,Explicit location cue in extracted provenance,Abstract; experimental sections; Table 2/strain-dependent results,True
P012,10.1016/j.jallcom.2022.165108,P012_C01,Initial_HCP_fraction,AVAILABLE_IN_TABLE,Explicit location cue in extracted provenance,Abstract; experimental sections; Table 2/strain-dependent results,True
P012,10.1016/j.jallcom.2022.165108,P012_C01,Homogenization_T_K,AVAILABLE_IN_TABLE,Explicit location cue in extracted provenance,Abstract; experimental sections; Table 2/strain-dependent results,True
P012,10.1016/j.jallcom.2022.165108,P012_C01,Homogenization_time_h,AVAILABLE_IN_TABLE,Explicit location cue in extracted provenance,Abstract; experimental sections; Table 2/strain-dependent results,True
P012,10.1016/j.jallcom.2022.165108,P012_C01,Hot_rolling_T_K,AVAILABLE_IN_TABLE,Explicit location cue in extracted provenance,Abstract; experimental sections; Table 2/strain-dependent results,True
P012,10.1016/j.jallcom.2022.165108,P012_C01,Hot_rolling_reduction_pct,AVAILABLE_IN_TABLE,Explicit location cue in extracted provenance,Abstract; experimental sections; Table 2/strain-dependent results,True
P012,10.1016/j.jallcom.2022.165108,P012_C01,Cold_rolling_reduction_pct,AVAILABLE_IN_TABLE,Explicit location cue in extracted provenance,Abstract; experimental sections; Table 2/strain-dependent results,True
P012,10.1016/j.jallcom.2022.165108,P012_C01,Annealing_T_K,AVAILABLE_IN_TABLE,Explicit location cue in extracted provenance,Abstract; experimental sections; Table 2/strain-dependent results,True
P012,10.1016/j.jallcom.2022.165108,P012_C01,Annealing_time_min,AVAILABLE_IN_TABLE,Explicit location cue in extracted provenance,Abstract; experimental sections; Table 2/strain-dependent results,True
P012,10.1016/j.jallcom.2022.165108,P012_C02,Grain_size_um,AVAILABLE_IN_TABLE,Explicit location cue in extracted provenance,Abstract; experimental sections; Table 2/strain-dependent results,True
P012,10.1016/j.jallcom.2022.165108,P012_C02,SFE_mJ_m2,AVAILABLE_IN_TABLE,Explicit location cue in extracted provenance,Abstract; experimental sections; Table 2/strain-dependent results,True
P012,10.1016/j.jallcom.2022.165108,P012_C02,DeltaG_FCC_HCP_J_mol,AVAILABLE_IN_TABLE,Explicit location cue in extracted provenance,Abstract; experimental sections; Table 2/strain-dependent results,True
P012,10.1016/j.jallcom.2022.165108,P012_C02,Initial_FCC_fraction,AVAILABLE_IN_TABLE,Explicit location cue in extracted provenance,Abstract; experimental sections; Table 2/strain-dependent results,True
P012,10.1016/j.jallcom.2022.165108,P012_C02,Initial_HCP_fraction,AVAILABLE_IN_TABLE,Explicit location cue in extracted provenance,Abstract; experimental sections; Table 2/strain-dependent results,True
P012,10.1016/j.jallcom.2022.165108,P012_C02,Homogenization_T_K,AVAILABLE_IN_TABLE,Explicit location cue in extracted provenance,Abstract; experimental sections; Table 2/strain-dependent results,True
P012,10.1016/j.jallcom.2022.165108,P012_C02,Homogenization_time_h,AVAILABLE_IN_TABLE,Explicit location cue in extracted provenance,Abstract; experimental sections; Table 2/strain-dependent results,True
P012,10.1016/j.jallcom.2022.165108,P012_C02,Hot_rolling_T_K,AVAILABLE_IN_TABLE,Explicit location cue in extracted provenance,Abstract; experimental sections; Table 2/strain-dependent results,True
P012,10.1016/j.jallcom.2022.165108,P012_C02,Hot_rolling_reduction_pct,AVAILABLE_IN_TABLE,Explicit location cue in extracted provenance,Abstract; experimental sections; Table 2/strain-dependent results,True
P012,10.1016/j.jallcom.2022.165108,P012_C02,Cold_rolling_reduction_pct,AVAILABLE_IN_TABLE,Explicit location cue in extracted provenance,Abstract; experimental sections; Table 2/strain-dependent results,True
P012,10.1016/j.jallcom.2022.165108,P012_C02,Annealing_T_K,AVAILABLE_IN_TABLE,Explicit location cue in extracted provenance,Abstract; experimental sections; Table 2/strain-dependent results,True
P012,10.1016/j.jallcom.2022.165108,P012_C02,Annealing_time_min,AVAILABLE_IN_TABLE,Explicit location cue in extracted provenance,Abstract; experimental sections; Table 2/strain-dependent results,True
P012,10.1016/j.jallcom.2022.165108,P012_C03,Grain_size_um,AVAILABLE_IN_TABLE,Explicit location cue in extracted provenance,Abstract; experimental sections; Table 2/strain-dependent results,True
P012,10.1016/j.jallcom.2022.165108,P012_C03,SFE_mJ_m2,AVAILABLE_IN_TABLE,Explicit location cue in extracted provenance,Abstract; experimental sections; Table 2/strain-dependent results,True
P012,10.1016/j.jallcom.2022.165108,P012_C03,DeltaG_FCC_HCP_J_mol,AVAILABLE_IN_TABLE,Explicit location cue in extracted provenance,Abstract; experimental sections; Table 2/strain-dependent results,True
P012,10.1016/j.jallcom.2022.165108,P012_C03,Initial_FCC_fraction,AVAILABLE_IN_TABLE,Explicit location cue in extracted provenance,Abstract; experimental sections; Table 2/strain-dependent results,True
P012,10.1016/j.jallcom.2022.165108,P012_C03,Initial_HCP_fraction,AVAILABLE_IN_TABLE,Explicit location cue in extracted provenance,Abstract; experimental sections; Table 2/strain-dependent results,True
P012,10.1016/j.jallcom.2022.165108,P012_C03,Homogenization_T_K,AVAILABLE_IN_TABLE,Explicit location cue in extracted provenance,Abstract; experimental sections; Table 2/strain-dependent results,True
P012,10.1016/j.jallcom.2022.165108,P012_C03,Homogenization_time_h,AVAILABLE_IN_TABLE,Explicit location cue in extracted provenance,Abstract; experimental sections; Table 2/strain-dependent results,True
P012,10.1016/j.jallcom.2022.165108,P012_C03,Hot_rolling_T_K,AVAILABLE_IN_TABLE,Explicit location cue in extracted provenance,Abstract; experimental sections; Table 2/strain-dependent results,True
P012,10.1016/j.jallcom.2022.165108,P012_C03,Hot_rolling_reduction_pct,AVAILABLE_IN_TABLE,Explicit location cue in extracted provenance,Abstract; experimental sections; Table 2/strain-dependent results,True
P012,10.1016/j.jallcom.2022.165108,P012_C03,Cold_rolling_reduction_pct,AVAILABLE_IN_TABLE,Explicit location cue in extracted provenance,Abstract; experimental sections; Table 2/strain-dependent results,True
P012,10.1016/j.jallcom.2022.165108,P012_C03,Annealing_T_K,AVAILABLE_IN_TABLE,Explicit location cue in extracted provenance,Abstract; experimental sections; Table 2/strain-dependent results,True
P012,10.1016/j.jallcom.2022.165108,P012_C03,Annealing_time_min,AVAILABLE_IN_TABLE,Explicit location cue in extracted provenance,Abstract; experimental sections; Table 2/strain-dependent results,True
P012,10.1016/j.jallcom.2022.165108,P012_C04,Grain_size_um,AVAILABLE_IN_TABLE,Explicit location cue in extracted provenance,Abstract; experimental sections; Table 2/strain-dependent results,True
P012,10.1016/j.jallcom.2022.165108,P012_C04,SFE_mJ_m2,AVAILABLE_IN_TABLE,Explicit location cue in extracted provenance,Abstract; experimental sections; Table 2/strain-dependent results,True
P012,10.1016/j.jallcom.2022.165108,P012_C04,DeltaG_FCC_HCP_J_mol,AVAILABLE_IN_TABLE,Explicit location cue in extracted provenance,Abstract; experimental sections; Table 2/strain-dependent results,True
P012,10.1016/j.jallcom.2022.165108,P012_C04,Initial_FCC_fraction,AVAILABLE_IN_TABLE,Explicit location cue in extracted provenance,Abstract; experimental sections; Table 2/strain-dependent results,True
P012,10.1016/j.jallcom.2022.165108,P012_C04,Initial_HCP_fraction,AVAILABLE_IN_TABLE,Explicit location cue in extracted provenance,Abstract; experimental sections; Table 2/strain-dependent results,True
P012,10.1016/j.jallcom.2022.165108,P012_C04,Homogenization_T_K,AVAILABLE_IN_TABLE,Explicit location cue in extracted provenance,Abstract; experimental sections; Table 2/strain-dependent results,True
P012,10.1016/j.jallcom.2022.165108,P012_C04,Homogenization_time_h,AVAILABLE_IN_TABLE,Explicit location cue in extracted provenance,Abstract; experimental sections; Table 2/strain-dependent results,True
P012,10.1016/j.jallcom.2022.165108,P012_C04,Hot_rolling_T_K,AVAILABLE_IN_TABLE,Explicit location cue in extracted provenance,Abstract; experimental sections; Table 2/strain-dependent results,True
P012,10.1016/j.jallcom.2022.165108,P012_C04,Hot_rolling_reduction_pct,AVAILABLE_IN_TABLE,Explicit location cue in extracted provenance,Abstract; experimental sections; Table 2/strain-dependent results,True
P012,10.1016/j.jallcom.2022.165108,P012_C04,Cold_rolling_reduction_pct,AVAILABLE_IN_TABLE,Explicit location cue in extracted provenance,Abstract; experimental sections; Table 2/strain-dependent results,True
P012,10.1016/j.jallcom.2022.165108,P012_C04,Annealing_T_K,AVAILABLE_IN_TABLE,Explicit location cue in extracted provenance,Abstract; experimental sections; Table 2/strain-dependent results,True
P012,10.1016/j.jallcom.2022.165108,P012_C04,Annealing_time_min,AVAILABLE_IN_TABLE,Explicit location cue in extracted provenance,Abstract; experimental sections; Table 2/strain-dependent results,True
P012,10.1016/j.jallcom.2022.165108,P012_C05,Grain_size_um,AVAILABLE_IN_TABLE,Explicit location cue in extracted provenance,Abstract; experimental sections; Table 2/strain-dependent results,True
P012,10.1016/j.jallcom.2022.165108,P012_C05,SFE_mJ_m2,AVAILABLE_IN_TABLE,Explicit location cue in extracted provenance,Abstract; experimental sections; Table 2/strain-dependent results,True
P012,10.1016/j.jallcom.2022.165108,P012_C05,DeltaG_FCC_HCP_J_mol,AVAILABLE_IN_TABLE,Explicit location cue in extracted provenance,Abstract; experimental sections; Table 2/strain-dependent results,True
P012,10.1016/j.jallcom.2022.165108,P012_C05,Initial_FCC_fraction,AVAILABLE_IN_TABLE,Explicit location cue in extracted provenance,Abstract; experimental sections; Table 2/strain-dependent results,True
P012,10.1016/j.jallcom.2022.165108,P012_C05,Initial_HCP_fraction,AVAILABLE_IN_TABLE,Explicit location cue in extracted provenance,Abstract; experimental sections; Table 2/strain-dependent results,True
P012,10.1016/j.jallcom.2022.165108,P012_C05,Homogenization_T_K,AVAILABLE_IN_TABLE,Explicit location cue in extracted provenance,Abstract; experimental sections; Table 2/strain-dependent results,True
P012,10.1016/j.jallcom.2022.165108,P012_C05,Homogenization_time_h,AVAILABLE_IN_TABLE,Explicit location cue in extracted provenance,Abstract; experimental sections; Table 2/strain-dependent results,True
P012,10.1016/j.jallcom.2022.165108,P012_C05,Hot_rolling_T_K,AVAILABLE_IN_TABLE,Explicit location cue in extracted provenance,Abstract; experimental sections; Table 2/strain-dependent results,True
P012,10.1016/j.jallcom.2022.165108,P012_C05,Hot_rolling_reduction_pct,AVAILABLE_IN_TABLE,Explicit location cue in extracted provenance,Abstract; experimental sections; Table 2/strain-dependent results,True
P012,10.1016/j.jallcom.2022.165108,P012_C05,Cold_rolling_reduction_pct,AVAILABLE_IN_TABLE,Explicit location cue in extracted provenance,Abstract; experimental sections; Table 2/strain-dependent results,True
P012,10.1016/j.jallcom.2022.165108,P012_C05,Annealing_T_K,AVAILABLE_IN_TABLE,Explicit location cue in extracted provenance,Abstract; experimental sections; Table 2/strain-dependent results,True
P012,10.1016/j.jallcom.2022.165108,P012_C05,Annealing_time_min,AVAILABLE_IN_TABLE,Explicit location cue in extracted provenance,Abstract; experimental sections; Table 2/strain-dependent results,True
P012,10.1016/j.jallcom.2022.165108,P012_C06,Grain_size_um,AVAILABLE_IN_TABLE,Explicit location cue in extracted provenance,Abstract; experimental sections; Table 2/strain-dependent results,True
P012,10.1016/j.jallcom.2022.165108,P012_C06,SFE_mJ_m2,AVAILABLE_IN_TABLE,Explicit location cue in extracted provenance,Abstract; experimental sections; Table 2/strain-dependent results,True
P012,10.1016/j.jallcom.2022.165108,P012_C06,DeltaG_FCC_HCP_J_mol,AVAILABLE_IN_TABLE,Explicit location cue in extracted provenance,Abstract; experimental sections; Table 2/strain-dependent results,True
P012,10.1016/j.jallcom.2022.165108,P012_C06,Initial_FCC_fraction,AVAILABLE_IN_TABLE,Explicit location cue in extracted provenance,Abstract; experimental sections; Table 2/strain-dependent results,True
P012,10.1016/j.jallcom.2022.165108,P012_C06,Initial_HCP_fraction,AVAILABLE_IN_TABLE,Explicit location cue in extracted provenance,Abstract; experimental sections; Table 2/strain-dependent results,True
P012,10.1016/j.jallcom.2022.165108,P012_C06,Homogenization_T_K,AVAILABLE_IN_TABLE,Explicit location cue in extracted provenance,Abstract; experimental sections; Table 2/strain-dependent results,True
P012,10.1016/j.jallcom.2022.165108,P012_C06,Homogenization_time_h,AVAILABLE_IN_TABLE,Explicit location cue in extracted provenance,Abstract; experimental sections; Table 2/strain-dependent results,True
P012,10.1016/j.jallcom.2022.165108,P012_C06,Hot_rolling_T_K,AVAILABLE_IN_TABLE,Explicit location cue in extracted provenance,Abstract; experimental sections; Table 2/strain-dependent results,True
P012,10.1016/j.jallcom.2022.165108,P012_C06,Hot_rolling_reduction_pct,AVAILABLE_IN_TABLE,Explicit location cue in extracted provenance,Abstract; experimental sections; Table 2/strain-dependent results,True
P012,10.1016/j.jallcom.2022.165108,P012_C06,Cold_rolling_reduction_pct,AVAILABLE_IN_TABLE,Explicit location cue in extracted provenance,Abstract; experimental sections; Table 2/strain-dependent results,True
P012,10.1016/j.jallcom.2022.165108,P012_C06,Annealing_T_K,AVAILABLE_IN_TABLE,Explicit location cue in extracted provenance,Abstract; experimental sections; Table 2/strain-dependent results,True
P012,10.1016/j.jallcom.2022.165108,P012_C06,Annealing_time_min,AVAILABLE_IN_TABLE,Explicit location cue in extracted provenance,Abstract; experimental sections; Table 2/strain-dependent results,True
P013,10.1016/j.ijplas.2024.104048,P013_C01,Grain_size_um,UNKNOWN,Cannot distinguish not reported from not extracted without paper review,Abstract; Materials and methods; four-stage SXRD results,True
P013,10.1016/j.ijplas.2024.104048,P013_C01,SFE_mJ_m2,UNKNOWN,Cannot distinguish not reported from not extracted without paper review,Abstract; Materials and methods; four-stage SXRD results,True
P013,10.1016/j.ijplas.2024.104048,P013_C01,DeltaG_FCC_HCP_J_mol,UNKNOWN,Cannot distinguish not reported from not extracted without paper review,Abstract; Materials and methods; four-stage SXRD results,True
P013,10.1016/j.ijplas.2024.104048,P013_C01,Initial_FCC_fraction,UNKNOWN,Cannot distinguish not reported from not extracted without paper review,Abstract; Materials and methods; four-stage SXRD results,True
P013,10.1016/j.ijplas.2024.104048,P013_C01,Initial_HCP_fraction,UNKNOWN,Cannot distinguish not reported from not extracted without paper review,Abstract; Materials and methods; four-stage SXRD results,True
P013,10.1016/j.ijplas.2024.104048,P013_C01,Homogenization_T_K,UNKNOWN,Cannot distinguish not reported from not extracted without paper review,Abstract; Materials and methods; four-stage SXRD results,True
P013,10.1016/j.ijplas.2024.104048,P013_C01,Homogenization_time_h,UNKNOWN,Cannot distinguish not reported from not extracted without paper review,Abstract; Materials and methods; four-stage SXRD results,True
P013,10.1016/j.ijplas.2024.104048,P013_C01,Hot_rolling_T_K,UNKNOWN,Cannot distinguish not reported from not extracted without paper review,Abstract; Materials and methods; four-stage SXRD results,True
P013,10.1016/j.ijplas.2024.104048,P013_C01,Hot_rolling_reduction_pct,UNKNOWN,Cannot distinguish not reported from not extracted without paper review,Abstract; Materials and methods; four-stage SXRD results,True
P013,10.1016/j.ijplas.2024.104048,P013_C01,Cold_rolling_reduction_pct,UNKNOWN,Cannot distinguish not reported from not extracted without paper review,Abstract; Materials and methods; four-stage SXRD results,True
P013,10.1016/j.ijplas.2024.104048,P013_C01,Annealing_T_K,UNKNOWN,Cannot distinguish not reported from not extracted without paper review,Abstract; Materials and methods; four-stage SXRD results,True
P013,10.1016/j.ijplas.2024.104048,P013_C01,Annealing_time_min,UNKNOWN,Cannot distinguish not reported from not extracted without paper review,Abstract; Materials and methods; four-stage SXRD results,True
P013,10.1016/j.ijplas.2024.104048,P013_C02,Grain_size_um,AVAILABLE_IN_FIGURE,Explicit location cue in extracted provenance,Abstract; Materials and methods; four-stage SXRD results,True
P013,10.1016/j.ijplas.2024.104048,P013_C02,SFE_mJ_m2,AVAILABLE_IN_FIGURE,Explicit location cue in extracted provenance,Abstract; Materials and methods; four-stage SXRD results,True
P013,10.1016/j.ijplas.2024.104048,P013_C02,DeltaG_FCC_HCP_J_mol,AVAILABLE_IN_FIGURE,Explicit location cue in extracted provenance,Abstract; Materials and methods; four-stage SXRD results,True
P013,10.1016/j.ijplas.2024.104048,P013_C02,Initial_FCC_fraction,AVAILABLE_IN_FIGURE,Explicit location cue in extracted provenance,Abstract; Materials and methods; four-stage SXRD results,True
P013,10.1016/j.ijplas.2024.104048,P013_C02,Initial_HCP_fraction,AVAILABLE_IN_FIGURE,Explicit location cue in extracted provenance,Abstract; Materials and methods; four-stage SXRD results,True
P013,10.1016/j.ijplas.2024.104048,P013_C02,Homogenization_T_K,AVAILABLE_IN_FIGURE,Explicit location cue in extracted provenance,Abstract; Materials and methods; four-stage SXRD results,True
P013,10.1016/j.ijplas.2024.104048,P013_C02,Homogenization_time_h,AVAILABLE_IN_FIGURE,Explicit location cue in extracted provenance,Abstract; Materials and methods; four-stage SXRD results,True
P013,10.1016/j.ijplas.2024.104048,P013_C02,Hot_rolling_T_K,AVAILABLE_IN_FIGURE,Explicit location cue in extracted provenance,Abstract; Materials and methods; four-stage SXRD results,True
P013,10.1016/j.ijplas.2024.104048,P013_C02,Hot_rolling_reduction_pct,AVAILABLE_IN_FIGURE,Explicit location cue in extracted provenance,Abstract; Materials and methods; four-stage SXRD results,True
P013,10.1016/j.ijplas.2024.104048,P013_C02,Cold_rolling_reduction_pct,AVAILABLE_IN_FIGURE,Explicit location cue in extracted provenance,Abstract; Materials and methods; four-stage SXRD results,True
P013,10.1016/j.ijplas.2024.104048,P013_C02,Annealing_T_K,AVAILABLE_IN_FIGURE,Explicit location cue in extracted provenance,Abstract; Materials and methods; four-stage SXRD results,True
P013,10.1016/j.ijplas.2024.104048,P013_C02,Annealing_time_min,AVAILABLE_IN_FIGURE,Explicit location cue in extracted provenance,Abstract; Materials and methods; four-stage SXRD results,True
P013,10.1016/j.ijplas.2024.104048,P013_C03,Grain_size_um,AVAILABLE_IN_FIGURE,Explicit location cue in extracted provenance,Abstract; Materials and methods; four-stage SXRD results,True
P013,10.1016/j.ijplas.2024.104048,P013_C03,SFE_mJ_m2,AVAILABLE_IN_FIGURE,Explicit location cue in extracted provenance,Abstract; Materials and methods; four-stage SXRD results,True
P013,10.1016/j.ijplas.2024.104048,P013_C03,DeltaG_FCC_HCP_J_mol,AVAILABLE_IN_FIGURE,Explicit location cue in extracted provenance,Abstract; Materials and methods; four-stage SXRD results,True
P013,10.1016/j.ijplas.2024.104048,P013_C03,Initial_FCC_fraction,AVAILABLE_IN_FIGURE,Explicit location cue in extracted provenance,Abstract; Materials and methods; four-stage SXRD results,True
P013,10.1016/j.ijplas.2024.104048,P013_C03,Initial_HCP_fraction,AVAILABLE_IN_FIGURE,Explicit location cue in extracted provenance,Abstract; Materials and methods; four-stage SXRD results,True
P013,10.1016/j.ijplas.2024.104048,P013_C03,Homogenization_T_K,AVAILABLE_IN_FIGURE,Explicit location cue in extracted provenance,Abstract; Materials and methods; four-stage SXRD results,True
P013,10.1016/j.ijplas.2024.104048,P013_C03,Homogenization_time_h,AVAILABLE_IN_FIGURE,Explicit location cue in extracted provenance,Abstract; Materials and methods; four-stage SXRD results,True
P013,10.1016/j.ijplas.2024.104048,P013_C03,Hot_rolling_T_K,AVAILABLE_IN_FIGURE,Explicit location cue in extracted provenance,Abstract; Materials and methods; four-stage SXRD results,True
P013,10.1016/j.ijplas.2024.104048,P013_C03,Hot_rolling_reduction_pct,AVAILABLE_IN_FIGURE,Explicit location cue in extracted provenance,Abstract; Materials and methods; four-stage SXRD results,True
P013,10.1016/j.ijplas.2024.104048,P013_C03,Cold_rolling_reduction_pct,AVAILABLE_IN_FIGURE,Explicit location cue in extracted provenance,Abstract; Materials and methods; four-stage SXRD results,True
P013,10.1016/j.ijplas.2024.104048,P013_C03,Annealing_T_K,AVAILABLE_IN_FIGURE,Explicit location cue in extracted provenance,Abstract; Materials and methods; four-stage SXRD results,True
P013,10.1016/j.ijplas.2024.104048,P013_C03,Annealing_time_min,AVAILABLE_IN_FIGURE,Explicit location cue in extracted provenance,Abstract; Materials and methods; four-stage SXRD results,True
P013,10.1016/j.ijplas.2024.104048,P013_C04,Grain_size_um,AVAILABLE_IN_FIGURE,Explicit location cue in extracted provenance,Abstract; Materials and methods; four-stage SXRD results,True
P013,10.1016/j.ijplas.2024.104048,P013_C04,SFE_mJ_m2,AVAILABLE_IN_FIGURE,Explicit location cue in extracted provenance,Abstract; Materials and methods; four-stage SXRD results,True
P013,10.1016/j.ijplas.2024.104048,P013_C04,DeltaG_FCC_HCP_J_mol,AVAILABLE_IN_FIGURE,Explicit location cue in extracted provenance,Abstract; Materials and methods; four-stage SXRD results,True
P013,10.1016/j.ijplas.2024.104048,P013_C04,Initial_FCC_fraction,AVAILABLE_IN_FIGURE,Explicit location cue in extracted provenance,Abstract; Materials and methods; four-stage SXRD results,True
P013,10.1016/j.ijplas.2024.104048,P013_C04,Initial_HCP_fraction,AVAILABLE_IN_FIGURE,Explicit location cue in extracted provenance,Abstract; Materials and methods; four-stage SXRD results,True
P013,10.1016/j.ijplas.2024.104048,P013_C04,Homogenization_T_K,AVAILABLE_IN_FIGURE,Explicit location cue in extracted provenance,Abstract; Materials and methods; four-stage SXRD results,True
P013,10.1016/j.ijplas.2024.104048,P013_C04,Homogenization_time_h,AVAILABLE_IN_FIGURE,Explicit location cue in extracted provenance,Abstract; Materials and methods; four-stage SXRD results,True
P013,10.1016/j.ijplas.2024.104048,P013_C04,Hot_rolling_T_K,AVAILABLE_IN_FIGURE,Explicit location cue in extracted provenance,Abstract; Materials and methods; four-stage SXRD results,True
P013,10.1016/j.ijplas.2024.104048,P013_C04,Hot_rolling_reduction_pct,AVAILABLE_IN_FIGURE,Explicit location cue in extracted provenance,Abstract; Materials and methods; four-stage SXRD results,True
P013,10.1016/j.ijplas.2024.104048,P013_C04,Cold_rolling_reduction_pct,AVAILABLE_IN_FIGURE,Explicit location cue in extracted provenance,Abstract; Materials and methods; four-stage SXRD results,True
P013,10.1016/j.ijplas.2024.104048,P013_C04,Annealing_T_K,AVAILABLE_IN_FIGURE,Explicit location cue in extracted provenance,Abstract; Materials and methods; four-stage SXRD results,True
P013,10.1016/j.ijplas.2024.104048,P013_C04,Annealing_time_min,AVAILABLE_IN_FIGURE,Explicit location cue in extracted provenance,Abstract; Materials and methods; four-stage SXRD results,True
P013,10.1016/j.ijplas.2024.104048,P013_C05,Grain_size_um,AVAILABLE_IN_FIGURE,Explicit location cue in extracted provenance,Abstract; Materials and methods; four-stage SXRD results,True
P013,10.1016/j.ijplas.2024.104048,P013_C05,SFE_mJ_m2,AVAILABLE_IN_FIGURE,Explicit location cue in extracted provenance,Abstract; Materials and methods; four-stage SXRD results,True
P013,10.1016/j.ijplas.2024.104048,P013_C05,DeltaG_FCC_HCP_J_mol,AVAILABLE_IN_FIGURE,Explicit location cue in extracted provenance,Abstract; Materials and methods; four-stage SXRD results,True
P013,10.1016/j.ijplas.2024.104048,P013_C05,Initial_FCC_fraction,AVAILABLE_IN_FIGURE,Explicit location cue in extracted provenance,Abstract; Materials and methods; four-stage SXRD results,True
P013,10.1016/j.ijplas.2024.104048,P013_C05,Initial_HCP_fraction,AVAILABLE_IN_FIGURE,Explicit location cue in extracted provenance,Abstract; Materials and methods; four-stage SXRD results,True
P013,10.1016/j.ijplas.2024.104048,P013_C05,Homogenization_T_K,AVAILABLE_IN_FIGURE,Explicit location cue in extracted provenance,Abstract; Materials and methods; four-stage SXRD results,True
P013,10.1016/j.ijplas.2024.104048,P013_C05,Homogenization_time_h,AVAILABLE_IN_FIGURE,Explicit location cue in extracted provenance,Abstract; Materials and methods; four-stage SXRD results,True
P013,10.1016/j.ijplas.2024.104048,P013_C05,Hot_rolling_T_K,AVAILABLE_IN_FIGURE,Explicit location cue in extracted provenance,Abstract; Materials and methods; four-stage SXRD results,True
P013,10.1016/j.ijplas.2024.104048,P013_C05,Hot_rolling_reduction_pct,AVAILABLE_IN_FIGURE,Explicit location cue in extracted provenance,Abstract; Materials and methods; four-stage SXRD results,True
P013,10.1016/j.ijplas.2024.104048,P013_C05,Cold_rolling_reduction_pct,AVAILABLE_IN_FIGURE,Explicit location cue in extracted provenance,Abstract; Materials and methods; four-stage SXRD results,True
P013,10.1016/j.ijplas.2024.104048,P013_C05,Annealing_T_K,AVAILABLE_IN_FIGURE,Explicit location cue in extracted provenance,Abstract; Materials and methods; four-stage SXRD results,True
P013,10.1016/j.ijplas.2024.104048,P013_C05,Annealing_time_min,AVAILABLE_IN_FIGURE,Explicit location cue in extracted provenance,Abstract; Materials and methods; four-stage SXRD results,True
P014,10.3390/ma17235893,P014_C01,Grain_size_um,UNKNOWN,Cannot distinguish not reported from not extracted without paper review,Processing; microstructure; tensile and strengthening/deformation-mechanism sections,True
P014,10.3390/ma17235893,P014_C01,SFE_mJ_m2,UNKNOWN,Cannot distinguish not reported from not extracted without paper review,Processing; microstructure; tensile and strengthening/deformation-mechanism sections,True
P014,10.3390/ma17235893,P014_C01,DeltaG_FCC_HCP_J_mol,UNKNOWN,Cannot distinguish not reported from not extracted without paper review,Processing; microstructure; tensile and strengthening/deformation-mechanism sections,True
P014,10.3390/ma17235893,P014_C01,Initial_FCC_fraction,UNKNOWN,Cannot distinguish not reported from not extracted without paper review,Processing; microstructure; tensile and strengthening/deformation-mechanism sections,True
P014,10.3390/ma17235893,P014_C01,Initial_HCP_fraction,UNKNOWN,Cannot distinguish not reported from not extracted without paper review,Processing; microstructure; tensile and strengthening/deformation-mechanism sections,True
P014,10.3390/ma17235893,P014_C01,Strain_rate_s-1,UNKNOWN,Cannot distinguish not reported from not extracted without paper review,Processing; microstructure; tensile and strengthening/deformation-mechanism sections,True
P014,10.3390/ma17235893,P014_C01,Homogenization_T_K,UNKNOWN,Cannot distinguish not reported from not extracted without paper review,Processing; microstructure; tensile and strengthening/deformation-mechanism sections,True
P014,10.3390/ma17235893,P014_C01,Homogenization_time_h,UNKNOWN,Cannot distinguish not reported from not extracted without paper review,Processing; microstructure; tensile and strengthening/deformation-mechanism sections,True
P014,10.3390/ma17235893,P014_C01,Hot_rolling_T_K,UNKNOWN,Cannot distinguish not reported from not extracted without paper review,Processing; microstructure; tensile and strengthening/deformation-mechanism sections,True
P014,10.3390/ma17235893,P014_C01,Hot_rolling_reduction_pct,UNKNOWN,Cannot distinguish not reported from not extracted without paper review,Processing; microstructure; tensile and strengthening/deformation-mechanism sections,True
P014,10.3390/ma17235893,P014_C01,Cold_rolling_reduction_pct,UNKNOWN,Cannot distinguish not reported from not extracted without paper review,Processing; microstructure; tensile and strengthening/deformation-mechanism sections,True
P014,10.3390/ma17235893,P014_C01,Annealing_T_K,UNKNOWN,Cannot distinguish not reported from not extracted without paper review,Processing; microstructure; tensile and strengthening/deformation-mechanism sections,True
P014,10.3390/ma17235893,P014_C01,Annealing_time_min,UNKNOWN,Cannot distinguish not reported from not extracted without paper review,Processing; microstructure; tensile and strengthening/deformation-mechanism sections,True
P014,10.3390/ma17235893,P014_C02,Grain_size_um,UNKNOWN,Cannot distinguish not reported from not extracted without paper review,Processing; microstructure; tensile and strengthening/deformation-mechanism sections,True
P014,10.3390/ma17235893,P014_C02,SFE_mJ_m2,UNKNOWN,Cannot distinguish not reported from not extracted without paper review,Processing; microstructure; tensile and strengthening/deformation-mechanism sections,True
P014,10.3390/ma17235893,P014_C02,DeltaG_FCC_HCP_J_mol,UNKNOWN,Cannot distinguish not reported from not extracted without paper review,Processing; microstructure; tensile and strengthening/deformation-mechanism sections,True
P014,10.3390/ma17235893,P014_C02,Initial_FCC_fraction,UNKNOWN,Cannot distinguish not reported from not extracted without paper review,Processing; microstructure; tensile and strengthening/deformation-mechanism sections,True
P014,10.3390/ma17235893,P014_C02,Initial_HCP_fraction,UNKNOWN,Cannot distinguish not reported from not extracted without paper review,Processing; microstructure; tensile and strengthening/deformation-mechanism sections,True
P014,10.3390/ma17235893,P014_C02,Strain_rate_s-1,UNKNOWN,Cannot distinguish not reported from not extracted without paper review,Processing; microstructure; tensile and strengthening/deformation-mechanism sections,True
P014,10.3390/ma17235893,P014_C02,Homogenization_T_K,UNKNOWN,Cannot distinguish not reported from not extracted without paper review,Processing; microstructure; tensile and strengthening/deformation-mechanism sections,True
P014,10.3390/ma17235893,P014_C02,Homogenization_time_h,UNKNOWN,Cannot distinguish not reported from not extracted without paper review,Processing; microstructure; tensile and strengthening/deformation-mechanism sections,True
P014,10.3390/ma17235893,P014_C02,Hot_rolling_T_K,UNKNOWN,Cannot distinguish not reported from not extracted without paper review,Processing; microstructure; tensile and strengthening/deformation-mechanism sections,True
P014,10.3390/ma17235893,P014_C02,Hot_rolling_reduction_pct,UNKNOWN,Cannot distinguish not reported from not extracted without paper review,Processing; microstructure; tensile and strengthening/deformation-mechanism sections,True
P014,10.3390/ma17235893,P014_C02,Cold_rolling_reduction_pct,UNKNOWN,Cannot distinguish not reported from not extracted without paper review,Processing; microstructure; tensile and strengthening/deformation-mechanism sections,True
P014,10.3390/ma17235893,P014_C02,Annealing_T_K,UNKNOWN,Cannot distinguish not reported from not extracted without paper review,Processing; microstructure; tensile and strengthening/deformation-mechanism sections,True
P014,10.3390/ma17235893,P014_C02,Annealing_time_min,UNKNOWN,Cannot distinguish not reported from not extracted without paper review,Processing; microstructure; tensile and strengthening/deformation-mechanism sections,True
P014,10.3390/ma17235893,P014_C03,Grain_size_um,UNKNOWN,Cannot distinguish not reported from not extracted without paper review,Processing; microstructure; tensile and strengthening/deformation-mechanism sections,True
P014,10.3390/ma17235893,P014_C03,SFE_mJ_m2,UNKNOWN,Cannot distinguish not reported from not extracted without paper review,Processing; microstructure; tensile and strengthening/deformation-mechanism sections,True
P014,10.3390/ma17235893,P014_C03,DeltaG_FCC_HCP_J_mol,UNKNOWN,Cannot distinguish not reported from not extracted without paper review,Processing; microstructure; tensile and strengthening/deformation-mechanism sections,True
P014,10.3390/ma17235893,P014_C03,Initial_FCC_fraction,UNKNOWN,Cannot distinguish not reported from not extracted without paper review,Processing; microstructure; tensile and strengthening/deformation-mechanism sections,True
P014,10.3390/ma17235893,P014_C03,Initial_HCP_fraction,UNKNOWN,Cannot distinguish not reported from not extracted without paper review,Processing; microstructure; tensile and strengthening/deformation-mechanism sections,True
P014,10.3390/ma17235893,P014_C03,Homogenization_T_K,UNKNOWN,Cannot distinguish not reported from not extracted without paper review,Processing; microstructure; tensile and strengthening/deformation-mechanism sections,True
P014,10.3390/ma17235893,P014_C03,Homogenization_time_h,UNKNOWN,Cannot distinguish not reported from not extracted without paper review,Processing; microstructure; tensile and strengthening/deformation-mechanism sections,True
P014,10.3390/ma17235893,P014_C03,Hot_rolling_T_K,UNKNOWN,Cannot distinguish not reported from not extracted without paper review,Processing; microstructure; tensile and strengthening/deformation-mechanism sections,True
P014,10.3390/ma17235893,P014_C03,Hot_rolling_reduction_pct,UNKNOWN,Cannot distinguish not reported from not extracted without paper review,Processing; microstructure; tensile and strengthening/deformation-mechanism sections,True
P014,10.3390/ma17235893,P014_C03,Cold_rolling_reduction_pct,UNKNOWN,Cannot distinguish not reported from not extracted without paper review,Processing; microstructure; tensile and strengthening/deformation-mechanism sections,True
P014,10.3390/ma17235893,P014_C04,Grain_size_um,UNKNOWN,Cannot distinguish not reported from not extracted without paper review,Processing; microstructure; tensile and strengthening/deformation-mechanism sections,True
P014,10.3390/ma17235893,P014_C04,SFE_mJ_m2,UNKNOWN,Cannot distinguish not reported from not extracted without paper review,Processing; microstructure; tensile and strengthening/deformation-mechanism sections,True
P014,10.3390/ma17235893,P014_C04,DeltaG_FCC_HCP_J_mol,UNKNOWN,Cannot distinguish not reported from not extracted without paper review,Processing; microstructure; tensile and strengthening/deformation-mechanism sections,True
P014,10.3390/ma17235893,P014_C04,Initial_FCC_fraction,UNKNOWN,Cannot distinguish not reported from not extracted without paper review,Processing; microstructure; tensile and strengthening/deformation-mechanism sections,True
P014,10.3390/ma17235893,P014_C04,Initial_HCP_fraction,UNKNOWN,Cannot distinguish not reported from not extracted without paper review,Processing; microstructure; tensile and strengthening/deformation-mechanism sections,True
P014,10.3390/ma17235893,P014_C04,Homogenization_T_K,UNKNOWN,Cannot distinguish not reported from not extracted without paper review,Processing; microstructure; tensile and strengthening/deformation-mechanism sections,True
P014,10.3390/ma17235893,P014_C04,Homogenization_time_h,UNKNOWN,Cannot distinguish not reported from not extracted without paper review,Processing; microstructure; tensile and strengthening/deformation-mechanism sections,True
P014,10.3390/ma17235893,P014_C04,Hot_rolling_T_K,UNKNOWN,Cannot distinguish not reported from not extracted without paper review,Processing; microstructure; tensile and strengthening/deformation-mechanism sections,True
P014,10.3390/ma17235893,P014_C04,Hot_rolling_reduction_pct,UNKNOWN,Cannot distinguish not reported from not extracted without paper review,Processing; microstructure; tensile and strengthening/deformation-mechanism sections,True
P014,10.3390/ma17235893,P014_C04,Cold_rolling_reduction_pct,UNKNOWN,Cannot distinguish not reported from not extracted without paper review,Processing; microstructure; tensile and strengthening/deformation-mechanism sections,True
P014,10.3390/ma17235893,P014_C05,Grain_size_um,UNKNOWN,Cannot distinguish not reported from not extracted without paper review,Processing; microstructure; tensile and strengthening/deformation-mechanism sections,True
P014,10.3390/ma17235893,P014_C05,SFE_mJ_m2,UNKNOWN,Cannot distinguish not reported from not extracted without paper review,Processing; microstructure; tensile and strengthening/deformation-mechanism sections,True
P014,10.3390/ma17235893,P014_C05,DeltaG_FCC_HCP_J_mol,UNKNOWN,Cannot distinguish not reported from not extracted without paper review,Processing; microstructure; tensile and strengthening/deformation-mechanism sections,True
P014,10.3390/ma17235893,P014_C05,Initial_FCC_fraction,UNKNOWN,Cannot distinguish not reported from not extracted without paper review,Processing; microstructure; tensile and strengthening/deformation-mechanism sections,True
P014,10.3390/ma17235893,P014_C05,Initial_HCP_fraction,UNKNOWN,Cannot distinguish not reported from not extracted without paper review,Processing; microstructure; tensile and strengthening/deformation-mechanism sections,True
P014,10.3390/ma17235893,P014_C05,Homogenization_T_K,UNKNOWN,Cannot distinguish not reported from not extracted without paper review,Processing; microstructure; tensile and strengthening/deformation-mechanism sections,True
P014,10.3390/ma17235893,P014_C05,Homogenization_time_h,UNKNOWN,Cannot distinguish not reported from not extracted without paper review,Processing; microstructure; tensile and strengthening/deformation-mechanism sections,True
P014,10.3390/ma17235893,P014_C05,Hot_rolling_T_K,UNKNOWN,Cannot distinguish not reported from not extracted without paper review,Processing; microstructure; tensile and strengthening/deformation-mechanism sections,True
P014,10.3390/ma17235893,P014_C05,Hot_rolling_reduction_pct,UNKNOWN,Cannot distinguish not reported from not extracted without paper review,Processing; microstructure; tensile and strengthening/deformation-mechanism sections,True
P014,10.3390/ma17235893,P014_C05,Cold_rolling_reduction_pct,UNKNOWN,Cannot distinguish not reported from not extracted without paper review,Processing; microstructure; tensile and strengthening/deformation-mechanism sections,True
P015,10.1016/j.jallcom.2026.188919,P015_C01,Grain_size_um,UNKNOWN,Cannot distinguish not reported from not extracted without paper review,Abstract; Sections 2.1-2.4; mechanism model; conclusions,True
P015,10.1016/j.jallcom.2026.188919,P015_C01,DeltaG_FCC_HCP_J_mol,UNKNOWN,Cannot distinguish not reported from not extracted without paper review,Abstract; Sections 2.1-2.4; mechanism model; conclusions,True
P015,10.1016/j.jallcom.2026.188919,P015_C01,Initial_HCP_fraction,UNKNOWN,Cannot distinguish not reported from not extracted without paper review,Abstract; Sections 2.1-2.4; mechanism model; conclusions,True
P015,10.1016/j.jallcom.2026.188919,P015_C01,Hot_rolling_T_K,UNKNOWN,Cannot distinguish not reported from not extracted without paper review,Abstract; Sections 2.1-2.4; mechanism model; conclusions,True
P015,10.1016/j.jallcom.2026.188919,P015_C01,Hot_rolling_reduction_pct,UNKNOWN,Cannot distinguish not reported from not extracted without paper review,Abstract; Sections 2.1-2.4; mechanism model; conclusions,True
P015,10.1016/j.jallcom.2026.188919,P015_C01,Cold_rolling_reduction_pct,UNKNOWN,Cannot distinguish not reported from not extracted without paper review,Abstract; Sections 2.1-2.4; mechanism model; conclusions,True
P015,10.1016/j.jallcom.2026.188919,P015_C01,Annealing_T_K,UNKNOWN,Cannot distinguish not reported from not extracted without paper review,Abstract; Sections 2.1-2.4; mechanism model; conclusions,True
P015,10.1016/j.jallcom.2026.188919,P015_C01,Annealing_time_min,UNKNOWN,Cannot distinguish not reported from not extracted without paper review,Abstract; Sections 2.1-2.4; mechanism model; conclusions,True
P015,10.1016/j.jallcom.2026.188919,P015_C02,Grain_size_um,UNKNOWN,Cannot distinguish not reported from not extracted without paper review,Abstract; Sections 2.1-2.4; mechanism model; conclusions,True
P015,10.1016/j.jallcom.2026.188919,P015_C02,DeltaG_FCC_HCP_J_mol,UNKNOWN,Cannot distinguish not reported from not extracted without paper review,Abstract; Sections 2.1-2.4; mechanism model; conclusions,True
P015,10.1016/j.jallcom.2026.188919,P015_C02,Initial_HCP_fraction,UNKNOWN,Cannot distinguish not reported from not extracted without paper review,Abstract; Sections 2.1-2.4; mechanism model; conclusions,True
P015,10.1016/j.jallcom.2026.188919,P015_C02,Hot_rolling_T_K,UNKNOWN,Cannot distinguish not reported from not extracted without paper review,Abstract; Sections 2.1-2.4; mechanism model; conclusions,True
P015,10.1016/j.jallcom.2026.188919,P015_C02,Hot_rolling_reduction_pct,UNKNOWN,Cannot distinguish not reported from not extracted without paper review,Abstract; Sections 2.1-2.4; mechanism model; conclusions,True
P015,10.1016/j.jallcom.2026.188919,P015_C02,Cold_rolling_reduction_pct,UNKNOWN,Cannot distinguish not reported from not extracted without paper review,Abstract; Sections 2.1-2.4; mechanism model; conclusions,True
P015,10.1016/j.jallcom.2026.188919,P015_C02,Annealing_T_K,UNKNOWN,Cannot distinguish not reported from not extracted without paper review,Abstract; Sections 2.1-2.4; mechanism model; conclusions,True
P015,10.1016/j.jallcom.2026.188919,P015_C02,Annealing_time_min,UNKNOWN,Cannot distinguish not reported from not extracted without paper review,Abstract; Sections 2.1-2.4; mechanism model; conclusions,True
P016,10.1016/j.actamat.2018.10.017,P016_C01,Grain_size_um,UNKNOWN,Cannot distinguish not reported from not extracted without paper review,Acta Materialia 163 (2019) 40–54,True
P016,10.1016/j.actamat.2018.10.017,P016_C01,SFE_mJ_m2,UNKNOWN,Cannot distinguish not reported from not extracted without paper review,Acta Materialia 163 (2019) 40–54,True
P016,10.1016/j.actamat.2018.10.017,P016_C01,DeltaG_FCC_HCP_J_mol,UNKNOWN,Cannot distinguish not reported from not extracted without paper review,Acta Materialia 163 (2019) 40–54,True
P016,10.1016/j.actamat.2018.10.017,P016_C01,Initial_FCC_fraction,UNKNOWN,Cannot distinguish not reported from not extracted without paper review,Acta Materialia 163 (2019) 40–54,True
P016,10.1016/j.actamat.2018.10.017,P016_C01,Initial_HCP_fraction,UNKNOWN,Cannot distinguish not reported from not extracted without paper review,Acta Materialia 163 (2019) 40–54,True
P016,10.1016/j.actamat.2018.10.017,P016_C01,Hot_rolling_T_K,UNKNOWN,Cannot distinguish not reported from not extracted without paper review,Acta Materialia 163 (2019) 40–54,True
P016,10.1016/j.actamat.2018.10.017,P016_C01,Hot_rolling_reduction_pct,UNKNOWN,Cannot distinguish not reported from not extracted without paper review,Acta Materialia 163 (2019) 40–54,True
P016,10.1016/j.actamat.2018.10.017,P016_C02,Grain_size_um,UNKNOWN,Cannot distinguish not reported from not extracted without paper review,Acta Materialia 163 (2019) 40–54,True
P016,10.1016/j.actamat.2018.10.017,P016_C02,SFE_mJ_m2,UNKNOWN,Cannot distinguish not reported from not extracted without paper review,Acta Materialia 163 (2019) 40–54,True
P016,10.1016/j.actamat.2018.10.017,P016_C02,DeltaG_FCC_HCP_J_mol,UNKNOWN,Cannot distinguish not reported from not extracted without paper review,Acta Materialia 163 (2019) 40–54,True
P016,10.1016/j.actamat.2018.10.017,P016_C02,Initial_FCC_fraction,UNKNOWN,Cannot distinguish not reported from not extracted without paper review,Acta Materialia 163 (2019) 40–54,True
P016,10.1016/j.actamat.2018.10.017,P016_C02,Initial_HCP_fraction,UNKNOWN,Cannot distinguish not reported from not extracted without paper review,Acta Materialia 163 (2019) 40–54,True
P016,10.1016/j.actamat.2018.10.017,P016_C02,Hot_rolling_T_K,UNKNOWN,Cannot distinguish not reported from not extracted without paper review,Acta Materialia 163 (2019) 40–54,True
P016,10.1016/j.actamat.2018.10.017,P016_C02,Hot_rolling_reduction_pct,UNKNOWN,Cannot distinguish not reported from not extracted without paper review,Acta Materialia 163 (2019) 40–54,True
P016,10.1016/j.actamat.2018.10.017,P016_C03,Grain_size_um,UNKNOWN,Cannot distinguish not reported from not extracted without paper review,Acta Materialia 163 (2019) 40–54,True
P016,10.1016/j.actamat.2018.10.017,P016_C03,SFE_mJ_m2,UNKNOWN,Cannot distinguish not reported from not extracted without paper review,Acta Materialia 163 (2019) 40–54,True
P016,10.1016/j.actamat.2018.10.017,P016_C03,DeltaG_FCC_HCP_J_mol,UNKNOWN,Cannot distinguish not reported from not extracted without paper review,Acta Materialia 163 (2019) 40–54,True
P016,10.1016/j.actamat.2018.10.017,P016_C03,Initial_FCC_fraction,UNKNOWN,Cannot distinguish not reported from not extracted without paper review,Acta Materialia 163 (2019) 40–54,True
P016,10.1016/j.actamat.2018.10.017,P016_C03,Initial_HCP_fraction,UNKNOWN,Cannot distinguish not reported from not extracted without paper review,Acta Materialia 163 (2019) 40–54,True
P016,10.1016/j.actamat.2018.10.017,P016_C03,Hot_rolling_T_K,UNKNOWN,Cannot distinguish not reported from not extracted without paper review,Acta Materialia 163 (2019) 40–54,True
P016,10.1016/j.actamat.2018.10.017,P016_C03,Hot_rolling_reduction_pct,UNKNOWN,Cannot distinguish not reported from not extracted without paper review,Acta Materialia 163 (2019) 40–54,True
P016,10.1016/j.actamat.2018.10.017,P016_C03,Annealing_time_min,UNKNOWN,Cannot distinguish not reported from not extracted without paper review,Acta Materialia 163 (2019) 40–54,True
P017,10.1016/j.ijplas.2019.102649,P017_C01,Grain_size_um,UNKNOWN,Cannot distinguish not reported from not extracted without paper review,International Journal of Plasticity 127 (2020) 102649,True
P017,10.1016/j.ijplas.2019.102649,P017_C01,SFE_mJ_m2,UNKNOWN,Cannot distinguish not reported from not extracted without paper review,International Journal of Plasticity 127 (2020) 102649,True
P017,10.1016/j.ijplas.2019.102649,P017_C01,DeltaG_FCC_HCP_J_mol,UNKNOWN,Cannot distinguish not reported from not extracted without paper review,International Journal of Plasticity 127 (2020) 102649,True
P017,10.1016/j.ijplas.2019.102649,P017_C01,Initial_FCC_fraction,UNKNOWN,Cannot distinguish not reported from not extracted without paper review,International Journal of Plasticity 127 (2020) 102649,True
P017,10.1016/j.ijplas.2019.102649,P017_C01,Initial_HCP_fraction,UNKNOWN,Cannot distinguish not reported from not extracted without paper review,International Journal of Plasticity 127 (2020) 102649,True
P017,10.1016/j.ijplas.2019.102649,P017_C01,Homogenization_T_K,UNKNOWN,Cannot distinguish not reported from not extracted without paper review,International Journal of Plasticity 127 (2020) 102649,True
P017,10.1016/j.ijplas.2019.102649,P017_C01,Homogenization_time_h,UNKNOWN,Cannot distinguish not reported from not extracted without paper review,International Journal of Plasticity 127 (2020) 102649,True
P017,10.1016/j.ijplas.2019.102649,P017_C01,Hot_rolling_T_K,UNKNOWN,Cannot distinguish not reported from not extracted without paper review,International Journal of Plasticity 127 (2020) 102649,True
P017,10.1016/j.ijplas.2019.102649,P017_C01,Hot_rolling_reduction_pct,UNKNOWN,Cannot distinguish not reported from not extracted without paper review,International Journal of Plasticity 127 (2020) 102649,True
P017,10.1016/j.ijplas.2019.102649,P017_C01,Cold_rolling_reduction_pct,UNKNOWN,Cannot distinguish not reported from not extracted without paper review,International Journal of Plasticity 127 (2020) 102649,True
P017,10.1016/j.ijplas.2019.102649,P017_C01,Annealing_T_K,UNKNOWN,Cannot distinguish not reported from not extracted without paper review,International Journal of Plasticity 127 (2020) 102649,True
P017,10.1016/j.ijplas.2019.102649,P017_C01,Annealing_time_min,UNKNOWN,Cannot distinguish not reported from not extracted without paper review,International Journal of Plasticity 127 (2020) 102649,True
P017,10.1016/j.ijplas.2019.102649,P017_C02,Grain_size_um,UNKNOWN,Cannot distinguish not reported from not extracted without paper review,International Journal of Plasticity 127 (2020) 102649,True
P017,10.1016/j.ijplas.2019.102649,P017_C02,SFE_mJ_m2,UNKNOWN,Cannot distinguish not reported from not extracted without paper review,International Journal of Plasticity 127 (2020) 102649,True
P017,10.1016/j.ijplas.2019.102649,P017_C02,DeltaG_FCC_HCP_J_mol,UNKNOWN,Cannot distinguish not reported from not extracted without paper review,International Journal of Plasticity 127 (2020) 102649,True
P017,10.1016/j.ijplas.2019.102649,P017_C02,Initial_FCC_fraction,UNKNOWN,Cannot distinguish not reported from not extracted without paper review,International Journal of Plasticity 127 (2020) 102649,True
P017,10.1016/j.ijplas.2019.102649,P017_C02,Initial_HCP_fraction,UNKNOWN,Cannot distinguish not reported from not extracted without paper review,International Journal of Plasticity 127 (2020) 102649,True
P017,10.1016/j.ijplas.2019.102649,P017_C02,Homogenization_T_K,UNKNOWN,Cannot distinguish not reported from not extracted without paper review,International Journal of Plasticity 127 (2020) 102649,True
P017,10.1016/j.ijplas.2019.102649,P017_C02,Homogenization_time_h,UNKNOWN,Cannot distinguish not reported from not extracted without paper review,International Journal of Plasticity 127 (2020) 102649,True
P017,10.1016/j.ijplas.2019.102649,P017_C02,Hot_rolling_T_K,UNKNOWN,Cannot distinguish not reported from not extracted without paper review,International Journal of Plasticity 127 (2020) 102649,True
P017,10.1016/j.ijplas.2019.102649,P017_C02,Hot_rolling_reduction_pct,UNKNOWN,Cannot distinguish not reported from not extracted without paper review,International Journal of Plasticity 127 (2020) 102649,True
P017,10.1016/j.ijplas.2019.102649,P017_C02,Cold_rolling_reduction_pct,UNKNOWN,Cannot distinguish not reported from not extracted without paper review,International Journal of Plasticity 127 (2020) 102649,True
P017,10.1016/j.ijplas.2019.102649,P017_C02,Annealing_T_K,UNKNOWN,Cannot distinguish not reported from not extracted without paper review,International Journal of Plasticity 127 (2020) 102649,True
P017,10.1016/j.ijplas.2019.102649,P017_C02,Annealing_time_min,UNKNOWN,Cannot distinguish not reported from not extracted without paper review,International Journal of Plasticity 127 (2020) 102649,True
P017,10.1016/j.ijplas.2019.102649,P017_C03,Grain_size_um,UNKNOWN,Cannot distinguish not reported from not extracted without paper review,International Journal of Plasticity 127 (2020) 102649,True
P017,10.1016/j.ijplas.2019.102649,P017_C03,SFE_mJ_m2,UNKNOWN,Cannot distinguish not reported from not extracted without paper review,International Journal of Plasticity 127 (2020) 102649,True
P017,10.1016/j.ijplas.2019.102649,P017_C03,DeltaG_FCC_HCP_J_mol,UNKNOWN,Cannot distinguish not reported from not extracted without paper review,International Journal of Plasticity 127 (2020) 102649,True
P017,10.1016/j.ijplas.2019.102649,P017_C03,Initial_FCC_fraction,UNKNOWN,Cannot distinguish not reported from not extracted without paper review,International Journal of Plasticity 127 (2020) 102649,True
P017,10.1016/j.ijplas.2019.102649,P017_C03,Initial_HCP_fraction,UNKNOWN,Cannot distinguish not reported from not extracted without paper review,International Journal of Plasticity 127 (2020) 102649,True
P017,10.1016/j.ijplas.2019.102649,P017_C03,Homogenization_T_K,UNKNOWN,Cannot distinguish not reported from not extracted without paper review,International Journal of Plasticity 127 (2020) 102649,True
P017,10.1016/j.ijplas.2019.102649,P017_C03,Homogenization_time_h,UNKNOWN,Cannot distinguish not reported from not extracted without paper review,International Journal of Plasticity 127 (2020) 102649,True
P017,10.1016/j.ijplas.2019.102649,P017_C03,Hot_rolling_T_K,UNKNOWN,Cannot distinguish not reported from not extracted without paper review,International Journal of Plasticity 127 (2020) 102649,True
P017,10.1016/j.ijplas.2019.102649,P017_C03,Hot_rolling_reduction_pct,UNKNOWN,Cannot distinguish not reported from not extracted without paper review,International Journal of Plasticity 127 (2020) 102649,True
P017,10.1016/j.ijplas.2019.102649,P017_C03,Cold_rolling_reduction_pct,UNKNOWN,Cannot distinguish not reported from not extracted without paper review,International Journal of Plasticity 127 (2020) 102649,True
P017,10.1016/j.ijplas.2019.102649,P017_C03,Annealing_T_K,UNKNOWN,Cannot distinguish not reported from not extracted without paper review,International Journal of Plasticity 127 (2020) 102649,True
P017,10.1016/j.ijplas.2019.102649,P017_C03,Annealing_time_min,UNKNOWN,Cannot distinguish not reported from not extracted without paper review,International Journal of Plasticity 127 (2020) 102649,True
P017,10.1016/j.ijplas.2019.102649,P017_C04,Grain_size_um,UNKNOWN,Cannot distinguish not reported from not extracted without paper review,International Journal of Plasticity 127 (2020) 102649,True
P017,10.1016/j.ijplas.2019.102649,P017_C04,SFE_mJ_m2,UNKNOWN,Cannot distinguish not reported from not extracted without paper review,International Journal of Plasticity 127 (2020) 102649,True
P017,10.1016/j.ijplas.2019.102649,P017_C04,DeltaG_FCC_HCP_J_mol,UNKNOWN,Cannot distinguish not reported from not extracted without paper review,International Journal of Plasticity 127 (2020) 102649,True
P017,10.1016/j.ijplas.2019.102649,P017_C04,Initial_FCC_fraction,UNKNOWN,Cannot distinguish not reported from not extracted without paper review,International Journal of Plasticity 127 (2020) 102649,True
P017,10.1016/j.ijplas.2019.102649,P017_C04,Initial_HCP_fraction,UNKNOWN,Cannot distinguish not reported from not extracted without paper review,International Journal of Plasticity 127 (2020) 102649,True
P017,10.1016/j.ijplas.2019.102649,P017_C04,Homogenization_T_K,UNKNOWN,Cannot distinguish not reported from not extracted without paper review,International Journal of Plasticity 127 (2020) 102649,True
P017,10.1016/j.ijplas.2019.102649,P017_C04,Homogenization_time_h,UNKNOWN,Cannot distinguish not reported from not extracted without paper review,International Journal of Plasticity 127 (2020) 102649,True
P017,10.1016/j.ijplas.2019.102649,P017_C04,Hot_rolling_T_K,UNKNOWN,Cannot distinguish not reported from not extracted without paper review,International Journal of Plasticity 127 (2020) 102649,True
P017,10.1016/j.ijplas.2019.102649,P017_C04,Hot_rolling_reduction_pct,UNKNOWN,Cannot distinguish not reported from not extracted without paper review,International Journal of Plasticity 127 (2020) 102649,True
P017,10.1016/j.ijplas.2019.102649,P017_C04,Cold_rolling_reduction_pct,UNKNOWN,Cannot distinguish not reported from not extracted without paper review,International Journal of Plasticity 127 (2020) 102649,True
P017,10.1016/j.ijplas.2019.102649,P017_C04,Annealing_T_K,UNKNOWN,Cannot distinguish not reported from not extracted without paper review,International Journal of Plasticity 127 (2020) 102649,True
P017,10.1016/j.ijplas.2019.102649,P017_C04,Annealing_time_min,UNKNOWN,Cannot distinguish not reported from not extracted without paper review,International Journal of Plasticity 127 (2020) 102649,True
P017,10.1016/j.ijplas.2019.102649,P017_C05,Grain_size_um,UNKNOWN,Cannot distinguish not reported from not extracted without paper review,International Journal of Plasticity 127 (2020) 102649,True
P017,10.1016/j.ijplas.2019.102649,P017_C05,SFE_mJ_m2,UNKNOWN,Cannot distinguish not reported from not extracted without paper review,International Journal of Plasticity 127 (2020) 102649,True
P017,10.1016/j.ijplas.2019.102649,P017_C05,DeltaG_FCC_HCP_J_mol,UNKNOWN,Cannot distinguish not reported from not extracted without paper review,International Journal of Plasticity 127 (2020) 102649,True
P017,10.1016/j.ijplas.2019.102649,P017_C05,Initial_FCC_fraction,UNKNOWN,Cannot distinguish not reported from not extracted without paper review,International Journal of Plasticity 127 (2020) 102649,True
P017,10.1016/j.ijplas.2019.102649,P017_C05,Initial_HCP_fraction,UNKNOWN,Cannot distinguish not reported from not extracted without paper review,International Journal of Plasticity 127 (2020) 102649,True
P017,10.1016/j.ijplas.2019.102649,P017_C05,Homogenization_T_K,UNKNOWN,Cannot distinguish not reported from not extracted without paper review,International Journal of Plasticity 127 (2020) 102649,True
P017,10.1016/j.ijplas.2019.102649,P017_C05,Homogenization_time_h,UNKNOWN,Cannot distinguish not reported from not extracted without paper review,International Journal of Plasticity 127 (2020) 102649,True
P017,10.1016/j.ijplas.2019.102649,P017_C05,Hot_rolling_T_K,UNKNOWN,Cannot distinguish not reported from not extracted without paper review,International Journal of Plasticity 127 (2020) 102649,True
P017,10.1016/j.ijplas.2019.102649,P017_C05,Hot_rolling_reduction_pct,UNKNOWN,Cannot distinguish not reported from not extracted without paper review,International Journal of Plasticity 127 (2020) 102649,True
P017,10.1016/j.ijplas.2019.102649,P017_C05,Cold_rolling_reduction_pct,UNKNOWN,Cannot distinguish not reported from not extracted without paper review,International Journal of Plasticity 127 (2020) 102649,True
P017,10.1016/j.ijplas.2019.102649,P017_C05,Annealing_T_K,UNKNOWN,Cannot distinguish not reported from not extracted without paper review,International Journal of Plasticity 127 (2020) 102649,True
P017,10.1016/j.ijplas.2019.102649,P017_C05,Annealing_time_min,UNKNOWN,Cannot distinguish not reported from not extracted without paper review,International Journal of Plasticity 127 (2020) 102649,True
P017,10.1016/j.ijplas.2019.102649,P017_C06,Grain_size_um,UNKNOWN,Cannot distinguish not reported from not extracted without paper review,International Journal of Plasticity 127 (2020) 102649,True
P017,10.1016/j.ijplas.2019.102649,P017_C06,SFE_mJ_m2,UNKNOWN,Cannot distinguish not reported from not extracted without paper review,International Journal of Plasticity 127 (2020) 102649,True
P017,10.1016/j.ijplas.2019.102649,P017_C06,DeltaG_FCC_HCP_J_mol,UNKNOWN,Cannot distinguish not reported from not extracted without paper review,International Journal of Plasticity 127 (2020) 102649,True
P017,10.1016/j.ijplas.2019.102649,P017_C06,Initial_FCC_fraction,UNKNOWN,Cannot distinguish not reported from not extracted without paper review,International Journal of Plasticity 127 (2020) 102649,True
P017,10.1016/j.ijplas.2019.102649,P017_C06,Initial_HCP_fraction,UNKNOWN,Cannot distinguish not reported from not extracted without paper review,International Journal of Plasticity 127 (2020) 102649,True
P017,10.1016/j.ijplas.2019.102649,P017_C06,Homogenization_T_K,UNKNOWN,Cannot distinguish not reported from not extracted without paper review,International Journal of Plasticity 127 (2020) 102649,True
P017,10.1016/j.ijplas.2019.102649,P017_C06,Homogenization_time_h,UNKNOWN,Cannot distinguish not reported from not extracted without paper review,International Journal of Plasticity 127 (2020) 102649,True
P017,10.1016/j.ijplas.2019.102649,P017_C06,Hot_rolling_T_K,UNKNOWN,Cannot distinguish not reported from not extracted without paper review,International Journal of Plasticity 127 (2020) 102649,True
P017,10.1016/j.ijplas.2019.102649,P017_C06,Hot_rolling_reduction_pct,UNKNOWN,Cannot distinguish not reported from not extracted without paper review,International Journal of Plasticity 127 (2020) 102649,True
P017,10.1016/j.ijplas.2019.102649,P017_C06,Cold_rolling_reduction_pct,UNKNOWN,Cannot distinguish not reported from not extracted without paper review,International Journal of Plasticity 127 (2020) 102649,True
P017,10.1016/j.ijplas.2019.102649,P017_C06,Annealing_T_K,UNKNOWN,Cannot distinguish not reported from not extracted without paper review,International Journal of Plasticity 127 (2020) 102649,True
P017,10.1016/j.ijplas.2019.102649,P017_C06,Annealing_time_min,UNKNOWN,Cannot distinguish not reported from not extracted without paper review,International Journal of Plasticity 127 (2020) 102649,True
P017,10.1016/j.ijplas.2019.102649,P017_C07,Grain_size_um,UNKNOWN,Cannot distinguish not reported from not extracted without paper review,International Journal of Plasticity 127 (2020) 102649,True
P017,10.1016/j.ijplas.2019.102649,P017_C07,SFE_mJ_m2,UNKNOWN,Cannot distinguish not reported from not extracted without paper review,International Journal of Plasticity 127 (2020) 102649,True
P017,10.1016/j.ijplas.2019.102649,P017_C07,DeltaG_FCC_HCP_J_mol,UNKNOWN,Cannot distinguish not reported from not extracted without paper review,International Journal of Plasticity 127 (2020) 102649,True
P017,10.1016/j.ijplas.2019.102649,P017_C07,Initial_FCC_fraction,UNKNOWN,Cannot distinguish not reported from not extracted without paper review,International Journal of Plasticity 127 (2020) 102649,True
P017,10.1016/j.ijplas.2019.102649,P017_C07,Initial_HCP_fraction,UNKNOWN,Cannot distinguish not reported from not extracted without paper review,International Journal of Plasticity 127 (2020) 102649,True
P017,10.1016/j.ijplas.2019.102649,P017_C07,Homogenization_T_K,UNKNOWN,Cannot distinguish not reported from not extracted without paper review,International Journal of Plasticity 127 (2020) 102649,True
P017,10.1016/j.ijplas.2019.102649,P017_C07,Homogenization_time_h,UNKNOWN,Cannot distinguish not reported from not extracted without paper review,International Journal of Plasticity 127 (2020) 102649,True
P017,10.1016/j.ijplas.2019.102649,P017_C07,Hot_rolling_T_K,UNKNOWN,Cannot distinguish not reported from not extracted without paper review,International Journal of Plasticity 127 (2020) 102649,True
P017,10.1016/j.ijplas.2019.102649,P017_C07,Hot_rolling_reduction_pct,UNKNOWN,Cannot distinguish not reported from not extracted without paper review,International Journal of Plasticity 127 (2020) 102649,True
P017,10.1016/j.ijplas.2019.102649,P017_C07,Cold_rolling_reduction_pct,UNKNOWN,Cannot distinguish not reported from not extracted without paper review,International Journal of Plasticity 127 (2020) 102649,True
P017,10.1016/j.ijplas.2019.102649,P017_C07,Annealing_T_K,UNKNOWN,Cannot distinguish not reported from not extracted without paper review,International Journal of Plasticity 127 (2020) 102649,True
P017,10.1016/j.ijplas.2019.102649,P017_C07,Annealing_time_min,UNKNOWN,Cannot distinguish not reported from not extracted without paper review,International Journal of Plasticity 127 (2020) 102649,True
P017,10.1016/j.ijplas.2019.102649,P017_C08,Grain_size_um,UNKNOWN,Cannot distinguish not reported from not extracted without paper review,International Journal of Plasticity 127 (2020) 102649,True
P017,10.1016/j.ijplas.2019.102649,P017_C08,SFE_mJ_m2,UNKNOWN,Cannot distinguish not reported from not extracted without paper review,International Journal of Plasticity 127 (2020) 102649,True
P017,10.1016/j.ijplas.2019.102649,P017_C08,DeltaG_FCC_HCP_J_mol,UNKNOWN,Cannot distinguish not reported from not extracted without paper review,International Journal of Plasticity 127 (2020) 102649,True
P017,10.1016/j.ijplas.2019.102649,P017_C08,Initial_FCC_fraction,UNKNOWN,Cannot distinguish not reported from not extracted without paper review,International Journal of Plasticity 127 (2020) 102649,True
P017,10.1016/j.ijplas.2019.102649,P017_C08,Initial_HCP_fraction,UNKNOWN,Cannot distinguish not reported from not extracted without paper review,International Journal of Plasticity 127 (2020) 102649,True
P017,10.1016/j.ijplas.2019.102649,P017_C08,Homogenization_T_K,UNKNOWN,Cannot distinguish not reported from not extracted without paper review,International Journal of Plasticity 127 (2020) 102649,True
P017,10.1016/j.ijplas.2019.102649,P017_C08,Homogenization_time_h,UNKNOWN,Cannot distinguish not reported from not extracted without paper review,International Journal of Plasticity 127 (2020) 102649,True
P017,10.1016/j.ijplas.2019.102649,P017_C08,Hot_rolling_T_K,UNKNOWN,Cannot distinguish not reported from not extracted without paper review,International Journal of Plasticity 127 (2020) 102649,True
P017,10.1016/j.ijplas.2019.102649,P017_C08,Hot_rolling_reduction_pct,UNKNOWN,Cannot distinguish not reported from not extracted without paper review,International Journal of Plasticity 127 (2020) 102649,True
P017,10.1016/j.ijplas.2019.102649,P017_C08,Cold_rolling_reduction_pct,UNKNOWN,Cannot distinguish not reported from not extracted without paper review,International Journal of Plasticity 127 (2020) 102649,True
P017,10.1016/j.ijplas.2019.102649,P017_C08,Annealing_T_K,UNKNOWN,Cannot distinguish not reported from not extracted without paper review,International Journal of Plasticity 127 (2020) 102649,True
P017,10.1016/j.ijplas.2019.102649,P017_C08,Annealing_time_min,UNKNOWN,Cannot distinguish not reported from not extracted without paper review,International Journal of Plasticity 127 (2020) 102649,True
P018,10.1016/j.ijmecsci.2022.107098,P018_C01,SFE_mJ_m2,UNKNOWN,Cannot distinguish not reported from not extracted without paper review,International Journal of Mechanical Sciences 219 (2022) 107098,True
P018,10.1016/j.ijmecsci.2022.107098,P018_C01,DeltaG_FCC_HCP_J_mol,UNKNOWN,Cannot distinguish not reported from not extracted without paper review,International Journal of Mechanical Sciences 219 (2022) 107098,True
P018,10.1016/j.ijmecsci.2022.107098,P018_C01,Initial_FCC_fraction,UNKNOWN,Cannot distinguish not reported from not extracted without paper review,International Journal of Mechanical Sciences 219 (2022) 107098,True
P018,10.1016/j.ijmecsci.2022.107098,P018_C01,Initial_HCP_fraction,UNKNOWN,Cannot distinguish not reported from not extracted without paper review,International Journal of Mechanical Sciences 219 (2022) 107098,True
P018,10.1016/j.ijmecsci.2022.107098,P018_C01,Strain_rate_s-1,UNKNOWN,Cannot distinguish not reported from not extracted without paper review,International Journal of Mechanical Sciences 219 (2022) 107098,True
P018,10.1016/j.ijmecsci.2022.107098,P018_C01,Test_T_K,UNKNOWN,Cannot distinguish not reported from not extracted without paper review,International Journal of Mechanical Sciences 219 (2022) 107098,True
P018,10.1016/j.ijmecsci.2022.107098,P018_C01,Homogenization_T_K,UNKNOWN,Cannot distinguish not reported from not extracted without paper review,International Journal of Mechanical Sciences 219 (2022) 107098,True
P018,10.1016/j.ijmecsci.2022.107098,P018_C01,Homogenization_time_h,UNKNOWN,Cannot distinguish not reported from not extracted without paper review,International Journal of Mechanical Sciences 219 (2022) 107098,True
P018,10.1016/j.ijmecsci.2022.107098,P018_C01,Hot_rolling_T_K,UNKNOWN,Cannot distinguish not reported from not extracted without paper review,International Journal of Mechanical Sciences 219 (2022) 107098,True
P018,10.1016/j.ijmecsci.2022.107098,P018_C01,Hot_rolling_reduction_pct,UNKNOWN,Cannot distinguish not reported from not extracted without paper review,International Journal of Mechanical Sciences 219 (2022) 107098,True
P018,10.1016/j.ijmecsci.2022.107098,P018_C01,Cold_rolling_reduction_pct,UNKNOWN,Cannot distinguish not reported from not extracted without paper review,International Journal of Mechanical Sciences 219 (2022) 107098,True
P018,10.1016/j.ijmecsci.2022.107098,P018_C01,Annealing_T_K,UNKNOWN,Cannot distinguish not reported from not extracted without paper review,International Journal of Mechanical Sciences 219 (2022) 107098,True
P018,10.1016/j.ijmecsci.2022.107098,P018_C01,Annealing_time_min,UNKNOWN,Cannot distinguish not reported from not extracted without paper review,International Journal of Mechanical Sciences 219 (2022) 107098,True
P018,10.1016/j.ijmecsci.2022.107098,P018_C02,SFE_mJ_m2,UNKNOWN,Cannot distinguish not reported from not extracted without paper review,International Journal of Mechanical Sciences 219 (2022) 107098,True
P018,10.1016/j.ijmecsci.2022.107098,P018_C02,DeltaG_FCC_HCP_J_mol,UNKNOWN,Cannot distinguish not reported from not extracted without paper review,International Journal of Mechanical Sciences 219 (2022) 107098,True
P018,10.1016/j.ijmecsci.2022.107098,P018_C02,Initial_FCC_fraction,UNKNOWN,Cannot distinguish not reported from not extracted without paper review,International Journal of Mechanical Sciences 219 (2022) 107098,True
P018,10.1016/j.ijmecsci.2022.107098,P018_C02,Initial_HCP_fraction,UNKNOWN,Cannot distinguish not reported from not extracted without paper review,International Journal of Mechanical Sciences 219 (2022) 107098,True
P018,10.1016/j.ijmecsci.2022.107098,P018_C02,Strain_rate_s-1,UNKNOWN,Cannot distinguish not reported from not extracted without paper review,International Journal of Mechanical Sciences 219 (2022) 107098,True
P018,10.1016/j.ijmecsci.2022.107098,P018_C02,Test_T_K,UNKNOWN,Cannot distinguish not reported from not extracted without paper review,International Journal of Mechanical Sciences 219 (2022) 107098,True
P018,10.1016/j.ijmecsci.2022.107098,P018_C02,Homogenization_T_K,UNKNOWN,Cannot distinguish not reported from not extracted without paper review,International Journal of Mechanical Sciences 219 (2022) 107098,True
P018,10.1016/j.ijmecsci.2022.107098,P018_C02,Homogenization_time_h,UNKNOWN,Cannot distinguish not reported from not extracted without paper review,International Journal of Mechanical Sciences 219 (2022) 107098,True
P018,10.1016/j.ijmecsci.2022.107098,P018_C02,Hot_rolling_T_K,UNKNOWN,Cannot distinguish not reported from not extracted without paper review,International Journal of Mechanical Sciences 219 (2022) 107098,True
P018,10.1016/j.ijmecsci.2022.107098,P018_C02,Hot_rolling_reduction_pct,UNKNOWN,Cannot distinguish not reported from not extracted without paper review,International Journal of Mechanical Sciences 219 (2022) 107098,True
P018,10.1016/j.ijmecsci.2022.107098,P018_C02,Cold_rolling_reduction_pct,UNKNOWN,Cannot distinguish not reported from not extracted without paper review,International Journal of Mechanical Sciences 219 (2022) 107098,True
P018,10.1016/j.ijmecsci.2022.107098,P018_C02,Annealing_T_K,UNKNOWN,Cannot distinguish not reported from not extracted without paper review,International Journal of Mechanical Sciences 219 (2022) 107098,True
P018,10.1016/j.ijmecsci.2022.107098,P018_C02,Annealing_time_min,UNKNOWN,Cannot distinguish not reported from not extracted without paper review,International Journal of Mechanical Sciences 219 (2022) 107098,True
P018,10.1016/j.ijmecsci.2022.107098,P018_C03,SFE_mJ_m2,UNKNOWN,Cannot distinguish not reported from not extracted without paper review,International Journal of Mechanical Sciences 219 (2022) 107098,True
P018,10.1016/j.ijmecsci.2022.107098,P018_C03,DeltaG_FCC_HCP_J_mol,UNKNOWN,Cannot distinguish not reported from not extracted without paper review,International Journal of Mechanical Sciences 219 (2022) 107098,True
P018,10.1016/j.ijmecsci.2022.107098,P018_C03,Initial_FCC_fraction,UNKNOWN,Cannot distinguish not reported from not extracted without paper review,International Journal of Mechanical Sciences 219 (2022) 107098,True
P018,10.1016/j.ijmecsci.2022.107098,P018_C03,Initial_HCP_fraction,UNKNOWN,Cannot distinguish not reported from not extracted without paper review,International Journal of Mechanical Sciences 219 (2022) 107098,True
P018,10.1016/j.ijmecsci.2022.107098,P018_C03,Strain_rate_s-1,UNKNOWN,Cannot distinguish not reported from not extracted without paper review,International Journal of Mechanical Sciences 219 (2022) 107098,True
P018,10.1016/j.ijmecsci.2022.107098,P018_C03,Test_T_K,UNKNOWN,Cannot distinguish not reported from not extracted without paper review,International Journal of Mechanical Sciences 219 (2022) 107098,True
P018,10.1016/j.ijmecsci.2022.107098,P018_C03,Homogenization_T_K,UNKNOWN,Cannot distinguish not reported from not extracted without paper review,International Journal of Mechanical Sciences 219 (2022) 107098,True
P018,10.1016/j.ijmecsci.2022.107098,P018_C03,Homogenization_time_h,UNKNOWN,Cannot distinguish not reported from not extracted without paper review,International Journal of Mechanical Sciences 219 (2022) 107098,True
P018,10.1016/j.ijmecsci.2022.107098,P018_C03,Hot_rolling_T_K,UNKNOWN,Cannot distinguish not reported from not extracted without paper review,International Journal of Mechanical Sciences 219 (2022) 107098,True
P018,10.1016/j.ijmecsci.2022.107098,P018_C03,Hot_rolling_reduction_pct,UNKNOWN,Cannot distinguish not reported from not extracted without paper review,International Journal of Mechanical Sciences 219 (2022) 107098,True
P018,10.1016/j.ijmecsci.2022.107098,P018_C03,Cold_rolling_reduction_pct,UNKNOWN,Cannot distinguish not reported from not extracted without paper review,International Journal of Mechanical Sciences 219 (2022) 107098,True
P018,10.1016/j.ijmecsci.2022.107098,P018_C03,Annealing_T_K,UNKNOWN,Cannot distinguish not reported from not extracted without paper review,International Journal of Mechanical Sciences 219 (2022) 107098,True
P018,10.1016/j.ijmecsci.2022.107098,P018_C03,Annealing_time_min,UNKNOWN,Cannot distinguish not reported from not extracted without paper review,International Journal of Mechanical Sciences 219 (2022) 107098,True
P018,10.1016/j.ijmecsci.2022.107098,P018_C04,SFE_mJ_m2,UNKNOWN,Cannot distinguish not reported from not extracted without paper review,International Journal of Mechanical Sciences 219 (2022) 107098,True
P018,10.1016/j.ijmecsci.2022.107098,P018_C04,DeltaG_FCC_HCP_J_mol,UNKNOWN,Cannot distinguish not reported from not extracted without paper review,International Journal of Mechanical Sciences 219 (2022) 107098,True
P018,10.1016/j.ijmecsci.2022.107098,P018_C04,Initial_FCC_fraction,UNKNOWN,Cannot distinguish not reported from not extracted without paper review,International Journal of Mechanical Sciences 219 (2022) 107098,True
P018,10.1016/j.ijmecsci.2022.107098,P018_C04,Initial_HCP_fraction,UNKNOWN,Cannot distinguish not reported from not extracted without paper review,International Journal of Mechanical Sciences 219 (2022) 107098,True
P018,10.1016/j.ijmecsci.2022.107098,P018_C04,Strain_rate_s-1,UNKNOWN,Cannot distinguish not reported from not extracted without paper review,International Journal of Mechanical Sciences 219 (2022) 107098,True
P018,10.1016/j.ijmecsci.2022.107098,P018_C04,Test_T_K,UNKNOWN,Cannot distinguish not reported from not extracted without paper review,International Journal of Mechanical Sciences 219 (2022) 107098,True
P018,10.1016/j.ijmecsci.2022.107098,P018_C04,Homogenization_T_K,UNKNOWN,Cannot distinguish not reported from not extracted without paper review,International Journal of Mechanical Sciences 219 (2022) 107098,True
P018,10.1016/j.ijmecsci.2022.107098,P018_C04,Homogenization_time_h,UNKNOWN,Cannot distinguish not reported from not extracted without paper review,International Journal of Mechanical Sciences 219 (2022) 107098,True
P018,10.1016/j.ijmecsci.2022.107098,P018_C04,Hot_rolling_T_K,UNKNOWN,Cannot distinguish not reported from not extracted without paper review,International Journal of Mechanical Sciences 219 (2022) 107098,True
P018,10.1016/j.ijmecsci.2022.107098,P018_C04,Hot_rolling_reduction_pct,UNKNOWN,Cannot distinguish not reported from not extracted without paper review,International Journal of Mechanical Sciences 219 (2022) 107098,True
P018,10.1016/j.ijmecsci.2022.107098,P018_C04,Cold_rolling_reduction_pct,UNKNOWN,Cannot distinguish not reported from not extracted without paper review,International Journal of Mechanical Sciences 219 (2022) 107098,True
P018,10.1016/j.ijmecsci.2022.107098,P018_C04,Annealing_T_K,UNKNOWN,Cannot distinguish not reported from not extracted without paper review,International Journal of Mechanical Sciences 219 (2022) 107098,True
P018,10.1016/j.ijmecsci.2022.107098,P018_C04,Annealing_time_min,UNKNOWN,Cannot distinguish not reported from not extracted without paper review,International Journal of Mechanical Sciences 219 (2022) 107098,True
P018,10.1016/j.ijmecsci.2022.107098,P018_C05,SFE_mJ_m2,UNKNOWN,Cannot distinguish not reported from not extracted without paper review,International Journal of Mechanical Sciences 219 (2022) 107098,True
P018,10.1016/j.ijmecsci.2022.107098,P018_C05,DeltaG_FCC_HCP_J_mol,UNKNOWN,Cannot distinguish not reported from not extracted without paper review,International Journal of Mechanical Sciences 219 (2022) 107098,True
P018,10.1016/j.ijmecsci.2022.107098,P018_C05,Initial_FCC_fraction,UNKNOWN,Cannot distinguish not reported from not extracted without paper review,International Journal of Mechanical Sciences 219 (2022) 107098,True
P018,10.1016/j.ijmecsci.2022.107098,P018_C05,Initial_HCP_fraction,UNKNOWN,Cannot distinguish not reported from not extracted without paper review,International Journal of Mechanical Sciences 219 (2022) 107098,True
P018,10.1016/j.ijmecsci.2022.107098,P018_C05,Strain_rate_s-1,UNKNOWN,Cannot distinguish not reported from not extracted without paper review,International Journal of Mechanical Sciences 219 (2022) 107098,True
P018,10.1016/j.ijmecsci.2022.107098,P018_C05,Test_T_K,UNKNOWN,Cannot distinguish not reported from not extracted without paper review,International Journal of Mechanical Sciences 219 (2022) 107098,True
P018,10.1016/j.ijmecsci.2022.107098,P018_C05,Homogenization_T_K,UNKNOWN,Cannot distinguish not reported from not extracted without paper review,International Journal of Mechanical Sciences 219 (2022) 107098,True
P018,10.1016/j.ijmecsci.2022.107098,P018_C05,Homogenization_time_h,UNKNOWN,Cannot distinguish not reported from not extracted without paper review,International Journal of Mechanical Sciences 219 (2022) 107098,True
P018,10.1016/j.ijmecsci.2022.107098,P018_C05,Hot_rolling_T_K,UNKNOWN,Cannot distinguish not reported from not extracted without paper review,International Journal of Mechanical Sciences 219 (2022) 107098,True
P018,10.1016/j.ijmecsci.2022.107098,P018_C05,Hot_rolling_reduction_pct,UNKNOWN,Cannot distinguish not reported from not extracted without paper review,International Journal of Mechanical Sciences 219 (2022) 107098,True
P018,10.1016/j.ijmecsci.2022.107098,P018_C05,Cold_rolling_reduction_pct,UNKNOWN,Cannot distinguish not reported from not extracted without paper review,International Journal of Mechanical Sciences 219 (2022) 107098,True
P018,10.1016/j.ijmecsci.2022.107098,P018_C05,Annealing_T_K,UNKNOWN,Cannot distinguish not reported from not extracted without paper review,International Journal of Mechanical Sciences 219 (2022) 107098,True
P018,10.1016/j.ijmecsci.2022.107098,P018_C05,Annealing_time_min,UNKNOWN,Cannot distinguish not reported from not extracted without paper review,International Journal of Mechanical Sciences 219 (2022) 107098,True
P018,10.1016/j.ijmecsci.2022.107098,P018_C06,SFE_mJ_m2,UNKNOWN,Cannot distinguish not reported from not extracted without paper review,International Journal of Mechanical Sciences 219 (2022) 107098,True
P018,10.1016/j.ijmecsci.2022.107098,P018_C06,DeltaG_FCC_HCP_J_mol,UNKNOWN,Cannot distinguish not reported from not extracted without paper review,International Journal of Mechanical Sciences 219 (2022) 107098,True
P018,10.1016/j.ijmecsci.2022.107098,P018_C06,Initial_FCC_fraction,UNKNOWN,Cannot distinguish not reported from not extracted without paper review,International Journal of Mechanical Sciences 219 (2022) 107098,True
P018,10.1016/j.ijmecsci.2022.107098,P018_C06,Initial_HCP_fraction,UNKNOWN,Cannot distinguish not reported from not extracted without paper review,International Journal of Mechanical Sciences 219 (2022) 107098,True
P018,10.1016/j.ijmecsci.2022.107098,P018_C06,Strain_rate_s-1,UNKNOWN,Cannot distinguish not reported from not extracted without paper review,International Journal of Mechanical Sciences 219 (2022) 107098,True
P018,10.1016/j.ijmecsci.2022.107098,P018_C06,Test_T_K,UNKNOWN,Cannot distinguish not reported from not extracted without paper review,International Journal of Mechanical Sciences 219 (2022) 107098,True
P018,10.1016/j.ijmecsci.2022.107098,P018_C06,Homogenization_T_K,UNKNOWN,Cannot distinguish not reported from not extracted without paper review,International Journal of Mechanical Sciences 219 (2022) 107098,True
P018,10.1016/j.ijmecsci.2022.107098,P018_C06,Homogenization_time_h,UNKNOWN,Cannot distinguish not reported from not extracted without paper review,International Journal of Mechanical Sciences 219 (2022) 107098,True
P018,10.1016/j.ijmecsci.2022.107098,P018_C06,Hot_rolling_T_K,UNKNOWN,Cannot distinguish not reported from not extracted without paper review,International Journal of Mechanical Sciences 219 (2022) 107098,True
P018,10.1016/j.ijmecsci.2022.107098,P018_C06,Hot_rolling_reduction_pct,UNKNOWN,Cannot distinguish not reported from not extracted without paper review,International Journal of Mechanical Sciences 219 (2022) 107098,True
P018,10.1016/j.ijmecsci.2022.107098,P018_C06,Cold_rolling_reduction_pct,UNKNOWN,Cannot distinguish not reported from not extracted without paper review,International Journal of Mechanical Sciences 219 (2022) 107098,True
P018,10.1016/j.ijmecsci.2022.107098,P018_C06,Annealing_T_K,UNKNOWN,Cannot distinguish not reported from not extracted without paper review,International Journal of Mechanical Sciences 219 (2022) 107098,True
P018,10.1016/j.ijmecsci.2022.107098,P018_C06,Annealing_time_min,UNKNOWN,Cannot distinguish not reported from not extracted without paper review,International Journal of Mechanical Sciences 219 (2022) 107098,True
P018,10.1016/j.ijmecsci.2022.107098,P018_C07,SFE_mJ_m2,UNKNOWN,Cannot distinguish not reported from not extracted without paper review,International Journal of Mechanical Sciences 219 (2022) 107098,True
P018,10.1016/j.ijmecsci.2022.107098,P018_C07,DeltaG_FCC_HCP_J_mol,UNKNOWN,Cannot distinguish not reported from not extracted without paper review,International Journal of Mechanical Sciences 219 (2022) 107098,True
P018,10.1016/j.ijmecsci.2022.107098,P018_C07,Initial_FCC_fraction,UNKNOWN,Cannot distinguish not reported from not extracted without paper review,International Journal of Mechanical Sciences 219 (2022) 107098,True
P018,10.1016/j.ijmecsci.2022.107098,P018_C07,Initial_HCP_fraction,UNKNOWN,Cannot distinguish not reported from not extracted without paper review,International Journal of Mechanical Sciences 219 (2022) 107098,True
P018,10.1016/j.ijmecsci.2022.107098,P018_C07,Strain_rate_s-1,UNKNOWN,Cannot distinguish not reported from not extracted without paper review,International Journal of Mechanical Sciences 219 (2022) 107098,True
P018,10.1016/j.ijmecsci.2022.107098,P018_C07,Test_T_K,UNKNOWN,Cannot distinguish not reported from not extracted without paper review,International Journal of Mechanical Sciences 219 (2022) 107098,True
P018,10.1016/j.ijmecsci.2022.107098,P018_C07,Homogenization_T_K,UNKNOWN,Cannot distinguish not reported from not extracted without paper review,International Journal of Mechanical Sciences 219 (2022) 107098,True
P018,10.1016/j.ijmecsci.2022.107098,P018_C07,Homogenization_time_h,UNKNOWN,Cannot distinguish not reported from not extracted without paper review,International Journal of Mechanical Sciences 219 (2022) 107098,True
P018,10.1016/j.ijmecsci.2022.107098,P018_C07,Hot_rolling_T_K,UNKNOWN,Cannot distinguish not reported from not extracted without paper review,International Journal of Mechanical Sciences 219 (2022) 107098,True
P018,10.1016/j.ijmecsci.2022.107098,P018_C07,Hot_rolling_reduction_pct,UNKNOWN,Cannot distinguish not reported from not extracted without paper review,International Journal of Mechanical Sciences 219 (2022) 107098,True
P018,10.1016/j.ijmecsci.2022.107098,P018_C07,Cold_rolling_reduction_pct,UNKNOWN,Cannot distinguish not reported from not extracted without paper review,International Journal of Mechanical Sciences 219 (2022) 107098,True
P018,10.1016/j.ijmecsci.2022.107098,P018_C07,Annealing_T_K,UNKNOWN,Cannot distinguish not reported from not extracted without paper review,International Journal of Mechanical Sciences 219 (2022) 107098,True
P018,10.1016/j.ijmecsci.2022.107098,P018_C07,Annealing_time_min,UNKNOWN,Cannot distinguish not reported from not extracted without paper review,International Journal of Mechanical Sciences 219 (2022) 107098,True
P018,10.1016/j.ijmecsci.2022.107098,P018_C08,SFE_mJ_m2,UNKNOWN,Cannot distinguish not reported from not extracted without paper review,International Journal of Mechanical Sciences 219 (2022) 107098,True
P018,10.1016/j.ijmecsci.2022.107098,P018_C08,DeltaG_FCC_HCP_J_mol,UNKNOWN,Cannot distinguish not reported from not extracted without paper review,International Journal of Mechanical Sciences 219 (2022) 107098,True
P018,10.1016/j.ijmecsci.2022.107098,P018_C08,Initial_FCC_fraction,UNKNOWN,Cannot distinguish not reported from not extracted without paper review,International Journal of Mechanical Sciences 219 (2022) 107098,True
P018,10.1016/j.ijmecsci.2022.107098,P018_C08,Initial_HCP_fraction,UNKNOWN,Cannot distinguish not reported from not extracted without paper review,International Journal of Mechanical Sciences 219 (2022) 107098,True
P018,10.1016/j.ijmecsci.2022.107098,P018_C08,Strain_rate_s-1,UNKNOWN,Cannot distinguish not reported from not extracted without paper review,International Journal of Mechanical Sciences 219 (2022) 107098,True
P018,10.1016/j.ijmecsci.2022.107098,P018_C08,Test_T_K,UNKNOWN,Cannot distinguish not reported from not extracted without paper review,International Journal of Mechanical Sciences 219 (2022) 107098,True
P018,10.1016/j.ijmecsci.2022.107098,P018_C08,Homogenization_T_K,UNKNOWN,Cannot distinguish not reported from not extracted without paper review,International Journal of Mechanical Sciences 219 (2022) 107098,True
P018,10.1016/j.ijmecsci.2022.107098,P018_C08,Homogenization_time_h,UNKNOWN,Cannot distinguish not reported from not extracted without paper review,International Journal of Mechanical Sciences 219 (2022) 107098,True
P018,10.1016/j.ijmecsci.2022.107098,P018_C08,Hot_rolling_T_K,UNKNOWN,Cannot distinguish not reported from not extracted without paper review,International Journal of Mechanical Sciences 219 (2022) 107098,True
P018,10.1016/j.ijmecsci.2022.107098,P018_C08,Hot_rolling_reduction_pct,UNKNOWN,Cannot distinguish not reported from not extracted without paper review,International Journal of Mechanical Sciences 219 (2022) 107098,True
P018,10.1016/j.ijmecsci.2022.107098,P018_C08,Cold_rolling_reduction_pct,UNKNOWN,Cannot distinguish not reported from not extracted without paper review,International Journal of Mechanical Sciences 219 (2022) 107098,True
P018,10.1016/j.ijmecsci.2022.107098,P018_C08,Annealing_T_K,UNKNOWN,Cannot distinguish not reported from not extracted without paper review,International Journal of Mechanical Sciences 219 (2022) 107098,True
P018,10.1016/j.ijmecsci.2022.107098,P018_C08,Annealing_time_min,UNKNOWN,Cannot distinguish not reported from not extracted without paper review,International Journal of Mechanical Sciences 219 (2022) 107098,True
P018,10.1016/j.ijmecsci.2022.107098,P018_C09,SFE_mJ_m2,UNKNOWN,Cannot distinguish not reported from not extracted without paper review,International Journal of Mechanical Sciences 219 (2022) 107098,True
P018,10.1016/j.ijmecsci.2022.107098,P018_C09,DeltaG_FCC_HCP_J_mol,UNKNOWN,Cannot distinguish not reported from not extracted without paper review,International Journal of Mechanical Sciences 219 (2022) 107098,True
P018,10.1016/j.ijmecsci.2022.107098,P018_C09,Initial_FCC_fraction,UNKNOWN,Cannot distinguish not reported from not extracted without paper review,International Journal of Mechanical Sciences 219 (2022) 107098,True
P018,10.1016/j.ijmecsci.2022.107098,P018_C09,Initial_HCP_fraction,UNKNOWN,Cannot distinguish not reported from not extracted without paper review,International Journal of Mechanical Sciences 219 (2022) 107098,True
P018,10.1016/j.ijmecsci.2022.107098,P018_C09,Strain_rate_s-1,UNKNOWN,Cannot distinguish not reported from not extracted without paper review,International Journal of Mechanical Sciences 219 (2022) 107098,True
P018,10.1016/j.ijmecsci.2022.107098,P018_C09,Test_T_K,UNKNOWN,Cannot distinguish not reported from not extracted without paper review,International Journal of Mechanical Sciences 219 (2022) 107098,True
P018,10.1016/j.ijmecsci.2022.107098,P018_C09,Homogenization_T_K,UNKNOWN,Cannot distinguish not reported from not extracted without paper review,International Journal of Mechanical Sciences 219 (2022) 107098,True
P018,10.1016/j.ijmecsci.2022.107098,P018_C09,Homogenization_time_h,UNKNOWN,Cannot distinguish not reported from not extracted without paper review,International Journal of Mechanical Sciences 219 (2022) 107098,True
P018,10.1016/j.ijmecsci.2022.107098,P018_C09,Hot_rolling_T_K,UNKNOWN,Cannot distinguish not reported from not extracted without paper review,International Journal of Mechanical Sciences 219 (2022) 107098,True
P018,10.1016/j.ijmecsci.2022.107098,P018_C09,Hot_rolling_reduction_pct,UNKNOWN,Cannot distinguish not reported from not extracted without paper review,International Journal of Mechanical Sciences 219 (2022) 107098,True
P018,10.1016/j.ijmecsci.2022.107098,P018_C09,Cold_rolling_reduction_pct,UNKNOWN,Cannot distinguish not reported from not extracted without paper review,International Journal of Mechanical Sciences 219 (2022) 107098,True
P018,10.1016/j.ijmecsci.2022.107098,P018_C09,Annealing_T_K,UNKNOWN,Cannot distinguish not reported from not extracted without paper review,International Journal of Mechanical Sciences 219 (2022) 107098,True
P018,10.1016/j.ijmecsci.2022.107098,P018_C09,Annealing_time_min,UNKNOWN,Cannot distinguish not reported from not extracted without paper review,International Journal of Mechanical Sciences 219 (2022) 107098,True
P018,10.1016/j.ijmecsci.2022.107098,P018_C10,SFE_mJ_m2,UNKNOWN,Cannot distinguish not reported from not extracted without paper review,International Journal of Mechanical Sciences 219 (2022) 107098,True
P018,10.1016/j.ijmecsci.2022.107098,P018_C10,DeltaG_FCC_HCP_J_mol,UNKNOWN,Cannot distinguish not reported from not extracted without paper review,International Journal of Mechanical Sciences 219 (2022) 107098,True
P018,10.1016/j.ijmecsci.2022.107098,P018_C10,Initial_FCC_fraction,UNKNOWN,Cannot distinguish not reported from not extracted without paper review,International Journal of Mechanical Sciences 219 (2022) 107098,True
P018,10.1016/j.ijmecsci.2022.107098,P018_C10,Initial_HCP_fraction,UNKNOWN,Cannot distinguish not reported from not extracted without paper review,International Journal of Mechanical Sciences 219 (2022) 107098,True
P018,10.1016/j.ijmecsci.2022.107098,P018_C10,Strain_rate_s-1,UNKNOWN,Cannot distinguish not reported from not extracted without paper review,International Journal of Mechanical Sciences 219 (2022) 107098,True
P018,10.1016/j.ijmecsci.2022.107098,P018_C10,Test_T_K,UNKNOWN,Cannot distinguish not reported from not extracted without paper review,International Journal of Mechanical Sciences 219 (2022) 107098,True
P018,10.1016/j.ijmecsci.2022.107098,P018_C10,Homogenization_T_K,UNKNOWN,Cannot distinguish not reported from not extracted without paper review,International Journal of Mechanical Sciences 219 (2022) 107098,True
P018,10.1016/j.ijmecsci.2022.107098,P018_C10,Homogenization_time_h,UNKNOWN,Cannot distinguish not reported from not extracted without paper review,International Journal of Mechanical Sciences 219 (2022) 107098,True
P018,10.1016/j.ijmecsci.2022.107098,P018_C10,Hot_rolling_T_K,UNKNOWN,Cannot distinguish not reported from not extracted without paper review,International Journal of Mechanical Sciences 219 (2022) 107098,True
P018,10.1016/j.ijmecsci.2022.107098,P018_C10,Hot_rolling_reduction_pct,UNKNOWN,Cannot distinguish not reported from not extracted without paper review,International Journal of Mechanical Sciences 219 (2022) 107098,True
P018,10.1016/j.ijmecsci.2022.107098,P018_C10,Cold_rolling_reduction_pct,UNKNOWN,Cannot distinguish not reported from not extracted without paper review,International Journal of Mechanical Sciences 219 (2022) 107098,True
P018,10.1016/j.ijmecsci.2022.107098,P018_C10,Annealing_T_K,UNKNOWN,Cannot distinguish not reported from not extracted without paper review,International Journal of Mechanical Sciences 219 (2022) 107098,True
P018,10.1016/j.ijmecsci.2022.107098,P018_C10,Annealing_time_min,UNKNOWN,Cannot distinguish not reported from not extracted without paper review,International Journal of Mechanical Sciences 219 (2022) 107098,True
P018,10.1016/j.ijmecsci.2022.107098,P018_C11,SFE_mJ_m2,UNKNOWN,Cannot distinguish not reported from not extracted without paper review,International Journal of Mechanical Sciences 219 (2022) 107098,True
P018,10.1016/j.ijmecsci.2022.107098,P018_C11,DeltaG_FCC_HCP_J_mol,UNKNOWN,Cannot distinguish not reported from not extracted without paper review,International Journal of Mechanical Sciences 219 (2022) 107098,True
P018,10.1016/j.ijmecsci.2022.107098,P018_C11,Initial_FCC_fraction,UNKNOWN,Cannot distinguish not reported from not extracted without paper review,International Journal of Mechanical Sciences 219 (2022) 107098,True
P018,10.1016/j.ijmecsci.2022.107098,P018_C11,Initial_HCP_fraction,UNKNOWN,Cannot distinguish not reported from not extracted without paper review,International Journal of Mechanical Sciences 219 (2022) 107098,True
P018,10.1016/j.ijmecsci.2022.107098,P018_C11,Strain_rate_s-1,UNKNOWN,Cannot distinguish not reported from not extracted without paper review,International Journal of Mechanical Sciences 219 (2022) 107098,True
P018,10.1016/j.ijmecsci.2022.107098,P018_C11,Test_T_K,UNKNOWN,Cannot distinguish not reported from not extracted without paper review,International Journal of Mechanical Sciences 219 (2022) 107098,True
P018,10.1016/j.ijmecsci.2022.107098,P018_C11,Homogenization_T_K,UNKNOWN,Cannot distinguish not reported from not extracted without paper review,International Journal of Mechanical Sciences 219 (2022) 107098,True
P018,10.1016/j.ijmecsci.2022.107098,P018_C11,Homogenization_time_h,UNKNOWN,Cannot distinguish not reported from not extracted without paper review,International Journal of Mechanical Sciences 219 (2022) 107098,True
P018,10.1016/j.ijmecsci.2022.107098,P018_C11,Hot_rolling_T_K,UNKNOWN,Cannot distinguish not reported from not extracted without paper review,International Journal of Mechanical Sciences 219 (2022) 107098,True
P018,10.1016/j.ijmecsci.2022.107098,P018_C11,Hot_rolling_reduction_pct,UNKNOWN,Cannot distinguish not reported from not extracted without paper review,International Journal of Mechanical Sciences 219 (2022) 107098,True
P018,10.1016/j.ijmecsci.2022.107098,P018_C11,Cold_rolling_reduction_pct,UNKNOWN,Cannot distinguish not reported from not extracted without paper review,International Journal of Mechanical Sciences 219 (2022) 107098,True
P018,10.1016/j.ijmecsci.2022.107098,P018_C11,Annealing_T_K,UNKNOWN,Cannot distinguish not reported from not extracted without paper review,International Journal of Mechanical Sciences 219 (2022) 107098,True
P018,10.1016/j.ijmecsci.2022.107098,P018_C11,Annealing_time_min,UNKNOWN,Cannot distinguish not reported from not extracted without paper review,International Journal of Mechanical Sciences 219 (2022) 107098,True
P018,10.1016/j.ijmecsci.2022.107098,P018_C12,SFE_mJ_m2,UNKNOWN,Cannot distinguish not reported from not extracted without paper review,International Journal of Mechanical Sciences 219 (2022) 107098,True
P018,10.1016/j.ijmecsci.2022.107098,P018_C12,DeltaG_FCC_HCP_J_mol,UNKNOWN,Cannot distinguish not reported from not extracted without paper review,International Journal of Mechanical Sciences 219 (2022) 107098,True
P018,10.1016/j.ijmecsci.2022.107098,P018_C12,Initial_FCC_fraction,UNKNOWN,Cannot distinguish not reported from not extracted without paper review,International Journal of Mechanical Sciences 219 (2022) 107098,True
P018,10.1016/j.ijmecsci.2022.107098,P018_C12,Initial_HCP_fraction,UNKNOWN,Cannot distinguish not reported from not extracted without paper review,International Journal of Mechanical Sciences 219 (2022) 107098,True
P018,10.1016/j.ijmecsci.2022.107098,P018_C12,Strain_rate_s-1,UNKNOWN,Cannot distinguish not reported from not extracted without paper review,International Journal of Mechanical Sciences 219 (2022) 107098,True
P018,10.1016/j.ijmecsci.2022.107098,P018_C12,Test_T_K,UNKNOWN,Cannot distinguish not reported from not extracted without paper review,International Journal of Mechanical Sciences 219 (2022) 107098,True
P018,10.1016/j.ijmecsci.2022.107098,P018_C12,Homogenization_T_K,UNKNOWN,Cannot distinguish not reported from not extracted without paper review,International Journal of Mechanical Sciences 219 (2022) 107098,True
P018,10.1016/j.ijmecsci.2022.107098,P018_C12,Homogenization_time_h,UNKNOWN,Cannot distinguish not reported from not extracted without paper review,International Journal of Mechanical Sciences 219 (2022) 107098,True
P018,10.1016/j.ijmecsci.2022.107098,P018_C12,Hot_rolling_T_K,UNKNOWN,Cannot distinguish not reported from not extracted without paper review,International Journal of Mechanical Sciences 219 (2022) 107098,True
P018,10.1016/j.ijmecsci.2022.107098,P018_C12,Hot_rolling_reduction_pct,UNKNOWN,Cannot distinguish not reported from not extracted without paper review,International Journal of Mechanical Sciences 219 (2022) 107098,True
P018,10.1016/j.ijmecsci.2022.107098,P018_C12,Cold_rolling_reduction_pct,UNKNOWN,Cannot distinguish not reported from not extracted without paper review,International Journal of Mechanical Sciences 219 (2022) 107098,True
P018,10.1016/j.ijmecsci.2022.107098,P018_C12,Annealing_T_K,UNKNOWN,Cannot distinguish not reported from not extracted without paper review,International Journal of Mechanical Sciences 219 (2022) 107098,True
P018,10.1016/j.ijmecsci.2022.107098,P018_C12,Annealing_time_min,UNKNOWN,Cannot distinguish not reported from not extracted without paper review,International Journal of Mechanical Sciences 219 (2022) 107098,True
P019,10.1016/j.jallcom.2025.179770,P019_C01,Grain_size_um,UNKNOWN,Cannot distinguish not reported from not extracted without paper review,Journal of Alloys and Compounds 1022 (2025) 179770,True
P019,10.1016/j.jallcom.2025.179770,P019_C01,SFE_mJ_m2,UNKNOWN,Cannot distinguish not reported from not extracted without paper review,Journal of Alloys and Compounds 1022 (2025) 179770,True
P019,10.1016/j.jallcom.2025.179770,P019_C01,DeltaG_FCC_HCP_J_mol,UNKNOWN,Cannot distinguish not reported from not extracted without paper review,Journal of Alloys and Compounds 1022 (2025) 179770,True
P019,10.1016/j.jallcom.2025.179770,P019_C01,Initial_FCC_fraction,UNKNOWN,Cannot distinguish not reported from not extracted without paper review,Journal of Alloys and Compounds 1022 (2025) 179770,True
P019,10.1016/j.jallcom.2025.179770,P019_C01,Initial_HCP_fraction,UNKNOWN,Cannot distinguish not reported from not extracted without paper review,Journal of Alloys and Compounds 1022 (2025) 179770,True
P019,10.1016/j.jallcom.2025.179770,P019_C01,Strain_rate_s-1,UNKNOWN,Cannot distinguish not reported from not extracted without paper review,Journal of Alloys and Compounds 1022 (2025) 179770,True
P019,10.1016/j.jallcom.2025.179770,P019_C01,Homogenization_T_K,UNKNOWN,Cannot distinguish not reported from not extracted without paper review,Journal of Alloys and Compounds 1022 (2025) 179770,True
P019,10.1016/j.jallcom.2025.179770,P019_C01,Homogenization_time_h,UNKNOWN,Cannot distinguish not reported from not extracted without paper review,Journal of Alloys and Compounds 1022 (2025) 179770,True
P019,10.1016/j.jallcom.2025.179770,P019_C01,Hot_rolling_T_K,UNKNOWN,Cannot distinguish not reported from not extracted without paper review,Journal of Alloys and Compounds 1022 (2025) 179770,True
P019,10.1016/j.jallcom.2025.179770,P019_C01,Hot_rolling_reduction_pct,UNKNOWN,Cannot distinguish not reported from not extracted without paper review,Journal of Alloys and Compounds 1022 (2025) 179770,True
P019,10.1016/j.jallcom.2025.179770,P019_C01,Cold_rolling_reduction_pct,UNKNOWN,Cannot distinguish not reported from not extracted without paper review,Journal of Alloys and Compounds 1022 (2025) 179770,True
P019,10.1016/j.jallcom.2025.179770,P019_C01,Annealing_T_K,UNKNOWN,Cannot distinguish not reported from not extracted without paper review,Journal of Alloys and Compounds 1022 (2025) 179770,True
P019,10.1016/j.jallcom.2025.179770,P019_C01,Annealing_time_min,UNKNOWN,Cannot distinguish not reported from not extracted without paper review,Journal of Alloys and Compounds 1022 (2025) 179770,True
P019,10.1016/j.jallcom.2025.179770,P019_C02,Grain_size_um,UNKNOWN,Cannot distinguish not reported from not extracted without paper review,Journal of Alloys and Compounds 1022 (2025) 179770,True
P019,10.1016/j.jallcom.2025.179770,P019_C02,SFE_mJ_m2,UNKNOWN,Cannot distinguish not reported from not extracted without paper review,Journal of Alloys and Compounds 1022 (2025) 179770,True
P019,10.1016/j.jallcom.2025.179770,P019_C02,DeltaG_FCC_HCP_J_mol,UNKNOWN,Cannot distinguish not reported from not extracted without paper review,Journal of Alloys and Compounds 1022 (2025) 179770,True
P019,10.1016/j.jallcom.2025.179770,P019_C02,Initial_FCC_fraction,UNKNOWN,Cannot distinguish not reported from not extracted without paper review,Journal of Alloys and Compounds 1022 (2025) 179770,True
P019,10.1016/j.jallcom.2025.179770,P019_C02,Initial_HCP_fraction,UNKNOWN,Cannot distinguish not reported from not extracted without paper review,Journal of Alloys and Compounds 1022 (2025) 179770,True
P019,10.1016/j.jallcom.2025.179770,P019_C02,Strain_rate_s-1,UNKNOWN,Cannot distinguish not reported from not extracted without paper review,Journal of Alloys and Compounds 1022 (2025) 179770,True
P019,10.1016/j.jallcom.2025.179770,P019_C02,Homogenization_T_K,UNKNOWN,Cannot distinguish not reported from not extracted without paper review,Journal of Alloys and Compounds 1022 (2025) 179770,True
P019,10.1016/j.jallcom.2025.179770,P019_C02,Homogenization_time_h,UNKNOWN,Cannot distinguish not reported from not extracted without paper review,Journal of Alloys and Compounds 1022 (2025) 179770,True
P019,10.1016/j.jallcom.2025.179770,P019_C02,Hot_rolling_T_K,UNKNOWN,Cannot distinguish not reported from not extracted without paper review,Journal of Alloys and Compounds 1022 (2025) 179770,True
P019,10.1016/j.jallcom.2025.179770,P019_C02,Hot_rolling_reduction_pct,UNKNOWN,Cannot distinguish not reported from not extracted without paper review,Journal of Alloys and Compounds 1022 (2025) 179770,True
P019,10.1016/j.jallcom.2025.179770,P019_C02,Cold_rolling_reduction_pct,UNKNOWN,Cannot distinguish not reported from not extracted without paper review,Journal of Alloys and Compounds 1022 (2025) 179770,True
P019,10.1016/j.jallcom.2025.179770,P019_C02,Annealing_T_K,UNKNOWN,Cannot distinguish not reported from not extracted without paper review,Journal of Alloys and Compounds 1022 (2025) 179770,True
P019,10.1016/j.jallcom.2025.179770,P019_C02,Annealing_time_min,UNKNOWN,Cannot distinguish not reported from not extracted without paper review,Journal of Alloys and Compounds 1022 (2025) 179770,True
P019,10.1016/j.jallcom.2025.179770,P019_C03,Grain_size_um,UNKNOWN,Cannot distinguish not reported from not extracted without paper review,Journal of Alloys and Compounds 1022 (2025) 179770,True
P019,10.1016/j.jallcom.2025.179770,P019_C03,SFE_mJ_m2,UNKNOWN,Cannot distinguish not reported from not extracted without paper review,Journal of Alloys and Compounds 1022 (2025) 179770,True
P019,10.1016/j.jallcom.2025.179770,P019_C03,DeltaG_FCC_HCP_J_mol,UNKNOWN,Cannot distinguish not reported from not extracted without paper review,Journal of Alloys and Compounds 1022 (2025) 179770,True
P019,10.1016/j.jallcom.2025.179770,P019_C03,Initial_FCC_fraction,UNKNOWN,Cannot distinguish not reported from not extracted without paper review,Journal of Alloys and Compounds 1022 (2025) 179770,True
P019,10.1016/j.jallcom.2025.179770,P019_C03,Initial_HCP_fraction,UNKNOWN,Cannot distinguish not reported from not extracted without paper review,Journal of Alloys and Compounds 1022 (2025) 179770,True
P019,10.1016/j.jallcom.2025.179770,P019_C03,Strain_rate_s-1,UNKNOWN,Cannot distinguish not reported from not extracted without paper review,Journal of Alloys and Compounds 1022 (2025) 179770,True
P019,10.1016/j.jallcom.2025.179770,P019_C03,Homogenization_T_K,UNKNOWN,Cannot distinguish not reported from not extracted without paper review,Journal of Alloys and Compounds 1022 (2025) 179770,True
P019,10.1016/j.jallcom.2025.179770,P019_C03,Homogenization_time_h,UNKNOWN,Cannot distinguish not reported from not extracted without paper review,Journal of Alloys and Compounds 1022 (2025) 179770,True
P019,10.1016/j.jallcom.2025.179770,P019_C03,Hot_rolling_T_K,UNKNOWN,Cannot distinguish not reported from not extracted without paper review,Journal of Alloys and Compounds 1022 (2025) 179770,True
P019,10.1016/j.jallcom.2025.179770,P019_C03,Hot_rolling_reduction_pct,UNKNOWN,Cannot distinguish not reported from not extracted without paper review,Journal of Alloys and Compounds 1022 (2025) 179770,True
P019,10.1016/j.jallcom.2025.179770,P019_C03,Cold_rolling_reduction_pct,UNKNOWN,Cannot distinguish not reported from not extracted without paper review,Journal of Alloys and Compounds 1022 (2025) 179770,True
P019,10.1016/j.jallcom.2025.179770,P019_C03,Annealing_T_K,UNKNOWN,Cannot distinguish not reported from not extracted without paper review,Journal of Alloys and Compounds 1022 (2025) 179770,True
P019,10.1016/j.jallcom.2025.179770,P019_C03,Annealing_time_min,UNKNOWN,Cannot distinguish not reported from not extracted without paper review,Journal of Alloys and Compounds 1022 (2025) 179770,True
