Paper_ID,DOI,Corrigendum_DOI,Material_Parent_ID,ML_Condition_ID,Record_ID,Feature_Name,Recovered_Value,Units,Evidence_Type,Evidence_Location,Method,Confidence,Recovery_Status,Source_URL
P002,10.1016/j.msea.2020.140441,10.1016/j.msea.2021.142419,P002_MAT_FE40MN10CO20CR20NI10,,P002_MAT_FE40MN10CO20CR20NI10,Nominal_Composition,Fe40Mn10Co20Cr20Ni10,at.%,DIRECT_TEXT,Abstract/Sec.2.1,Nominal alloy design,High,VERIFIED,https://doi.org/10.1016/j.msea.2020.140441
P002,10.1016/j.msea.2020.140441,10.1016/j.msea.2021.142419,P002_MAT_FE40MN10CO20CR20NI10,,P002_MAT_FE40MN10CO20CR20NI10,DeltaG_FCC_to_HCP,-292,J/mol,DIRECT_TEXT,Sec.2.1; Sec.4.2,Thermo-Calc TCFE7,High,VERIFIED,https://doi.org/10.1016/j.msea.2020.140441
P002,10.1016/j.msea.2020.140441,10.1016/j.msea.2021.142419,P002_MAT_FE40MN10CO20CR20NI10,,P002_MAT_FE40MN10CO20CR20NI10,SFE_gamma_SF_estimated,14,mJ/m2,DIRECT_TEXT,Sec.4.2 Eq.2,Thermodynamic estimate,High,VERIFIED,https://doi.org/10.1016/j.msea.2020.140441
P002,10.1016/j.msea.2020.140441,10.1016/j.msea.2021.142419,P002_MAT_FE40MN10CO20CR20NI10,P002_MC_A600_RT,P002_MC_A600_RT,Anneal_T_C,600,C,DIRECT_METHOD,Sec.2.1,Processing,High,VERIFIED,https://doi.org/10.1016/j.msea.2020.140441
P002,10.1016/j.msea.2020.140441,10.1016/j.msea.2021.142419,P002_MAT_FE40MN10CO20CR20NI10,P002_MC_A600_RT,P002_MC_A600_RT,Engineering_Strain_Rate,0.001,s^-1,DIRECT_METHOD,Sec.2.3,Tensile testing,High,VERIFIED,https://doi.org/10.1016/j.msea.2020.140441
P002,10.1016/j.msea.2020.140441,10.1016/j.msea.2021.142419,P002_MAT_FE40MN10CO20CR20NI10,P002_MC_A600_RT,P002_MC_A600_RT,Initial_HCP_fraction,0,fraction,DIRECT_EBSD_PHASE_ABSENCE,Sec.3.1,EBSD,High,VERIFIED,https://doi.org/10.1016/j.msea.2020.140441
P002,10.1016/j.msea.2020.140441,10.1016/j.msea.2021.142419,P002_MAT_FE40MN10CO20CR20NI10,P002_MC_A600_RT,P002_MC_A600_RT,RZ_Grain_Size,1.8,um,DIRECT_TEXT,Sec.3.1/Table 1 where applicable,EBSD/BSE,High,VERIFIED,https://doi.org/10.1016/j.msea.2020.140441
P002,10.1016/j.msea.2020.140441,10.1016/j.msea.2021.142419,P002_MAT_FE40MN10CO20CR20NI10,P002_MC_A600_RT,P002_MC_A600_RT,Recrystallized_Fraction,0.13,fraction,DIRECT_TEXT,Sec.3.1,EBSD/BSE,High,VERIFIED,https://doi.org/10.1016/j.msea.2020.140441
P002,10.1016/j.msea.2020.140441,10.1016/j.msea.2021.142419,P002_MAT_FE40MN10CO20CR20NI10,P002_MC_A600_RT,P002_MC_A600_RT,NonRecrystallized_Fraction,0.87,fraction,DIRECT_TEXT,Sec.3.1,EBSD/BSE,High,VERIFIED,https://doi.org/10.1016/j.msea.2020.140441
P002,10.1016/j.msea.2020.140441,10.1016/j.msea.2021.142419,P002_MAT_FE40MN10CO20CR20NI10,P002_MC_A700_RT,P002_MC_A700_RT,Anneal_T_C,700,C,DIRECT_METHOD,Sec.2.1,Processing,High,VERIFIED,https://doi.org/10.1016/j.msea.2020.140441
P002,10.1016/j.msea.2020.140441,10.1016/j.msea.2021.142419,P002_MAT_FE40MN10CO20CR20NI10,P002_MC_A700_RT,P002_MC_A700_RT,Engineering_Strain_Rate,0.001,s^-1,DIRECT_METHOD,Sec.2.3,Tensile testing,High,VERIFIED,https://doi.org/10.1016/j.msea.2020.140441
P002,10.1016/j.msea.2020.140441,10.1016/j.msea.2021.142419,P002_MAT_FE40MN10CO20CR20NI10,P002_MC_A700_RT,P002_MC_A700_RT,Initial_HCP_fraction,0,fraction,DIRECT_EBSD_PHASE_ABSENCE,Sec.3.1,EBSD,High,VERIFIED,https://doi.org/10.1016/j.msea.2020.140441
P002,10.1016/j.msea.2020.140441,10.1016/j.msea.2021.142419,P002_MAT_FE40MN10CO20CR20NI10,P002_MC_A700_RT,P002_MC_A700_RT,RZ_Grain_Size,3.6,um,DIRECT_TEXT,Sec.3.1/Table 1 where applicable,EBSD/BSE,High,VERIFIED,https://doi.org/10.1016/j.msea.2020.140441
P002,10.1016/j.msea.2020.140441,10.1016/j.msea.2021.142419,P002_MAT_FE40MN10CO20CR20NI10,P002_MC_A700_RT,P002_MC_A700_RT,Recrystallized_Fraction,0.92,fraction,DIRECT_TEXT,Sec.3.1,EBSD/BSE,High,VERIFIED,https://doi.org/10.1016/j.msea.2020.140441
P002,10.1016/j.msea.2020.140441,10.1016/j.msea.2021.142419,P002_MAT_FE40MN10CO20CR20NI10,P002_MC_A700_RT,P002_MC_A700_RT,NonRecrystallized_Fraction,0.08,fraction,DIRECT_TEXT,Sec.3.1,EBSD/BSE,High,VERIFIED,https://doi.org/10.1016/j.msea.2020.140441
P002,10.1016/j.msea.2020.140441,10.1016/j.msea.2021.142419,P002_MAT_FE40MN10CO20CR20NI10,P002_MC_A800_RT,P002_MC_A800_RT,Anneal_T_C,800,C,DIRECT_METHOD,Sec.2.1,Processing,High,VERIFIED,https://doi.org/10.1016/j.msea.2020.140441
P002,10.1016/j.msea.2020.140441,10.1016/j.msea.2021.142419,P002_MAT_FE40MN10CO20CR20NI10,P002_MC_A800_RT,P002_MC_A800_RT,Engineering_Strain_Rate,0.001,s^-1,DIRECT_METHOD,Sec.2.3,Tensile testing,High,VERIFIED,https://doi.org/10.1016/j.msea.2020.140441
P002,10.1016/j.msea.2020.140441,10.1016/j.msea.2021.142419,P002_MAT_FE40MN10CO20CR20NI10,P002_MC_A800_RT,P002_MC_A800_RT,Initial_HCP_fraction,0,fraction,DIRECT_EBSD_PHASE_ABSENCE,Sec.3.1,EBSD,High,VERIFIED,https://doi.org/10.1016/j.msea.2020.140441
P002,10.1016/j.msea.2020.140441,10.1016/j.msea.2021.142419,P002_MAT_FE40MN10CO20CR20NI10,P002_MC_A800_RT,P002_MC_A800_RT,RZ_Grain_Size,4.7,um,DIRECT_TEXT,Sec.3.1/Table 1 where applicable,EBSD/BSE,High,VERIFIED,https://doi.org/10.1016/j.msea.2020.140441
P002,10.1016/j.msea.2020.140441,10.1016/j.msea.2021.142419,P002_MAT_FE40MN10CO20CR20NI10,P002_MC_A800_RT,P002_MC_A800_RT,Recrystallized_Fraction,1,fraction,DIRECT_TEXT,Sec.3.1,EBSD/BSE,High,VERIFIED,https://doi.org/10.1016/j.msea.2020.140441
P002,10.1016/j.msea.2020.140441,10.1016/j.msea.2021.142419,P002_MAT_FE40MN10CO20CR20NI10,P002_MC_A800_RT,P002_MC_A800_RT,NonRecrystallized_Fraction,0,fraction,DIRECT_TEXT,Sec.3.1,EBSD/BSE,High,VERIFIED,https://doi.org/10.1016/j.msea.2020.140441
P002,10.1016/j.msea.2020.140441,10.1016/j.msea.2021.142419,P002_MAT_FE40MN10CO20CR20NI10,P002_MC_A700_RT,P002_MC_A700_RT,Effective_TRIP,1,binary,DIRECT_EBSD_TEM,"Sec.3.3; Figs.7,9",EBSD/TEM/SAED,High,VERIFIED,https://doi.org/10.1016/j.msea.2020.140441
P002,10.1016/j.msea.2020.140441,10.1016/j.msea.2021.142419,P002_MAT_FE40MN10CO20CR20NI10,P002_MC_A700_RT,P002_MC_A700_RT,Effective_TWIP,1,binary,DIRECT_TEM,Sec.3.3 Fig.9,TEM,High,VERIFIED,https://doi.org/10.1016/j.msea.2020.140441
P002,10.1016/j.msea.2020.140441,10.1016/j.msea.2021.142419,P002_MAT_FE40MN10CO20CR20NI10,P002_MC_A800_RT,P002_MC_A800_RT,Effective_TRIP,1,binary,DIRECT_EBSD_XRD,"Sec.3.3; Figs.7,8",EBSD/XRD,High,VERIFIED,https://doi.org/10.1016/j.msea.2020.140441
P002,10.1016/j.msea.2020.140441,10.1016/j.msea.2021.142419,P002_MAT_FE40MN10CO20CR20NI10,P002_MC_A800_RT,P002_MC_A800_RT,Effective_TWIP,1,binary,AUTHOR_CONDITION_ATTRIBUTION,Sec.4.2,Mechanistic attribution,Medium,VERIFIED_WITH_EVIDENCE_GRADE,https://doi.org/10.1016/j.msea.2020.140441
P002,10.1016/j.msea.2020.140441,10.1016/j.msea.2021.142419,P002_MAT_FE40MN10CO20CR20NI10,P002_MC_A600_RT,P002_MC_A600_RT,Effective_TRIP,UNRESOLVED_NA,binary,INSUFFICIENT_NEGATIVE_EVIDENCE,Sec.4.2,Source review,High,VERIFIED_NA,https://doi.org/10.1016/j.msea.2020.140441
P002,10.1016/j.msea.2020.140441,10.1016/j.msea.2021.142419,P002_MAT_FE40MN10CO20CR20NI10,P002_MC_A600_RT,P002_MC_A600_RT,Effective_TWIP,UNRESOLVED_NA,binary,INSUFFICIENT_NEGATIVE_EVIDENCE,Sec.4.2,Source review,High,VERIFIED_NA,https://doi.org/10.1016/j.msea.2020.140441
P002,10.1016/j.msea.2020.140441,10.1016/j.msea.2021.142419,P002_MAT_FE40MN10CO20CR20NI10,P002_MC_A600_RT,P002_MC_A600_RT,Original_Composition,Fe40Mn10Co20Cr20Ni10,as reported,MASTER_FIELD_MAPPING_FROM_VERIFIED_P002_EVIDENCE,Sec.2.1-2.3 pp.2; Sec.3.2 p.4; Sec.3.1 p.2; Fig.3; Sec.3.2 p.5; Sec.4.2 p.8,Source-reported; Celsius-to-K fields use explicit C + 273.15 unit representation,High_for_NA_decision,VERIFIED,https://doi.org/10.1016/j.msea.2020.140441
P002,10.1016/j.msea.2020.140441,10.1016/j.msea.2021.142419,P002_MAT_FE40MN10CO20CR20NI10,P002_MC_A600_RT,P002_MC_A600_RT,Composition_basis,at.% nominal,as reported,MASTER_FIELD_MAPPING_FROM_VERIFIED_P002_EVIDENCE,Sec.2.1-2.3 pp.2; Sec.3.2 p.4; Sec.3.1 p.2; Fig.3; Sec.3.2 p.5; Sec.4.2 p.8,Source-reported; Celsius-to-K fields use explicit C + 273.15 unit representation,High_for_NA_decision,VERIFIED,https://doi.org/10.1016/j.msea.2020.140441
P002,10.1016/j.msea.2020.140441,10.1016/j.msea.2021.142419,P002_MAT_FE40MN10CO20CR20NI10,P002_MC_A600_RT,P002_MC_A600_RT,Fe_at%,40,at.%,MASTER_FIELD_MAPPING_FROM_VERIFIED_P002_EVIDENCE,Sec.2.1-2.3 pp.2; Sec.3.2 p.4; Sec.3.1 p.2; Fig.3; Sec.3.2 p.5; Sec.4.2 p.8,Source-reported; Celsius-to-K fields use explicit C + 273.15 unit representation,High_for_NA_decision,VERIFIED,https://doi.org/10.1016/j.msea.2020.140441
P002,10.1016/j.msea.2020.140441,10.1016/j.msea.2021.142419,P002_MAT_FE40MN10CO20CR20NI10,P002_MC_A600_RT,P002_MC_A600_RT,Mn_at%,10,at.%,MASTER_FIELD_MAPPING_FROM_VERIFIED_P002_EVIDENCE,Sec.2.1-2.3 pp.2; Sec.3.2 p.4; Sec.3.1 p.2; Fig.3; Sec.3.2 p.5; Sec.4.2 p.8,Source-reported; Celsius-to-K fields use explicit C + 273.15 unit representation,High_for_NA_decision,VERIFIED,https://doi.org/10.1016/j.msea.2020.140441
P002,10.1016/j.msea.2020.140441,10.1016/j.msea.2021.142419,P002_MAT_FE40MN10CO20CR20NI10,P002_MC_A600_RT,P002_MC_A600_RT,Co_at%,20,at.%,MASTER_FIELD_MAPPING_FROM_VERIFIED_P002_EVIDENCE,Sec.2.1-2.3 pp.2; Sec.3.2 p.4; Sec.3.1 p.2; Fig.3; Sec.3.2 p.5; Sec.4.2 p.8,Source-reported; Celsius-to-K fields use explicit C + 273.15 unit representation,High_for_NA_decision,VERIFIED,https://doi.org/10.1016/j.msea.2020.140441
P002,10.1016/j.msea.2020.140441,10.1016/j.msea.2021.142419,P002_MAT_FE40MN10CO20CR20NI10,P002_MC_A600_RT,P002_MC_A600_RT,Cr_at%,20,at.%,MASTER_FIELD_MAPPING_FROM_VERIFIED_P002_EVIDENCE,Sec.2.1-2.3 pp.2; Sec.3.2 p.4; Sec.3.1 p.2; Fig.3; Sec.3.2 p.5; Sec.4.2 p.8,Source-reported; Celsius-to-K fields use explicit C + 273.15 unit representation,High_for_NA_decision,VERIFIED,https://doi.org/10.1016/j.msea.2020.140441
P002,10.1016/j.msea.2020.140441,10.1016/j.msea.2021.142419,P002_MAT_FE40MN10CO20CR20NI10,P002_MC_A600_RT,P002_MC_A600_RT,Ni_at%,10,at.%,MASTER_FIELD_MAPPING_FROM_VERIFIED_P002_EVIDENCE,Sec.2.1-2.3 pp.2; Sec.3.2 p.4; Sec.3.1 p.2; Fig.3; Sec.3.2 p.5; Sec.4.2 p.8,Source-reported; Celsius-to-K fields use explicit C + 273.15 unit representation,High_for_NA_decision,VERIFIED,https://doi.org/10.1016/j.msea.2020.140441
P002,10.1016/j.msea.2020.140441,10.1016/j.msea.2021.142419,P002_MAT_FE40MN10CO20CR20NI10,P002_MC_A600_RT,P002_MC_A600_RT,Measured_Bulk_Composition,UNRESOLVED_NA,as reported,MASTER_FIELD_MAPPING_FROM_VERIFIED_P002_EVIDENCE,Sec.2.1-2.3 pp.2; Sec.3.2 p.4; Sec.3.1 p.2; Fig.3; Sec.3.2 p.5; Sec.4.2 p.8,Source-reported; Celsius-to-K fields use explicit C + 273.15 unit representation,High_for_NA_decision,VERIFIED_NA,https://doi.org/10.1016/j.msea.2020.140441
P002,10.1016/j.msea.2020.140441,10.1016/j.msea.2021.142419,P002_MAT_FE40MN10CO20CR20NI10,P002_MC_A600_RT,P002_MC_A600_RT,Composition_Status,NOMINAL_ONLY_EDS_QUALITATIVE_HOMOGENEITY_NO_QUANTITATIVE_BULK_ANALYSIS,as reported,MASTER_FIELD_MAPPING_FROM_VERIFIED_P002_EVIDENCE,Sec.2.1-2.3 pp.2; Sec.3.2 p.4; Sec.3.1 p.2; Fig.3; Sec.3.2 p.5; Sec.4.2 p.8,Source-reported; Celsius-to-K fields use explicit C + 273.15 unit representation,High_for_NA_decision,VERIFIED,https://doi.org/10.1016/j.msea.2020.140441
P002,10.1016/j.msea.2020.140441,10.1016/j.msea.2021.142419,P002_MAT_FE40MN10CO20CR20NI10,P002_MC_A600_RT,P002_MC_A600_RT,Processing_route,Vacuum induction melting/casting from >99.8 wt% raw metals; hot rolled at 900 C from 10 to 5 mm (50%); homogenized at 1200 C for 2 h in Ar; water quenched; cold rolled from 5 to 1.5 mm (70%); annealed at 600 C for 30 min; water quenched,as reported,MASTER_FIELD_MAPPING_FROM_VERIFIED_P002_EVIDENCE,Sec.2.1-2.3 pp.2; Sec.3.2 p.4; Sec.3.1 p.2; Fig.3; Sec.3.2 p.5; Sec.4.2 p.8,Source-reported; Celsius-to-K fields use explicit C + 273.15 unit representation,High_for_NA_decision,VERIFIED,https://doi.org/10.1016/j.msea.2020.140441
P002,10.1016/j.msea.2020.140441,10.1016/j.msea.2021.142419,P002_MAT_FE40MN10CO20CR20NI10,P002_MC_A600_RT,P002_MC_A600_RT,Cast_method,Vacuum induction melting / casting,as reported,MASTER_FIELD_MAPPING_FROM_VERIFIED_P002_EVIDENCE,Sec.2.1-2.3 pp.2; Sec.3.2 p.4; Sec.3.1 p.2; Fig.3; Sec.3.2 p.5; Sec.4.2 p.8,Source-reported; Celsius-to-K fields use explicit C + 273.15 unit representation,High_for_NA_decision,VERIFIED,https://doi.org/10.1016/j.msea.2020.140441
P002,10.1016/j.msea.2020.140441,10.1016/j.msea.2021.142419,P002_MAT_FE40MN10CO20CR20NI10,P002_MC_A600_RT,P002_MC_A600_RT,Raw_Material_Purity,>99.8 wt%,as reported,MASTER_FIELD_MAPPING_FROM_VERIFIED_P002_EVIDENCE,Sec.2.1-2.3 pp.2; Sec.3.2 p.4; Sec.3.1 p.2; Fig.3; Sec.3.2 p.5; Sec.4.2 p.8,Source-reported; Celsius-to-K fields use explicit C + 273.15 unit representation,High_for_NA_decision,VERIFIED,https://doi.org/10.1016/j.msea.2020.140441
P002,10.1016/j.msea.2020.140441,10.1016/j.msea.2021.142419,P002_MAT_FE40MN10CO20CR20NI10,P002_MC_A600_RT,P002_MC_A600_RT,Hot_rolling_T_K,1173.15,K,MASTER_FIELD_MAPPING_FROM_VERIFIED_P002_EVIDENCE,Sec.2.1-2.3 pp.2; Sec.3.2 p.4; Sec.3.1 p.2; Fig.3; Sec.3.2 p.5; Sec.4.2 p.8,Source-reported; Celsius-to-K fields use explicit C + 273.15 unit representation,High_for_NA_decision,VERIFIED,https://doi.org/10.1016/j.msea.2020.140441
P002,10.1016/j.msea.2020.140441,10.1016/j.msea.2021.142419,P002_MAT_FE40MN10CO20CR20NI10,P002_MC_A600_RT,P002_MC_A600_RT,Hot_rolling_reduction_pct,50,%,MASTER_FIELD_MAPPING_FROM_VERIFIED_P002_EVIDENCE,Sec.2.1-2.3 pp.2; Sec.3.2 p.4; Sec.3.1 p.2; Fig.3; Sec.3.2 p.5; Sec.4.2 p.8,Source-reported; Celsius-to-K fields use explicit C + 273.15 unit representation,High_for_NA_decision,VERIFIED,https://doi.org/10.1016/j.msea.2020.140441
P002,10.1016/j.msea.2020.140441,10.1016/j.msea.2021.142419,P002_MAT_FE40MN10CO20CR20NI10,P002_MC_A600_RT,P002_MC_A600_RT,Hot_Roll_Input_Thickness_mm,10.0,mm,MASTER_FIELD_MAPPING_FROM_VERIFIED_P002_EVIDENCE,Sec.2.1-2.3 pp.2; Sec.3.2 p.4; Sec.3.1 p.2; Fig.3; Sec.3.2 p.5; Sec.4.2 p.8,Source-reported; Celsius-to-K fields use explicit C + 273.15 unit representation,High_for_NA_decision,VERIFIED,https://doi.org/10.1016/j.msea.2020.140441
P002,10.1016/j.msea.2020.140441,10.1016/j.msea.2021.142419,P002_MAT_FE40MN10CO20CR20NI10,P002_MC_A600_RT,P002_MC_A600_RT,Hot_Roll_Output_Thickness_mm,5.0,mm,MASTER_FIELD_MAPPING_FROM_VERIFIED_P002_EVIDENCE,Sec.2.1-2.3 pp.2; Sec.3.2 p.4; Sec.3.1 p.2; Fig.3; Sec.3.2 p.5; Sec.4.2 p.8,Source-reported; Celsius-to-K fields use explicit C + 273.15 unit representation,High_for_NA_decision,VERIFIED,https://doi.org/10.1016/j.msea.2020.140441
P002,10.1016/j.msea.2020.140441,10.1016/j.msea.2021.142419,P002_MAT_FE40MN10CO20CR20NI10,P002_MC_A600_RT,P002_MC_A600_RT,Homogenization_T_K,1473.15,K,MASTER_FIELD_MAPPING_FROM_VERIFIED_P002_EVIDENCE,Sec.2.1-2.3 pp.2; Sec.3.2 p.4; Sec.3.1 p.2; Fig.3; Sec.3.2 p.5; Sec.4.2 p.8,Source-reported; Celsius-to-K fields use explicit C + 273.15 unit representation,High_for_NA_decision,VERIFIED,https://doi.org/10.1016/j.msea.2020.140441
P002,10.1016/j.msea.2020.140441,10.1016/j.msea.2021.142419,P002_MAT_FE40MN10CO20CR20NI10,P002_MC_A600_RT,P002_MC_A600_RT,Homogenization_time_h,2,h,MASTER_FIELD_MAPPING_FROM_VERIFIED_P002_EVIDENCE,Sec.2.1-2.3 pp.2; Sec.3.2 p.4; Sec.3.1 p.2; Fig.3; Sec.3.2 p.5; Sec.4.2 p.8,Source-reported; Celsius-to-K fields use explicit C + 273.15 unit representation,High_for_NA_decision,VERIFIED,https://doi.org/10.1016/j.msea.2020.140441
P002,10.1016/j.msea.2020.140441,10.1016/j.msea.2021.142419,P002_MAT_FE40MN10CO20CR20NI10,P002_MC_A600_RT,P002_MC_A600_RT,Homogenization_Atmosphere,Ar,as reported,MASTER_FIELD_MAPPING_FROM_VERIFIED_P002_EVIDENCE,Sec.2.1-2.3 pp.2; Sec.3.2 p.4; Sec.3.1 p.2; Fig.3; Sec.3.2 p.5; Sec.4.2 p.8,Source-reported; Celsius-to-K fields use explicit C + 273.15 unit representation,High_for_NA_decision,VERIFIED,https://doi.org/10.1016/j.msea.2020.140441
P002,10.1016/j.msea.2020.140441,10.1016/j.msea.2021.142419,P002_MAT_FE40MN10CO20CR20NI10,P002_MC_A600_RT,P002_MC_A600_RT,Post_Homogenization_Quench,Water quench,as reported,MASTER_FIELD_MAPPING_FROM_VERIFIED_P002_EVIDENCE,Sec.2.1-2.3 pp.2; Sec.3.2 p.4; Sec.3.1 p.2; Fig.3; Sec.3.2 p.5; Sec.4.2 p.8,Source-reported; Celsius-to-K fields use explicit C + 273.15 unit representation,High_for_NA_decision,VERIFIED,https://doi.org/10.1016/j.msea.2020.140441
P002,10.1016/j.msea.2020.140441,10.1016/j.msea.2021.142419,P002_MAT_FE40MN10CO20CR20NI10,P002_MC_A600_RT,P002_MC_A600_RT,Cold_rolling_reduction_pct,70,%,MASTER_FIELD_MAPPING_FROM_VERIFIED_P002_EVIDENCE,Sec.2.1-2.3 pp.2; Sec.3.2 p.4; Sec.3.1 p.2; Fig.3; Sec.3.2 p.5; Sec.4.2 p.8,Source-reported; Celsius-to-K fields use explicit C + 273.15 unit representation,High_for_NA_decision,VERIFIED,https://doi.org/10.1016/j.msea.2020.140441
P002,10.1016/j.msea.2020.140441,10.1016/j.msea.2021.142419,P002_MAT_FE40MN10CO20CR20NI10,P002_MC_A600_RT,P002_MC_A600_RT,Cold_Roll_Input_Thickness_mm,5.0,mm,MASTER_FIELD_MAPPING_FROM_VERIFIED_P002_EVIDENCE,Sec.2.1-2.3 pp.2; Sec.3.2 p.4; Sec.3.1 p.2; Fig.3; Sec.3.2 p.5; Sec.4.2 p.8,Source-reported; Celsius-to-K fields use explicit C + 273.15 unit representation,High_for_NA_decision,VERIFIED,https://doi.org/10.1016/j.msea.2020.140441
P002,10.1016/j.msea.2020.140441,10.1016/j.msea.2021.142419,P002_MAT_FE40MN10CO20CR20NI10,P002_MC_A600_RT,P002_MC_A600_RT,Cold_Roll_Output_Thickness_mm,1.5,mm,MASTER_FIELD_MAPPING_FROM_VERIFIED_P002_EVIDENCE,Sec.2.1-2.3 pp.2; Sec.3.2 p.4; Sec.3.1 p.2; Fig.3; Sec.3.2 p.5; Sec.4.2 p.8,Source-reported; Celsius-to-K fields use explicit C + 273.15 unit representation,High_for_NA_decision,VERIFIED,https://doi.org/10.1016/j.msea.2020.140441
P002,10.1016/j.msea.2020.140441,10.1016/j.msea.2021.142419,P002_MAT_FE40MN10CO20CR20NI10,P002_MC_A600_RT,P002_MC_A600_RT,Annealing_T_K,873.15,K,MASTER_FIELD_MAPPING_FROM_VERIFIED_P002_EVIDENCE,Sec.2.1-2.3 pp.2; Sec.3.2 p.4; Sec.3.1 p.2; Fig.3; Sec.3.2 p.5; Sec.4.2 p.8,Source-reported; Celsius-to-K fields use explicit C + 273.15 unit representation,High_for_NA_decision,VERIFIED,https://doi.org/10.1016/j.msea.2020.140441
P002,10.1016/j.msea.2020.140441,10.1016/j.msea.2021.142419,P002_MAT_FE40MN10CO20CR20NI10,P002_MC_A600_RT,P002_MC_A600_RT,Annealing_time_min,30,min,MASTER_FIELD_MAPPING_FROM_VERIFIED_P002_EVIDENCE,Sec.2.1-2.3 pp.2; Sec.3.2 p.4; Sec.3.1 p.2; Fig.3; Sec.3.2 p.5; Sec.4.2 p.8,Source-reported; Celsius-to-K fields use explicit C + 273.15 unit representation,High_for_NA_decision,VERIFIED,https://doi.org/10.1016/j.msea.2020.140441
P002,10.1016/j.msea.2020.140441,10.1016/j.msea.2021.142419,P002_MAT_FE40MN10CO20CR20NI10,P002_MC_A600_RT,P002_MC_A600_RT,Cooling_route,Water quench,as reported,MASTER_FIELD_MAPPING_FROM_VERIFIED_P002_EVIDENCE,Sec.2.1-2.3 pp.2; Sec.3.2 p.4; Sec.3.1 p.2; Fig.3; Sec.3.2 p.5; Sec.4.2 p.8,Source-reported; Celsius-to-K fields use explicit C + 273.15 unit representation,High_for_NA_decision,VERIFIED,https://doi.org/10.1016/j.msea.2020.140441
P002,10.1016/j.msea.2020.140441,10.1016/j.msea.2021.142419,P002_MAT_FE40MN10CO20CR20NI10,P002_MC_A600_RT,P002_MC_A600_RT,Test_T_Raw,room temperature,as reported,MASTER_FIELD_MAPPING_FROM_VERIFIED_P002_EVIDENCE,Sec.2.1-2.3 pp.2; Sec.3.2 p.4; Sec.3.1 p.2; Fig.3; Sec.3.2 p.5; Sec.4.2 p.8,Source-reported; Celsius-to-K fields use explicit C + 273.15 unit representation,High_for_NA_decision,VERIFIED,https://doi.org/10.1016/j.msea.2020.140441
P002,10.1016/j.msea.2020.140441,10.1016/j.msea.2021.142419,P002_MAT_FE40MN10CO20CR20NI10,P002_MC_A600_RT,P002_MC_A600_RT,Test_T_K,UNRESOLVED_NA,K,MASTER_FIELD_MAPPING_FROM_VERIFIED_P002_EVIDENCE,Sec.2.1-2.3 pp.2; Sec.3.2 p.4; Sec.3.1 p.2; Fig.3; Sec.3.2 p.5; Sec.4.2 p.8,Source-reported; Celsius-to-K fields use explicit C + 273.15 unit representation,High_for_NA_decision,VERIFIED_NA,https://doi.org/10.1016/j.msea.2020.140441
P002,10.1016/j.msea.2020.140441,10.1016/j.msea.2021.142419,P002_MAT_FE40MN10CO20CR20NI10,P002_MC_A600_RT,P002_MC_A600_RT,Strain_rate_s-1,0.001,s^-1,MASTER_FIELD_MAPPING_FROM_VERIFIED_P002_EVIDENCE,Sec.2.1-2.3 pp.2; Sec.3.2 p.4; Sec.3.1 p.2; Fig.3; Sec.3.2 p.5; Sec.4.2 p.8,Source-reported; Celsius-to-K fields use explicit C + 273.15 unit representation,High_for_NA_decision,VERIFIED,https://doi.org/10.1016/j.msea.2020.140441
P002,10.1016/j.msea.2020.140441,10.1016/j.msea.2021.142419,P002_MAT_FE40MN10CO20CR20NI10,P002_MC_A600_RT,P002_MC_A600_RT,Loading_Mode,Uniaxial tension,as reported,MASTER_FIELD_MAPPING_FROM_VERIFIED_P002_EVIDENCE,Sec.2.1-2.3 pp.2; Sec.3.2 p.4; Sec.3.1 p.2; Fig.3; Sec.3.2 p.5; Sec.4.2 p.8,Source-reported; Celsius-to-K fields use explicit C + 273.15 unit representation,High_for_NA_decision,VERIFIED,https://doi.org/10.1016/j.msea.2020.140441
P002,10.1016/j.msea.2020.140441,10.1016/j.msea.2021.142419,P002_MAT_FE40MN10CO20CR20NI10,P002_MC_A600_RT,P002_MC_A600_RT,Gauge_length_mm,10,mm,MASTER_FIELD_MAPPING_FROM_VERIFIED_P002_EVIDENCE,Sec.2.1-2.3 pp.2; Sec.3.2 p.4; Sec.3.1 p.2; Fig.3; Sec.3.2 p.5; Sec.4.2 p.8,Source-reported; Celsius-to-K fields use explicit C + 273.15 unit representation,High_for_NA_decision,VERIFIED,https://doi.org/10.1016/j.msea.2020.140441
P002,10.1016/j.msea.2020.140441,10.1016/j.msea.2021.142419,P002_MAT_FE40MN10CO20CR20NI10,P002_MC_A600_RT,P002_MC_A600_RT,Gauge_width_mm,2.5,mm,MASTER_FIELD_MAPPING_FROM_VERIFIED_P002_EVIDENCE,Sec.2.1-2.3 pp.2; Sec.3.2 p.4; Sec.3.1 p.2; Fig.3; Sec.3.2 p.5; Sec.4.2 p.8,Source-reported; Celsius-to-K fields use explicit C + 273.15 unit representation,High_for_NA_decision,VERIFIED,https://doi.org/10.1016/j.msea.2020.140441
P002,10.1016/j.msea.2020.140441,10.1016/j.msea.2021.142419,P002_MAT_FE40MN10CO20CR20NI10,P002_MC_A600_RT,P002_MC_A600_RT,Specimen_thickness_mm,1.25,mm,MASTER_FIELD_MAPPING_FROM_VERIFIED_P002_EVIDENCE,Sec.2.1-2.3 pp.2; Sec.3.2 p.4; Sec.3.1 p.2; Fig.3; Sec.3.2 p.5; Sec.4.2 p.8,Source-reported; Celsius-to-K fields use explicit C + 273.15 unit representation,High_for_NA_decision,VERIFIED,https://doi.org/10.1016/j.msea.2020.140441
P002,10.1016/j.msea.2020.140441,10.1016/j.msea.2021.142419,P002_MAT_FE40MN10CO20CR20NI10,P002_MC_A600_RT,P002_MC_A600_RT,Replicate_n,3,count,MASTER_FIELD_MAPPING_FROM_VERIFIED_P002_EVIDENCE,Sec.2.1-2.3 pp.2; Sec.3.2 p.4; Sec.3.1 p.2; Fig.3; Sec.3.2 p.5; Sec.4.2 p.8,Source-reported; Celsius-to-K fields use explicit C + 273.15 unit representation,High_for_NA_decision,VERIFIED,https://doi.org/10.1016/j.msea.2020.140441
P002,10.1016/j.msea.2020.140441,10.1016/j.msea.2021.142419,P002_MAT_FE40MN10CO20CR20NI10,P002_MC_A600_RT,P002_MC_A600_RT,Initial_Phase,Single FCC,as reported,MASTER_FIELD_MAPPING_FROM_VERIFIED_P002_EVIDENCE,Sec.2.1-2.3 pp.2; Sec.3.2 p.4; Sec.3.1 p.2; Fig.3; Sec.3.2 p.5; Sec.4.2 p.8,Source-reported; Celsius-to-K fields use explicit C + 273.15 unit representation,High_for_NA_decision,VERIFIED,https://doi.org/10.1016/j.msea.2020.140441
P002,10.1016/j.msea.2020.140441,10.1016/j.msea.2021.142419,P002_MAT_FE40MN10CO20CR20NI10,P002_MC_A600_RT,P002_MC_A600_RT,Initial_FCC_fraction,UNRESOLVED_NA,fraction,MASTER_FIELD_MAPPING_FROM_VERIFIED_P002_EVIDENCE,Sec.2.1-2.3 pp.2; Sec.3.2 p.4; Sec.3.1 p.2; Fig.3; Sec.3.2 p.5; Sec.4.2 p.8,Source-reported; Celsius-to-K fields use explicit C + 273.15 unit representation,High_for_NA_decision,VERIFIED_NA,https://doi.org/10.1016/j.msea.2020.140441
P002,10.1016/j.msea.2020.140441,10.1016/j.msea.2021.142419,P002_MAT_FE40MN10CO20CR20NI10,P002_MC_A600_RT,P002_MC_A600_RT,Initial_HCP_fraction,0,fraction,MASTER_FIELD_MAPPING_FROM_VERIFIED_P002_EVIDENCE,Sec.2.1-2.3 pp.2; Sec.3.2 p.4; Sec.3.1 p.2; Fig.3; Sec.3.2 p.5; Sec.4.2 p.8,Source-reported; Celsius-to-K fields use explicit C + 273.15 unit representation,High_for_NA_decision,VERIFIED,https://doi.org/10.1016/j.msea.2020.140441
P002,10.1016/j.msea.2020.140441,10.1016/j.msea.2021.142419,P002_MAT_FE40MN10CO20CR20NI10,P002_MC_A600_RT,P002_MC_A600_RT,Initial_HCP_Status,DIRECT_EBSD_PHASE_ABSENCE,as reported,MASTER_FIELD_MAPPING_FROM_VERIFIED_P002_EVIDENCE,Sec.2.1-2.3 pp.2; Sec.3.2 p.4; Sec.3.1 p.2; Fig.3; Sec.3.2 p.5; Sec.4.2 p.8,Source-reported; Celsius-to-K fields use explicit C + 273.15 unit representation,High_for_NA_decision,VERIFIED,https://doi.org/10.1016/j.msea.2020.140441
P002,10.1016/j.msea.2020.140441,10.1016/j.msea.2021.142419,P002_MAT_FE40MN10CO20CR20NI10,P002_MC_A600_RT,P002_MC_A600_RT,Recrystallized_fraction,0.13,fraction,MASTER_FIELD_MAPPING_FROM_VERIFIED_P002_EVIDENCE,Sec.2.1-2.3 pp.2; Sec.3.2 p.4; Sec.3.1 p.2; Fig.3; Sec.3.2 p.5; Sec.4.2 p.8,Source-reported; Celsius-to-K fields use explicit C + 273.15 unit representation,High_for_NA_decision,VERIFIED,https://doi.org/10.1016/j.msea.2020.140441
P002,10.1016/j.msea.2020.140441,10.1016/j.msea.2021.142419,P002_MAT_FE40MN10CO20CR20NI10,P002_MC_A600_RT,P002_MC_A600_RT,NonRecrystallized_fraction,0.87,fraction,MASTER_FIELD_MAPPING_FROM_VERIFIED_P002_EVIDENCE,Sec.2.1-2.3 pp.2; Sec.3.2 p.4; Sec.3.1 p.2; Fig.3; Sec.3.2 p.5; Sec.4.2 p.8,Source-reported; Celsius-to-K fields use explicit C + 273.15 unit representation,High_for_NA_decision,VERIFIED,https://doi.org/10.1016/j.msea.2020.140441
P002,10.1016/j.msea.2020.140441,10.1016/j.msea.2021.142419,P002_MAT_FE40MN10CO20CR20NI10,P002_MC_A600_RT,P002_MC_A600_RT,RZ_Grain_Size_um,1.8,um,MASTER_FIELD_MAPPING_FROM_VERIFIED_P002_EVIDENCE,Sec.2.1-2.3 pp.2; Sec.3.2 p.4; Sec.3.1 p.2; Fig.3; Sec.3.2 p.5; Sec.4.2 p.8,Source-reported; Celsius-to-K fields use explicit C + 273.15 unit representation,High_for_NA_decision,VERIFIED,https://doi.org/10.1016/j.msea.2020.140441
P002,10.1016/j.msea.2020.140441,10.1016/j.msea.2021.142419,P002_MAT_FE40MN10CO20CR20NI10,P002_MC_A600_RT,P002_MC_A600_RT,NRZ_Subgrain_Size_um,0.4,um,MASTER_FIELD_MAPPING_FROM_VERIFIED_P002_EVIDENCE,Sec.2.1-2.3 pp.2; Sec.3.2 p.4; Sec.3.1 p.2; Fig.3; Sec.3.2 p.5; Sec.4.2 p.8,Source-reported; Celsius-to-K fields use explicit C + 273.15 unit representation,High_for_NA_decision,VERIFIED,https://doi.org/10.1016/j.msea.2020.140441
P002,10.1016/j.msea.2020.140441,10.1016/j.msea.2021.142419,P002_MAT_FE40MN10CO20CR20NI10,P002_MC_A600_RT,P002_MC_A600_RT,PreTest_Twin_State,Nanoscale twins in dominant NRZ; reduced Sigma3 fraction vs 700/800,as reported,MASTER_FIELD_MAPPING_FROM_VERIFIED_P002_EVIDENCE,Sec.2.1-2.3 pp.2; Sec.3.2 p.4; Sec.3.1 p.2; Fig.3; Sec.3.2 p.5; Sec.4.2 p.8,Source-reported; Celsius-to-K fields use explicit C + 273.15 unit representation,High_for_NA_decision,VERIFIED,https://doi.org/10.1016/j.msea.2020.140441
P002,10.1016/j.msea.2020.140441,10.1016/j.msea.2021.142419,P002_MAT_FE40MN10CO20CR20NI10,P002_MC_A600_RT,P002_MC_A600_RT,PreTest_Twin_Origin,PROCESSING_RETAINED_PRETEST_TWINS,as reported,MASTER_FIELD_MAPPING_FROM_VERIFIED_P002_EVIDENCE,Sec.2.1-2.3 pp.2; Sec.3.2 p.4; Sec.3.1 p.2; Fig.3; Sec.3.2 p.5; Sec.4.2 p.8,Source-reported; Celsius-to-K fields use explicit C + 273.15 unit representation,High_for_NA_decision,VERIFIED,https://doi.org/10.1016/j.msea.2020.140441
P002,10.1016/j.msea.2020.140441,10.1016/j.msea.2021.142419,P002_MAT_FE40MN10CO20CR20NI10,P002_MC_A600_RT,P002_MC_A600_RT,Initial_Dislocation_State,Dislocation tangles in NRZ,as reported,MASTER_FIELD_MAPPING_FROM_VERIFIED_P002_EVIDENCE,Sec.2.1-2.3 pp.2; Sec.3.2 p.4; Sec.3.1 p.2; Fig.3; Sec.3.2 p.5; Sec.4.2 p.8,Source-reported; Celsius-to-K fields use explicit C + 273.15 unit representation,High_for_NA_decision,VERIFIED,https://doi.org/10.1016/j.msea.2020.140441
P002,10.1016/j.msea.2020.140441,10.1016/j.msea.2021.142419,P002_MAT_FE40MN10CO20CR20NI10,P002_MC_A600_RT,P002_MC_A600_RT,Orientation_State,RZ/NRZ heterogeneous state,as reported,MASTER_FIELD_MAPPING_FROM_VERIFIED_P002_EVIDENCE,Sec.2.1-2.3 pp.2; Sec.3.2 p.4; Sec.3.1 p.2; Fig.3; Sec.3.2 p.5; Sec.4.2 p.8,Source-reported; Celsius-to-K fields use explicit C + 273.15 unit representation,High_for_NA_decision,VERIFIED,https://doi.org/10.1016/j.msea.2020.140441
P002,10.1016/j.msea.2020.140441,10.1016/j.msea.2021.142419,P002_MAT_FE40MN10CO20CR20NI10,P002_MC_A600_RT,P002_MC_A600_RT,YS_MPa,1060,MPa,MASTER_FIELD_MAPPING_FROM_VERIFIED_P002_EVIDENCE,Sec.2.1-2.3 pp.2; Sec.3.2 p.4; Sec.3.1 p.2; Fig.3; Sec.3.2 p.5; Sec.4.2 p.8,Source-reported; Celsius-to-K fields use explicit C + 273.15 unit representation,High_for_NA_decision,VERIFIED,https://doi.org/10.1016/j.msea.2020.140441
P002,10.1016/j.msea.2020.140441,10.1016/j.msea.2021.142419,P002_MAT_FE40MN10CO20CR20NI10,P002_MC_A600_RT,P002_MC_A600_RT,UTS_MPa,UNRESOLVED_NA,MPa,MASTER_FIELD_MAPPING_FROM_VERIFIED_P002_EVIDENCE,Sec.2.1-2.3 pp.2; Sec.3.2 p.4; Sec.3.1 p.2; Fig.3; Sec.3.2 p.5; Sec.4.2 p.8,Source-reported; Celsius-to-K fields use explicit C + 273.15 unit representation,High_for_NA_decision,VERIFIED_NA,https://doi.org/10.1016/j.msea.2020.140441
P002,10.1016/j.msea.2020.140441,10.1016/j.msea.2021.142419,P002_MAT_FE40MN10CO20CR20NI10,P002_MC_A600_RT,P002_MC_A600_RT,Elongation_pct,UNRESOLVED_NA,%,MASTER_FIELD_MAPPING_FROM_VERIFIED_P002_EVIDENCE,Sec.2.1-2.3 pp.2; Sec.3.2 p.4; Sec.3.1 p.2; Fig.3; Sec.3.2 p.5; Sec.4.2 p.8,Source-reported; Celsius-to-K fields use explicit C + 273.15 unit representation,High_for_NA_decision,VERIFIED_NA,https://doi.org/10.1016/j.msea.2020.140441
P002,10.1016/j.msea.2020.140441,10.1016/j.msea.2021.142419,P002_MAT_FE40MN10CO20CR20NI10,P002_MC_A600_RT,P002_MC_A600_RT,Original_TRIP,0.0,binary,MASTER_FIELD_MAPPING_FROM_VERIFIED_P002_EVIDENCE,Sec.2.1-2.3 pp.2; Sec.3.2 p.4; Sec.3.1 p.2; Fig.3; Sec.3.2 p.5; Sec.4.2 p.8,Source-reported; Celsius-to-K fields use explicit C + 273.15 unit representation,High_for_NA_decision,VERIFIED,https://doi.org/10.1016/j.msea.2020.140441
P002,10.1016/j.msea.2020.140441,10.1016/j.msea.2021.142419,P002_MAT_FE40MN10CO20CR20NI10,P002_MC_A600_RT,P002_MC_A600_RT,Original_TWIP,0.0,binary,MASTER_FIELD_MAPPING_FROM_VERIFIED_P002_EVIDENCE,Sec.2.1-2.3 pp.2; Sec.3.2 p.4; Sec.3.1 p.2; Fig.3; Sec.3.2 p.5; Sec.4.2 p.8,Source-reported; Celsius-to-K fields use explicit C + 273.15 unit representation,High_for_NA_decision,VERIFIED,https://doi.org/10.1016/j.msea.2020.140441
P002,10.1016/j.msea.2020.140441,10.1016/j.msea.2021.142419,P002_MAT_FE40MN10CO20CR20NI10,P002_MC_A600_RT,P002_MC_A600_RT,Effective_TRIP,UNRESOLVED_NA,binary,MASTER_FIELD_MAPPING_FROM_VERIFIED_P002_EVIDENCE,Sec.2.1-2.3 pp.2; Sec.3.2 p.4; Sec.3.1 p.2; Fig.3; Sec.3.2 p.5; Sec.4.2 p.8,Source-reported; Celsius-to-K fields use explicit C + 273.15 unit representation,High_for_NA_decision,VERIFIED_NA,https://doi.org/10.1016/j.msea.2020.140441
P002,10.1016/j.msea.2020.140441,10.1016/j.msea.2021.142419,P002_MAT_FE40MN10CO20CR20NI10,P002_MC_A600_RT,P002_MC_A600_RT,Effective_TWIP,UNRESOLVED_NA,binary,MASTER_FIELD_MAPPING_FROM_VERIFIED_P002_EVIDENCE,Sec.2.1-2.3 pp.2; Sec.3.2 p.4; Sec.3.1 p.2; Fig.3; Sec.3.2 p.5; Sec.4.2 p.8,Source-reported; Celsius-to-K fields use explicit C + 273.15 unit representation,High_for_NA_decision,VERIFIED_NA,https://doi.org/10.1016/j.msea.2020.140441
P002,10.1016/j.msea.2020.140441,10.1016/j.msea.2021.142419,P002_MAT_FE40MN10CO20CR20NI10,P002_MC_A600_RT,P002_MC_A600_RT,Slip,1,binary,MASTER_FIELD_MAPPING_FROM_VERIFIED_P002_EVIDENCE,Sec.2.1-2.3 pp.2; Sec.3.2 p.4; Sec.3.1 p.2; Fig.3; Sec.3.2 p.5; Sec.4.2 p.8,Source-reported; Celsius-to-K fields use explicit C + 273.15 unit representation,High_for_NA_decision,VERIFIED,https://doi.org/10.1016/j.msea.2020.140441
P002,10.1016/j.msea.2020.140441,10.1016/j.msea.2021.142419,P002_MAT_FE40MN10CO20CR20NI10,P002_MC_A600_RT,P002_MC_A600_RT,TRIP_Evidence_Type,NO_DIRECT_POST_TEST_TRIP_CHARACTERIZATION_FOR_600C,as reported,MASTER_FIELD_MAPPING_FROM_VERIFIED_P002_EVIDENCE,Sec.2.1-2.3 pp.2; Sec.3.2 p.4; Sec.3.1 p.2; Fig.3; Sec.3.2 p.5; Sec.4.2 p.8,Source-reported; Celsius-to-K fields use explicit C + 273.15 unit representation,High_for_NA_decision,VERIFIED,https://doi.org/10.1016/j.msea.2020.140441
P002,10.1016/j.msea.2020.140441,10.1016/j.msea.2021.142419,P002_MAT_FE40MN10CO20CR20NI10,P002_MC_A600_RT,P002_MC_A600_RT,TWIP_Evidence_Type,NO_DIRECT_POST_TEST_TWIN_CHARACTERIZATION_FOR_600C,as reported,MASTER_FIELD_MAPPING_FROM_VERIFIED_P002_EVIDENCE,Sec.2.1-2.3 pp.2; Sec.3.2 p.4; Sec.3.1 p.2; Fig.3; Sec.3.2 p.5; Sec.4.2 p.8,Source-reported; Celsius-to-K fields use explicit C + 273.15 unit representation,High_for_NA_decision,VERIFIED,https://doi.org/10.1016/j.msea.2020.140441
P002,10.1016/j.msea.2020.140441,10.1016/j.msea.2021.142419,P002_MAT_FE40MN10CO20CR20NI10,P002_MC_A600_RT,P002_MC_A600_RT,Negative_Evidence_Status,INSUFFICIENT_FOR_ZERO,as reported,MASTER_FIELD_MAPPING_FROM_VERIFIED_P002_EVIDENCE,Sec.2.1-2.3 pp.2; Sec.3.2 p.4; Sec.3.1 p.2; Fig.3; Sec.3.2 p.5; Sec.4.2 p.8,Source-reported; Celsius-to-K fields use explicit C + 273.15 unit representation,High_for_NA_decision,VERIFIED,https://doi.org/10.1016/j.msea.2020.140441
P002,10.1016/j.msea.2020.140441,10.1016/j.msea.2021.142419,P002_MAT_FE40MN10CO20CR20NI10,P002_MC_A600_RT,P002_MC_A600_RT,SFE_mJ_m2,14,mJ/m2,MASTER_FIELD_MAPPING_FROM_VERIFIED_P002_EVIDENCE,Sec.2.1-2.3 pp.2; Sec.3.2 p.4; Sec.3.1 p.2; Fig.3; Sec.3.2 p.5; Sec.4.2 p.8,Source-reported; Celsius-to-K fields use explicit C + 273.15 unit representation,High_for_NA_decision,VERIFIED,https://doi.org/10.1016/j.msea.2020.140441
P002,10.1016/j.msea.2020.140441,10.1016/j.msea.2021.142419,P002_MAT_FE40MN10CO20CR20NI10,P002_MC_A600_RT,P002_MC_A600_RT,SFE_method,"Thermodynamic estimate using DeltaG, strain energy, FCC/HCP interface energy and planar packing density",as reported,MASTER_FIELD_MAPPING_FROM_VERIFIED_P002_EVIDENCE,Sec.2.1-2.3 pp.2; Sec.3.2 p.4; Sec.3.1 p.2; Fig.3; Sec.3.2 p.5; Sec.4.2 p.8,Source-reported; Celsius-to-K fields use explicit C + 273.15 unit representation,High_for_NA_decision,VERIFIED,https://doi.org/10.1016/j.msea.2020.140441
P002,10.1016/j.msea.2020.140441,10.1016/j.msea.2021.142419,P002_MAT_FE40MN10CO20CR20NI10,P002_MC_A600_RT,P002_MC_A600_RT,SFE_Value_Status,CURRENT_PAPER_THERMODYNAMIC_ESTIMATE,as reported,MASTER_FIELD_MAPPING_FROM_VERIFIED_P002_EVIDENCE,Sec.2.1-2.3 pp.2; Sec.3.2 p.4; Sec.3.1 p.2; Fig.3; Sec.3.2 p.5; Sec.4.2 p.8,Source-reported; Celsius-to-K fields use explicit C + 273.15 unit representation,High_for_NA_decision,VERIFIED,https://doi.org/10.1016/j.msea.2020.140441
P002,10.1016/j.msea.2020.140441,10.1016/j.msea.2021.142419,P002_MAT_FE40MN10CO20CR20NI10,P002_MC_A600_RT,P002_MC_A600_RT,DeltaG_FCC_HCP_J_mol,-292,J/mol,MASTER_FIELD_MAPPING_FROM_VERIFIED_P002_EVIDENCE,Sec.2.1-2.3 pp.2; Sec.3.2 p.4; Sec.3.1 p.2; Fig.3; Sec.3.2 p.5; Sec.4.2 p.8,Source-reported; Celsius-to-K fields use explicit C + 273.15 unit representation,High_for_NA_decision,VERIFIED,https://doi.org/10.1016/j.msea.2020.140441
P002,10.1016/j.msea.2020.140441,10.1016/j.msea.2021.142419,P002_MAT_FE40MN10CO20CR20NI10,P002_MC_A600_RT,P002_MC_A600_RT,DeltaG_method,Thermo-Calc TCFE7,as reported,MASTER_FIELD_MAPPING_FROM_VERIFIED_P002_EVIDENCE,Sec.2.1-2.3 pp.2; Sec.3.2 p.4; Sec.3.1 p.2; Fig.3; Sec.3.2 p.5; Sec.4.2 p.8,Source-reported; Celsius-to-K fields use explicit C + 273.15 unit representation,High_for_NA_decision,VERIFIED,https://doi.org/10.1016/j.msea.2020.140441
P002,10.1016/j.msea.2020.140441,10.1016/j.msea.2021.142419,P002_MAT_FE40MN10CO20CR20NI10,P002_MC_A600_RT,P002_MC_A600_RT,DeltaG_Value_Status,CURRENT_PAPER_CALCULATED,as reported,MASTER_FIELD_MAPPING_FROM_VERIFIED_P002_EVIDENCE,Sec.2.1-2.3 pp.2; Sec.3.2 p.4; Sec.3.1 p.2; Fig.3; Sec.3.2 p.5; Sec.4.2 p.8,Source-reported; Celsius-to-K fields use explicit C + 273.15 unit representation,High_for_NA_decision,VERIFIED,https://doi.org/10.1016/j.msea.2020.140441
P002,10.1016/j.msea.2020.140441,10.1016/j.msea.2021.142419,P002_MAT_FE40MN10CO20CR20NI10,P002_MC_A600_RT,P002_MC_A600_RT,Physics_Temperature_K,300,K,MASTER_FIELD_MAPPING_FROM_VERIFIED_P002_EVIDENCE,Sec.2.1-2.3 pp.2; Sec.3.2 p.4; Sec.3.1 p.2; Fig.3; Sec.3.2 p.5; Sec.4.2 p.8,Source-reported; Celsius-to-K fields use explicit C + 273.15 unit representation,High_for_NA_decision,VERIFIED,https://doi.org/10.1016/j.msea.2020.140441
P002,10.1016/j.msea.2020.140441,10.1016/j.msea.2021.142419,P002_MAT_FE40MN10CO20CR20NI10,P002_MC_A700_RT,P002_MC_A700_RT,Original_Composition,Fe40Mn10Co20Cr20Ni10,as reported,MASTER_FIELD_MAPPING_FROM_VERIFIED_P002_EVIDENCE,"Sec.2.1-2.3 pp.2; Sec.3.2 p.4; Sec.3.1 pp.2-3; Figs.2,5; Abstract p.1; Sec.3.2 p.5; Conclusion p.9; Sec.4.2 p.8",Source-reported; Celsius-to-K fields use explicit C + 273.15 unit representation,High,VERIFIED,https://doi.org/10.1016/j.msea.2020.140441
P002,10.1016/j.msea.2020.140441,10.1016/j.msea.2021.142419,P002_MAT_FE40MN10CO20CR20NI10,P002_MC_A700_RT,P002_MC_A700_RT,Composition_basis,at.% nominal,as reported,MASTER_FIELD_MAPPING_FROM_VERIFIED_P002_EVIDENCE,"Sec.2.1-2.3 pp.2; Sec.3.2 p.4; Sec.3.1 pp.2-3; Figs.2,5; Abstract p.1; Sec.3.2 p.5; Conclusion p.9; Sec.4.2 p.8",Source-reported; Celsius-to-K fields use explicit C + 273.15 unit representation,High,VERIFIED,https://doi.org/10.1016/j.msea.2020.140441
P002,10.1016/j.msea.2020.140441,10.1016/j.msea.2021.142419,P002_MAT_FE40MN10CO20CR20NI10,P002_MC_A700_RT,P002_MC_A700_RT,Fe_at%,40,at.%,MASTER_FIELD_MAPPING_FROM_VERIFIED_P002_EVIDENCE,"Sec.2.1-2.3 pp.2; Sec.3.2 p.4; Sec.3.1 pp.2-3; Figs.2,5; Abstract p.1; Sec.3.2 p.5; Conclusion p.9; Sec.4.2 p.8",Source-reported; Celsius-to-K fields use explicit C + 273.15 unit representation,High,VERIFIED,https://doi.org/10.1016/j.msea.2020.140441
P002,10.1016/j.msea.2020.140441,10.1016/j.msea.2021.142419,P002_MAT_FE40MN10CO20CR20NI10,P002_MC_A700_RT,P002_MC_A700_RT,Mn_at%,10,at.%,MASTER_FIELD_MAPPING_FROM_VERIFIED_P002_EVIDENCE,"Sec.2.1-2.3 pp.2; Sec.3.2 p.4; Sec.3.1 pp.2-3; Figs.2,5; Abstract p.1; Sec.3.2 p.5; Conclusion p.9; Sec.4.2 p.8",Source-reported; Celsius-to-K fields use explicit C + 273.15 unit representation,High,VERIFIED,https://doi.org/10.1016/j.msea.2020.140441
P002,10.1016/j.msea.2020.140441,10.1016/j.msea.2021.142419,P002_MAT_FE40MN10CO20CR20NI10,P002_MC_A700_RT,P002_MC_A700_RT,Co_at%,20,at.%,MASTER_FIELD_MAPPING_FROM_VERIFIED_P002_EVIDENCE,"Sec.2.1-2.3 pp.2; Sec.3.2 p.4; Sec.3.1 pp.2-3; Figs.2,5; Abstract p.1; Sec.3.2 p.5; Conclusion p.9; Sec.4.2 p.8",Source-reported; Celsius-to-K fields use explicit C + 273.15 unit representation,High,VERIFIED,https://doi.org/10.1016/j.msea.2020.140441
P002,10.1016/j.msea.2020.140441,10.1016/j.msea.2021.142419,P002_MAT_FE40MN10CO20CR20NI10,P002_MC_A700_RT,P002_MC_A700_RT,Cr_at%,20,at.%,MASTER_FIELD_MAPPING_FROM_VERIFIED_P002_EVIDENCE,"Sec.2.1-2.3 pp.2; Sec.3.2 p.4; Sec.3.1 pp.2-3; Figs.2,5; Abstract p.1; Sec.3.2 p.5; Conclusion p.9; Sec.4.2 p.8",Source-reported; Celsius-to-K fields use explicit C + 273.15 unit representation,High,VERIFIED,https://doi.org/10.1016/j.msea.2020.140441
P002,10.1016/j.msea.2020.140441,10.1016/j.msea.2021.142419,P002_MAT_FE40MN10CO20CR20NI10,P002_MC_A700_RT,P002_MC_A700_RT,Ni_at%,10,at.%,MASTER_FIELD_MAPPING_FROM_VERIFIED_P002_EVIDENCE,"Sec.2.1-2.3 pp.2; Sec.3.2 p.4; Sec.3.1 pp.2-3; Figs.2,5; Abstract p.1; Sec.3.2 p.5; Conclusion p.9; Sec.4.2 p.8",Source-reported; Celsius-to-K fields use explicit C + 273.15 unit representation,High,VERIFIED,https://doi.org/10.1016/j.msea.2020.140441
P002,10.1016/j.msea.2020.140441,10.1016/j.msea.2021.142419,P002_MAT_FE40MN10CO20CR20NI10,P002_MC_A700_RT,P002_MC_A700_RT,Measured_Bulk_Composition,UNRESOLVED_NA,as reported,MASTER_FIELD_MAPPING_FROM_VERIFIED_P002_EVIDENCE,"Sec.2.1-2.3 pp.2; Sec.3.2 p.4; Sec.3.1 pp.2-3; Figs.2,5; Abstract p.1; Sec.3.2 p.5; Conclusion p.9; Sec.4.2 p.8",Source-reported; Celsius-to-K fields use explicit C + 273.15 unit representation,High,VERIFIED_NA,https://doi.org/10.1016/j.msea.2020.140441
P002,10.1016/j.msea.2020.140441,10.1016/j.msea.2021.142419,P002_MAT_FE40MN10CO20CR20NI10,P002_MC_A700_RT,P002_MC_A700_RT,Composition_Status,NOMINAL_ONLY_EDS_QUALITATIVE_HOMOGENEITY_NO_QUANTITATIVE_BULK_ANALYSIS,as reported,MASTER_FIELD_MAPPING_FROM_VERIFIED_P002_EVIDENCE,"Sec.2.1-2.3 pp.2; Sec.3.2 p.4; Sec.3.1 pp.2-3; Figs.2,5; Abstract p.1; Sec.3.2 p.5; Conclusion p.9; Sec.4.2 p.8",Source-reported; Celsius-to-K fields use explicit C + 273.15 unit representation,High,VERIFIED,https://doi.org/10.1016/j.msea.2020.140441
P002,10.1016/j.msea.2020.140441,10.1016/j.msea.2021.142419,P002_MAT_FE40MN10CO20CR20NI10,P002_MC_A700_RT,P002_MC_A700_RT,EDS_Qualitative_Homogeneity,Uniform qualitative elemental distribution,as reported,MASTER_FIELD_MAPPING_FROM_VERIFIED_P002_EVIDENCE,"Sec.2.1-2.3 pp.2; Sec.3.2 p.4; Sec.3.1 pp.2-3; Figs.2,5; Abstract p.1; Sec.3.2 p.5; Conclusion p.9; Sec.4.2 p.8",Source-reported; Celsius-to-K fields use explicit C + 273.15 unit representation,High,VERIFIED,https://doi.org/10.1016/j.msea.2020.140441
P002,10.1016/j.msea.2020.140441,10.1016/j.msea.2021.142419,P002_MAT_FE40MN10CO20CR20NI10,P002_MC_A700_RT,P002_MC_A700_RT,Processing_route,Vacuum induction melting/casting from >99.8 wt% raw metals; hot rolled at 900 C from 10 to 5 mm (50%); homogenized at 1200 C for 2 h in Ar; water quenched; cold rolled from 5 to 1.5 mm (70%); annealed at 700 C for 30 min; water quenched,as reported,MASTER_FIELD_MAPPING_FROM_VERIFIED_P002_EVIDENCE,"Sec.2.1-2.3 pp.2; Sec.3.2 p.4; Sec.3.1 pp.2-3; Figs.2,5; Abstract p.1; Sec.3.2 p.5; Conclusion p.9; Sec.4.2 p.8",Source-reported; Celsius-to-K fields use explicit C + 273.15 unit representation,High,VERIFIED,https://doi.org/10.1016/j.msea.2020.140441
P002,10.1016/j.msea.2020.140441,10.1016/j.msea.2021.142419,P002_MAT_FE40MN10CO20CR20NI10,P002_MC_A700_RT,P002_MC_A700_RT,Cast_method,Vacuum induction melting / casting,as reported,MASTER_FIELD_MAPPING_FROM_VERIFIED_P002_EVIDENCE,"Sec.2.1-2.3 pp.2; Sec.3.2 p.4; Sec.3.1 pp.2-3; Figs.2,5; Abstract p.1; Sec.3.2 p.5; Conclusion p.9; Sec.4.2 p.8",Source-reported; Celsius-to-K fields use explicit C + 273.15 unit representation,High,VERIFIED,https://doi.org/10.1016/j.msea.2020.140441
P002,10.1016/j.msea.2020.140441,10.1016/j.msea.2021.142419,P002_MAT_FE40MN10CO20CR20NI10,P002_MC_A700_RT,P002_MC_A700_RT,Raw_Material_Purity,>99.8 wt%,as reported,MASTER_FIELD_MAPPING_FROM_VERIFIED_P002_EVIDENCE,"Sec.2.1-2.3 pp.2; Sec.3.2 p.4; Sec.3.1 pp.2-3; Figs.2,5; Abstract p.1; Sec.3.2 p.5; Conclusion p.9; Sec.4.2 p.8",Source-reported; Celsius-to-K fields use explicit C + 273.15 unit representation,High,VERIFIED,https://doi.org/10.1016/j.msea.2020.140441
P002,10.1016/j.msea.2020.140441,10.1016/j.msea.2021.142419,P002_MAT_FE40MN10CO20CR20NI10,P002_MC_A700_RT,P002_MC_A700_RT,Hot_rolling_T_K,1173.15,K,MASTER_FIELD_MAPPING_FROM_VERIFIED_P002_EVIDENCE,"Sec.2.1-2.3 pp.2; Sec.3.2 p.4; Sec.3.1 pp.2-3; Figs.2,5; Abstract p.1; Sec.3.2 p.5; Conclusion p.9; Sec.4.2 p.8",Source-reported; Celsius-to-K fields use explicit C + 273.15 unit representation,High,VERIFIED,https://doi.org/10.1016/j.msea.2020.140441
P002,10.1016/j.msea.2020.140441,10.1016/j.msea.2021.142419,P002_MAT_FE40MN10CO20CR20NI10,P002_MC_A700_RT,P002_MC_A700_RT,Hot_rolling_reduction_pct,50,%,MASTER_FIELD_MAPPING_FROM_VERIFIED_P002_EVIDENCE,"Sec.2.1-2.3 pp.2; Sec.3.2 p.4; Sec.3.1 pp.2-3; Figs.2,5; Abstract p.1; Sec.3.2 p.5; Conclusion p.9; Sec.4.2 p.8",Source-reported; Celsius-to-K fields use explicit C + 273.15 unit representation,High,VERIFIED,https://doi.org/10.1016/j.msea.2020.140441
P002,10.1016/j.msea.2020.140441,10.1016/j.msea.2021.142419,P002_MAT_FE40MN10CO20CR20NI10,P002_MC_A700_RT,P002_MC_A700_RT,Hot_Roll_Input_Thickness_mm,10.0,mm,MASTER_FIELD_MAPPING_FROM_VERIFIED_P002_EVIDENCE,"Sec.2.1-2.3 pp.2; Sec.3.2 p.4; Sec.3.1 pp.2-3; Figs.2,5; Abstract p.1; Sec.3.2 p.5; Conclusion p.9; Sec.4.2 p.8",Source-reported; Celsius-to-K fields use explicit C + 273.15 unit representation,High,VERIFIED,https://doi.org/10.1016/j.msea.2020.140441
P002,10.1016/j.msea.2020.140441,10.1016/j.msea.2021.142419,P002_MAT_FE40MN10CO20CR20NI10,P002_MC_A700_RT,P002_MC_A700_RT,Hot_Roll_Output_Thickness_mm,5.0,mm,MASTER_FIELD_MAPPING_FROM_VERIFIED_P002_EVIDENCE,"Sec.2.1-2.3 pp.2; Sec.3.2 p.4; Sec.3.1 pp.2-3; Figs.2,5; Abstract p.1; Sec.3.2 p.5; Conclusion p.9; Sec.4.2 p.8",Source-reported; Celsius-to-K fields use explicit C + 273.15 unit representation,High,VERIFIED,https://doi.org/10.1016/j.msea.2020.140441
P002,10.1016/j.msea.2020.140441,10.1016/j.msea.2021.142419,P002_MAT_FE40MN10CO20CR20NI10,P002_MC_A700_RT,P002_MC_A700_RT,Homogenization_T_K,1473.15,K,MASTER_FIELD_MAPPING_FROM_VERIFIED_P002_EVIDENCE,"Sec.2.1-2.3 pp.2; Sec.3.2 p.4; Sec.3.1 pp.2-3; Figs.2,5; Abstract p.1; Sec.3.2 p.5; Conclusion p.9; Sec.4.2 p.8",Source-reported; Celsius-to-K fields use explicit C + 273.15 unit representation,High,VERIFIED,https://doi.org/10.1016/j.msea.2020.140441
P002,10.1016/j.msea.2020.140441,10.1016/j.msea.2021.142419,P002_MAT_FE40MN10CO20CR20NI10,P002_MC_A700_RT,P002_MC_A700_RT,Homogenization_time_h,2,h,MASTER_FIELD_MAPPING_FROM_VERIFIED_P002_EVIDENCE,"Sec.2.1-2.3 pp.2; Sec.3.2 p.4; Sec.3.1 pp.2-3; Figs.2,5; Abstract p.1; Sec.3.2 p.5; Conclusion p.9; Sec.4.2 p.8",Source-reported; Celsius-to-K fields use explicit C + 273.15 unit representation,High,VERIFIED,https://doi.org/10.1016/j.msea.2020.140441
P002,10.1016/j.msea.2020.140441,10.1016/j.msea.2021.142419,P002_MAT_FE40MN10CO20CR20NI10,P002_MC_A700_RT,P002_MC_A700_RT,Homogenization_Atmosphere,Ar,as reported,MASTER_FIELD_MAPPING_FROM_VERIFIED_P002_EVIDENCE,"Sec.2.1-2.3 pp.2; Sec.3.2 p.4; Sec.3.1 pp.2-3; Figs.2,5; Abstract p.1; Sec.3.2 p.5; Conclusion p.9; Sec.4.2 p.8",Source-reported; Celsius-to-K fields use explicit C + 273.15 unit representation,High,VERIFIED,https://doi.org/10.1016/j.msea.2020.140441
P002,10.1016/j.msea.2020.140441,10.1016/j.msea.2021.142419,P002_MAT_FE40MN10CO20CR20NI10,P002_MC_A700_RT,P002_MC_A700_RT,Post_Homogenization_Quench,Water quench,as reported,MASTER_FIELD_MAPPING_FROM_VERIFIED_P002_EVIDENCE,"Sec.2.1-2.3 pp.2; Sec.3.2 p.4; Sec.3.1 pp.2-3; Figs.2,5; Abstract p.1; Sec.3.2 p.5; Conclusion p.9; Sec.4.2 p.8",Source-reported; Celsius-to-K fields use explicit C + 273.15 unit representation,High,VERIFIED,https://doi.org/10.1016/j.msea.2020.140441
P002,10.1016/j.msea.2020.140441,10.1016/j.msea.2021.142419,P002_MAT_FE40MN10CO20CR20NI10,P002_MC_A700_RT,P002_MC_A700_RT,Cold_rolling_reduction_pct,70,%,MASTER_FIELD_MAPPING_FROM_VERIFIED_P002_EVIDENCE,"Sec.2.1-2.3 pp.2; Sec.3.2 p.4; Sec.3.1 pp.2-3; Figs.2,5; Abstract p.1; Sec.3.2 p.5; Conclusion p.9; Sec.4.2 p.8",Source-reported; Celsius-to-K fields use explicit C + 273.15 unit representation,High,VERIFIED,https://doi.org/10.1016/j.msea.2020.140441
P002,10.1016/j.msea.2020.140441,10.1016/j.msea.2021.142419,P002_MAT_FE40MN10CO20CR20NI10,P002_MC_A700_RT,P002_MC_A700_RT,Cold_Roll_Input_Thickness_mm,5.0,mm,MASTER_FIELD_MAPPING_FROM_VERIFIED_P002_EVIDENCE,"Sec.2.1-2.3 pp.2; Sec.3.2 p.4; Sec.3.1 pp.2-3; Figs.2,5; Abstract p.1; Sec.3.2 p.5; Conclusion p.9; Sec.4.2 p.8",Source-reported; Celsius-to-K fields use explicit C + 273.15 unit representation,High,VERIFIED,https://doi.org/10.1016/j.msea.2020.140441
P002,10.1016/j.msea.2020.140441,10.1016/j.msea.2021.142419,P002_MAT_FE40MN10CO20CR20NI10,P002_MC_A700_RT,P002_MC_A700_RT,Cold_Roll_Output_Thickness_mm,1.5,mm,MASTER_FIELD_MAPPING_FROM_VERIFIED_P002_EVIDENCE,"Sec.2.1-2.3 pp.2; Sec.3.2 p.4; Sec.3.1 pp.2-3; Figs.2,5; Abstract p.1; Sec.3.2 p.5; Conclusion p.9; Sec.4.2 p.8",Source-reported; Celsius-to-K fields use explicit C + 273.15 unit representation,High,VERIFIED,https://doi.org/10.1016/j.msea.2020.140441
P002,10.1016/j.msea.2020.140441,10.1016/j.msea.2021.142419,P002_MAT_FE40MN10CO20CR20NI10,P002_MC_A700_RT,P002_MC_A700_RT,Annealing_T_K,973.15,K,MASTER_FIELD_MAPPING_FROM_VERIFIED_P002_EVIDENCE,"Sec.2.1-2.3 pp.2; Sec.3.2 p.4; Sec.3.1 pp.2-3; Figs.2,5; Abstract p.1; Sec.3.2 p.5; Conclusion p.9; Sec.4.2 p.8",Source-reported; Celsius-to-K fields use explicit C + 273.15 unit representation,High,VERIFIED,https://doi.org/10.1016/j.msea.2020.140441
P002,10.1016/j.msea.2020.140441,10.1016/j.msea.2021.142419,P002_MAT_FE40MN10CO20CR20NI10,P002_MC_A700_RT,P002_MC_A700_RT,Annealing_time_min,30,min,MASTER_FIELD_MAPPING_FROM_VERIFIED_P002_EVIDENCE,"Sec.2.1-2.3 pp.2; Sec.3.2 p.4; Sec.3.1 pp.2-3; Figs.2,5; Abstract p.1; Sec.3.2 p.5; Conclusion p.9; Sec.4.2 p.8",Source-reported; Celsius-to-K fields use explicit C + 273.15 unit representation,High,VERIFIED,https://doi.org/10.1016/j.msea.2020.140441
P002,10.1016/j.msea.2020.140441,10.1016/j.msea.2021.142419,P002_MAT_FE40MN10CO20CR20NI10,P002_MC_A700_RT,P002_MC_A700_RT,Cooling_route,Water quench,as reported,MASTER_FIELD_MAPPING_FROM_VERIFIED_P002_EVIDENCE,"Sec.2.1-2.3 pp.2; Sec.3.2 p.4; Sec.3.1 pp.2-3; Figs.2,5; Abstract p.1; Sec.3.2 p.5; Conclusion p.9; Sec.4.2 p.8",Source-reported; Celsius-to-K fields use explicit C + 273.15 unit representation,High,VERIFIED,https://doi.org/10.1016/j.msea.2020.140441
P002,10.1016/j.msea.2020.140441,10.1016/j.msea.2021.142419,P002_MAT_FE40MN10CO20CR20NI10,P002_MC_A700_RT,P002_MC_A700_RT,Test_T_Raw,room temperature,as reported,MASTER_FIELD_MAPPING_FROM_VERIFIED_P002_EVIDENCE,"Sec.2.1-2.3 pp.2; Sec.3.2 p.4; Sec.3.1 pp.2-3; Figs.2,5; Abstract p.1; Sec.3.2 p.5; Conclusion p.9; Sec.4.2 p.8",Source-reported; Celsius-to-K fields use explicit C + 273.15 unit representation,High,VERIFIED,https://doi.org/10.1016/j.msea.2020.140441
P002,10.1016/j.msea.2020.140441,10.1016/j.msea.2021.142419,P002_MAT_FE40MN10CO20CR20NI10,P002_MC_A700_RT,P002_MC_A700_RT,Test_T_K,UNRESOLVED_NA,K,MASTER_FIELD_MAPPING_FROM_VERIFIED_P002_EVIDENCE,"Sec.2.1-2.3 pp.2; Sec.3.2 p.4; Sec.3.1 pp.2-3; Figs.2,5; Abstract p.1; Sec.3.2 p.5; Conclusion p.9; Sec.4.2 p.8",Source-reported; Celsius-to-K fields use explicit C + 273.15 unit representation,High,VERIFIED_NA,https://doi.org/10.1016/j.msea.2020.140441
P002,10.1016/j.msea.2020.140441,10.1016/j.msea.2021.142419,P002_MAT_FE40MN10CO20CR20NI10,P002_MC_A700_RT,P002_MC_A700_RT,Strain_rate_s-1,0.001,s^-1,MASTER_FIELD_MAPPING_FROM_VERIFIED_P002_EVIDENCE,"Sec.2.1-2.3 pp.2; Sec.3.2 p.4; Sec.3.1 pp.2-3; Figs.2,5; Abstract p.1; Sec.3.2 p.5; Conclusion p.9; Sec.4.2 p.8",Source-reported; Celsius-to-K fields use explicit C + 273.15 unit representation,High,VERIFIED,https://doi.org/10.1016/j.msea.2020.140441
P002,10.1016/j.msea.2020.140441,10.1016/j.msea.2021.142419,P002_MAT_FE40MN10CO20CR20NI10,P002_MC_A700_RT,P002_MC_A700_RT,Loading_Mode,Uniaxial tension,as reported,MASTER_FIELD_MAPPING_FROM_VERIFIED_P002_EVIDENCE,"Sec.2.1-2.3 pp.2; Sec.3.2 p.4; Sec.3.1 pp.2-3; Figs.2,5; Abstract p.1; Sec.3.2 p.5; Conclusion p.9; Sec.4.2 p.8",Source-reported; Celsius-to-K fields use explicit C + 273.15 unit representation,High,VERIFIED,https://doi.org/10.1016/j.msea.2020.140441
P002,10.1016/j.msea.2020.140441,10.1016/j.msea.2021.142419,P002_MAT_FE40MN10CO20CR20NI10,P002_MC_A700_RT,P002_MC_A700_RT,Gauge_length_mm,10,mm,MASTER_FIELD_MAPPING_FROM_VERIFIED_P002_EVIDENCE,"Sec.2.1-2.3 pp.2; Sec.3.2 p.4; Sec.3.1 pp.2-3; Figs.2,5; Abstract p.1; Sec.3.2 p.5; Conclusion p.9; Sec.4.2 p.8",Source-reported; Celsius-to-K fields use explicit C + 273.15 unit representation,High,VERIFIED,https://doi.org/10.1016/j.msea.2020.140441
P002,10.1016/j.msea.2020.140441,10.1016/j.msea.2021.142419,P002_MAT_FE40MN10CO20CR20NI10,P002_MC_A700_RT,P002_MC_A700_RT,Gauge_width_mm,2.5,mm,MASTER_FIELD_MAPPING_FROM_VERIFIED_P002_EVIDENCE,"Sec.2.1-2.3 pp.2; Sec.3.2 p.4; Sec.3.1 pp.2-3; Figs.2,5; Abstract p.1; Sec.3.2 p.5; Conclusion p.9; Sec.4.2 p.8",Source-reported; Celsius-to-K fields use explicit C + 273.15 unit representation,High,VERIFIED,https://doi.org/10.1016/j.msea.2020.140441
P002,10.1016/j.msea.2020.140441,10.1016/j.msea.2021.142419,P002_MAT_FE40MN10CO20CR20NI10,P002_MC_A700_RT,P002_MC_A700_RT,Specimen_thickness_mm,1.25,mm,MASTER_FIELD_MAPPING_FROM_VERIFIED_P002_EVIDENCE,"Sec.2.1-2.3 pp.2; Sec.3.2 p.4; Sec.3.1 pp.2-3; Figs.2,5; Abstract p.1; Sec.3.2 p.5; Conclusion p.9; Sec.4.2 p.8",Source-reported; Celsius-to-K fields use explicit C + 273.15 unit representation,High,VERIFIED,https://doi.org/10.1016/j.msea.2020.140441
P002,10.1016/j.msea.2020.140441,10.1016/j.msea.2021.142419,P002_MAT_FE40MN10CO20CR20NI10,P002_MC_A700_RT,P002_MC_A700_RT,Replicate_n,3,count,MASTER_FIELD_MAPPING_FROM_VERIFIED_P002_EVIDENCE,"Sec.2.1-2.3 pp.2; Sec.3.2 p.4; Sec.3.1 pp.2-3; Figs.2,5; Abstract p.1; Sec.3.2 p.5; Conclusion p.9; Sec.4.2 p.8",Source-reported; Celsius-to-K fields use explicit C + 273.15 unit representation,High,VERIFIED,https://doi.org/10.1016/j.msea.2020.140441
P002,10.1016/j.msea.2020.140441,10.1016/j.msea.2021.142419,P002_MAT_FE40MN10CO20CR20NI10,P002_MC_A700_RT,P002_MC_A700_RT,Initial_Phase,Single FCC,as reported,MASTER_FIELD_MAPPING_FROM_VERIFIED_P002_EVIDENCE,"Sec.2.1-2.3 pp.2; Sec.3.2 p.4; Sec.3.1 pp.2-3; Figs.2,5; Abstract p.1; Sec.3.2 p.5; Conclusion p.9; Sec.4.2 p.8",Source-reported; Celsius-to-K fields use explicit C + 273.15 unit representation,High,VERIFIED,https://doi.org/10.1016/j.msea.2020.140441
P002,10.1016/j.msea.2020.140441,10.1016/j.msea.2021.142419,P002_MAT_FE40MN10CO20CR20NI10,P002_MC_A700_RT,P002_MC_A700_RT,Initial_FCC_fraction,UNRESOLVED_NA,fraction,MASTER_FIELD_MAPPING_FROM_VERIFIED_P002_EVIDENCE,"Sec.2.1-2.3 pp.2; Sec.3.2 p.4; Sec.3.1 pp.2-3; Figs.2,5; Abstract p.1; Sec.3.2 p.5; Conclusion p.9; Sec.4.2 p.8",Source-reported; Celsius-to-K fields use explicit C + 273.15 unit representation,High,VERIFIED_NA,https://doi.org/10.1016/j.msea.2020.140441
P002,10.1016/j.msea.2020.140441,10.1016/j.msea.2021.142419,P002_MAT_FE40MN10CO20CR20NI10,P002_MC_A700_RT,P002_MC_A700_RT,Initial_HCP_fraction,0,fraction,MASTER_FIELD_MAPPING_FROM_VERIFIED_P002_EVIDENCE,"Sec.2.1-2.3 pp.2; Sec.3.2 p.4; Sec.3.1 pp.2-3; Figs.2,5; Abstract p.1; Sec.3.2 p.5; Conclusion p.9; Sec.4.2 p.8",Source-reported; Celsius-to-K fields use explicit C + 273.15 unit representation,High,VERIFIED,https://doi.org/10.1016/j.msea.2020.140441
P002,10.1016/j.msea.2020.140441,10.1016/j.msea.2021.142419,P002_MAT_FE40MN10CO20CR20NI10,P002_MC_A700_RT,P002_MC_A700_RT,Initial_HCP_Status,DIRECT_EBSD_PHASE_ABSENCE,as reported,MASTER_FIELD_MAPPING_FROM_VERIFIED_P002_EVIDENCE,"Sec.2.1-2.3 pp.2; Sec.3.2 p.4; Sec.3.1 pp.2-3; Figs.2,5; Abstract p.1; Sec.3.2 p.5; Conclusion p.9; Sec.4.2 p.8",Source-reported; Celsius-to-K fields use explicit C + 273.15 unit representation,High,VERIFIED,https://doi.org/10.1016/j.msea.2020.140441
P002,10.1016/j.msea.2020.140441,10.1016/j.msea.2021.142419,P002_MAT_FE40MN10CO20CR20NI10,P002_MC_A700_RT,P002_MC_A700_RT,Recrystallized_fraction,0.92,fraction,MASTER_FIELD_MAPPING_FROM_VERIFIED_P002_EVIDENCE,"Sec.2.1-2.3 pp.2; Sec.3.2 p.4; Sec.3.1 pp.2-3; Figs.2,5; Abstract p.1; Sec.3.2 p.5; Conclusion p.9; Sec.4.2 p.8",Source-reported; Celsius-to-K fields use explicit C + 273.15 unit representation,High,VERIFIED,https://doi.org/10.1016/j.msea.2020.140441
P002,10.1016/j.msea.2020.140441,10.1016/j.msea.2021.142419,P002_MAT_FE40MN10CO20CR20NI10,P002_MC_A700_RT,P002_MC_A700_RT,NonRecrystallized_fraction,0.08,fraction,MASTER_FIELD_MAPPING_FROM_VERIFIED_P002_EVIDENCE,"Sec.2.1-2.3 pp.2; Sec.3.2 p.4; Sec.3.1 pp.2-3; Figs.2,5; Abstract p.1; Sec.3.2 p.5; Conclusion p.9; Sec.4.2 p.8",Source-reported; Celsius-to-K fields use explicit C + 273.15 unit representation,High,VERIFIED,https://doi.org/10.1016/j.msea.2020.140441
P002,10.1016/j.msea.2020.140441,10.1016/j.msea.2021.142419,P002_MAT_FE40MN10CO20CR20NI10,P002_MC_A700_RT,P002_MC_A700_RT,RZ_Grain_Size_um,3.6,um,MASTER_FIELD_MAPPING_FROM_VERIFIED_P002_EVIDENCE,"Sec.2.1-2.3 pp.2; Sec.3.2 p.4; Sec.3.1 pp.2-3; Figs.2,5; Abstract p.1; Sec.3.2 p.5; Conclusion p.9; Sec.4.2 p.8",Source-reported; Celsius-to-K fields use explicit C + 273.15 unit representation,High,VERIFIED,https://doi.org/10.1016/j.msea.2020.140441
P002,10.1016/j.msea.2020.140441,10.1016/j.msea.2021.142419,P002_MAT_FE40MN10CO20CR20NI10,P002_MC_A700_RT,P002_MC_A700_RT,NRZ_Subgrain_Size_um,0.95,um,MASTER_FIELD_MAPPING_FROM_VERIFIED_P002_EVIDENCE,"Sec.2.1-2.3 pp.2; Sec.3.2 p.4; Sec.3.1 pp.2-3; Figs.2,5; Abstract p.1; Sec.3.2 p.5; Conclusion p.9; Sec.4.2 p.8",Source-reported; Celsius-to-K fields use explicit C + 273.15 unit representation,High,VERIFIED,https://doi.org/10.1016/j.msea.2020.140441
P002,10.1016/j.msea.2020.140441,10.1016/j.msea.2021.142419,P002_MAT_FE40MN10CO20CR20NI10,P002_MC_A700_RT,P002_MC_A700_RT,NRZ_Avg_Dimension_um,12,um,MASTER_FIELD_MAPPING_FROM_VERIFIED_P002_EVIDENCE,"Sec.2.1-2.3 pp.2; Sec.3.2 p.4; Sec.3.1 pp.2-3; Figs.2,5; Abstract p.1; Sec.3.2 p.5; Conclusion p.9; Sec.4.2 p.8",Source-reported; Celsius-to-K fields use explicit C + 273.15 unit representation,High,VERIFIED,https://doi.org/10.1016/j.msea.2020.140441
P002,10.1016/j.msea.2020.140441,10.1016/j.msea.2021.142419,P002_MAT_FE40MN10CO20CR20NI10,P002_MC_A700_RT,P002_MC_A700_RT,PreTest_Twin_State,Annealing twins in RZ; nanoscale twins also present in NRZ,as reported,MASTER_FIELD_MAPPING_FROM_VERIFIED_P002_EVIDENCE,"Sec.2.1-2.3 pp.2; Sec.3.2 p.4; Sec.3.1 pp.2-3; Figs.2,5; Abstract p.1; Sec.3.2 p.5; Conclusion p.9; Sec.4.2 p.8",Source-reported; Celsius-to-K fields use explicit C + 273.15 unit representation,High,VERIFIED,https://doi.org/10.1016/j.msea.2020.140441
P002,10.1016/j.msea.2020.140441,10.1016/j.msea.2021.142419,P002_MAT_FE40MN10CO20CR20NI10,P002_MC_A700_RT,P002_MC_A700_RT,PreTest_Twin_Origin,MIXED_PRETEST_ANNEALING_PLUS_PROCESSING_RETAINED_TWINS,as reported,MASTER_FIELD_MAPPING_FROM_VERIFIED_P002_EVIDENCE,"Sec.2.1-2.3 pp.2; Sec.3.2 p.4; Sec.3.1 pp.2-3; Figs.2,5; Abstract p.1; Sec.3.2 p.5; Conclusion p.9; Sec.4.2 p.8",Source-reported; Celsius-to-K fields use explicit C + 273.15 unit representation,High,VERIFIED,https://doi.org/10.1016/j.msea.2020.140441
P002,10.1016/j.msea.2020.140441,10.1016/j.msea.2021.142419,P002_MAT_FE40MN10CO20CR20NI10,P002_MC_A700_RT,P002_MC_A700_RT,PreTest_Twin_Width_nm,220,nm,MASTER_FIELD_MAPPING_FROM_VERIFIED_P002_EVIDENCE,"Sec.2.1-2.3 pp.2; Sec.3.2 p.4; Sec.3.1 pp.2-3; Figs.2,5; Abstract p.1; Sec.3.2 p.5; Conclusion p.9; Sec.4.2 p.8",Source-reported; Celsius-to-K fields use explicit C + 273.15 unit representation,High,VERIFIED,https://doi.org/10.1016/j.msea.2020.140441
P002,10.1016/j.msea.2020.140441,10.1016/j.msea.2021.142419,P002_MAT_FE40MN10CO20CR20NI10,P002_MC_A700_RT,P002_MC_A700_RT,Sigma3_Twin_Boundary_Fraction_Raw,~27.5 vol% in RZ,as reported,MASTER_FIELD_MAPPING_FROM_VERIFIED_P002_EVIDENCE,"Sec.2.1-2.3 pp.2; Sec.3.2 p.4; Sec.3.1 pp.2-3; Figs.2,5; Abstract p.1; Sec.3.2 p.5; Conclusion p.9; Sec.4.2 p.8",Source-reported; Celsius-to-K fields use explicit C + 273.15 unit representation,High,VERIFIED,https://doi.org/10.1016/j.msea.2020.140441
P002,10.1016/j.msea.2020.140441,10.1016/j.msea.2021.142419,P002_MAT_FE40MN10CO20CR20NI10,P002_MC_A700_RT,P002_MC_A700_RT,Initial_Dislocation_State,Higher dislocation density in NRZ than RZ,as reported,MASTER_FIELD_MAPPING_FROM_VERIFIED_P002_EVIDENCE,"Sec.2.1-2.3 pp.2; Sec.3.2 p.4; Sec.3.1 pp.2-3; Figs.2,5; Abstract p.1; Sec.3.2 p.5; Conclusion p.9; Sec.4.2 p.8",Source-reported; Celsius-to-K fields use explicit C + 273.15 unit representation,High,VERIFIED,https://doi.org/10.1016/j.msea.2020.140441
P002,10.1016/j.msea.2020.140441,10.1016/j.msea.2021.142419,P002_MAT_FE40MN10CO20CR20NI10,P002_MC_A700_RT,P002_MC_A700_RT,Orientation_State,Randomized RZ grain orientation,as reported,MASTER_FIELD_MAPPING_FROM_VERIFIED_P002_EVIDENCE,"Sec.2.1-2.3 pp.2; Sec.3.2 p.4; Sec.3.1 pp.2-3; Figs.2,5; Abstract p.1; Sec.3.2 p.5; Conclusion p.9; Sec.4.2 p.8",Source-reported; Celsius-to-K fields use explicit C + 273.15 unit representation,High,VERIFIED,https://doi.org/10.1016/j.msea.2020.140441
P002,10.1016/j.msea.2020.140441,10.1016/j.msea.2021.142419,P002_MAT_FE40MN10CO20CR20NI10,P002_MC_A700_RT,P002_MC_A700_RT,YS_MPa,589,MPa,MASTER_FIELD_MAPPING_FROM_VERIFIED_P002_EVIDENCE,"Sec.2.1-2.3 pp.2; Sec.3.2 p.4; Sec.3.1 pp.2-3; Figs.2,5; Abstract p.1; Sec.3.2 p.5; Conclusion p.9; Sec.4.2 p.8",Source-reported; Celsius-to-K fields use explicit C + 273.15 unit representation,High,VERIFIED,https://doi.org/10.1016/j.msea.2020.140441
P002,10.1016/j.msea.2020.140441,10.1016/j.msea.2021.142419,P002_MAT_FE40MN10CO20CR20NI10,P002_MC_A700_RT,P002_MC_A700_RT,UTS_MPa,865,MPa,MASTER_FIELD_MAPPING_FROM_VERIFIED_P002_EVIDENCE,"Sec.2.1-2.3 pp.2; Sec.3.2 p.4; Sec.3.1 pp.2-3; Figs.2,5; Abstract p.1; Sec.3.2 p.5; Conclusion p.9; Sec.4.2 p.8",Source-reported; Celsius-to-K fields use explicit C + 273.15 unit representation,High,VERIFIED,https://doi.org/10.1016/j.msea.2020.140441
P002,10.1016/j.msea.2020.140441,10.1016/j.msea.2021.142419,P002_MAT_FE40MN10CO20CR20NI10,P002_MC_A700_RT,P002_MC_A700_RT,Elongation_pct,69.1,%,MASTER_FIELD_MAPPING_FROM_VERIFIED_P002_EVIDENCE,"Sec.2.1-2.3 pp.2; Sec.3.2 p.4; Sec.3.1 pp.2-3; Figs.2,5; Abstract p.1; Sec.3.2 p.5; Conclusion p.9; Sec.4.2 p.8",Source-reported; Celsius-to-K fields use explicit C + 273.15 unit representation,High,VERIFIED,https://doi.org/10.1016/j.msea.2020.140441
P002,10.1016/j.msea.2020.140441,10.1016/j.msea.2021.142419,P002_MAT_FE40MN10CO20CR20NI10,P002_MC_A700_RT,P002_MC_A700_RT,Original_TRIP,1.0,binary,MASTER_FIELD_MAPPING_FROM_VERIFIED_P002_EVIDENCE,"Sec.2.1-2.3 pp.2; Sec.3.2 p.4; Sec.3.1 pp.2-3; Figs.2,5; Abstract p.1; Sec.3.2 p.5; Conclusion p.9; Sec.4.2 p.8",Source-reported; Celsius-to-K fields use explicit C + 273.15 unit representation,High,VERIFIED,https://doi.org/10.1016/j.msea.2020.140441
P002,10.1016/j.msea.2020.140441,10.1016/j.msea.2021.142419,P002_MAT_FE40MN10CO20CR20NI10,P002_MC_A700_RT,P002_MC_A700_RT,Original_TWIP,1.0,binary,MASTER_FIELD_MAPPING_FROM_VERIFIED_P002_EVIDENCE,"Sec.2.1-2.3 pp.2; Sec.3.2 p.4; Sec.3.1 pp.2-3; Figs.2,5; Abstract p.1; Sec.3.2 p.5; Conclusion p.9; Sec.4.2 p.8",Source-reported; Celsius-to-K fields use explicit C + 273.15 unit representation,High,VERIFIED,https://doi.org/10.1016/j.msea.2020.140441
P002,10.1016/j.msea.2020.140441,10.1016/j.msea.2021.142419,P002_MAT_FE40MN10CO20CR20NI10,P002_MC_A700_RT,P002_MC_A700_RT,Effective_TRIP,1,binary,MASTER_FIELD_MAPPING_FROM_VERIFIED_P002_EVIDENCE,"Sec.2.1-2.3 pp.2; Sec.3.2 p.4; Sec.3.1 pp.2-3; Figs.2,5; Abstract p.1; Sec.3.2 p.5; Conclusion p.9; Sec.4.2 p.8",Source-reported; Celsius-to-K fields use explicit C + 273.15 unit representation,High,VERIFIED,https://doi.org/10.1016/j.msea.2020.140441
P002,10.1016/j.msea.2020.140441,10.1016/j.msea.2021.142419,P002_MAT_FE40MN10CO20CR20NI10,P002_MC_A700_RT,P002_MC_A700_RT,Effective_TWIP,1,binary,MASTER_FIELD_MAPPING_FROM_VERIFIED_P002_EVIDENCE,"Sec.2.1-2.3 pp.2; Sec.3.2 p.4; Sec.3.1 pp.2-3; Figs.2,5; Abstract p.1; Sec.3.2 p.5; Conclusion p.9; Sec.4.2 p.8",Source-reported; Celsius-to-K fields use explicit C + 273.15 unit representation,High,VERIFIED,https://doi.org/10.1016/j.msea.2020.140441
P002,10.1016/j.msea.2020.140441,10.1016/j.msea.2021.142419,P002_MAT_FE40MN10CO20CR20NI10,P002_MC_A700_RT,P002_MC_A700_RT,Slip,1,binary,MASTER_FIELD_MAPPING_FROM_VERIFIED_P002_EVIDENCE,"Sec.2.1-2.3 pp.2; Sec.3.2 p.4; Sec.3.1 pp.2-3; Figs.2,5; Abstract p.1; Sec.3.2 p.5; Conclusion p.9; Sec.4.2 p.8",Source-reported; Celsius-to-K fields use explicit C + 273.15 unit representation,High,VERIFIED,https://doi.org/10.1016/j.msea.2020.140441
P002,10.1016/j.msea.2020.140441,10.1016/j.msea.2021.142419,P002_MAT_FE40MN10CO20CR20NI10,P002_MC_A700_RT,P002_MC_A700_RT,TRIP_Evidence_Type,DIRECT_EBSD_PLUS_TEM_SAED_HCP,as reported,MASTER_FIELD_MAPPING_FROM_VERIFIED_P002_EVIDENCE,"Sec.2.1-2.3 pp.2; Sec.3.2 p.4; Sec.3.1 pp.2-3; Figs.2,5; Abstract p.1; Sec.3.2 p.5; Conclusion p.9; Sec.4.2 p.8",Source-reported; Celsius-to-K fields use explicit C + 273.15 unit representation,High,VERIFIED,https://doi.org/10.1016/j.msea.2020.140441
P002,10.1016/j.msea.2020.140441,10.1016/j.msea.2021.142419,P002_MAT_FE40MN10CO20CR20NI10,P002_MC_A700_RT,P002_MC_A700_RT,TWIP_Evidence_Type,DIRECT_TEM_DEFORMATION_TWIN_BUNDLES,as reported,MASTER_FIELD_MAPPING_FROM_VERIFIED_P002_EVIDENCE,"Sec.2.1-2.3 pp.2; Sec.3.2 p.4; Sec.3.1 pp.2-3; Figs.2,5; Abstract p.1; Sec.3.2 p.5; Conclusion p.9; Sec.4.2 p.8",Source-reported; Celsius-to-K fields use explicit C + 273.15 unit representation,High,VERIFIED,https://doi.org/10.1016/j.msea.2020.140441
P002,10.1016/j.msea.2020.140441,10.1016/j.msea.2021.142419,P002_MAT_FE40MN10CO20CR20NI10,P002_MC_A700_RT,P002_MC_A700_RT,Negative_Evidence_Status,NOT_APPLICABLE_POSITIVE_TARGET,as reported,MASTER_FIELD_MAPPING_FROM_VERIFIED_P002_EVIDENCE,"Sec.2.1-2.3 pp.2; Sec.3.2 p.4; Sec.3.1 pp.2-3; Figs.2,5; Abstract p.1; Sec.3.2 p.5; Conclusion p.9; Sec.4.2 p.8",Source-reported; Celsius-to-K fields use explicit C + 273.15 unit representation,High,VERIFIED,https://doi.org/10.1016/j.msea.2020.140441
P002,10.1016/j.msea.2020.140441,10.1016/j.msea.2021.142419,P002_MAT_FE40MN10CO20CR20NI10,P002_MC_A700_RT,P002_MC_A700_RT,SFE_mJ_m2,14,mJ/m2,MASTER_FIELD_MAPPING_FROM_VERIFIED_P002_EVIDENCE,"Sec.2.1-2.3 pp.2; Sec.3.2 p.4; Sec.3.1 pp.2-3; Figs.2,5; Abstract p.1; Sec.3.2 p.5; Conclusion p.9; Sec.4.2 p.8",Source-reported; Celsius-to-K fields use explicit C + 273.15 unit representation,High,VERIFIED,https://doi.org/10.1016/j.msea.2020.140441
P002,10.1016/j.msea.2020.140441,10.1016/j.msea.2021.142419,P002_MAT_FE40MN10CO20CR20NI10,P002_MC_A700_RT,P002_MC_A700_RT,SFE_method,"Thermodynamic estimate using DeltaG, strain energy, FCC/HCP interface energy and planar packing density",as reported,MASTER_FIELD_MAPPING_FROM_VERIFIED_P002_EVIDENCE,"Sec.2.1-2.3 pp.2; Sec.3.2 p.4; Sec.3.1 pp.2-3; Figs.2,5; Abstract p.1; Sec.3.2 p.5; Conclusion p.9; Sec.4.2 p.8",Source-reported; Celsius-to-K fields use explicit C + 273.15 unit representation,High,VERIFIED,https://doi.org/10.1016/j.msea.2020.140441
P002,10.1016/j.msea.2020.140441,10.1016/j.msea.2021.142419,P002_MAT_FE40MN10CO20CR20NI10,P002_MC_A700_RT,P002_MC_A700_RT,SFE_Value_Status,CURRENT_PAPER_THERMODYNAMIC_ESTIMATE,as reported,MASTER_FIELD_MAPPING_FROM_VERIFIED_P002_EVIDENCE,"Sec.2.1-2.3 pp.2; Sec.3.2 p.4; Sec.3.1 pp.2-3; Figs.2,5; Abstract p.1; Sec.3.2 p.5; Conclusion p.9; Sec.4.2 p.8",Source-reported; Celsius-to-K fields use explicit C + 273.15 unit representation,High,VERIFIED,https://doi.org/10.1016/j.msea.2020.140441
P002,10.1016/j.msea.2020.140441,10.1016/j.msea.2021.142419,P002_MAT_FE40MN10CO20CR20NI10,P002_MC_A700_RT,P002_MC_A700_RT,DeltaG_FCC_HCP_J_mol,-292,J/mol,MASTER_FIELD_MAPPING_FROM_VERIFIED_P002_EVIDENCE,"Sec.2.1-2.3 pp.2; Sec.3.2 p.4; Sec.3.1 pp.2-3; Figs.2,5; Abstract p.1; Sec.3.2 p.5; Conclusion p.9; Sec.4.2 p.8",Source-reported; Celsius-to-K fields use explicit C + 273.15 unit representation,High,VERIFIED,https://doi.org/10.1016/j.msea.2020.140441
P002,10.1016/j.msea.2020.140441,10.1016/j.msea.2021.142419,P002_MAT_FE40MN10CO20CR20NI10,P002_MC_A700_RT,P002_MC_A700_RT,DeltaG_method,Thermo-Calc TCFE7,as reported,MASTER_FIELD_MAPPING_FROM_VERIFIED_P002_EVIDENCE,"Sec.2.1-2.3 pp.2; Sec.3.2 p.4; Sec.3.1 pp.2-3; Figs.2,5; Abstract p.1; Sec.3.2 p.5; Conclusion p.9; Sec.4.2 p.8",Source-reported; Celsius-to-K fields use explicit C + 273.15 unit representation,High,VERIFIED,https://doi.org/10.1016/j.msea.2020.140441
P002,10.1016/j.msea.2020.140441,10.1016/j.msea.2021.142419,P002_MAT_FE40MN10CO20CR20NI10,P002_MC_A700_RT,P002_MC_A700_RT,DeltaG_Value_Status,CURRENT_PAPER_CALCULATED,as reported,MASTER_FIELD_MAPPING_FROM_VERIFIED_P002_EVIDENCE,"Sec.2.1-2.3 pp.2; Sec.3.2 p.4; Sec.3.1 pp.2-3; Figs.2,5; Abstract p.1; Sec.3.2 p.5; Conclusion p.9; Sec.4.2 p.8",Source-reported; Celsius-to-K fields use explicit C + 273.15 unit representation,High,VERIFIED,https://doi.org/10.1016/j.msea.2020.140441
P002,10.1016/j.msea.2020.140441,10.1016/j.msea.2021.142419,P002_MAT_FE40MN10CO20CR20NI10,P002_MC_A700_RT,P002_MC_A700_RT,Physics_Temperature_K,300,K,MASTER_FIELD_MAPPING_FROM_VERIFIED_P002_EVIDENCE,"Sec.2.1-2.3 pp.2; Sec.3.2 p.4; Sec.3.1 pp.2-3; Figs.2,5; Abstract p.1; Sec.3.2 p.5; Conclusion p.9; Sec.4.2 p.8",Source-reported; Celsius-to-K fields use explicit C + 273.15 unit representation,High,VERIFIED,https://doi.org/10.1016/j.msea.2020.140441
P002,10.1016/j.msea.2020.140441,10.1016/j.msea.2021.142419,P002_MAT_FE40MN10CO20CR20NI10,P002_MC_A800_RT,P002_MC_A800_RT,Original_Composition,Fe40Mn10Co20Cr20Ni10,as reported,MASTER_FIELD_MAPPING_FROM_VERIFIED_P002_EVIDENCE,Sec.2.1-2.3 pp.2; Sec.3.2 p.4; Sec.3.1 p.2; Fig.1; Fig.4; Abstract p.1; Sec.3.2 pp.4-5; Conclusion p.9; Sec.4.2 p.8,Source-reported; Celsius-to-K fields use explicit C + 273.15 unit representation,High_TRIP_Medium_TWIP,VERIFIED,https://doi.org/10.1016/j.msea.2020.140441
P002,10.1016/j.msea.2020.140441,10.1016/j.msea.2021.142419,P002_MAT_FE40MN10CO20CR20NI10,P002_MC_A800_RT,P002_MC_A800_RT,Composition_basis,at.% nominal,as reported,MASTER_FIELD_MAPPING_FROM_VERIFIED_P002_EVIDENCE,Sec.2.1-2.3 pp.2; Sec.3.2 p.4; Sec.3.1 p.2; Fig.1; Fig.4; Abstract p.1; Sec.3.2 pp.4-5; Conclusion p.9; Sec.4.2 p.8,Source-reported; Celsius-to-K fields use explicit C + 273.15 unit representation,High_TRIP_Medium_TWIP,VERIFIED,https://doi.org/10.1016/j.msea.2020.140441
P002,10.1016/j.msea.2020.140441,10.1016/j.msea.2021.142419,P002_MAT_FE40MN10CO20CR20NI10,P002_MC_A800_RT,P002_MC_A800_RT,Fe_at%,40,at.%,MASTER_FIELD_MAPPING_FROM_VERIFIED_P002_EVIDENCE,Sec.2.1-2.3 pp.2; Sec.3.2 p.4; Sec.3.1 p.2; Fig.1; Fig.4; Abstract p.1; Sec.3.2 pp.4-5; Conclusion p.9; Sec.4.2 p.8,Source-reported; Celsius-to-K fields use explicit C + 273.15 unit representation,High_TRIP_Medium_TWIP,VERIFIED,https://doi.org/10.1016/j.msea.2020.140441
P002,10.1016/j.msea.2020.140441,10.1016/j.msea.2021.142419,P002_MAT_FE40MN10CO20CR20NI10,P002_MC_A800_RT,P002_MC_A800_RT,Mn_at%,10,at.%,MASTER_FIELD_MAPPING_FROM_VERIFIED_P002_EVIDENCE,Sec.2.1-2.3 pp.2; Sec.3.2 p.4; Sec.3.1 p.2; Fig.1; Fig.4; Abstract p.1; Sec.3.2 pp.4-5; Conclusion p.9; Sec.4.2 p.8,Source-reported; Celsius-to-K fields use explicit C + 273.15 unit representation,High_TRIP_Medium_TWIP,VERIFIED,https://doi.org/10.1016/j.msea.2020.140441
P002,10.1016/j.msea.2020.140441,10.1016/j.msea.2021.142419,P002_MAT_FE40MN10CO20CR20NI10,P002_MC_A800_RT,P002_MC_A800_RT,Co_at%,20,at.%,MASTER_FIELD_MAPPING_FROM_VERIFIED_P002_EVIDENCE,Sec.2.1-2.3 pp.2; Sec.3.2 p.4; Sec.3.1 p.2; Fig.1; Fig.4; Abstract p.1; Sec.3.2 pp.4-5; Conclusion p.9; Sec.4.2 p.8,Source-reported; Celsius-to-K fields use explicit C + 273.15 unit representation,High_TRIP_Medium_TWIP,VERIFIED,https://doi.org/10.1016/j.msea.2020.140441
P002,10.1016/j.msea.2020.140441,10.1016/j.msea.2021.142419,P002_MAT_FE40MN10CO20CR20NI10,P002_MC_A800_RT,P002_MC_A800_RT,Cr_at%,20,at.%,MASTER_FIELD_MAPPING_FROM_VERIFIED_P002_EVIDENCE,Sec.2.1-2.3 pp.2; Sec.3.2 p.4; Sec.3.1 p.2; Fig.1; Fig.4; Abstract p.1; Sec.3.2 pp.4-5; Conclusion p.9; Sec.4.2 p.8,Source-reported; Celsius-to-K fields use explicit C + 273.15 unit representation,High_TRIP_Medium_TWIP,VERIFIED,https://doi.org/10.1016/j.msea.2020.140441
P002,10.1016/j.msea.2020.140441,10.1016/j.msea.2021.142419,P002_MAT_FE40MN10CO20CR20NI10,P002_MC_A800_RT,P002_MC_A800_RT,Ni_at%,10,at.%,MASTER_FIELD_MAPPING_FROM_VERIFIED_P002_EVIDENCE,Sec.2.1-2.3 pp.2; Sec.3.2 p.4; Sec.3.1 p.2; Fig.1; Fig.4; Abstract p.1; Sec.3.2 pp.4-5; Conclusion p.9; Sec.4.2 p.8,Source-reported; Celsius-to-K fields use explicit C + 273.15 unit representation,High_TRIP_Medium_TWIP,VERIFIED,https://doi.org/10.1016/j.msea.2020.140441
P002,10.1016/j.msea.2020.140441,10.1016/j.msea.2021.142419,P002_MAT_FE40MN10CO20CR20NI10,P002_MC_A800_RT,P002_MC_A800_RT,Measured_Bulk_Composition,UNRESOLVED_NA,as reported,MASTER_FIELD_MAPPING_FROM_VERIFIED_P002_EVIDENCE,Sec.2.1-2.3 pp.2; Sec.3.2 p.4; Sec.3.1 p.2; Fig.1; Fig.4; Abstract p.1; Sec.3.2 pp.4-5; Conclusion p.9; Sec.4.2 p.8,Source-reported; Celsius-to-K fields use explicit C + 273.15 unit representation,High_TRIP_Medium_TWIP,VERIFIED_NA,https://doi.org/10.1016/j.msea.2020.140441
P002,10.1016/j.msea.2020.140441,10.1016/j.msea.2021.142419,P002_MAT_FE40MN10CO20CR20NI10,P002_MC_A800_RT,P002_MC_A800_RT,Composition_Status,NOMINAL_ONLY_EDS_QUALITATIVE_HOMOGENEITY_NO_QUANTITATIVE_BULK_ANALYSIS,as reported,MASTER_FIELD_MAPPING_FROM_VERIFIED_P002_EVIDENCE,Sec.2.1-2.3 pp.2; Sec.3.2 p.4; Sec.3.1 p.2; Fig.1; Fig.4; Abstract p.1; Sec.3.2 pp.4-5; Conclusion p.9; Sec.4.2 p.8,Source-reported; Celsius-to-K fields use explicit C + 273.15 unit representation,High_TRIP_Medium_TWIP,VERIFIED,https://doi.org/10.1016/j.msea.2020.140441
P002,10.1016/j.msea.2020.140441,10.1016/j.msea.2021.142419,P002_MAT_FE40MN10CO20CR20NI10,P002_MC_A800_RT,P002_MC_A800_RT,EDS_Qualitative_Homogeneity,Five principal elements uniformly distributed qualitatively,as reported,MASTER_FIELD_MAPPING_FROM_VERIFIED_P002_EVIDENCE,Sec.2.1-2.3 pp.2; Sec.3.2 p.4; Sec.3.1 p.2; Fig.1; Fig.4; Abstract p.1; Sec.3.2 pp.4-5; Conclusion p.9; Sec.4.2 p.8,Source-reported; Celsius-to-K fields use explicit C + 273.15 unit representation,High_TRIP_Medium_TWIP,VERIFIED,https://doi.org/10.1016/j.msea.2020.140441
P002,10.1016/j.msea.2020.140441,10.1016/j.msea.2021.142419,P002_MAT_FE40MN10CO20CR20NI10,P002_MC_A800_RT,P002_MC_A800_RT,Processing_route,Vacuum induction melting/casting from >99.8 wt% raw metals; hot rolled at 900 C from 10 to 5 mm (50%); homogenized at 1200 C for 2 h in Ar; water quenched; cold rolled from 5 to 1.5 mm (70%); annealed at 800 C for 30 min; water quenched,as reported,MASTER_FIELD_MAPPING_FROM_VERIFIED_P002_EVIDENCE,Sec.2.1-2.3 pp.2; Sec.3.2 p.4; Sec.3.1 p.2; Fig.1; Fig.4; Abstract p.1; Sec.3.2 pp.4-5; Conclusion p.9; Sec.4.2 p.8,Source-reported; Celsius-to-K fields use explicit C + 273.15 unit representation,High_TRIP_Medium_TWIP,VERIFIED,https://doi.org/10.1016/j.msea.2020.140441
P002,10.1016/j.msea.2020.140441,10.1016/j.msea.2021.142419,P002_MAT_FE40MN10CO20CR20NI10,P002_MC_A800_RT,P002_MC_A800_RT,Cast_method,Vacuum induction melting / casting,as reported,MASTER_FIELD_MAPPING_FROM_VERIFIED_P002_EVIDENCE,Sec.2.1-2.3 pp.2; Sec.3.2 p.4; Sec.3.1 p.2; Fig.1; Fig.4; Abstract p.1; Sec.3.2 pp.4-5; Conclusion p.9; Sec.4.2 p.8,Source-reported; Celsius-to-K fields use explicit C + 273.15 unit representation,High_TRIP_Medium_TWIP,VERIFIED,https://doi.org/10.1016/j.msea.2020.140441
P002,10.1016/j.msea.2020.140441,10.1016/j.msea.2021.142419,P002_MAT_FE40MN10CO20CR20NI10,P002_MC_A800_RT,P002_MC_A800_RT,Raw_Material_Purity,>99.8 wt%,as reported,MASTER_FIELD_MAPPING_FROM_VERIFIED_P002_EVIDENCE,Sec.2.1-2.3 pp.2; Sec.3.2 p.4; Sec.3.1 p.2; Fig.1; Fig.4; Abstract p.1; Sec.3.2 pp.4-5; Conclusion p.9; Sec.4.2 p.8,Source-reported; Celsius-to-K fields use explicit C + 273.15 unit representation,High_TRIP_Medium_TWIP,VERIFIED,https://doi.org/10.1016/j.msea.2020.140441
P002,10.1016/j.msea.2020.140441,10.1016/j.msea.2021.142419,P002_MAT_FE40MN10CO20CR20NI10,P002_MC_A800_RT,P002_MC_A800_RT,Hot_rolling_T_K,1173.15,K,MASTER_FIELD_MAPPING_FROM_VERIFIED_P002_EVIDENCE,Sec.2.1-2.3 pp.2; Sec.3.2 p.4; Sec.3.1 p.2; Fig.1; Fig.4; Abstract p.1; Sec.3.2 pp.4-5; Conclusion p.9; Sec.4.2 p.8,Source-reported; Celsius-to-K fields use explicit C + 273.15 unit representation,High_TRIP_Medium_TWIP,VERIFIED,https://doi.org/10.1016/j.msea.2020.140441
P002,10.1016/j.msea.2020.140441,10.1016/j.msea.2021.142419,P002_MAT_FE40MN10CO20CR20NI10,P002_MC_A800_RT,P002_MC_A800_RT,Hot_rolling_reduction_pct,50,%,MASTER_FIELD_MAPPING_FROM_VERIFIED_P002_EVIDENCE,Sec.2.1-2.3 pp.2; Sec.3.2 p.4; Sec.3.1 p.2; Fig.1; Fig.4; Abstract p.1; Sec.3.2 pp.4-5; Conclusion p.9; Sec.4.2 p.8,Source-reported; Celsius-to-K fields use explicit C + 273.15 unit representation,High_TRIP_Medium_TWIP,VERIFIED,https://doi.org/10.1016/j.msea.2020.140441
P002,10.1016/j.msea.2020.140441,10.1016/j.msea.2021.142419,P002_MAT_FE40MN10CO20CR20NI10,P002_MC_A800_RT,P002_MC_A800_RT,Hot_Roll_Input_Thickness_mm,10.0,mm,MASTER_FIELD_MAPPING_FROM_VERIFIED_P002_EVIDENCE,Sec.2.1-2.3 pp.2; Sec.3.2 p.4; Sec.3.1 p.2; Fig.1; Fig.4; Abstract p.1; Sec.3.2 pp.4-5; Conclusion p.9; Sec.4.2 p.8,Source-reported; Celsius-to-K fields use explicit C + 273.15 unit representation,High_TRIP_Medium_TWIP,VERIFIED,https://doi.org/10.1016/j.msea.2020.140441
P002,10.1016/j.msea.2020.140441,10.1016/j.msea.2021.142419,P002_MAT_FE40MN10CO20CR20NI10,P002_MC_A800_RT,P002_MC_A800_RT,Hot_Roll_Output_Thickness_mm,5.0,mm,MASTER_FIELD_MAPPING_FROM_VERIFIED_P002_EVIDENCE,Sec.2.1-2.3 pp.2; Sec.3.2 p.4; Sec.3.1 p.2; Fig.1; Fig.4; Abstract p.1; Sec.3.2 pp.4-5; Conclusion p.9; Sec.4.2 p.8,Source-reported; Celsius-to-K fields use explicit C + 273.15 unit representation,High_TRIP_Medium_TWIP,VERIFIED,https://doi.org/10.1016/j.msea.2020.140441
P002,10.1016/j.msea.2020.140441,10.1016/j.msea.2021.142419,P002_MAT_FE40MN10CO20CR20NI10,P002_MC_A800_RT,P002_MC_A800_RT,Homogenization_T_K,1473.15,K,MASTER_FIELD_MAPPING_FROM_VERIFIED_P002_EVIDENCE,Sec.2.1-2.3 pp.2; Sec.3.2 p.4; Sec.3.1 p.2; Fig.1; Fig.4; Abstract p.1; Sec.3.2 pp.4-5; Conclusion p.9; Sec.4.2 p.8,Source-reported; Celsius-to-K fields use explicit C + 273.15 unit representation,High_TRIP_Medium_TWIP,VERIFIED,https://doi.org/10.1016/j.msea.2020.140441
P002,10.1016/j.msea.2020.140441,10.1016/j.msea.2021.142419,P002_MAT_FE40MN10CO20CR20NI10,P002_MC_A800_RT,P002_MC_A800_RT,Homogenization_time_h,2,h,MASTER_FIELD_MAPPING_FROM_VERIFIED_P002_EVIDENCE,Sec.2.1-2.3 pp.2; Sec.3.2 p.4; Sec.3.1 p.2; Fig.1; Fig.4; Abstract p.1; Sec.3.2 pp.4-5; Conclusion p.9; Sec.4.2 p.8,Source-reported; Celsius-to-K fields use explicit C + 273.15 unit representation,High_TRIP_Medium_TWIP,VERIFIED,https://doi.org/10.1016/j.msea.2020.140441
P002,10.1016/j.msea.2020.140441,10.1016/j.msea.2021.142419,P002_MAT_FE40MN10CO20CR20NI10,P002_MC_A800_RT,P002_MC_A800_RT,Homogenization_Atmosphere,Ar,as reported,MASTER_FIELD_MAPPING_FROM_VERIFIED_P002_EVIDENCE,Sec.2.1-2.3 pp.2; Sec.3.2 p.4; Sec.3.1 p.2; Fig.1; Fig.4; Abstract p.1; Sec.3.2 pp.4-5; Conclusion p.9; Sec.4.2 p.8,Source-reported; Celsius-to-K fields use explicit C + 273.15 unit representation,High_TRIP_Medium_TWIP,VERIFIED,https://doi.org/10.1016/j.msea.2020.140441
P002,10.1016/j.msea.2020.140441,10.1016/j.msea.2021.142419,P002_MAT_FE40MN10CO20CR20NI10,P002_MC_A800_RT,P002_MC_A800_RT,Post_Homogenization_Quench,Water quench,as reported,MASTER_FIELD_MAPPING_FROM_VERIFIED_P002_EVIDENCE,Sec.2.1-2.3 pp.2; Sec.3.2 p.4; Sec.3.1 p.2; Fig.1; Fig.4; Abstract p.1; Sec.3.2 pp.4-5; Conclusion p.9; Sec.4.2 p.8,Source-reported; Celsius-to-K fields use explicit C + 273.15 unit representation,High_TRIP_Medium_TWIP,VERIFIED,https://doi.org/10.1016/j.msea.2020.140441
P002,10.1016/j.msea.2020.140441,10.1016/j.msea.2021.142419,P002_MAT_FE40MN10CO20CR20NI10,P002_MC_A800_RT,P002_MC_A800_RT,Cold_rolling_reduction_pct,70,%,MASTER_FIELD_MAPPING_FROM_VERIFIED_P002_EVIDENCE,Sec.2.1-2.3 pp.2; Sec.3.2 p.4; Sec.3.1 p.2; Fig.1; Fig.4; Abstract p.1; Sec.3.2 pp.4-5; Conclusion p.9; Sec.4.2 p.8,Source-reported; Celsius-to-K fields use explicit C + 273.15 unit representation,High_TRIP_Medium_TWIP,VERIFIED,https://doi.org/10.1016/j.msea.2020.140441
P002,10.1016/j.msea.2020.140441,10.1016/j.msea.2021.142419,P002_MAT_FE40MN10CO20CR20NI10,P002_MC_A800_RT,P002_MC_A800_RT,Cold_Roll_Input_Thickness_mm,5.0,mm,MASTER_FIELD_MAPPING_FROM_VERIFIED_P002_EVIDENCE,Sec.2.1-2.3 pp.2; Sec.3.2 p.4; Sec.3.1 p.2; Fig.1; Fig.4; Abstract p.1; Sec.3.2 pp.4-5; Conclusion p.9; Sec.4.2 p.8,Source-reported; Celsius-to-K fields use explicit C + 273.15 unit representation,High_TRIP_Medium_TWIP,VERIFIED,https://doi.org/10.1016/j.msea.2020.140441
P002,10.1016/j.msea.2020.140441,10.1016/j.msea.2021.142419,P002_MAT_FE40MN10CO20CR20NI10,P002_MC_A800_RT,P002_MC_A800_RT,Cold_Roll_Output_Thickness_mm,1.5,mm,MASTER_FIELD_MAPPING_FROM_VERIFIED_P002_EVIDENCE,Sec.2.1-2.3 pp.2; Sec.3.2 p.4; Sec.3.1 p.2; Fig.1; Fig.4; Abstract p.1; Sec.3.2 pp.4-5; Conclusion p.9; Sec.4.2 p.8,Source-reported; Celsius-to-K fields use explicit C + 273.15 unit representation,High_TRIP_Medium_TWIP,VERIFIED,https://doi.org/10.1016/j.msea.2020.140441
P002,10.1016/j.msea.2020.140441,10.1016/j.msea.2021.142419,P002_MAT_FE40MN10CO20CR20NI10,P002_MC_A800_RT,P002_MC_A800_RT,Annealing_T_K,1073.15,K,MASTER_FIELD_MAPPING_FROM_VERIFIED_P002_EVIDENCE,Sec.2.1-2.3 pp.2; Sec.3.2 p.4; Sec.3.1 p.2; Fig.1; Fig.4; Abstract p.1; Sec.3.2 pp.4-5; Conclusion p.9; Sec.4.2 p.8,Source-reported; Celsius-to-K fields use explicit C + 273.15 unit representation,High_TRIP_Medium_TWIP,VERIFIED,https://doi.org/10.1016/j.msea.2020.140441
P002,10.1016/j.msea.2020.140441,10.1016/j.msea.2021.142419,P002_MAT_FE40MN10CO20CR20NI10,P002_MC_A800_RT,P002_MC_A800_RT,Annealing_time_min,30,min,MASTER_FIELD_MAPPING_FROM_VERIFIED_P002_EVIDENCE,Sec.2.1-2.3 pp.2; Sec.3.2 p.4; Sec.3.1 p.2; Fig.1; Fig.4; Abstract p.1; Sec.3.2 pp.4-5; Conclusion p.9; Sec.4.2 p.8,Source-reported; Celsius-to-K fields use explicit C + 273.15 unit representation,High_TRIP_Medium_TWIP,VERIFIED,https://doi.org/10.1016/j.msea.2020.140441
P002,10.1016/j.msea.2020.140441,10.1016/j.msea.2021.142419,P002_MAT_FE40MN10CO20CR20NI10,P002_MC_A800_RT,P002_MC_A800_RT,Cooling_route,Water quench,as reported,MASTER_FIELD_MAPPING_FROM_VERIFIED_P002_EVIDENCE,Sec.2.1-2.3 pp.2; Sec.3.2 p.4; Sec.3.1 p.2; Fig.1; Fig.4; Abstract p.1; Sec.3.2 pp.4-5; Conclusion p.9; Sec.4.2 p.8,Source-reported; Celsius-to-K fields use explicit C + 273.15 unit representation,High_TRIP_Medium_TWIP,VERIFIED,https://doi.org/10.1016/j.msea.2020.140441
P002,10.1016/j.msea.2020.140441,10.1016/j.msea.2021.142419,P002_MAT_FE40MN10CO20CR20NI10,P002_MC_A800_RT,P002_MC_A800_RT,Test_T_Raw,room temperature,as reported,MASTER_FIELD_MAPPING_FROM_VERIFIED_P002_EVIDENCE,Sec.2.1-2.3 pp.2; Sec.3.2 p.4; Sec.3.1 p.2; Fig.1; Fig.4; Abstract p.1; Sec.3.2 pp.4-5; Conclusion p.9; Sec.4.2 p.8,Source-reported; Celsius-to-K fields use explicit C + 273.15 unit representation,High_TRIP_Medium_TWIP,VERIFIED,https://doi.org/10.1016/j.msea.2020.140441
P002,10.1016/j.msea.2020.140441,10.1016/j.msea.2021.142419,P002_MAT_FE40MN10CO20CR20NI10,P002_MC_A800_RT,P002_MC_A800_RT,Test_T_K,UNRESOLVED_NA,K,MASTER_FIELD_MAPPING_FROM_VERIFIED_P002_EVIDENCE,Sec.2.1-2.3 pp.2; Sec.3.2 p.4; Sec.3.1 p.2; Fig.1; Fig.4; Abstract p.1; Sec.3.2 pp.4-5; Conclusion p.9; Sec.4.2 p.8,Source-reported; Celsius-to-K fields use explicit C + 273.15 unit representation,High_TRIP_Medium_TWIP,VERIFIED_NA,https://doi.org/10.1016/j.msea.2020.140441
P002,10.1016/j.msea.2020.140441,10.1016/j.msea.2021.142419,P002_MAT_FE40MN10CO20CR20NI10,P002_MC_A800_RT,P002_MC_A800_RT,Strain_rate_s-1,0.001,s^-1,MASTER_FIELD_MAPPING_FROM_VERIFIED_P002_EVIDENCE,Sec.2.1-2.3 pp.2; Sec.3.2 p.4; Sec.3.1 p.2; Fig.1; Fig.4; Abstract p.1; Sec.3.2 pp.4-5; Conclusion p.9; Sec.4.2 p.8,Source-reported; Celsius-to-K fields use explicit C + 273.15 unit representation,High_TRIP_Medium_TWIP,VERIFIED,https://doi.org/10.1016/j.msea.2020.140441
P002,10.1016/j.msea.2020.140441,10.1016/j.msea.2021.142419,P002_MAT_FE40MN10CO20CR20NI10,P002_MC_A800_RT,P002_MC_A800_RT,Loading_Mode,Uniaxial tension,as reported,MASTER_FIELD_MAPPING_FROM_VERIFIED_P002_EVIDENCE,Sec.2.1-2.3 pp.2; Sec.3.2 p.4; Sec.3.1 p.2; Fig.1; Fig.4; Abstract p.1; Sec.3.2 pp.4-5; Conclusion p.9; Sec.4.2 p.8,Source-reported; Celsius-to-K fields use explicit C + 273.15 unit representation,High_TRIP_Medium_TWIP,VERIFIED,https://doi.org/10.1016/j.msea.2020.140441
P002,10.1016/j.msea.2020.140441,10.1016/j.msea.2021.142419,P002_MAT_FE40MN10CO20CR20NI10,P002_MC_A800_RT,P002_MC_A800_RT,Gauge_length_mm,10,mm,MASTER_FIELD_MAPPING_FROM_VERIFIED_P002_EVIDENCE,Sec.2.1-2.3 pp.2; Sec.3.2 p.4; Sec.3.1 p.2; Fig.1; Fig.4; Abstract p.1; Sec.3.2 pp.4-5; Conclusion p.9; Sec.4.2 p.8,Source-reported; Celsius-to-K fields use explicit C + 273.15 unit representation,High_TRIP_Medium_TWIP,VERIFIED,https://doi.org/10.1016/j.msea.2020.140441
P002,10.1016/j.msea.2020.140441,10.1016/j.msea.2021.142419,P002_MAT_FE40MN10CO20CR20NI10,P002_MC_A800_RT,P002_MC_A800_RT,Gauge_width_mm,2.5,mm,MASTER_FIELD_MAPPING_FROM_VERIFIED_P002_EVIDENCE,Sec.2.1-2.3 pp.2; Sec.3.2 p.4; Sec.3.1 p.2; Fig.1; Fig.4; Abstract p.1; Sec.3.2 pp.4-5; Conclusion p.9; Sec.4.2 p.8,Source-reported; Celsius-to-K fields use explicit C + 273.15 unit representation,High_TRIP_Medium_TWIP,VERIFIED,https://doi.org/10.1016/j.msea.2020.140441
P002,10.1016/j.msea.2020.140441,10.1016/j.msea.2021.142419,P002_MAT_FE40MN10CO20CR20NI10,P002_MC_A800_RT,P002_MC_A800_RT,Specimen_thickness_mm,1.25,mm,MASTER_FIELD_MAPPING_FROM_VERIFIED_P002_EVIDENCE,Sec.2.1-2.3 pp.2; Sec.3.2 p.4; Sec.3.1 p.2; Fig.1; Fig.4; Abstract p.1; Sec.3.2 pp.4-5; Conclusion p.9; Sec.4.2 p.8,Source-reported; Celsius-to-K fields use explicit C + 273.15 unit representation,High_TRIP_Medium_TWIP,VERIFIED,https://doi.org/10.1016/j.msea.2020.140441
P002,10.1016/j.msea.2020.140441,10.1016/j.msea.2021.142419,P002_MAT_FE40MN10CO20CR20NI10,P002_MC_A800_RT,P002_MC_A800_RT,Replicate_n,3,count,MASTER_FIELD_MAPPING_FROM_VERIFIED_P002_EVIDENCE,Sec.2.1-2.3 pp.2; Sec.3.2 p.4; Sec.3.1 p.2; Fig.1; Fig.4; Abstract p.1; Sec.3.2 pp.4-5; Conclusion p.9; Sec.4.2 p.8,Source-reported; Celsius-to-K fields use explicit C + 273.15 unit representation,High_TRIP_Medium_TWIP,VERIFIED,https://doi.org/10.1016/j.msea.2020.140441
P002,10.1016/j.msea.2020.140441,10.1016/j.msea.2021.142419,P002_MAT_FE40MN10CO20CR20NI10,P002_MC_A800_RT,P002_MC_A800_RT,Initial_Phase,Single FCC,as reported,MASTER_FIELD_MAPPING_FROM_VERIFIED_P002_EVIDENCE,Sec.2.1-2.3 pp.2; Sec.3.2 p.4; Sec.3.1 p.2; Fig.1; Fig.4; Abstract p.1; Sec.3.2 pp.4-5; Conclusion p.9; Sec.4.2 p.8,Source-reported; Celsius-to-K fields use explicit C + 273.15 unit representation,High_TRIP_Medium_TWIP,VERIFIED,https://doi.org/10.1016/j.msea.2020.140441
P002,10.1016/j.msea.2020.140441,10.1016/j.msea.2021.142419,P002_MAT_FE40MN10CO20CR20NI10,P002_MC_A800_RT,P002_MC_A800_RT,Initial_FCC_fraction,UNRESOLVED_NA,fraction,MASTER_FIELD_MAPPING_FROM_VERIFIED_P002_EVIDENCE,Sec.2.1-2.3 pp.2; Sec.3.2 p.4; Sec.3.1 p.2; Fig.1; Fig.4; Abstract p.1; Sec.3.2 pp.4-5; Conclusion p.9; Sec.4.2 p.8,Source-reported; Celsius-to-K fields use explicit C + 273.15 unit representation,High_TRIP_Medium_TWIP,VERIFIED_NA,https://doi.org/10.1016/j.msea.2020.140441
P002,10.1016/j.msea.2020.140441,10.1016/j.msea.2021.142419,P002_MAT_FE40MN10CO20CR20NI10,P002_MC_A800_RT,P002_MC_A800_RT,Initial_HCP_fraction,0,fraction,MASTER_FIELD_MAPPING_FROM_VERIFIED_P002_EVIDENCE,Sec.2.1-2.3 pp.2; Sec.3.2 p.4; Sec.3.1 p.2; Fig.1; Fig.4; Abstract p.1; Sec.3.2 pp.4-5; Conclusion p.9; Sec.4.2 p.8,Source-reported; Celsius-to-K fields use explicit C + 273.15 unit representation,High_TRIP_Medium_TWIP,VERIFIED,https://doi.org/10.1016/j.msea.2020.140441
P002,10.1016/j.msea.2020.140441,10.1016/j.msea.2021.142419,P002_MAT_FE40MN10CO20CR20NI10,P002_MC_A800_RT,P002_MC_A800_RT,Initial_HCP_Status,DIRECT_EBSD_PHASE_ABSENCE_NO_THERMAL_HCP,as reported,MASTER_FIELD_MAPPING_FROM_VERIFIED_P002_EVIDENCE,Sec.2.1-2.3 pp.2; Sec.3.2 p.4; Sec.3.1 p.2; Fig.1; Fig.4; Abstract p.1; Sec.3.2 pp.4-5; Conclusion p.9; Sec.4.2 p.8,Source-reported; Celsius-to-K fields use explicit C + 273.15 unit representation,High_TRIP_Medium_TWIP,VERIFIED,https://doi.org/10.1016/j.msea.2020.140441
P002,10.1016/j.msea.2020.140441,10.1016/j.msea.2021.142419,P002_MAT_FE40MN10CO20CR20NI10,P002_MC_A800_RT,P002_MC_A800_RT,Recrystallized_fraction,1,fraction,MASTER_FIELD_MAPPING_FROM_VERIFIED_P002_EVIDENCE,Sec.2.1-2.3 pp.2; Sec.3.2 p.4; Sec.3.1 p.2; Fig.1; Fig.4; Abstract p.1; Sec.3.2 pp.4-5; Conclusion p.9; Sec.4.2 p.8,Source-reported; Celsius-to-K fields use explicit C + 273.15 unit representation,High_TRIP_Medium_TWIP,VERIFIED,https://doi.org/10.1016/j.msea.2020.140441
P002,10.1016/j.msea.2020.140441,10.1016/j.msea.2021.142419,P002_MAT_FE40MN10CO20CR20NI10,P002_MC_A800_RT,P002_MC_A800_RT,NonRecrystallized_fraction,0,fraction,MASTER_FIELD_MAPPING_FROM_VERIFIED_P002_EVIDENCE,Sec.2.1-2.3 pp.2; Sec.3.2 p.4; Sec.3.1 p.2; Fig.1; Fig.4; Abstract p.1; Sec.3.2 pp.4-5; Conclusion p.9; Sec.4.2 p.8,Source-reported; Celsius-to-K fields use explicit C + 273.15 unit representation,High_TRIP_Medium_TWIP,VERIFIED,https://doi.org/10.1016/j.msea.2020.140441
P002,10.1016/j.msea.2020.140441,10.1016/j.msea.2021.142419,P002_MAT_FE40MN10CO20CR20NI10,P002_MC_A800_RT,P002_MC_A800_RT,RZ_Grain_Size_um,4.7,um,MASTER_FIELD_MAPPING_FROM_VERIFIED_P002_EVIDENCE,Sec.2.1-2.3 pp.2; Sec.3.2 p.4; Sec.3.1 p.2; Fig.1; Fig.4; Abstract p.1; Sec.3.2 pp.4-5; Conclusion p.9; Sec.4.2 p.8,Source-reported; Celsius-to-K fields use explicit C + 273.15 unit representation,High_TRIP_Medium_TWIP,VERIFIED,https://doi.org/10.1016/j.msea.2020.140441
P002,10.1016/j.msea.2020.140441,10.1016/j.msea.2021.142419,P002_MAT_FE40MN10CO20CR20NI10,P002_MC_A800_RT,P002_MC_A800_RT,RZ_Grain_Size_Uncertainty_um,0.3,um,MASTER_FIELD_MAPPING_FROM_VERIFIED_P002_EVIDENCE,Sec.2.1-2.3 pp.2; Sec.3.2 p.4; Sec.3.1 p.2; Fig.1; Fig.4; Abstract p.1; Sec.3.2 pp.4-5; Conclusion p.9; Sec.4.2 p.8,Source-reported; Celsius-to-K fields use explicit C + 273.15 unit representation,High_TRIP_Medium_TWIP,VERIFIED,https://doi.org/10.1016/j.msea.2020.140441
P002,10.1016/j.msea.2020.140441,10.1016/j.msea.2021.142419,P002_MAT_FE40MN10CO20CR20NI10,P002_MC_A800_RT,P002_MC_A800_RT,PreTest_Twin_State,Abundant annealing twins,as reported,MASTER_FIELD_MAPPING_FROM_VERIFIED_P002_EVIDENCE,Sec.2.1-2.3 pp.2; Sec.3.2 p.4; Sec.3.1 p.2; Fig.1; Fig.4; Abstract p.1; Sec.3.2 pp.4-5; Conclusion p.9; Sec.4.2 p.8,Source-reported; Celsius-to-K fields use explicit C + 273.15 unit representation,High_TRIP_Medium_TWIP,VERIFIED,https://doi.org/10.1016/j.msea.2020.140441
P002,10.1016/j.msea.2020.140441,10.1016/j.msea.2021.142419,P002_MAT_FE40MN10CO20CR20NI10,P002_MC_A800_RT,P002_MC_A800_RT,PreTest_Twin_Origin,ANNEALING_PRETEST,as reported,MASTER_FIELD_MAPPING_FROM_VERIFIED_P002_EVIDENCE,Sec.2.1-2.3 pp.2; Sec.3.2 p.4; Sec.3.1 p.2; Fig.1; Fig.4; Abstract p.1; Sec.3.2 pp.4-5; Conclusion p.9; Sec.4.2 p.8,Source-reported; Celsius-to-K fields use explicit C + 273.15 unit representation,High_TRIP_Medium_TWIP,VERIFIED,https://doi.org/10.1016/j.msea.2020.140441
P002,10.1016/j.msea.2020.140441,10.1016/j.msea.2021.142419,P002_MAT_FE40MN10CO20CR20NI10,P002_MC_A800_RT,P002_MC_A800_RT,Initial_Dislocation_State,Very low dislocation density,as reported,MASTER_FIELD_MAPPING_FROM_VERIFIED_P002_EVIDENCE,Sec.2.1-2.3 pp.2; Sec.3.2 p.4; Sec.3.1 p.2; Fig.1; Fig.4; Abstract p.1; Sec.3.2 pp.4-5; Conclusion p.9; Sec.4.2 p.8,Source-reported; Celsius-to-K fields use explicit C + 273.15 unit representation,High_TRIP_Medium_TWIP,VERIFIED,https://doi.org/10.1016/j.msea.2020.140441
P002,10.1016/j.msea.2020.140441,10.1016/j.msea.2021.142419,P002_MAT_FE40MN10CO20CR20NI10,P002_MC_A800_RT,P002_MC_A800_RT,Orientation_State,Randomized grain orientation,as reported,MASTER_FIELD_MAPPING_FROM_VERIFIED_P002_EVIDENCE,Sec.2.1-2.3 pp.2; Sec.3.2 p.4; Sec.3.1 p.2; Fig.1; Fig.4; Abstract p.1; Sec.3.2 pp.4-5; Conclusion p.9; Sec.4.2 p.8,Source-reported; Celsius-to-K fields use explicit C + 273.15 unit representation,High_TRIP_Medium_TWIP,VERIFIED,https://doi.org/10.1016/j.msea.2020.140441
P002,10.1016/j.msea.2020.140441,10.1016/j.msea.2021.142419,P002_MAT_FE40MN10CO20CR20NI10,P002_MC_A800_RT,P002_MC_A800_RT,YS_MPa,375,MPa,MASTER_FIELD_MAPPING_FROM_VERIFIED_P002_EVIDENCE,Sec.2.1-2.3 pp.2; Sec.3.2 p.4; Sec.3.1 p.2; Fig.1; Fig.4; Abstract p.1; Sec.3.2 pp.4-5; Conclusion p.9; Sec.4.2 p.8,Source-reported; Celsius-to-K fields use explicit C + 273.15 unit representation,High_TRIP_Medium_TWIP,VERIFIED,https://doi.org/10.1016/j.msea.2020.140441
P002,10.1016/j.msea.2020.140441,10.1016/j.msea.2021.142419,P002_MAT_FE40MN10CO20CR20NI10,P002_MC_A800_RT,P002_MC_A800_RT,UTS_MPa,785,MPa,MASTER_FIELD_MAPPING_FROM_VERIFIED_P002_EVIDENCE,Sec.2.1-2.3 pp.2; Sec.3.2 p.4; Sec.3.1 p.2; Fig.1; Fig.4; Abstract p.1; Sec.3.2 pp.4-5; Conclusion p.9; Sec.4.2 p.8,Source-reported; Celsius-to-K fields use explicit C + 273.15 unit representation,High_TRIP_Medium_TWIP,VERIFIED,https://doi.org/10.1016/j.msea.2020.140441
P002,10.1016/j.msea.2020.140441,10.1016/j.msea.2021.142419,P002_MAT_FE40MN10CO20CR20NI10,P002_MC_A800_RT,P002_MC_A800_RT,Elongation_pct,77.5,%,MASTER_FIELD_MAPPING_FROM_VERIFIED_P002_EVIDENCE,Sec.2.1-2.3 pp.2; Sec.3.2 p.4; Sec.3.1 p.2; Fig.1; Fig.4; Abstract p.1; Sec.3.2 pp.4-5; Conclusion p.9; Sec.4.2 p.8,Source-reported; Celsius-to-K fields use explicit C + 273.15 unit representation,High_TRIP_Medium_TWIP,VERIFIED,https://doi.org/10.1016/j.msea.2020.140441
P002,10.1016/j.msea.2020.140441,10.1016/j.msea.2021.142419,P002_MAT_FE40MN10CO20CR20NI10,P002_MC_A800_RT,P002_MC_A800_RT,Original_TRIP,1.0,binary,MASTER_FIELD_MAPPING_FROM_VERIFIED_P002_EVIDENCE,Sec.2.1-2.3 pp.2; Sec.3.2 p.4; Sec.3.1 p.2; Fig.1; Fig.4; Abstract p.1; Sec.3.2 pp.4-5; Conclusion p.9; Sec.4.2 p.8,Source-reported; Celsius-to-K fields use explicit C + 273.15 unit representation,High_TRIP_Medium_TWIP,VERIFIED,https://doi.org/10.1016/j.msea.2020.140441
P002,10.1016/j.msea.2020.140441,10.1016/j.msea.2021.142419,P002_MAT_FE40MN10CO20CR20NI10,P002_MC_A800_RT,P002_MC_A800_RT,Original_TWIP,1.0,binary,MASTER_FIELD_MAPPING_FROM_VERIFIED_P002_EVIDENCE,Sec.2.1-2.3 pp.2; Sec.3.2 p.4; Sec.3.1 p.2; Fig.1; Fig.4; Abstract p.1; Sec.3.2 pp.4-5; Conclusion p.9; Sec.4.2 p.8,Source-reported; Celsius-to-K fields use explicit C + 273.15 unit representation,High_TRIP_Medium_TWIP,VERIFIED,https://doi.org/10.1016/j.msea.2020.140441
P002,10.1016/j.msea.2020.140441,10.1016/j.msea.2021.142419,P002_MAT_FE40MN10CO20CR20NI10,P002_MC_A800_RT,P002_MC_A800_RT,Effective_TRIP,1,binary,MASTER_FIELD_MAPPING_FROM_VERIFIED_P002_EVIDENCE,Sec.2.1-2.3 pp.2; Sec.3.2 p.4; Sec.3.1 p.2; Fig.1; Fig.4; Abstract p.1; Sec.3.2 pp.4-5; Conclusion p.9; Sec.4.2 p.8,Source-reported; Celsius-to-K fields use explicit C + 273.15 unit representation,High_TRIP_Medium_TWIP,VERIFIED,https://doi.org/10.1016/j.msea.2020.140441
P002,10.1016/j.msea.2020.140441,10.1016/j.msea.2021.142419,P002_MAT_FE40MN10CO20CR20NI10,P002_MC_A800_RT,P002_MC_A800_RT,Effective_TWIP,1,binary,MASTER_FIELD_MAPPING_FROM_VERIFIED_P002_EVIDENCE,Sec.2.1-2.3 pp.2; Sec.3.2 p.4; Sec.3.1 p.2; Fig.1; Fig.4; Abstract p.1; Sec.3.2 pp.4-5; Conclusion p.9; Sec.4.2 p.8,Source-reported; Celsius-to-K fields use explicit C + 273.15 unit representation,High_TRIP_Medium_TWIP,VERIFIED,https://doi.org/10.1016/j.msea.2020.140441
P002,10.1016/j.msea.2020.140441,10.1016/j.msea.2021.142419,P002_MAT_FE40MN10CO20CR20NI10,P002_MC_A800_RT,P002_MC_A800_RT,Slip,1,binary,MASTER_FIELD_MAPPING_FROM_VERIFIED_P002_EVIDENCE,Sec.2.1-2.3 pp.2; Sec.3.2 p.4; Sec.3.1 p.2; Fig.1; Fig.4; Abstract p.1; Sec.3.2 pp.4-5; Conclusion p.9; Sec.4.2 p.8,Source-reported; Celsius-to-K fields use explicit C + 273.15 unit representation,High_TRIP_Medium_TWIP,VERIFIED,https://doi.org/10.1016/j.msea.2020.140441
P002,10.1016/j.msea.2020.140441,10.1016/j.msea.2021.142419,P002_MAT_FE40MN10CO20CR20NI10,P002_MC_A800_RT,P002_MC_A800_RT,TRIP_Evidence_Type,DIRECT_EBSD_PLUS_XRD_DEFORMATION_INDUCED_HCP,as reported,MASTER_FIELD_MAPPING_FROM_VERIFIED_P002_EVIDENCE,Sec.2.1-2.3 pp.2; Sec.3.2 p.4; Sec.3.1 p.2; Fig.1; Fig.4; Abstract p.1; Sec.3.2 pp.4-5; Conclusion p.9; Sec.4.2 p.8,Source-reported; Celsius-to-K fields use explicit C + 273.15 unit representation,High_TRIP_Medium_TWIP,VERIFIED,https://doi.org/10.1016/j.msea.2020.140441
P002,10.1016/j.msea.2020.140441,10.1016/j.msea.2021.142419,P002_MAT_FE40MN10CO20CR20NI10,P002_MC_A800_RT,P002_MC_A800_RT,TWIP_Evidence_Type,AUTHOR_CONDITION_ATTRIBUTION_SUPPORTED_BY_STUDY_CONCLUSION,as reported,MASTER_FIELD_MAPPING_FROM_VERIFIED_P002_EVIDENCE,Sec.2.1-2.3 pp.2; Sec.3.2 p.4; Sec.3.1 p.2; Fig.1; Fig.4; Abstract p.1; Sec.3.2 pp.4-5; Conclusion p.9; Sec.4.2 p.8,Source-reported; Celsius-to-K fields use explicit C + 273.15 unit representation,High_TRIP_Medium_TWIP,VERIFIED,https://doi.org/10.1016/j.msea.2020.140441
P002,10.1016/j.msea.2020.140441,10.1016/j.msea.2021.142419,P002_MAT_FE40MN10CO20CR20NI10,P002_MC_A800_RT,P002_MC_A800_RT,Negative_Evidence_Status,NOT_APPLICABLE_POSITIVE_TARGET,as reported,MASTER_FIELD_MAPPING_FROM_VERIFIED_P002_EVIDENCE,Sec.2.1-2.3 pp.2; Sec.3.2 p.4; Sec.3.1 p.2; Fig.1; Fig.4; Abstract p.1; Sec.3.2 pp.4-5; Conclusion p.9; Sec.4.2 p.8,Source-reported; Celsius-to-K fields use explicit C + 273.15 unit representation,High_TRIP_Medium_TWIP,VERIFIED,https://doi.org/10.1016/j.msea.2020.140441
P002,10.1016/j.msea.2020.140441,10.1016/j.msea.2021.142419,P002_MAT_FE40MN10CO20CR20NI10,P002_MC_A800_RT,P002_MC_A800_RT,SFE_mJ_m2,14,mJ/m2,MASTER_FIELD_MAPPING_FROM_VERIFIED_P002_EVIDENCE,Sec.2.1-2.3 pp.2; Sec.3.2 p.4; Sec.3.1 p.2; Fig.1; Fig.4; Abstract p.1; Sec.3.2 pp.4-5; Conclusion p.9; Sec.4.2 p.8,Source-reported; Celsius-to-K fields use explicit C + 273.15 unit representation,High_TRIP_Medium_TWIP,VERIFIED,https://doi.org/10.1016/j.msea.2020.140441
P002,10.1016/j.msea.2020.140441,10.1016/j.msea.2021.142419,P002_MAT_FE40MN10CO20CR20NI10,P002_MC_A800_RT,P002_MC_A800_RT,SFE_method,"Thermodynamic estimate using DeltaG, strain energy, FCC/HCP interface energy and planar packing density",as reported,MASTER_FIELD_MAPPING_FROM_VERIFIED_P002_EVIDENCE,Sec.2.1-2.3 pp.2; Sec.3.2 p.4; Sec.3.1 p.2; Fig.1; Fig.4; Abstract p.1; Sec.3.2 pp.4-5; Conclusion p.9; Sec.4.2 p.8,Source-reported; Celsius-to-K fields use explicit C + 273.15 unit representation,High_TRIP_Medium_TWIP,VERIFIED,https://doi.org/10.1016/j.msea.2020.140441
P002,10.1016/j.msea.2020.140441,10.1016/j.msea.2021.142419,P002_MAT_FE40MN10CO20CR20NI10,P002_MC_A800_RT,P002_MC_A800_RT,SFE_Value_Status,CURRENT_PAPER_THERMODYNAMIC_ESTIMATE,as reported,MASTER_FIELD_MAPPING_FROM_VERIFIED_P002_EVIDENCE,Sec.2.1-2.3 pp.2; Sec.3.2 p.4; Sec.3.1 p.2; Fig.1; Fig.4; Abstract p.1; Sec.3.2 pp.4-5; Conclusion p.9; Sec.4.2 p.8,Source-reported; Celsius-to-K fields use explicit C + 273.15 unit representation,High_TRIP_Medium_TWIP,VERIFIED,https://doi.org/10.1016/j.msea.2020.140441
P002,10.1016/j.msea.2020.140441,10.1016/j.msea.2021.142419,P002_MAT_FE40MN10CO20CR20NI10,P002_MC_A800_RT,P002_MC_A800_RT,DeltaG_FCC_HCP_J_mol,-292,J/mol,MASTER_FIELD_MAPPING_FROM_VERIFIED_P002_EVIDENCE,Sec.2.1-2.3 pp.2; Sec.3.2 p.4; Sec.3.1 p.2; Fig.1; Fig.4; Abstract p.1; Sec.3.2 pp.4-5; Conclusion p.9; Sec.4.2 p.8,Source-reported; Celsius-to-K fields use explicit C + 273.15 unit representation,High_TRIP_Medium_TWIP,VERIFIED,https://doi.org/10.1016/j.msea.2020.140441
P002,10.1016/j.msea.2020.140441,10.1016/j.msea.2021.142419,P002_MAT_FE40MN10CO20CR20NI10,P002_MC_A800_RT,P002_MC_A800_RT,DeltaG_method,Thermo-Calc TCFE7,as reported,MASTER_FIELD_MAPPING_FROM_VERIFIED_P002_EVIDENCE,Sec.2.1-2.3 pp.2; Sec.3.2 p.4; Sec.3.1 p.2; Fig.1; Fig.4; Abstract p.1; Sec.3.2 pp.4-5; Conclusion p.9; Sec.4.2 p.8,Source-reported; Celsius-to-K fields use explicit C + 273.15 unit representation,High_TRIP_Medium_TWIP,VERIFIED,https://doi.org/10.1016/j.msea.2020.140441
P002,10.1016/j.msea.2020.140441,10.1016/j.msea.2021.142419,P002_MAT_FE40MN10CO20CR20NI10,P002_MC_A800_RT,P002_MC_A800_RT,DeltaG_Value_Status,CURRENT_PAPER_CALCULATED,as reported,MASTER_FIELD_MAPPING_FROM_VERIFIED_P002_EVIDENCE,Sec.2.1-2.3 pp.2; Sec.3.2 p.4; Sec.3.1 p.2; Fig.1; Fig.4; Abstract p.1; Sec.3.2 pp.4-5; Conclusion p.9; Sec.4.2 p.8,Source-reported; Celsius-to-K fields use explicit C + 273.15 unit representation,High_TRIP_Medium_TWIP,VERIFIED,https://doi.org/10.1016/j.msea.2020.140441
P002,10.1016/j.msea.2020.140441,10.1016/j.msea.2021.142419,P002_MAT_FE40MN10CO20CR20NI10,P002_MC_A800_RT,P002_MC_A800_RT,Physics_Temperature_K,300,K,MASTER_FIELD_MAPPING_FROM_VERIFIED_P002_EVIDENCE,Sec.2.1-2.3 pp.2; Sec.3.2 p.4; Sec.3.1 p.2; Fig.1; Fig.4; Abstract p.1; Sec.3.2 pp.4-5; Conclusion p.9; Sec.4.2 p.8,Source-reported; Celsius-to-K fields use explicit C + 273.15 unit representation,High_TRIP_Medium_TWIP,VERIFIED,https://doi.org/10.1016/j.msea.2020.140441
P002,10.1016/j.msea.2020.140441,10.1016/j.msea.2021.142419,P002_MAT_FE40MN10CO20CR20NI10,,P002_A800_EBSD_10,Local_Strain_pct,10,%,CORRELATED_STAGE_OR_POST_TEST_EVIDENCE,Sec.3.3 p.5; Fig.7a,EBSD,High,VERIFIED,https://doi.org/10.1016/j.msea.2020.140441
P002,10.1016/j.msea.2020.140441,10.1016/j.msea.2021.142419,P002_MAT_FE40MN10CO20CR20NI10,,P002_A800_EBSD_10,Stage_Method,EBSD,as reported,CORRELATED_STAGE_OR_POST_TEST_EVIDENCE,Sec.3.3 p.5; Fig.7a,EBSD,High,VERIFIED,https://doi.org/10.1016/j.msea.2020.140441
P002,10.1016/j.msea.2020.140441,10.1016/j.msea.2021.142419,P002_MAT_FE40MN10CO20CR20NI10,,P002_A800_EBSD_10,TRIP_at_stage,1,binary,CORRELATED_STAGE_OR_POST_TEST_EVIDENCE,Sec.3.3 p.5; Fig.7a,EBSD,High,VERIFIED,https://doi.org/10.1016/j.msea.2020.140441
P002,10.1016/j.msea.2020.140441,10.1016/j.msea.2021.142419,P002_MAT_FE40MN10CO20CR20NI10,,P002_A800_EBSD_10,Observed_Microstructure,"Plate-shaped HCP martensite is barely observed. Initial state had no HCP, so this is positive stage TRIP evidence; no exact fraction fabricated.",as reported,CORRELATED_STAGE_OR_POST_TEST_EVIDENCE,Sec.3.3 p.5; Fig.7a,EBSD,High,VERIFIED,https://doi.org/10.1016/j.msea.2020.140441
P002,10.1016/j.msea.2020.140441,10.1016/j.msea.2021.142419,P002_MAT_FE40MN10CO20CR20NI10,,P002_A800_EBSD_45,Local_Strain_pct,45,%,CORRELATED_STAGE_OR_POST_TEST_EVIDENCE,Sec.3.3 pp.5-6; Fig.7b,EBSD,High,VERIFIED,https://doi.org/10.1016/j.msea.2020.140441
P002,10.1016/j.msea.2020.140441,10.1016/j.msea.2021.142419,P002_MAT_FE40MN10CO20CR20NI10,,P002_A800_EBSD_45,Stage_Method,EBSD,as reported,CORRELATED_STAGE_OR_POST_TEST_EVIDENCE,Sec.3.3 pp.5-6; Fig.7b,EBSD,High,VERIFIED,https://doi.org/10.1016/j.msea.2020.140441
P002,10.1016/j.msea.2020.140441,10.1016/j.msea.2021.142419,P002_MAT_FE40MN10CO20CR20NI10,,P002_A800_EBSD_45,HCP_Martensite_Fraction_at_Stage,0.057,fraction,CORRELATED_STAGE_OR_POST_TEST_EVIDENCE,Sec.3.3 pp.5-6; Fig.7b,EBSD,High,VERIFIED,https://doi.org/10.1016/j.msea.2020.140441
P002,10.1016/j.msea.2020.140441,10.1016/j.msea.2021.142419,P002_MAT_FE40MN10CO20CR20NI10,,P002_A800_EBSD_45,TRIP_at_stage,1,binary,CORRELATED_STAGE_OR_POST_TEST_EVIDENCE,Sec.3.3 pp.5-6; Fig.7b,EBSD,High,VERIFIED,https://doi.org/10.1016/j.msea.2020.140441
P002,10.1016/j.msea.2020.140441,10.1016/j.msea.2021.142419,P002_MAT_FE40MN10CO20CR20NI10,,P002_A800_EBSD_45,Observed_Microstructure,Average HCP-martensite fraction ~5.7 vol%.,as reported,CORRELATED_STAGE_OR_POST_TEST_EVIDENCE,Sec.3.3 pp.5-6; Fig.7b,EBSD,High,VERIFIED,https://doi.org/10.1016/j.msea.2020.140441
P002,10.1016/j.msea.2020.140441,10.1016/j.msea.2021.142419,P002_MAT_FE40MN10CO20CR20NI10,,P002_A800_EBSD_65,Local_Strain_pct,65,%,CORRELATED_STAGE_OR_POST_TEST_EVIDENCE,Sec.3.3 p.6; Fig.7c,EBSD,High,VERIFIED,https://doi.org/10.1016/j.msea.2020.140441
P002,10.1016/j.msea.2020.140441,10.1016/j.msea.2021.142419,P002_MAT_FE40MN10CO20CR20NI10,,P002_A800_EBSD_65,Stage_Method,EBSD,as reported,CORRELATED_STAGE_OR_POST_TEST_EVIDENCE,Sec.3.3 p.6; Fig.7c,EBSD,High,VERIFIED,https://doi.org/10.1016/j.msea.2020.140441
P002,10.1016/j.msea.2020.140441,10.1016/j.msea.2021.142419,P002_MAT_FE40MN10CO20CR20NI10,,P002_A800_EBSD_65,HCP_Martensite_Fraction_at_Stage,0.163,fraction,CORRELATED_STAGE_OR_POST_TEST_EVIDENCE,Sec.3.3 p.6; Fig.7c,EBSD,High,VERIFIED,https://doi.org/10.1016/j.msea.2020.140441
P002,10.1016/j.msea.2020.140441,10.1016/j.msea.2021.142419,P002_MAT_FE40MN10CO20CR20NI10,,P002_A800_EBSD_65,TRIP_at_stage,1,binary,CORRELATED_STAGE_OR_POST_TEST_EVIDENCE,Sec.3.3 p.6; Fig.7c,EBSD,High,VERIFIED,https://doi.org/10.1016/j.msea.2020.140441
P002,10.1016/j.msea.2020.140441,10.1016/j.msea.2021.142419,P002_MAT_FE40MN10CO20CR20NI10,,P002_A800_EBSD_65,Observed_Microstructure,Average HCP-martensite fraction ~16.3 vol%.,as reported,CORRELATED_STAGE_OR_POST_TEST_EVIDENCE,Sec.3.3 p.6; Fig.7c,EBSD,High,VERIFIED,https://doi.org/10.1016/j.msea.2020.140441
P002,10.1016/j.msea.2020.140441,10.1016/j.msea.2021.142419,P002_MAT_FE40MN10CO20CR20NI10,,P002_A800_XRD_0,Local_Strain_pct,0,%,CORRELATED_STAGE_OR_POST_TEST_EVIDENCE,Sec.3.3 p.6; Fig.8,XRD,High,VERIFIED,https://doi.org/10.1016/j.msea.2020.140441
P002,10.1016/j.msea.2020.140441,10.1016/j.msea.2021.142419,P002_MAT_FE40MN10CO20CR20NI10,,P002_A800_XRD_0,Stage_Method,XRD,as reported,CORRELATED_STAGE_OR_POST_TEST_EVIDENCE,Sec.3.3 p.6; Fig.8,XRD,High,VERIFIED,https://doi.org/10.1016/j.msea.2020.140441
P002,10.1016/j.msea.2020.140441,10.1016/j.msea.2021.142419,P002_MAT_FE40MN10CO20CR20NI10,,P002_A800_XRD_0,TRIP_at_stage,0,binary,CORRELATED_STAGE_OR_POST_TEST_EVIDENCE,Sec.3.3 p.6; Fig.8,XRD,High,VERIFIED,https://doi.org/10.1016/j.msea.2020.140441
P002,10.1016/j.msea.2020.140441,10.1016/j.msea.2021.142419,P002_MAT_FE40MN10CO20CR20NI10,,P002_A800_XRD_0,Observed_Microstructure,No deformation yet; XRD is consistent with initial FCC state. This zero is stage/pre-test phase evidence only.,as reported,CORRELATED_STAGE_OR_POST_TEST_EVIDENCE,Sec.3.3 p.6; Fig.8,XRD,High,VERIFIED,https://doi.org/10.1016/j.msea.2020.140441
P002,10.1016/j.msea.2020.140441,10.1016/j.msea.2021.142419,P002_MAT_FE40MN10CO20CR20NI10,,P002_A800_XRD_45,Local_Strain_pct,45,%,CORRELATED_STAGE_OR_POST_TEST_EVIDENCE,Sec.3.3 p.6; Fig.8,XRD,High,VERIFIED,https://doi.org/10.1016/j.msea.2020.140441
P002,10.1016/j.msea.2020.140441,10.1016/j.msea.2021.142419,P002_MAT_FE40MN10CO20CR20NI10,,P002_A800_XRD_45,Stage_Method,XRD,as reported,CORRELATED_STAGE_OR_POST_TEST_EVIDENCE,Sec.3.3 p.6; Fig.8,XRD,High,VERIFIED,https://doi.org/10.1016/j.msea.2020.140441
P002,10.1016/j.msea.2020.140441,10.1016/j.msea.2021.142419,P002_MAT_FE40MN10CO20CR20NI10,,P002_A800_XRD_45,TRIP_at_stage,1,binary,CORRELATED_STAGE_OR_POST_TEST_EVIDENCE,Sec.3.3 p.6; Fig.8,XRD,High,VERIFIED,https://doi.org/10.1016/j.msea.2020.140441
P002,10.1016/j.msea.2020.140441,10.1016/j.msea.2021.142419,P002_MAT_FE40MN10CO20CR20NI10,,P002_A800_XRD_45,Observed_Microstructure,HCP peaks appear/increase while FCC peaks decrease; no numerical fraction reported.,as reported,CORRELATED_STAGE_OR_POST_TEST_EVIDENCE,Sec.3.3 p.6; Fig.8,XRD,High,VERIFIED,https://doi.org/10.1016/j.msea.2020.140441
P002,10.1016/j.msea.2020.140441,10.1016/j.msea.2021.142419,P002_MAT_FE40MN10CO20CR20NI10,,P002_A800_XRD_95,Local_Strain_pct,95,%,CORRELATED_STAGE_OR_POST_TEST_EVIDENCE,Sec.3.3 p.6; Fig.8,XRD,High,VERIFIED,https://doi.org/10.1016/j.msea.2020.140441
P002,10.1016/j.msea.2020.140441,10.1016/j.msea.2021.142419,P002_MAT_FE40MN10CO20CR20NI10,,P002_A800_XRD_95,Stage_Method,XRD,as reported,CORRELATED_STAGE_OR_POST_TEST_EVIDENCE,Sec.3.3 p.6; Fig.8,XRD,High,VERIFIED,https://doi.org/10.1016/j.msea.2020.140441
P002,10.1016/j.msea.2020.140441,10.1016/j.msea.2021.142419,P002_MAT_FE40MN10CO20CR20NI10,,P002_A800_XRD_95,TRIP_at_stage,1,binary,CORRELATED_STAGE_OR_POST_TEST_EVIDENCE,Sec.3.3 p.6; Fig.8,XRD,High,VERIFIED,https://doi.org/10.1016/j.msea.2020.140441
P002,10.1016/j.msea.2020.140441,10.1016/j.msea.2021.142419,P002_MAT_FE40MN10CO20CR20NI10,,P002_A800_XRD_95,Observed_Microstructure,Near-fracture region; stronger HCP diffraction relative to lower strain; no numerical fraction reported.,as reported,CORRELATED_STAGE_OR_POST_TEST_EVIDENCE,Sec.3.3 p.6; Fig.8,XRD,High,VERIFIED,https://doi.org/10.1016/j.msea.2020.140441
P002,10.1016/j.msea.2020.140441,10.1016/j.msea.2021.142419,P002_MAT_FE40MN10CO20CR20NI10,,P002_A700_EBSD_10,Local_Strain_pct,10,%,CORRELATED_STAGE_OR_POST_TEST_EVIDENCE,Sec.3.3 p.6; Fig.7d,EBSD,High,VERIFIED,https://doi.org/10.1016/j.msea.2020.140441
P002,10.1016/j.msea.2020.140441,10.1016/j.msea.2021.142419,P002_MAT_FE40MN10CO20CR20NI10,,P002_A700_EBSD_10,Stage_Method,EBSD,as reported,CORRELATED_STAGE_OR_POST_TEST_EVIDENCE,Sec.3.3 p.6; Fig.7d,EBSD,High,VERIFIED,https://doi.org/10.1016/j.msea.2020.140441
P002,10.1016/j.msea.2020.140441,10.1016/j.msea.2021.142419,P002_MAT_FE40MN10CO20CR20NI10,,P002_A700_EBSD_10,HCP_Martensite_Fraction_at_Stage,0.007,fraction,CORRELATED_STAGE_OR_POST_TEST_EVIDENCE,Sec.3.3 p.6; Fig.7d,EBSD,High,VERIFIED,https://doi.org/10.1016/j.msea.2020.140441
P002,10.1016/j.msea.2020.140441,10.1016/j.msea.2021.142419,P002_MAT_FE40MN10CO20CR20NI10,,P002_A700_EBSD_10,TRIP_at_stage,1,binary,CORRELATED_STAGE_OR_POST_TEST_EVIDENCE,Sec.3.3 p.6; Fig.7d,EBSD,High,VERIFIED,https://doi.org/10.1016/j.msea.2020.140441
P002,10.1016/j.msea.2020.140441,10.1016/j.msea.2021.142419,P002_MAT_FE40MN10CO20CR20NI10,,P002_A700_EBSD_10,Observed_Microstructure,Average HCP-martensite fraction ~0.7 vol%.,as reported,CORRELATED_STAGE_OR_POST_TEST_EVIDENCE,Sec.3.3 p.6; Fig.7d,EBSD,High,VERIFIED,https://doi.org/10.1016/j.msea.2020.140441
P002,10.1016/j.msea.2020.140441,10.1016/j.msea.2021.142419,P002_MAT_FE40MN10CO20CR20NI10,,P002_A700_EBSD_45,Local_Strain_pct,45,%,CORRELATED_STAGE_OR_POST_TEST_EVIDENCE,Sec.3.3 p.6; Fig.7e,EBSD,High,VERIFIED,https://doi.org/10.1016/j.msea.2020.140441
P002,10.1016/j.msea.2020.140441,10.1016/j.msea.2021.142419,P002_MAT_FE40MN10CO20CR20NI10,,P002_A700_EBSD_45,Stage_Method,EBSD,as reported,CORRELATED_STAGE_OR_POST_TEST_EVIDENCE,Sec.3.3 p.6; Fig.7e,EBSD,High,VERIFIED,https://doi.org/10.1016/j.msea.2020.140441
P002,10.1016/j.msea.2020.140441,10.1016/j.msea.2021.142419,P002_MAT_FE40MN10CO20CR20NI10,,P002_A700_EBSD_45,HCP_Martensite_Fraction_at_Stage,0.038,fraction,CORRELATED_STAGE_OR_POST_TEST_EVIDENCE,Sec.3.3 p.6; Fig.7e,EBSD,High,VERIFIED,https://doi.org/10.1016/j.msea.2020.140441
P002,10.1016/j.msea.2020.140441,10.1016/j.msea.2021.142419,P002_MAT_FE40MN10CO20CR20NI10,,P002_A700_EBSD_45,TRIP_at_stage,1,binary,CORRELATED_STAGE_OR_POST_TEST_EVIDENCE,Sec.3.3 p.6; Fig.7e,EBSD,High,VERIFIED,https://doi.org/10.1016/j.msea.2020.140441
P002,10.1016/j.msea.2020.140441,10.1016/j.msea.2021.142419,P002_MAT_FE40MN10CO20CR20NI10,,P002_A700_EBSD_45,Observed_Microstructure,Average HCP-martensite fraction ~3.8 vol%.,as reported,CORRELATED_STAGE_OR_POST_TEST_EVIDENCE,Sec.3.3 p.6; Fig.7e,EBSD,High,VERIFIED,https://doi.org/10.1016/j.msea.2020.140441
P002,10.1016/j.msea.2020.140441,10.1016/j.msea.2021.142419,P002_MAT_FE40MN10CO20CR20NI10,,P002_A700_EBSD_65,Local_Strain_pct,65,%,CORRELATED_STAGE_OR_POST_TEST_EVIDENCE,Sec.3.3 p.6; Fig.7f,EBSD,High,VERIFIED,https://doi.org/10.1016/j.msea.2020.140441
P002,10.1016/j.msea.2020.140441,10.1016/j.msea.2021.142419,P002_MAT_FE40MN10CO20CR20NI10,,P002_A700_EBSD_65,Stage_Method,EBSD,as reported,CORRELATED_STAGE_OR_POST_TEST_EVIDENCE,Sec.3.3 p.6; Fig.7f,EBSD,High,VERIFIED,https://doi.org/10.1016/j.msea.2020.140441
P002,10.1016/j.msea.2020.140441,10.1016/j.msea.2021.142419,P002_MAT_FE40MN10CO20CR20NI10,,P002_A700_EBSD_65,HCP_Martensite_Fraction_at_Stage,0.072,fraction,CORRELATED_STAGE_OR_POST_TEST_EVIDENCE,Sec.3.3 p.6; Fig.7f,EBSD,High,VERIFIED,https://doi.org/10.1016/j.msea.2020.140441
P002,10.1016/j.msea.2020.140441,10.1016/j.msea.2021.142419,P002_MAT_FE40MN10CO20CR20NI10,,P002_A700_EBSD_65,TRIP_at_stage,1,binary,CORRELATED_STAGE_OR_POST_TEST_EVIDENCE,Sec.3.3 p.6; Fig.7f,EBSD,High,VERIFIED,https://doi.org/10.1016/j.msea.2020.140441
P002,10.1016/j.msea.2020.140441,10.1016/j.msea.2021.142419,P002_MAT_FE40MN10CO20CR20NI10,,P002_A700_EBSD_65,Observed_Microstructure,Average HCP-martensite fraction ~7.2 vol%.,as reported,CORRELATED_STAGE_OR_POST_TEST_EVIDENCE,Sec.3.3 p.6; Fig.7f,EBSD,High,VERIFIED,https://doi.org/10.1016/j.msea.2020.140441
P002,10.1016/j.msea.2020.140441,10.1016/j.msea.2021.142419,P002_MAT_FE40MN10CO20CR20NI10,,P002_A700_TEM_FRACTURE,Stage_Method,TEM/SAED/HR-STEM,as reported,CORRELATED_STAGE_OR_POST_TEST_EVIDENCE,Sec.3.3 pp.6-7; Fig.9,TEM/SAED/HR-STEM,High,VERIFIED,https://doi.org/10.1016/j.msea.2020.140441
P002,10.1016/j.msea.2020.140441,10.1016/j.msea.2021.142419,P002_MAT_FE40MN10CO20CR20NI10,,P002_A700_TEM_FRACTURE,TRIP_at_stage,1,binary,CORRELATED_STAGE_OR_POST_TEST_EVIDENCE,Sec.3.3 pp.6-7; Fig.9,TEM/SAED/HR-STEM,High,VERIFIED,https://doi.org/10.1016/j.msea.2020.140441
P002,10.1016/j.msea.2020.140441,10.1016/j.msea.2021.142419,P002_MAT_FE40MN10CO20CR20NI10,,P002_A700_TEM_FRACTURE,TWIP_at_stage,1,binary,CORRELATED_STAGE_OR_POST_TEST_EVIDENCE,Sec.3.3 pp.6-7; Fig.9,TEM/SAED/HR-STEM,High,VERIFIED,https://doi.org/10.1016/j.msea.2020.140441
P002,10.1016/j.msea.2020.140441,10.1016/j.msea.2021.142419,P002_MAT_FE40MN10CO20CR20NI10,,P002_A700_TEM_FRACTURE,Slip_at_stage,1,binary,CORRELATED_STAGE_OR_POST_TEST_EVIDENCE,Sec.3.3 pp.6-7; Fig.9,TEM/SAED/HR-STEM,High,VERIFIED,https://doi.org/10.1016/j.msea.2020.140441
P002,10.1016/j.msea.2020.140441,10.1016/j.msea.2021.142419,P002_MAT_FE40MN10CO20CR20NI10,,P002_A700_TEM_FRACTURE,Observed_Microstructure,"Direct deformation-twin bundles, HCP martensite, dislocation entanglements/pile-up and stacking faults in near-fracture region.",as reported,CORRELATED_STAGE_OR_POST_TEST_EVIDENCE,Sec.3.3 pp.6-7; Fig.9,TEM/SAED/HR-STEM,High,VERIFIED,https://doi.org/10.1016/j.msea.2020.140441
P002,10.1016/j.msea.2020.140441,10.1016/j.msea.2021.142419,P002_MAT_FE40MN10CO20CR20NI10,,P002_HP_HOMOG,Processing_route,As-homogenized,as reported,HALL_PETCH_SUPPORT_DIRECT_TABLE,Table 1 p.8,Source-reported Hall-Petch input state,High,VERIFIED,https://doi.org/10.1016/j.msea.2020.140441
P002,10.1016/j.msea.2020.140441,10.1016/j.msea.2021.142419,P002_MAT_FE40MN10CO20CR20NI10,,P002_HP_HOMOG,Grain_size_um,128,um,HALL_PETCH_SUPPORT_DIRECT_TABLE,Table 1 p.8,Source-reported Hall-Petch input state,High,VERIFIED,https://doi.org/10.1016/j.msea.2020.140441
P002,10.1016/j.msea.2020.140441,10.1016/j.msea.2021.142419,P002_MAT_FE40MN10CO20CR20NI10,,P002_HP_HOMOG,Grain_size_SD_um,18,um,HALL_PETCH_SUPPORT_DIRECT_TABLE,Table 1 p.8,Source-reported Hall-Petch input state,High,VERIFIED,https://doi.org/10.1016/j.msea.2020.140441
P002,10.1016/j.msea.2020.140441,10.1016/j.msea.2021.142419,P002_MAT_FE40MN10CO20CR20NI10,,P002_HP_HOMOG,YS_MPa,188,MPa,HALL_PETCH_SUPPORT_DIRECT_TABLE,Table 1 p.8,Source-reported Hall-Petch input state,High,VERIFIED,https://doi.org/10.1016/j.msea.2020.140441
P002,10.1016/j.msea.2020.140441,10.1016/j.msea.2021.142419,P002_MAT_FE40MN10CO20CR20NI10,,P002_HP_A900,Processing_route,900C/30 min annealed,as reported,HALL_PETCH_SUPPORT_DIRECT_TABLE,Table 1 p.8,Source-reported Hall-Petch input state,High,VERIFIED,https://doi.org/10.1016/j.msea.2020.140441
P002,10.1016/j.msea.2020.140441,10.1016/j.msea.2021.142419,P002_MAT_FE40MN10CO20CR20NI10,,P002_HP_A900,Grain_size_um,16,um,HALL_PETCH_SUPPORT_DIRECT_TABLE,Table 1 p.8,Source-reported Hall-Petch input state,High,VERIFIED,https://doi.org/10.1016/j.msea.2020.140441
P002,10.1016/j.msea.2020.140441,10.1016/j.msea.2021.142419,P002_MAT_FE40MN10CO20CR20NI10,,P002_HP_A900,Grain_size_SD_um,0.6,um,HALL_PETCH_SUPPORT_DIRECT_TABLE,Table 1 p.8,Source-reported Hall-Petch input state,High,VERIFIED,https://doi.org/10.1016/j.msea.2020.140441
P002,10.1016/j.msea.2020.140441,10.1016/j.msea.2021.142419,P002_MAT_FE40MN10CO20CR20NI10,,P002_HP_A900,YS_MPa,253,MPa,HALL_PETCH_SUPPORT_DIRECT_TABLE,Table 1 p.8,Source-reported Hall-Petch input state,High,VERIFIED,https://doi.org/10.1016/j.msea.2020.140441
P002,10.1016/j.msea.2020.140441,10.1016/j.msea.2021.142419,P002_MAT_FE40MN10CO20CR20NI10,,P002_MAT_FE40MN10CO20CR20NI10,Hot_Roll_Input_Thickness_mm,10.0,mm,DIRECT_TEXT_OR_CURRENT_PAPER_DERIVATION_INPUT,Sec.2.1 p.2,direct processing dimension,High,VERIFIED,https://doi.org/10.1016/j.msea.2020.140441
P002,10.1016/j.msea.2020.140441,10.1016/j.msea.2021.142419,P002_MAT_FE40MN10CO20CR20NI10,,P002_MAT_FE40MN10CO20CR20NI10,Hot_Roll_Output_Thickness_mm,5.0,mm,DIRECT_TEXT_OR_CURRENT_PAPER_DERIVATION_INPUT,Sec.2.1 p.2,direct processing dimension,High,VERIFIED,https://doi.org/10.1016/j.msea.2020.140441
P002,10.1016/j.msea.2020.140441,10.1016/j.msea.2021.142419,P002_MAT_FE40MN10CO20CR20NI10,,P002_MAT_FE40MN10CO20CR20NI10,Cold_Roll_Input_Thickness_mm,5.0,mm,DIRECT_TEXT_OR_CURRENT_PAPER_DERIVATION_INPUT,Sec.2.1 p.2,direct processing dimension,High,VERIFIED,https://doi.org/10.1016/j.msea.2020.140441
P002,10.1016/j.msea.2020.140441,10.1016/j.msea.2021.142419,P002_MAT_FE40MN10CO20CR20NI10,,P002_MAT_FE40MN10CO20CR20NI10,Cold_Roll_Output_Thickness_mm,1.5,mm,DIRECT_TEXT_OR_CURRENT_PAPER_DERIVATION_INPUT,Sec.2.1 p.2,direct processing dimension,High,VERIFIED,https://doi.org/10.1016/j.msea.2020.140441
P002,10.1016/j.msea.2020.140441,10.1016/j.msea.2021.142419,P002_MAT_FE40MN10CO20CR20NI10,,P002_MAT_FE40MN10CO20CR20NI10,Lattice_constant_a,0.3587,nm,DIRECT_TEXT_OR_CURRENT_PAPER_DERIVATION_INPUT,Sec.4.2 p.8; Eq.2,current-paper model derivation input,High,VERIFIED,https://doi.org/10.1016/j.msea.2020.140441
P002,10.1016/j.msea.2020.140441,10.1016/j.msea.2021.142419,P002_MAT_FE40MN10CO20CR20NI10,,P002_CORRIGENDUM,Corrected_TRIP_Comparison,A800_TRIP_MORE_PRONOUNCED_THAN_A700,semantic comparison,OFFICIAL_CORRIGENDUM,Corrigendum page included after original article; Materials Science & Engineering A 832 (2022) 142419,official published correction,High,VERIFIED_CORRIGENDUM_APPLIED,https://doi.org/10.1016/j.msea.2021.142419
