Paper_ID,DOI,Material_Parent_ID,Processing_State_ID,ML_Condition_ID,Observation_ID,Feature_Name,Recovered_Value,Units,Evidence_Type,Evidence_Location,Method,Confidence,Recovery_Status
P014,10.3390/ma17235893,P014_MAT_FE50MN30CO10CR10,,,,Paper_Title,Heterogeneous Microstructure and Tensile Properties of Fe50Mn30Co10Cr10 Metastable High-Entropy Alloy,as named/reported,VERIFIED_WORKBOOK,Methods p.3,source-reported,High,VERIFIED
P014,10.3390/ma17235893,P014_MAT_FE50MN30CO10CR10,,,,Study_Series_ID,P014_SERIES01,as named/reported,VERIFIED_WORKBOOK,Methods p.3,source-reported,High,VERIFIED
P014,10.3390/ma17235893,P014_MAT_FE50MN30CO10CR10,,,,Material_Parent_ID,P014_MAT_FE50MN30CO10CR10,as named/reported,VERIFIED_WORKBOOK,Methods p.3,source-reported,High,VERIFIED
P014,10.3390/ma17235893,P014_MAT_FE50MN30CO10CR10,,,,Nominal_Composition_at_pct,Fe50Mn30Co10Cr10,as named/reported,VERIFIED_WORKBOOK,Methods p.3,source-reported,High,VERIFIED
P014,10.3390/ma17235893,P014_MAT_FE50MN30CO10CR10,,,,Composition_Status,NOMINAL_ONLY_NO_BULK_CHEMICAL_ANALYSIS_REPORTED,as named/reported,VERIFIED_WORKBOOK,Methods p.3,source-reported,High,VERIFIED
P014,10.3390/ma17235893,P014_MAT_FE50MN30CO10CR10,,,,Melting_Route,Vacuum levitation melting; solidified in crucible,as named/reported,VERIFIED_WORKBOOK,Methods p.3,source-reported,High,VERIFIED
P014,10.3390/ma17235893,P014_MAT_FE50MN30CO10CR10,,,,Remelting_N,5,as named/reported,VERIFIED_WORKBOOK,Methods p.3,source-reported,High,VERIFIED
P014,10.3390/ma17235893,P014_MAT_FE50MN30CO10CR10,,,,Atmosphere,Ar,as named/reported,VERIFIED_WORKBOOK,Methods p.3,source-reported,High,VERIFIED
P014,10.3390/ma17235893,P014_MAT_FE50MN30CO10CR10,,,,Starting_Block_mm,40 x 15 x 10,as named/reported,VERIFIED_WORKBOOK,Methods p.3,source-reported,High,VERIFIED
P014,10.3390/ma17235893,P014_MAT_FE50MN30CO10CR10,,,,Cold_Roll_Initial_Thickness_mm,5,as named/reported,VERIFIED_WORKBOOK,Methods p.3,source-reported,High,VERIFIED
P014,10.3390/ma17235893,P014_MAT_FE50MN30CO10CR10,,,,Cold_Roll_Final_Thickness_mm,2.75,as named/reported,VERIFIED_WORKBOOK,Methods p.3,source-reported,High,VERIFIED
P014,10.3390/ma17235893,P014_MAT_FE50MN30CO10CR10,,,,Cold_Roll_Reduction_pct,45,as named/reported,VERIFIED_WORKBOOK,Methods p.3,source-reported,High,VERIFIED
P014,10.3390/ma17235893,P014_MAT_FE50MN30CO10CR10,,,,Cold_Roll_Reduction_Status,DERIVED_FROM_REPORTED_5_TO_2.75_MM_THICKNESS,as named/reported,VERIFIED_WORKBOOK,Methods p.3,source-reported,High,VERIFIED
P014,10.3390/ma17235893,P014_MAT_FE50MN30CO10CR10,,,,Cold_Roll_Pass_Reduction_mm,0.05,as named/reported,VERIFIED_WORKBOOK,Methods p.3,source-reported,High,VERIFIED
P014,10.3390/ma17235893,P014_MAT_FE50MN30CO10CR10,,,,Anneal_Time_min,10,as named/reported,VERIFIED_WORKBOOK,Methods p.3,source-reported,High,VERIFIED
P014,10.3390/ma17235893,P014_MAT_FE50MN30CO10CR10,,,,Quench,Water quench,as named/reported,VERIFIED_WORKBOOK,Methods p.3,source-reported,High,VERIFIED
P014,10.3390/ma17235893,P014_MAT_FE50MN30CO10CR10,,,,Tensile_Gauge_mm,40 x 8 x 1,as named/reported,VERIFIED_WORKBOOK,Methods p.3,source-reported,High,VERIFIED
P014,10.3390/ma17235893,P014_MAT_FE50MN30CO10CR10,,,,Tensile_Loading_Direction,Rolling direction,as named/reported,VERIFIED_WORKBOOK,Methods p.3,source-reported,High,VERIFIED
P014,10.3390/ma17235893,P014_MAT_FE50MN30CO10CR10,,,,Tensile_Strain_Rate_s-1,0.001,as named/reported,VERIFIED_WORKBOOK,Methods p.3,source-reported,High,VERIFIED
P014,10.3390/ma17235893,P014_MAT_FE50MN30CO10CR10,,,,Test_T_Raw,Not explicitly specified,as named/reported,VERIFIED_WORKBOOK,Methods p.3,source-reported,High,VERIFIED
P014,10.3390/ma17235893,P014_MAT_FE50MN30CO10CR10,,,,Test_T_Status,TENSILE_TEMPERATURE_NOT_EXPLICITLY_REPORTED,as named/reported,VERIFIED_WORKBOOK,Methods p.3,source-reported,High,VERIFIED
P014,10.3390/ma17235893,P014_MAT_FE50MN30CO10CR10,,,,Tensile_Replicate_n,3,as named/reported,VERIFIED_WORKBOOK,Methods p.3,source-reported,High,VERIFIED
P014,10.3390/ma17235893,P014_MAT_FE50MN30CO10CR10,,,,Replicate_Status,THREE_TENSILE_SAMPLES_PER_STATE; individual replicate values not reported,as named/reported,VERIFIED_WORKBOOK,Methods p.3,source-reported,High,VERIFIED
P014,10.3390/ma17235893,P014_MAT_FE50MN30CO10CR10,,,,Hardness_Measurements_n,6,as named/reported,VERIFIED_WORKBOOK,Methods p.3,source-reported,High,VERIFIED
P014,10.3390/ma17235893,P014_MAT_FE50MN30CO10CR10,,,,Hardness_Used_n,4,as named/reported,VERIFIED_WORKBOOK,Methods p.3,source-reported,High,VERIFIED
P014,10.3390/ma17235893,P014_MAT_FE50MN30CO10CR10,,,,Hardness_Status,Six hardness indents; max/min discarded; remaining four averaged,as named/reported,VERIFIED_WORKBOOK,Methods p.3,source-reported,High,VERIFIED
P014,10.3390/ma17235893,P014_MAT_FE50MN30CO10CR10,,,,Evidence_Location,Methods p.3,as named/reported,VERIFIED_WORKBOOK,Methods p.3,source-reported,High,VERIFIED
P014,10.3390/ma17235893,P014_MAT_FE50MN30CO10CR10,,,,Confidence,High,as named/reported,VERIFIED_WORKBOOK,Methods p.3,source-reported,High,VERIFIED
P014,10.3390/ma17235893,P014_MAT_FE50MN30CO10CR10,,,,Notes,Do not assume an exact room-temperature tensile Test_T_K. The 45% rolling reduction is arithmetic from reported thicknesses and is explicitly tagged as derived processing metadata.,as named/reported,VERIFIED_WORKBOOK,Methods p.3,source-reported,High,VERIFIED
P014,10.3390/ma17235893,P014_MAT_FE50MN30CO10CR10,P014_PS_ASCAST,,,Processing_State_ID,P014_PS_ASCAST,as named/reported,VERIFIED_WORKBOOK,Figs.1-2; pp.3-5,DIRECT_EBSD_FIGURE_LABEL,High,VERIFIED
P014,10.3390/ma17235893,P014_MAT_FE50MN30CO10CR10,P014_PS_ASCAST,,,State_Label,As-cast,as named/reported,VERIFIED_WORKBOOK,Figs.1-2; pp.3-5,DIRECT_EBSD_FIGURE_LABEL,High,VERIFIED
P014,10.3390/ma17235893,P014_MAT_FE50MN30CO10CR10,P014_PS_ASCAST,,,State_Type,AS_CAST,as named/reported,VERIFIED_WORKBOOK,Figs.1-2; pp.3-5,DIRECT_EBSD_FIGURE_LABEL,High,VERIFIED
P014,10.3390/ma17235893,P014_MAT_FE50MN30CO10CR10,P014_PS_ASCAST,,,Initial_Phase_State,Dual FCC+HCP,as named/reported,VERIFIED_WORKBOOK,Figs.1-2; pp.3-5,DIRECT_EBSD_FIGURE_LABEL,High,VERIFIED
P014,10.3390/ma17235893,P014_MAT_FE50MN30CO10CR10,P014_PS_ASCAST,,,Initial_FCC_fraction,0.795,as named/reported,VERIFIED_WORKBOOK,Figs.1-2; pp.3-5,DIRECT_EBSD_FIGURE_LABEL,High,VERIFIED
P014,10.3390/ma17235893,P014_MAT_FE50MN30CO10CR10,P014_PS_ASCAST,,,Initial_HCP_fraction,0.205,as named/reported,VERIFIED_WORKBOOK,Figs.1-2; pp.3-5,DIRECT_EBSD_FIGURE_LABEL,High,VERIFIED
P014,10.3390/ma17235893,P014_MAT_FE50MN30CO10CR10,P014_PS_ASCAST,,,Phase_Fraction_Status,DIRECT_EBSD_FIGURE_LABEL,as named/reported,VERIFIED_WORKBOOK,Figs.1-2; pp.3-5,DIRECT_EBSD_FIGURE_LABEL,High,VERIFIED
P014,10.3390/ma17235893,P014_MAT_FE50MN30CO10CR10,P014_PS_ASCAST,,,Average_Grain_Size_um,28.03,as named/reported,VERIFIED_WORKBOOK,Figs.1-2; pp.3-5,DIRECT_EBSD_FIGURE_LABEL,High,VERIFIED
P014,10.3390/ma17235893,P014_MAT_FE50MN30CO10CR10,P014_PS_ASCAST,,,Grain_Size_sd_um,5.12,as named/reported,VERIFIED_WORKBOOK,Figs.1-2; pp.3-5,DIRECT_EBSD_FIGURE_LABEL,High,VERIFIED
P014,10.3390/ma17235893,P014_MAT_FE50MN30CO10CR10,P014_PS_ASCAST,,,Grain_Size_Status,DIRECT_TEXT,as named/reported,VERIFIED_WORKBOOK,Figs.1-2; pp.3-5,DIRECT_EBSD_FIGURE_LABEL,High,VERIFIED
P014,10.3390/ma17235893,P014_MAT_FE50MN30CO10CR10,P014_PS_ASCAST,,,KAM_mean_deg,0.04,as named/reported,VERIFIED_WORKBOOK,Figs.1-2; pp.3-5,DIRECT_EBSD_FIGURE_LABEL,High,VERIFIED
P014,10.3390/ma17235893,P014_MAT_FE50MN30CO10CR10,P014_PS_ASCAST,,,KAM_Status,DIRECT_EBSD_FIGURE_LABEL,as named/reported,VERIFIED_WORKBOOK,Figs.1-2; pp.3-5,DIRECT_EBSD_FIGURE_LABEL,High,VERIFIED
P014,10.3390/ma17235893,P014_MAT_FE50MN30CO10CR10,P014_PS_ASCAST,,,Recrystallized_Status,NOT_REPORTED,as named/reported,VERIFIED_WORKBOOK,Figs.1-2; pp.3-5,DIRECT_EBSD_FIGURE_LABEL,High,VERIFIED
P014,10.3390/ma17235893,P014_MAT_FE50MN30CO10CR10,P014_PS_ASCAST,,,Heterogeneous_Microstructure,False,as named/reported,VERIFIED_WORKBOOK,Figs.1-2; pp.3-5,DIRECT_EBSD_FIGURE_LABEL,High,VERIFIED
P014,10.3390/ma17235893,P014_MAT_FE50MN30CO10CR10,P014_PS_ASCAST,,,Initial_Twin_Descriptor,Pre-existing dual-phase morphology; no tensile-twin assignment,as named/reported,VERIFIED_WORKBOOK,Figs.1-2; pp.3-5,DIRECT_EBSD_FIGURE_LABEL,High,VERIFIED
P014,10.3390/ma17235893,P014_MAT_FE50MN30CO10CR10,P014_PS_ASCAST,,,Initial_Twin_Origin,PRE_TEST_STATE,as named/reported,VERIFIED_WORKBOOK,Figs.1-2; pp.3-5,DIRECT_EBSD_FIGURE_LABEL,High,VERIFIED
P014,10.3390/ma17235893,P014_MAT_FE50MN30CO10CR10,P014_PS_ASCAST,,,Initial_Twin_Target_Safety,DO_NOT_USE_AS_TWIP_TARGET,as named/reported,VERIFIED_WORKBOOK,Figs.1-2; pp.3-5,DIRECT_EBSD_FIGURE_LABEL,High,VERIFIED
P014,10.3390/ma17235893,P014_MAT_FE50MN30CO10CR10,P014_PS_ASCAST,,,Processing_Mechanism_Status,No processing-mechanism target assigned,as named/reported,VERIFIED_WORKBOOK,Figs.1-2; pp.3-5,DIRECT_EBSD_FIGURE_LABEL,High,VERIFIED
P014,10.3390/ma17235893,P014_MAT_FE50MN30CO10CR10,P014_PS_ASCAST,,,Evidence_Location,Figs.1-2; pp.3-5,as named/reported,VERIFIED_WORKBOOK,Figs.1-2; pp.3-5,DIRECT_EBSD_FIGURE_LABEL,High,VERIFIED
P014,10.3390/ma17235893,P014_MAT_FE50MN30CO10CR10,P014_PS_ASCAST,,,Confidence,High,as named/reported,VERIFIED_WORKBOOK,Figs.1-2; pp.3-5,DIRECT_EBSD_FIGURE_LABEL,High,VERIFIED
P014,10.3390/ma17235893,P014_MAT_FE50MN30CO10CR10,P014_PS_ASCAST,,,Notes,As-cast state is γ-FCC rich with ~20.5% HCP by EBSD figure label.,as named/reported,VERIFIED_WORKBOOK,Figs.1-2; pp.3-5,DIRECT_EBSD_FIGURE_LABEL,High,VERIFIED
P014,10.3390/ma17235893,P014_MAT_FE50MN30CO10CR10,P014_PS_CR,,,Processing_State_ID,P014_PS_CR,as named/reported,VERIFIED_WORKBOOK,Figs.1-3; pp.3-5,DIRECT_EBSD_FIGURE_LABEL,High,VERIFIED
P014,10.3390/ma17235893,P014_MAT_FE50MN30CO10CR10,P014_PS_CR,,,State_Label,CR,as named/reported,VERIFIED_WORKBOOK,Figs.1-3; pp.3-5,DIRECT_EBSD_FIGURE_LABEL,High,VERIFIED
P014,10.3390/ma17235893,P014_MAT_FE50MN30CO10CR10,P014_PS_CR,,,State_Type,COLD_ROLLED,as named/reported,VERIFIED_WORKBOOK,Figs.1-3; pp.3-5,DIRECT_EBSD_FIGURE_LABEL,High,VERIFIED
P014,10.3390/ma17235893,P014_MAT_FE50MN30CO10CR10,P014_PS_CR,,,Initial_Phase_State,Dual FCC+HCP,as named/reported,VERIFIED_WORKBOOK,Figs.1-3; pp.3-5,DIRECT_EBSD_FIGURE_LABEL,High,VERIFIED
P014,10.3390/ma17235893,P014_MAT_FE50MN30CO10CR10,P014_PS_CR,,,Initial_FCC_fraction,0.739,as named/reported,VERIFIED_WORKBOOK,Figs.1-3; pp.3-5,DIRECT_EBSD_FIGURE_LABEL,High,VERIFIED
P014,10.3390/ma17235893,P014_MAT_FE50MN30CO10CR10,P014_PS_CR,,,Initial_HCP_fraction,0.261,as named/reported,VERIFIED_WORKBOOK,Figs.1-3; pp.3-5,DIRECT_EBSD_FIGURE_LABEL,High,VERIFIED
P014,10.3390/ma17235893,P014_MAT_FE50MN30CO10CR10,P014_PS_CR,,,Phase_Fraction_Status,DIRECT_EBSD_FIGURE_LABEL,as named/reported,VERIFIED_WORKBOOK,Figs.1-3; pp.3-5,DIRECT_EBSD_FIGURE_LABEL,High,VERIFIED
P014,10.3390/ma17235893,P014_MAT_FE50MN30CO10CR10,P014_PS_CR,,,Average_Grain_Size_um,0.71,as named/reported,VERIFIED_WORKBOOK,Figs.1-3; pp.3-5,DIRECT_EBSD_FIGURE_LABEL,High,VERIFIED
P014,10.3390/ma17235893,P014_MAT_FE50MN30CO10CR10,P014_PS_CR,,,Grain_Size_sd_um,0.18,as named/reported,VERIFIED_WORKBOOK,Figs.1-3; pp.3-5,DIRECT_EBSD_FIGURE_LABEL,High,VERIFIED
P014,10.3390/ma17235893,P014_MAT_FE50MN30CO10CR10,P014_PS_CR,,,Grain_Size_Status,DIRECT_TEXT,as named/reported,VERIFIED_WORKBOOK,Figs.1-3; pp.3-5,DIRECT_EBSD_FIGURE_LABEL,High,VERIFIED
P014,10.3390/ma17235893,P014_MAT_FE50MN30CO10CR10,P014_PS_CR,,,KAM_mean_deg,0.8,as named/reported,VERIFIED_WORKBOOK,Figs.1-3; pp.3-5,DIRECT_EBSD_FIGURE_LABEL,High,VERIFIED
P014,10.3390/ma17235893,P014_MAT_FE50MN30CO10CR10,P014_PS_CR,,,KAM_Status,DIRECT_EBSD_FIGURE_LABEL,as named/reported,VERIFIED_WORKBOOK,Figs.1-3; pp.3-5,DIRECT_EBSD_FIGURE_LABEL,High,VERIFIED
P014,10.3390/ma17235893,P014_MAT_FE50MN30CO10CR10,P014_PS_CR,,,Recrystallized_Status,NOT_REPORTED,as named/reported,VERIFIED_WORKBOOK,Figs.1-3; pp.3-5,DIRECT_EBSD_FIGURE_LABEL,High,VERIFIED
P014,10.3390/ma17235893,P014_MAT_FE50MN30CO10CR10,P014_PS_CR,,,Heterogeneous_Microstructure,False,as named/reported,VERIFIED_WORKBOOK,Figs.1-3; pp.3-5,DIRECT_EBSD_FIGURE_LABEL,High,VERIFIED
P014,10.3390/ma17235893,P014_MAT_FE50MN30CO10CR10,P014_PS_CR,,,Initial_Twin_Descriptor,Deformation twins + HCP laths produced during cold rolling,as named/reported,VERIFIED_WORKBOOK,Figs.1-3; pp.3-5,DIRECT_EBSD_FIGURE_LABEL,High,VERIFIED
P014,10.3390/ma17235893,P014_MAT_FE50MN30CO10CR10,P014_PS_CR,,,Initial_Twin_Origin,PROCESSING_INDUCED_DEFORMATION,as named/reported,VERIFIED_WORKBOOK,Figs.1-3; pp.3-5,DIRECT_EBSD_FIGURE_LABEL,High,VERIFIED
P014,10.3390/ma17235893,P014_MAT_FE50MN30CO10CR10,P014_PS_CR,,,Initial_Twin_Target_Safety,DO_NOT_USE_PROCESSING_TWINS_AS_TENSILE_TWIP_TARGET,as named/reported,VERIFIED_WORKBOOK,Figs.1-3; pp.3-5,DIRECT_EBSD_FIGURE_LABEL,High,VERIFIED
P014,10.3390/ma17235893,P014_MAT_FE50MN30CO10CR10,P014_PS_CR,,,Processing_TRIP,1.0,as named/reported,VERIFIED_WORKBOOK,Figs.1-3; pp.3-5,DIRECT_EBSD_FIGURE_LABEL,High,VERIFIED
P014,10.3390/ma17235893,P014_MAT_FE50MN30CO10CR10,P014_PS_CR,,,Processing_TWIP,1.0,as named/reported,VERIFIED_WORKBOOK,Figs.1-3; pp.3-5,DIRECT_EBSD_FIGURE_LABEL,High,VERIFIED
P014,10.3390/ma17235893,P014_MAT_FE50MN30CO10CR10,P014_PS_CR,,,Processing_Mechanism_Status,DIRECT_TEM_AND_EBSD_PROCESSING_EVIDENCE,as named/reported,VERIFIED_WORKBOOK,Figs.1-3; pp.3-5,DIRECT_EBSD_FIGURE_LABEL,High,VERIFIED
P014,10.3390/ma17235893,P014_MAT_FE50MN30CO10CR10,P014_PS_CR,,,Evidence_Location,Figs.1-3; pp.3-5,as named/reported,VERIFIED_WORKBOOK,Figs.1-3; pp.3-5,DIRECT_EBSD_FIGURE_LABEL,High,VERIFIED
P014,10.3390/ma17235893,P014_MAT_FE50MN30CO10CR10,P014_PS_CR,,,Confidence,High,as named/reported,VERIFIED_WORKBOOK,Figs.1-3; pp.3-5,DIRECT_EBSD_FIGURE_LABEL,High,VERIFIED
P014,10.3390/ma17235893,P014_MAT_FE50MN30CO10CR10,P014_PS_CR,,,Notes,Cold rolling increases HCP to 26.1%; TEM directly identifies processing-induced deformation twins and stress-induced FCC→HCP. These are pre-test features for the CR tensile condition.,as named/reported,VERIFIED_WORKBOOK,Figs.1-3; pp.3-5,DIRECT_EBSD_FIGURE_LABEL,High,VERIFIED
P014,10.3390/ma17235893,P014_MAT_FE50MN30CO10CR10,P014_PS_A600,,,Processing_State_ID,P014_PS_A600,as named/reported,VERIFIED_WORKBOOK,Figs.1-4; pp.3-6,DIRECT_EBSD_FIGURE_LABEL,High,VERIFIED
P014,10.3390/ma17235893,P014_MAT_FE50MN30CO10CR10,P014_PS_A600,,,State_Label,A600,as named/reported,VERIFIED_WORKBOOK,Figs.1-4; pp.3-6,DIRECT_EBSD_FIGURE_LABEL,High,VERIFIED
P014,10.3390/ma17235893,P014_MAT_FE50MN30CO10CR10,P014_PS_A600,,,State_Type,ANNEALED_HETEROGENEOUS,as named/reported,VERIFIED_WORKBOOK,Figs.1-4; pp.3-6,DIRECT_EBSD_FIGURE_LABEL,High,VERIFIED
P014,10.3390/ma17235893,P014_MAT_FE50MN30CO10CR10,P014_PS_A600,,,Anneal_T_C,600.0,as named/reported,VERIFIED_WORKBOOK,Figs.1-4; pp.3-6,DIRECT_EBSD_FIGURE_LABEL,High,VERIFIED
P014,10.3390/ma17235893,P014_MAT_FE50MN30CO10CR10,P014_PS_A600,,,Initial_Phase_State,Single FCC by XRD/EBSD,as named/reported,VERIFIED_WORKBOOK,Figs.1-4; pp.3-6,DIRECT_EBSD_FIGURE_LABEL,High,VERIFIED
P014,10.3390/ma17235893,P014_MAT_FE50MN30CO10CR10,P014_PS_A600,,,Initial_FCC_fraction,1.0,as named/reported,VERIFIED_WORKBOOK,Figs.1-4; pp.3-6,DIRECT_EBSD_FIGURE_LABEL,High,VERIFIED
P014,10.3390/ma17235893,P014_MAT_FE50MN30CO10CR10,P014_PS_A600,,,Initial_HCP_fraction,0.0,as named/reported,VERIFIED_WORKBOOK,Figs.1-4; pp.3-6,DIRECT_EBSD_FIGURE_LABEL,High,VERIFIED
P014,10.3390/ma17235893,P014_MAT_FE50MN30CO10CR10,P014_PS_A600,,,Phase_Fraction_Status,DIRECT_EBSD_FIGURE_LABEL; text/XRD single FCC,as named/reported,VERIFIED_WORKBOOK,Figs.1-4; pp.3-6,DIRECT_EBSD_FIGURE_LABEL,High,VERIFIED
P014,10.3390/ma17235893,P014_MAT_FE50MN30CO10CR10,P014_PS_A600,,,Average_Grain_Size_um,0.79,as named/reported,VERIFIED_WORKBOOK,Figs.1-4; pp.3-6,DIRECT_EBSD_FIGURE_LABEL,High,VERIFIED
P014,10.3390/ma17235893,P014_MAT_FE50MN30CO10CR10,P014_PS_A600,,,Grain_Size_sd_um,0.3,as named/reported,VERIFIED_WORKBOOK,Figs.1-4; pp.3-6,DIRECT_EBSD_FIGURE_LABEL,High,VERIFIED
P014,10.3390/ma17235893,P014_MAT_FE50MN30CO10CR10,P014_PS_A600,,,Grain_Size_Status,DIRECT_TEXT,as named/reported,VERIFIED_WORKBOOK,Figs.1-4; pp.3-6,DIRECT_EBSD_FIGURE_LABEL,High,VERIFIED
P014,10.3390/ma17235893,P014_MAT_FE50MN30CO10CR10,P014_PS_A600,,,KAM_mean_deg,0.85,as named/reported,VERIFIED_WORKBOOK,Figs.1-4; pp.3-6,DIRECT_EBSD_FIGURE_LABEL,High,VERIFIED
P014,10.3390/ma17235893,P014_MAT_FE50MN30CO10CR10,P014_PS_A600,,,KAM_Status,DIRECT_EBSD_FIGURE_LABEL,as named/reported,VERIFIED_WORKBOOK,Figs.1-4; pp.3-6,DIRECT_EBSD_FIGURE_LABEL,High,VERIFIED
P014,10.3390/ma17235893,P014_MAT_FE50MN30CO10CR10,P014_PS_A600,,,Recrystallized_fraction,0.102,as named/reported,VERIFIED_WORKBOOK,Figs.1-4; pp.3-6,DIRECT_EBSD_FIGURE_LABEL,High,VERIFIED
P014,10.3390/ma17235893,P014_MAT_FE50MN30CO10CR10,P014_PS_A600,,,Recrystallized_Status,DIRECT_GOS_TEXT,as named/reported,VERIFIED_WORKBOOK,Figs.1-4; pp.3-6,DIRECT_EBSD_FIGURE_LABEL,High,VERIFIED
P014,10.3390/ma17235893,P014_MAT_FE50MN30CO10CR10,P014_PS_A600,,,Heterogeneous_Microstructure,True,as named/reported,VERIFIED_WORKBOOK,Figs.1-4; pp.3-6,DIRECT_EBSD_FIGURE_LABEL,High,VERIFIED
P014,10.3390/ma17235893,P014_MAT_FE50MN30CO10CR10,P014_PS_A600,,,Initial_Twin_Descriptor,Nano-scale twins / annealing twins in heterogeneous pre-test structure,as named/reported,VERIFIED_WORKBOOK,Figs.1-4; pp.3-6,DIRECT_EBSD_FIGURE_LABEL,High,VERIFIED
P014,10.3390/ma17235893,P014_MAT_FE50MN30CO10CR10,P014_PS_A600,,,Initial_Twin_Origin,ANNEALING_OR_PRE_EXISTING_AFTER_ANNEAL,as named/reported,VERIFIED_WORKBOOK,Figs.1-4; pp.3-6,DIRECT_EBSD_FIGURE_LABEL,High,VERIFIED
P014,10.3390/ma17235893,P014_MAT_FE50MN30CO10CR10,P014_PS_A600,,,Initial_Twin_Target_Safety,DO_NOT_USE_INITIAL_TWINS_AS_TENSILE_TWIP_TARGET,as named/reported,VERIFIED_WORKBOOK,Figs.1-4; pp.3-6,DIRECT_EBSD_FIGURE_LABEL,High,VERIFIED
P014,10.3390/ma17235893,P014_MAT_FE50MN30CO10CR10,P014_PS_A600,,,Processing_Mechanism_Status,Pre-test microstructure only,as named/reported,VERIFIED_WORKBOOK,Figs.1-4; pp.3-6,DIRECT_EBSD_FIGURE_LABEL,High,VERIFIED
P014,10.3390/ma17235893,P014_MAT_FE50MN30CO10CR10,P014_PS_A600,,,Evidence_Location,Figs.1-4; pp.3-6,as named/reported,VERIFIED_WORKBOOK,Figs.1-4; pp.3-6,DIRECT_EBSD_FIGURE_LABEL,High,VERIFIED
P014,10.3390/ma17235893,P014_MAT_FE50MN30CO10CR10,P014_PS_A600,,,Confidence,High,as named/reported,VERIFIED_WORKBOOK,Figs.1-4; pp.3-6,DIRECT_EBSD_FIGURE_LABEL,High,VERIFIED
P014,10.3390/ma17235893,P014_MAT_FE50MN30CO10CR10,P014_PS_A600,,,Notes,A600 contains recrystallized fine grains plus residual deformed grains with high dislocation density and pre-existing twin lamellae.,as named/reported,VERIFIED_WORKBOOK,Figs.1-4; pp.3-6,DIRECT_EBSD_FIGURE_LABEL,High,VERIFIED
P014,10.3390/ma17235893,P014_MAT_FE50MN30CO10CR10,P014_PS_A650,,,Processing_State_ID,P014_PS_A650,as named/reported,VERIFIED_WORKBOOK,Figs.1-2; pp.3-5,DIRECT_EBSD_FIGURE_LABEL,High,VERIFIED
P014,10.3390/ma17235893,P014_MAT_FE50MN30CO10CR10,P014_PS_A650,,,State_Label,A650,as named/reported,VERIFIED_WORKBOOK,Figs.1-2; pp.3-5,DIRECT_EBSD_FIGURE_LABEL,High,VERIFIED
P014,10.3390/ma17235893,P014_MAT_FE50MN30CO10CR10,P014_PS_A650,,,State_Type,ANNEALED_HETEROGENEOUS,as named/reported,VERIFIED_WORKBOOK,Figs.1-2; pp.3-5,DIRECT_EBSD_FIGURE_LABEL,High,VERIFIED
P014,10.3390/ma17235893,P014_MAT_FE50MN30CO10CR10,P014_PS_A650,,,Anneal_T_C,650.0,as named/reported,VERIFIED_WORKBOOK,Figs.1-2; pp.3-5,DIRECT_EBSD_FIGURE_LABEL,High,VERIFIED
P014,10.3390/ma17235893,P014_MAT_FE50MN30CO10CR10,P014_PS_A650,,,Initial_Phase_State,Text/XRD: single FCC; EBSD figure reports trace HCP,as named/reported,VERIFIED_WORKBOOK,Figs.1-2; pp.3-5,DIRECT_EBSD_FIGURE_LABEL,High,VERIFIED
P014,10.3390/ma17235893,P014_MAT_FE50MN30CO10CR10,P014_PS_A650,,,Initial_FCC_fraction,0.999,as named/reported,VERIFIED_WORKBOOK,Figs.1-2; pp.3-5,DIRECT_EBSD_FIGURE_LABEL,High,VERIFIED
P014,10.3390/ma17235893,P014_MAT_FE50MN30CO10CR10,P014_PS_A650,,,Initial_HCP_fraction,0.001,as named/reported,VERIFIED_WORKBOOK,Figs.1-2; pp.3-5,DIRECT_EBSD_FIGURE_LABEL,High,VERIFIED
P014,10.3390/ma17235893,P014_MAT_FE50MN30CO10CR10,P014_PS_A650,,,Phase_Fraction_Status,EBSD_FIGURE_LABEL_TRACE_HCP_0.1_PERCENT_CONFLICTS_WITH_SINGLE_FCC_TEXT_XRD,as named/reported,VERIFIED_WORKBOOK,Figs.1-2; pp.3-5,DIRECT_EBSD_FIGURE_LABEL,High,VERIFIED
P014,10.3390/ma17235893,P014_MAT_FE50MN30CO10CR10,P014_PS_A650,,,Average_Grain_Size_um,1.1,as named/reported,VERIFIED_WORKBOOK,Figs.1-2; pp.3-5,DIRECT_EBSD_FIGURE_LABEL,High,VERIFIED
P014,10.3390/ma17235893,P014_MAT_FE50MN30CO10CR10,P014_PS_A650,,,Grain_Size_sd_um,0.57,as named/reported,VERIFIED_WORKBOOK,Figs.1-2; pp.3-5,DIRECT_EBSD_FIGURE_LABEL,High,VERIFIED
P014,10.3390/ma17235893,P014_MAT_FE50MN30CO10CR10,P014_PS_A650,,,Grain_Size_Status,DIRECT_TEXT,as named/reported,VERIFIED_WORKBOOK,Figs.1-2; pp.3-5,DIRECT_EBSD_FIGURE_LABEL,High,VERIFIED
P014,10.3390/ma17235893,P014_MAT_FE50MN30CO10CR10,P014_PS_A650,,,KAM_mean_deg,0.39,as named/reported,VERIFIED_WORKBOOK,Figs.1-2; pp.3-5,DIRECT_EBSD_FIGURE_LABEL,High,VERIFIED
P014,10.3390/ma17235893,P014_MAT_FE50MN30CO10CR10,P014_PS_A650,,,KAM_Status,DIRECT_EBSD_FIGURE_LABEL,as named/reported,VERIFIED_WORKBOOK,Figs.1-2; pp.3-5,DIRECT_EBSD_FIGURE_LABEL,High,VERIFIED
P014,10.3390/ma17235893,P014_MAT_FE50MN30CO10CR10,P014_PS_A650,,,Recrystallized_fraction,0.658,as named/reported,VERIFIED_WORKBOOK,Figs.1-2; pp.3-5,DIRECT_EBSD_FIGURE_LABEL,High,VERIFIED
P014,10.3390/ma17235893,P014_MAT_FE50MN30CO10CR10,P014_PS_A650,,,Recrystallized_Status,DIRECT_GOS_TEXT,as named/reported,VERIFIED_WORKBOOK,Figs.1-2; pp.3-5,DIRECT_EBSD_FIGURE_LABEL,High,VERIFIED
P014,10.3390/ma17235893,P014_MAT_FE50MN30CO10CR10,P014_PS_A650,,,Heterogeneous_Microstructure,True,as named/reported,VERIFIED_WORKBOOK,Figs.1-2; pp.3-5,DIRECT_EBSD_FIGURE_LABEL,High,VERIFIED
P014,10.3390/ma17235893,P014_MAT_FE50MN30CO10CR10,P014_PS_A650,,,Initial_Twin_Origin,NOT_CHARACTERIZED_FOR_TWIN_ORIGIN,as named/reported,VERIFIED_WORKBOOK,Figs.1-2; pp.3-5,DIRECT_EBSD_FIGURE_LABEL,High,VERIFIED
P014,10.3390/ma17235893,P014_MAT_FE50MN30CO10CR10,P014_PS_A650,,,Initial_Twin_Target_Safety,DO_NOT_INFER_TWIP,as named/reported,VERIFIED_WORKBOOK,Figs.1-2; pp.3-5,DIRECT_EBSD_FIGURE_LABEL,High,VERIFIED
P014,10.3390/ma17235893,P014_MAT_FE50MN30CO10CR10,P014_PS_A650,,,Processing_Mechanism_Status,No post-tensile mechanism characterization,as named/reported,VERIFIED_WORKBOOK,Figs.1-2; pp.3-5,DIRECT_EBSD_FIGURE_LABEL,High,VERIFIED
P014,10.3390/ma17235893,P014_MAT_FE50MN30CO10CR10,P014_PS_A650,,,Evidence_Location,Figs.1-2; pp.3-5,as named/reported,VERIFIED_WORKBOOK,Figs.1-2; pp.3-5,DIRECT_EBSD_FIGURE_LABEL,High,VERIFIED
P014,10.3390/ma17235893,P014_MAT_FE50MN30CO10CR10,P014_PS_A650,,,Confidence,High,as named/reported,VERIFIED_WORKBOOK,Figs.1-2; pp.3-5,DIRECT_EBSD_FIGURE_LABEL,High,VERIFIED
P014,10.3390/ma17235893,P014_MAT_FE50MN30CO10CR10,P014_PS_A650,,,Notes,"Preserve the source inconsistency: prose/XRD call A650 single FCC, while the EBSD figure label shows FCC 99.9% / HCP 0.1%. Do not silently coerce either value.",as named/reported,VERIFIED_WORKBOOK,Figs.1-2; pp.3-5,DIRECT_EBSD_FIGURE_LABEL,High,VERIFIED
P014,10.3390/ma17235893,P014_MAT_FE50MN30CO10CR10,P014_PS_A700,,,Processing_State_ID,P014_PS_A700,as named/reported,VERIFIED_WORKBOOK,Figs.1-2; pp.3-5,DIRECT_EBSD_FIGURE_LABEL,High,VERIFIED
P014,10.3390/ma17235893,P014_MAT_FE50MN30CO10CR10,P014_PS_A700,,,State_Label,A700,as named/reported,VERIFIED_WORKBOOK,Figs.1-2; pp.3-5,DIRECT_EBSD_FIGURE_LABEL,High,VERIFIED
P014,10.3390/ma17235893,P014_MAT_FE50MN30CO10CR10,P014_PS_A700,,,State_Type,ANNEALED_HETEROGENEOUS,as named/reported,VERIFIED_WORKBOOK,Figs.1-2; pp.3-5,DIRECT_EBSD_FIGURE_LABEL,High,VERIFIED
P014,10.3390/ma17235893,P014_MAT_FE50MN30CO10CR10,P014_PS_A700,,,Anneal_T_C,700.0,as named/reported,VERIFIED_WORKBOOK,Figs.1-2; pp.3-5,DIRECT_EBSD_FIGURE_LABEL,High,VERIFIED
P014,10.3390/ma17235893,P014_MAT_FE50MN30CO10CR10,P014_PS_A700,,,Initial_Phase_State,Single FCC by XRD/EBSD,as named/reported,VERIFIED_WORKBOOK,Figs.1-2; pp.3-5,DIRECT_EBSD_FIGURE_LABEL,High,VERIFIED
P014,10.3390/ma17235893,P014_MAT_FE50MN30CO10CR10,P014_PS_A700,,,Initial_FCC_fraction,1.0,as named/reported,VERIFIED_WORKBOOK,Figs.1-2; pp.3-5,DIRECT_EBSD_FIGURE_LABEL,High,VERIFIED
P014,10.3390/ma17235893,P014_MAT_FE50MN30CO10CR10,P014_PS_A700,,,Initial_HCP_fraction,0.0,as named/reported,VERIFIED_WORKBOOK,Figs.1-2; pp.3-5,DIRECT_EBSD_FIGURE_LABEL,High,VERIFIED
P014,10.3390/ma17235893,P014_MAT_FE50MN30CO10CR10,P014_PS_A700,,,Phase_Fraction_Status,DIRECT_EBSD_FIGURE_LABEL; text/XRD single FCC,as named/reported,VERIFIED_WORKBOOK,Figs.1-2; pp.3-5,DIRECT_EBSD_FIGURE_LABEL,High,VERIFIED
P014,10.3390/ma17235893,P014_MAT_FE50MN30CO10CR10,P014_PS_A700,,,Average_Grain_Size_um,1.16,as named/reported,VERIFIED_WORKBOOK,Figs.1-2; pp.3-5,DIRECT_EBSD_FIGURE_LABEL,High,VERIFIED
P014,10.3390/ma17235893,P014_MAT_FE50MN30CO10CR10,P014_PS_A700,,,Grain_Size_sd_um,0.6,as named/reported,VERIFIED_WORKBOOK,Figs.1-2; pp.3-5,DIRECT_EBSD_FIGURE_LABEL,High,VERIFIED
P014,10.3390/ma17235893,P014_MAT_FE50MN30CO10CR10,P014_PS_A700,,,Grain_Size_Status,DIRECT_TEXT,as named/reported,VERIFIED_WORKBOOK,Figs.1-2; pp.3-5,DIRECT_EBSD_FIGURE_LABEL,High,VERIFIED
P014,10.3390/ma17235893,P014_MAT_FE50MN30CO10CR10,P014_PS_A700,,,KAM_mean_deg,0.3,as named/reported,VERIFIED_WORKBOOK,Figs.1-2; pp.3-5,DIRECT_EBSD_FIGURE_LABEL,High,VERIFIED
P014,10.3390/ma17235893,P014_MAT_FE50MN30CO10CR10,P014_PS_A700,,,KAM_Status,DIRECT_EBSD_FIGURE_LABEL,as named/reported,VERIFIED_WORKBOOK,Figs.1-2; pp.3-5,DIRECT_EBSD_FIGURE_LABEL,High,VERIFIED
P014,10.3390/ma17235893,P014_MAT_FE50MN30CO10CR10,P014_PS_A700,,,Recrystallized_fraction,0.747,as named/reported,VERIFIED_WORKBOOK,Figs.1-2; pp.3-5,DIRECT_EBSD_FIGURE_LABEL,High,VERIFIED
P014,10.3390/ma17235893,P014_MAT_FE50MN30CO10CR10,P014_PS_A700,,,Recrystallized_Status,DIRECT_GOS_TEXT,as named/reported,VERIFIED_WORKBOOK,Figs.1-2; pp.3-5,DIRECT_EBSD_FIGURE_LABEL,High,VERIFIED
P014,10.3390/ma17235893,P014_MAT_FE50MN30CO10CR10,P014_PS_A700,,,Heterogeneous_Microstructure,True,as named/reported,VERIFIED_WORKBOOK,Figs.1-2; pp.3-5,DIRECT_EBSD_FIGURE_LABEL,High,VERIFIED
P014,10.3390/ma17235893,P014_MAT_FE50MN30CO10CR10,P014_PS_A700,,,Initial_Twin_Origin,NOT_CHARACTERIZED_FOR_TWIN_ORIGIN,as named/reported,VERIFIED_WORKBOOK,Figs.1-2; pp.3-5,DIRECT_EBSD_FIGURE_LABEL,High,VERIFIED
P014,10.3390/ma17235893,P014_MAT_FE50MN30CO10CR10,P014_PS_A700,,,Initial_Twin_Target_Safety,DO_NOT_INFER_TWIP,as named/reported,VERIFIED_WORKBOOK,Figs.1-2; pp.3-5,DIRECT_EBSD_FIGURE_LABEL,High,VERIFIED
P014,10.3390/ma17235893,P014_MAT_FE50MN30CO10CR10,P014_PS_A700,,,Processing_Mechanism_Status,No post-tensile mechanism characterization,as named/reported,VERIFIED_WORKBOOK,Figs.1-2; pp.3-5,DIRECT_EBSD_FIGURE_LABEL,High,VERIFIED
P014,10.3390/ma17235893,P014_MAT_FE50MN30CO10CR10,P014_PS_A700,,,Evidence_Location,Figs.1-2; pp.3-5,as named/reported,VERIFIED_WORKBOOK,Figs.1-2; pp.3-5,DIRECT_EBSD_FIGURE_LABEL,High,VERIFIED
P014,10.3390/ma17235893,P014_MAT_FE50MN30CO10CR10,P014_PS_A700,,,Confidence,High,as named/reported,VERIFIED_WORKBOOK,Figs.1-2; pp.3-5,DIRECT_EBSD_FIGURE_LABEL,High,VERIFIED
P014,10.3390/ma17235893,P014_MAT_FE50MN30CO10CR10,P014_PS_A700,,,Notes,Highly recrystallized relative to A600 but still described in the heterogeneous-microstructure series.,as named/reported,VERIFIED_WORKBOOK,Figs.1-2; pp.3-5,DIRECT_EBSD_FIGURE_LABEL,High,VERIFIED
P014,10.3390/ma17235893,P014_MAT_FE50MN30CO10CR10,P014_PS_ASCAST,P014_MC_ASCAST,,Study_Series_ID,P014_SERIES01,as named/reported,TARGETS_UNRESOLVED,Table 1; Figs.1-2,source-reported,High,VERIFIED
P014,10.3390/ma17235893,P014_MAT_FE50MN30CO10CR10,P014_PS_ASCAST,P014_MC_ASCAST,,Material_Parent_ID,P014_MAT_FE50MN30CO10CR10,as named/reported,TARGETS_UNRESOLVED,Table 1; Figs.1-2,source-reported,High,VERIFIED
P014,10.3390/ma17235893,P014_MAT_FE50MN30CO10CR10,P014_PS_ASCAST,P014_MC_ASCAST,,Processing_State_ID,P014_PS_ASCAST,as named/reported,TARGETS_UNRESOLVED,Table 1; Figs.1-2,source-reported,High,VERIFIED
P014,10.3390/ma17235893,P014_MAT_FE50MN30CO10CR10,P014_PS_ASCAST,P014_MC_ASCAST,,ML_Condition_ID,P014_MC_ASCAST,as named/reported,TARGETS_UNRESOLVED,Table 1; Figs.1-2,source-reported,High,VERIFIED
P014,10.3390/ma17235893,P014_MAT_FE50MN30CO10CR10,P014_PS_ASCAST,P014_MC_ASCAST,,State_Label,As-cast,as named/reported,TARGETS_UNRESOLVED,Table 1; Figs.1-2,source-reported,High,VERIFIED
P014,10.3390/ma17235893,P014_MAT_FE50MN30CO10CR10,P014_PS_ASCAST,P014_MC_ASCAST,,Test_T_Raw,Not explicitly specified,as named/reported,TARGETS_UNRESOLVED,Table 1; Figs.1-2,source-reported,High,VERIFIED
P014,10.3390/ma17235893,P014_MAT_FE50MN30CO10CR10,P014_PS_ASCAST,P014_MC_ASCAST,,Strain_rate_s-1,0.001,as named/reported,TARGETS_UNRESOLVED,Table 1; Figs.1-2,source-reported,High,VERIFIED
P014,10.3390/ma17235893,P014_MAT_FE50MN30CO10CR10,P014_PS_ASCAST,P014_MC_ASCAST,,Initial_FCC_fraction,0.795,as named/reported,TARGETS_UNRESOLVED,Table 1; Figs.1-2,source-reported,High,VERIFIED
P014,10.3390/ma17235893,P014_MAT_FE50MN30CO10CR10,P014_PS_ASCAST,P014_MC_ASCAST,,Initial_HCP_fraction,0.205,as named/reported,TARGETS_UNRESOLVED,Table 1; Figs.1-2,source-reported,High,VERIFIED
P014,10.3390/ma17235893,P014_MAT_FE50MN30CO10CR10,P014_PS_ASCAST,P014_MC_ASCAST,,Initial_Phase_Status,DIRECT_EBSD_FIGURE_LABEL,as named/reported,TARGETS_UNRESOLVED,Table 1; Figs.1-2,source-reported,High,VERIFIED
P014,10.3390/ma17235893,P014_MAT_FE50MN30CO10CR10,P014_PS_ASCAST,P014_MC_ASCAST,,Grain_Size_um,28.03,as named/reported,TARGETS_UNRESOLVED,Table 1; Figs.1-2,source-reported,High,VERIFIED
P014,10.3390/ma17235893,P014_MAT_FE50MN30CO10CR10,P014_PS_ASCAST,P014_MC_ASCAST,,Grain_Size_sd_um,5.12,as named/reported,TARGETS_UNRESOLVED,Table 1; Figs.1-2,source-reported,High,VERIFIED
P014,10.3390/ma17235893,P014_MAT_FE50MN30CO10CR10,P014_PS_ASCAST,P014_MC_ASCAST,,KAM_mean_deg,0.04,as named/reported,TARGETS_UNRESOLVED,Table 1; Figs.1-2,source-reported,High,VERIFIED
P014,10.3390/ma17235893,P014_MAT_FE50MN30CO10CR10,P014_PS_ASCAST,P014_MC_ASCAST,,Tensile_Replicate_n,3,as named/reported,TARGETS_UNRESOLVED,Table 1; Figs.1-2,source-reported,High,VERIFIED
P014,10.3390/ma17235893,P014_MAT_FE50MN30CO10CR10,P014_PS_ASCAST,P014_MC_ASCAST,,YS_MPa,300,as named/reported,TARGETS_UNRESOLVED,Table 1; Figs.1-2,source-reported,High,VERIFIED
P014,10.3390/ma17235893,P014_MAT_FE50MN30CO10CR10,P014_PS_ASCAST,P014_MC_ASCAST,,YS_pm_MPa,5,as named/reported,TARGETS_UNRESOLVED,Table 1; Figs.1-2,source-reported,High,VERIFIED
P014,10.3390/ma17235893,P014_MAT_FE50MN30CO10CR10,P014_PS_ASCAST,P014_MC_ASCAST,,UTS_MPa,610,as named/reported,TARGETS_UNRESOLVED,Table 1; Figs.1-2,source-reported,High,VERIFIED
P014,10.3390/ma17235893,P014_MAT_FE50MN30CO10CR10,P014_PS_ASCAST,P014_MC_ASCAST,,UTS_pm_MPa,7,as named/reported,TARGETS_UNRESOLVED,Table 1; Figs.1-2,source-reported,High,VERIFIED
P014,10.3390/ma17235893,P014_MAT_FE50MN30CO10CR10,P014_PS_ASCAST,P014_MC_ASCAST,,Fracture_Elongation_pct,29,as named/reported,TARGETS_UNRESOLVED,Table 1; Figs.1-2,source-reported,High,VERIFIED
P014,10.3390/ma17235893,P014_MAT_FE50MN30CO10CR10,P014_PS_ASCAST,P014_MC_ASCAST,,FE_pm_pct,2,as named/reported,TARGETS_UNRESOLVED,Table 1; Figs.1-2,source-reported,High,VERIFIED
P014,10.3390/ma17235893,P014_MAT_FE50MN30CO10CR10,P014_PS_ASCAST,P014_MC_ASCAST,,Uncertainty_Type,UNKNOWN_REPORTED_PM,as named/reported,TARGETS_UNRESOLVED,Table 1; Figs.1-2,source-reported,High,VERIFIED
P014,10.3390/ma17235893,P014_MAT_FE50MN30CO10CR10,P014_PS_ASCAST,P014_MC_ASCAST,,Dominant_Mechanism,No condition-specific post-tensile mechanism study,as named/reported,TARGETS_UNRESOLVED,Table 1; Figs.1-2,source-reported,High,VERIFIED
P014,10.3390/ma17235893,P014_MAT_FE50MN30CO10CR10,P014_PS_ASCAST,P014_MC_ASCAST,,Target_Status,TARGETS_UNRESOLVED,as named/reported,TARGETS_UNRESOLVED,Table 1; Figs.1-2,source-reported,High,VERIFIED
P014,10.3390/ma17235893,P014_MAT_FE50MN30CO10CR10,P014_PS_ASCAST,P014_MC_ASCAST,,Independent_ML_sample,True,as named/reported,TARGETS_UNRESOLVED,Table 1; Figs.1-2,source-reported,High,VERIFIED
P014,10.3390/ma17235893,P014_MAT_FE50MN30CO10CR10,P014_PS_ASCAST,P014_MC_ASCAST,,Leakage_Group_Strict,P014_SERIES01,as named/reported,TARGETS_UNRESOLVED,Table 1; Figs.1-2,source-reported,High,VERIFIED
P014,10.3390/ma17235893,P014_MAT_FE50MN30CO10CR10,P014_PS_ASCAST,P014_MC_ASCAST,,Leakage_Group_Material,P014_MAT_FE50MN30CO10CR10,as named/reported,TARGETS_UNRESOLVED,Table 1; Figs.1-2,source-reported,High,VERIFIED
P014,10.3390/ma17235893,P014_MAT_FE50MN30CO10CR10,P014_PS_ASCAST,P014_MC_ASCAST,,Evidence_Location,Table 1; Figs.1-2,as named/reported,TARGETS_UNRESOLVED,Table 1; Figs.1-2,source-reported,High,VERIFIED
P014,10.3390/ma17235893,P014_MAT_FE50MN30CO10CR10,P014_PS_ASCAST,P014_MC_ASCAST,,Confidence,High,as named/reported,TARGETS_UNRESOLVED,Table 1; Figs.1-2,source-reported,High,VERIFIED
P014,10.3390/ma17235893,P014_MAT_FE50MN30CO10CR10,P014_PS_ASCAST,P014_MC_ASCAST,,Notes,Do not infer tensile TRIP/TWIP from the pre-existing as-cast FCC/HCP mixture.,as named/reported,TARGETS_UNRESOLVED,Table 1; Figs.1-2,source-reported,High,VERIFIED
P014,10.3390/ma17235893,P014_MAT_FE50MN30CO10CR10,P014_PS_CR,P014_MC_CR,,Study_Series_ID,P014_SERIES01,as named/reported,TARGETS_UNRESOLVED,Table 1; Figs.1-3,source-reported,High,VERIFIED
P014,10.3390/ma17235893,P014_MAT_FE50MN30CO10CR10,P014_PS_CR,P014_MC_CR,,Material_Parent_ID,P014_MAT_FE50MN30CO10CR10,as named/reported,TARGETS_UNRESOLVED,Table 1; Figs.1-3,source-reported,High,VERIFIED
P014,10.3390/ma17235893,P014_MAT_FE50MN30CO10CR10,P014_PS_CR,P014_MC_CR,,Processing_State_ID,P014_PS_CR,as named/reported,TARGETS_UNRESOLVED,Table 1; Figs.1-3,source-reported,High,VERIFIED
P014,10.3390/ma17235893,P014_MAT_FE50MN30CO10CR10,P014_PS_CR,P014_MC_CR,,ML_Condition_ID,P014_MC_CR,as named/reported,TARGETS_UNRESOLVED,Table 1; Figs.1-3,source-reported,High,VERIFIED
P014,10.3390/ma17235893,P014_MAT_FE50MN30CO10CR10,P014_PS_CR,P014_MC_CR,,State_Label,CR,as named/reported,TARGETS_UNRESOLVED,Table 1; Figs.1-3,source-reported,High,VERIFIED
P014,10.3390/ma17235893,P014_MAT_FE50MN30CO10CR10,P014_PS_CR,P014_MC_CR,,Test_T_Raw,Not explicitly specified,as named/reported,TARGETS_UNRESOLVED,Table 1; Figs.1-3,source-reported,High,VERIFIED
P014,10.3390/ma17235893,P014_MAT_FE50MN30CO10CR10,P014_PS_CR,P014_MC_CR,,Strain_rate_s-1,0.001,as named/reported,TARGETS_UNRESOLVED,Table 1; Figs.1-3,source-reported,High,VERIFIED
P014,10.3390/ma17235893,P014_MAT_FE50MN30CO10CR10,P014_PS_CR,P014_MC_CR,,Initial_FCC_fraction,0.739,as named/reported,TARGETS_UNRESOLVED,Table 1; Figs.1-3,source-reported,High,VERIFIED
P014,10.3390/ma17235893,P014_MAT_FE50MN30CO10CR10,P014_PS_CR,P014_MC_CR,,Initial_HCP_fraction,0.261,as named/reported,TARGETS_UNRESOLVED,Table 1; Figs.1-3,source-reported,High,VERIFIED
P014,10.3390/ma17235893,P014_MAT_FE50MN30CO10CR10,P014_PS_CR,P014_MC_CR,,Initial_Phase_Status,DIRECT_EBSD_FIGURE_LABEL,as named/reported,TARGETS_UNRESOLVED,Table 1; Figs.1-3,source-reported,High,VERIFIED
P014,10.3390/ma17235893,P014_MAT_FE50MN30CO10CR10,P014_PS_CR,P014_MC_CR,,Grain_Size_um,0.71,as named/reported,TARGETS_UNRESOLVED,Table 1; Figs.1-3,source-reported,High,VERIFIED
P014,10.3390/ma17235893,P014_MAT_FE50MN30CO10CR10,P014_PS_CR,P014_MC_CR,,Grain_Size_sd_um,0.18,as named/reported,TARGETS_UNRESOLVED,Table 1; Figs.1-3,source-reported,High,VERIFIED
P014,10.3390/ma17235893,P014_MAT_FE50MN30CO10CR10,P014_PS_CR,P014_MC_CR,,KAM_mean_deg,0.8,as named/reported,TARGETS_UNRESOLVED,Table 1; Figs.1-3,source-reported,High,VERIFIED
P014,10.3390/ma17235893,P014_MAT_FE50MN30CO10CR10,P014_PS_CR,P014_MC_CR,,Tensile_Replicate_n,3,as named/reported,TARGETS_UNRESOLVED,Table 1; Figs.1-3,source-reported,High,VERIFIED
P014,10.3390/ma17235893,P014_MAT_FE50MN30CO10CR10,P014_PS_CR,P014_MC_CR,,YS_MPa,1214,as named/reported,TARGETS_UNRESOLVED,Table 1; Figs.1-3,source-reported,High,VERIFIED
P014,10.3390/ma17235893,P014_MAT_FE50MN30CO10CR10,P014_PS_CR,P014_MC_CR,,YS_pm_MPa,5,as named/reported,TARGETS_UNRESOLVED,Table 1; Figs.1-3,source-reported,High,VERIFIED
P014,10.3390/ma17235893,P014_MAT_FE50MN30CO10CR10,P014_PS_CR,P014_MC_CR,,UTS_MPa,1237,as named/reported,TARGETS_UNRESOLVED,Table 1; Figs.1-3,source-reported,High,VERIFIED
P014,10.3390/ma17235893,P014_MAT_FE50MN30CO10CR10,P014_PS_CR,P014_MC_CR,,UTS_pm_MPa,7,as named/reported,TARGETS_UNRESOLVED,Table 1; Figs.1-3,source-reported,High,VERIFIED
P014,10.3390/ma17235893,P014_MAT_FE50MN30CO10CR10,P014_PS_CR,P014_MC_CR,,Fracture_Elongation_pct,13,as named/reported,TARGETS_UNRESOLVED,Table 1; Figs.1-3,source-reported,High,VERIFIED
P014,10.3390/ma17235893,P014_MAT_FE50MN30CO10CR10,P014_PS_CR,P014_MC_CR,,FE_pm_pct,1,as named/reported,TARGETS_UNRESOLVED,Table 1; Figs.1-3,source-reported,High,VERIFIED
P014,10.3390/ma17235893,P014_MAT_FE50MN30CO10CR10,P014_PS_CR,P014_MC_CR,,Uncertainty_Type,UNKNOWN_REPORTED_PM,as named/reported,TARGETS_UNRESOLVED,Table 1; Figs.1-3,source-reported,High,VERIFIED
P014,10.3390/ma17235893,P014_MAT_FE50MN30CO10CR10,P014_PS_CR,P014_MC_CR,,Dominant_Mechanism,No condition-specific post-tensile mechanism study,as named/reported,TARGETS_UNRESOLVED,Table 1; Figs.1-3,source-reported,High,VERIFIED
P014,10.3390/ma17235893,P014_MAT_FE50MN30CO10CR10,P014_PS_CR,P014_MC_CR,,Target_Status,TARGETS_UNRESOLVED,as named/reported,TARGETS_UNRESOLVED,Table 1; Figs.1-3,source-reported,High,VERIFIED
P014,10.3390/ma17235893,P014_MAT_FE50MN30CO10CR10,P014_PS_CR,P014_MC_CR,,Independent_ML_sample,True,as named/reported,TARGETS_UNRESOLVED,Table 1; Figs.1-3,source-reported,High,VERIFIED
P014,10.3390/ma17235893,P014_MAT_FE50MN30CO10CR10,P014_PS_CR,P014_MC_CR,,Leakage_Group_Strict,P014_SERIES01,as named/reported,TARGETS_UNRESOLVED,Table 1; Figs.1-3,source-reported,High,VERIFIED
P014,10.3390/ma17235893,P014_MAT_FE50MN30CO10CR10,P014_PS_CR,P014_MC_CR,,Leakage_Group_Material,P014_MAT_FE50MN30CO10CR10,as named/reported,TARGETS_UNRESOLVED,Table 1; Figs.1-3,source-reported,High,VERIFIED
P014,10.3390/ma17235893,P014_MAT_FE50MN30CO10CR10,P014_PS_CR,P014_MC_CR,,Evidence_Location,Table 1; Figs.1-3,as named/reported,TARGETS_UNRESOLVED,Table 1; Figs.1-3,source-reported,High,VERIFIED
P014,10.3390/ma17235893,P014_MAT_FE50MN30CO10CR10,P014_PS_CR,P014_MC_CR,,Confidence,High,as named/reported,TARGETS_UNRESOLVED,Table 1; Figs.1-3,source-reported,High,VERIFIED
P014,10.3390/ma17235893,P014_MAT_FE50MN30CO10CR10,P014_PS_CR,P014_MC_CR,,Notes,Processing-induced deformation twins/HCP in the CR starting state must not be converted into tensile TWIP/TRIP labels.,as named/reported,TARGETS_UNRESOLVED,Table 1; Figs.1-3,source-reported,High,VERIFIED
P014,10.3390/ma17235893,P014_MAT_FE50MN30CO10CR10,P014_PS_A600,P014_MC_A600,,Study_Series_ID,P014_SERIES01,as named/reported,VERIFIED_JOINT,Table 1; Figs.7-11; Discussion pp.11-14,source-reported,High,VERIFIED
P014,10.3390/ma17235893,P014_MAT_FE50MN30CO10CR10,P014_PS_A600,P014_MC_A600,,Material_Parent_ID,P014_MAT_FE50MN30CO10CR10,as named/reported,VERIFIED_JOINT,Table 1; Figs.7-11; Discussion pp.11-14,source-reported,High,VERIFIED
P014,10.3390/ma17235893,P014_MAT_FE50MN30CO10CR10,P014_PS_A600,P014_MC_A600,,Processing_State_ID,P014_PS_A600,as named/reported,VERIFIED_JOINT,Table 1; Figs.7-11; Discussion pp.11-14,source-reported,High,VERIFIED
P014,10.3390/ma17235893,P014_MAT_FE50MN30CO10CR10,P014_PS_A600,P014_MC_A600,,ML_Condition_ID,P014_MC_A600,as named/reported,VERIFIED_JOINT,Table 1; Figs.7-11; Discussion pp.11-14,source-reported,High,VERIFIED
P014,10.3390/ma17235893,P014_MAT_FE50MN30CO10CR10,P014_PS_A600,P014_MC_A600,,State_Label,A600,as named/reported,VERIFIED_JOINT,Table 1; Figs.7-11; Discussion pp.11-14,source-reported,High,VERIFIED
P014,10.3390/ma17235893,P014_MAT_FE50MN30CO10CR10,P014_PS_A600,P014_MC_A600,,Anneal_T_C,600.0,as named/reported,VERIFIED_JOINT,Table 1; Figs.7-11; Discussion pp.11-14,source-reported,High,VERIFIED
P014,10.3390/ma17235893,P014_MAT_FE50MN30CO10CR10,P014_PS_A600,P014_MC_A600,,Test_T_Raw,Not explicitly specified,as named/reported,VERIFIED_JOINT,Table 1; Figs.7-11; Discussion pp.11-14,source-reported,High,VERIFIED
P014,10.3390/ma17235893,P014_MAT_FE50MN30CO10CR10,P014_PS_A600,P014_MC_A600,,Strain_rate_s-1,0.001,as named/reported,VERIFIED_JOINT,Table 1; Figs.7-11; Discussion pp.11-14,source-reported,High,VERIFIED
P014,10.3390/ma17235893,P014_MAT_FE50MN30CO10CR10,P014_PS_A600,P014_MC_A600,,Initial_FCC_fraction,1.0,as named/reported,VERIFIED_JOINT,Table 1; Figs.7-11; Discussion pp.11-14,source-reported,High,VERIFIED
P014,10.3390/ma17235893,P014_MAT_FE50MN30CO10CR10,P014_PS_A600,P014_MC_A600,,Initial_HCP_fraction,0.0,as named/reported,VERIFIED_JOINT,Table 1; Figs.7-11; Discussion pp.11-14,source-reported,High,VERIFIED
P014,10.3390/ma17235893,P014_MAT_FE50MN30CO10CR10,P014_PS_A600,P014_MC_A600,,Initial_Phase_Status,DIRECT_EBSD_FIGURE_LABEL,as named/reported,VERIFIED_JOINT,Table 1; Figs.7-11; Discussion pp.11-14,source-reported,High,VERIFIED
P014,10.3390/ma17235893,P014_MAT_FE50MN30CO10CR10,P014_PS_A600,P014_MC_A600,,Grain_Size_um,0.79,as named/reported,VERIFIED_JOINT,Table 1; Figs.7-11; Discussion pp.11-14,source-reported,High,VERIFIED
P014,10.3390/ma17235893,P014_MAT_FE50MN30CO10CR10,P014_PS_A600,P014_MC_A600,,Grain_Size_sd_um,0.3,as named/reported,VERIFIED_JOINT,Table 1; Figs.7-11; Discussion pp.11-14,source-reported,High,VERIFIED
P014,10.3390/ma17235893,P014_MAT_FE50MN30CO10CR10,P014_PS_A600,P014_MC_A600,,KAM_mean_deg,0.85,as named/reported,VERIFIED_JOINT,Table 1; Figs.7-11; Discussion pp.11-14,source-reported,High,VERIFIED
P014,10.3390/ma17235893,P014_MAT_FE50MN30CO10CR10,P014_PS_A600,P014_MC_A600,,Recrystallized_fraction,0.102,as named/reported,VERIFIED_JOINT,Table 1; Figs.7-11; Discussion pp.11-14,source-reported,High,VERIFIED
P014,10.3390/ma17235893,P014_MAT_FE50MN30CO10CR10,P014_PS_A600,P014_MC_A600,,Tensile_Replicate_n,3,as named/reported,VERIFIED_JOINT,Table 1; Figs.7-11; Discussion pp.11-14,source-reported,High,VERIFIED
P014,10.3390/ma17235893,P014_MAT_FE50MN30CO10CR10,P014_PS_A600,P014_MC_A600,,YS_MPa,989,as named/reported,VERIFIED_JOINT,Table 1; Figs.7-11; Discussion pp.11-14,source-reported,High,VERIFIED
P014,10.3390/ma17235893,P014_MAT_FE50MN30CO10CR10,P014_PS_A600,P014_MC_A600,,YS_pm_MPa,8,as named/reported,VERIFIED_JOINT,Table 1; Figs.7-11; Discussion pp.11-14,source-reported,High,VERIFIED
P014,10.3390/ma17235893,P014_MAT_FE50MN30CO10CR10,P014_PS_A600,P014_MC_A600,,UTS_MPa,1064,as named/reported,VERIFIED_JOINT,Table 1; Figs.7-11; Discussion pp.11-14,source-reported,High,VERIFIED
P014,10.3390/ma17235893,P014_MAT_FE50MN30CO10CR10,P014_PS_A600,P014_MC_A600,,UTS_pm_MPa,11,as named/reported,VERIFIED_JOINT,Table 1; Figs.7-11; Discussion pp.11-14,source-reported,High,VERIFIED
P014,10.3390/ma17235893,P014_MAT_FE50MN30CO10CR10,P014_PS_A600,P014_MC_A600,,Fracture_Elongation_pct,28,as named/reported,VERIFIED_JOINT,Table 1; Figs.7-11; Discussion pp.11-14,source-reported,High,VERIFIED
P014,10.3390/ma17235893,P014_MAT_FE50MN30CO10CR10,P014_PS_A600,P014_MC_A600,,FE_pm_pct,3,as named/reported,VERIFIED_JOINT,Table 1; Figs.7-11; Discussion pp.11-14,source-reported,High,VERIFIED
P014,10.3390/ma17235893,P014_MAT_FE50MN30CO10CR10,P014_PS_A600,P014_MC_A600,,Uncertainty_Type,UNKNOWN_REPORTED_PM,as named/reported,VERIFIED_JOINT,Table 1; Figs.7-11; Discussion pp.11-14,source-reported,High,VERIFIED
P014,10.3390/ma17235893,P014_MAT_FE50MN30CO10CR10,P014_PS_A600,P014_MC_A600,,TRIP,1.0,as named/reported,VERIFIED_JOINT,Table 1; Figs.7-11; Discussion pp.11-14,source-reported,High,VERIFIED
P014,10.3390/ma17235893,P014_MAT_FE50MN30CO10CR10,P014_PS_A600,P014_MC_A600,,TWIP,1.0,as named/reported,VERIFIED_JOINT,Table 1; Figs.7-11; Discussion pp.11-14,source-reported,High,VERIFIED
P014,10.3390/ma17235893,P014_MAT_FE50MN30CO10CR10,P014_PS_A600,P014_MC_A600,,Slip,1.0,as named/reported,VERIFIED_JOINT,Table 1; Figs.7-11; Discussion pp.11-14,source-reported,High,VERIFIED
P014,10.3390/ma17235893,P014_MAT_FE50MN30CO10CR10,P014_PS_A600,P014_MC_A600,,HDI_Hardening,1.0,as named/reported,VERIFIED_JOINT,Table 1; Figs.7-11; Discussion pp.11-14,source-reported,High,VERIFIED
P014,10.3390/ma17235893,P014_MAT_FE50MN30CO10CR10,P014_PS_A600,P014_MC_A600,,Dominant_Mechanism,TRIP-dominant tensile deformation with later TWIP + dislocation slip + HDI strain-hardening,as named/reported,VERIFIED_JOINT,Table 1; Figs.7-11; Discussion pp.11-14,source-reported,High,VERIFIED
P014,10.3390/ma17235893,P014_MAT_FE50MN30CO10CR10,P014_PS_A600,P014_MC_A600,,Target_Status,VERIFIED_JOINT,as named/reported,VERIFIED_JOINT,Table 1; Figs.7-11; Discussion pp.11-14,source-reported,High,VERIFIED
P014,10.3390/ma17235893,P014_MAT_FE50MN30CO10CR10,P014_PS_A600,P014_MC_A600,,Independent_ML_sample,True,as named/reported,VERIFIED_JOINT,Table 1; Figs.7-11; Discussion pp.11-14,source-reported,High,VERIFIED
P014,10.3390/ma17235893,P014_MAT_FE50MN30CO10CR10,P014_PS_A600,P014_MC_A600,,Leakage_Group_Strict,P014_SERIES01,as named/reported,VERIFIED_JOINT,Table 1; Figs.7-11; Discussion pp.11-14,source-reported,High,VERIFIED
P014,10.3390/ma17235893,P014_MAT_FE50MN30CO10CR10,P014_PS_A600,P014_MC_A600,,Leakage_Group_Material,P014_MAT_FE50MN30CO10CR10,as named/reported,VERIFIED_JOINT,Table 1; Figs.7-11; Discussion pp.11-14,source-reported,High,VERIFIED
P014,10.3390/ma17235893,P014_MAT_FE50MN30CO10CR10,P014_PS_A600,P014_MC_A600,,Evidence_Location,Table 1; Figs.7-11; Discussion pp.11-14,as named/reported,VERIFIED_JOINT,Table 1; Figs.7-11; Discussion pp.11-14,source-reported,High,VERIFIED
P014,10.3390/ma17235893,P014_MAT_FE50MN30CO10CR10,P014_PS_A600,P014_MC_A600,,Confidence,High,as named/reported,VERIFIED_JOINT,Table 1; Figs.7-11; Discussion pp.11-14,source-reported,High,VERIFIED
P014,10.3390/ma17235893,P014_MAT_FE50MN30CO10CR10,P014_PS_A600,P014_MC_A600,,Notes,A600 is the only state with direct post-tensile EBSD/TEM mechanism characterization. Initial pre-existing twins are kept separate from deformation TWIP evidence.,as named/reported,VERIFIED_JOINT,Table 1; Figs.7-11; Discussion pp.11-14,source-reported,High,VERIFIED
P014,10.3390/ma17235893,P014_MAT_FE50MN30CO10CR10,P014_PS_A650,P014_MC_A650,,Study_Series_ID,P014_SERIES01,as named/reported,TARGETS_UNRESOLVED,"Table 1; Figs.1-2,6",source-reported,High,VERIFIED
P014,10.3390/ma17235893,P014_MAT_FE50MN30CO10CR10,P014_PS_A650,P014_MC_A650,,Material_Parent_ID,P014_MAT_FE50MN30CO10CR10,as named/reported,TARGETS_UNRESOLVED,"Table 1; Figs.1-2,6",source-reported,High,VERIFIED
P014,10.3390/ma17235893,P014_MAT_FE50MN30CO10CR10,P014_PS_A650,P014_MC_A650,,Processing_State_ID,P014_PS_A650,as named/reported,TARGETS_UNRESOLVED,"Table 1; Figs.1-2,6",source-reported,High,VERIFIED
P014,10.3390/ma17235893,P014_MAT_FE50MN30CO10CR10,P014_PS_A650,P014_MC_A650,,ML_Condition_ID,P014_MC_A650,as named/reported,TARGETS_UNRESOLVED,"Table 1; Figs.1-2,6",source-reported,High,VERIFIED
P014,10.3390/ma17235893,P014_MAT_FE50MN30CO10CR10,P014_PS_A650,P014_MC_A650,,State_Label,A650,as named/reported,TARGETS_UNRESOLVED,"Table 1; Figs.1-2,6",source-reported,High,VERIFIED
P014,10.3390/ma17235893,P014_MAT_FE50MN30CO10CR10,P014_PS_A650,P014_MC_A650,,Anneal_T_C,650.0,as named/reported,TARGETS_UNRESOLVED,"Table 1; Figs.1-2,6",source-reported,High,VERIFIED
P014,10.3390/ma17235893,P014_MAT_FE50MN30CO10CR10,P014_PS_A650,P014_MC_A650,,Test_T_Raw,Not explicitly specified,as named/reported,TARGETS_UNRESOLVED,"Table 1; Figs.1-2,6",source-reported,High,VERIFIED
P014,10.3390/ma17235893,P014_MAT_FE50MN30CO10CR10,P014_PS_A650,P014_MC_A650,,Strain_rate_s-1,0.001,as named/reported,TARGETS_UNRESOLVED,"Table 1; Figs.1-2,6",source-reported,High,VERIFIED
P014,10.3390/ma17235893,P014_MAT_FE50MN30CO10CR10,P014_PS_A650,P014_MC_A650,,Initial_FCC_fraction,0.999,as named/reported,TARGETS_UNRESOLVED,"Table 1; Figs.1-2,6",source-reported,High,VERIFIED
P014,10.3390/ma17235893,P014_MAT_FE50MN30CO10CR10,P014_PS_A650,P014_MC_A650,,Initial_HCP_fraction,0.001,as named/reported,TARGETS_UNRESOLVED,"Table 1; Figs.1-2,6",source-reported,High,VERIFIED
P014,10.3390/ma17235893,P014_MAT_FE50MN30CO10CR10,P014_PS_A650,P014_MC_A650,,Initial_Phase_Status,TRACE_EBSD_HCP_CONFLICTS_WITH_SINGLE_FCC_TEXT_XRD,as named/reported,TARGETS_UNRESOLVED,"Table 1; Figs.1-2,6",source-reported,High,VERIFIED
P014,10.3390/ma17235893,P014_MAT_FE50MN30CO10CR10,P014_PS_A650,P014_MC_A650,,Grain_Size_um,1.1,as named/reported,TARGETS_UNRESOLVED,"Table 1; Figs.1-2,6",source-reported,High,VERIFIED
P014,10.3390/ma17235893,P014_MAT_FE50MN30CO10CR10,P014_PS_A650,P014_MC_A650,,Grain_Size_sd_um,0.57,as named/reported,TARGETS_UNRESOLVED,"Table 1; Figs.1-2,6",source-reported,High,VERIFIED
P014,10.3390/ma17235893,P014_MAT_FE50MN30CO10CR10,P014_PS_A650,P014_MC_A650,,KAM_mean_deg,0.39,as named/reported,TARGETS_UNRESOLVED,"Table 1; Figs.1-2,6",source-reported,High,VERIFIED
P014,10.3390/ma17235893,P014_MAT_FE50MN30CO10CR10,P014_PS_A650,P014_MC_A650,,Recrystallized_fraction,0.658,as named/reported,TARGETS_UNRESOLVED,"Table 1; Figs.1-2,6",source-reported,High,VERIFIED
P014,10.3390/ma17235893,P014_MAT_FE50MN30CO10CR10,P014_PS_A650,P014_MC_A650,,Tensile_Replicate_n,3,as named/reported,TARGETS_UNRESOLVED,"Table 1; Figs.1-2,6",source-reported,High,VERIFIED
P014,10.3390/ma17235893,P014_MAT_FE50MN30CO10CR10,P014_PS_A650,P014_MC_A650,,YS_MPa,678,as named/reported,TARGETS_UNRESOLVED,"Table 1; Figs.1-2,6",source-reported,High,VERIFIED
P014,10.3390/ma17235893,P014_MAT_FE50MN30CO10CR10,P014_PS_A650,P014_MC_A650,,YS_pm_MPa,9,as named/reported,TARGETS_UNRESOLVED,"Table 1; Figs.1-2,6",source-reported,High,VERIFIED
P014,10.3390/ma17235893,P014_MAT_FE50MN30CO10CR10,P014_PS_A650,P014_MC_A650,,UTS_MPa,955,as named/reported,TARGETS_UNRESOLVED,"Table 1; Figs.1-2,6",source-reported,High,VERIFIED
P014,10.3390/ma17235893,P014_MAT_FE50MN30CO10CR10,P014_PS_A650,P014_MC_A650,,UTS_pm_MPa,12,as named/reported,TARGETS_UNRESOLVED,"Table 1; Figs.1-2,6",source-reported,High,VERIFIED
P014,10.3390/ma17235893,P014_MAT_FE50MN30CO10CR10,P014_PS_A650,P014_MC_A650,,Fracture_Elongation_pct,45,as named/reported,TARGETS_UNRESOLVED,"Table 1; Figs.1-2,6",source-reported,High,VERIFIED
P014,10.3390/ma17235893,P014_MAT_FE50MN30CO10CR10,P014_PS_A650,P014_MC_A650,,FE_pm_pct,2,as named/reported,TARGETS_UNRESOLVED,"Table 1; Figs.1-2,6",source-reported,High,VERIFIED
P014,10.3390/ma17235893,P014_MAT_FE50MN30CO10CR10,P014_PS_A650,P014_MC_A650,,Uncertainty_Type,UNKNOWN_REPORTED_PM,as named/reported,TARGETS_UNRESOLVED,"Table 1; Figs.1-2,6",source-reported,High,VERIFIED
P014,10.3390/ma17235893,P014_MAT_FE50MN30CO10CR10,P014_PS_A650,P014_MC_A650,,Dominant_Mechanism,No direct condition-specific post-tensile mechanism study,as named/reported,TARGETS_UNRESOLVED,"Table 1; Figs.1-2,6",source-reported,High,VERIFIED
P014,10.3390/ma17235893,P014_MAT_FE50MN30CO10CR10,P014_PS_A650,P014_MC_A650,,Target_Status,TARGETS_UNRESOLVED,as named/reported,TARGETS_UNRESOLVED,"Table 1; Figs.1-2,6",source-reported,High,VERIFIED
P014,10.3390/ma17235893,P014_MAT_FE50MN30CO10CR10,P014_PS_A650,P014_MC_A650,,Independent_ML_sample,True,as named/reported,TARGETS_UNRESOLVED,"Table 1; Figs.1-2,6",source-reported,High,VERIFIED
P014,10.3390/ma17235893,P014_MAT_FE50MN30CO10CR10,P014_PS_A650,P014_MC_A650,,Leakage_Group_Strict,P014_SERIES01,as named/reported,TARGETS_UNRESOLVED,"Table 1; Figs.1-2,6",source-reported,High,VERIFIED
P014,10.3390/ma17235893,P014_MAT_FE50MN30CO10CR10,P014_PS_A650,P014_MC_A650,,Leakage_Group_Material,P014_MAT_FE50MN30CO10CR10,as named/reported,TARGETS_UNRESOLVED,"Table 1; Figs.1-2,6",source-reported,High,VERIFIED
P014,10.3390/ma17235893,P014_MAT_FE50MN30CO10CR10,P014_PS_A650,P014_MC_A650,,Evidence_Location,"Table 1; Figs.1-2,6",as named/reported,TARGETS_UNRESOLVED,"Table 1; Figs.1-2,6",source-reported,High,VERIFIED
P014,10.3390/ma17235893,P014_MAT_FE50MN30CO10CR10,P014_PS_A650,P014_MC_A650,,Confidence,High,as named/reported,TARGETS_UNRESOLVED,"Table 1; Figs.1-2,6",source-reported,High,VERIFIED
P014,10.3390/ma17235893,P014_MAT_FE50MN30CO10CR10,P014_PS_A650,P014_MC_A650,,Notes,Do not extrapolate A600 TRIP/TWIP labels to A650 despite the same composition.,as named/reported,TARGETS_UNRESOLVED,"Table 1; Figs.1-2,6",source-reported,High,VERIFIED
P014,10.3390/ma17235893,P014_MAT_FE50MN30CO10CR10,P014_PS_A700,P014_MC_A700,,Study_Series_ID,P014_SERIES01,as named/reported,TARGETS_UNRESOLVED,"Table 1; Figs.1-2,6",source-reported,High,VERIFIED
P014,10.3390/ma17235893,P014_MAT_FE50MN30CO10CR10,P014_PS_A700,P014_MC_A700,,Material_Parent_ID,P014_MAT_FE50MN30CO10CR10,as named/reported,TARGETS_UNRESOLVED,"Table 1; Figs.1-2,6",source-reported,High,VERIFIED
P014,10.3390/ma17235893,P014_MAT_FE50MN30CO10CR10,P014_PS_A700,P014_MC_A700,,Processing_State_ID,P014_PS_A700,as named/reported,TARGETS_UNRESOLVED,"Table 1; Figs.1-2,6",source-reported,High,VERIFIED
P014,10.3390/ma17235893,P014_MAT_FE50MN30CO10CR10,P014_PS_A700,P014_MC_A700,,ML_Condition_ID,P014_MC_A700,as named/reported,TARGETS_UNRESOLVED,"Table 1; Figs.1-2,6",source-reported,High,VERIFIED
P014,10.3390/ma17235893,P014_MAT_FE50MN30CO10CR10,P014_PS_A700,P014_MC_A700,,State_Label,A700,as named/reported,TARGETS_UNRESOLVED,"Table 1; Figs.1-2,6",source-reported,High,VERIFIED
P014,10.3390/ma17235893,P014_MAT_FE50MN30CO10CR10,P014_PS_A700,P014_MC_A700,,Anneal_T_C,700.0,as named/reported,TARGETS_UNRESOLVED,"Table 1; Figs.1-2,6",source-reported,High,VERIFIED
P014,10.3390/ma17235893,P014_MAT_FE50MN30CO10CR10,P014_PS_A700,P014_MC_A700,,Test_T_Raw,Not explicitly specified,as named/reported,TARGETS_UNRESOLVED,"Table 1; Figs.1-2,6",source-reported,High,VERIFIED
P014,10.3390/ma17235893,P014_MAT_FE50MN30CO10CR10,P014_PS_A700,P014_MC_A700,,Strain_rate_s-1,0.001,as named/reported,TARGETS_UNRESOLVED,"Table 1; Figs.1-2,6",source-reported,High,VERIFIED
P014,10.3390/ma17235893,P014_MAT_FE50MN30CO10CR10,P014_PS_A700,P014_MC_A700,,Initial_FCC_fraction,1.0,as named/reported,TARGETS_UNRESOLVED,"Table 1; Figs.1-2,6",source-reported,High,VERIFIED
P014,10.3390/ma17235893,P014_MAT_FE50MN30CO10CR10,P014_PS_A700,P014_MC_A700,,Initial_HCP_fraction,0.0,as named/reported,TARGETS_UNRESOLVED,"Table 1; Figs.1-2,6",source-reported,High,VERIFIED
P014,10.3390/ma17235893,P014_MAT_FE50MN30CO10CR10,P014_PS_A700,P014_MC_A700,,Initial_Phase_Status,DIRECT_EBSD_FIGURE_LABEL,as named/reported,TARGETS_UNRESOLVED,"Table 1; Figs.1-2,6",source-reported,High,VERIFIED
P014,10.3390/ma17235893,P014_MAT_FE50MN30CO10CR10,P014_PS_A700,P014_MC_A700,,Grain_Size_um,1.16,as named/reported,TARGETS_UNRESOLVED,"Table 1; Figs.1-2,6",source-reported,High,VERIFIED
P014,10.3390/ma17235893,P014_MAT_FE50MN30CO10CR10,P014_PS_A700,P014_MC_A700,,Grain_Size_sd_um,0.6,as named/reported,TARGETS_UNRESOLVED,"Table 1; Figs.1-2,6",source-reported,High,VERIFIED
P014,10.3390/ma17235893,P014_MAT_FE50MN30CO10CR10,P014_PS_A700,P014_MC_A700,,KAM_mean_deg,0.3,as named/reported,TARGETS_UNRESOLVED,"Table 1; Figs.1-2,6",source-reported,High,VERIFIED
P014,10.3390/ma17235893,P014_MAT_FE50MN30CO10CR10,P014_PS_A700,P014_MC_A700,,Recrystallized_fraction,0.747,as named/reported,TARGETS_UNRESOLVED,"Table 1; Figs.1-2,6",source-reported,High,VERIFIED
P014,10.3390/ma17235893,P014_MAT_FE50MN30CO10CR10,P014_PS_A700,P014_MC_A700,,Tensile_Replicate_n,3,as named/reported,TARGETS_UNRESOLVED,"Table 1; Figs.1-2,6",source-reported,High,VERIFIED
P014,10.3390/ma17235893,P014_MAT_FE50MN30CO10CR10,P014_PS_A700,P014_MC_A700,,YS_MPa,546,as named/reported,TARGETS_UNRESOLVED,"Table 1; Figs.1-2,6",source-reported,High,VERIFIED
P014,10.3390/ma17235893,P014_MAT_FE50MN30CO10CR10,P014_PS_A700,P014_MC_A700,,YS_pm_MPa,7,as named/reported,TARGETS_UNRESOLVED,"Table 1; Figs.1-2,6",source-reported,High,VERIFIED
P014,10.3390/ma17235893,P014_MAT_FE50MN30CO10CR10,P014_PS_A700,P014_MC_A700,,UTS_MPa,916,as named/reported,TARGETS_UNRESOLVED,"Table 1; Figs.1-2,6",source-reported,High,VERIFIED
P014,10.3390/ma17235893,P014_MAT_FE50MN30CO10CR10,P014_PS_A700,P014_MC_A700,,UTS_pm_MPa,9,as named/reported,TARGETS_UNRESOLVED,"Table 1; Figs.1-2,6",source-reported,High,VERIFIED
P014,10.3390/ma17235893,P014_MAT_FE50MN30CO10CR10,P014_PS_A700,P014_MC_A700,,Fracture_Elongation_pct,57,as named/reported,TARGETS_UNRESOLVED,"Table 1; Figs.1-2,6",source-reported,High,VERIFIED
P014,10.3390/ma17235893,P014_MAT_FE50MN30CO10CR10,P014_PS_A700,P014_MC_A700,,FE_pm_pct,3,as named/reported,TARGETS_UNRESOLVED,"Table 1; Figs.1-2,6",source-reported,High,VERIFIED
P014,10.3390/ma17235893,P014_MAT_FE50MN30CO10CR10,P014_PS_A700,P014_MC_A700,,Uncertainty_Type,UNKNOWN_REPORTED_PM,as named/reported,TARGETS_UNRESOLVED,"Table 1; Figs.1-2,6",source-reported,High,VERIFIED
P014,10.3390/ma17235893,P014_MAT_FE50MN30CO10CR10,P014_PS_A700,P014_MC_A700,,Dominant_Mechanism,No direct condition-specific post-tensile mechanism study,as named/reported,TARGETS_UNRESOLVED,"Table 1; Figs.1-2,6",source-reported,High,VERIFIED
P014,10.3390/ma17235893,P014_MAT_FE50MN30CO10CR10,P014_PS_A700,P014_MC_A700,,Target_Status,TARGETS_UNRESOLVED,as named/reported,TARGETS_UNRESOLVED,"Table 1; Figs.1-2,6",source-reported,High,VERIFIED
P014,10.3390/ma17235893,P014_MAT_FE50MN30CO10CR10,P014_PS_A700,P014_MC_A700,,Independent_ML_sample,True,as named/reported,TARGETS_UNRESOLVED,"Table 1; Figs.1-2,6",source-reported,High,VERIFIED
P014,10.3390/ma17235893,P014_MAT_FE50MN30CO10CR10,P014_PS_A700,P014_MC_A700,,Leakage_Group_Strict,P014_SERIES01,as named/reported,TARGETS_UNRESOLVED,"Table 1; Figs.1-2,6",source-reported,High,VERIFIED
P014,10.3390/ma17235893,P014_MAT_FE50MN30CO10CR10,P014_PS_A700,P014_MC_A700,,Leakage_Group_Material,P014_MAT_FE50MN30CO10CR10,as named/reported,TARGETS_UNRESOLVED,"Table 1; Figs.1-2,6",source-reported,High,VERIFIED
P014,10.3390/ma17235893,P014_MAT_FE50MN30CO10CR10,P014_PS_A700,P014_MC_A700,,Evidence_Location,"Table 1; Figs.1-2,6",as named/reported,TARGETS_UNRESOLVED,"Table 1; Figs.1-2,6",source-reported,High,VERIFIED
P014,10.3390/ma17235893,P014_MAT_FE50MN30CO10CR10,P014_PS_A700,P014_MC_A700,,Confidence,High,as named/reported,TARGETS_UNRESOLVED,"Table 1; Figs.1-2,6",source-reported,High,VERIFIED
P014,10.3390/ma17235893,P014_MAT_FE50MN30CO10CR10,P014_PS_A700,P014_MC_A700,,Notes,Do not extrapolate A600 TRIP/TWIP labels to A700.,as named/reported,TARGETS_UNRESOLVED,"Table 1; Figs.1-2,6",source-reported,High,VERIFIED
P014,10.3390/ma17235893,P014_MAT_FE50MN30CO10CR10,,P014_MC_A600,P014_OBS_A600_eps0,Parent_ML_Condition_ID,P014_MC_A600,as named/reported,VERIFIED_WORKBOOK,"Figs.2,4; pp.4-6",source-reported,High,VERIFIED
P014,10.3390/ma17235893,P014_MAT_FE50MN30CO10CR10,,P014_MC_A600,P014_OBS_A600_eps0,Observation_ID,P014_OBS_A600_eps0,as named/reported,VERIFIED_WORKBOOK,"Figs.2,4; pp.4-6",source-reported,High,VERIFIED
P014,10.3390/ma17235893,P014_MAT_FE50MN30CO10CR10,,P014_MC_A600,P014_OBS_A600_eps0,Tensile_Strain_pct,0.0,as named/reported,VERIFIED_WORKBOOK,"Figs.2,4; pp.4-6",source-reported,High,VERIFIED
P014,10.3390/ma17235893,P014_MAT_FE50MN30CO10CR10,,P014_MC_A600,P014_OBS_A600_eps0,Stage_Descriptor,Pre-test A600 state,as named/reported,VERIFIED_WORKBOOK,"Figs.2,4; pp.4-6",source-reported,High,VERIFIED
P014,10.3390/ma17235893,P014_MAT_FE50MN30CO10CR10,,P014_MC_A600,P014_OBS_A600_eps0,Observation_Role,REPEATED_STAGE,as named/reported,VERIFIED_WORKBOOK,"Figs.2,4; pp.4-6",source-reported,High,VERIFIED
P014,10.3390/ma17235893,P014_MAT_FE50MN30CO10CR10,,P014_MC_A600,P014_OBS_A600_eps0,Independent_ML_sample,False,as named/reported,VERIFIED_WORKBOOK,"Figs.2,4; pp.4-6",source-reported,High,VERIFIED
P014,10.3390/ma17235893,P014_MAT_FE50MN30CO10CR10,,P014_MC_A600,P014_OBS_A600_eps0,FCC_fraction,1.0,as named/reported,VERIFIED_WORKBOOK,"Figs.2,4; pp.4-6",source-reported,High,VERIFIED
P014,10.3390/ma17235893,P014_MAT_FE50MN30CO10CR10,,P014_MC_A600,P014_OBS_A600_eps0,HCP_fraction,0.0,as named/reported,VERIFIED_WORKBOOK,"Figs.2,4; pp.4-6",source-reported,High,VERIFIED
P014,10.3390/ma17235893,P014_MAT_FE50MN30CO10CR10,,P014_MC_A600,P014_OBS_A600_eps0,Twin_Evidence_Type,Pre-existing/annealing twin lamellae observed by TEM,as named/reported,VERIFIED_WORKBOOK,"Figs.2,4; pp.4-6",source-reported,High,VERIFIED
P014,10.3390/ma17235893,P014_MAT_FE50MN30CO10CR10,,P014_MC_A600,P014_OBS_A600_eps0,HCP_Evidence_Type,EBSD/XRD no HCP,as named/reported,VERIFIED_WORKBOOK,"Figs.2,4; pp.4-6",source-reported,High,VERIFIED
P014,10.3390/ma17235893,P014_MAT_FE50MN30CO10CR10,,P014_MC_A600,P014_OBS_A600_eps0,Microstructural_Observations,"Heterogeneous structure: recrystallized fine grains + residual deformation regions, nanoscale twins and high dislocation density",as named/reported,VERIFIED_WORKBOOK,"Figs.2,4; pp.4-6",source-reported,High,VERIFIED
P014,10.3390/ma17235893,P014_MAT_FE50MN30CO10CR10,,P014_MC_A600,P014_OBS_A600_eps0,Evidence_Location,"Figs.2,4; pp.4-6",as named/reported,VERIFIED_WORKBOOK,"Figs.2,4; pp.4-6",source-reported,High,VERIFIED
P014,10.3390/ma17235893,P014_MAT_FE50MN30CO10CR10,,P014_MC_A600,P014_OBS_A600_eps0,Confidence,High,as named/reported,VERIFIED_WORKBOOK,"Figs.2,4; pp.4-6",source-reported,High,VERIFIED
P014,10.3390/ma17235893,P014_MAT_FE50MN30CO10CR10,,P014_MC_A600,P014_OBS_A600_eps0,Interpretation_Rule,Pre-existing twins are not tensile TWIP; initial FCC/HCP state is a precursor descriptor.,as named/reported,VERIFIED_WORKBOOK,"Figs.2,4; pp.4-6",source-reported,High,VERIFIED
P014,10.3390/ma17235893,P014_MAT_FE50MN30CO10CR10,,P014_MC_A600,P014_OBS_A600_eps15,Parent_ML_Condition_ID,P014_MC_A600,as named/reported,VERIFIED_WORKBOOK,Figs.7-8; pp.7-9,source-reported,High,VERIFIED
P014,10.3390/ma17235893,P014_MAT_FE50MN30CO10CR10,,P014_MC_A600,P014_OBS_A600_eps15,Observation_ID,P014_OBS_A600_eps15,as named/reported,VERIFIED_WORKBOOK,Figs.7-8; pp.7-9,source-reported,High,VERIFIED
P014,10.3390/ma17235893,P014_MAT_FE50MN30CO10CR10,,P014_MC_A600,P014_OBS_A600_eps15,Tensile_Strain_pct,15.0,as named/reported,VERIFIED_WORKBOOK,Figs.7-8; pp.7-9,source-reported,High,VERIFIED
P014,10.3390/ma17235893,P014_MAT_FE50MN30CO10CR10,,P014_MC_A600,P014_OBS_A600_eps15,Stage_Descriptor,Early tensile deformation,as named/reported,VERIFIED_WORKBOOK,Figs.7-8; pp.7-9,source-reported,High,VERIFIED
P014,10.3390/ma17235893,P014_MAT_FE50MN30CO10CR10,,P014_MC_A600,P014_OBS_A600_eps15,Observation_Role,REPEATED_STAGE,as named/reported,VERIFIED_WORKBOOK,Figs.7-8; pp.7-9,source-reported,High,VERIFIED
P014,10.3390/ma17235893,P014_MAT_FE50MN30CO10CR10,,P014_MC_A600,P014_OBS_A600_eps15,Independent_ML_sample,False,as named/reported,VERIFIED_WORKBOOK,Figs.7-8; pp.7-9,source-reported,High,VERIFIED
P014,10.3390/ma17235893,P014_MAT_FE50MN30CO10CR10,,P014_MC_A600,P014_OBS_A600_eps15,FCC_fraction,0.796,as named/reported,VERIFIED_WORKBOOK,Figs.7-8; pp.7-9,source-reported,High,VERIFIED
P014,10.3390/ma17235893,P014_MAT_FE50MN30CO10CR10,,P014_MC_A600,P014_OBS_A600_eps15,HCP_fraction,0.184,as named/reported,VERIFIED_WORKBOOK,Figs.7-8; pp.7-9,source-reported,High,VERIFIED
P014,10.3390/ma17235893,P014_MAT_FE50MN30CO10CR10,,P014_MC_A600,P014_OBS_A600_eps15,TRIP_at_stage,1.0,as named/reported,VERIFIED_WORKBOOK,Figs.7-8; pp.7-9,source-reported,High,VERIFIED
P014,10.3390/ma17235893,P014_MAT_FE50MN30CO10CR10,,P014_MC_A600,P014_OBS_A600_eps15,Slip_at_stage,1.0,as named/reported,VERIFIED_WORKBOOK,Figs.7-8; pp.7-9,source-reported,High,VERIFIED
P014,10.3390/ma17235893,P014_MAT_FE50MN30CO10CR10,,P014_MC_A600,P014_OBS_A600_eps15,Twin_Evidence_Type,Annealing twins are explicitly identified; twin diffraction is present but deformation-twin origin is not established at this stage,as named/reported,VERIFIED_WORKBOOK,Figs.7-8; pp.7-9,source-reported,High,VERIFIED
P014,10.3390/ma17235893,P014_MAT_FE50MN30CO10CR10,,P014_MC_A600,P014_OBS_A600_eps15,HCP_Evidence_Type,EBSD + TEM/SAED direct HCP,as named/reported,VERIFIED_WORKBOOK,Figs.7-8; pp.7-9,source-reported,High,VERIFIED
P014,10.3390/ma17235893,P014_MAT_FE50MN30CO10CR10,,P014_MC_A600,P014_OBS_A600_eps15,Microstructural_Observations,High dislocation density + FCC→HCP transformation; TRIP described as predominant,as named/reported,VERIFIED_WORKBOOK,Figs.7-8; pp.7-9,source-reported,High,VERIFIED
P014,10.3390/ma17235893,P014_MAT_FE50MN30CO10CR10,,P014_MC_A600,P014_OBS_A600_eps15,Evidence_Location,Figs.7-8; pp.7-9,as named/reported,VERIFIED_WORKBOOK,Figs.7-8; pp.7-9,source-reported,High,VERIFIED
P014,10.3390/ma17235893,P014_MAT_FE50MN30CO10CR10,,P014_MC_A600,P014_OBS_A600_eps15,Confidence,High,as named/reported,VERIFIED_WORKBOOK,Figs.7-8; pp.7-9,source-reported,High,VERIFIED
P014,10.3390/ma17235893,P014_MAT_FE50MN30CO10CR10,,P014_MC_A600,P014_OBS_A600_eps15,Interpretation_Rule,Set TRIP=1. Keep TWIP=NA rather than 0/1 because the directly identified twins at 15% are described as annealing twins and the source does not explicitly establish deformation-twin activation at this exact stage.,as named/reported,VERIFIED_WORKBOOK,Figs.7-8; pp.7-9,source-reported,High,VERIFIED
P014,10.3390/ma17235893,P014_MAT_FE50MN30CO10CR10,,P014_MC_A600,P014_OBS_A600_eps30,Parent_ML_Condition_ID,P014_MC_A600,as named/reported,VERIFIED_WORKBOOK,"Figs.7,9; pp.8-10,13",source-reported,High,VERIFIED
P014,10.3390/ma17235893,P014_MAT_FE50MN30CO10CR10,,P014_MC_A600,P014_OBS_A600_eps30,Observation_ID,P014_OBS_A600_eps30,as named/reported,VERIFIED_WORKBOOK,"Figs.7,9; pp.8-10,13",source-reported,High,VERIFIED
P014,10.3390/ma17235893,P014_MAT_FE50MN30CO10CR10,,P014_MC_A600,P014_OBS_A600_eps30,Tensile_Strain_pct,30.0,as named/reported,VERIFIED_WORKBOOK,"Figs.7,9; pp.8-10,13",source-reported,High,VERIFIED
P014,10.3390/ma17235893,P014_MAT_FE50MN30CO10CR10,,P014_MC_A600,P014_OBS_A600_eps30,Stage_Descriptor,Intermediate tensile deformation,as named/reported,VERIFIED_WORKBOOK,"Figs.7,9; pp.8-10,13",source-reported,High,VERIFIED
P014,10.3390/ma17235893,P014_MAT_FE50MN30CO10CR10,,P014_MC_A600,P014_OBS_A600_eps30,Observation_Role,REPEATED_STAGE,as named/reported,VERIFIED_WORKBOOK,"Figs.7,9; pp.8-10,13",source-reported,High,VERIFIED
P014,10.3390/ma17235893,P014_MAT_FE50MN30CO10CR10,,P014_MC_A600,P014_OBS_A600_eps30,Independent_ML_sample,False,as named/reported,VERIFIED_WORKBOOK,"Figs.7,9; pp.8-10,13",source-reported,High,VERIFIED
P014,10.3390/ma17235893,P014_MAT_FE50MN30CO10CR10,,P014_MC_A600,P014_OBS_A600_eps30,FCC_fraction,0.394,as named/reported,VERIFIED_WORKBOOK,"Figs.7,9; pp.8-10,13",source-reported,High,VERIFIED
P014,10.3390/ma17235893,P014_MAT_FE50MN30CO10CR10,,P014_MC_A600,P014_OBS_A600_eps30,HCP_fraction,0.604,as named/reported,VERIFIED_WORKBOOK,"Figs.7,9; pp.8-10,13",source-reported,High,VERIFIED
P014,10.3390/ma17235893,P014_MAT_FE50MN30CO10CR10,,P014_MC_A600,P014_OBS_A600_eps30,TRIP_at_stage,1.0,as named/reported,VERIFIED_WORKBOOK,"Figs.7,9; pp.8-10,13",source-reported,High,VERIFIED
P014,10.3390/ma17235893,P014_MAT_FE50MN30CO10CR10,,P014_MC_A600,P014_OBS_A600_eps30,TWIP_at_stage,1.0,as named/reported,VERIFIED_WORKBOOK,"Figs.7,9; pp.8-10,13",source-reported,High,VERIFIED
P014,10.3390/ma17235893,P014_MAT_FE50MN30CO10CR10,,P014_MC_A600,P014_OBS_A600_eps30,Slip_at_stage,1.0,as named/reported,VERIFIED_WORKBOOK,"Figs.7,9; pp.8-10,13",source-reported,High,VERIFIED
P014,10.3390/ma17235893,P014_MAT_FE50MN30CO10CR10,,P014_MC_A600,P014_OBS_A600_eps30,HDI_at_stage,1.0,as named/reported,VERIFIED_WORKBOOK,"Figs.7,9; pp.8-10,13",source-reported,High,VERIFIED
P014,10.3390/ma17235893,P014_MAT_FE50MN30CO10CR10,,P014_MC_A600,P014_OBS_A600_eps30,Twin_Evidence_Type,Direct deformation twins confirmed by SAED,as named/reported,VERIFIED_WORKBOOK,"Figs.7,9; pp.8-10,13",source-reported,High,VERIFIED
P014,10.3390/ma17235893,P014_MAT_FE50MN30CO10CR10,,P014_MC_A600,P014_OBS_A600_eps30,HCP_Evidence_Type,EBSD + TEM/SAED direct HCP,as named/reported,VERIFIED_WORKBOOK,"Figs.7,9; pp.8-10,13",source-reported,High,VERIFIED
P014,10.3390/ma17235893,P014_MAT_FE50MN30CO10CR10,,P014_MC_A600,P014_OBS_A600_eps30,Microstructural_Observations,"Dense dislocations, deformation twins, dislocation cells/HDDWs, HCP laths; TRIP significant; HDI/GND effects active",as named/reported,VERIFIED_WORKBOOK,"Figs.7,9; pp.8-10,13",source-reported,High,VERIFIED
P014,10.3390/ma17235893,P014_MAT_FE50MN30CO10CR10,,P014_MC_A600,P014_OBS_A600_eps30,Evidence_Location,"Figs.7,9; pp.8-10,13",as named/reported,VERIFIED_WORKBOOK,"Figs.7,9; pp.8-10,13",source-reported,High,VERIFIED
P014,10.3390/ma17235893,P014_MAT_FE50MN30CO10CR10,,P014_MC_A600,P014_OBS_A600_eps30,Confidence,High,as named/reported,VERIFIED_WORKBOOK,"Figs.7,9; pp.8-10,13",source-reported,High,VERIFIED
P014,10.3390/ma17235893,P014_MAT_FE50MN30CO10CR10,,P014_MC_A600,P014_OBS_A600_eps30,Interpretation_Rule,Condition-level TWIP positive is directly supported here. HCP rises from 18.4% at 15% to 60.4% at 30%.,as named/reported,VERIFIED_WORKBOOK,"Figs.7,9; pp.8-10,13",source-reported,High,VERIFIED
P014,10.3390/ma17235893,P014_MAT_FE50MN30CO10CR10,,P014_MC_A600,P014_OBS_A600_FRACTURE,Parent_ML_Condition_ID,P014_MC_A600,as named/reported,VERIFIED_WORKBOOK,"Figs.7,10; pp.10-13",source-reported,High,VERIFIED
P014,10.3390/ma17235893,P014_MAT_FE50MN30CO10CR10,,P014_MC_A600,P014_OBS_A600_FRACTURE,Observation_ID,P014_OBS_A600_FRACTURE,as named/reported,VERIFIED_WORKBOOK,"Figs.7,10; pp.10-13",source-reported,High,VERIFIED
P014,10.3390/ma17235893,P014_MAT_FE50MN30CO10CR10,,P014_MC_A600,P014_OBS_A600_FRACTURE,Stage_Descriptor,Fracture / late deformation,as named/reported,VERIFIED_WORKBOOK,"Figs.7,10; pp.10-13",source-reported,High,VERIFIED
P014,10.3390/ma17235893,P014_MAT_FE50MN30CO10CR10,,P014_MC_A600,P014_OBS_A600_FRACTURE,Observation_Role,REPEATED_STAGE,as named/reported,VERIFIED_WORKBOOK,"Figs.7,10; pp.10-13",source-reported,High,VERIFIED
P014,10.3390/ma17235893,P014_MAT_FE50MN30CO10CR10,,P014_MC_A600,P014_OBS_A600_FRACTURE,Independent_ML_sample,False,as named/reported,VERIFIED_WORKBOOK,"Figs.7,10; pp.10-13",source-reported,High,VERIFIED
P014,10.3390/ma17235893,P014_MAT_FE50MN30CO10CR10,,P014_MC_A600,P014_OBS_A600_FRACTURE,FCC_fraction,0.349,as named/reported,VERIFIED_WORKBOOK,"Figs.7,10; pp.10-13",source-reported,High,VERIFIED
P014,10.3390/ma17235893,P014_MAT_FE50MN30CO10CR10,,P014_MC_A600,P014_OBS_A600_FRACTURE,HCP_fraction,0.651,as named/reported,VERIFIED_WORKBOOK,"Figs.7,10; pp.10-13",source-reported,High,VERIFIED
P014,10.3390/ma17235893,P014_MAT_FE50MN30CO10CR10,,P014_MC_A600,P014_OBS_A600_FRACTURE,TRIP_at_stage,1.0,as named/reported,VERIFIED_WORKBOOK,"Figs.7,10; pp.10-13",source-reported,High,VERIFIED
P014,10.3390/ma17235893,P014_MAT_FE50MN30CO10CR10,,P014_MC_A600,P014_OBS_A600_FRACTURE,TWIP_at_stage,1.0,as named/reported,VERIFIED_WORKBOOK,"Figs.7,10; pp.10-13",source-reported,High,VERIFIED
P014,10.3390/ma17235893,P014_MAT_FE50MN30CO10CR10,,P014_MC_A600,P014_OBS_A600_FRACTURE,Slip_at_stage,1.0,as named/reported,VERIFIED_WORKBOOK,"Figs.7,10; pp.10-13",source-reported,High,VERIFIED
P014,10.3390/ma17235893,P014_MAT_FE50MN30CO10CR10,,P014_MC_A600,P014_OBS_A600_FRACTURE,HDI_at_stage,1.0,as named/reported,VERIFIED_WORKBOOK,"Figs.7,10; pp.10-13",source-reported,High,VERIFIED
P014,10.3390/ma17235893,P014_MAT_FE50MN30CO10CR10,,P014_MC_A600,P014_OBS_A600_FRACTURE,Twin_Evidence_Type,Direct deformation twins confirmed by TEM/SAED,as named/reported,VERIFIED_WORKBOOK,"Figs.7,10; pp.10-13",source-reported,High,VERIFIED
P014,10.3390/ma17235893,P014_MAT_FE50MN30CO10CR10,,P014_MC_A600,P014_OBS_A600_FRACTURE,HCP_Evidence_Type,EBSD + TEM/HRTEM direct HCP,as named/reported,VERIFIED_WORKBOOK,"Figs.7,10; pp.10-13",source-reported,High,VERIFIED
P014,10.3390/ma17235893,P014_MAT_FE50MN30CO10CR10,,P014_MC_A600,P014_OBS_A600_FRACTURE,Microstructural_Observations,"HDDs/HDDWs, deformation twins and HCP coexist; FCC/HCP interface stacking changes from ABCABC to ABABAB",as named/reported,VERIFIED_WORKBOOK,"Figs.7,10; pp.10-13",source-reported,High,VERIFIED
P014,10.3390/ma17235893,P014_MAT_FE50MN30CO10CR10,,P014_MC_A600,P014_OBS_A600_FRACTURE,Evidence_Location,"Figs.7,10; pp.10-13",as named/reported,VERIFIED_WORKBOOK,"Figs.7,10; pp.10-13",source-reported,High,VERIFIED
P014,10.3390/ma17235893,P014_MAT_FE50MN30CO10CR10,,P014_MC_A600,P014_OBS_A600_FRACTURE,Confidence,High,as named/reported,VERIFIED_WORKBOOK,"Figs.7,10; pp.10-13",source-reported,High,VERIFIED
P014,10.3390/ma17235893,P014_MAT_FE50MN30CO10CR10,,P014_MC_A600,P014_OBS_A600_FRACTURE,Interpretation_Rule,TRIP remains active but is described as tending toward saturation in late deformation; HDI and dislocation–martensite interactions continue hardening.,as named/reported,VERIFIED_WORKBOOK,"Figs.7,10; pp.10-13",source-reported,High,VERIFIED
P014,10.3390/ma17235893,P014_MAT_FE50MN30CO10CR10,,P014_MC_ASCAST,,ML_Condition_ID,P014_MC_ASCAST,as named/reported,KEEP_NA,Table 1 only for tensile properties,source-reported,High,VERIFIED
P014,10.3390/ma17235893,P014_MAT_FE50MN30CO10CR10,,P014_MC_ASCAST,,TRIP_Evidence,No as-cast-specific post-tensile phase evolution characterized.,as named/reported,KEEP_NA,Table 1 only for tensile properties,source-reported,High,VERIFIED
P014,10.3390/ma17235893,P014_MAT_FE50MN30CO10CR10,,P014_MC_ASCAST,,TWIP_Evidence,No as-cast-specific post-tensile deformation-twin characterization.,as named/reported,KEEP_NA,Table 1 only for tensile properties,source-reported,High,VERIFIED
P014,10.3390/ma17235893,P014_MAT_FE50MN30CO10CR10,,P014_MC_ASCAST,,Slip_Evidence,No direct condition-specific mechanism analysis.,as named/reported,KEEP_NA,Table 1 only for tensile properties,source-reported,High,VERIFIED
P014,10.3390/ma17235893,P014_MAT_FE50MN30CO10CR10,,P014_MC_ASCAST,,HDI_Evidence,No direct condition-specific HDI analysis.,as named/reported,KEEP_NA,Table 1 only for tensile properties,source-reported,High,VERIFIED
P014,10.3390/ma17235893,P014_MAT_FE50MN30CO10CR10,,P014_MC_ASCAST,,Target_Status,KEEP_NA,as named/reported,KEEP_NA,Table 1 only for tensile properties,source-reported,High,VERIFIED
P014,10.3390/ma17235893,P014_MAT_FE50MN30CO10CR10,,P014_MC_ASCAST,,Negative_Evidence_Quality,NOT_APPLICABLE,as named/reported,KEEP_NA,Table 1 only for tensile properties,source-reported,High,VERIFIED
P014,10.3390/ma17235893,P014_MAT_FE50MN30CO10CR10,,P014_MC_ASCAST,,Evidence_Location,Table 1 only for tensile properties,as named/reported,KEEP_NA,Table 1 only for tensile properties,source-reported,High,VERIFIED
P014,10.3390/ma17235893,P014_MAT_FE50MN30CO10CR10,,P014_MC_ASCAST,,Confidence,High,as named/reported,KEEP_NA,Table 1 only for tensile properties,source-reported,High,VERIFIED
P014,10.3390/ma17235893,P014_MAT_FE50MN30CO10CR10,,P014_MC_ASCAST,,Notes,Pre-existing HCP does not prove tensile TRIP.,as named/reported,KEEP_NA,Table 1 only for tensile properties,source-reported,High,VERIFIED
P014,10.3390/ma17235893,P014_MAT_FE50MN30CO10CR10,,P014_MC_CR,,ML_Condition_ID,P014_MC_CR,as named/reported,KEEP_NA,Figs.2-3 + Table 1,source-reported,High,VERIFIED
P014,10.3390/ma17235893,P014_MAT_FE50MN30CO10CR10,,P014_MC_CR,,TRIP_Evidence,Cold rolling creates HCP before tensile testing; no CR-specific post-tensile TRIP trajectory is characterized.,as named/reported,KEEP_NA,Figs.2-3 + Table 1,source-reported,High,VERIFIED
P014,10.3390/ma17235893,P014_MAT_FE50MN30CO10CR10,,P014_MC_CR,,TWIP_Evidence,Cold rolling creates deformation twins before tensile testing; no CR-specific post-tensile TWIP trajectory is characterized.,as named/reported,KEEP_NA,Figs.2-3 + Table 1,source-reported,High,VERIFIED
P014,10.3390/ma17235893,P014_MAT_FE50MN30CO10CR10,,P014_MC_CR,,Slip_Evidence,No direct post-tensile mechanism analysis.,as named/reported,KEEP_NA,Figs.2-3 + Table 1,source-reported,High,VERIFIED
P014,10.3390/ma17235893,P014_MAT_FE50MN30CO10CR10,,P014_MC_CR,,HDI_Evidence,No direct post-tensile HDI analysis.,as named/reported,KEEP_NA,Figs.2-3 + Table 1,source-reported,High,VERIFIED
P014,10.3390/ma17235893,P014_MAT_FE50MN30CO10CR10,,P014_MC_CR,,Target_Status,KEEP_NA,as named/reported,KEEP_NA,Figs.2-3 + Table 1,source-reported,High,VERIFIED
P014,10.3390/ma17235893,P014_MAT_FE50MN30CO10CR10,,P014_MC_CR,,Negative_Evidence_Quality,NOT_APPLICABLE,as named/reported,KEEP_NA,Figs.2-3 + Table 1,source-reported,High,VERIFIED
P014,10.3390/ma17235893,P014_MAT_FE50MN30CO10CR10,,P014_MC_CR,,Evidence_Location,Figs.2-3 + Table 1,as named/reported,KEEP_NA,Figs.2-3 + Table 1,source-reported,High,VERIFIED
P014,10.3390/ma17235893,P014_MAT_FE50MN30CO10CR10,,P014_MC_CR,,Confidence,High,as named/reported,KEEP_NA,Figs.2-3 + Table 1,source-reported,High,VERIFIED
P014,10.3390/ma17235893,P014_MAT_FE50MN30CO10CR10,,P014_MC_CR,,Notes,"Processing-induced mechanisms are stored as precursor history, not tensile targets.",as named/reported,KEEP_NA,Figs.2-3 + Table 1,source-reported,High,VERIFIED
P014,10.3390/ma17235893,P014_MAT_FE50MN30CO10CR10,,P014_MC_A600,,ML_Condition_ID,P014_MC_A600,as named/reported,VERIFIED_JOINT,Figs.7-11; Discussion/Conclusions pp.11-14,source-reported,High,VERIFIED
P014,10.3390/ma17235893,P014_MAT_FE50MN30CO10CR10,,P014_MC_A600,,TRIP_Proposed,1.0,as named/reported,VERIFIED_JOINT,Figs.7-11; Discussion/Conclusions pp.11-14,source-reported,High,VERIFIED
P014,10.3390/ma17235893,P014_MAT_FE50MN30CO10CR10,,P014_MC_A600,,TWIP_Proposed,1.0,as named/reported,VERIFIED_JOINT,Figs.7-11; Discussion/Conclusions pp.11-14,source-reported,High,VERIFIED
P014,10.3390/ma17235893,P014_MAT_FE50MN30CO10CR10,,P014_MC_A600,,Slip_Proposed,1.0,as named/reported,VERIFIED_JOINT,Figs.7-11; Discussion/Conclusions pp.11-14,source-reported,High,VERIFIED
P014,10.3390/ma17235893,P014_MAT_FE50MN30CO10CR10,,P014_MC_A600,,HDI_Proposed,1.0,as named/reported,VERIFIED_JOINT,Figs.7-11; Discussion/Conclusions pp.11-14,source-reported,High,VERIFIED
P014,10.3390/ma17235893,P014_MAT_FE50MN30CO10CR10,,P014_MC_A600,,TRIP_Evidence,"Initial A600 is essentially FCC; HCP rises to 18.4% at 15%, 60.4% at 30%, and 65.1% at fracture.",as named/reported,VERIFIED_JOINT,Figs.7-11; Discussion/Conclusions pp.11-14,source-reported,High,VERIFIED
P014,10.3390/ma17235893,P014_MAT_FE50MN30CO10CR10,,P014_MC_A600,,TWIP_Evidence,Direct deformation twins are confirmed at 30% and fracture by TEM/SAED; paper explicitly identifies the TWIP effect.,as named/reported,VERIFIED_JOINT,Figs.7-11; Discussion/Conclusions pp.11-14,source-reported,High,VERIFIED
P014,10.3390/ma17235893,P014_MAT_FE50MN30CO10CR10,,P014_MC_A600,,Slip_Evidence,"High-density dislocations, dislocation cells and HDDWs are directly observed.",as named/reported,VERIFIED_JOINT,Figs.7-11; Discussion/Conclusions pp.11-14,source-reported,High,VERIFIED
P014,10.3390/ma17235893,P014_MAT_FE50MN30CO10CR10,,P014_MC_A600,,HDI_Evidence,Heterogeneous strain incompatibility generates GND/back-forward stresses; LUR-derived HDI strengthening and discussion directly support HDI hardening.,as named/reported,VERIFIED_JOINT,Figs.7-11; Discussion/Conclusions pp.11-14,source-reported,High,VERIFIED
P014,10.3390/ma17235893,P014_MAT_FE50MN30CO10CR10,,P014_MC_A600,,Target_Status,VERIFIED_JOINT,as named/reported,VERIFIED_JOINT,Figs.7-11; Discussion/Conclusions pp.11-14,source-reported,High,VERIFIED
P014,10.3390/ma17235893,P014_MAT_FE50MN30CO10CR10,,P014_MC_A600,,Negative_Evidence_Quality,NOT_APPLICABLE,as named/reported,VERIFIED_JOINT,Figs.7-11; Discussion/Conclusions pp.11-14,source-reported,High,VERIFIED
P014,10.3390/ma17235893,P014_MAT_FE50MN30CO10CR10,,P014_MC_A600,,Evidence_Location,Figs.7-11; Discussion/Conclusions pp.11-14,as named/reported,VERIFIED_JOINT,Figs.7-11; Discussion/Conclusions pp.11-14,source-reported,High,VERIFIED
P014,10.3390/ma17235893,P014_MAT_FE50MN30CO10CR10,,P014_MC_A600,,Confidence,High,as named/reported,VERIFIED_JOINT,Figs.7-11; Discussion/Conclusions pp.11-14,source-reported,High,VERIFIED
P014,10.3390/ma17235893,P014_MAT_FE50MN30CO10CR10,,P014_MC_A600,,Notes,TRIP is predominant in early deformation; TWIP and HDI hardening become important with further deformation.,as named/reported,VERIFIED_JOINT,Figs.7-11; Discussion/Conclusions pp.11-14,source-reported,High,VERIFIED
P014,10.3390/ma17235893,P014_MAT_FE50MN30CO10CR10,,P014_MC_A650,,ML_Condition_ID,P014_MC_A650,as named/reported,KEEP_NA,Table 1 + Fig.6,source-reported,High,VERIFIED
P014,10.3390/ma17235893,P014_MAT_FE50MN30CO10CR10,,P014_MC_A650,,TRIP_Evidence,No A650-specific post-tensile phase evolution is reported.,as named/reported,KEEP_NA,Table 1 + Fig.6,source-reported,High,VERIFIED
P014,10.3390/ma17235893,P014_MAT_FE50MN30CO10CR10,,P014_MC_A650,,TWIP_Evidence,No A650-specific deformation-twin evidence is reported.,as named/reported,KEEP_NA,Table 1 + Fig.6,source-reported,High,VERIFIED
P014,10.3390/ma17235893,P014_MAT_FE50MN30CO10CR10,,P014_MC_A650,,Slip_Evidence,Not directly characterized.,as named/reported,KEEP_NA,Table 1 + Fig.6,source-reported,High,VERIFIED
P014,10.3390/ma17235893,P014_MAT_FE50MN30CO10CR10,,P014_MC_A650,,HDI_Evidence,Not directly quantified for A650.,as named/reported,KEEP_NA,Table 1 + Fig.6,source-reported,High,VERIFIED
P014,10.3390/ma17235893,P014_MAT_FE50MN30CO10CR10,,P014_MC_A650,,Target_Status,KEEP_NA,as named/reported,KEEP_NA,Table 1 + Fig.6,source-reported,High,VERIFIED
P014,10.3390/ma17235893,P014_MAT_FE50MN30CO10CR10,,P014_MC_A650,,Negative_Evidence_Quality,NOT_APPLICABLE,as named/reported,KEEP_NA,Table 1 + Fig.6,source-reported,High,VERIFIED
P014,10.3390/ma17235893,P014_MAT_FE50MN30CO10CR10,,P014_MC_A650,,Evidence_Location,Table 1 + Fig.6,as named/reported,KEEP_NA,Table 1 + Fig.6,source-reported,High,VERIFIED
P014,10.3390/ma17235893,P014_MAT_FE50MN30CO10CR10,,P014_MC_A650,,Confidence,High,as named/reported,KEEP_NA,Table 1 + Fig.6,source-reported,High,VERIFIED
P014,10.3390/ma17235893,P014_MAT_FE50MN30CO10CR10,,P014_MC_A650,,Notes,Do not propagate A600 mechanisms to A650.,as named/reported,KEEP_NA,Table 1 + Fig.6,source-reported,High,VERIFIED
P014,10.3390/ma17235893,P014_MAT_FE50MN30CO10CR10,,P014_MC_A700,,ML_Condition_ID,P014_MC_A700,as named/reported,KEEP_NA,Table 1 + Fig.6,source-reported,High,VERIFIED
P014,10.3390/ma17235893,P014_MAT_FE50MN30CO10CR10,,P014_MC_A700,,TRIP_Evidence,No A700-specific post-tensile phase evolution is reported.,as named/reported,KEEP_NA,Table 1 + Fig.6,source-reported,High,VERIFIED
P014,10.3390/ma17235893,P014_MAT_FE50MN30CO10CR10,,P014_MC_A700,,TWIP_Evidence,No A700-specific deformation-twin evidence is reported.,as named/reported,KEEP_NA,Table 1 + Fig.6,source-reported,High,VERIFIED
P014,10.3390/ma17235893,P014_MAT_FE50MN30CO10CR10,,P014_MC_A700,,Slip_Evidence,Not directly characterized.,as named/reported,KEEP_NA,Table 1 + Fig.6,source-reported,High,VERIFIED
P014,10.3390/ma17235893,P014_MAT_FE50MN30CO10CR10,,P014_MC_A700,,HDI_Evidence,Not directly quantified for A700.,as named/reported,KEEP_NA,Table 1 + Fig.6,source-reported,High,VERIFIED
P014,10.3390/ma17235893,P014_MAT_FE50MN30CO10CR10,,P014_MC_A700,,Target_Status,KEEP_NA,as named/reported,KEEP_NA,Table 1 + Fig.6,source-reported,High,VERIFIED
P014,10.3390/ma17235893,P014_MAT_FE50MN30CO10CR10,,P014_MC_A700,,Negative_Evidence_Quality,NOT_APPLICABLE,as named/reported,KEEP_NA,Table 1 + Fig.6,source-reported,High,VERIFIED
P014,10.3390/ma17235893,P014_MAT_FE50MN30CO10CR10,,P014_MC_A700,,Evidence_Location,Table 1 + Fig.6,as named/reported,KEEP_NA,Table 1 + Fig.6,source-reported,High,VERIFIED
P014,10.3390/ma17235893,P014_MAT_FE50MN30CO10CR10,,P014_MC_A700,,Confidence,High,as named/reported,KEEP_NA,Table 1 + Fig.6,source-reported,High,VERIFIED
P014,10.3390/ma17235893,P014_MAT_FE50MN30CO10CR10,,P014_MC_A700,,Notes,Do not propagate A600 mechanisms to A700.,as named/reported,KEEP_NA,Table 1 + Fig.6,source-reported,High,VERIFIED
P014,10.3390/ma17235893,P014_MAT_FE50MN30CO10CR10,,P014_MC_A600,,ML_Condition_ID,P014_MC_A600,as named/reported,DIRECT_TEXT_DIFFERENCE,p.11,989 MPa A600 YS vs 300 MPa as-cast YS,High,VERIFIED
P014,10.3390/ma17235893,P014_MAT_FE50MN30CO10CR10,,P014_MC_A600,,Scope,A600,as named/reported,DIRECT_TEXT_DIFFERENCE,p.11,989 MPa A600 YS vs 300 MPa as-cast YS,High,VERIFIED
P014,10.3390/ma17235893,P014_MAT_FE50MN30CO10CR10,,P014_MC_A600,,Feature,YS_increase_vs_ascast,as named/reported,DIRECT_TEXT_DIFFERENCE,p.11,989 MPa A600 YS vs 300 MPa as-cast YS,High,VERIFIED
P014,10.3390/ma17235893,P014_MAT_FE50MN30CO10CR10,,P014_MC_A600,,Value,689.0,as named/reported,DIRECT_TEXT_DIFFERENCE,p.11,989 MPa A600 YS vs 300 MPa as-cast YS,High,VERIFIED
P014,10.3390/ma17235893,P014_MAT_FE50MN30CO10CR10,,P014_MC_A600,,Units,MPa,as named/reported,DIRECT_TEXT_DIFFERENCE,p.11,989 MPa A600 YS vs 300 MPa as-cast YS,High,VERIFIED
P014,10.3390/ma17235893,P014_MAT_FE50MN30CO10CR10,,P014_MC_A600,,Value_Status,DIRECT_TEXT_DIFFERENCE,as named/reported,DIRECT_TEXT_DIFFERENCE,p.11,989 MPa A600 YS vs 300 MPa as-cast YS,High,VERIFIED
P014,10.3390/ma17235893,P014_MAT_FE50MN30CO10CR10,,P014_MC_A600,,Method_or_Formula,989 MPa A600 YS vs 300 MPa as-cast YS,as named/reported,DIRECT_TEXT_DIFFERENCE,p.11,989 MPa A600 YS vs 300 MPa as-cast YS,High,VERIFIED
P014,10.3390/ma17235893,P014_MAT_FE50MN30CO10CR10,,P014_MC_A600,,Source_Reference_Status,CURRENT_PAPER,as named/reported,DIRECT_TEXT_DIFFERENCE,p.11,989 MPa A600 YS vs 300 MPa as-cast YS,High,VERIFIED
P014,10.3390/ma17235893,P014_MAT_FE50MN30CO10CR10,,P014_MC_A600,,Evidence_Location,p.11,as named/reported,DIRECT_TEXT_DIFFERENCE,p.11,989 MPa A600 YS vs 300 MPa as-cast YS,High,VERIFIED
P014,10.3390/ma17235893,P014_MAT_FE50MN30CO10CR10,,P014_MC_A600,,Confidence,High,as named/reported,DIRECT_TEXT_DIFFERENCE,p.11,989 MPa A600 YS vs 300 MPa as-cast YS,High,VERIFIED
P014,10.3390/ma17235893,P014_MAT_FE50MN30CO10CR10,,P014_MC_A600,,Leakage_or_Use_Rule,Outcome-derived comparison; do not use as a causal predictor in final target model without leakage review.,as named/reported,DIRECT_TEXT_DIFFERENCE,p.11,989 MPa A600 YS vs 300 MPa as-cast YS,High,VERIFIED
P014,10.3390/ma17235893,P014_MAT_FE50MN30CO10CR10,,P014_MC_A600,,Notes,"Strength gain attributed to synergistic dislocation, grain-boundary, twin-boundary and HDI strengthening.",as named/reported,DIRECT_TEXT_DIFFERENCE,p.11,989 MPa A600 YS vs 300 MPa as-cast YS,High,VERIFIED
P014,10.3390/ma17235893,P014_MAT_FE50MN30CO10CR10,,P014_MC_A600,,ML_Condition_ID,P014_MC_A600,as named/reported,CURRENT_PAPER_FIT_INTERCEPT/REPORTED_CONTRIBUTION,p.12; Fig.11,Load-unload-reload back-stress analysis over first ~16% strain; σ_HDI=(σu+σr)/2,High,VERIFIED
P014,10.3390/ma17235893,P014_MAT_FE50MN30CO10CR10,,P014_MC_A600,,Scope,A600,as named/reported,CURRENT_PAPER_FIT_INTERCEPT/REPORTED_CONTRIBUTION,p.12; Fig.11,Load-unload-reload back-stress analysis over first ~16% strain; σ_HDI=(σu+σr)/2,High,VERIFIED
P014,10.3390/ma17235893,P014_MAT_FE50MN30CO10CR10,,P014_MC_A600,,Feature,HDI_strength_contribution,as named/reported,CURRENT_PAPER_FIT_INTERCEPT/REPORTED_CONTRIBUTION,p.12; Fig.11,Load-unload-reload back-stress analysis over first ~16% strain; σ_HDI=(σu+σr)/2,High,VERIFIED
P014,10.3390/ma17235893,P014_MAT_FE50MN30CO10CR10,,P014_MC_A600,,Value,631.2,as named/reported,CURRENT_PAPER_FIT_INTERCEPT/REPORTED_CONTRIBUTION,p.12; Fig.11,Load-unload-reload back-stress analysis over first ~16% strain; σ_HDI=(σu+σr)/2,High,VERIFIED
P014,10.3390/ma17235893,P014_MAT_FE50MN30CO10CR10,,P014_MC_A600,,Units,MPa,as named/reported,CURRENT_PAPER_FIT_INTERCEPT/REPORTED_CONTRIBUTION,p.12; Fig.11,Load-unload-reload back-stress analysis over first ~16% strain; σ_HDI=(σu+σr)/2,High,VERIFIED
P014,10.3390/ma17235893,P014_MAT_FE50MN30CO10CR10,,P014_MC_A600,,Value_Status,CURRENT_PAPER_FIT_INTERCEPT/REPORTED_CONTRIBUTION,as named/reported,CURRENT_PAPER_FIT_INTERCEPT/REPORTED_CONTRIBUTION,p.12; Fig.11,Load-unload-reload back-stress analysis over first ~16% strain; σ_HDI=(σu+σr)/2,High,VERIFIED
P014,10.3390/ma17235893,P014_MAT_FE50MN30CO10CR10,,P014_MC_A600,,Method_or_Formula,Load-unload-reload back-stress analysis over first ~16% strain; σ_HDI=(σu+σr)/2,as named/reported,CURRENT_PAPER_FIT_INTERCEPT/REPORTED_CONTRIBUTION,p.12; Fig.11,Load-unload-reload back-stress analysis over first ~16% strain; σ_HDI=(σu+σr)/2,High,VERIFIED
P014,10.3390/ma17235893,P014_MAT_FE50MN30CO10CR10,,P014_MC_A600,,Source_Reference_Status,CURRENT_PAPER,as named/reported,CURRENT_PAPER_FIT_INTERCEPT/REPORTED_CONTRIBUTION,p.12; Fig.11,Load-unload-reload back-stress analysis over first ~16% strain; σ_HDI=(σu+σr)/2,High,VERIFIED
P014,10.3390/ma17235893,P014_MAT_FE50MN30CO10CR10,,P014_MC_A600,,Evidence_Location,p.12; Fig.11,as named/reported,CURRENT_PAPER_FIT_INTERCEPT/REPORTED_CONTRIBUTION,p.12; Fig.11,Load-unload-reload back-stress analysis over first ~16% strain; σ_HDI=(σu+σr)/2,High,VERIFIED
P014,10.3390/ma17235893,P014_MAT_FE50MN30CO10CR10,,P014_MC_A600,,Confidence,High,as named/reported,CURRENT_PAPER_FIT_INTERCEPT/REPORTED_CONTRIBUTION,p.12; Fig.11,Load-unload-reload back-stress analysis over first ~16% strain; σ_HDI=(σu+σr)/2,High,VERIFIED
P014,10.3390/ma17235893,P014_MAT_FE50MN30CO10CR10,,P014_MC_A600,,Leakage_or_Use_Rule,Mechanical-response-derived descriptor; mark as potential leakage for mechanism prediction unless a later eligibility policy explicitly allows post-loading features.,as named/reported,CURRENT_PAPER_FIT_INTERCEPT/REPORTED_CONTRIBUTION,p.12; Fig.11,Load-unload-reload back-stress analysis over first ~16% strain; σ_HDI=(σu+σr)/2,High,VERIFIED
P014,10.3390/ma17235893,P014_MAT_FE50MN30CO10CR10,,P014_MC_A600,,Notes,Paper states 631.2 MPa as the contribution from the approximately linear fitted back-stress response.,as named/reported,CURRENT_PAPER_FIT_INTERCEPT/REPORTED_CONTRIBUTION,p.12; Fig.11,Load-unload-reload back-stress analysis over first ~16% strain; σ_HDI=(σu+σr)/2,High,VERIFIED
P014,10.3390/ma17235893,P014_MAT_FE50MN30CO10CR10,,P014_MC_A600,,ML_Condition_ID,P014_MC_A600,as named/reported,MODEL_INPUT,p.11,Dislocation strengthening formula,High,VERIFIED
P014,10.3390/ma17235893,P014_MAT_FE50MN30CO10CR10,,P014_MC_A600,,Scope,Strengthening-model input,as named/reported,MODEL_INPUT,p.11,Dislocation strengthening formula,High,VERIFIED
P014,10.3390/ma17235893,P014_MAT_FE50MN30CO10CR10,,P014_MC_A600,,Feature,Taylor_factor_M,as named/reported,MODEL_INPUT,p.11,Dislocation strengthening formula,High,VERIFIED
P014,10.3390/ma17235893,P014_MAT_FE50MN30CO10CR10,,P014_MC_A600,,Value,3.06,as named/reported,MODEL_INPUT,p.11,Dislocation strengthening formula,High,VERIFIED
P014,10.3390/ma17235893,P014_MAT_FE50MN30CO10CR10,,P014_MC_A600,,Value_Status,MODEL_INPUT,as named/reported,MODEL_INPUT,p.11,Dislocation strengthening formula,High,VERIFIED
P014,10.3390/ma17235893,P014_MAT_FE50MN30CO10CR10,,P014_MC_A600,,Method_or_Formula,Dislocation strengthening formula,as named/reported,MODEL_INPUT,p.11,Dislocation strengthening formula,High,VERIFIED
P014,10.3390/ma17235893,P014_MAT_FE50MN30CO10CR10,,P014_MC_A600,,Source_Reference_Status,CURRENT_PAPER_ASSUMPTION,as named/reported,MODEL_INPUT,p.11,Dislocation strengthening formula,High,VERIFIED
P014,10.3390/ma17235893,P014_MAT_FE50MN30CO10CR10,,P014_MC_A600,,Evidence_Location,p.11,as named/reported,MODEL_INPUT,p.11,Dislocation strengthening formula,High,VERIFIED
P014,10.3390/ma17235893,P014_MAT_FE50MN30CO10CR10,,P014_MC_A600,,Confidence,High,as named/reported,MODEL_INPUT,p.11,Dislocation strengthening formula,High,VERIFIED
P014,10.3390/ma17235893,P014_MAT_FE50MN30CO10CR10,,P014_MC_A600,,Leakage_or_Use_Rule,"Preserve as model input, not measured property.",as named/reported,MODEL_INPUT,p.11,Dislocation strengthening formula,High,VERIFIED
P014,10.3390/ma17235893,P014_MAT_FE50MN30CO10CR10,,P014_MC_A600,,Notes,Used in σD=MGαb√ρ.,as named/reported,MODEL_INPUT,p.11,Dislocation strengthening formula,High,VERIFIED
P014,10.3390/ma17235893,P014_MAT_FE50MN30CO10CR10,,P014_MC_A600,,ML_Condition_ID,P014_MC_A600,as named/reported,MODEL_INPUT,p.11,Dislocation strengthening formula,High,VERIFIED
P014,10.3390/ma17235893,P014_MAT_FE50MN30CO10CR10,,P014_MC_A600,,Scope,Strengthening-model input,as named/reported,MODEL_INPUT,p.11,Dislocation strengthening formula,High,VERIFIED
P014,10.3390/ma17235893,P014_MAT_FE50MN30CO10CR10,,P014_MC_A600,,Feature,alpha_constant,as named/reported,MODEL_INPUT,p.11,Dislocation strengthening formula,High,VERIFIED
P014,10.3390/ma17235893,P014_MAT_FE50MN30CO10CR10,,P014_MC_A600,,Value,0.2,as named/reported,MODEL_INPUT,p.11,Dislocation strengthening formula,High,VERIFIED
P014,10.3390/ma17235893,P014_MAT_FE50MN30CO10CR10,,P014_MC_A600,,Value_Status,MODEL_INPUT,as named/reported,MODEL_INPUT,p.11,Dislocation strengthening formula,High,VERIFIED
P014,10.3390/ma17235893,P014_MAT_FE50MN30CO10CR10,,P014_MC_A600,,Method_or_Formula,Dislocation strengthening formula,as named/reported,MODEL_INPUT,p.11,Dislocation strengthening formula,High,VERIFIED
P014,10.3390/ma17235893,P014_MAT_FE50MN30CO10CR10,,P014_MC_A600,,Source_Reference_Status,CURRENT_PAPER_WITH_CITATION,as named/reported,MODEL_INPUT,p.11,Dislocation strengthening formula,High,VERIFIED
P014,10.3390/ma17235893,P014_MAT_FE50MN30CO10CR10,,P014_MC_A600,,Evidence_Location,p.11,as named/reported,MODEL_INPUT,p.11,Dislocation strengthening formula,High,VERIFIED
P014,10.3390/ma17235893,P014_MAT_FE50MN30CO10CR10,,P014_MC_A600,,Confidence,High,as named/reported,MODEL_INPUT,p.11,Dislocation strengthening formula,High,VERIFIED
P014,10.3390/ma17235893,P014_MAT_FE50MN30CO10CR10,,P014_MC_A600,,Leakage_or_Use_Rule,Do not treat as alloy-specific experimental observation.,as named/reported,MODEL_INPUT,p.11,Dislocation strengthening formula,High,VERIFIED
P014,10.3390/ma17235893,P014_MAT_FE50MN30CO10CR10,,P014_MC_A600,,Notes,Dimensionless dislocation-strengthening constant.,as named/reported,MODEL_INPUT,p.11,Dislocation strengthening formula,High,VERIFIED
P014,10.3390/ma17235893,P014_MAT_FE50MN30CO10CR10,,P014_MC_A600,,ML_Condition_ID,P014_MC_A600,as named/reported,SECONDARY_REFERENCE_INPUT,pp.11-12,Dislocation strengthening formula,High,VERIFIED
P014,10.3390/ma17235893,P014_MAT_FE50MN30CO10CR10,,P014_MC_A600,,Scope,Strengthening-model input,as named/reported,SECONDARY_REFERENCE_INPUT,pp.11-12,Dislocation strengthening formula,High,VERIFIED
P014,10.3390/ma17235893,P014_MAT_FE50MN30CO10CR10,,P014_MC_A600,,Feature,Shear_modulus_G,as named/reported,SECONDARY_REFERENCE_INPUT,pp.11-12,Dislocation strengthening formula,High,VERIFIED
P014,10.3390/ma17235893,P014_MAT_FE50MN30CO10CR10,,P014_MC_A600,,Value,76.0,as named/reported,SECONDARY_REFERENCE_INPUT,pp.11-12,Dislocation strengthening formula,High,VERIFIED
P014,10.3390/ma17235893,P014_MAT_FE50MN30CO10CR10,,P014_MC_A600,,Units,GPa,as named/reported,SECONDARY_REFERENCE_INPUT,pp.11-12,Dislocation strengthening formula,High,VERIFIED
P014,10.3390/ma17235893,P014_MAT_FE50MN30CO10CR10,,P014_MC_A600,,Value_Status,SECONDARY_REFERENCE_INPUT,as named/reported,SECONDARY_REFERENCE_INPUT,pp.11-12,Dislocation strengthening formula,High,VERIFIED
P014,10.3390/ma17235893,P014_MAT_FE50MN30CO10CR10,,P014_MC_A600,,Method_or_Formula,Dislocation strengthening formula,as named/reported,SECONDARY_REFERENCE_INPUT,pp.11-12,Dislocation strengthening formula,High,VERIFIED
P014,10.3390/ma17235893,P014_MAT_FE50MN30CO10CR10,,P014_MC_A600,,Source_Reference_Status,SECONDARY_REFERENCE,as named/reported,SECONDARY_REFERENCE_INPUT,pp.11-12,Dislocation strengthening formula,High,VERIFIED
P014,10.3390/ma17235893,P014_MAT_FE50MN30CO10CR10,,P014_MC_A600,,Evidence_Location,pp.11-12,as named/reported,SECONDARY_REFERENCE_INPUT,pp.11-12,Dislocation strengthening formula,High,VERIFIED
P014,10.3390/ma17235893,P014_MAT_FE50MN30CO10CR10,,P014_MC_A600,,Confidence,High,as named/reported,SECONDARY_REFERENCE_INPUT,pp.11-12,Dislocation strengthening formula,High,VERIFIED
P014,10.3390/ma17235893,P014_MAT_FE50MN30CO10CR10,,P014_MC_A600,,Leakage_or_Use_Rule,Do not label as experimentally measured in P014.,as named/reported,SECONDARY_REFERENCE_INPUT,pp.11-12,Dislocation strengthening formula,High,VERIFIED
P014,10.3390/ma17235893,P014_MAT_FE50MN30CO10CR10,,P014_MC_A600,,Notes,Cited from Ref.38.,as named/reported,SECONDARY_REFERENCE_INPUT,pp.11-12,Dislocation strengthening formula,High,VERIFIED
P014,10.3390/ma17235893,P014_MAT_FE50MN30CO10CR10,,P014_MC_A600,,ML_Condition_ID,P014_MC_A600,as named/reported,SECONDARY_REFERENCE_INPUT,p.12,Hall-Petch equation,High,VERIFIED
P014,10.3390/ma17235893,P014_MAT_FE50MN30CO10CR10,,P014_MC_A600,,Scope,Strengthening-model input,as named/reported,SECONDARY_REFERENCE_INPUT,p.12,Hall-Petch equation,High,VERIFIED
P014,10.3390/ma17235893,P014_MAT_FE50MN30CO10CR10,,P014_MC_A600,,Feature,Hall_Petch_k,as named/reported,SECONDARY_REFERENCE_INPUT,p.12,Hall-Petch equation,High,VERIFIED
P014,10.3390/ma17235893,P014_MAT_FE50MN30CO10CR10,,P014_MC_A600,,Value,226.0,as named/reported,SECONDARY_REFERENCE_INPUT,p.12,Hall-Petch equation,High,VERIFIED
P014,10.3390/ma17235893,P014_MAT_FE50MN30CO10CR10,,P014_MC_A600,,Units,MPa/um^0.5,as named/reported,SECONDARY_REFERENCE_INPUT,p.12,Hall-Petch equation,High,VERIFIED
P014,10.3390/ma17235893,P014_MAT_FE50MN30CO10CR10,,P014_MC_A600,,Value_Status,SECONDARY_REFERENCE_INPUT,as named/reported,SECONDARY_REFERENCE_INPUT,p.12,Hall-Petch equation,High,VERIFIED
P014,10.3390/ma17235893,P014_MAT_FE50MN30CO10CR10,,P014_MC_A600,,Method_or_Formula,Hall-Petch equation,as named/reported,SECONDARY_REFERENCE_INPUT,p.12,Hall-Petch equation,High,VERIFIED
P014,10.3390/ma17235893,P014_MAT_FE50MN30CO10CR10,,P014_MC_A600,,Source_Reference_Status,SECONDARY_REFERENCE,as named/reported,SECONDARY_REFERENCE_INPUT,p.12,Hall-Petch equation,High,VERIFIED
P014,10.3390/ma17235893,P014_MAT_FE50MN30CO10CR10,,P014_MC_A600,,Evidence_Location,p.12,as named/reported,SECONDARY_REFERENCE_INPUT,p.12,Hall-Petch equation,High,VERIFIED
P014,10.3390/ma17235893,P014_MAT_FE50MN30CO10CR10,,P014_MC_A600,,Confidence,High,as named/reported,SECONDARY_REFERENCE_INPUT,p.12,Hall-Petch equation,High,VERIFIED
P014,10.3390/ma17235893,P014_MAT_FE50MN30CO10CR10,,P014_MC_A600,,Leakage_or_Use_Rule,Reference constant; exclude from paper-specific experimental feature completeness.,as named/reported,SECONDARY_REFERENCE_INPUT,p.12,Hall-Petch equation,High,VERIFIED
P014,10.3390/ma17235893,P014_MAT_FE50MN30CO10CR10,,P014_MC_A600,,Notes,Cited from Ref.39.,as named/reported,SECONDARY_REFERENCE_INPUT,p.12,Hall-Petch equation,High,VERIFIED
P014,10.3390/ma17235893,P014_MAT_FE50MN30CO10CR10,,P014_MC_A600,,ML_Condition_ID,P014_MC_A600,as named/reported,CURRENT_PAPER_MICROSTRUCTURE_INPUT,p.12,Average grain size used in Hall-Petch term,High,VERIFIED
P014,10.3390/ma17235893,P014_MAT_FE50MN30CO10CR10,,P014_MC_A600,,Scope,A600 recrystallized region,as named/reported,CURRENT_PAPER_MICROSTRUCTURE_INPUT,p.12,Average grain size used in Hall-Petch term,High,VERIFIED
P014,10.3390/ma17235893,P014_MAT_FE50MN30CO10CR10,,P014_MC_A600,,Feature,Hall_Petch_d,as named/reported,CURRENT_PAPER_MICROSTRUCTURE_INPUT,p.12,Average grain size used in Hall-Petch term,High,VERIFIED
P014,10.3390/ma17235893,P014_MAT_FE50MN30CO10CR10,,P014_MC_A600,,Value,0.79,as named/reported,CURRENT_PAPER_MICROSTRUCTURE_INPUT,p.12,Average grain size used in Hall-Petch term,High,VERIFIED
P014,10.3390/ma17235893,P014_MAT_FE50MN30CO10CR10,,P014_MC_A600,,Units,um,as named/reported,CURRENT_PAPER_MICROSTRUCTURE_INPUT,p.12,Average grain size used in Hall-Petch term,High,VERIFIED
P014,10.3390/ma17235893,P014_MAT_FE50MN30CO10CR10,,P014_MC_A600,,Value_Status,CURRENT_PAPER_MICROSTRUCTURE_INPUT,as named/reported,CURRENT_PAPER_MICROSTRUCTURE_INPUT,p.12,Average grain size used in Hall-Petch term,High,VERIFIED
P014,10.3390/ma17235893,P014_MAT_FE50MN30CO10CR10,,P014_MC_A600,,Method_or_Formula,Average grain size used in Hall-Petch term,as named/reported,CURRENT_PAPER_MICROSTRUCTURE_INPUT,p.12,Average grain size used in Hall-Petch term,High,VERIFIED
P014,10.3390/ma17235893,P014_MAT_FE50MN30CO10CR10,,P014_MC_A600,,Source_Reference_Status,CURRENT_PAPER,as named/reported,CURRENT_PAPER_MICROSTRUCTURE_INPUT,p.12,Average grain size used in Hall-Petch term,High,VERIFIED
P014,10.3390/ma17235893,P014_MAT_FE50MN30CO10CR10,,P014_MC_A600,,Evidence_Location,p.12,as named/reported,CURRENT_PAPER_MICROSTRUCTURE_INPUT,p.12,Average grain size used in Hall-Petch term,High,VERIFIED
P014,10.3390/ma17235893,P014_MAT_FE50MN30CO10CR10,,P014_MC_A600,,Confidence,High,as named/reported,CURRENT_PAPER_MICROSTRUCTURE_INPUT,p.12,Average grain size used in Hall-Petch term,High,VERIFIED
P014,10.3390/ma17235893,P014_MAT_FE50MN30CO10CR10,,P014_MC_A600,,Leakage_or_Use_Rule,Same numerical value as reported A600 average grain size; retain scope used in strengthening model.,as named/reported,CURRENT_PAPER_MICROSTRUCTURE_INPUT,p.12,Average grain size used in Hall-Petch term,High,VERIFIED
P014,10.3390/ma17235893,P014_MAT_FE50MN30CO10CR10,,P014_MC_A600,,Notes,Paper calls d the average grain size of recrystallization region.,as named/reported,CURRENT_PAPER_MICROSTRUCTURE_INPUT,p.12,Average grain size used in Hall-Petch term,High,VERIFIED
P014,10.3390/ma17235893,P014_MAT_FE50MN30CO10CR10,,All states,,ML_Condition_ID,All states,as named/reported,NOT_REPORTED,Main paper,No numeric SFE in main paper,High,VERIFIED
P014,10.3390/ma17235893,P014_MAT_FE50MN30CO10CR10,,All states,,Scope,Alloy-level,as named/reported,NOT_REPORTED,Main paper,No numeric SFE in main paper,High,VERIFIED
P014,10.3390/ma17235893,P014_MAT_FE50MN30CO10CR10,,All states,,Feature,SFE,as named/reported,NOT_REPORTED,Main paper,No numeric SFE in main paper,High,VERIFIED
P014,10.3390/ma17235893,P014_MAT_FE50MN30CO10CR10,,All states,,Units,mJ/m2,as named/reported,NOT_REPORTED,Main paper,No numeric SFE in main paper,High,VERIFIED
P014,10.3390/ma17235893,P014_MAT_FE50MN30CO10CR10,,All states,,Value_Status,NOT_REPORTED,as named/reported,NOT_REPORTED,Main paper,No numeric SFE in main paper,High,VERIFIED
P014,10.3390/ma17235893,P014_MAT_FE50MN30CO10CR10,,All states,,Method_or_Formula,No numeric SFE in main paper,as named/reported,NOT_REPORTED,Main paper,No numeric SFE in main paper,High,VERIFIED
P014,10.3390/ma17235893,P014_MAT_FE50MN30CO10CR10,,All states,,Source_Reference_Status,NOT_AVAILABLE,as named/reported,NOT_REPORTED,Main paper,No numeric SFE in main paper,High,VERIFIED
P014,10.3390/ma17235893,P014_MAT_FE50MN30CO10CR10,,All states,,Evidence_Location,Main paper,as named/reported,NOT_REPORTED,Main paper,No numeric SFE in main paper,High,VERIFIED
P014,10.3390/ma17235893,P014_MAT_FE50MN30CO10CR10,,All states,,Confidence,High,as named/reported,NOT_REPORTED,Main paper,No numeric SFE in main paper,High,VERIFIED
P014,10.3390/ma17235893,P014_MAT_FE50MN30CO10CR10,,All states,,Leakage_or_Use_Rule,Do not import SFE from another FeMnCoCr paper.,as named/reported,NOT_REPORTED,Main paper,No numeric SFE in main paper,High,VERIFIED
P014,10.3390/ma17235893,P014_MAT_FE50MN30CO10CR10,,All states,,Notes,Leave NA.,as named/reported,NOT_REPORTED,Main paper,No numeric SFE in main paper,High,VERIFIED
P014,10.3390/ma17235893,P014_MAT_FE50MN30CO10CR10,,All states,,ML_Condition_ID,All states,as named/reported,NOT_REPORTED,Main paper,No numeric DeltaG in main paper,High,VERIFIED
P014,10.3390/ma17235893,P014_MAT_FE50MN30CO10CR10,,All states,,Scope,Alloy-level,as named/reported,NOT_REPORTED,Main paper,No numeric DeltaG in main paper,High,VERIFIED
P014,10.3390/ma17235893,P014_MAT_FE50MN30CO10CR10,,All states,,Feature,DeltaG_fcc_hcp,as named/reported,NOT_REPORTED,Main paper,No numeric DeltaG in main paper,High,VERIFIED
P014,10.3390/ma17235893,P014_MAT_FE50MN30CO10CR10,,All states,,Units,J/mol,as named/reported,NOT_REPORTED,Main paper,No numeric DeltaG in main paper,High,VERIFIED
P014,10.3390/ma17235893,P014_MAT_FE50MN30CO10CR10,,All states,,Value_Status,NOT_REPORTED,as named/reported,NOT_REPORTED,Main paper,No numeric DeltaG in main paper,High,VERIFIED
P014,10.3390/ma17235893,P014_MAT_FE50MN30CO10CR10,,All states,,Method_or_Formula,No numeric DeltaG in main paper,as named/reported,NOT_REPORTED,Main paper,No numeric DeltaG in main paper,High,VERIFIED
P014,10.3390/ma17235893,P014_MAT_FE50MN30CO10CR10,,All states,,Source_Reference_Status,NOT_AVAILABLE,as named/reported,NOT_REPORTED,Main paper,No numeric DeltaG in main paper,High,VERIFIED
P014,10.3390/ma17235893,P014_MAT_FE50MN30CO10CR10,,All states,,Evidence_Location,Main paper,as named/reported,NOT_REPORTED,Main paper,No numeric DeltaG in main paper,High,VERIFIED
P014,10.3390/ma17235893,P014_MAT_FE50MN30CO10CR10,,All states,,Confidence,High,as named/reported,NOT_REPORTED,Main paper,No numeric DeltaG in main paper,High,VERIFIED
P014,10.3390/ma17235893,P014_MAT_FE50MN30CO10CR10,,All states,,Leakage_or_Use_Rule,Do not infer from TRIP behavior.,as named/reported,NOT_REPORTED,Main paper,No numeric DeltaG in main paper,High,VERIFIED
P014,10.3390/ma17235893,P014_MAT_FE50MN30CO10CR10,,All states,,Notes,Leave NA.,as named/reported,NOT_REPORTED,Main paper,No numeric DeltaG in main paper,High,VERIFIED
P014,10.3390/ma17235893,P014_MAT_FE50MN30CO10CR10,,,,Issue_ID,C001,as named/reported,VERIFIED_WORKBOOK,Figs.1-2; pp.3-5,source-reported,High,VERIFIED
P014,10.3390/ma17235893,P014_MAT_FE50MN30CO10CR10,,,,Scope,A650 initial phase,as named/reported,VERIFIED_WORKBOOK,Figs.1-2; pp.3-5,source-reported,High,VERIFIED
P014,10.3390/ma17235893,P014_MAT_FE50MN30CO10CR10,,,,Source_A,Text/XRD: annealed samples have a single FCC phase and no HCP peak,as named/reported,VERIFIED_WORKBOOK,Figs.1-2; pp.3-5,source-reported,High,VERIFIED
P014,10.3390/ma17235893,P014_MAT_FE50MN30CO10CR10,,,,Source_B,"EBSD Fig.2(d1): FCC 99.9%, HCP 0.1%",as named/reported,VERIFIED_WORKBOOK,Figs.1-2; pp.3-5,source-reported,High,VERIFIED
P014,10.3390/ma17235893,P014_MAT_FE50MN30CO10CR10,,,,Decision,Preserve both; canonical numeric EBSD trace HCP=0.001 with explicit conflict status,as named/reported,VERIFIED_WORKBOOK,Figs.1-2; pp.3-5,source-reported,High,VERIFIED
P014,10.3390/ma17235893,P014_MAT_FE50MN30CO10CR10,,,,Severity,MAJOR,as named/reported,VERIFIED_WORKBOOK,Figs.1-2; pp.3-5,source-reported,High,VERIFIED
P014,10.3390/ma17235893,P014_MAT_FE50MN30CO10CR10,,,,Why,The two modalities/text descriptions are not exactly identical and 0.1% may reflect trace classification/noise.,as named/reported,VERIFIED_WORKBOOK,Figs.1-2; pp.3-5,source-reported,High,VERIFIED
P014,10.3390/ma17235893,P014_MAT_FE50MN30CO10CR10,,,,Implementation_Rule,Never silently round A650 HCP to 0 or call 0.1% definitive bulk HCP without provenance.,as named/reported,VERIFIED_WORKBOOK,Figs.1-2; pp.3-5,source-reported,High,VERIFIED
P014,10.3390/ma17235893,P014_MAT_FE50MN30CO10CR10,,,,Evidence_Location,Figs.1-2; pp.3-5,as named/reported,VERIFIED_WORKBOOK,Figs.1-2; pp.3-5,source-reported,High,VERIFIED
P014,10.3390/ma17235893,P014_MAT_FE50MN30CO10CR10,,,,Issue_ID,C002,as named/reported,VERIFIED_WORKBOOK,Fig.8; pp.8-9,source-reported,High,VERIFIED
P014,10.3390/ma17235893,P014_MAT_FE50MN30CO10CR10,,,,Scope,A600 15% twins,as named/reported,VERIFIED_WORKBOOK,Fig.8; pp.8-9,source-reported,High,VERIFIED
P014,10.3390/ma17235893,P014_MAT_FE50MN30CO10CR10,,,,Source_A,Text/Fig.8 explicitly labels observed twins as annealing twins,as named/reported,VERIFIED_WORKBOOK,Fig.8; pp.8-9,source-reported,High,VERIFIED
P014,10.3390/ma17235893,P014_MAT_FE50MN30CO10CR10,,,,Source_B,"SAED shows twin diffraction, but deformation-twin origin at 15% is not explicitly established",as named/reported,VERIFIED_WORKBOOK,Fig.8; pp.8-9,source-reported,High,VERIFIED
P014,10.3390/ma17235893,P014_MAT_FE50MN30CO10CR10,,,,Decision,TRIP_at_stage=1; TWIP_at_stage=NA,as named/reported,VERIFIED_WORKBOOK,Fig.8; pp.8-9,source-reported,High,VERIFIED
P014,10.3390/ma17235893,P014_MAT_FE50MN30CO10CR10,,,,Severity,MAJOR,as named/reported,VERIFIED_WORKBOOK,Fig.8; pp.8-9,source-reported,High,VERIFIED
P014,10.3390/ma17235893,P014_MAT_FE50MN30CO10CR10,,,,Why,Twin presence alone is not equivalent to deformation TWIP if the twin is pre-existing/annealing in origin.,as named/reported,VERIFIED_WORKBOOK,Fig.8; pp.8-9,source-reported,High,VERIFIED
P014,10.3390/ma17235893,P014_MAT_FE50MN30CO10CR10,,,,Implementation_Rule,Only promote A600 TWIP=1 at stages with direct deformation-twin evidence (30% and fracture).,as named/reported,VERIFIED_WORKBOOK,Fig.8; pp.8-9,source-reported,High,VERIFIED
P014,10.3390/ma17235893,P014_MAT_FE50MN30CO10CR10,,,,Evidence_Location,Fig.8; pp.8-9,as named/reported,VERIFIED_WORKBOOK,Fig.8; pp.8-9,source-reported,High,VERIFIED
P014,10.3390/ma17235893,P014_MAT_FE50MN30CO10CR10,,,,Issue_ID,C003,as named/reported,VERIFIED_WORKBOOK,Figs.2-3; pp.4-5,source-reported,High,VERIFIED
P014,10.3390/ma17235893,P014_MAT_FE50MN30CO10CR10,,,,Scope,CR mechanism history,as named/reported,VERIFIED_WORKBOOK,Figs.2-3; pp.4-5,source-reported,High,VERIFIED
P014,10.3390/ma17235893,P014_MAT_FE50MN30CO10CR10,,,,Source_A,TEM shows deformation twins and FCC→HCP generated by cold rolling,as named/reported,VERIFIED_WORKBOOK,Figs.2-3; pp.4-5,source-reported,High,VERIFIED
P014,10.3390/ma17235893,P014_MAT_FE50MN30CO10CR10,,,,Source_B,CR tensile target is a later separate test condition,as named/reported,VERIFIED_WORKBOOK,Figs.2-3; pp.4-5,source-reported,High,VERIFIED
P014,10.3390/ma17235893,P014_MAT_FE50MN30CO10CR10,,,,Decision,Store as processing history; keep tensile TRIP/TWIP NA,as named/reported,VERIFIED_WORKBOOK,Figs.2-3; pp.4-5,source-reported,High,VERIFIED
P014,10.3390/ma17235893,P014_MAT_FE50MN30CO10CR10,,,,Severity,CRITICAL,as named/reported,VERIFIED_WORKBOOK,Figs.2-3; pp.4-5,source-reported,High,VERIFIED
P014,10.3390/ma17235893,P014_MAT_FE50MN30CO10CR10,,,,Why,Otherwise pre-test processing mechanisms would leak into tensile mechanism labels.,as named/reported,VERIFIED_WORKBOOK,Figs.2-3; pp.4-5,source-reported,High,VERIFIED
P014,10.3390/ma17235893,P014_MAT_FE50MN30CO10CR10,,,,Implementation_Rule,Separate Processing_TRIP/TWIP from Effective_TRIP/TWIP.,as named/reported,VERIFIED_WORKBOOK,Figs.2-3; pp.4-5,source-reported,High,VERIFIED
P014,10.3390/ma17235893,P014_MAT_FE50MN30CO10CR10,,,,Evidence_Location,Figs.2-3; pp.4-5,as named/reported,VERIFIED_WORKBOOK,Figs.2-3; pp.4-5,source-reported,High,VERIFIED
P014,10.3390/ma17235893,P014_MAT_FE50MN30CO10CR10,,,,Issue_ID,C004,as named/reported,VERIFIED_WORKBOOK,Methods p.3,source-reported,High,VERIFIED
P014,10.3390/ma17235893,P014_MAT_FE50MN30CO10CR10,,,,Scope,Tensile temperature,as named/reported,VERIFIED_WORKBOOK,Methods p.3,source-reported,High,VERIFIED
P014,10.3390/ma17235893,P014_MAT_FE50MN30CO10CR10,,,,Source_A,Methods report machine and strain rate,as named/reported,VERIFIED_WORKBOOK,Methods p.3,source-reported,High,VERIFIED
P014,10.3390/ma17235893,P014_MAT_FE50MN30CO10CR10,,,,Source_B,No explicit tensile test temperature is stated,as named/reported,VERIFIED_WORKBOOK,Methods p.3,source-reported,High,VERIFIED
P014,10.3390/ma17235893,P014_MAT_FE50MN30CO10CR10,,,,Decision,Test_T_K=NA; Test_T_Raw='Not explicitly specified',as named/reported,VERIFIED_WORKBOOK,Methods p.3,source-reported,High,VERIFIED
P014,10.3390/ma17235893,P014_MAT_FE50MN30CO10CR10,,,,Severity,MAJOR,as named/reported,VERIFIED_WORKBOOK,Methods p.3,source-reported,High,VERIFIED
P014,10.3390/ma17235893,P014_MAT_FE50MN30CO10CR10,,,,Why,Do not infer 298 K solely from ordinary laboratory testing.,as named/reported,VERIFIED_WORKBOOK,Methods p.3,source-reported,High,VERIFIED
P014,10.3390/ma17235893,P014_MAT_FE50MN30CO10CR10,,,,Implementation_Rule,"Any future standard RT value must be a derived standardized field, not direct-source evidence.",as named/reported,VERIFIED_WORKBOOK,Methods p.3,source-reported,High,VERIFIED
P014,10.3390/ma17235893,P014_MAT_FE50MN30CO10CR10,,,,Evidence_Location,Methods p.3,as named/reported,VERIFIED_WORKBOOK,Methods p.3,source-reported,High,VERIFIED
P014,10.3390/ma17235893,P014_MAT_FE50MN30CO10CR10,,,,Issue_ID,C005,as named/reported,VERIFIED_WORKBOOK,Methods p.3; Table 1 p.6,source-reported,High,VERIFIED
P014,10.3390/ma17235893,P014_MAT_FE50MN30CO10CR10,,,,Scope,Reported ± tensile values,as named/reported,VERIFIED_WORKBOOK,Methods p.3; Table 1 p.6,source-reported,High,VERIFIED
P014,10.3390/ma17235893,P014_MAT_FE50MN30CO10CR10,,,,Source_A,Three tensile samples per alloy are reported,as named/reported,VERIFIED_WORKBOOK,Methods p.3; Table 1 p.6,source-reported,High,VERIFIED
P014,10.3390/ma17235893,P014_MAT_FE50MN30CO10CR10,,,,Source_B,Table 1 reports means ± values but does not define SD/SE/range,as named/reported,VERIFIED_WORKBOOK,Methods p.3; Table 1 p.6,source-reported,High,VERIFIED
P014,10.3390/ma17235893,P014_MAT_FE50MN30CO10CR10,,,,Decision,Replicate_n=3; uncertainty_type=UNKNOWN_REPORTED_PM; no pseudo-replicates,as named/reported,VERIFIED_WORKBOOK,Methods p.3; Table 1 p.6,source-reported,High,VERIFIED
P014,10.3390/ma17235893,P014_MAT_FE50MN30CO10CR10,,,,Severity,MAJOR,as named/reported,VERIFIED_WORKBOOK,Methods p.3; Table 1 p.6,source-reported,High,VERIFIED
P014,10.3390/ma17235893,P014_MAT_FE50MN30CO10CR10,,,,Why,The statistic represented by ± is not defined.,as named/reported,VERIFIED_WORKBOOK,Methods p.3; Table 1 p.6,source-reported,High,VERIFIED
P014,10.3390/ma17235893,P014_MAT_FE50MN30CO10CR10,,,,Implementation_Rule,Do not expand ± into individual specimens or call it SD/SE.,as named/reported,VERIFIED_WORKBOOK,Methods p.3; Table 1 p.6,source-reported,High,VERIFIED
P014,10.3390/ma17235893,P014_MAT_FE50MN30CO10CR10,,,,Evidence_Location,Methods p.3; Table 1 p.6,as named/reported,VERIFIED_WORKBOOK,Methods p.3; Table 1 p.6,source-reported,High,VERIFIED
P014,10.3390/ma17235893,P014_MAT_FE50MN30CO10CR10,,,,Priority,P0,as named/reported,VERIFIED_WORKBOOK,Methods + Table 1,source-reported,High,VERIFIED
P014,10.3390/ma17235893,P014_MAT_FE50MN30CO10CR10,,,,Decision_ID,D001,as named/reported,VERIFIED_WORKBOOK,Methods + Table 1,source-reported,High,VERIFIED
P014,10.3390/ma17235893,P014_MAT_FE50MN30CO10CR10,,,,Decision,"Create five independent tensile conditions: as-cast, CR, A600, A650, A700.",as named/reported,VERIFIED_WORKBOOK,Methods + Table 1,source-reported,High,VERIFIED
P014,10.3390/ma17235893,P014_MAT_FE50MN30CO10CR10,,,,Status,READY,as named/reported,VERIFIED_WORKBOOK,Methods + Table 1,source-reported,High,VERIFIED
P014,10.3390/ma17235893,P014_MAT_FE50MN30CO10CR10,,,,Scientific_Rationale,All five source states have distinct reported tensile properties under the same reported strain rate.,as named/reported,VERIFIED_WORKBOOK,Methods + Table 1,source-reported,High,VERIFIED
P014,10.3390/ma17235893,P014_MAT_FE50MN30CO10CR10,,,,Implementation_Rule,Each state gets one ML_Condition_ID; replicate_n=3 remains metadata only.,as named/reported,VERIFIED_WORKBOOK,Methods + Table 1,source-reported,High,VERIFIED
P014,10.3390/ma17235893,P014_MAT_FE50MN30CO10CR10,,,,Evidence_Location,Methods + Table 1,as named/reported,VERIFIED_WORKBOOK,Methods + Table 1,source-reported,High,VERIFIED
P014,10.3390/ma17235893,P014_MAT_FE50MN30CO10CR10,,,,Priority,P0,as named/reported,VERIFIED_WORKBOOK,Figs.7-10,source-reported,High,VERIFIED
P014,10.3390/ma17235893,P014_MAT_FE50MN30CO10CR10,,,,Decision_ID,D002,as named/reported,VERIFIED_WORKBOOK,Figs.7-10,source-reported,High,VERIFIED
P014,10.3390/ma17235893,P014_MAT_FE50MN30CO10CR10,,,,Decision,Only A600 receives verified condition-level TRIP=1/TWIP=1.,as named/reported,VERIFIED_WORKBOOK,Figs.7-10,source-reported,High,VERIFIED
P014,10.3390/ma17235893,P014_MAT_FE50MN30CO10CR10,,,,Status,READY,as named/reported,VERIFIED_WORKBOOK,Figs.7-10,source-reported,High,VERIFIED
P014,10.3390/ma17235893,P014_MAT_FE50MN30CO10CR10,,,,Scientific_Rationale,Only A600 has direct post-tensile EBSD/TEM evolution showing FCC→HCP and deformation twins.,as named/reported,VERIFIED_WORKBOOK,Figs.7-10,source-reported,High,VERIFIED
P014,10.3390/ma17235893,P014_MAT_FE50MN30CO10CR10,,,,Implementation_Rule,As-cast/CR/A650/A700 targets remain NA unless condition-specific post-tensile evidence is later recovered.,as named/reported,VERIFIED_WORKBOOK,Figs.7-10,source-reported,High,VERIFIED
P014,10.3390/ma17235893,P014_MAT_FE50MN30CO10CR10,,,,Evidence_Location,Figs.7-10,as named/reported,VERIFIED_WORKBOOK,Figs.7-10,source-reported,High,VERIFIED
P014,10.3390/ma17235893,P014_MAT_FE50MN30CO10CR10,,,,Priority,P0,as named/reported,VERIFIED_WORKBOOK,Figs.2-3,source-reported,High,VERIFIED
P014,10.3390/ma17235893,P014_MAT_FE50MN30CO10CR10,,,,Decision_ID,D003,as named/reported,VERIFIED_WORKBOOK,Figs.2-3,source-reported,High,VERIFIED
P014,10.3390/ma17235893,P014_MAT_FE50MN30CO10CR10,,,,Decision,CR processing-induced TRIP/TWIP must not become tensile targets.,as named/reported,VERIFIED_WORKBOOK,Figs.2-3,source-reported,High,VERIFIED
P014,10.3390/ma17235893,P014_MAT_FE50MN30CO10CR10,,,,Status,READY,as named/reported,VERIFIED_WORKBOOK,Figs.2-3,source-reported,High,VERIFIED
P014,10.3390/ma17235893,P014_MAT_FE50MN30CO10CR10,,,,Scientific_Rationale,CR already contains deformation twins and 26.1% HCP before its tensile test.,as named/reported,VERIFIED_WORKBOOK,Figs.2-3,source-reported,High,VERIFIED
P014,10.3390/ma17235893,P014_MAT_FE50MN30CO10CR10,,,,Implementation_Rule,Store Processing_TRIP=1 and Processing_TWIP=1 separately; Effective tensile targets remain NA.,as named/reported,VERIFIED_WORKBOOK,Figs.2-3,source-reported,High,VERIFIED
P014,10.3390/ma17235893,P014_MAT_FE50MN30CO10CR10,,,,Evidence_Location,Figs.2-3,as named/reported,VERIFIED_WORKBOOK,Figs.2-3,source-reported,High,VERIFIED
P014,10.3390/ma17235893,P014_MAT_FE50MN30CO10CR10,,,,Priority,P0,as named/reported,VERIFIED_WORKBOOK,Figs.7-10,source-reported,High,VERIFIED
P014,10.3390/ma17235893,P014_MAT_FE50MN30CO10CR10,,,,Decision_ID,D004,as named/reported,VERIFIED_WORKBOOK,Figs.7-10,source-reported,High,VERIFIED
P014,10.3390/ma17235893,P014_MAT_FE50MN30CO10CR10,,,,Decision,"A600 stage hierarchy uses 0%, 15%, 30%, and fracture as correlated children.",as named/reported,VERIFIED_WORKBOOK,Figs.7-10,source-reported,High,VERIFIED
P014,10.3390/ma17235893,P014_MAT_FE50MN30CO10CR10,,,,Status,READY,as named/reported,VERIFIED_WORKBOOK,Figs.7-10,source-reported,High,VERIFIED
P014,10.3390/ma17235893,P014_MAT_FE50MN30CO10CR10,,,,Scientific_Rationale,These are sequential observations of one A600 tensile condition.,as named/reported,VERIFIED_WORKBOOK,Figs.7-10,source-reported,High,VERIFIED
P014,10.3390/ma17235893,P014_MAT_FE50MN30CO10CR10,,,,Implementation_Rule,All stage rows Independent_ML_sample=False.,as named/reported,VERIFIED_WORKBOOK,Figs.7-10,source-reported,High,VERIFIED
P014,10.3390/ma17235893,P014_MAT_FE50MN30CO10CR10,,,,Evidence_Location,Figs.7-10,as named/reported,VERIFIED_WORKBOOK,Figs.7-10,source-reported,High,VERIFIED
P014,10.3390/ma17235893,P014_MAT_FE50MN30CO10CR10,,,,Priority,P1,as named/reported,VERIFIED_WORKBOOK,Figs.8-10,source-reported,High,VERIFIED
P014,10.3390/ma17235893,P014_MAT_FE50MN30CO10CR10,,,,Decision_ID,D005,as named/reported,VERIFIED_WORKBOOK,Figs.8-10,source-reported,High,VERIFIED
P014,10.3390/ma17235893,P014_MAT_FE50MN30CO10CR10,,,,Decision,"At A600 15%, TWIP remains NA.",as named/reported,VERIFIED_WORKBOOK,Figs.8-10,source-reported,High,VERIFIED
P014,10.3390/ma17235893,P014_MAT_FE50MN30CO10CR10,,,,Status,READY,as named/reported,VERIFIED_WORKBOOK,Figs.8-10,source-reported,High,VERIFIED
P014,10.3390/ma17235893,P014_MAT_FE50MN30CO10CR10,,,,Scientific_Rationale,Observed twins are explicitly described as annealing twins; deformation-twin activation is directly confirmed only at higher strain.,as named/reported,VERIFIED_WORKBOOK,Figs.8-10,source-reported,High,VERIFIED
P014,10.3390/ma17235893,P014_MAT_FE50MN30CO10CR10,,,,Implementation_Rule,TRIP=1/TWIP=NA at 15%; 30% and fracture are TRIP=1/TWIP=1.,as named/reported,VERIFIED_WORKBOOK,Figs.8-10,source-reported,High,VERIFIED
P014,10.3390/ma17235893,P014_MAT_FE50MN30CO10CR10,,,,Evidence_Location,Figs.8-10,as named/reported,VERIFIED_WORKBOOK,Figs.8-10,source-reported,High,VERIFIED
P014,10.3390/ma17235893,P014_MAT_FE50MN30CO10CR10,,,,Priority,P1,as named/reported,VERIFIED_WORKBOOK,Figs.1-2,source-reported,High,VERIFIED
P014,10.3390/ma17235893,P014_MAT_FE50MN30CO10CR10,,,,Decision_ID,D006,as named/reported,VERIFIED_WORKBOOK,Figs.1-2,source-reported,High,VERIFIED
P014,10.3390/ma17235893,P014_MAT_FE50MN30CO10CR10,,,,Decision,Preserve A650 trace HCP 0.1% and single-FCC text/XRD inconsistency.,as named/reported,VERIFIED_WORKBOOK,Figs.1-2,source-reported,High,VERIFIED
P014,10.3390/ma17235893,P014_MAT_FE50MN30CO10CR10,,,,Status,READY,as named/reported,VERIFIED_WORKBOOK,Figs.1-2,source-reported,High,VERIFIED
P014,10.3390/ma17235893,P014_MAT_FE50MN30CO10CR10,,,,Scientific_Rationale,EBSD and XRD/text do not report exactly the same phase description.,as named/reported,VERIFIED_WORKBOOK,Figs.1-2,source-reported,High,VERIFIED
P014,10.3390/ma17235893,P014_MAT_FE50MN30CO10CR10,,,,Implementation_Rule,Use provenance/status rather than silently forcing a consensus.,as named/reported,VERIFIED_WORKBOOK,Figs.1-2,source-reported,High,VERIFIED
P014,10.3390/ma17235893,P014_MAT_FE50MN30CO10CR10,,,,Evidence_Location,Figs.1-2,as named/reported,VERIFIED_WORKBOOK,Figs.1-2,source-reported,High,VERIFIED
P014,10.3390/ma17235893,P014_MAT_FE50MN30CO10CR10,,,,Priority,P1,as named/reported,VERIFIED_WORKBOOK,Methods p.3,source-reported,High,VERIFIED
P014,10.3390/ma17235893,P014_MAT_FE50MN30CO10CR10,,,,Decision_ID,D007,as named/reported,VERIFIED_WORKBOOK,Methods p.3,source-reported,High,VERIFIED
P014,10.3390/ma17235893,P014_MAT_FE50MN30CO10CR10,,,,Decision,Do not assume tensile test temperature.,as named/reported,VERIFIED_WORKBOOK,Methods p.3,source-reported,High,VERIFIED
P014,10.3390/ma17235893,P014_MAT_FE50MN30CO10CR10,,,,Status,READY,as named/reported,VERIFIED_WORKBOOK,Methods p.3,source-reported,High,VERIFIED
P014,10.3390/ma17235893,P014_MAT_FE50MN30CO10CR10,,,,Scientific_Rationale,No explicit tensile temperature is stated in Methods.,as named/reported,VERIFIED_WORKBOOK,Methods p.3,source-reported,High,VERIFIED
P014,10.3390/ma17235893,P014_MAT_FE50MN30CO10CR10,,,,Implementation_Rule,Test_T_K remains NA for all P014 tensile conditions.,as named/reported,VERIFIED_WORKBOOK,Methods p.3,source-reported,High,VERIFIED
P014,10.3390/ma17235893,P014_MAT_FE50MN30CO10CR10,,,,Evidence_Location,Methods p.3,as named/reported,VERIFIED_WORKBOOK,Methods p.3,source-reported,High,VERIFIED
P014,10.3390/ma17235893,P014_MAT_FE50MN30CO10CR10,,,,Priority,P1,as named/reported,VERIFIED_WORKBOOK,Methods + Table 1,source-reported,High,VERIFIED
P014,10.3390/ma17235893,P014_MAT_FE50MN30CO10CR10,,,,Decision_ID,D008,as named/reported,VERIFIED_WORKBOOK,Methods + Table 1,source-reported,High,VERIFIED
P014,10.3390/ma17235893,P014_MAT_FE50MN30CO10CR10,,,,Decision,Use replicate_n=3 without pseudo-replicates; ± statistic type remains unknown.,as named/reported,VERIFIED_WORKBOOK,Methods + Table 1,source-reported,High,VERIFIED
P014,10.3390/ma17235893,P014_MAT_FE50MN30CO10CR10,,,,Status,READY,as named/reported,VERIFIED_WORKBOOK,Methods + Table 1,source-reported,High,VERIFIED
P014,10.3390/ma17235893,P014_MAT_FE50MN30CO10CR10,,,,Scientific_Rationale,Three tensile specimens are reported but individual values/statistic definition are not.,as named/reported,VERIFIED_WORKBOOK,Methods + Table 1,source-reported,High,VERIFIED
P014,10.3390/ma17235893,P014_MAT_FE50MN30CO10CR10,,,,Implementation_Rule,"Keep condition-level mean ± values, n=3, Replicate_ID=NA.",as named/reported,VERIFIED_WORKBOOK,Methods + Table 1,source-reported,High,VERIFIED
P014,10.3390/ma17235893,P014_MAT_FE50MN30CO10CR10,,,,Evidence_Location,Methods + Table 1,as named/reported,VERIFIED_WORKBOOK,Methods + Table 1,source-reported,High,VERIFIED
P014,10.3390/ma17235893,P014_MAT_FE50MN30CO10CR10,,,,Priority,P1,as named/reported,VERIFIED_WORKBOOK,Fig.11; p.12,source-reported,High,VERIFIED
P014,10.3390/ma17235893,P014_MAT_FE50MN30CO10CR10,,,,Decision_ID,D009,as named/reported,VERIFIED_WORKBOOK,Fig.11; p.12,source-reported,High,VERIFIED
P014,10.3390/ma17235893,P014_MAT_FE50MN30CO10CR10,,,,Decision,Preserve HDI=631.2 MPa as post-loading/model-derived evidence with leakage flag.,as named/reported,VERIFIED_WORKBOOK,Fig.11; p.12,source-reported,High,VERIFIED
P014,10.3390/ma17235893,P014_MAT_FE50MN30CO10CR10,,,,Status,READY,as named/reported,VERIFIED_WORKBOOK,Fig.11; p.12,source-reported,High,VERIFIED
P014,10.3390/ma17235893,P014_MAT_FE50MN30CO10CR10,,,,Scientific_Rationale,It is obtained from A600 load-unload response and therefore is not a pre-test intrinsic descriptor.,as named/reported,VERIFIED_WORKBOOK,Fig.11; p.12,source-reported,High,VERIFIED
P014,10.3390/ma17235893,P014_MAT_FE50MN30CO10CR10,,,,Implementation_Rule,Store in HDI/strengthening table; do not automatically expose it to later predictors.,as named/reported,VERIFIED_WORKBOOK,Fig.11; p.12,source-reported,High,VERIFIED
P014,10.3390/ma17235893,P014_MAT_FE50MN30CO10CR10,,,,Evidence_Location,Fig.11; p.12,as named/reported,VERIFIED_WORKBOOK,Fig.11; p.12,source-reported,High,VERIFIED
P014,10.3390/ma17235893,P014_MAT_FE50MN30CO10CR10,,,,Priority,P1,as named/reported,VERIFIED_WORKBOOK,Main paper,source-reported,High,VERIFIED
P014,10.3390/ma17235893,P014_MAT_FE50MN30CO10CR10,,,,Decision_ID,D010,as named/reported,VERIFIED_WORKBOOK,Main paper,source-reported,High,VERIFIED
P014,10.3390/ma17235893,P014_MAT_FE50MN30CO10CR10,,,,Decision,SFE and DeltaG remain NA.,as named/reported,VERIFIED_WORKBOOK,Main paper,source-reported,High,VERIFIED
P014,10.3390/ma17235893,P014_MAT_FE50MN30CO10CR10,,,,Status,READY,as named/reported,VERIFIED_WORKBOOK,Main paper,source-reported,High,VERIFIED
P014,10.3390/ma17235893,P014_MAT_FE50MN30CO10CR10,,,,Scientific_Rationale,No numeric source-specific SFE/DeltaG is reported in P014.,as named/reported,VERIFIED_WORKBOOK,Main paper,source-reported,High,VERIFIED
P014,10.3390/ma17235893,P014_MAT_FE50MN30CO10CR10,,,,Implementation_Rule,Never import values from another Fe50Mn30Co10Cr10 publication.,as named/reported,VERIFIED_WORKBOOK,Main paper,source-reported,High,VERIFIED
P014,10.3390/ma17235893,P014_MAT_FE50MN30CO10CR10,,,,Evidence_Location,Main paper,as named/reported,VERIFIED_WORKBOOK,Main paper,source-reported,High,VERIFIED
