Paper_ID,DOI,Material_Parent_ID,ML_Condition_ID,Feature_Name,Recovered_Value,Units,Evidence_Type,Evidence_Location,Method,Confidence,Recovery_Status
P015,10.1016/j.jallcom.2026.188919,P015_MAT_FE50MN20CR20NI10,P015_ALLOY_OR_SUPPORTING_SCOPE,Paper_Title,Achieving excellent strain hardenability in cobalt-free Fe50Mn20Cr20Ni10 medium-entropy alloy via TWIP/TRIP effects,as named/reported,VERIFIED_WORKBOOK,Methods pp.2-3,source-reported,High,VERIFIED
P015,10.1016/j.jallcom.2026.188919,P015_MAT_FE50MN20CR20NI10,P015_ALLOY_OR_SUPPORTING_SCOPE,Study_Series_ID,P015_SERIES01,as named/reported,VERIFIED_WORKBOOK,Methods pp.2-3,source-reported,High,VERIFIED
P015,10.1016/j.jallcom.2026.188919,P015_MAT_FE50MN20CR20NI10,P015_ALLOY_OR_SUPPORTING_SCOPE,Material_Parent_ID,P015_MAT_FE50MN20CR20NI10,as named/reported,VERIFIED_WORKBOOK,Methods pp.2-3,source-reported,High,VERIFIED
P015,10.1016/j.jallcom.2026.188919,P015_MAT_FE50MN20CR20NI10,P015_ALLOY_OR_SUPPORTING_SCOPE,Nominal_Composition_at_pct,Fe50Mn20Cr20Ni10,as named/reported,VERIFIED_WORKBOOK,Methods pp.2-3,source-reported,High,VERIFIED
P015,10.1016/j.jallcom.2026.188919,P015_MAT_FE50MN20CR20NI10,P015_ALLOY_OR_SUPPORTING_SCOPE,Composition_Status,NOMINAL_ONLY_NO_POSTMELT_BULK_CHEMICAL_ANALYSIS_REPORTED,as named/reported,VERIFIED_WORKBOOK,Methods pp.2-3,source-reported,High,VERIFIED
P015,10.1016/j.jallcom.2026.188919,P015_MAT_FE50MN20CR20NI10,P015_ALLOY_OR_SUPPORTING_SCOPE,Mn_Charge_Adjustment,Extra 5 wt% Mn added to charge to offset Mn evaporation; NOT part of final nominal composition,as named/reported,VERIFIED_WORKBOOK,Methods pp.2-3,source-reported,High,VERIFIED
P015,10.1016/j.jallcom.2026.188919,P015_MAT_FE50MN20CR20NI10,P015_ALLOY_OR_SUPPORTING_SCOPE,Melting_Route,Vacuum induction melting; master alloy remelted and cast into copper mold,as named/reported,VERIFIED_WORKBOOK,Methods pp.2-3,source-reported,High,VERIFIED
P015,10.1016/j.jallcom.2026.188919,P015_MAT_FE50MN20CR20NI10,P015_ALLOY_OR_SUPPORTING_SCOPE,Atmosphere,Ar,as named/reported,VERIFIED_WORKBOOK,Methods pp.2-3,source-reported,High,VERIFIED
P015,10.1016/j.jallcom.2026.188919,P015_MAT_FE50MN20CR20NI10,P015_ALLOY_OR_SUPPORTING_SCOPE,Raw_Material_Purity,≥99.9%,as named/reported,VERIFIED_WORKBOOK,Methods pp.2-3,source-reported,High,VERIFIED
P015,10.1016/j.jallcom.2026.188919,P015_MAT_FE50MN20CR20NI10,P015_ALLOY_OR_SUPPORTING_SCOPE,Master_Alloy_Mass_g,350,as named/reported,VERIFIED_WORKBOOK,Methods pp.2-3,source-reported,High,VERIFIED
P015,10.1016/j.jallcom.2026.188919,P015_MAT_FE50MN20CR20NI10,P015_ALLOY_OR_SUPPORTING_SCOPE,Casting_Mold_mm,30 x 30 x 100,as named/reported,VERIFIED_WORKBOOK,Methods pp.2-3,source-reported,High,VERIFIED
P015,10.1016/j.jallcom.2026.188919,P015_MAT_FE50MN20CR20NI10,P015_ALLOY_OR_SUPPORTING_SCOPE,Homogenization_T_K,1473,as named/reported,VERIFIED_WORKBOOK,Methods pp.2-3,source-reported,High,VERIFIED
P015,10.1016/j.jallcom.2026.188919,P015_MAT_FE50MN20CR20NI10,P015_ALLOY_OR_SUPPORTING_SCOPE,Homogenization_time_h,6,as named/reported,VERIFIED_WORKBOOK,Methods pp.2-3,source-reported,High,VERIFIED
P015,10.1016/j.jallcom.2026.188919,P015_MAT_FE50MN20CR20NI10,P015_ALLOY_OR_SUPPORTING_SCOPE,Homogenization_Quench,Water quench,as named/reported,VERIFIED_WORKBOOK,Methods pp.2-3,source-reported,High,VERIFIED
P015,10.1016/j.jallcom.2026.188919,P015_MAT_FE50MN20CR20NI10,P015_ALLOY_OR_SUPPORTING_SCOPE,Initial_Material_State,Homogenized coarse equiaxed single-FCC state,as named/reported,VERIFIED_WORKBOOK,Methods pp.2-3,source-reported,High,VERIFIED
P015,10.1016/j.jallcom.2026.188919,P015_MAT_FE50MN20CR20NI10,P015_ALLOY_OR_SUPPORTING_SCOPE,Tensile_Temperatures_K,298; 77,as named/reported,VERIFIED_WORKBOOK,Methods pp.2-3,source-reported,High,VERIFIED
P015,10.1016/j.jallcom.2026.188919,P015_MAT_FE50MN20CR20NI10,P015_ALLOY_OR_SUPPORTING_SCOPE,Tensile_Strain_Rate_s-1,0.001,as named/reported,VERIFIED_WORKBOOK,Methods pp.2-3,source-reported,High,VERIFIED
P015,10.1016/j.jallcom.2026.188919,P015_MAT_FE50MN20CR20NI10,P015_ALLOY_OR_SUPPORTING_SCOPE,Tensile_Strain_Rate_Status,DIRECT_METHODS_VALUE; caption conflict exists and is logged separately,as named/reported,VERIFIED_WORKBOOK,Methods pp.2-3,source-reported,High,VERIFIED
P015,10.1016/j.jallcom.2026.188919,P015_MAT_FE50MN20CR20NI10,P015_ALLOY_OR_SUPPORTING_SCOPE,Specimen_Dimensions_mm,10 x 3 x 1,as named/reported,VERIFIED_WORKBOOK,Methods pp.2-3,source-reported,High,VERIFIED
P015,10.1016/j.jallcom.2026.188919,P015_MAT_FE50MN20CR20NI10,P015_ALLOY_OR_SUPPORTING_SCOPE,Tensile_Replicate_n,3,as named/reported,VERIFIED_WORKBOOK,Methods pp.2-3,source-reported,High,VERIFIED
P015,10.1016/j.jallcom.2026.188919,P015_MAT_FE50MN20CR20NI10,P015_ALLOY_OR_SUPPORTING_SCOPE,Replicate_Status,AT_LEAST_THREE_TENSILE_SPECIMENS_PER_CONDITION; individual replicate values not reported,as named/reported,VERIFIED_WORKBOOK,Methods pp.2-3,source-reported,High,VERIFIED
P015,10.1016/j.jallcom.2026.188919,P015_MAT_FE50MN20CR20NI10,P015_ALLOY_OR_SUPPORTING_SCOPE,EBSD_Preparation,Mechanical polish to 3000 grit + electrochemical polish to remove strain layer,as named/reported,VERIFIED_WORKBOOK,Methods pp.2-3,source-reported,High,VERIFIED
P015,10.1016/j.jallcom.2026.188919,P015_MAT_FE50MN20CR20NI10,P015_ALLOY_OR_SUPPORTING_SCOPE,TEM_Sampling_Location,Post-deformation gauge section close to fracture surface,as named/reported,VERIFIED_WORKBOOK,Methods pp.2-3,source-reported,High,VERIFIED
P015,10.1016/j.jallcom.2026.188919,P015_MAT_FE50MN20CR20NI10,P015_ALLOY_OR_SUPPORTING_SCOPE,Evidence_Location,Methods pp.2-3,as named/reported,VERIFIED_WORKBOOK,Methods pp.2-3,source-reported,High,VERIFIED
P015,10.1016/j.jallcom.2026.188919,P015_MAT_FE50MN20CR20NI10,P015_ALLOY_OR_SUPPORTING_SCOPE,Confidence,High,as named/reported,VERIFIED_WORKBOOK,Methods pp.2-3,source-reported,High,VERIFIED
P015,10.1016/j.jallcom.2026.188919,P015_MAT_FE50MN20CR20NI10,P015_ALLOY_OR_SUPPORTING_SCOPE,Notes,Do not infer measured bulk chemistry from EDS maps. Do not treat the extra 5 wt% Mn charge compensation as final alloy Mn content.,as named/reported,VERIFIED_WORKBOOK,Methods pp.2-3,source-reported,High,VERIFIED
P015,10.1016/j.jallcom.2026.188919,P015_MAT_FE50MN20CR20NI10,P015_ALLOY_OR_SUPPORTING_SCOPE,Material_Parent_ID,P015_MAT_FE50MN20CR20NI10,as named/reported,VERIFIED_WORKBOOK,Sec.3.1 pp.2-4; Fig.3,XRD + EBSD/IPF/phase map + EDS mapping,High,VERIFIED
P015,10.1016/j.jallcom.2026.188919,P015_MAT_FE50MN20CR20NI10,P015_ALLOY_OR_SUPPORTING_SCOPE,Initial_Phase_State,Single-phase FCC coarse equiaxed grains,as named/reported,VERIFIED_WORKBOOK,Sec.3.1 pp.2-4; Fig.3,XRD + EBSD/IPF/phase map + EDS mapping,High,VERIFIED
P015,10.1016/j.jallcom.2026.188919,P015_MAT_FE50MN20CR20NI10,P015_ALLOY_OR_SUPPORTING_SCOPE,Initial_HCP_fraction,0,as named/reported,VERIFIED_WORKBOOK,Sec.3.1 pp.2-4; Fig.3,XRD + EBSD/IPF/phase map + EDS mapping,High,VERIFIED
P015,10.1016/j.jallcom.2026.188919,P015_MAT_FE50MN20CR20NI10,P015_ALLOY_OR_SUPPORTING_SCOPE,Initial_Phase_Status,DIRECT_XRD_EBSD_PHASE_IDENTITY; exact FCC fraction not numerically quantified,as named/reported,VERIFIED_WORKBOOK,Sec.3.1 pp.2-4; Fig.3,XRD + EBSD/IPF/phase map + EDS mapping,High,VERIFIED
P015,10.1016/j.jallcom.2026.188919,P015_MAT_FE50MN20CR20NI10,P015_ALLOY_OR_SUPPORTING_SCOPE,Average_Grain_Size_um,100,as named/reported,VERIFIED_WORKBOOK,Sec.3.1 pp.2-4; Fig.3,XRD + EBSD/IPF/phase map + EDS mapping,High,VERIFIED
P015,10.1016/j.jallcom.2026.188919,P015_MAT_FE50MN20CR20NI10,P015_ALLOY_OR_SUPPORTING_SCOPE,Grain_Size_Status,APPROX_DIRECT_TEXT,as named/reported,VERIFIED_WORKBOOK,Sec.3.1 pp.2-4; Fig.3,XRD + EBSD/IPF/phase map + EDS mapping,High,VERIFIED
P015,10.1016/j.jallcom.2026.188919,P015_MAT_FE50MN20CR20NI10,P015_ALLOY_OR_SUPPORTING_SCOPE,Texture_Orientation_Status,Completely random orientation distribution,as named/reported,VERIFIED_WORKBOOK,Sec.3.1 pp.2-4; Fig.3,XRD + EBSD/IPF/phase map + EDS mapping,High,VERIFIED
P015,10.1016/j.jallcom.2026.188919,P015_MAT_FE50MN20CR20NI10,P015_ALLOY_OR_SUPPORTING_SCOPE,Elemental_Segregation_Status,No obvious elemental segregation in EDS mapping,as named/reported,VERIFIED_WORKBOOK,Sec.3.1 pp.2-4; Fig.3,XRD + EBSD/IPF/phase map + EDS mapping,High,VERIFIED
P015,10.1016/j.jallcom.2026.188919,P015_MAT_FE50MN20CR20NI10,P015_ALLOY_OR_SUPPORTING_SCOPE,Evidence_Methods,XRD + EBSD/IPF/phase map + EDS mapping,as named/reported,VERIFIED_WORKBOOK,Sec.3.1 pp.2-4; Fig.3,XRD + EBSD/IPF/phase map + EDS mapping,High,VERIFIED
P015,10.1016/j.jallcom.2026.188919,P015_MAT_FE50MN20CR20NI10,P015_ALLOY_OR_SUPPORTING_SCOPE,Evidence_Location,Sec.3.1 pp.2-4; Fig.3,as named/reported,VERIFIED_WORKBOOK,Sec.3.1 pp.2-4; Fig.3,XRD + EBSD/IPF/phase map + EDS mapping,High,VERIFIED
P015,10.1016/j.jallcom.2026.188919,P015_MAT_FE50MN20CR20NI10,P015_ALLOY_OR_SUPPORTING_SCOPE,Confidence,High,as named/reported,VERIFIED_WORKBOOK,Sec.3.1 pp.2-4; Fig.3,XRD + EBSD/IPF/phase map + EDS mapping,High,VERIFIED
P015,10.1016/j.jallcom.2026.188919,P015_MAT_FE50MN20CR20NI10,P015_ALLOY_OR_SUPPORTING_SCOPE,Notes,Use HCP=0 as explicit phase-absence evidence. Do not force exact FCC=1.000 because no numerical FCC fraction is reported.,as named/reported,VERIFIED_WORKBOOK,Sec.3.1 pp.2-4; Fig.3,XRD + EBSD/IPF/phase map + EDS mapping,High,VERIFIED
P015,10.1016/j.jallcom.2026.188919,P015_MAT_FE50MN20CR20NI10,P015_MC_298K,Study_Series_ID,P015_SERIES01,as named/reported,VERIFIED_WORKBOOK,"Sec.3.2-4.1 pp.3-7; Figs.4,6,7; Table 1",source-reported,High,VERIFIED
P015,10.1016/j.jallcom.2026.188919,P015_MAT_FE50MN20CR20NI10,P015_MC_298K,Material_Parent_ID,P015_MAT_FE50MN20CR20NI10,as named/reported,VERIFIED_WORKBOOK,"Sec.3.2-4.1 pp.3-7; Figs.4,6,7; Table 1",source-reported,High,VERIFIED
P015,10.1016/j.jallcom.2026.188919,P015_MAT_FE50MN20CR20NI10,P015_MC_298K,ML_Condition_ID,P015_MC_298K,as named/reported,VERIFIED_WORKBOOK,"Sec.3.2-4.1 pp.3-7; Figs.4,6,7; Table 1",source-reported,High,VERIFIED
P015,10.1016/j.jallcom.2026.188919,P015_MAT_FE50MN20CR20NI10,P015_MC_298K,Test_T_K,298,as named/reported,VERIFIED_WORKBOOK,"Sec.3.2-4.1 pp.3-7; Figs.4,6,7; Table 1",source-reported,High,VERIFIED
P015,10.1016/j.jallcom.2026.188919,P015_MAT_FE50MN20CR20NI10,P015_MC_298K,Test_T_Raw,298 K,as named/reported,VERIFIED_WORKBOOK,"Sec.3.2-4.1 pp.3-7; Figs.4,6,7; Table 1",source-reported,High,VERIFIED
P015,10.1016/j.jallcom.2026.188919,P015_MAT_FE50MN20CR20NI10,P015_MC_298K,Strain_rate_s-1,0.001,as named/reported,VERIFIED_WORKBOOK,"Sec.3.2-4.1 pp.3-7; Figs.4,6,7; Table 1",source-reported,High,VERIFIED
P015,10.1016/j.jallcom.2026.188919,P015_MAT_FE50MN20CR20NI10,P015_MC_298K,Replicate_n,3,as named/reported,VERIFIED_WORKBOOK,"Sec.3.2-4.1 pp.3-7; Figs.4,6,7; Table 1",source-reported,High,VERIFIED
P015,10.1016/j.jallcom.2026.188919,P015_MAT_FE50MN20CR20NI10,P015_MC_298K,Initial_Phase_State,Single FCC,as named/reported,VERIFIED_WORKBOOK,"Sec.3.2-4.1 pp.3-7; Figs.4,6,7; Table 1",source-reported,High,VERIFIED
P015,10.1016/j.jallcom.2026.188919,P015_MAT_FE50MN20CR20NI10,P015_MC_298K,Initial_HCP_fraction,0,as named/reported,VERIFIED_WORKBOOK,"Sec.3.2-4.1 pp.3-7; Figs.4,6,7; Table 1",source-reported,High,VERIFIED
P015,10.1016/j.jallcom.2026.188919,P015_MAT_FE50MN20CR20NI10,P015_MC_298K,Grain_Size_um,100,as named/reported,VERIFIED_WORKBOOK,"Sec.3.2-4.1 pp.3-7; Figs.4,6,7; Table 1",source-reported,High,VERIFIED
P015,10.1016/j.jallcom.2026.188919,P015_MAT_FE50MN20CR20NI10,P015_MC_298K,Engineering_YS_MPa,300,as named/reported,VERIFIED_WORKBOOK,"Sec.3.2-4.1 pp.3-7; Figs.4,6,7; Table 1",source-reported,High,VERIFIED
P015,10.1016/j.jallcom.2026.188919,P015_MAT_FE50MN20CR20NI10,P015_MC_298K,Engineering_UTS_MPa,550,as named/reported,VERIFIED_WORKBOOK,"Sec.3.2-4.1 pp.3-7; Figs.4,6,7; Table 1",source-reported,High,VERIFIED
P015,10.1016/j.jallcom.2026.188919,P015_MAT_FE50MN20CR20NI10,P015_MC_298K,Engineering_Elongation_pct,60,as named/reported,VERIFIED_WORKBOOK,"Sec.3.2-4.1 pp.3-7; Figs.4,6,7; Table 1",source-reported,High,VERIFIED
P015,10.1016/j.jallcom.2026.188919,P015_MAT_FE50MN20CR20NI10,P015_MC_298K,True_Yield_Stress_MPa,300.25,as named/reported,VERIFIED_WORKBOOK,"Sec.3.2-4.1 pp.3-7; Figs.4,6,7; Table 1",source-reported,High,VERIFIED
P015,10.1016/j.jallcom.2026.188919,P015_MAT_FE50MN20CR20NI10,P015_MC_298K,True_UTS_MPa,888.61,as named/reported,VERIFIED_WORKBOOK,"Sec.3.2-4.1 pp.3-7; Figs.4,6,7; Table 1",source-reported,High,VERIFIED
P015,10.1016/j.jallcom.2026.188919,P015_MAT_FE50MN20CR20NI10,P015_MC_298K,HC,1.96,as named/reported,VERIFIED_WORKBOOK,"Sec.3.2-4.1 pp.3-7; Figs.4,6,7; Table 1",source-reported,High,VERIFIED
P015,10.1016/j.jallcom.2026.188919,P015_MAT_FE50MN20CR20NI10,P015_MC_298K,True_Property_Status,DIRECT_TABLE_1_TRUE_VALUES; keep distinct from engineering properties,as named/reported,VERIFIED_WORKBOOK,"Sec.3.2-4.1 pp.3-7; Figs.4,6,7; Table 1",source-reported,High,VERIFIED
P015,10.1016/j.jallcom.2026.188919,P015_MAT_FE50MN20CR20NI10,P015_MC_298K,TRIP,0,as named/reported,VERIFIED_WORKBOOK,"Sec.3.2-4.1 pp.3-7; Figs.4,6,7; Table 1",source-reported,High,VERIFIED
P015,10.1016/j.jallcom.2026.188919,P015_MAT_FE50MN20CR20NI10,P015_MC_298K,TWIP,1,as named/reported,VERIFIED_WORKBOOK,"Sec.3.2-4.1 pp.3-7; Figs.4,6,7; Table 1",source-reported,High,VERIFIED
P015,10.1016/j.jallcom.2026.188919,P015_MAT_FE50MN20CR20NI10,P015_MC_298K,Slip,1,as named/reported,VERIFIED_WORKBOOK,"Sec.3.2-4.1 pp.3-7; Figs.4,6,7; Table 1",source-reported,High,VERIFIED
P015,10.1016/j.jallcom.2026.188919,P015_MAT_FE50MN20CR20NI10,P015_MC_298K,Dominant_Mechanism,"TWIP-dominant with dislocation multiplication, deformation bands/walls and deformation twins",as named/reported,VERIFIED_WORKBOOK,"Sec.3.2-4.1 pp.3-7; Figs.4,6,7; Table 1",source-reported,High,VERIFIED
P015,10.1016/j.jallcom.2026.188919,P015_MAT_FE50MN20CR20NI10,P015_MC_298K,Target_Status,VERIFIED_JOINT,as named/reported,VERIFIED_WORKBOOK,"Sec.3.2-4.1 pp.3-7; Figs.4,6,7; Table 1",source-reported,High,VERIFIED
P015,10.1016/j.jallcom.2026.188919,P015_MAT_FE50MN20CR20NI10,P015_MC_298K,Independent_ML_sample,True,as named/reported,VERIFIED_WORKBOOK,"Sec.3.2-4.1 pp.3-7; Figs.4,6,7; Table 1",source-reported,High,VERIFIED
P015,10.1016/j.jallcom.2026.188919,P015_MAT_FE50MN20CR20NI10,P015_MC_298K,Leakage_Group_Strict,P015_SERIES01,as named/reported,VERIFIED_WORKBOOK,"Sec.3.2-4.1 pp.3-7; Figs.4,6,7; Table 1",source-reported,High,VERIFIED
P015,10.1016/j.jallcom.2026.188919,P015_MAT_FE50MN20CR20NI10,P015_MC_298K,Leakage_Group_Material,P015_MAT_FE50MN20CR20NI10,as named/reported,VERIFIED_WORKBOOK,"Sec.3.2-4.1 pp.3-7; Figs.4,6,7; Table 1",source-reported,High,VERIFIED
P015,10.1016/j.jallcom.2026.188919,P015_MAT_FE50MN20CR20NI10,P015_MC_298K,Postfracture_Phase_State,Single FCC after tensile fracture; no secondary phase detected,as named/reported,VERIFIED_WORKBOOK,"Sec.3.2-4.1 pp.3-7; Figs.4,6,7; Table 1",source-reported,High,VERIFIED
P015,10.1016/j.jallcom.2026.188919,P015_MAT_FE50MN20CR20NI10,P015_MC_298K,Postfracture_HCP_fraction,0.0,as named/reported,VERIFIED_WORKBOOK,"Sec.3.2-4.1 pp.3-7; Figs.4,6,7; Table 1",source-reported,High,VERIFIED
P015,10.1016/j.jallcom.2026.188919,P015_MAT_FE50MN20CR20NI10,P015_MC_298K,Postfracture_HCP_fraction_Status,EXPLICIT_XRD_EBSD_NEGATIVE_HCP_AFTER_FRACTURE,as named/reported,VERIFIED_WORKBOOK,"Sec.3.2-4.1 pp.3-7; Figs.4,6,7; Table 1",source-reported,High,VERIFIED
P015,10.1016/j.jallcom.2026.188919,P015_MAT_FE50MN20CR20NI10,P015_MC_298K,Fracture_Mode,Ductile dimpled fracture,as named/reported,VERIFIED_WORKBOOK,"Sec.3.2-4.1 pp.3-7; Figs.4,6,7; Table 1",source-reported,High,VERIFIED
P015,10.1016/j.jallcom.2026.188919,P015_MAT_FE50MN20CR20NI10,P015_MC_298K,Evidence_Location,"Sec.3.2-4.1 pp.3-7; Figs.4,6,7; Table 1",as named/reported,VERIFIED_WORKBOOK,"Sec.3.2-4.1 pp.3-7; Figs.4,6,7; Table 1",source-reported,High,VERIFIED
P015,10.1016/j.jallcom.2026.188919,P015_MAT_FE50MN20CR20NI10,P015_MC_298K,Confidence,High,as named/reported,VERIFIED_WORKBOOK,"Sec.3.2-4.1 pp.3-7; Figs.4,6,7; Table 1",source-reported,High,VERIFIED
P015,10.1016/j.jallcom.2026.188919,P015_MAT_FE50MN20CR20NI10,P015_MC_298K,Notes,Strong condition-level TRIP=0: initial state is single FCC and the fractured 298 K specimen remains pure/single FCC by XRD and EBSD. TWIP is directly confirmed by EBSD Σ3 twin boundaries and TEM/SAED twin clusters.,as named/reported,VERIFIED_WORKBOOK,"Sec.3.2-4.1 pp.3-7; Figs.4,6,7; Table 1",source-reported,High,VERIFIED
P015,10.1016/j.jallcom.2026.188919,P015_MAT_FE50MN20CR20NI10,P015_MC_77K,Study_Series_ID,P015_SERIES01,as named/reported,VERIFIED_WORKBOOK,"Sec.3.2-4.3 pp.3-11; Figs.4,6,9,11-12; Table 1",source-reported,High,VERIFIED
P015,10.1016/j.jallcom.2026.188919,P015_MAT_FE50MN20CR20NI10,P015_MC_77K,Material_Parent_ID,P015_MAT_FE50MN20CR20NI10,as named/reported,VERIFIED_WORKBOOK,"Sec.3.2-4.3 pp.3-11; Figs.4,6,9,11-12; Table 1",source-reported,High,VERIFIED
P015,10.1016/j.jallcom.2026.188919,P015_MAT_FE50MN20CR20NI10,P015_MC_77K,ML_Condition_ID,P015_MC_77K,as named/reported,VERIFIED_WORKBOOK,"Sec.3.2-4.3 pp.3-11; Figs.4,6,9,11-12; Table 1",source-reported,High,VERIFIED
P015,10.1016/j.jallcom.2026.188919,P015_MAT_FE50MN20CR20NI10,P015_MC_77K,Test_T_K,77,as named/reported,VERIFIED_WORKBOOK,"Sec.3.2-4.3 pp.3-11; Figs.4,6,9,11-12; Table 1",source-reported,High,VERIFIED
P015,10.1016/j.jallcom.2026.188919,P015_MAT_FE50MN20CR20NI10,P015_MC_77K,Test_T_Raw,77 K,as named/reported,VERIFIED_WORKBOOK,"Sec.3.2-4.3 pp.3-11; Figs.4,6,9,11-12; Table 1",source-reported,High,VERIFIED
P015,10.1016/j.jallcom.2026.188919,P015_MAT_FE50MN20CR20NI10,P015_MC_77K,Strain_rate_s-1,0.001,as named/reported,VERIFIED_WORKBOOK,"Sec.3.2-4.3 pp.3-11; Figs.4,6,9,11-12; Table 1",source-reported,High,VERIFIED
P015,10.1016/j.jallcom.2026.188919,P015_MAT_FE50MN20CR20NI10,P015_MC_77K,Replicate_n,3,as named/reported,VERIFIED_WORKBOOK,"Sec.3.2-4.3 pp.3-11; Figs.4,6,9,11-12; Table 1",source-reported,High,VERIFIED
P015,10.1016/j.jallcom.2026.188919,P015_MAT_FE50MN20CR20NI10,P015_MC_77K,Initial_Phase_State,Single FCC,as named/reported,VERIFIED_WORKBOOK,"Sec.3.2-4.3 pp.3-11; Figs.4,6,9,11-12; Table 1",source-reported,High,VERIFIED
P015,10.1016/j.jallcom.2026.188919,P015_MAT_FE50MN20CR20NI10,P015_MC_77K,Initial_HCP_fraction,0,as named/reported,VERIFIED_WORKBOOK,"Sec.3.2-4.3 pp.3-11; Figs.4,6,9,11-12; Table 1",source-reported,High,VERIFIED
P015,10.1016/j.jallcom.2026.188919,P015_MAT_FE50MN20CR20NI10,P015_MC_77K,Grain_Size_um,100,as named/reported,VERIFIED_WORKBOOK,"Sec.3.2-4.3 pp.3-11; Figs.4,6,9,11-12; Table 1",source-reported,High,VERIFIED
P015,10.1016/j.jallcom.2026.188919,P015_MAT_FE50MN20CR20NI10,P015_MC_77K,Engineering_YS_MPa,608,as named/reported,VERIFIED_WORKBOOK,"Sec.3.2-4.3 pp.3-11; Figs.4,6,9,11-12; Table 1",source-reported,High,VERIFIED
P015,10.1016/j.jallcom.2026.188919,P015_MAT_FE50MN20CR20NI10,P015_MC_77K,Engineering_UTS_MPa,850,as named/reported,VERIFIED_WORKBOOK,"Sec.3.2-4.3 pp.3-11; Figs.4,6,9,11-12; Table 1",source-reported,High,VERIFIED
P015,10.1016/j.jallcom.2026.188919,P015_MAT_FE50MN20CR20NI10,P015_MC_77K,Engineering_Elongation_pct,35,as named/reported,VERIFIED_WORKBOOK,"Sec.3.2-4.3 pp.3-11; Figs.4,6,9,11-12; Table 1",source-reported,High,VERIFIED
P015,10.1016/j.jallcom.2026.188919,P015_MAT_FE50MN20CR20NI10,P015_MC_77K,True_Yield_Stress_MPa,690.33,as named/reported,VERIFIED_WORKBOOK,"Sec.3.2-4.3 pp.3-11; Figs.4,6,9,11-12; Table 1",source-reported,High,VERIFIED
P015,10.1016/j.jallcom.2026.188919,P015_MAT_FE50MN20CR20NI10,P015_MC_77K,True_UTS_MPa,1368.75,as named/reported,VERIFIED_WORKBOOK,"Sec.3.2-4.3 pp.3-11; Figs.4,6,9,11-12; Table 1",source-reported,High,VERIFIED
P015,10.1016/j.jallcom.2026.188919,P015_MAT_FE50MN20CR20NI10,P015_MC_77K,HC,0.983,as named/reported,VERIFIED_WORKBOOK,"Sec.3.2-4.3 pp.3-11; Figs.4,6,9,11-12; Table 1",source-reported,High,VERIFIED
P015,10.1016/j.jallcom.2026.188919,P015_MAT_FE50MN20CR20NI10,P015_MC_77K,True_Property_Status,DIRECT_TABLE_1_TRUE_VALUES; preserve apparent difference from engineering YS without reconciliation,as named/reported,VERIFIED_WORKBOOK,"Sec.3.2-4.3 pp.3-11; Figs.4,6,9,11-12; Table 1",source-reported,High,VERIFIED
P015,10.1016/j.jallcom.2026.188919,P015_MAT_FE50MN20CR20NI10,P015_MC_77K,TRIP,1,as named/reported,VERIFIED_WORKBOOK,"Sec.3.2-4.3 pp.3-11; Figs.4,6,9,11-12; Table 1",source-reported,High,VERIFIED
P015,10.1016/j.jallcom.2026.188919,P015_MAT_FE50MN20CR20NI10,P015_MC_77K,TWIP,1,as named/reported,VERIFIED_WORKBOOK,"Sec.3.2-4.3 pp.3-11; Figs.4,6,9,11-12; Table 1",source-reported,High,VERIFIED
P015,10.1016/j.jallcom.2026.188919,P015_MAT_FE50MN20CR20NI10,P015_MC_77K,Slip,1,as named/reported,VERIFIED_WORKBOOK,"Sec.3.2-4.3 pp.3-11; Figs.4,6,9,11-12; Table 1",source-reported,High,VERIFIED
P015,10.1016/j.jallcom.2026.188919,P015_MAT_FE50MN20CR20NI10,P015_MC_77K,Dominant_Mechanism,"Synergistic TWIP/TRIP with dislocation multiplication, deformation bands, primary/secondary twins and ε-martensite",as named/reported,VERIFIED_WORKBOOK,"Sec.3.2-4.3 pp.3-11; Figs.4,6,9,11-12; Table 1",source-reported,High,VERIFIED
P015,10.1016/j.jallcom.2026.188919,P015_MAT_FE50MN20CR20NI10,P015_MC_77K,Target_Status,VERIFIED_JOINT,as named/reported,VERIFIED_WORKBOOK,"Sec.3.2-4.3 pp.3-11; Figs.4,6,9,11-12; Table 1",source-reported,High,VERIFIED
P015,10.1016/j.jallcom.2026.188919,P015_MAT_FE50MN20CR20NI10,P015_MC_77K,Independent_ML_sample,True,as named/reported,VERIFIED_WORKBOOK,"Sec.3.2-4.3 pp.3-11; Figs.4,6,9,11-12; Table 1",source-reported,High,VERIFIED
P015,10.1016/j.jallcom.2026.188919,P015_MAT_FE50MN20CR20NI10,P015_MC_77K,Leakage_Group_Strict,P015_SERIES01,as named/reported,VERIFIED_WORKBOOK,"Sec.3.2-4.3 pp.3-11; Figs.4,6,9,11-12; Table 1",source-reported,High,VERIFIED
P015,10.1016/j.jallcom.2026.188919,P015_MAT_FE50MN20CR20NI10,P015_MC_77K,Leakage_Group_Material,P015_MAT_FE50MN20CR20NI10,as named/reported,VERIFIED_WORKBOOK,"Sec.3.2-4.3 pp.3-11; Figs.4,6,9,11-12; Table 1",source-reported,High,VERIFIED
P015,10.1016/j.jallcom.2026.188919,P015_MAT_FE50MN20CR20NI10,P015_MC_77K,Postfracture_Phase_State,FCC matrix + minor HCP ε-martensite after tensile fracture,as named/reported,VERIFIED_WORKBOOK,"Sec.3.2-4.3 pp.3-11; Figs.4,6,9,11-12; Table 1",source-reported,High,VERIFIED
P015,10.1016/j.jallcom.2026.188919,P015_MAT_FE50MN20CR20NI10,P015_MC_77K,Postfracture_HCP_fraction_Status,HCP_DIRECTLY_PRESENT_BUT_NOT_NUMERICALLY_QUANTIFIED,as named/reported,VERIFIED_WORKBOOK,"Sec.3.2-4.3 pp.3-11; Figs.4,6,9,11-12; Table 1",source-reported,High,VERIFIED
P015,10.1016/j.jallcom.2026.188919,P015_MAT_FE50MN20CR20NI10,P015_MC_77K,Fracture_Mode,Mixed ductile dimples + cleavage pattern,as named/reported,VERIFIED_WORKBOOK,"Sec.3.2-4.3 pp.3-11; Figs.4,6,9,11-12; Table 1",source-reported,High,VERIFIED
P015,10.1016/j.jallcom.2026.188919,P015_MAT_FE50MN20CR20NI10,P015_MC_77K,Evidence_Location,"Sec.3.2-4.3 pp.3-11; Figs.4,6,9,11-12; Table 1",as named/reported,VERIFIED_WORKBOOK,"Sec.3.2-4.3 pp.3-11; Figs.4,6,9,11-12; Table 1",source-reported,High,VERIFIED
P015,10.1016/j.jallcom.2026.188919,P015_MAT_FE50MN20CR20NI10,P015_MC_77K,Confidence,High,as named/reported,VERIFIED_WORKBOOK,"Sec.3.2-4.3 pp.3-11; Figs.4,6,9,11-12; Table 1",source-reported,High,VERIFIED
P015,10.1016/j.jallcom.2026.188919,P015_MAT_FE50MN20CR20NI10,P015_MC_77K,Notes,"Initial single FCC plus post-fracture HCP gives direct TRIP=1. Deformation twins, including primary/secondary nanotwins, are directly observed, so TWIP=1.",as named/reported,VERIFIED_WORKBOOK,"Sec.3.2-4.3 pp.3-11; Figs.4,6,9,11-12; Table 1",source-reported,High,VERIFIED
P015,10.1016/j.jallcom.2026.188919,P015_MAT_FE50MN20CR20NI10,P015_MC_298K,ML_Condition_ID,P015_MC_298K,as named/reported,XRD,Fig.6a; pp.4-6,source-reported,High,VERIFIED
P015,10.1016/j.jallcom.2026.188919,P015_MAT_FE50MN20CR20NI10,P015_MC_298K,Test_T_K,298,as named/reported,XRD,Fig.6a; pp.4-6,source-reported,High,VERIFIED
P015,10.1016/j.jallcom.2026.188919,P015_MAT_FE50MN20CR20NI10,P015_MC_298K,Evidence_Feature,XRD_postfracture_phase,as named/reported,XRD,Fig.6a; pp.4-6,source-reported,High,VERIFIED
P015,10.1016/j.jallcom.2026.188919,P015_MAT_FE50MN20CR20NI10,P015_MC_298K,Observed_Value,Pure FCC; no secondary phase,as named/reported,XRD,Fig.6a; pp.4-6,source-reported,High,VERIFIED
P015,10.1016/j.jallcom.2026.188919,P015_MAT_FE50MN20CR20NI10,P015_MC_298K,Evidence_Type,XRD,as named/reported,XRD,Fig.6a; pp.4-6,source-reported,High,VERIFIED
P015,10.1016/j.jallcom.2026.188919,P015_MAT_FE50MN20CR20NI10,P015_MC_298K,Mechanism_Link,TRIP negative,as named/reported,XRD,Fig.6a; pp.4-6,source-reported,High,VERIFIED
P015,10.1016/j.jallcom.2026.188919,P015_MAT_FE50MN20CR20NI10,P015_MC_298K,Quantitative_Status,DIRECT_QUALITATIVE_EXPLICIT_NEGATIVE,as named/reported,XRD,Fig.6a; pp.4-6,source-reported,High,VERIFIED
P015,10.1016/j.jallcom.2026.188919,P015_MAT_FE50MN20CR20NI10,P015_MC_298K,Evidence_Location,Fig.6a; pp.4-6,as named/reported,XRD,Fig.6a; pp.4-6,source-reported,High,VERIFIED
P015,10.1016/j.jallcom.2026.188919,P015_MAT_FE50MN20CR20NI10,P015_MC_298K,Confidence,High,as named/reported,XRD,Fig.6a; pp.4-6,source-reported,High,VERIFIED
P015,10.1016/j.jallcom.2026.188919,P015_MAT_FE50MN20CR20NI10,P015_MC_298K,Interpretation_Rule,Supports condition-level TRIP=0 because initial and final experimental phase states are both single FCC.,as named/reported,XRD,Fig.6a; pp.4-6,source-reported,High,VERIFIED
P015,10.1016/j.jallcom.2026.188919,P015_MAT_FE50MN20CR20NI10,P015_MC_298K,ML_Condition_ID,P015_MC_298K,as named/reported,EBSD phase map,Fig.6b2; pp.5-6,source-reported,High,VERIFIED
P015,10.1016/j.jallcom.2026.188919,P015_MAT_FE50MN20CR20NI10,P015_MC_298K,Test_T_K,298,as named/reported,EBSD phase map,Fig.6b2; pp.5-6,source-reported,High,VERIFIED
P015,10.1016/j.jallcom.2026.188919,P015_MAT_FE50MN20CR20NI10,P015_MC_298K,Evidence_Feature,EBSD_postfracture_phase,as named/reported,EBSD phase map,Fig.6b2; pp.5-6,source-reported,High,VERIFIED
P015,10.1016/j.jallcom.2026.188919,P015_MAT_FE50MN20CR20NI10,P015_MC_298K,Observed_Value,Stable single-phase FCC despite abundant deformation bands,as named/reported,EBSD phase map,Fig.6b2; pp.5-6,source-reported,High,VERIFIED
P015,10.1016/j.jallcom.2026.188919,P015_MAT_FE50MN20CR20NI10,P015_MC_298K,Evidence_Type,EBSD phase map,as named/reported,EBSD phase map,Fig.6b2; pp.5-6,source-reported,High,VERIFIED
P015,10.1016/j.jallcom.2026.188919,P015_MAT_FE50MN20CR20NI10,P015_MC_298K,Mechanism_Link,TRIP negative,as named/reported,EBSD phase map,Fig.6b2; pp.5-6,source-reported,High,VERIFIED
P015,10.1016/j.jallcom.2026.188919,P015_MAT_FE50MN20CR20NI10,P015_MC_298K,Quantitative_Status,DIRECT_QUALITATIVE_EXPLICIT_NEGATIVE,as named/reported,EBSD phase map,Fig.6b2; pp.5-6,source-reported,High,VERIFIED
P015,10.1016/j.jallcom.2026.188919,P015_MAT_FE50MN20CR20NI10,P015_MC_298K,Evidence_Location,Fig.6b2; pp.5-6,as named/reported,EBSD phase map,Fig.6b2; pp.5-6,source-reported,High,VERIFIED
P015,10.1016/j.jallcom.2026.188919,P015_MAT_FE50MN20CR20NI10,P015_MC_298K,Confidence,High,as named/reported,EBSD phase map,Fig.6b2; pp.5-6,source-reported,High,VERIFIED
P015,10.1016/j.jallcom.2026.188919,P015_MAT_FE50MN20CR20NI10,P015_MC_298K,Interpretation_Rule,Independent corroboration of no FCC→HCP transformation at 298 K.,as named/reported,EBSD phase map,Fig.6b2; pp.5-6,source-reported,High,VERIFIED
P015,10.1016/j.jallcom.2026.188919,P015_MAT_FE50MN20CR20NI10,P015_MC_298K,ML_Condition_ID,P015_MC_298K,as named/reported,EBSD + TEM/SAED,"Figs.6b3,7d; pp.6-7",source-reported,High,VERIFIED
P015,10.1016/j.jallcom.2026.188919,P015_MAT_FE50MN20CR20NI10,P015_MC_298K,Test_T_K,298,as named/reported,EBSD + TEM/SAED,"Figs.6b3,7d; pp.6-7",source-reported,High,VERIFIED
P015,10.1016/j.jallcom.2026.188919,P015_MAT_FE50MN20CR20NI10,P015_MC_298K,Evidence_Feature,Deformation_twins,as named/reported,EBSD + TEM/SAED,"Figs.6b3,7d; pp.6-7",source-reported,High,VERIFIED
P015,10.1016/j.jallcom.2026.188919,P015_MAT_FE50MN20CR20NI10,P015_MC_298K,Observed_Value,Σ3 twin system activated; fine twin clusters confirmed by TEM/SAED,as named/reported,EBSD + TEM/SAED,"Figs.6b3,7d; pp.6-7",source-reported,High,VERIFIED
P015,10.1016/j.jallcom.2026.188919,P015_MAT_FE50MN20CR20NI10,P015_MC_298K,Evidence_Type,EBSD + TEM/SAED,as named/reported,EBSD + TEM/SAED,"Figs.6b3,7d; pp.6-7",source-reported,High,VERIFIED
P015,10.1016/j.jallcom.2026.188919,P015_MAT_FE50MN20CR20NI10,P015_MC_298K,Mechanism_Link,TWIP positive,as named/reported,EBSD + TEM/SAED,"Figs.6b3,7d; pp.6-7",source-reported,High,VERIFIED
P015,10.1016/j.jallcom.2026.188919,P015_MAT_FE50MN20CR20NI10,P015_MC_298K,Quantitative_Status,DIRECT,as named/reported,EBSD + TEM/SAED,"Figs.6b3,7d; pp.6-7",source-reported,High,VERIFIED
P015,10.1016/j.jallcom.2026.188919,P015_MAT_FE50MN20CR20NI10,P015_MC_298K,Evidence_Location,"Figs.6b3,7d; pp.6-7",as named/reported,EBSD + TEM/SAED,"Figs.6b3,7d; pp.6-7",source-reported,High,VERIFIED
P015,10.1016/j.jallcom.2026.188919,P015_MAT_FE50MN20CR20NI10,P015_MC_298K,Confidence,High,as named/reported,EBSD + TEM/SAED,"Figs.6b3,7d; pp.6-7",source-reported,High,VERIFIED
P015,10.1016/j.jallcom.2026.188919,P015_MAT_FE50MN20CR20NI10,P015_MC_298K,Interpretation_Rule,Direct tensile TWIP evidence.,as named/reported,EBSD + TEM/SAED,"Figs.6b3,7d; pp.6-7",source-reported,High,VERIFIED
P015,10.1016/j.jallcom.2026.188919,P015_MAT_FE50MN20CR20NI10,P015_MC_298K,ML_Condition_ID,P015_MC_298K,as named/reported,TEM,Fig.7a-c; p.7,source-reported,High,VERIFIED
P015,10.1016/j.jallcom.2026.188919,P015_MAT_FE50MN20CR20NI10,P015_MC_298K,Test_T_K,298,as named/reported,TEM,Fig.7a-c; p.7,source-reported,High,VERIFIED
P015,10.1016/j.jallcom.2026.188919,P015_MAT_FE50MN20CR20NI10,P015_MC_298K,Evidence_Feature,Dislocation_structures,as named/reported,TEM,Fig.7a-c; p.7,source-reported,High,VERIFIED
P015,10.1016/j.jallcom.2026.188919,P015_MAT_FE50MN20CR20NI10,P015_MC_298K,Observed_Value,"GB pile-ups, deformation bands, dislocation walls",as named/reported,TEM,Fig.7a-c; p.7,source-reported,High,VERIFIED
P015,10.1016/j.jallcom.2026.188919,P015_MAT_FE50MN20CR20NI10,P015_MC_298K,Evidence_Type,TEM,as named/reported,TEM,Fig.7a-c; p.7,source-reported,High,VERIFIED
P015,10.1016/j.jallcom.2026.188919,P015_MAT_FE50MN20CR20NI10,P015_MC_298K,Mechanism_Link,Slip positive,as named/reported,TEM,Fig.7a-c; p.7,source-reported,High,VERIFIED
P015,10.1016/j.jallcom.2026.188919,P015_MAT_FE50MN20CR20NI10,P015_MC_298K,Quantitative_Status,DIRECT,as named/reported,TEM,Fig.7a-c; p.7,source-reported,High,VERIFIED
P015,10.1016/j.jallcom.2026.188919,P015_MAT_FE50MN20CR20NI10,P015_MC_298K,Evidence_Location,Fig.7a-c; p.7,as named/reported,TEM,Fig.7a-c; p.7,source-reported,High,VERIFIED
P015,10.1016/j.jallcom.2026.188919,P015_MAT_FE50MN20CR20NI10,P015_MC_298K,Confidence,High,as named/reported,TEM,Fig.7a-c; p.7,source-reported,High,VERIFIED
P015,10.1016/j.jallcom.2026.188919,P015_MAT_FE50MN20CR20NI10,P015_MC_298K,Interpretation_Rule,Direct dislocation-slip/work-hardening evidence.,as named/reported,TEM,Fig.7a-c; p.7,source-reported,High,VERIFIED
P015,10.1016/j.jallcom.2026.188919,P015_MAT_FE50MN20CR20NI10,P015_MC_77K,ML_Condition_ID,P015_MC_77K,as named/reported,XRD,Fig.6a; pp.4-6,source-reported,High,VERIFIED
P015,10.1016/j.jallcom.2026.188919,P015_MAT_FE50MN20CR20NI10,P015_MC_77K,Test_T_K,77,as named/reported,XRD,Fig.6a; pp.4-6,source-reported,High,VERIFIED
P015,10.1016/j.jallcom.2026.188919,P015_MAT_FE50MN20CR20NI10,P015_MC_77K,Evidence_Feature,XRD_postfracture_phase,as named/reported,XRD,Fig.6a; pp.4-6,source-reported,High,VERIFIED
P015,10.1016/j.jallcom.2026.188919,P015_MAT_FE50MN20CR20NI10,P015_MC_77K,Observed_Value,Weak HCP peaks appear,as named/reported,XRD,Fig.6a; pp.4-6,source-reported,High,VERIFIED
P015,10.1016/j.jallcom.2026.188919,P015_MAT_FE50MN20CR20NI10,P015_MC_77K,Evidence_Type,XRD,as named/reported,XRD,Fig.6a; pp.4-6,source-reported,High,VERIFIED
P015,10.1016/j.jallcom.2026.188919,P015_MAT_FE50MN20CR20NI10,P015_MC_77K,Mechanism_Link,TRIP positive,as named/reported,XRD,Fig.6a; pp.4-6,source-reported,High,VERIFIED
P015,10.1016/j.jallcom.2026.188919,P015_MAT_FE50MN20CR20NI10,P015_MC_77K,Quantitative_Status,DIRECT,as named/reported,XRD,Fig.6a; pp.4-6,source-reported,High,VERIFIED
P015,10.1016/j.jallcom.2026.188919,P015_MAT_FE50MN20CR20NI10,P015_MC_77K,Evidence_Location,Fig.6a; pp.4-6,as named/reported,XRD,Fig.6a; pp.4-6,source-reported,High,VERIFIED
P015,10.1016/j.jallcom.2026.188919,P015_MAT_FE50MN20CR20NI10,P015_MC_77K,Confidence,High,as named/reported,XRD,Fig.6a; pp.4-6,source-reported,High,VERIFIED
P015,10.1016/j.jallcom.2026.188919,P015_MAT_FE50MN20CR20NI10,P015_MC_77K,Interpretation_Rule,"Initial state was single FCC, so post-fracture HCP is deformation-induced.",as named/reported,XRD,Fig.6a; pp.4-6,source-reported,High,VERIFIED
P015,10.1016/j.jallcom.2026.188919,P015_MAT_FE50MN20CR20NI10,P015_MC_77K,ML_Condition_ID,P015_MC_77K,as named/reported,EBSD phase map,Fig.6c2; pp.5-6,source-reported,High,VERIFIED
P015,10.1016/j.jallcom.2026.188919,P015_MAT_FE50MN20CR20NI10,P015_MC_77K,Test_T_K,77,as named/reported,EBSD phase map,Fig.6c2; pp.5-6,source-reported,High,VERIFIED
P015,10.1016/j.jallcom.2026.188919,P015_MAT_FE50MN20CR20NI10,P015_MC_77K,Evidence_Feature,EBSD_postfracture_phase,as named/reported,EBSD phase map,Fig.6c2; pp.5-6,source-reported,High,VERIFIED
P015,10.1016/j.jallcom.2026.188919,P015_MAT_FE50MN20CR20NI10,P015_MC_77K,Observed_Value,Minor fine HCP grains in FCC matrix,as named/reported,EBSD phase map,Fig.6c2; pp.5-6,source-reported,High,VERIFIED
P015,10.1016/j.jallcom.2026.188919,P015_MAT_FE50MN20CR20NI10,P015_MC_77K,Evidence_Type,EBSD phase map,as named/reported,EBSD phase map,Fig.6c2; pp.5-6,source-reported,High,VERIFIED
P015,10.1016/j.jallcom.2026.188919,P015_MAT_FE50MN20CR20NI10,P015_MC_77K,Mechanism_Link,TRIP positive,as named/reported,EBSD phase map,Fig.6c2; pp.5-6,source-reported,High,VERIFIED
P015,10.1016/j.jallcom.2026.188919,P015_MAT_FE50MN20CR20NI10,P015_MC_77K,Quantitative_Status,DIRECT_QUALITATIVE_NO_EXACT_FRACTION,as named/reported,EBSD phase map,Fig.6c2; pp.5-6,source-reported,High,VERIFIED
P015,10.1016/j.jallcom.2026.188919,P015_MAT_FE50MN20CR20NI10,P015_MC_77K,Evidence_Location,Fig.6c2; pp.5-6,as named/reported,EBSD phase map,Fig.6c2; pp.5-6,source-reported,High,VERIFIED
P015,10.1016/j.jallcom.2026.188919,P015_MAT_FE50MN20CR20NI10,P015_MC_77K,Confidence,High,as named/reported,EBSD phase map,Fig.6c2; pp.5-6,source-reported,High,VERIFIED
P015,10.1016/j.jallcom.2026.188919,P015_MAT_FE50MN20CR20NI10,P015_MC_77K,Interpretation_Rule,Do not digitize HCP fraction from the phase map.,as named/reported,EBSD phase map,Fig.6c2; pp.5-6,source-reported,High,VERIFIED
P015,10.1016/j.jallcom.2026.188919,P015_MAT_FE50MN20CR20NI10,P015_MC_77K,ML_Condition_ID,P015_MC_77K,as named/reported,TEM/SAED,Fig.9a-c; pp.7-9,source-reported,High,VERIFIED
P015,10.1016/j.jallcom.2026.188919,P015_MAT_FE50MN20CR20NI10,P015_MC_77K,Test_T_K,77,as named/reported,TEM/SAED,Fig.9a-c; pp.7-9,source-reported,High,VERIFIED
P015,10.1016/j.jallcom.2026.188919,P015_MAT_FE50MN20CR20NI10,P015_MC_77K,Evidence_Feature,Deformation_twins,as named/reported,TEM/SAED,Fig.9a-c; pp.7-9,source-reported,High,VERIFIED
P015,10.1016/j.jallcom.2026.188919,P015_MAT_FE50MN20CR20NI10,P015_MC_77K,Observed_Value,Nanotwins + primary/secondary intersecting twins,as named/reported,TEM/SAED,Fig.9a-c; pp.7-9,source-reported,High,VERIFIED
P015,10.1016/j.jallcom.2026.188919,P015_MAT_FE50MN20CR20NI10,P015_MC_77K,Evidence_Type,TEM/SAED,as named/reported,TEM/SAED,Fig.9a-c; pp.7-9,source-reported,High,VERIFIED
P015,10.1016/j.jallcom.2026.188919,P015_MAT_FE50MN20CR20NI10,P015_MC_77K,Mechanism_Link,TWIP positive,as named/reported,TEM/SAED,Fig.9a-c; pp.7-9,source-reported,High,VERIFIED
P015,10.1016/j.jallcom.2026.188919,P015_MAT_FE50MN20CR20NI10,P015_MC_77K,Quantitative_Status,DIRECT,as named/reported,TEM/SAED,Fig.9a-c; pp.7-9,source-reported,High,VERIFIED
P015,10.1016/j.jallcom.2026.188919,P015_MAT_FE50MN20CR20NI10,P015_MC_77K,Evidence_Location,Fig.9a-c; pp.7-9,as named/reported,TEM/SAED,Fig.9a-c; pp.7-9,source-reported,High,VERIFIED
P015,10.1016/j.jallcom.2026.188919,P015_MAT_FE50MN20CR20NI10,P015_MC_77K,Confidence,High,as named/reported,TEM/SAED,Fig.9a-c; pp.7-9,source-reported,High,VERIFIED
P015,10.1016/j.jallcom.2026.188919,P015_MAT_FE50MN20CR20NI10,P015_MC_77K,Interpretation_Rule,Direct TWIP evidence at 77 K.,as named/reported,TEM/SAED,Fig.9a-c; pp.7-9,source-reported,High,VERIFIED
P015,10.1016/j.jallcom.2026.188919,P015_MAT_FE50MN20CR20NI10,P015_MC_77K,ML_Condition_ID,P015_MC_77K,as named/reported,TEM/HR-TEM/SAED/IFFT,Fig.9d-g; pp.8-9,source-reported,High,VERIFIED
P015,10.1016/j.jallcom.2026.188919,P015_MAT_FE50MN20CR20NI10,P015_MC_77K,Test_T_K,77,as named/reported,TEM/HR-TEM/SAED/IFFT,Fig.9d-g; pp.8-9,source-reported,High,VERIFIED
P015,10.1016/j.jallcom.2026.188919,P015_MAT_FE50MN20CR20NI10,P015_MC_77K,Evidence_Feature,Epsilon_martensite,as named/reported,TEM/HR-TEM/SAED/IFFT,Fig.9d-g; pp.8-9,source-reported,High,VERIFIED
P015,10.1016/j.jallcom.2026.188919,P015_MAT_FE50MN20CR20NI10,P015_MC_77K,Observed_Value,Lath ε-martensite interacting with twins and dense dislocations,as named/reported,TEM/HR-TEM/SAED/IFFT,Fig.9d-g; pp.8-9,source-reported,High,VERIFIED
P015,10.1016/j.jallcom.2026.188919,P015_MAT_FE50MN20CR20NI10,P015_MC_77K,Evidence_Type,TEM/HR-TEM/SAED/IFFT,as named/reported,TEM/HR-TEM/SAED/IFFT,Fig.9d-g; pp.8-9,source-reported,High,VERIFIED
P015,10.1016/j.jallcom.2026.188919,P015_MAT_FE50MN20CR20NI10,P015_MC_77K,Mechanism_Link,TRIP positive,as named/reported,TEM/HR-TEM/SAED/IFFT,Fig.9d-g; pp.8-9,source-reported,High,VERIFIED
P015,10.1016/j.jallcom.2026.188919,P015_MAT_FE50MN20CR20NI10,P015_MC_77K,Quantitative_Status,DIRECT,as named/reported,TEM/HR-TEM/SAED/IFFT,Fig.9d-g; pp.8-9,source-reported,High,VERIFIED
P015,10.1016/j.jallcom.2026.188919,P015_MAT_FE50MN20CR20NI10,P015_MC_77K,Evidence_Location,Fig.9d-g; pp.8-9,as named/reported,TEM/HR-TEM/SAED/IFFT,Fig.9d-g; pp.8-9,source-reported,High,VERIFIED
P015,10.1016/j.jallcom.2026.188919,P015_MAT_FE50MN20CR20NI10,P015_MC_77K,Confidence,High,as named/reported,TEM/HR-TEM/SAED/IFFT,Fig.9d-g; pp.8-9,source-reported,High,VERIFIED
P015,10.1016/j.jallcom.2026.188919,P015_MAT_FE50MN20CR20NI10,P015_MC_77K,Interpretation_Rule,Direct nanoscale confirmation of ε-HCP martensite.,as named/reported,TEM/HR-TEM/SAED/IFFT,Fig.9d-g; pp.8-9,source-reported,High,VERIFIED
P015,10.1016/j.jallcom.2026.188919,P015_MAT_FE50MN20CR20NI10,P015_MC_77K,ML_Condition_ID,P015_MC_77K,as named/reported,EBSD KAM,Fig.6b4-c4; p.6,source-reported,High,VERIFIED
P015,10.1016/j.jallcom.2026.188919,P015_MAT_FE50MN20CR20NI10,P015_MC_77K,Test_T_K,77,as named/reported,EBSD KAM,Fig.6b4-c4; p.6,source-reported,High,VERIFIED
P015,10.1016/j.jallcom.2026.188919,P015_MAT_FE50MN20CR20NI10,P015_MC_77K,Evidence_Feature,Local_strain_KAM,as named/reported,EBSD KAM,Fig.6b4-c4; p.6,source-reported,High,VERIFIED
P015,10.1016/j.jallcom.2026.188919,P015_MAT_FE50MN20CR20NI10,P015_MC_77K,Observed_Value,Higher KAM than 298 K,as named/reported,EBSD KAM,Fig.6b4-c4; p.6,source-reported,High,VERIFIED
P015,10.1016/j.jallcom.2026.188919,P015_MAT_FE50MN20CR20NI10,P015_MC_77K,Evidence_Type,EBSD KAM,as named/reported,EBSD KAM,Fig.6b4-c4; p.6,source-reported,High,VERIFIED
P015,10.1016/j.jallcom.2026.188919,P015_MAT_FE50MN20CR20NI10,P015_MC_77K,Mechanism_Link,Higher local strain/dislocation accumulation,as named/reported,EBSD KAM,Fig.6b4-c4; p.6,source-reported,High,VERIFIED
P015,10.1016/j.jallcom.2026.188919,P015_MAT_FE50MN20CR20NI10,P015_MC_77K,Quantitative_Status,QUALITATIVE_COMPARATIVE,as named/reported,EBSD KAM,Fig.6b4-c4; p.6,source-reported,High,VERIFIED
P015,10.1016/j.jallcom.2026.188919,P015_MAT_FE50MN20CR20NI10,P015_MC_77K,Evidence_Location,Fig.6b4-c4; p.6,as named/reported,EBSD KAM,Fig.6b4-c4; p.6,source-reported,High,VERIFIED
P015,10.1016/j.jallcom.2026.188919,P015_MAT_FE50MN20CR20NI10,P015_MC_77K,Confidence,High,as named/reported,EBSD KAM,Fig.6b4-c4; p.6,source-reported,High,VERIFIED
P015,10.1016/j.jallcom.2026.188919,P015_MAT_FE50MN20CR20NI10,P015_MC_77K,Interpretation_Rule,Do not invent a numeric KAM mean from color maps.,as named/reported,EBSD KAM,Fig.6b4-c4; p.6,source-reported,High,VERIFIED
P015,10.1016/j.jallcom.2026.188919,P015_MAT_FE50MN20CR20NI10,P015_MC_298K,ML_Condition_ID,P015_MC_298K,as named/reported,VERIFIED_WORKBOOK,"Figs.3,6-8; pp.3-9",source-reported,High,VERIFIED
P015,10.1016/j.jallcom.2026.188919,P015_MAT_FE50MN20CR20NI10,P015_MC_298K,TRIP_Proposed,0,as named/reported,VERIFIED_WORKBOOK,"Figs.3,6-8; pp.3-9",source-reported,High,VERIFIED
P015,10.1016/j.jallcom.2026.188919,P015_MAT_FE50MN20CR20NI10,P015_MC_298K,TWIP_Proposed,1,as named/reported,VERIFIED_WORKBOOK,"Figs.3,6-8; pp.3-9",source-reported,High,VERIFIED
P015,10.1016/j.jallcom.2026.188919,P015_MAT_FE50MN20CR20NI10,P015_MC_298K,Slip_Proposed,1,as named/reported,VERIFIED_WORKBOOK,"Figs.3,6-8; pp.3-9",source-reported,High,VERIFIED
P015,10.1016/j.jallcom.2026.188919,P015_MAT_FE50MN20CR20NI10,P015_MC_298K,TRIP_Evidence,Initial specimen is single FCC; after tensile fracture XRD indexes only FCC and EBSD reports stable single-phase FCC with no HCP.,as named/reported,VERIFIED_WORKBOOK,"Figs.3,6-8; pp.3-9",source-reported,High,VERIFIED
P015,10.1016/j.jallcom.2026.188919,P015_MAT_FE50MN20CR20NI10,P015_MC_298K,TWIP_Evidence,EBSD reports activated <111>60° deformation-twin system and TEM/SAED directly confirms fine deformation twin clusters.,as named/reported,VERIFIED_WORKBOOK,"Figs.3,6-8; pp.3-9",source-reported,High,VERIFIED
P015,10.1016/j.jallcom.2026.188919,P015_MAT_FE50MN20CR20NI10,P015_MC_298K,Slip_Evidence,"TEM directly shows dislocation pile-ups, dislocation walls and deformation bands.",as named/reported,VERIFIED_WORKBOOK,"Figs.3,6-8; pp.3-9",source-reported,High,VERIFIED
P015,10.1016/j.jallcom.2026.188919,P015_MAT_FE50MN20CR20NI10,P015_MC_298K,Negative_Evidence_Quality,EXPLICIT_INITIAL_TO_FINAL_PHASE_NEGATIVE,as named/reported,VERIFIED_WORKBOOK,"Figs.3,6-8; pp.3-9",source-reported,High,VERIFIED
P015,10.1016/j.jallcom.2026.188919,P015_MAT_FE50MN20CR20NI10,P015_MC_298K,Verification_Status,VERIFIED_JOINT,as named/reported,VERIFIED_WORKBOOK,"Figs.3,6-8; pp.3-9",source-reported,High,VERIFIED
P015,10.1016/j.jallcom.2026.188919,P015_MAT_FE50MN20CR20NI10,P015_MC_298K,Dominant_Mechanism,TWIP-dominant + slip; no TRIP,as named/reported,VERIFIED_WORKBOOK,"Figs.3,6-8; pp.3-9",source-reported,High,VERIFIED
P015,10.1016/j.jallcom.2026.188919,P015_MAT_FE50MN20CR20NI10,P015_MC_298K,Evidence_Location,"Figs.3,6-8; pp.3-9",as named/reported,VERIFIED_WORKBOOK,"Figs.3,6-8; pp.3-9",source-reported,High,VERIFIED
P015,10.1016/j.jallcom.2026.188919,P015_MAT_FE50MN20CR20NI10,P015_MC_298K,Confidence,High,as named/reported,VERIFIED_WORKBOOK,"Figs.3,6-8; pp.3-9",source-reported,High,VERIFIED
P015,10.1016/j.jallcom.2026.188919,P015_MAT_FE50MN20CR20NI10,P015_MC_298K,Notes,This is a high-quality experimental negative TRIP condition and is valuable for class balance.,as named/reported,VERIFIED_WORKBOOK,"Figs.3,6-8; pp.3-9",source-reported,High,VERIFIED
P015,10.1016/j.jallcom.2026.188919,P015_MAT_FE50MN20CR20NI10,P015_MC_77K,ML_Condition_ID,P015_MC_77K,as named/reported,VERIFIED_WORKBOOK,"Figs.6,9-12; pp.5-12",source-reported,High,VERIFIED
P015,10.1016/j.jallcom.2026.188919,P015_MAT_FE50MN20CR20NI10,P015_MC_77K,TRIP_Proposed,1,as named/reported,VERIFIED_WORKBOOK,"Figs.6,9-12; pp.5-12",source-reported,High,VERIFIED
P015,10.1016/j.jallcom.2026.188919,P015_MAT_FE50MN20CR20NI10,P015_MC_77K,TWIP_Proposed,1,as named/reported,VERIFIED_WORKBOOK,"Figs.6,9-12; pp.5-12",source-reported,High,VERIFIED
P015,10.1016/j.jallcom.2026.188919,P015_MAT_FE50MN20CR20NI10,P015_MC_77K,Slip_Proposed,1,as named/reported,VERIFIED_WORKBOOK,"Figs.6,9-12; pp.5-12",source-reported,High,VERIFIED
P015,10.1016/j.jallcom.2026.188919,P015_MAT_FE50MN20CR20NI10,P015_MC_77K,TRIP_Evidence,Initial specimen is single FCC; post-fracture XRD/EBSD/TEM directly identify HCP ε-martensite.,as named/reported,VERIFIED_WORKBOOK,"Figs.6,9-12; pp.5-12",source-reported,High,VERIFIED
P015,10.1016/j.jallcom.2026.188919,P015_MAT_FE50MN20CR20NI10,P015_MC_77K,TWIP_Evidence,"EBSD and TEM directly show deformation twins, twin clusters and primary/secondary twins.",as named/reported,VERIFIED_WORKBOOK,"Figs.6,9-12; pp.5-12",source-reported,High,VERIFIED
P015,10.1016/j.jallcom.2026.188919,P015_MAT_FE50MN20CR20NI10,P015_MC_77K,Slip_Evidence,Dense dislocations and dislocation/twin/martensite interactions are directly observed.,as named/reported,VERIFIED_WORKBOOK,"Figs.6,9-12; pp.5-12",source-reported,High,VERIFIED
P015,10.1016/j.jallcom.2026.188919,P015_MAT_FE50MN20CR20NI10,P015_MC_77K,Negative_Evidence_Quality,NOT_APPLICABLE,as named/reported,VERIFIED_WORKBOOK,"Figs.6,9-12; pp.5-12",source-reported,High,VERIFIED
P015,10.1016/j.jallcom.2026.188919,P015_MAT_FE50MN20CR20NI10,P015_MC_77K,Verification_Status,VERIFIED_JOINT,as named/reported,VERIFIED_WORKBOOK,"Figs.6,9-12; pp.5-12",source-reported,High,VERIFIED
P015,10.1016/j.jallcom.2026.188919,P015_MAT_FE50MN20CR20NI10,P015_MC_77K,Dominant_Mechanism,Synergistic TWIP + TRIP + slip,as named/reported,VERIFIED_WORKBOOK,"Figs.6,9-12; pp.5-12",source-reported,High,VERIFIED
P015,10.1016/j.jallcom.2026.188919,P015_MAT_FE50MN20CR20NI10,P015_MC_77K,Evidence_Location,"Figs.6,9-12; pp.5-12",as named/reported,VERIFIED_WORKBOOK,"Figs.6,9-12; pp.5-12",source-reported,High,VERIFIED
P015,10.1016/j.jallcom.2026.188919,P015_MAT_FE50MN20CR20NI10,P015_MC_77K,Confidence,High,as named/reported,VERIFIED_WORKBOOK,"Figs.6,9-12; pp.5-12",source-reported,High,VERIFIED
P015,10.1016/j.jallcom.2026.188919,P015_MAT_FE50MN20CR20NI10,P015_MC_77K,Notes,The paper explicitly describes the cryogenic deformation as governed by both TWIP and TRIP.,as named/reported,VERIFIED_WORKBOOK,"Figs.6,9-12; pp.5-12",source-reported,High,VERIFIED
P015,10.1016/j.jallcom.2026.188919,P015_MAT_FE50MN20CR20NI10,P015_ALLOY_OR_SUPPORTING_SCOPE,Scope,Fe50Mn20Cr20Ni10 alloy-level,as named/reported,CURRENT_PAPER_MD_CALCULATED,"Sec.2.4 + Sec.4.3; Fig.11; pp.2,9",Molecular dynamics using Daramola interatomic potential in LAMMPS,High,VERIFIED
P015,10.1016/j.jallcom.2026.188919,P015_MAT_FE50MN20CR20NI10,P015_ALLOY_OR_SUPPORTING_SCOPE,Temperature_K,298,as named/reported,CURRENT_PAPER_MD_CALCULATED,"Sec.2.4 + Sec.4.3; Fig.11; pp.2,9",Molecular dynamics using Daramola interatomic potential in LAMMPS,High,VERIFIED
P015,10.1016/j.jallcom.2026.188919,P015_MAT_FE50MN20CR20NI10,P015_ALLOY_OR_SUPPORTING_SCOPE,Feature,SFE,as named/reported,CURRENT_PAPER_MD_CALCULATED,"Sec.2.4 + Sec.4.3; Fig.11; pp.2,9",Molecular dynamics using Daramola interatomic potential in LAMMPS,High,VERIFIED
P015,10.1016/j.jallcom.2026.188919,P015_MAT_FE50MN20CR20NI10,P015_ALLOY_OR_SUPPORTING_SCOPE,Value,36.62,as named/reported,CURRENT_PAPER_MD_CALCULATED,"Sec.2.4 + Sec.4.3; Fig.11; pp.2,9",Molecular dynamics using Daramola interatomic potential in LAMMPS,High,VERIFIED
P015,10.1016/j.jallcom.2026.188919,P015_MAT_FE50MN20CR20NI10,P015_ALLOY_OR_SUPPORTING_SCOPE,Units,mJ/m2,as named/reported,CURRENT_PAPER_MD_CALCULATED,"Sec.2.4 + Sec.4.3; Fig.11; pp.2,9",Molecular dynamics using Daramola interatomic potential in LAMMPS,High,VERIFIED
P015,10.1016/j.jallcom.2026.188919,P015_MAT_FE50MN20CR20NI10,P015_ALLOY_OR_SUPPORTING_SCOPE,Method,Molecular dynamics using Daramola interatomic potential in LAMMPS,as named/reported,CURRENT_PAPER_MD_CALCULATED,"Sec.2.4 + Sec.4.3; Fig.11; pp.2,9",Molecular dynamics using Daramola interatomic potential in LAMMPS,High,VERIFIED
P015,10.1016/j.jallcom.2026.188919,P015_MAT_FE50MN20CR20NI10,P015_ALLOY_OR_SUPPORTING_SCOPE,Value_Status,CURRENT_PAPER_MD_CALCULATED,as named/reported,CURRENT_PAPER_MD_CALCULATED,"Sec.2.4 + Sec.4.3; Fig.11; pp.2,9",Molecular dynamics using Daramola interatomic potential in LAMMPS,High,VERIFIED
P015,10.1016/j.jallcom.2026.188919,P015_MAT_FE50MN20CR20NI10,P015_ALLOY_OR_SUPPORTING_SCOPE,Model_or_Reference_Scope,Temperature-specific alloy-level computational value,as named/reported,CURRENT_PAPER_MD_CALCULATED,"Sec.2.4 + Sec.4.3; Fig.11; pp.2,9",Molecular dynamics using Daramola interatomic potential in LAMMPS,High,VERIFIED
P015,10.1016/j.jallcom.2026.188919,P015_MAT_FE50MN20CR20NI10,P015_ALLOY_OR_SUPPORTING_SCOPE,Evidence_Location,"Sec.2.4 + Sec.4.3; Fig.11; pp.2,9",as named/reported,CURRENT_PAPER_MD_CALCULATED,"Sec.2.4 + Sec.4.3; Fig.11; pp.2,9",Molecular dynamics using Daramola interatomic potential in LAMMPS,High,VERIFIED
P015,10.1016/j.jallcom.2026.188919,P015_MAT_FE50MN20CR20NI10,P015_ALLOY_OR_SUPPORTING_SCOPE,Confidence,High,as named/reported,CURRENT_PAPER_MD_CALCULATED,"Sec.2.4 + Sec.4.3; Fig.11; pp.2,9",Molecular dynamics using Daramola interatomic potential in LAMMPS,High,VERIFIED
P015,10.1016/j.jallcom.2026.188919,P015_MAT_FE50MN20CR20NI10,P015_ALLOY_OR_SUPPORTING_SCOPE,Interpretation_Rule,Do not label as experimental SFE. Keep separate from thermodynamic literature comparisons.,as named/reported,CURRENT_PAPER_MD_CALCULATED,"Sec.2.4 + Sec.4.3; Fig.11; pp.2,9",Molecular dynamics using Daramola interatomic potential in LAMMPS,High,VERIFIED
P015,10.1016/j.jallcom.2026.188919,P015_MAT_FE50MN20CR20NI10,P015_ALLOY_OR_SUPPORTING_SCOPE,Scope,Fe50Mn20Cr20Ni10 alloy-level,as named/reported,CURRENT_PAPER_MD_CALCULATED,"Sec.2.4 + Sec.4.3; Fig.11; pp.2,9",Molecular dynamics using Daramola interatomic potential in LAMMPS,High,VERIFIED
P015,10.1016/j.jallcom.2026.188919,P015_MAT_FE50MN20CR20NI10,P015_ALLOY_OR_SUPPORTING_SCOPE,Temperature_K,77,as named/reported,CURRENT_PAPER_MD_CALCULATED,"Sec.2.4 + Sec.4.3; Fig.11; pp.2,9",Molecular dynamics using Daramola interatomic potential in LAMMPS,High,VERIFIED
P015,10.1016/j.jallcom.2026.188919,P015_MAT_FE50MN20CR20NI10,P015_ALLOY_OR_SUPPORTING_SCOPE,Feature,SFE,as named/reported,CURRENT_PAPER_MD_CALCULATED,"Sec.2.4 + Sec.4.3; Fig.11; pp.2,9",Molecular dynamics using Daramola interatomic potential in LAMMPS,High,VERIFIED
P015,10.1016/j.jallcom.2026.188919,P015_MAT_FE50MN20CR20NI10,P015_ALLOY_OR_SUPPORTING_SCOPE,Value,10.97,as named/reported,CURRENT_PAPER_MD_CALCULATED,"Sec.2.4 + Sec.4.3; Fig.11; pp.2,9",Molecular dynamics using Daramola interatomic potential in LAMMPS,High,VERIFIED
P015,10.1016/j.jallcom.2026.188919,P015_MAT_FE50MN20CR20NI10,P015_ALLOY_OR_SUPPORTING_SCOPE,Units,mJ/m2,as named/reported,CURRENT_PAPER_MD_CALCULATED,"Sec.2.4 + Sec.4.3; Fig.11; pp.2,9",Molecular dynamics using Daramola interatomic potential in LAMMPS,High,VERIFIED
P015,10.1016/j.jallcom.2026.188919,P015_MAT_FE50MN20CR20NI10,P015_ALLOY_OR_SUPPORTING_SCOPE,Method,Molecular dynamics using Daramola interatomic potential in LAMMPS,as named/reported,CURRENT_PAPER_MD_CALCULATED,"Sec.2.4 + Sec.4.3; Fig.11; pp.2,9",Molecular dynamics using Daramola interatomic potential in LAMMPS,High,VERIFIED
P015,10.1016/j.jallcom.2026.188919,P015_MAT_FE50MN20CR20NI10,P015_ALLOY_OR_SUPPORTING_SCOPE,Value_Status,CURRENT_PAPER_MD_CALCULATED,as named/reported,CURRENT_PAPER_MD_CALCULATED,"Sec.2.4 + Sec.4.3; Fig.11; pp.2,9",Molecular dynamics using Daramola interatomic potential in LAMMPS,High,VERIFIED
P015,10.1016/j.jallcom.2026.188919,P015_MAT_FE50MN20CR20NI10,P015_ALLOY_OR_SUPPORTING_SCOPE,Model_or_Reference_Scope,Temperature-specific alloy-level computational value,as named/reported,CURRENT_PAPER_MD_CALCULATED,"Sec.2.4 + Sec.4.3; Fig.11; pp.2,9",Molecular dynamics using Daramola interatomic potential in LAMMPS,High,VERIFIED
P015,10.1016/j.jallcom.2026.188919,P015_MAT_FE50MN20CR20NI10,P015_ALLOY_OR_SUPPORTING_SCOPE,Evidence_Location,"Sec.2.4 + Sec.4.3; Fig.11; pp.2,9",as named/reported,CURRENT_PAPER_MD_CALCULATED,"Sec.2.4 + Sec.4.3; Fig.11; pp.2,9",Molecular dynamics using Daramola interatomic potential in LAMMPS,High,VERIFIED
P015,10.1016/j.jallcom.2026.188919,P015_MAT_FE50MN20CR20NI10,P015_ALLOY_OR_SUPPORTING_SCOPE,Confidence,High,as named/reported,CURRENT_PAPER_MD_CALCULATED,"Sec.2.4 + Sec.4.3; Fig.11; pp.2,9",Molecular dynamics using Daramola interatomic potential in LAMMPS,High,VERIFIED
P015,10.1016/j.jallcom.2026.188919,P015_MAT_FE50MN20CR20NI10,P015_ALLOY_OR_SUPPORTING_SCOPE,Interpretation_Rule,Do not label as experimental SFE.,as named/reported,CURRENT_PAPER_MD_CALCULATED,"Sec.2.4 + Sec.4.3; Fig.11; pp.2,9",Molecular dynamics using Daramola interatomic potential in LAMMPS,High,VERIFIED
P015,10.1016/j.jallcom.2026.188919,P015_MAT_FE50MN20CR20NI10,P015_ALLOY_OR_SUPPORTING_SCOPE,Scope,Critical-growth model,as named/reported,CURRENT_PAPER_CALCULATED,Sec.4.3 p.11; Eq.5,Analytical critical-stress model; Taylor factor applied,High,VERIFIED
P015,10.1016/j.jallcom.2026.188919,P015_MAT_FE50MN20CR20NI10,P015_ALLOY_OR_SUPPORTING_SCOPE,Temperature_K,77,as named/reported,CURRENT_PAPER_CALCULATED,Sec.4.3 p.11; Eq.5,Analytical critical-stress model; Taylor factor applied,High,VERIFIED
P015,10.1016/j.jallcom.2026.188919,P015_MAT_FE50MN20CR20NI10,P015_ALLOY_OR_SUPPORTING_SCOPE,Feature,Twin_critical_normal_growth_stress,as named/reported,CURRENT_PAPER_CALCULATED,Sec.4.3 p.11; Eq.5,Analytical critical-stress model; Taylor factor applied,High,VERIFIED
P015,10.1016/j.jallcom.2026.188919,P015_MAT_FE50MN20CR20NI10,P015_ALLOY_OR_SUPPORTING_SCOPE,Value,440,as named/reported,CURRENT_PAPER_CALCULATED,Sec.4.3 p.11; Eq.5,Analytical critical-stress model; Taylor factor applied,High,VERIFIED
P015,10.1016/j.jallcom.2026.188919,P015_MAT_FE50MN20CR20NI10,P015_ALLOY_OR_SUPPORTING_SCOPE,Units,MPa,as named/reported,CURRENT_PAPER_CALCULATED,Sec.4.3 p.11; Eq.5,Analytical critical-stress model; Taylor factor applied,High,VERIFIED
P015,10.1016/j.jallcom.2026.188919,P015_MAT_FE50MN20CR20NI10,P015_ALLOY_OR_SUPPORTING_SCOPE,Method,Analytical critical-stress model; Taylor factor applied,as named/reported,CURRENT_PAPER_CALCULATED,Sec.4.3 p.11; Eq.5,Analytical critical-stress model; Taylor factor applied,High,VERIFIED
P015,10.1016/j.jallcom.2026.188919,P015_MAT_FE50MN20CR20NI10,P015_ALLOY_OR_SUPPORTING_SCOPE,Value_Status,CURRENT_PAPER_CALCULATED,as named/reported,CURRENT_PAPER_CALCULATED,Sec.4.3 p.11; Eq.5,Analytical critical-stress model; Taylor factor applied,High,VERIFIED
P015,10.1016/j.jallcom.2026.188919,P015_MAT_FE50MN20CR20NI10,P015_ALLOY_OR_SUPPORTING_SCOPE,Model_or_Reference_Scope,Model uses literature/assumed parameters,as named/reported,CURRENT_PAPER_CALCULATED,Sec.4.3 p.11; Eq.5,Analytical critical-stress model; Taylor factor applied,High,VERIFIED
P015,10.1016/j.jallcom.2026.188919,P015_MAT_FE50MN20CR20NI10,P015_ALLOY_OR_SUPPORTING_SCOPE,Evidence_Location,Sec.4.3 p.11; Eq.5,as named/reported,CURRENT_PAPER_CALCULATED,Sec.4.3 p.11; Eq.5,Analytical critical-stress model; Taylor factor applied,High,VERIFIED
P015,10.1016/j.jallcom.2026.188919,P015_MAT_FE50MN20CR20NI10,P015_ALLOY_OR_SUPPORTING_SCOPE,Confidence,High,as named/reported,CURRENT_PAPER_CALCULATED,Sec.4.3 p.11; Eq.5,Analytical critical-stress model; Taylor factor applied,High,VERIFIED
P015,10.1016/j.jallcom.2026.188919,P015_MAT_FE50MN20CR20NI10,P015_ALLOY_OR_SUPPORTING_SCOPE,Interpretation_Rule,"Model-derived threshold, not directly measured onset stress.",as named/reported,CURRENT_PAPER_CALCULATED,Sec.4.3 p.11; Eq.5,Analytical critical-stress model; Taylor factor applied,High,VERIFIED
P015,10.1016/j.jallcom.2026.188919,P015_MAT_FE50MN20CR20NI10,P015_ALLOY_OR_SUPPORTING_SCOPE,Scope,Critical-growth model,as named/reported,CURRENT_PAPER_CALCULATED,Sec.4.3 p.11; Eq.5,Analytical critical-stress model; Taylor factor applied,High,VERIFIED
P015,10.1016/j.jallcom.2026.188919,P015_MAT_FE50MN20CR20NI10,P015_ALLOY_OR_SUPPORTING_SCOPE,Temperature_K,298,as named/reported,CURRENT_PAPER_CALCULATED,Sec.4.3 p.11; Eq.5,Analytical critical-stress model; Taylor factor applied,High,VERIFIED
P015,10.1016/j.jallcom.2026.188919,P015_MAT_FE50MN20CR20NI10,P015_ALLOY_OR_SUPPORTING_SCOPE,Feature,Twin_critical_normal_growth_stress,as named/reported,CURRENT_PAPER_CALCULATED,Sec.4.3 p.11; Eq.5,Analytical critical-stress model; Taylor factor applied,High,VERIFIED
P015,10.1016/j.jallcom.2026.188919,P015_MAT_FE50MN20CR20NI10,P015_ALLOY_OR_SUPPORTING_SCOPE,Value,658,as named/reported,CURRENT_PAPER_CALCULATED,Sec.4.3 p.11; Eq.5,Analytical critical-stress model; Taylor factor applied,High,VERIFIED
P015,10.1016/j.jallcom.2026.188919,P015_MAT_FE50MN20CR20NI10,P015_ALLOY_OR_SUPPORTING_SCOPE,Units,MPa,as named/reported,CURRENT_PAPER_CALCULATED,Sec.4.3 p.11; Eq.5,Analytical critical-stress model; Taylor factor applied,High,VERIFIED
P015,10.1016/j.jallcom.2026.188919,P015_MAT_FE50MN20CR20NI10,P015_ALLOY_OR_SUPPORTING_SCOPE,Method,Analytical critical-stress model; Taylor factor applied,as named/reported,CURRENT_PAPER_CALCULATED,Sec.4.3 p.11; Eq.5,Analytical critical-stress model; Taylor factor applied,High,VERIFIED
P015,10.1016/j.jallcom.2026.188919,P015_MAT_FE50MN20CR20NI10,P015_ALLOY_OR_SUPPORTING_SCOPE,Value_Status,CURRENT_PAPER_CALCULATED,as named/reported,CURRENT_PAPER_CALCULATED,Sec.4.3 p.11; Eq.5,Analytical critical-stress model; Taylor factor applied,High,VERIFIED
P015,10.1016/j.jallcom.2026.188919,P015_MAT_FE50MN20CR20NI10,P015_ALLOY_OR_SUPPORTING_SCOPE,Model_or_Reference_Scope,Model uses literature/assumed parameters,as named/reported,CURRENT_PAPER_CALCULATED,Sec.4.3 p.11; Eq.5,Analytical critical-stress model; Taylor factor applied,High,VERIFIED
P015,10.1016/j.jallcom.2026.188919,P015_MAT_FE50MN20CR20NI10,P015_ALLOY_OR_SUPPORTING_SCOPE,Evidence_Location,Sec.4.3 p.11; Eq.5,as named/reported,CURRENT_PAPER_CALCULATED,Sec.4.3 p.11; Eq.5,Analytical critical-stress model; Taylor factor applied,High,VERIFIED
P015,10.1016/j.jallcom.2026.188919,P015_MAT_FE50MN20CR20NI10,P015_ALLOY_OR_SUPPORTING_SCOPE,Confidence,High,as named/reported,CURRENT_PAPER_CALCULATED,Sec.4.3 p.11; Eq.5,Analytical critical-stress model; Taylor factor applied,High,VERIFIED
P015,10.1016/j.jallcom.2026.188919,P015_MAT_FE50MN20CR20NI10,P015_ALLOY_OR_SUPPORTING_SCOPE,Interpretation_Rule,Paper states 298 K analytical predictions do not match the engineering curve well; preserve limited validity.,as named/reported,CURRENT_PAPER_CALCULATED,Sec.4.3 p.11; Eq.5,Analytical critical-stress model; Taylor factor applied,High,VERIFIED
P015,10.1016/j.jallcom.2026.188919,P015_MAT_FE50MN20CR20NI10,P015_ALLOY_OR_SUPPORTING_SCOPE,Scope,Critical-growth model,as named/reported,CURRENT_PAPER_CALCULATED,Sec.4.3 p.11; Eq.4,Analytical critical-stress model; Taylor factor applied,High,VERIFIED
P015,10.1016/j.jallcom.2026.188919,P015_MAT_FE50MN20CR20NI10,P015_ALLOY_OR_SUPPORTING_SCOPE,Temperature_K,77,as named/reported,CURRENT_PAPER_CALCULATED,Sec.4.3 p.11; Eq.4,Analytical critical-stress model; Taylor factor applied,High,VERIFIED
P015,10.1016/j.jallcom.2026.188919,P015_MAT_FE50MN20CR20NI10,P015_ALLOY_OR_SUPPORTING_SCOPE,Feature,Epsilon_martensite_critical_normal_growth_stress,as named/reported,CURRENT_PAPER_CALCULATED,Sec.4.3 p.11; Eq.4,Analytical critical-stress model; Taylor factor applied,High,VERIFIED
P015,10.1016/j.jallcom.2026.188919,P015_MAT_FE50MN20CR20NI10,P015_ALLOY_OR_SUPPORTING_SCOPE,Value,742,as named/reported,CURRENT_PAPER_CALCULATED,Sec.4.3 p.11; Eq.4,Analytical critical-stress model; Taylor factor applied,High,VERIFIED
P015,10.1016/j.jallcom.2026.188919,P015_MAT_FE50MN20CR20NI10,P015_ALLOY_OR_SUPPORTING_SCOPE,Units,MPa,as named/reported,CURRENT_PAPER_CALCULATED,Sec.4.3 p.11; Eq.4,Analytical critical-stress model; Taylor factor applied,High,VERIFIED
P015,10.1016/j.jallcom.2026.188919,P015_MAT_FE50MN20CR20NI10,P015_ALLOY_OR_SUPPORTING_SCOPE,Method,Analytical critical-stress model; Taylor factor applied,as named/reported,CURRENT_PAPER_CALCULATED,Sec.4.3 p.11; Eq.4,Analytical critical-stress model; Taylor factor applied,High,VERIFIED
P015,10.1016/j.jallcom.2026.188919,P015_MAT_FE50MN20CR20NI10,P015_ALLOY_OR_SUPPORTING_SCOPE,Value_Status,CURRENT_PAPER_CALCULATED,as named/reported,CURRENT_PAPER_CALCULATED,Sec.4.3 p.11; Eq.4,Analytical critical-stress model; Taylor factor applied,High,VERIFIED
P015,10.1016/j.jallcom.2026.188919,P015_MAT_FE50MN20CR20NI10,P015_ALLOY_OR_SUPPORTING_SCOPE,Model_or_Reference_Scope,Model uses literature/assumed parameters,as named/reported,CURRENT_PAPER_CALCULATED,Sec.4.3 p.11; Eq.4,Analytical critical-stress model; Taylor factor applied,High,VERIFIED
P015,10.1016/j.jallcom.2026.188919,P015_MAT_FE50MN20CR20NI10,P015_ALLOY_OR_SUPPORTING_SCOPE,Evidence_Location,Sec.4.3 p.11; Eq.4,as named/reported,CURRENT_PAPER_CALCULATED,Sec.4.3 p.11; Eq.4,Analytical critical-stress model; Taylor factor applied,High,VERIFIED
P015,10.1016/j.jallcom.2026.188919,P015_MAT_FE50MN20CR20NI10,P015_ALLOY_OR_SUPPORTING_SCOPE,Confidence,High,as named/reported,CURRENT_PAPER_CALCULATED,Sec.4.3 p.11; Eq.4,Analytical critical-stress model; Taylor factor applied,High,VERIFIED
P015,10.1016/j.jallcom.2026.188919,P015_MAT_FE50MN20CR20NI10,P015_ALLOY_OR_SUPPORTING_SCOPE,Interpretation_Rule,Model-derived threshold. Authors infer TRIP activation at ~12% strain at 77 K.,as named/reported,CURRENT_PAPER_CALCULATED,Sec.4.3 p.11; Eq.4,Analytical critical-stress model; Taylor factor applied,High,VERIFIED
P015,10.1016/j.jallcom.2026.188919,P015_MAT_FE50MN20CR20NI10,P015_ALLOY_OR_SUPPORTING_SCOPE,Scope,Critical-growth model,as named/reported,CURRENT_PAPER_CALCULATED,Sec.4.3 p.11; Eq.4,Analytical critical-stress model; Taylor factor applied,High,VERIFIED
P015,10.1016/j.jallcom.2026.188919,P015_MAT_FE50MN20CR20NI10,P015_ALLOY_OR_SUPPORTING_SCOPE,Temperature_K,298,as named/reported,CURRENT_PAPER_CALCULATED,Sec.4.3 p.11; Eq.4,Analytical critical-stress model; Taylor factor applied,High,VERIFIED
P015,10.1016/j.jallcom.2026.188919,P015_MAT_FE50MN20CR20NI10,P015_ALLOY_OR_SUPPORTING_SCOPE,Feature,Epsilon_martensite_critical_normal_growth_stress,as named/reported,CURRENT_PAPER_CALCULATED,Sec.4.3 p.11; Eq.4,Analytical critical-stress model; Taylor factor applied,High,VERIFIED
P015,10.1016/j.jallcom.2026.188919,P015_MAT_FE50MN20CR20NI10,P015_ALLOY_OR_SUPPORTING_SCOPE,Value,745,as named/reported,CURRENT_PAPER_CALCULATED,Sec.4.3 p.11; Eq.4,Analytical critical-stress model; Taylor factor applied,High,VERIFIED
P015,10.1016/j.jallcom.2026.188919,P015_MAT_FE50MN20CR20NI10,P015_ALLOY_OR_SUPPORTING_SCOPE,Units,MPa,as named/reported,CURRENT_PAPER_CALCULATED,Sec.4.3 p.11; Eq.4,Analytical critical-stress model; Taylor factor applied,High,VERIFIED
P015,10.1016/j.jallcom.2026.188919,P015_MAT_FE50MN20CR20NI10,P015_ALLOY_OR_SUPPORTING_SCOPE,Method,Analytical critical-stress model; Taylor factor applied,as named/reported,CURRENT_PAPER_CALCULATED,Sec.4.3 p.11; Eq.4,Analytical critical-stress model; Taylor factor applied,High,VERIFIED
P015,10.1016/j.jallcom.2026.188919,P015_MAT_FE50MN20CR20NI10,P015_ALLOY_OR_SUPPORTING_SCOPE,Value_Status,CURRENT_PAPER_CALCULATED,as named/reported,CURRENT_PAPER_CALCULATED,Sec.4.3 p.11; Eq.4,Analytical critical-stress model; Taylor factor applied,High,VERIFIED
P015,10.1016/j.jallcom.2026.188919,P015_MAT_FE50MN20CR20NI10,P015_ALLOY_OR_SUPPORTING_SCOPE,Model_or_Reference_Scope,Model uses literature/assumed parameters,as named/reported,CURRENT_PAPER_CALCULATED,Sec.4.3 p.11; Eq.4,Analytical critical-stress model; Taylor factor applied,High,VERIFIED
P015,10.1016/j.jallcom.2026.188919,P015_MAT_FE50MN20CR20NI10,P015_ALLOY_OR_SUPPORTING_SCOPE,Evidence_Location,Sec.4.3 p.11; Eq.4,as named/reported,CURRENT_PAPER_CALCULATED,Sec.4.3 p.11; Eq.4,Analytical critical-stress model; Taylor factor applied,High,VERIFIED
P015,10.1016/j.jallcom.2026.188919,P015_MAT_FE50MN20CR20NI10,P015_ALLOY_OR_SUPPORTING_SCOPE,Confidence,High,as named/reported,CURRENT_PAPER_CALCULATED,Sec.4.3 p.11; Eq.4,Analytical critical-stress model; Taylor factor applied,High,VERIFIED
P015,10.1016/j.jallcom.2026.188919,P015_MAT_FE50MN20CR20NI10,P015_ALLOY_OR_SUPPORTING_SCOPE,Interpretation_Rule,Do not use this to override experimental TRIP=0 at 298 K; authors note poor 298 K agreement.,as named/reported,CURRENT_PAPER_CALCULATED,Sec.4.3 p.11; Eq.4,Analytical critical-stress model; Taylor factor applied,High,VERIFIED
P015,10.1016/j.jallcom.2026.188919,P015_MAT_FE50MN20CR20NI10,P015_ALLOY_OR_SUPPORTING_SCOPE,Scope,Critical-growth model inference,as named/reported,CURRENT_PAPER_INFERRED,Sec.4.3 p.11,MODEL_CURVE_INFERENCE,High,VERIFIED
P015,10.1016/j.jallcom.2026.188919,P015_MAT_FE50MN20CR20NI10,P015_ALLOY_OR_SUPPORTING_SCOPE,Temperature_K,77,as named/reported,CURRENT_PAPER_INFERRED,Sec.4.3 p.11,MODEL_CURVE_INFERENCE,High,VERIFIED
P015,10.1016/j.jallcom.2026.188919,P015_MAT_FE50MN20CR20NI10,P015_ALLOY_OR_SUPPORTING_SCOPE,Feature,TWIP_onset_interpretation,as named/reported,CURRENT_PAPER_INFERRED,Sec.4.3 p.11,MODEL_CURVE_INFERENCE,High,VERIFIED
P015,10.1016/j.jallcom.2026.188919,P015_MAT_FE50MN20CR20NI10,P015_ALLOY_OR_SUPPORTING_SCOPE,Value,Immediately upon plastic deformation,as named/reported,CURRENT_PAPER_INFERRED,Sec.4.3 p.11,MODEL_CURVE_INFERENCE,High,VERIFIED
P015,10.1016/j.jallcom.2026.188919,P015_MAT_FE50MN20CR20NI10,P015_ALLOY_OR_SUPPORTING_SCOPE,Method,MODEL_CURVE_INFERENCE,as named/reported,CURRENT_PAPER_INFERRED,Sec.4.3 p.11,MODEL_CURVE_INFERENCE,High,VERIFIED
P015,10.1016/j.jallcom.2026.188919,P015_MAT_FE50MN20CR20NI10,P015_ALLOY_OR_SUPPORTING_SCOPE,Value_Status,CURRENT_PAPER_INFERRED,as named/reported,CURRENT_PAPER_INFERRED,Sec.4.3 p.11,MODEL_CURVE_INFERENCE,High,VERIFIED
P015,10.1016/j.jallcom.2026.188919,P015_MAT_FE50MN20CR20NI10,P015_ALLOY_OR_SUPPORTING_SCOPE,Model_or_Reference_Scope,Derived by correlating critical twin stress with tensile curve,as named/reported,CURRENT_PAPER_INFERRED,Sec.4.3 p.11,MODEL_CURVE_INFERENCE,High,VERIFIED
P015,10.1016/j.jallcom.2026.188919,P015_MAT_FE50MN20CR20NI10,P015_ALLOY_OR_SUPPORTING_SCOPE,Evidence_Location,Sec.4.3 p.11,as named/reported,CURRENT_PAPER_INFERRED,Sec.4.3 p.11,MODEL_CURVE_INFERENCE,High,VERIFIED
P015,10.1016/j.jallcom.2026.188919,P015_MAT_FE50MN20CR20NI10,P015_ALLOY_OR_SUPPORTING_SCOPE,Confidence,High,as named/reported,CURRENT_PAPER_INFERRED,Sec.4.3 p.11,MODEL_CURVE_INFERENCE,High,VERIFIED
P015,10.1016/j.jallcom.2026.188919,P015_MAT_FE50MN20CR20NI10,P015_ALLOY_OR_SUPPORTING_SCOPE,Interpretation_Rule,Do not convert to a direct experimental onset strain unless explicitly measured.,as named/reported,CURRENT_PAPER_INFERRED,Sec.4.3 p.11,MODEL_CURVE_INFERENCE,High,VERIFIED
P015,10.1016/j.jallcom.2026.188919,P015_MAT_FE50MN20CR20NI10,P015_ALLOY_OR_SUPPORTING_SCOPE,Scope,Critical-growth model inference,as named/reported,CURRENT_PAPER_INFERRED,Sec.4.3 p.11,MODEL_CURVE_INFERENCE,High,VERIFIED
P015,10.1016/j.jallcom.2026.188919,P015_MAT_FE50MN20CR20NI10,P015_ALLOY_OR_SUPPORTING_SCOPE,Temperature_K,77,as named/reported,CURRENT_PAPER_INFERRED,Sec.4.3 p.11,MODEL_CURVE_INFERENCE,High,VERIFIED
P015,10.1016/j.jallcom.2026.188919,P015_MAT_FE50MN20CR20NI10,P015_ALLOY_OR_SUPPORTING_SCOPE,Feature,TRIP_onset_strain,as named/reported,CURRENT_PAPER_INFERRED,Sec.4.3 p.11,MODEL_CURVE_INFERENCE,High,VERIFIED
P015,10.1016/j.jallcom.2026.188919,P015_MAT_FE50MN20CR20NI10,P015_ALLOY_OR_SUPPORTING_SCOPE,Value,12,as named/reported,CURRENT_PAPER_INFERRED,Sec.4.3 p.11,MODEL_CURVE_INFERENCE,High,VERIFIED
P015,10.1016/j.jallcom.2026.188919,P015_MAT_FE50MN20CR20NI10,P015_ALLOY_OR_SUPPORTING_SCOPE,Units,% strain,as named/reported,CURRENT_PAPER_INFERRED,Sec.4.3 p.11,MODEL_CURVE_INFERENCE,High,VERIFIED
P015,10.1016/j.jallcom.2026.188919,P015_MAT_FE50MN20CR20NI10,P015_ALLOY_OR_SUPPORTING_SCOPE,Method,MODEL_CURVE_INFERENCE,as named/reported,CURRENT_PAPER_INFERRED,Sec.4.3 p.11,MODEL_CURVE_INFERENCE,High,VERIFIED
P015,10.1016/j.jallcom.2026.188919,P015_MAT_FE50MN20CR20NI10,P015_ALLOY_OR_SUPPORTING_SCOPE,Value_Status,CURRENT_PAPER_INFERRED,as named/reported,CURRENT_PAPER_INFERRED,Sec.4.3 p.11,MODEL_CURVE_INFERENCE,High,VERIFIED
P015,10.1016/j.jallcom.2026.188919,P015_MAT_FE50MN20CR20NI10,P015_ALLOY_OR_SUPPORTING_SCOPE,Model_or_Reference_Scope,Derived by correlating critical martensite stress with tensile curve,as named/reported,CURRENT_PAPER_INFERRED,Sec.4.3 p.11,MODEL_CURVE_INFERENCE,High,VERIFIED
P015,10.1016/j.jallcom.2026.188919,P015_MAT_FE50MN20CR20NI10,P015_ALLOY_OR_SUPPORTING_SCOPE,Evidence_Location,Sec.4.3 p.11,as named/reported,CURRENT_PAPER_INFERRED,Sec.4.3 p.11,MODEL_CURVE_INFERENCE,High,VERIFIED
P015,10.1016/j.jallcom.2026.188919,P015_MAT_FE50MN20CR20NI10,P015_ALLOY_OR_SUPPORTING_SCOPE,Confidence,High,as named/reported,CURRENT_PAPER_INFERRED,Sec.4.3 p.11,MODEL_CURVE_INFERENCE,High,VERIFIED
P015,10.1016/j.jallcom.2026.188919,P015_MAT_FE50MN20CR20NI10,P015_ALLOY_OR_SUPPORTING_SCOPE,Interpretation_Rule,Approximate inferred onset; not an interrupted experimental observation.,as named/reported,CURRENT_PAPER_INFERRED,Sec.4.3 p.11,MODEL_CURVE_INFERENCE,High,VERIFIED
P015,10.1016/j.jallcom.2026.188919,P015_MAT_FE50MN20CR20NI10,P015_ALLOY_OR_SUPPORTING_SCOPE,Scope,Critical-growth model input,as named/reported,MODEL_INPUT,Table 2 p.11,Analytical model input,High,VERIFIED
P015,10.1016/j.jallcom.2026.188919,P015_MAT_FE50MN20CR20NI10,P015_ALLOY_OR_SUPPORTING_SCOPE,Temperature_K,77,as named/reported,MODEL_INPUT,Table 2 p.11,Analytical model input,High,VERIFIED
P015,10.1016/j.jallcom.2026.188919,P015_MAT_FE50MN20CR20NI10,P015_ALLOY_OR_SUPPORTING_SCOPE,Feature,b_tr,as named/reported,MODEL_INPUT,Table 2 p.11,Analytical model input,High,VERIFIED
P015,10.1016/j.jallcom.2026.188919,P015_MAT_FE50MN20CR20NI10,P015_ALLOY_OR_SUPPORTING_SCOPE,Value,1.47e-10,as named/reported,MODEL_INPUT,Table 2 p.11,Analytical model input,High,VERIFIED
P015,10.1016/j.jallcom.2026.188919,P015_MAT_FE50MN20CR20NI10,P015_ALLOY_OR_SUPPORTING_SCOPE,Units,m,as named/reported,MODEL_INPUT,Table 2 p.11,Analytical model input,High,VERIFIED
P015,10.1016/j.jallcom.2026.188919,P015_MAT_FE50MN20CR20NI10,P015_ALLOY_OR_SUPPORTING_SCOPE,Method,Analytical model input,as named/reported,MODEL_INPUT,Table 2 p.11,Analytical model input,High,VERIFIED
P015,10.1016/j.jallcom.2026.188919,P015_MAT_FE50MN20CR20NI10,P015_ALLOY_OR_SUPPORTING_SCOPE,Value_Status,MODEL_INPUT,as named/reported,MODEL_INPUT,Table 2 p.11,Analytical model input,High,VERIFIED
P015,10.1016/j.jallcom.2026.188919,P015_MAT_FE50MN20CR20NI10,P015_ALLOY_OR_SUPPORTING_SCOPE,Model_or_Reference_Scope,Table 2 parameter,as named/reported,MODEL_INPUT,Table 2 p.11,Analytical model input,High,VERIFIED
P015,10.1016/j.jallcom.2026.188919,P015_MAT_FE50MN20CR20NI10,P015_ALLOY_OR_SUPPORTING_SCOPE,Evidence_Location,Table 2 p.11,as named/reported,MODEL_INPUT,Table 2 p.11,Analytical model input,High,VERIFIED
P015,10.1016/j.jallcom.2026.188919,P015_MAT_FE50MN20CR20NI10,P015_ALLOY_OR_SUPPORTING_SCOPE,Confidence,High,as named/reported,MODEL_INPUT,Table 2 p.11,Analytical model input,High,VERIFIED
P015,10.1016/j.jallcom.2026.188919,P015_MAT_FE50MN20CR20NI10,P015_ALLOY_OR_SUPPORTING_SCOPE,Interpretation_Rule,Burgers-vector parameter for martensite growth model.,as named/reported,MODEL_INPUT,Table 2 p.11,Analytical model input,High,VERIFIED
P015,10.1016/j.jallcom.2026.188919,P015_MAT_FE50MN20CR20NI10,P015_ALLOY_OR_SUPPORTING_SCOPE,Scope,Critical-growth model input,as named/reported,MODEL_INPUT,Table 2 p.11,Analytical model input,High,VERIFIED
P015,10.1016/j.jallcom.2026.188919,P015_MAT_FE50MN20CR20NI10,P015_ALLOY_OR_SUPPORTING_SCOPE,Temperature_K,77,as named/reported,MODEL_INPUT,Table 2 p.11,Analytical model input,High,VERIFIED
P015,10.1016/j.jallcom.2026.188919,P015_MAT_FE50MN20CR20NI10,P015_ALLOY_OR_SUPPORTING_SCOPE,Feature,L_tr,as named/reported,MODEL_INPUT,Table 2 p.11,Analytical model input,High,VERIFIED
P015,10.1016/j.jallcom.2026.188919,P015_MAT_FE50MN20CR20NI10,P015_ALLOY_OR_SUPPORTING_SCOPE,Value,1.73e-07,as named/reported,MODEL_INPUT,Table 2 p.11,Analytical model input,High,VERIFIED
P015,10.1016/j.jallcom.2026.188919,P015_MAT_FE50MN20CR20NI10,P015_ALLOY_OR_SUPPORTING_SCOPE,Units,m,as named/reported,MODEL_INPUT,Table 2 p.11,Analytical model input,High,VERIFIED
P015,10.1016/j.jallcom.2026.188919,P015_MAT_FE50MN20CR20NI10,P015_ALLOY_OR_SUPPORTING_SCOPE,Method,Analytical model input,as named/reported,MODEL_INPUT,Table 2 p.11,Analytical model input,High,VERIFIED
P015,10.1016/j.jallcom.2026.188919,P015_MAT_FE50MN20CR20NI10,P015_ALLOY_OR_SUPPORTING_SCOPE,Value_Status,MODEL_INPUT,as named/reported,MODEL_INPUT,Table 2 p.11,Analytical model input,High,VERIFIED
P015,10.1016/j.jallcom.2026.188919,P015_MAT_FE50MN20CR20NI10,P015_ALLOY_OR_SUPPORTING_SCOPE,Model_or_Reference_Scope,Table 2 parameter,as named/reported,MODEL_INPUT,Table 2 p.11,Analytical model input,High,VERIFIED
P015,10.1016/j.jallcom.2026.188919,P015_MAT_FE50MN20CR20NI10,P015_ALLOY_OR_SUPPORTING_SCOPE,Evidence_Location,Table 2 p.11,as named/reported,MODEL_INPUT,Table 2 p.11,Analytical model input,High,VERIFIED
P015,10.1016/j.jallcom.2026.188919,P015_MAT_FE50MN20CR20NI10,P015_ALLOY_OR_SUPPORTING_SCOPE,Confidence,High,as named/reported,MODEL_INPUT,Table 2 p.11,Analytical model input,High,VERIFIED
P015,10.1016/j.jallcom.2026.188919,P015_MAT_FE50MN20CR20NI10,P015_ALLOY_OR_SUPPORTING_SCOPE,Interpretation_Rule,Martensite nucleus width parameter.,as named/reported,MODEL_INPUT,Table 2 p.11,Analytical model input,High,VERIFIED
P015,10.1016/j.jallcom.2026.188919,P015_MAT_FE50MN20CR20NI10,P015_ALLOY_OR_SUPPORTING_SCOPE,Scope,Critical-growth model input,as named/reported,MODEL_INPUT,Table 2 p.11,Analytical model input,High,VERIFIED
P015,10.1016/j.jallcom.2026.188919,P015_MAT_FE50MN20CR20NI10,P015_ALLOY_OR_SUPPORTING_SCOPE,Temperature_K,77,as named/reported,MODEL_INPUT,Table 2 p.11,Analytical model input,High,VERIFIED
P015,10.1016/j.jallcom.2026.188919,P015_MAT_FE50MN20CR20NI10,P015_ALLOY_OR_SUPPORTING_SCOPE,Feature,b_tw,as named/reported,MODEL_INPUT,Table 2 p.11,Analytical model input,High,VERIFIED
P015,10.1016/j.jallcom.2026.188919,P015_MAT_FE50MN20CR20NI10,P015_ALLOY_OR_SUPPORTING_SCOPE,Value,1.2e-10,as named/reported,MODEL_INPUT,Table 2 p.11,Analytical model input,High,VERIFIED
P015,10.1016/j.jallcom.2026.188919,P015_MAT_FE50MN20CR20NI10,P015_ALLOY_OR_SUPPORTING_SCOPE,Units,m,as named/reported,MODEL_INPUT,Table 2 p.11,Analytical model input,High,VERIFIED
P015,10.1016/j.jallcom.2026.188919,P015_MAT_FE50MN20CR20NI10,P015_ALLOY_OR_SUPPORTING_SCOPE,Method,Analytical model input,as named/reported,MODEL_INPUT,Table 2 p.11,Analytical model input,High,VERIFIED
P015,10.1016/j.jallcom.2026.188919,P015_MAT_FE50MN20CR20NI10,P015_ALLOY_OR_SUPPORTING_SCOPE,Value_Status,MODEL_INPUT,as named/reported,MODEL_INPUT,Table 2 p.11,Analytical model input,High,VERIFIED
P015,10.1016/j.jallcom.2026.188919,P015_MAT_FE50MN20CR20NI10,P015_ALLOY_OR_SUPPORTING_SCOPE,Model_or_Reference_Scope,Table 2 parameter,as named/reported,MODEL_INPUT,Table 2 p.11,Analytical model input,High,VERIFIED
P015,10.1016/j.jallcom.2026.188919,P015_MAT_FE50MN20CR20NI10,P015_ALLOY_OR_SUPPORTING_SCOPE,Evidence_Location,Table 2 p.11,as named/reported,MODEL_INPUT,Table 2 p.11,Analytical model input,High,VERIFIED
P015,10.1016/j.jallcom.2026.188919,P015_MAT_FE50MN20CR20NI10,P015_ALLOY_OR_SUPPORTING_SCOPE,Confidence,High,as named/reported,MODEL_INPUT,Table 2 p.11,Analytical model input,High,VERIFIED
P015,10.1016/j.jallcom.2026.188919,P015_MAT_FE50MN20CR20NI10,P015_ALLOY_OR_SUPPORTING_SCOPE,Interpretation_Rule,Shockley-partial Burgers-vector parameter for twin model.,as named/reported,MODEL_INPUT,Table 2 p.11,Analytical model input,High,VERIFIED
P015,10.1016/j.jallcom.2026.188919,P015_MAT_FE50MN20CR20NI10,P015_ALLOY_OR_SUPPORTING_SCOPE,Scope,Critical-growth model input,as named/reported,MODEL_INPUT,Table 2 p.11,Analytical model input,High,VERIFIED
P015,10.1016/j.jallcom.2026.188919,P015_MAT_FE50MN20CR20NI10,P015_ALLOY_OR_SUPPORTING_SCOPE,Temperature_K,77,as named/reported,MODEL_INPUT,Table 2 p.11,Analytical model input,High,VERIFIED
P015,10.1016/j.jallcom.2026.188919,P015_MAT_FE50MN20CR20NI10,P015_ALLOY_OR_SUPPORTING_SCOPE,Feature,L_tw,as named/reported,MODEL_INPUT,Table 2 p.11,Analytical model input,High,VERIFIED
P015,10.1016/j.jallcom.2026.188919,P015_MAT_FE50MN20CR20NI10,P015_ALLOY_OR_SUPPORTING_SCOPE,Value,2.6e-07,as named/reported,MODEL_INPUT,Table 2 p.11,Analytical model input,High,VERIFIED
P015,10.1016/j.jallcom.2026.188919,P015_MAT_FE50MN20CR20NI10,P015_ALLOY_OR_SUPPORTING_SCOPE,Units,m,as named/reported,MODEL_INPUT,Table 2 p.11,Analytical model input,High,VERIFIED
P015,10.1016/j.jallcom.2026.188919,P015_MAT_FE50MN20CR20NI10,P015_ALLOY_OR_SUPPORTING_SCOPE,Method,Analytical model input,as named/reported,MODEL_INPUT,Table 2 p.11,Analytical model input,High,VERIFIED
P015,10.1016/j.jallcom.2026.188919,P015_MAT_FE50MN20CR20NI10,P015_ALLOY_OR_SUPPORTING_SCOPE,Value_Status,MODEL_INPUT,as named/reported,MODEL_INPUT,Table 2 p.11,Analytical model input,High,VERIFIED
P015,10.1016/j.jallcom.2026.188919,P015_MAT_FE50MN20CR20NI10,P015_ALLOY_OR_SUPPORTING_SCOPE,Model_or_Reference_Scope,Table 2 parameter,as named/reported,MODEL_INPUT,Table 2 p.11,Analytical model input,High,VERIFIED
P015,10.1016/j.jallcom.2026.188919,P015_MAT_FE50MN20CR20NI10,P015_ALLOY_OR_SUPPORTING_SCOPE,Evidence_Location,Table 2 p.11,as named/reported,MODEL_INPUT,Table 2 p.11,Analytical model input,High,VERIFIED
P015,10.1016/j.jallcom.2026.188919,P015_MAT_FE50MN20CR20NI10,P015_ALLOY_OR_SUPPORTING_SCOPE,Confidence,High,as named/reported,MODEL_INPUT,Table 2 p.11,Analytical model input,High,VERIFIED
P015,10.1016/j.jallcom.2026.188919,P015_MAT_FE50MN20CR20NI10,P015_ALLOY_OR_SUPPORTING_SCOPE,Interpretation_Rule,Twin nucleus width parameter.,as named/reported,MODEL_INPUT,Table 2 p.11,Analytical model input,High,VERIFIED
P015,10.1016/j.jallcom.2026.188919,P015_MAT_FE50MN20CR20NI10,P015_ALLOY_OR_SUPPORTING_SCOPE,Scope,Critical-growth model input,as named/reported,MODEL_INPUT,Table 2 p.11,Analytical model input,High,VERIFIED
P015,10.1016/j.jallcom.2026.188919,P015_MAT_FE50MN20CR20NI10,P015_ALLOY_OR_SUPPORTING_SCOPE,Temperature_K,77,as named/reported,MODEL_INPUT,Table 2 p.11,Analytical model input,High,VERIFIED
P015,10.1016/j.jallcom.2026.188919,P015_MAT_FE50MN20CR20NI10,P015_ALLOY_OR_SUPPORTING_SCOPE,Feature,Shear_modulus_G,as named/reported,MODEL_INPUT,Table 2 p.11,Analytical model input,High,VERIFIED
P015,10.1016/j.jallcom.2026.188919,P015_MAT_FE50MN20CR20NI10,P015_ALLOY_OR_SUPPORTING_SCOPE,Value,81.8,as named/reported,MODEL_INPUT,Table 2 p.11,Analytical model input,High,VERIFIED
P015,10.1016/j.jallcom.2026.188919,P015_MAT_FE50MN20CR20NI10,P015_ALLOY_OR_SUPPORTING_SCOPE,Units,GPa,as named/reported,MODEL_INPUT,Table 2 p.11,Analytical model input,High,VERIFIED
P015,10.1016/j.jallcom.2026.188919,P015_MAT_FE50MN20CR20NI10,P015_ALLOY_OR_SUPPORTING_SCOPE,Method,Analytical model input,as named/reported,MODEL_INPUT,Table 2 p.11,Analytical model input,High,VERIFIED
P015,10.1016/j.jallcom.2026.188919,P015_MAT_FE50MN20CR20NI10,P015_ALLOY_OR_SUPPORTING_SCOPE,Value_Status,MODEL_INPUT,as named/reported,MODEL_INPUT,Table 2 p.11,Analytical model input,High,VERIFIED
P015,10.1016/j.jallcom.2026.188919,P015_MAT_FE50MN20CR20NI10,P015_ALLOY_OR_SUPPORTING_SCOPE,Model_or_Reference_Scope,Current paper Table 2; source provenance partly literature-based,as named/reported,MODEL_INPUT,Table 2 p.11,Analytical model input,High,VERIFIED
P015,10.1016/j.jallcom.2026.188919,P015_MAT_FE50MN20CR20NI10,P015_ALLOY_OR_SUPPORTING_SCOPE,Evidence_Location,Table 2 p.11,as named/reported,MODEL_INPUT,Table 2 p.11,Analytical model input,High,VERIFIED
P015,10.1016/j.jallcom.2026.188919,P015_MAT_FE50MN20CR20NI10,P015_ALLOY_OR_SUPPORTING_SCOPE,Confidence,High,as named/reported,MODEL_INPUT,Table 2 p.11,Analytical model input,High,VERIFIED
P015,10.1016/j.jallcom.2026.188919,P015_MAT_FE50MN20CR20NI10,P015_ALLOY_OR_SUPPORTING_SCOPE,Interpretation_Rule,"Model input, not a direct experimental property.",as named/reported,MODEL_INPUT,Table 2 p.11,Analytical model input,High,VERIFIED
P015,10.1016/j.jallcom.2026.188919,P015_MAT_FE50MN20CR20NI10,P015_ALLOY_OR_SUPPORTING_SCOPE,Scope,Critical-growth model input,as named/reported,MODEL_INPUT,Table 2 p.11,Analytical model input,High,VERIFIED
P015,10.1016/j.jallcom.2026.188919,P015_MAT_FE50MN20CR20NI10,P015_ALLOY_OR_SUPPORTING_SCOPE,Temperature_K,77,as named/reported,MODEL_INPUT,Table 2 p.11,Analytical model input,High,VERIFIED
P015,10.1016/j.jallcom.2026.188919,P015_MAT_FE50MN20CR20NI10,P015_ALLOY_OR_SUPPORTING_SCOPE,Feature,Martensite_nucleus_height_h,as named/reported,MODEL_INPUT,Table 2 p.11,Analytical model input,High,VERIFIED
P015,10.1016/j.jallcom.2026.188919,P015_MAT_FE50MN20CR20NI10,P015_ALLOY_OR_SUPPORTING_SCOPE,Value,1e-06,as named/reported,MODEL_INPUT,Table 2 p.11,Analytical model input,High,VERIFIED
P015,10.1016/j.jallcom.2026.188919,P015_MAT_FE50MN20CR20NI10,P015_ALLOY_OR_SUPPORTING_SCOPE,Units,m,as named/reported,MODEL_INPUT,Table 2 p.11,Analytical model input,High,VERIFIED
P015,10.1016/j.jallcom.2026.188919,P015_MAT_FE50MN20CR20NI10,P015_ALLOY_OR_SUPPORTING_SCOPE,Method,Analytical model input,as named/reported,MODEL_INPUT,Table 2 p.11,Analytical model input,High,VERIFIED
P015,10.1016/j.jallcom.2026.188919,P015_MAT_FE50MN20CR20NI10,P015_ALLOY_OR_SUPPORTING_SCOPE,Value_Status,MODEL_INPUT,as named/reported,MODEL_INPUT,Table 2 p.11,Analytical model input,High,VERIFIED
P015,10.1016/j.jallcom.2026.188919,P015_MAT_FE50MN20CR20NI10,P015_ALLOY_OR_SUPPORTING_SCOPE,Model_or_Reference_Scope,Table 2 parameter,as named/reported,MODEL_INPUT,Table 2 p.11,Analytical model input,High,VERIFIED
P015,10.1016/j.jallcom.2026.188919,P015_MAT_FE50MN20CR20NI10,P015_ALLOY_OR_SUPPORTING_SCOPE,Evidence_Location,Table 2 p.11,as named/reported,MODEL_INPUT,Table 2 p.11,Analytical model input,High,VERIFIED
P015,10.1016/j.jallcom.2026.188919,P015_MAT_FE50MN20CR20NI10,P015_ALLOY_OR_SUPPORTING_SCOPE,Confidence,High,as named/reported,MODEL_INPUT,Table 2 p.11,Analytical model input,High,VERIFIED
P015,10.1016/j.jallcom.2026.188919,P015_MAT_FE50MN20CR20NI10,P015_ALLOY_OR_SUPPORTING_SCOPE,Interpretation_Rule,Model geometry input; not a measured microstructural dimension.,as named/reported,MODEL_INPUT,Table 2 p.11,Analytical model input,High,VERIFIED
P015,10.1016/j.jallcom.2026.188919,P015_MAT_FE50MN20CR20NI10,P015_ALLOY_OR_SUPPORTING_SCOPE,Scope,Critical-growth model input,as named/reported,MODEL_INPUT_FROM_CURRENT_MD_SFE,Table 2 p.11,Analytical model input,High,VERIFIED
P015,10.1016/j.jallcom.2026.188919,P015_MAT_FE50MN20CR20NI10,P015_ALLOY_OR_SUPPORTING_SCOPE,Temperature_K,77,as named/reported,MODEL_INPUT_FROM_CURRENT_MD_SFE,Table 2 p.11,Analytical model input,High,VERIFIED
P015,10.1016/j.jallcom.2026.188919,P015_MAT_FE50MN20CR20NI10,P015_ALLOY_OR_SUPPORTING_SCOPE,Feature,Gamma_SF,as named/reported,MODEL_INPUT_FROM_CURRENT_MD_SFE,Table 2 p.11,Analytical model input,High,VERIFIED
P015,10.1016/j.jallcom.2026.188919,P015_MAT_FE50MN20CR20NI10,P015_ALLOY_OR_SUPPORTING_SCOPE,Value,10.97,as named/reported,MODEL_INPUT_FROM_CURRENT_MD_SFE,Table 2 p.11,Analytical model input,High,VERIFIED
P015,10.1016/j.jallcom.2026.188919,P015_MAT_FE50MN20CR20NI10,P015_ALLOY_OR_SUPPORTING_SCOPE,Units,mJ/m2,as named/reported,MODEL_INPUT_FROM_CURRENT_MD_SFE,Table 2 p.11,Analytical model input,High,VERIFIED
P015,10.1016/j.jallcom.2026.188919,P015_MAT_FE50MN20CR20NI10,P015_ALLOY_OR_SUPPORTING_SCOPE,Method,Analytical model input,as named/reported,MODEL_INPUT_FROM_CURRENT_MD_SFE,Table 2 p.11,Analytical model input,High,VERIFIED
P015,10.1016/j.jallcom.2026.188919,P015_MAT_FE50MN20CR20NI10,P015_ALLOY_OR_SUPPORTING_SCOPE,Value_Status,MODEL_INPUT_FROM_CURRENT_MD_SFE,as named/reported,MODEL_INPUT_FROM_CURRENT_MD_SFE,Table 2 p.11,Analytical model input,High,VERIFIED
P015,10.1016/j.jallcom.2026.188919,P015_MAT_FE50MN20CR20NI10,P015_ALLOY_OR_SUPPORTING_SCOPE,Model_or_Reference_Scope,Current-paper 77 K SFE used in model,as named/reported,MODEL_INPUT_FROM_CURRENT_MD_SFE,Table 2 p.11,Analytical model input,High,VERIFIED
P015,10.1016/j.jallcom.2026.188919,P015_MAT_FE50MN20CR20NI10,P015_ALLOY_OR_SUPPORTING_SCOPE,Evidence_Location,Table 2 p.11,as named/reported,MODEL_INPUT_FROM_CURRENT_MD_SFE,Table 2 p.11,Analytical model input,High,VERIFIED
P015,10.1016/j.jallcom.2026.188919,P015_MAT_FE50MN20CR20NI10,P015_ALLOY_OR_SUPPORTING_SCOPE,Confidence,High,as named/reported,MODEL_INPUT_FROM_CURRENT_MD_SFE,Table 2 p.11,Analytical model input,High,VERIFIED
P015,10.1016/j.jallcom.2026.188919,P015_MAT_FE50MN20CR20NI10,P015_ALLOY_OR_SUPPORTING_SCOPE,Interpretation_Rule,Numerically same as the 77 K MD SFE; do not count twice as independent SFE evidence.,as named/reported,MODEL_INPUT_FROM_CURRENT_MD_SFE,Table 2 p.11,Analytical model input,High,VERIFIED
P015,10.1016/j.jallcom.2026.188919,P015_MAT_FE50MN20CR20NI10,P015_ALLOY_OR_SUPPORTING_SCOPE,Scope,Critical-growth model input,as named/reported,SECONDARY_REFERENCE_INPUT,Table 2 p.11,Analytical model input,High,VERIFIED
P015,10.1016/j.jallcom.2026.188919,P015_MAT_FE50MN20CR20NI10,P015_ALLOY_OR_SUPPORTING_SCOPE,Temperature_K,77,as named/reported,SECONDARY_REFERENCE_INPUT,Table 2 p.11,Analytical model input,High,VERIFIED
P015,10.1016/j.jallcom.2026.188919,P015_MAT_FE50MN20CR20NI10,P015_ALLOY_OR_SUPPORTING_SCOPE,Feature,Gamma_fcc_hcp_interface,as named/reported,SECONDARY_REFERENCE_INPUT,Table 2 p.11,Analytical model input,High,VERIFIED
P015,10.1016/j.jallcom.2026.188919,P015_MAT_FE50MN20CR20NI10,P015_ALLOY_OR_SUPPORTING_SCOPE,Value,8,as named/reported,SECONDARY_REFERENCE_INPUT,Table 2 p.11,Analytical model input,High,VERIFIED
P015,10.1016/j.jallcom.2026.188919,P015_MAT_FE50MN20CR20NI10,P015_ALLOY_OR_SUPPORTING_SCOPE,Units,mJ/m2,as named/reported,SECONDARY_REFERENCE_INPUT,Table 2 p.11,Analytical model input,High,VERIFIED
P015,10.1016/j.jallcom.2026.188919,P015_MAT_FE50MN20CR20NI10,P015_ALLOY_OR_SUPPORTING_SCOPE,Method,Analytical model input,as named/reported,SECONDARY_REFERENCE_INPUT,Table 2 p.11,Analytical model input,High,VERIFIED
P015,10.1016/j.jallcom.2026.188919,P015_MAT_FE50MN20CR20NI10,P015_ALLOY_OR_SUPPORTING_SCOPE,Value_Status,SECONDARY_REFERENCE_INPUT,as named/reported,SECONDARY_REFERENCE_INPUT,Table 2 p.11,Analytical model input,High,VERIFIED
P015,10.1016/j.jallcom.2026.188919,P015_MAT_FE50MN20CR20NI10,P015_ALLOY_OR_SUPPORTING_SCOPE,Model_or_Reference_Scope,Cited Ref.52,as named/reported,SECONDARY_REFERENCE_INPUT,Table 2 p.11,Analytical model input,High,VERIFIED
P015,10.1016/j.jallcom.2026.188919,P015_MAT_FE50MN20CR20NI10,P015_ALLOY_OR_SUPPORTING_SCOPE,Evidence_Location,Table 2 p.11,as named/reported,SECONDARY_REFERENCE_INPUT,Table 2 p.11,Analytical model input,High,VERIFIED
P015,10.1016/j.jallcom.2026.188919,P015_MAT_FE50MN20CR20NI10,P015_ALLOY_OR_SUPPORTING_SCOPE,Confidence,High,as named/reported,SECONDARY_REFERENCE_INPUT,Table 2 p.11,Analytical model input,High,VERIFIED
P015,10.1016/j.jallcom.2026.188919,P015_MAT_FE50MN20CR20NI10,P015_ALLOY_OR_SUPPORTING_SCOPE,Interpretation_Rule,Reference-derived input; not measured in P015.,as named/reported,SECONDARY_REFERENCE_INPUT,Table 2 p.11,Analytical model input,High,VERIFIED
P015,10.1016/j.jallcom.2026.188919,P015_MAT_FE50MN20CR20NI10,P015_ALLOY_OR_SUPPORTING_SCOPE,Scope,Critical-growth model input,as named/reported,MODEL_INPUT,Sec.4.3 p.11,Analytical model input,High,VERIFIED
P015,10.1016/j.jallcom.2026.188919,P015_MAT_FE50MN20CR20NI10,P015_ALLOY_OR_SUPPORTING_SCOPE,Temperature_K,77/298,as named/reported,MODEL_INPUT,Sec.4.3 p.11,Analytical model input,High,VERIFIED
P015,10.1016/j.jallcom.2026.188919,P015_MAT_FE50MN20CR20NI10,P015_ALLOY_OR_SUPPORTING_SCOPE,Feature,Taylor_factor,as named/reported,MODEL_INPUT,Sec.4.3 p.11,Analytical model input,High,VERIFIED
P015,10.1016/j.jallcom.2026.188919,P015_MAT_FE50MN20CR20NI10,P015_ALLOY_OR_SUPPORTING_SCOPE,Value,3.06,as named/reported,MODEL_INPUT,Sec.4.3 p.11,Analytical model input,High,VERIFIED
P015,10.1016/j.jallcom.2026.188919,P015_MAT_FE50MN20CR20NI10,P015_ALLOY_OR_SUPPORTING_SCOPE,Method,Analytical model input,as named/reported,MODEL_INPUT,Sec.4.3 p.11,Analytical model input,High,VERIFIED
P015,10.1016/j.jallcom.2026.188919,P015_MAT_FE50MN20CR20NI10,P015_ALLOY_OR_SUPPORTING_SCOPE,Value_Status,MODEL_INPUT,as named/reported,MODEL_INPUT,Sec.4.3 p.11,Analytical model input,High,VERIFIED
P015,10.1016/j.jallcom.2026.188919,P015_MAT_FE50MN20CR20NI10,P015_ALLOY_OR_SUPPORTING_SCOPE,Model_or_Reference_Scope,Adopted model factor,as named/reported,MODEL_INPUT,Sec.4.3 p.11,Analytical model input,High,VERIFIED
P015,10.1016/j.jallcom.2026.188919,P015_MAT_FE50MN20CR20NI10,P015_ALLOY_OR_SUPPORTING_SCOPE,Evidence_Location,Sec.4.3 p.11,as named/reported,MODEL_INPUT,Sec.4.3 p.11,Analytical model input,High,VERIFIED
P015,10.1016/j.jallcom.2026.188919,P015_MAT_FE50MN20CR20NI10,P015_ALLOY_OR_SUPPORTING_SCOPE,Confidence,High,as named/reported,MODEL_INPUT,Sec.4.3 p.11,Analytical model input,High,VERIFIED
P015,10.1016/j.jallcom.2026.188919,P015_MAT_FE50MN20CR20NI10,P015_ALLOY_OR_SUPPORTING_SCOPE,Interpretation_Rule,Do not treat as measured alloy-specific feature.,as named/reported,MODEL_INPUT,Sec.4.3 p.11,Analytical model input,High,VERIFIED
P015,10.1016/j.jallcom.2026.188919,P015_MAT_FE50MN20CR20NI10,P015_ALLOY_OR_SUPPORTING_SCOPE,Scope,Alloy-level,as named/reported,NOT_AVAILABLE,Sec.4.3 p.11,Critical-stress equation contains ΔG term but no numeric alloy-specific ΔG is reported,High,VERIFIED
P015,10.1016/j.jallcom.2026.188919,P015_MAT_FE50MN20CR20NI10,P015_ALLOY_OR_SUPPORTING_SCOPE,Temperature_K,298/77,as named/reported,NOT_AVAILABLE,Sec.4.3 p.11,Critical-stress equation contains ΔG term but no numeric alloy-specific ΔG is reported,High,VERIFIED
P015,10.1016/j.jallcom.2026.188919,P015_MAT_FE50MN20CR20NI10,P015_ALLOY_OR_SUPPORTING_SCOPE,Feature,DeltaG_fcc_hcp,as named/reported,NOT_AVAILABLE,Sec.4.3 p.11,Critical-stress equation contains ΔG term but no numeric alloy-specific ΔG is reported,High,VERIFIED
P015,10.1016/j.jallcom.2026.188919,P015_MAT_FE50MN20CR20NI10,P015_ALLOY_OR_SUPPORTING_SCOPE,Method,Critical-stress equation contains ΔG term but no numeric alloy-specific ΔG is reported,as named/reported,NOT_AVAILABLE,Sec.4.3 p.11,Critical-stress equation contains ΔG term but no numeric alloy-specific ΔG is reported,High,VERIFIED
P015,10.1016/j.jallcom.2026.188919,P015_MAT_FE50MN20CR20NI10,P015_ALLOY_OR_SUPPORTING_SCOPE,Value_Status,NOT_AVAILABLE,as named/reported,NOT_AVAILABLE,Sec.4.3 p.11,Critical-stress equation contains ΔG term but no numeric alloy-specific ΔG is reported,High,VERIFIED
P015,10.1016/j.jallcom.2026.188919,P015_MAT_FE50MN20CR20NI10,P015_ALLOY_OR_SUPPORTING_SCOPE,Model_or_Reference_Scope,Main paper,as named/reported,NOT_AVAILABLE,Sec.4.3 p.11,Critical-stress equation contains ΔG term but no numeric alloy-specific ΔG is reported,High,VERIFIED
P015,10.1016/j.jallcom.2026.188919,P015_MAT_FE50MN20CR20NI10,P015_ALLOY_OR_SUPPORTING_SCOPE,Evidence_Location,Sec.4.3 p.11,as named/reported,NOT_AVAILABLE,Sec.4.3 p.11,Critical-stress equation contains ΔG term but no numeric alloy-specific ΔG is reported,High,VERIFIED
P015,10.1016/j.jallcom.2026.188919,P015_MAT_FE50MN20CR20NI10,P015_ALLOY_OR_SUPPORTING_SCOPE,Confidence,High,as named/reported,NOT_AVAILABLE,Sec.4.3 p.11,Critical-stress equation contains ΔG term but no numeric alloy-specific ΔG is reported,High,VERIFIED
P015,10.1016/j.jallcom.2026.188919,P015_MAT_FE50MN20CR20NI10,P015_ALLOY_OR_SUPPORTING_SCOPE,Interpretation_Rule,Do not back-calculate or import ΔG from another study.,as named/reported,NOT_AVAILABLE,Sec.4.3 p.11,Critical-stress equation contains ΔG term but no numeric alloy-specific ΔG is reported,High,VERIFIED
P015,10.1016/j.jallcom.2026.188919,P015_MAT_FE50MN20CR20NI10,P015_ALLOY_OR_SUPPORTING_SCOPE,Simulation_T_K,298,as named/reported,VERIFIED_WORKBOOK,Fig.8; p.7,source-reported,High,VERIFIED
P015,10.1016/j.jallcom.2026.188919,P015_MAT_FE50MN20CR20NI10,P015_ALLOY_OR_SUPPORTING_SCOPE,MD_Observation_ID,P015_MD_298_eps2,as named/reported,VERIFIED_WORKBOOK,Fig.8; p.7,source-reported,High,VERIFIED
P015,10.1016/j.jallcom.2026.188919,P015_MAT_FE50MN20CR20NI10,P015_ALLOY_OR_SUPPORTING_SCOPE,Simulation_Strain_pct,2,as named/reported,VERIFIED_WORKBOOK,Fig.8; p.7,source-reported,High,VERIFIED
P015,10.1016/j.jallcom.2026.188919,P015_MAT_FE50MN20CR20NI10,P015_ALLOY_OR_SUPPORTING_SCOPE,Data_Origin,COMPUTATIONAL_MD,as named/reported,VERIFIED_WORKBOOK,Fig.8; p.7,source-reported,High,VERIFIED
P015,10.1016/j.jallcom.2026.188919,P015_MAT_FE50MN20CR20NI10,P015_ALLOY_OR_SUPPORTING_SCOPE,Observation_Role,CORRELATED_SIM_STAGE,as named/reported,VERIFIED_WORKBOOK,Fig.8; p.7,source-reported,High,VERIFIED
P015,10.1016/j.jallcom.2026.188919,P015_MAT_FE50MN20CR20NI10,P015_ALLOY_OR_SUPPORTING_SCOPE,Independent_ML_sample,False,as named/reported,VERIFIED_WORKBOOK,Fig.8; p.7,source-reported,High,VERIFIED
P015,10.1016/j.jallcom.2026.188919,P015_MAT_FE50MN20CR20NI10,P015_ALLOY_OR_SUPPORTING_SCOPE,FCC_atoms,Dominant FCC,as named/reported,VERIFIED_WORKBOOK,Fig.8; p.7,source-reported,High,VERIFIED
P015,10.1016/j.jallcom.2026.188919,P015_MAT_FE50MN20CR20NI10,P015_ALLOY_OR_SUPPORTING_SCOPE,HCP_or_SF_atoms,Initial SF/HCP-like defect atoms begin,as named/reported,VERIFIED_WORKBOOK,Fig.8; p.7,source-reported,High,VERIFIED
P015,10.1016/j.jallcom.2026.188919,P015_MAT_FE50MN20CR20NI10,P015_ALLOY_OR_SUPPORTING_SCOPE,Dislocation_State,Shockley partial nucleation near yielding,as named/reported,VERIFIED_WORKBOOK,Fig.8; p.7,source-reported,High,VERIFIED
P015,10.1016/j.jallcom.2026.188919,P015_MAT_FE50MN20CR20NI10,P015_ALLOY_OR_SUPPORTING_SCOPE,Twin_State,Not yet prominent,as named/reported,VERIFIED_WORKBOOK,Fig.8; p.7,source-reported,High,VERIFIED
P015,10.1016/j.jallcom.2026.188919,P015_MAT_FE50MN20CR20NI10,P015_ALLOY_OR_SUPPORTING_SCOPE,TRIP_Interpretation,Do not use MD HCP-colored atoms alone as experimental TRIP evidence,as named/reported,VERIFIED_WORKBOOK,Fig.8; p.7,source-reported,High,VERIFIED
P015,10.1016/j.jallcom.2026.188919,P015_MAT_FE50MN20CR20NI10,P015_ALLOY_OR_SUPPORTING_SCOPE,Experimental_Target_Eligibility,NOT_ELIGIBLE_AS_EXPERIMENTAL_SAMPLE,as named/reported,VERIFIED_WORKBOOK,Fig.8; p.7,source-reported,High,VERIFIED
P015,10.1016/j.jallcom.2026.188919,P015_MAT_FE50MN20CR20NI10,P015_ALLOY_OR_SUPPORTING_SCOPE,Evidence_Location,Fig.8; p.7,as named/reported,VERIFIED_WORKBOOK,Fig.8; p.7,source-reported,High,VERIFIED
P015,10.1016/j.jallcom.2026.188919,P015_MAT_FE50MN20CR20NI10,P015_ALLOY_OR_SUPPORTING_SCOPE,Confidence,High,as named/reported,VERIFIED_WORKBOOK,Fig.8; p.7,source-reported,High,VERIFIED
P015,10.1016/j.jallcom.2026.188919,P015_MAT_FE50MN20CR20NI10,P015_ALLOY_OR_SUPPORTING_SCOPE,Notes,MD stage supports mechanistic interpretation only.,as named/reported,VERIFIED_WORKBOOK,Fig.8; p.7,source-reported,High,VERIFIED
P015,10.1016/j.jallcom.2026.188919,P015_MAT_FE50MN20CR20NI10,P015_ALLOY_OR_SUPPORTING_SCOPE,Simulation_T_K,298,as named/reported,VERIFIED_WORKBOOK,Fig.8; p.7,source-reported,High,VERIFIED
P015,10.1016/j.jallcom.2026.188919,P015_MAT_FE50MN20CR20NI10,P015_ALLOY_OR_SUPPORTING_SCOPE,MD_Observation_ID,P015_MD_298_eps6,as named/reported,VERIFIED_WORKBOOK,Fig.8; p.7,source-reported,High,VERIFIED
P015,10.1016/j.jallcom.2026.188919,P015_MAT_FE50MN20CR20NI10,P015_ALLOY_OR_SUPPORTING_SCOPE,Simulation_Strain_pct,6,as named/reported,VERIFIED_WORKBOOK,Fig.8; p.7,source-reported,High,VERIFIED
P015,10.1016/j.jallcom.2026.188919,P015_MAT_FE50MN20CR20NI10,P015_ALLOY_OR_SUPPORTING_SCOPE,Data_Origin,COMPUTATIONAL_MD,as named/reported,VERIFIED_WORKBOOK,Fig.8; p.7,source-reported,High,VERIFIED
P015,10.1016/j.jallcom.2026.188919,P015_MAT_FE50MN20CR20NI10,P015_ALLOY_OR_SUPPORTING_SCOPE,Observation_Role,CORRELATED_SIM_STAGE,as named/reported,VERIFIED_WORKBOOK,Fig.8; p.7,source-reported,High,VERIFIED
P015,10.1016/j.jallcom.2026.188919,P015_MAT_FE50MN20CR20NI10,P015_ALLOY_OR_SUPPORTING_SCOPE,Independent_ML_sample,False,as named/reported,VERIFIED_WORKBOOK,Fig.8; p.7,source-reported,High,VERIFIED
P015,10.1016/j.jallcom.2026.188919,P015_MAT_FE50MN20CR20NI10,P015_ALLOY_OR_SUPPORTING_SCOPE,FCC_atoms,FCC + defects,as named/reported,VERIFIED_WORKBOOK,Fig.8; p.7,source-reported,High,VERIFIED
P015,10.1016/j.jallcom.2026.188919,P015_MAT_FE50MN20CR20NI10,P015_ALLOY_OR_SUPPORTING_SCOPE,HCP_or_SF_atoms,ISF increases,as named/reported,VERIFIED_WORKBOOK,Fig.8; p.7,source-reported,High,VERIFIED
P015,10.1016/j.jallcom.2026.188919,P015_MAT_FE50MN20CR20NI10,P015_ALLOY_OR_SUPPORTING_SCOPE,Dislocation_State,More dislocations / partial glide,as named/reported,VERIFIED_WORKBOOK,Fig.8; p.7,source-reported,High,VERIFIED
P015,10.1016/j.jallcom.2026.188919,P015_MAT_FE50MN20CR20NI10,P015_ALLOY_OR_SUPPORTING_SCOPE,Twin_State,Twin/ESF formation begins,as named/reported,VERIFIED_WORKBOOK,Fig.8; p.7,source-reported,High,VERIFIED
P015,10.1016/j.jallcom.2026.188919,P015_MAT_FE50MN20CR20NI10,P015_ALLOY_OR_SUPPORTING_SCOPE,TRIP_Interpretation,Computational mechanism trajectory,as named/reported,VERIFIED_WORKBOOK,Fig.8; p.7,source-reported,High,VERIFIED
P015,10.1016/j.jallcom.2026.188919,P015_MAT_FE50MN20CR20NI10,P015_ALLOY_OR_SUPPORTING_SCOPE,Experimental_Target_Eligibility,NOT_ELIGIBLE_AS_EXPERIMENTAL_SAMPLE,as named/reported,VERIFIED_WORKBOOK,Fig.8; p.7,source-reported,High,VERIFIED
P015,10.1016/j.jallcom.2026.188919,P015_MAT_FE50MN20CR20NI10,P015_ALLOY_OR_SUPPORTING_SCOPE,Evidence_Location,Fig.8; p.7,as named/reported,VERIFIED_WORKBOOK,Fig.8; p.7,source-reported,High,VERIFIED
P015,10.1016/j.jallcom.2026.188919,P015_MAT_FE50MN20CR20NI10,P015_ALLOY_OR_SUPPORTING_SCOPE,Confidence,High,as named/reported,VERIFIED_WORKBOOK,Fig.8; p.7,source-reported,High,VERIFIED
P015,10.1016/j.jallcom.2026.188919,P015_MAT_FE50MN20CR20NI10,P015_ALLOY_OR_SUPPORTING_SCOPE,Notes,Do not mix with tensile-condition labels.,as named/reported,VERIFIED_WORKBOOK,Fig.8; p.7,source-reported,High,VERIFIED
P015,10.1016/j.jallcom.2026.188919,P015_MAT_FE50MN20CR20NI10,P015_ALLOY_OR_SUPPORTING_SCOPE,Simulation_T_K,298,as named/reported,VERIFIED_WORKBOOK,Fig.8; p.7,source-reported,High,VERIFIED
P015,10.1016/j.jallcom.2026.188919,P015_MAT_FE50MN20CR20NI10,P015_ALLOY_OR_SUPPORTING_SCOPE,MD_Observation_ID,P015_MD_298_eps10,as named/reported,VERIFIED_WORKBOOK,Fig.8; p.7,source-reported,High,VERIFIED
P015,10.1016/j.jallcom.2026.188919,P015_MAT_FE50MN20CR20NI10,P015_ALLOY_OR_SUPPORTING_SCOPE,Simulation_Strain_pct,10,as named/reported,VERIFIED_WORKBOOK,Fig.8; p.7,source-reported,High,VERIFIED
P015,10.1016/j.jallcom.2026.188919,P015_MAT_FE50MN20CR20NI10,P015_ALLOY_OR_SUPPORTING_SCOPE,Data_Origin,COMPUTATIONAL_MD,as named/reported,VERIFIED_WORKBOOK,Fig.8; p.7,source-reported,High,VERIFIED
P015,10.1016/j.jallcom.2026.188919,P015_MAT_FE50MN20CR20NI10,P015_ALLOY_OR_SUPPORTING_SCOPE,Observation_Role,CORRELATED_SIM_STAGE,as named/reported,VERIFIED_WORKBOOK,Fig.8; p.7,source-reported,High,VERIFIED
P015,10.1016/j.jallcom.2026.188919,P015_MAT_FE50MN20CR20NI10,P015_ALLOY_OR_SUPPORTING_SCOPE,Independent_ML_sample,False,as named/reported,VERIFIED_WORKBOOK,Fig.8; p.7,source-reported,High,VERIFIED
P015,10.1016/j.jallcom.2026.188919,P015_MAT_FE50MN20CR20NI10,P015_ALLOY_OR_SUPPORTING_SCOPE,FCC_atoms,FCC + defects,as named/reported,VERIFIED_WORKBOOK,Fig.8; p.7,source-reported,High,VERIFIED
P015,10.1016/j.jallcom.2026.188919,P015_MAT_FE50MN20CR20NI10,P015_ALLOY_OR_SUPPORTING_SCOPE,HCP_or_SF_atoms,ISF/ESF present,as named/reported,VERIFIED_WORKBOOK,Fig.8; p.7,source-reported,High,VERIFIED
P015,10.1016/j.jallcom.2026.188919,P015_MAT_FE50MN20CR20NI10,P015_ALLOY_OR_SUPPORTING_SCOPE,Dislocation_State,Dense dislocation activity,as named/reported,VERIFIED_WORKBOOK,Fig.8; p.7,source-reported,High,VERIFIED
P015,10.1016/j.jallcom.2026.188919,P015_MAT_FE50MN20CR20NI10,P015_ALLOY_OR_SUPPORTING_SCOPE,Twin_State,DT visible,as named/reported,VERIFIED_WORKBOOK,Fig.8; p.7,source-reported,High,VERIFIED
P015,10.1016/j.jallcom.2026.188919,P015_MAT_FE50MN20CR20NI10,P015_ALLOY_OR_SUPPORTING_SCOPE,TRIP_Interpretation,Computational TWIP-supporting trajectory,as named/reported,VERIFIED_WORKBOOK,Fig.8; p.7,source-reported,High,VERIFIED
P015,10.1016/j.jallcom.2026.188919,P015_MAT_FE50MN20CR20NI10,P015_ALLOY_OR_SUPPORTING_SCOPE,Experimental_Target_Eligibility,NOT_ELIGIBLE_AS_EXPERIMENTAL_SAMPLE,as named/reported,VERIFIED_WORKBOOK,Fig.8; p.7,source-reported,High,VERIFIED
P015,10.1016/j.jallcom.2026.188919,P015_MAT_FE50MN20CR20NI10,P015_ALLOY_OR_SUPPORTING_SCOPE,Evidence_Location,Fig.8; p.7,as named/reported,VERIFIED_WORKBOOK,Fig.8; p.7,source-reported,High,VERIFIED
P015,10.1016/j.jallcom.2026.188919,P015_MAT_FE50MN20CR20NI10,P015_ALLOY_OR_SUPPORTING_SCOPE,Confidence,High,as named/reported,VERIFIED_WORKBOOK,Fig.8; p.7,source-reported,High,VERIFIED
P015,10.1016/j.jallcom.2026.188919,P015_MAT_FE50MN20CR20NI10,P015_ALLOY_OR_SUPPORTING_SCOPE,Notes,Simulation evidence is separate from experimental TEM/EBSD.,as named/reported,VERIFIED_WORKBOOK,Fig.8; p.7,source-reported,High,VERIFIED
P015,10.1016/j.jallcom.2026.188919,P015_MAT_FE50MN20CR20NI10,P015_ALLOY_OR_SUPPORTING_SCOPE,Simulation_T_K,298,as named/reported,VERIFIED_WORKBOOK,Fig.8; p.7,source-reported,High,VERIFIED
P015,10.1016/j.jallcom.2026.188919,P015_MAT_FE50MN20CR20NI10,P015_ALLOY_OR_SUPPORTING_SCOPE,MD_Observation_ID,P015_MD_298_eps20,as named/reported,VERIFIED_WORKBOOK,Fig.8; p.7,source-reported,High,VERIFIED
P015,10.1016/j.jallcom.2026.188919,P015_MAT_FE50MN20CR20NI10,P015_ALLOY_OR_SUPPORTING_SCOPE,Simulation_Strain_pct,20,as named/reported,VERIFIED_WORKBOOK,Fig.8; p.7,source-reported,High,VERIFIED
P015,10.1016/j.jallcom.2026.188919,P015_MAT_FE50MN20CR20NI10,P015_ALLOY_OR_SUPPORTING_SCOPE,Data_Origin,COMPUTATIONAL_MD,as named/reported,VERIFIED_WORKBOOK,Fig.8; p.7,source-reported,High,VERIFIED
P015,10.1016/j.jallcom.2026.188919,P015_MAT_FE50MN20CR20NI10,P015_ALLOY_OR_SUPPORTING_SCOPE,Observation_Role,CORRELATED_SIM_STAGE,as named/reported,VERIFIED_WORKBOOK,Fig.8; p.7,source-reported,High,VERIFIED
P015,10.1016/j.jallcom.2026.188919,P015_MAT_FE50MN20CR20NI10,P015_ALLOY_OR_SUPPORTING_SCOPE,Independent_ML_sample,False,as named/reported,VERIFIED_WORKBOOK,Fig.8; p.7,source-reported,High,VERIFIED
P015,10.1016/j.jallcom.2026.188919,P015_MAT_FE50MN20CR20NI10,P015_ALLOY_OR_SUPPORTING_SCOPE,FCC_atoms,FCC + extensive defects,as named/reported,VERIFIED_WORKBOOK,Fig.8; p.7,source-reported,High,VERIFIED
P015,10.1016/j.jallcom.2026.188919,P015_MAT_FE50MN20CR20NI10,P015_ALLOY_OR_SUPPORTING_SCOPE,HCP_or_SF_atoms,ISF/ESF present,as named/reported,VERIFIED_WORKBOOK,Fig.8; p.7,source-reported,High,VERIFIED
P015,10.1016/j.jallcom.2026.188919,P015_MAT_FE50MN20CR20NI10,P015_ALLOY_OR_SUPPORTING_SCOPE,Dislocation_State,Dislocations interact with SF/twin boundaries,as named/reported,VERIFIED_WORKBOOK,Fig.8; p.7,source-reported,High,VERIFIED
P015,10.1016/j.jallcom.2026.188919,P015_MAT_FE50MN20CR20NI10,P015_ALLOY_OR_SUPPORTING_SCOPE,Twin_State,Twin bands broaden/increase,as named/reported,VERIFIED_WORKBOOK,Fig.8; p.7,source-reported,High,VERIFIED
P015,10.1016/j.jallcom.2026.188919,P015_MAT_FE50MN20CR20NI10,P015_ALLOY_OR_SUPPORTING_SCOPE,TRIP_Interpretation,Computational TWIP-supporting trajectory,as named/reported,VERIFIED_WORKBOOK,Fig.8; p.7,source-reported,High,VERIFIED
P015,10.1016/j.jallcom.2026.188919,P015_MAT_FE50MN20CR20NI10,P015_ALLOY_OR_SUPPORTING_SCOPE,Experimental_Target_Eligibility,NOT_ELIGIBLE_AS_EXPERIMENTAL_SAMPLE,as named/reported,VERIFIED_WORKBOOK,Fig.8; p.7,source-reported,High,VERIFIED
P015,10.1016/j.jallcom.2026.188919,P015_MAT_FE50MN20CR20NI10,P015_ALLOY_OR_SUPPORTING_SCOPE,Evidence_Location,Fig.8; p.7,as named/reported,VERIFIED_WORKBOOK,Fig.8; p.7,source-reported,High,VERIFIED
P015,10.1016/j.jallcom.2026.188919,P015_MAT_FE50MN20CR20NI10,P015_ALLOY_OR_SUPPORTING_SCOPE,Confidence,High,as named/reported,VERIFIED_WORKBOOK,Fig.8; p.7,source-reported,High,VERIFIED
P015,10.1016/j.jallcom.2026.188919,P015_MAT_FE50MN20CR20NI10,P015_ALLOY_OR_SUPPORTING_SCOPE,Notes,Not an independent ML condition.,as named/reported,VERIFIED_WORKBOOK,Fig.8; p.7,source-reported,High,VERIFIED
P015,10.1016/j.jallcom.2026.188919,P015_MAT_FE50MN20CR20NI10,P015_ALLOY_OR_SUPPORTING_SCOPE,Simulation_T_K,77,as named/reported,VERIFIED_WORKBOOK,Fig.10; p.9,source-reported,High,VERIFIED
P015,10.1016/j.jallcom.2026.188919,P015_MAT_FE50MN20CR20NI10,P015_ALLOY_OR_SUPPORTING_SCOPE,MD_Observation_ID,P015_MD_77_eps2,as named/reported,VERIFIED_WORKBOOK,Fig.10; p.9,source-reported,High,VERIFIED
P015,10.1016/j.jallcom.2026.188919,P015_MAT_FE50MN20CR20NI10,P015_ALLOY_OR_SUPPORTING_SCOPE,Simulation_Strain_pct,2,as named/reported,VERIFIED_WORKBOOK,Fig.10; p.9,source-reported,High,VERIFIED
P015,10.1016/j.jallcom.2026.188919,P015_MAT_FE50MN20CR20NI10,P015_ALLOY_OR_SUPPORTING_SCOPE,Data_Origin,COMPUTATIONAL_MD,as named/reported,VERIFIED_WORKBOOK,Fig.10; p.9,source-reported,High,VERIFIED
P015,10.1016/j.jallcom.2026.188919,P015_MAT_FE50MN20CR20NI10,P015_ALLOY_OR_SUPPORTING_SCOPE,Observation_Role,CORRELATED_SIM_STAGE,as named/reported,VERIFIED_WORKBOOK,Fig.10; p.9,source-reported,High,VERIFIED
P015,10.1016/j.jallcom.2026.188919,P015_MAT_FE50MN20CR20NI10,P015_ALLOY_OR_SUPPORTING_SCOPE,Independent_ML_sample,False,as named/reported,VERIFIED_WORKBOOK,Fig.10; p.9,source-reported,High,VERIFIED
P015,10.1016/j.jallcom.2026.188919,P015_MAT_FE50MN20CR20NI10,P015_ALLOY_OR_SUPPORTING_SCOPE,FCC_atoms,Dominant FCC,as named/reported,VERIFIED_WORKBOOK,Fig.10; p.9,source-reported,High,VERIFIED
P015,10.1016/j.jallcom.2026.188919,P015_MAT_FE50MN20CR20NI10,P015_ALLOY_OR_SUPPORTING_SCOPE,HCP_or_SF_atoms,SFs start at GBs,as named/reported,VERIFIED_WORKBOOK,Fig.10; p.9,source-reported,High,VERIFIED
P015,10.1016/j.jallcom.2026.188919,P015_MAT_FE50MN20CR20NI10,P015_ALLOY_OR_SUPPORTING_SCOPE,Dislocation_State,Shockley partial nucleation / dense dislocations,as named/reported,VERIFIED_WORKBOOK,Fig.10; p.9,source-reported,High,VERIFIED
P015,10.1016/j.jallcom.2026.188919,P015_MAT_FE50MN20CR20NI10,P015_ALLOY_OR_SUPPORTING_SCOPE,Twin_State,Very limited,as named/reported,VERIFIED_WORKBOOK,Fig.10; p.9,source-reported,High,VERIFIED
P015,10.1016/j.jallcom.2026.188919,P015_MAT_FE50MN20CR20NI10,P015_ALLOY_OR_SUPPORTING_SCOPE,TRIP_Interpretation,Computational early-stage defect evolution,as named/reported,VERIFIED_WORKBOOK,Fig.10; p.9,source-reported,High,VERIFIED
P015,10.1016/j.jallcom.2026.188919,P015_MAT_FE50MN20CR20NI10,P015_ALLOY_OR_SUPPORTING_SCOPE,Experimental_Target_Eligibility,NOT_ELIGIBLE_AS_EXPERIMENTAL_SAMPLE,as named/reported,VERIFIED_WORKBOOK,Fig.10; p.9,source-reported,High,VERIFIED
P015,10.1016/j.jallcom.2026.188919,P015_MAT_FE50MN20CR20NI10,P015_ALLOY_OR_SUPPORTING_SCOPE,Evidence_Location,Fig.10; p.9,as named/reported,VERIFIED_WORKBOOK,Fig.10; p.9,source-reported,High,VERIFIED
P015,10.1016/j.jallcom.2026.188919,P015_MAT_FE50MN20CR20NI10,P015_ALLOY_OR_SUPPORTING_SCOPE,Confidence,High,as named/reported,VERIFIED_WORKBOOK,Fig.10; p.9,source-reported,High,VERIFIED
P015,10.1016/j.jallcom.2026.188919,P015_MAT_FE50MN20CR20NI10,P015_ALLOY_OR_SUPPORTING_SCOPE,Notes,Simulation strain rate is described as relatively high but no numeric value is reported.,as named/reported,VERIFIED_WORKBOOK,Fig.10; p.9,source-reported,High,VERIFIED
P015,10.1016/j.jallcom.2026.188919,P015_MAT_FE50MN20CR20NI10,P015_ALLOY_OR_SUPPORTING_SCOPE,Simulation_T_K,77,as named/reported,VERIFIED_WORKBOOK,Fig.10; p.9,source-reported,High,VERIFIED
P015,10.1016/j.jallcom.2026.188919,P015_MAT_FE50MN20CR20NI10,P015_ALLOY_OR_SUPPORTING_SCOPE,MD_Observation_ID,P015_MD_77_eps6,as named/reported,VERIFIED_WORKBOOK,Fig.10; p.9,source-reported,High,VERIFIED
P015,10.1016/j.jallcom.2026.188919,P015_MAT_FE50MN20CR20NI10,P015_ALLOY_OR_SUPPORTING_SCOPE,Simulation_Strain_pct,6,as named/reported,VERIFIED_WORKBOOK,Fig.10; p.9,source-reported,High,VERIFIED
P015,10.1016/j.jallcom.2026.188919,P015_MAT_FE50MN20CR20NI10,P015_ALLOY_OR_SUPPORTING_SCOPE,Data_Origin,COMPUTATIONAL_MD,as named/reported,VERIFIED_WORKBOOK,Fig.10; p.9,source-reported,High,VERIFIED
P015,10.1016/j.jallcom.2026.188919,P015_MAT_FE50MN20CR20NI10,P015_ALLOY_OR_SUPPORTING_SCOPE,Observation_Role,CORRELATED_SIM_STAGE,as named/reported,VERIFIED_WORKBOOK,Fig.10; p.9,source-reported,High,VERIFIED
P015,10.1016/j.jallcom.2026.188919,P015_MAT_FE50MN20CR20NI10,P015_ALLOY_OR_SUPPORTING_SCOPE,Independent_ML_sample,False,as named/reported,VERIFIED_WORKBOOK,Fig.10; p.9,source-reported,High,VERIFIED
P015,10.1016/j.jallcom.2026.188919,P015_MAT_FE50MN20CR20NI10,P015_ALLOY_OR_SUPPORTING_SCOPE,FCC_atoms,FCC + SF defects,as named/reported,VERIFIED_WORKBOOK,Fig.10; p.9,source-reported,High,VERIFIED
P015,10.1016/j.jallcom.2026.188919,P015_MAT_FE50MN20CR20NI10,P015_ALLOY_OR_SUPPORTING_SCOPE,HCP_or_SF_atoms,More SFs,as named/reported,VERIFIED_WORKBOOK,Fig.10; p.9,source-reported,High,VERIFIED
P015,10.1016/j.jallcom.2026.188919,P015_MAT_FE50MN20CR20NI10,P015_ALLOY_OR_SUPPORTING_SCOPE,Dislocation_State,Dislocations intersect/entangle,as named/reported,VERIFIED_WORKBOOK,Fig.10; p.9,source-reported,High,VERIFIED
P015,10.1016/j.jallcom.2026.188919,P015_MAT_FE50MN20CR20NI10,P015_ALLOY_OR_SUPPORTING_SCOPE,Twin_State,Limited,as named/reported,VERIFIED_WORKBOOK,Fig.10; p.9,source-reported,High,VERIFIED
P015,10.1016/j.jallcom.2026.188919,P015_MAT_FE50MN20CR20NI10,P015_ALLOY_OR_SUPPORTING_SCOPE,TRIP_Interpretation,Computational trajectory,as named/reported,VERIFIED_WORKBOOK,Fig.10; p.9,source-reported,High,VERIFIED
P015,10.1016/j.jallcom.2026.188919,P015_MAT_FE50MN20CR20NI10,P015_ALLOY_OR_SUPPORTING_SCOPE,Experimental_Target_Eligibility,NOT_ELIGIBLE_AS_EXPERIMENTAL_SAMPLE,as named/reported,VERIFIED_WORKBOOK,Fig.10; p.9,source-reported,High,VERIFIED
P015,10.1016/j.jallcom.2026.188919,P015_MAT_FE50MN20CR20NI10,P015_ALLOY_OR_SUPPORTING_SCOPE,Evidence_Location,Fig.10; p.9,as named/reported,VERIFIED_WORKBOOK,Fig.10; p.9,source-reported,High,VERIFIED
P015,10.1016/j.jallcom.2026.188919,P015_MAT_FE50MN20CR20NI10,P015_ALLOY_OR_SUPPORTING_SCOPE,Confidence,High,as named/reported,VERIFIED_WORKBOOK,Fig.10; p.9,source-reported,High,VERIFIED
P015,10.1016/j.jallcom.2026.188919,P015_MAT_FE50MN20CR20NI10,P015_ALLOY_OR_SUPPORTING_SCOPE,Notes,Do not use sparse MD twins to contradict experimental TWIP=1.,as named/reported,VERIFIED_WORKBOOK,Fig.10; p.9,source-reported,High,VERIFIED
P015,10.1016/j.jallcom.2026.188919,P015_MAT_FE50MN20CR20NI10,P015_ALLOY_OR_SUPPORTING_SCOPE,Simulation_T_K,77,as named/reported,VERIFIED_WORKBOOK,Fig.10; p.9,source-reported,High,VERIFIED
P015,10.1016/j.jallcom.2026.188919,P015_MAT_FE50MN20CR20NI10,P015_ALLOY_OR_SUPPORTING_SCOPE,MD_Observation_ID,P015_MD_77_eps10,as named/reported,VERIFIED_WORKBOOK,Fig.10; p.9,source-reported,High,VERIFIED
P015,10.1016/j.jallcom.2026.188919,P015_MAT_FE50MN20CR20NI10,P015_ALLOY_OR_SUPPORTING_SCOPE,Simulation_Strain_pct,10,as named/reported,VERIFIED_WORKBOOK,Fig.10; p.9,source-reported,High,VERIFIED
P015,10.1016/j.jallcom.2026.188919,P015_MAT_FE50MN20CR20NI10,P015_ALLOY_OR_SUPPORTING_SCOPE,Data_Origin,COMPUTATIONAL_MD,as named/reported,VERIFIED_WORKBOOK,Fig.10; p.9,source-reported,High,VERIFIED
P015,10.1016/j.jallcom.2026.188919,P015_MAT_FE50MN20CR20NI10,P015_ALLOY_OR_SUPPORTING_SCOPE,Observation_Role,CORRELATED_SIM_STAGE,as named/reported,VERIFIED_WORKBOOK,Fig.10; p.9,source-reported,High,VERIFIED
P015,10.1016/j.jallcom.2026.188919,P015_MAT_FE50MN20CR20NI10,P015_ALLOY_OR_SUPPORTING_SCOPE,Independent_ML_sample,False,as named/reported,VERIFIED_WORKBOOK,Fig.10; p.9,source-reported,High,VERIFIED
P015,10.1016/j.jallcom.2026.188919,P015_MAT_FE50MN20CR20NI10,P015_ALLOY_OR_SUPPORTING_SCOPE,FCC_atoms,FCC + HCP-like SF atoms,as named/reported,VERIFIED_WORKBOOK,Fig.10; p.9,source-reported,High,VERIFIED
P015,10.1016/j.jallcom.2026.188919,P015_MAT_FE50MN20CR20NI10,P015_ALLOY_OR_SUPPORTING_SCOPE,HCP_or_SF_atoms,ISFs dominate,as named/reported,VERIFIED_WORKBOOK,Fig.10; p.9,source-reported,High,VERIFIED
P015,10.1016/j.jallcom.2026.188919,P015_MAT_FE50MN20CR20NI10,P015_ALLOY_OR_SUPPORTING_SCOPE,Dislocation_State,Dislocation density evolves,as named/reported,VERIFIED_WORKBOOK,Fig.10; p.9,source-reported,High,VERIFIED
P015,10.1016/j.jallcom.2026.188919,P015_MAT_FE50MN20CR20NI10,P015_ALLOY_OR_SUPPORTING_SCOPE,Twin_State,Some DT formation but extremely poor,as named/reported,VERIFIED_WORKBOOK,Fig.10; p.9,source-reported,High,VERIFIED
P015,10.1016/j.jallcom.2026.188919,P015_MAT_FE50MN20CR20NI10,P015_ALLOY_OR_SUPPORTING_SCOPE,TRIP_Interpretation,Computational trajectory,as named/reported,VERIFIED_WORKBOOK,Fig.10; p.9,source-reported,High,VERIFIED
P015,10.1016/j.jallcom.2026.188919,P015_MAT_FE50MN20CR20NI10,P015_ALLOY_OR_SUPPORTING_SCOPE,Experimental_Target_Eligibility,NOT_ELIGIBLE_AS_EXPERIMENTAL_SAMPLE,as named/reported,VERIFIED_WORKBOOK,Fig.10; p.9,source-reported,High,VERIFIED
P015,10.1016/j.jallcom.2026.188919,P015_MAT_FE50MN20CR20NI10,P015_ALLOY_OR_SUPPORTING_SCOPE,Evidence_Location,Fig.10; p.9,as named/reported,VERIFIED_WORKBOOK,Fig.10; p.9,source-reported,High,VERIFIED
P015,10.1016/j.jallcom.2026.188919,P015_MAT_FE50MN20CR20NI10,P015_ALLOY_OR_SUPPORTING_SCOPE,Confidence,High,as named/reported,VERIFIED_WORKBOOK,Fig.10; p.9,source-reported,High,VERIFIED
P015,10.1016/j.jallcom.2026.188919,P015_MAT_FE50MN20CR20NI10,P015_ALLOY_OR_SUPPORTING_SCOPE,Notes,Authors attribute sparse ESF/DT partly to relatively high simulation strain rate/potential choice.,as named/reported,VERIFIED_WORKBOOK,Fig.10; p.9,source-reported,High,VERIFIED
P015,10.1016/j.jallcom.2026.188919,P015_MAT_FE50MN20CR20NI10,P015_ALLOY_OR_SUPPORTING_SCOPE,Simulation_T_K,77,as named/reported,VERIFIED_WORKBOOK,Fig.10; p.9,source-reported,High,VERIFIED
P015,10.1016/j.jallcom.2026.188919,P015_MAT_FE50MN20CR20NI10,P015_ALLOY_OR_SUPPORTING_SCOPE,MD_Observation_ID,P015_MD_77_eps20,as named/reported,VERIFIED_WORKBOOK,Fig.10; p.9,source-reported,High,VERIFIED
P015,10.1016/j.jallcom.2026.188919,P015_MAT_FE50MN20CR20NI10,P015_ALLOY_OR_SUPPORTING_SCOPE,Simulation_Strain_pct,20,as named/reported,VERIFIED_WORKBOOK,Fig.10; p.9,source-reported,High,VERIFIED
P015,10.1016/j.jallcom.2026.188919,P015_MAT_FE50MN20CR20NI10,P015_ALLOY_OR_SUPPORTING_SCOPE,Data_Origin,COMPUTATIONAL_MD,as named/reported,VERIFIED_WORKBOOK,Fig.10; p.9,source-reported,High,VERIFIED
P015,10.1016/j.jallcom.2026.188919,P015_MAT_FE50MN20CR20NI10,P015_ALLOY_OR_SUPPORTING_SCOPE,Observation_Role,CORRELATED_SIM_STAGE,as named/reported,VERIFIED_WORKBOOK,Fig.10; p.9,source-reported,High,VERIFIED
P015,10.1016/j.jallcom.2026.188919,P015_MAT_FE50MN20CR20NI10,P015_ALLOY_OR_SUPPORTING_SCOPE,Independent_ML_sample,False,as named/reported,VERIFIED_WORKBOOK,Fig.10; p.9,source-reported,High,VERIFIED
P015,10.1016/j.jallcom.2026.188919,P015_MAT_FE50MN20CR20NI10,P015_ALLOY_OR_SUPPORTING_SCOPE,FCC_atoms,FCC + extensive HCP-like SF defects,as named/reported,VERIFIED_WORKBOOK,Fig.10; p.9,source-reported,High,VERIFIED
P015,10.1016/j.jallcom.2026.188919,P015_MAT_FE50MN20CR20NI10,P015_ALLOY_OR_SUPPORTING_SCOPE,HCP_or_SF_atoms,ISFs dominate,as named/reported,VERIFIED_WORKBOOK,Fig.10; p.9,source-reported,High,VERIFIED
P015,10.1016/j.jallcom.2026.188919,P015_MAT_FE50MN20CR20NI10,P015_ALLOY_OR_SUPPORTING_SCOPE,Dislocation_State,Strong defect interactions,as named/reported,VERIFIED_WORKBOOK,Fig.10; p.9,source-reported,High,VERIFIED
P015,10.1016/j.jallcom.2026.188919,P015_MAT_FE50MN20CR20NI10,P015_ALLOY_OR_SUPPORTING_SCOPE,Twin_State,DT remains sparse relative to ISF,as named/reported,VERIFIED_WORKBOOK,Fig.10; p.9,source-reported,High,VERIFIED
P015,10.1016/j.jallcom.2026.188919,P015_MAT_FE50MN20CR20NI10,P015_ALLOY_OR_SUPPORTING_SCOPE,TRIP_Interpretation,Computational trajectory,as named/reported,VERIFIED_WORKBOOK,Fig.10; p.9,source-reported,High,VERIFIED
P015,10.1016/j.jallcom.2026.188919,P015_MAT_FE50MN20CR20NI10,P015_ALLOY_OR_SUPPORTING_SCOPE,Experimental_Target_Eligibility,NOT_ELIGIBLE_AS_EXPERIMENTAL_SAMPLE,as named/reported,VERIFIED_WORKBOOK,Fig.10; p.9,source-reported,High,VERIFIED
P015,10.1016/j.jallcom.2026.188919,P015_MAT_FE50MN20CR20NI10,P015_ALLOY_OR_SUPPORTING_SCOPE,Evidence_Location,Fig.10; p.9,as named/reported,VERIFIED_WORKBOOK,Fig.10; p.9,source-reported,High,VERIFIED
P015,10.1016/j.jallcom.2026.188919,P015_MAT_FE50MN20CR20NI10,P015_ALLOY_OR_SUPPORTING_SCOPE,Confidence,High,as named/reported,VERIFIED_WORKBOOK,Fig.10; p.9,source-reported,High,VERIFIED
P015,10.1016/j.jallcom.2026.188919,P015_MAT_FE50MN20CR20NI10,P015_ALLOY_OR_SUPPORTING_SCOPE,Notes,Experimental TEM directly verifies TWIP/TRIP at 77 K; simulation and experiment remain separate evidence domains.,as named/reported,VERIFIED_WORKBOOK,Fig.10; p.9,source-reported,High,VERIFIED
P015,10.1016/j.jallcom.2026.188919,P015_MAT_FE50MN20CR20NI10,P015_ALLOY_OR_SUPPORTING_SCOPE,Issue_ID,C001,as named/reported,VERIFIED_WORKBOOK,"Methods p.2; Sec.3.2 p.3; captions Figs.4,7,9",source-reported,High,VERIFIED
P015,10.1016/j.jallcom.2026.188919,P015_MAT_FE50MN20CR20NI10,P015_ALLOY_OR_SUPPORTING_SCOPE,Scope,Experimental tensile strain rate,as named/reported,VERIFIED_WORKBOOK,"Methods p.2; Sec.3.2 p.3; captions Figs.4,7,9",source-reported,High,VERIFIED
P015,10.1016/j.jallcom.2026.188919,P015_MAT_FE50MN20CR20NI10,P015_ALLOY_OR_SUPPORTING_SCOPE,Source_A,Methods Sec.2.2 and Sec.3.2 body text: 1 x 10^-3 s^-1,as named/reported,VERIFIED_WORKBOOK,"Methods p.2; Sec.3.2 p.3; captions Figs.4,7,9",source-reported,High,VERIFIED
P015,10.1016/j.jallcom.2026.188919,P015_MAT_FE50MN20CR20NI10,P015_ALLOY_OR_SUPPORTING_SCOPE,Source_B,"Fig.4, Fig.7 and Fig.9 captions state 1000 s^-1",as named/reported,VERIFIED_WORKBOOK,"Methods p.2; Sec.3.2 p.3; captions Figs.4,7,9",source-reported,High,VERIFIED
P015,10.1016/j.jallcom.2026.188919,P015_MAT_FE50MN20CR20NI10,P015_ALLOY_OR_SUPPORTING_SCOPE,Decision,Use 1e-3 s^-1 as canonical experimental strain rate and preserve caption conflict explicitly,as named/reported,VERIFIED_WORKBOOK,"Methods p.2; Sec.3.2 p.3; captions Figs.4,7,9",source-reported,High,VERIFIED
P015,10.1016/j.jallcom.2026.188919,P015_MAT_FE50MN20CR20NI10,P015_ALLOY_OR_SUPPORTING_SCOPE,Severity,CRITICAL,as named/reported,VERIFIED_WORKBOOK,"Methods p.2; Sec.3.2 p.3; captions Figs.4,7,9",source-reported,High,VERIFIED
P015,10.1016/j.jallcom.2026.188919,P015_MAT_FE50MN20CR20NI10,P015_ALLOY_OR_SUPPORTING_SCOPE,Why,The captions conflict with the methods by six orders of magnitude and are inconsistent with the quasi-static test description.,as named/reported,VERIFIED_WORKBOOK,"Methods p.2; Sec.3.2 p.3; captions Figs.4,7,9",source-reported,High,VERIFIED
P015,10.1016/j.jallcom.2026.188919,P015_MAT_FE50MN20CR20NI10,P015_ALLOY_OR_SUPPORTING_SCOPE,Implementation_Rule,Never ingest caption value 1000 s^-1 into experimental tensile conditions.,as named/reported,VERIFIED_WORKBOOK,"Methods p.2; Sec.3.2 p.3; captions Figs.4,7,9",source-reported,High,VERIFIED
P015,10.1016/j.jallcom.2026.188919,P015_MAT_FE50MN20CR20NI10,P015_ALLOY_OR_SUPPORTING_SCOPE,Evidence_Location,"Methods p.2; Sec.3.2 p.3; captions Figs.4,7,9",as named/reported,VERIFIED_WORKBOOK,"Methods p.2; Sec.3.2 p.3; captions Figs.4,7,9",source-reported,High,VERIFIED
P015,10.1016/j.jallcom.2026.188919,P015_MAT_FE50MN20CR20NI10,P015_ALLOY_OR_SUPPORTING_SCOPE,Confidence,High,as named/reported,VERIFIED_WORKBOOK,"Methods p.2; Sec.3.2 p.3; captions Figs.4,7,9",source-reported,High,VERIFIED
P015,10.1016/j.jallcom.2026.188919,P015_MAT_FE50MN20CR20NI10,P015_ALLOY_OR_SUPPORTING_SCOPE,Issue_ID,C002,as named/reported,VERIFIED_WORKBOOK,Sec.3.2 pp.3-4; Table 1 p.5,source-reported,High,VERIFIED
P015,10.1016/j.jallcom.2026.188919,P015_MAT_FE50MN20CR20NI10,P015_ALLOY_OR_SUPPORTING_SCOPE,Scope,77 K yield values,as named/reported,VERIFIED_WORKBOOK,Sec.3.2 pp.3-4; Table 1 p.5,source-reported,High,VERIFIED
P015,10.1016/j.jallcom.2026.188919,P015_MAT_FE50MN20CR20NI10,P015_ALLOY_OR_SUPPORTING_SCOPE,Source_A,Main text / conclusion: engineering YS = 608 MPa,as named/reported,VERIFIED_WORKBOOK,Sec.3.2 pp.3-4; Table 1 p.5,source-reported,High,VERIFIED
P015,10.1016/j.jallcom.2026.188919,P015_MAT_FE50MN20CR20NI10,P015_ALLOY_OR_SUPPORTING_SCOPE,Source_B,Table 1: true yield stress = 690.33 MPa,as named/reported,VERIFIED_WORKBOOK,Sec.3.2 pp.3-4; Table 1 p.5,source-reported,High,VERIFIED
P015,10.1016/j.jallcom.2026.188919,P015_MAT_FE50MN20CR20NI10,P015_ALLOY_OR_SUPPORTING_SCOPE,Decision,Preserve both in separate engineering and true-stress fields; do not reconcile or overwrite,as named/reported,VERIFIED_WORKBOOK,Sec.3.2 pp.3-4; Table 1 p.5,source-reported,High,VERIFIED
P015,10.1016/j.jallcom.2026.188919,P015_MAT_FE50MN20CR20NI10,P015_ALLOY_OR_SUPPORTING_SCOPE,Severity,MAJOR,as named/reported,VERIFIED_WORKBOOK,Sec.3.2 pp.3-4; Table 1 p.5,source-reported,High,VERIFIED
P015,10.1016/j.jallcom.2026.188919,P015_MAT_FE50MN20CR20NI10,P015_ALLOY_OR_SUPPORTING_SCOPE,Why,The paper provides both differently defined/reporting stress quantities.,as named/reported,VERIFIED_WORKBOOK,Sec.3.2 pp.3-4; Table 1 p.5,source-reported,High,VERIFIED
P015,10.1016/j.jallcom.2026.188919,P015_MAT_FE50MN20CR20NI10,P015_ALLOY_OR_SUPPORTING_SCOPE,Implementation_Rule,Engineering_YS_MPa=608; True_Yield_Stress_MPa=690.33.,as named/reported,VERIFIED_WORKBOOK,Sec.3.2 pp.3-4; Table 1 p.5,source-reported,High,VERIFIED
P015,10.1016/j.jallcom.2026.188919,P015_MAT_FE50MN20CR20NI10,P015_ALLOY_OR_SUPPORTING_SCOPE,Evidence_Location,Sec.3.2 pp.3-4; Table 1 p.5,as named/reported,VERIFIED_WORKBOOK,Sec.3.2 pp.3-4; Table 1 p.5,source-reported,High,VERIFIED
P015,10.1016/j.jallcom.2026.188919,P015_MAT_FE50MN20CR20NI10,P015_ALLOY_OR_SUPPORTING_SCOPE,Confidence,High,as named/reported,VERIFIED_WORKBOOK,Sec.3.2 pp.3-4; Table 1 p.5,source-reported,High,VERIFIED
P015,10.1016/j.jallcom.2026.188919,P015_MAT_FE50MN20CR20NI10,P015_ALLOY_OR_SUPPORTING_SCOPE,Issue_ID,C003,as named/reported,VERIFIED_WORKBOOK,"Figs.3,6; pp.3-6",source-reported,High,VERIFIED
P015,10.1016/j.jallcom.2026.188919,P015_MAT_FE50MN20CR20NI10,P015_ALLOY_OR_SUPPORTING_SCOPE,Scope,298 K TRIP target,as named/reported,VERIFIED_WORKBOOK,"Figs.3,6; pp.3-6",source-reported,High,VERIFIED
P015,10.1016/j.jallcom.2026.188919,P015_MAT_FE50MN20CR20NI10,P015_ALLOY_OR_SUPPORTING_SCOPE,Source_A,Initial XRD/EBSD: single FCC,as named/reported,VERIFIED_WORKBOOK,"Figs.3,6; pp.3-6",source-reported,High,VERIFIED
P015,10.1016/j.jallcom.2026.188919,P015_MAT_FE50MN20CR20NI10,P015_ALLOY_OR_SUPPORTING_SCOPE,Source_B,Post-fracture 298 K XRD/EBSD: still single/pure FCC with no secondary phase,as named/reported,VERIFIED_WORKBOOK,"Figs.3,6; pp.3-6",source-reported,High,VERIFIED
P015,10.1016/j.jallcom.2026.188919,P015_MAT_FE50MN20CR20NI10,P015_ALLOY_OR_SUPPORTING_SCOPE,Decision,Effective_TRIP=0,as named/reported,VERIFIED_WORKBOOK,"Figs.3,6; pp.3-6",source-reported,High,VERIFIED
P015,10.1016/j.jallcom.2026.188919,P015_MAT_FE50MN20CR20NI10,P015_ALLOY_OR_SUPPORTING_SCOPE,Severity,CRITICAL,as named/reported,VERIFIED_WORKBOOK,"Figs.3,6; pp.3-6",source-reported,High,VERIFIED
P015,10.1016/j.jallcom.2026.188919,P015_MAT_FE50MN20CR20NI10,P015_ALLOY_OR_SUPPORTING_SCOPE,Why,"This is explicit initial-to-final negative evidence, stronger than absence at one intermediate stage.",as named/reported,VERIFIED_WORKBOOK,"Figs.3,6; pp.3-6",source-reported,High,VERIFIED
P015,10.1016/j.jallcom.2026.188919,P015_MAT_FE50MN20CR20NI10,P015_ALLOY_OR_SUPPORTING_SCOPE,Implementation_Rule,Use as high-confidence condition-level negative; do not change to NA.,as named/reported,VERIFIED_WORKBOOK,"Figs.3,6; pp.3-6",source-reported,High,VERIFIED
P015,10.1016/j.jallcom.2026.188919,P015_MAT_FE50MN20CR20NI10,P015_ALLOY_OR_SUPPORTING_SCOPE,Evidence_Location,"Figs.3,6; pp.3-6",as named/reported,VERIFIED_WORKBOOK,"Figs.3,6; pp.3-6",source-reported,High,VERIFIED
P015,10.1016/j.jallcom.2026.188919,P015_MAT_FE50MN20CR20NI10,P015_ALLOY_OR_SUPPORTING_SCOPE,Confidence,High,as named/reported,VERIFIED_WORKBOOK,"Figs.3,6; pp.3-6",source-reported,High,VERIFIED
P015,10.1016/j.jallcom.2026.188919,P015_MAT_FE50MN20CR20NI10,P015_ALLOY_OR_SUPPORTING_SCOPE,Issue_ID,C004,as named/reported,VERIFIED_WORKBOOK,Sec.4.2 p.9; Figs.9-10,source-reported,High,VERIFIED
P015,10.1016/j.jallcom.2026.188919,P015_MAT_FE50MN20CR20NI10,P015_ALLOY_OR_SUPPORTING_SCOPE,Scope,MD vs experiment at 77 K,as named/reported,VERIFIED_WORKBOOK,Sec.4.2 p.9; Figs.9-10,source-reported,High,VERIFIED
P015,10.1016/j.jallcom.2026.188919,P015_MAT_FE50MN20CR20NI10,P015_ALLOY_OR_SUPPORTING_SCOPE,Source_A,Experiment: abundant twins + ε-martensite; TWIP/TRIP,as named/reported,VERIFIED_WORKBOOK,Sec.4.2 p.9; Figs.9-10,source-reported,High,VERIFIED
P015,10.1016/j.jallcom.2026.188919,P015_MAT_FE50MN20CR20NI10,P015_ALLOY_OR_SUPPORTING_SCOPE,Source_B,MD at high simulation strain rate: ISFs dominate and ESF/DT numbers are extremely poor,as named/reported,VERIFIED_WORKBOOK,Sec.4.2 p.9; Figs.9-10,source-reported,High,VERIFIED
P015,10.1016/j.jallcom.2026.188919,P015_MAT_FE50MN20CR20NI10,P015_ALLOY_OR_SUPPORTING_SCOPE,Decision,Preserve as separate evidence domains; experimental targets govern the experimental ML condition,as named/reported,VERIFIED_WORKBOOK,Sec.4.2 p.9; Figs.9-10,source-reported,High,VERIFIED
P015,10.1016/j.jallcom.2026.188919,P015_MAT_FE50MN20CR20NI10,P015_ALLOY_OR_SUPPORTING_SCOPE,Severity,MAJOR,as named/reported,VERIFIED_WORKBOOK,Sec.4.2 p.9; Figs.9-10,source-reported,High,VERIFIED
P015,10.1016/j.jallcom.2026.188919,P015_MAT_FE50MN20CR20NI10,P015_ALLOY_OR_SUPPORTING_SCOPE,Why,Authors explicitly attribute sparse MD DT partly to high simulation strain rate and potential/parameter effects.,as named/reported,VERIFIED_WORKBOOK,Sec.4.2 p.9; Figs.9-10,source-reported,High,VERIFIED
P015,10.1016/j.jallcom.2026.188919,P015_MAT_FE50MN20CR20NI10,P015_ALLOY_OR_SUPPORTING_SCOPE,Implementation_Rule,MD rows stay COMPUTATIONAL_MD and non-independent; never override experimental target labels.,as named/reported,VERIFIED_WORKBOOK,Sec.4.2 p.9; Figs.9-10,source-reported,High,VERIFIED
P015,10.1016/j.jallcom.2026.188919,P015_MAT_FE50MN20CR20NI10,P015_ALLOY_OR_SUPPORTING_SCOPE,Evidence_Location,Sec.4.2 p.9; Figs.9-10,as named/reported,VERIFIED_WORKBOOK,Sec.4.2 p.9; Figs.9-10,source-reported,High,VERIFIED
P015,10.1016/j.jallcom.2026.188919,P015_MAT_FE50MN20CR20NI10,P015_ALLOY_OR_SUPPORTING_SCOPE,Confidence,High,as named/reported,VERIFIED_WORKBOOK,Sec.4.2 p.9; Figs.9-10,source-reported,High,VERIFIED
P015,10.1016/j.jallcom.2026.188919,P015_MAT_FE50MN20CR20NI10,P015_ALLOY_OR_SUPPORTING_SCOPE,Issue_ID,C005,as named/reported,VERIFIED_WORKBOOK,Sec.4.3 p.11,source-reported,High,VERIFIED
P015,10.1016/j.jallcom.2026.188919,P015_MAT_FE50MN20CR20NI10,P015_ALLOY_OR_SUPPORTING_SCOPE,Scope,298 K critical-stress analytical model,as named/reported,VERIFIED_WORKBOOK,Sec.4.3 p.11,source-reported,High,VERIFIED
P015,10.1016/j.jallcom.2026.188919,P015_MAT_FE50MN20CR20NI10,P015_ALLOY_OR_SUPPORTING_SCOPE,Source_A,Calculated twin/martensite thresholds are reported,as named/reported,VERIFIED_WORKBOOK,Sec.4.3 p.11,source-reported,High,VERIFIED
P015,10.1016/j.jallcom.2026.188919,P015_MAT_FE50MN20CR20NI10,P015_ALLOY_OR_SUPPORTING_SCOPE,Source_B,Authors explicitly state 298 K calculated results do not match the engineering stress-strain curve well,as named/reported,VERIFIED_WORKBOOK,Sec.4.3 p.11,source-reported,High,VERIFIED
P015,10.1016/j.jallcom.2026.188919,P015_MAT_FE50MN20CR20NI10,P015_ALLOY_OR_SUPPORTING_SCOPE,Decision,Keep values with limited-validity flag,as named/reported,VERIFIED_WORKBOOK,Sec.4.3 p.11,source-reported,High,VERIFIED
P015,10.1016/j.jallcom.2026.188919,P015_MAT_FE50MN20CR20NI10,P015_ALLOY_OR_SUPPORTING_SCOPE,Severity,MAJOR,as named/reported,VERIFIED_WORKBOOK,Sec.4.3 p.11,source-reported,High,VERIFIED
P015,10.1016/j.jallcom.2026.188919,P015_MAT_FE50MN20CR20NI10,P015_ALLOY_OR_SUPPORTING_SCOPE,Why,Some model parameters are better suited for low-temperature conditions.,as named/reported,VERIFIED_WORKBOOK,Sec.4.3 p.11,source-reported,High,VERIFIED
P015,10.1016/j.jallcom.2026.188919,P015_MAT_FE50MN20CR20NI10,P015_ALLOY_OR_SUPPORTING_SCOPE,Implementation_Rule,Do not treat calculated 298 K thresholds as ground-truth mechanism onset labels.,as named/reported,VERIFIED_WORKBOOK,Sec.4.3 p.11,source-reported,High,VERIFIED
P015,10.1016/j.jallcom.2026.188919,P015_MAT_FE50MN20CR20NI10,P015_ALLOY_OR_SUPPORTING_SCOPE,Evidence_Location,Sec.4.3 p.11,as named/reported,VERIFIED_WORKBOOK,Sec.4.3 p.11,source-reported,High,VERIFIED
P015,10.1016/j.jallcom.2026.188919,P015_MAT_FE50MN20CR20NI10,P015_ALLOY_OR_SUPPORTING_SCOPE,Confidence,High,as named/reported,VERIFIED_WORKBOOK,Sec.4.3 p.11,source-reported,High,VERIFIED
P015,10.1016/j.jallcom.2026.188919,P015_MAT_FE50MN20CR20NI10,P015_ALLOY_OR_SUPPORTING_SCOPE,Priority,P0,as named/reported,VERIFIED_WORKBOOK,Methods p.2,source-reported,High,VERIFIED
P015,10.1016/j.jallcom.2026.188919,P015_MAT_FE50MN20CR20NI10,P015_ALLOY_OR_SUPPORTING_SCOPE,Decision_ID,D001,as named/reported,VERIFIED_WORKBOOK,Methods p.2,source-reported,High,VERIFIED
P015,10.1016/j.jallcom.2026.188919,P015_MAT_FE50MN20CR20NI10,P015_ALLOY_OR_SUPPORTING_SCOPE,Decision,Create exactly two primary experimental ML conditions: 298 K and 77 K.,as named/reported,VERIFIED_WORKBOOK,Methods p.2,source-reported,High,VERIFIED
P015,10.1016/j.jallcom.2026.188919,P015_MAT_FE50MN20CR20NI10,P015_ALLOY_OR_SUPPORTING_SCOPE,Status,READY,as named/reported,VERIFIED_WORKBOOK,Methods p.2,source-reported,High,VERIFIED
P015,10.1016/j.jallcom.2026.188919,P015_MAT_FE50MN20CR20NI10,P015_ALLOY_OR_SUPPORTING_SCOPE,Scientific_Rationale,Same homogenized material is tensile-tested at two directly reported temperatures.,as named/reported,VERIFIED_WORKBOOK,Methods p.2,source-reported,High,VERIFIED
P015,10.1016/j.jallcom.2026.188919,P015_MAT_FE50MN20CR20NI10,P015_ALLOY_OR_SUPPORTING_SCOPE,Implementation_Rule,P015_MC_298K and P015_MC_77K are independent condition-level rows; replicate_n=3 remains metadata only.,as named/reported,VERIFIED_WORKBOOK,Methods p.2,source-reported,High,VERIFIED
P015,10.1016/j.jallcom.2026.188919,P015_MAT_FE50MN20CR20NI10,P015_ALLOY_OR_SUPPORTING_SCOPE,Evidence_Location,Methods p.2,as named/reported,VERIFIED_WORKBOOK,Methods p.2,source-reported,High,VERIFIED
P015,10.1016/j.jallcom.2026.188919,P015_MAT_FE50MN20CR20NI10,P015_ALLOY_OR_SUPPORTING_SCOPE,Priority,P0,as named/reported,VERIFIED_WORKBOOK,"Figs.3,6,7",source-reported,High,VERIFIED
P015,10.1016/j.jallcom.2026.188919,P015_MAT_FE50MN20CR20NI10,P015_ALLOY_OR_SUPPORTING_SCOPE,Decision_ID,D002,as named/reported,VERIFIED_WORKBOOK,"Figs.3,6,7",source-reported,High,VERIFIED
P015,10.1016/j.jallcom.2026.188919,P015_MAT_FE50MN20CR20NI10,P015_ALLOY_OR_SUPPORTING_SCOPE,Decision,298 K effective target = TRIP 0 / TWIP 1 / Slip 1.,as named/reported,VERIFIED_WORKBOOK,"Figs.3,6,7",source-reported,High,VERIFIED
P015,10.1016/j.jallcom.2026.188919,P015_MAT_FE50MN20CR20NI10,P015_ALLOY_OR_SUPPORTING_SCOPE,Status,READY,as named/reported,VERIFIED_WORKBOOK,"Figs.3,6,7",source-reported,High,VERIFIED
P015,10.1016/j.jallcom.2026.188919,P015_MAT_FE50MN20CR20NI10,P015_ALLOY_OR_SUPPORTING_SCOPE,Scientific_Rationale,Initial single FCC remains single FCC after fracture by both XRD and EBSD; deformation twins are directly confirmed.,as named/reported,VERIFIED_WORKBOOK,"Figs.3,6,7",source-reported,High,VERIFIED
P015,10.1016/j.jallcom.2026.188919,P015_MAT_FE50MN20CR20NI10,P015_ALLOY_OR_SUPPORTING_SCOPE,Implementation_Rule,"This is an explicit condition-wide negative TRIP label, not NA.",as named/reported,VERIFIED_WORKBOOK,"Figs.3,6,7",source-reported,High,VERIFIED
P015,10.1016/j.jallcom.2026.188919,P015_MAT_FE50MN20CR20NI10,P015_ALLOY_OR_SUPPORTING_SCOPE,Evidence_Location,"Figs.3,6,7",as named/reported,VERIFIED_WORKBOOK,"Figs.3,6,7",source-reported,High,VERIFIED
P015,10.1016/j.jallcom.2026.188919,P015_MAT_FE50MN20CR20NI10,P015_ALLOY_OR_SUPPORTING_SCOPE,Priority,P0,as named/reported,VERIFIED_WORKBOOK,"Figs.6,9",source-reported,High,VERIFIED
P015,10.1016/j.jallcom.2026.188919,P015_MAT_FE50MN20CR20NI10,P015_ALLOY_OR_SUPPORTING_SCOPE,Decision_ID,D003,as named/reported,VERIFIED_WORKBOOK,"Figs.6,9",source-reported,High,VERIFIED
P015,10.1016/j.jallcom.2026.188919,P015_MAT_FE50MN20CR20NI10,P015_ALLOY_OR_SUPPORTING_SCOPE,Decision,77 K effective target = TRIP 1 / TWIP 1 / Slip 1.,as named/reported,VERIFIED_WORKBOOK,"Figs.6,9",source-reported,High,VERIFIED
P015,10.1016/j.jallcom.2026.188919,P015_MAT_FE50MN20CR20NI10,P015_ALLOY_OR_SUPPORTING_SCOPE,Status,READY,as named/reported,VERIFIED_WORKBOOK,"Figs.6,9",source-reported,High,VERIFIED
P015,10.1016/j.jallcom.2026.188919,P015_MAT_FE50MN20CR20NI10,P015_ALLOY_OR_SUPPORTING_SCOPE,Scientific_Rationale,Initial single FCC transforms partly to ε-HCP and direct deformation twins/secondary twins form at cryogenic temperature.,as named/reported,VERIFIED_WORKBOOK,"Figs.6,9",source-reported,High,VERIFIED
P015,10.1016/j.jallcom.2026.188919,P015_MAT_FE50MN20CR20NI10,P015_ALLOY_OR_SUPPORTING_SCOPE,Implementation_Rule,Use experimental XRD/EBSD/TEM as target evidence.,as named/reported,VERIFIED_WORKBOOK,"Figs.6,9",source-reported,High,VERIFIED
P015,10.1016/j.jallcom.2026.188919,P015_MAT_FE50MN20CR20NI10,P015_ALLOY_OR_SUPPORTING_SCOPE,Evidence_Location,"Figs.6,9",as named/reported,VERIFIED_WORKBOOK,"Figs.6,9",source-reported,High,VERIFIED
P015,10.1016/j.jallcom.2026.188919,P015_MAT_FE50MN20CR20NI10,P015_ALLOY_OR_SUPPORTING_SCOPE,Priority,P0,as named/reported,VERIFIED_WORKBOOK,"Methods + Figs.4,7,9",source-reported,High,VERIFIED
P015,10.1016/j.jallcom.2026.188919,P015_MAT_FE50MN20CR20NI10,P015_ALLOY_OR_SUPPORTING_SCOPE,Decision_ID,D004,as named/reported,VERIFIED_WORKBOOK,"Methods + Figs.4,7,9",source-reported,High,VERIFIED
P015,10.1016/j.jallcom.2026.188919,P015_MAT_FE50MN20CR20NI10,P015_ALLOY_OR_SUPPORTING_SCOPE,Decision,Use 1e-3 s^-1 as canonical experimental strain rate; log the 1000 s^-1 figure-caption conflict.,as named/reported,VERIFIED_WORKBOOK,"Methods + Figs.4,7,9",source-reported,High,VERIFIED
P015,10.1016/j.jallcom.2026.188919,P015_MAT_FE50MN20CR20NI10,P015_ALLOY_OR_SUPPORTING_SCOPE,Status,READY,as named/reported,VERIFIED_WORKBOOK,"Methods + Figs.4,7,9",source-reported,High,VERIFIED
P015,10.1016/j.jallcom.2026.188919,P015_MAT_FE50MN20CR20NI10,P015_ALLOY_OR_SUPPORTING_SCOPE,Scientific_Rationale,Methods and body text agree on 1e-3 s^-1; several captions conflict.,as named/reported,VERIFIED_WORKBOOK,"Methods + Figs.4,7,9",source-reported,High,VERIFIED
P015,10.1016/j.jallcom.2026.188919,P015_MAT_FE50MN20CR20NI10,P015_ALLOY_OR_SUPPORTING_SCOPE,Implementation_Rule,Do not create a 1000 s^-1 experimental condition from P015.,as named/reported,VERIFIED_WORKBOOK,"Methods + Figs.4,7,9",source-reported,High,VERIFIED
P015,10.1016/j.jallcom.2026.188919,P015_MAT_FE50MN20CR20NI10,P015_ALLOY_OR_SUPPORTING_SCOPE,Evidence_Location,"Methods + Figs.4,7,9",as named/reported,VERIFIED_WORKBOOK,"Methods + Figs.4,7,9",source-reported,High,VERIFIED
P015,10.1016/j.jallcom.2026.188919,P015_MAT_FE50MN20CR20NI10,P015_ALLOY_OR_SUPPORTING_SCOPE,Priority,P1,as named/reported,VERIFIED_WORKBOOK,Fig.11; Sec.4.3,source-reported,High,VERIFIED
P015,10.1016/j.jallcom.2026.188919,P015_MAT_FE50MN20CR20NI10,P015_ALLOY_OR_SUPPORTING_SCOPE,Decision_ID,D005,as named/reported,VERIFIED_WORKBOOK,Fig.11; Sec.4.3,source-reported,High,VERIFIED
P015,10.1016/j.jallcom.2026.188919,P015_MAT_FE50MN20CR20NI10,P015_ALLOY_OR_SUPPORTING_SCOPE,Decision,"SFE = 36.62 mJ/m2 at 298 K and 10.97 mJ/m2 at 77 K, both MD-calculated.",as named/reported,VERIFIED_WORKBOOK,Fig.11; Sec.4.3,source-reported,High,VERIFIED
P015,10.1016/j.jallcom.2026.188919,P015_MAT_FE50MN20CR20NI10,P015_ALLOY_OR_SUPPORTING_SCOPE,Status,READY,as named/reported,VERIFIED_WORKBOOK,Fig.11; Sec.4.3,source-reported,High,VERIFIED
P015,10.1016/j.jallcom.2026.188919,P015_MAT_FE50MN20CR20NI10,P015_ALLOY_OR_SUPPORTING_SCOPE,Scientific_Rationale,Current paper explicitly reports temperature-dependent MD SFE values.,as named/reported,VERIFIED_WORKBOOK,Fig.11; Sec.4.3,source-reported,High,VERIFIED
P015,10.1016/j.jallcom.2026.188919,P015_MAT_FE50MN20CR20NI10,P015_ALLOY_OR_SUPPORTING_SCOPE,Implementation_Rule,Status=CURRENT_PAPER_MD_CALCULATED; never label as experimental.,as named/reported,VERIFIED_WORKBOOK,Fig.11; Sec.4.3,source-reported,High,VERIFIED
P015,10.1016/j.jallcom.2026.188919,P015_MAT_FE50MN20CR20NI10,P015_ALLOY_OR_SUPPORTING_SCOPE,Evidence_Location,Fig.11; Sec.4.3,as named/reported,VERIFIED_WORKBOOK,Fig.11; Sec.4.3,source-reported,High,VERIFIED
P015,10.1016/j.jallcom.2026.188919,P015_MAT_FE50MN20CR20NI10,P015_ALLOY_OR_SUPPORTING_SCOPE,Priority,P1,as named/reported,VERIFIED_WORKBOOK,Sec.4.3,source-reported,High,VERIFIED
P015,10.1016/j.jallcom.2026.188919,P015_MAT_FE50MN20CR20NI10,P015_ALLOY_OR_SUPPORTING_SCOPE,Decision_ID,D006,as named/reported,VERIFIED_WORKBOOK,Sec.4.3,source-reported,High,VERIFIED
P015,10.1016/j.jallcom.2026.188919,P015_MAT_FE50MN20CR20NI10,P015_ALLOY_OR_SUPPORTING_SCOPE,Decision,Keep analytical critical stresses separate from experimental mechanism labels.,as named/reported,VERIFIED_WORKBOOK,Sec.4.3,source-reported,High,VERIFIED
P015,10.1016/j.jallcom.2026.188919,P015_MAT_FE50MN20CR20NI10,P015_ALLOY_OR_SUPPORTING_SCOPE,Status,READY,as named/reported,VERIFIED_WORKBOOK,Sec.4.3,source-reported,High,VERIFIED
P015,10.1016/j.jallcom.2026.188919,P015_MAT_FE50MN20CR20NI10,P015_ALLOY_OR_SUPPORTING_SCOPE,Scientific_Rationale,Thresholds are model-derived and 298 K agreement is explicitly poor.,as named/reported,VERIFIED_WORKBOOK,Sec.4.3,source-reported,High,VERIFIED
P015,10.1016/j.jallcom.2026.188919,P015_MAT_FE50MN20CR20NI10,P015_ALLOY_OR_SUPPORTING_SCOPE,Implementation_Rule,"Use as physics/model descriptors with reliability scope, not target truth.",as named/reported,VERIFIED_WORKBOOK,Sec.4.3,source-reported,High,VERIFIED
P015,10.1016/j.jallcom.2026.188919,P015_MAT_FE50MN20CR20NI10,P015_ALLOY_OR_SUPPORTING_SCOPE,Evidence_Location,Sec.4.3,as named/reported,VERIFIED_WORKBOOK,Sec.4.3,source-reported,High,VERIFIED
P015,10.1016/j.jallcom.2026.188919,P015_MAT_FE50MN20CR20NI10,P015_ALLOY_OR_SUPPORTING_SCOPE,Priority,P1,as named/reported,VERIFIED_WORKBOOK,"Figs.8,10",source-reported,High,VERIFIED
P015,10.1016/j.jallcom.2026.188919,P015_MAT_FE50MN20CR20NI10,P015_ALLOY_OR_SUPPORTING_SCOPE,Decision_ID,D007,as named/reported,VERIFIED_WORKBOOK,"Figs.8,10",source-reported,High,VERIFIED
P015,10.1016/j.jallcom.2026.188919,P015_MAT_FE50MN20CR20NI10,P015_ALLOY_OR_SUPPORTING_SCOPE,Decision,Do not promote the eight MD strain snapshots to experimental ML samples.,as named/reported,VERIFIED_WORKBOOK,"Figs.8,10",source-reported,High,VERIFIED
P015,10.1016/j.jallcom.2026.188919,P015_MAT_FE50MN20CR20NI10,P015_ALLOY_OR_SUPPORTING_SCOPE,Status,READY,as named/reported,VERIFIED_WORKBOOK,"Figs.8,10",source-reported,High,VERIFIED
P015,10.1016/j.jallcom.2026.188919,P015_MAT_FE50MN20CR20NI10,P015_ALLOY_OR_SUPPORTING_SCOPE,Scientific_Rationale,They are correlated computational trajectory observations under a distinct simulation domain.,as named/reported,VERIFIED_WORKBOOK,"Figs.8,10",source-reported,High,VERIFIED
P015,10.1016/j.jallcom.2026.188919,P015_MAT_FE50MN20CR20NI10,P015_ALLOY_OR_SUPPORTING_SCOPE,Implementation_Rule,Data_Origin=COMPUTATIONAL_MD; Independent_ML_sample=False.,as named/reported,VERIFIED_WORKBOOK,"Figs.8,10",source-reported,High,VERIFIED
P015,10.1016/j.jallcom.2026.188919,P015_MAT_FE50MN20CR20NI10,P015_ALLOY_OR_SUPPORTING_SCOPE,Evidence_Location,"Figs.8,10",as named/reported,VERIFIED_WORKBOOK,"Figs.8,10",source-reported,High,VERIFIED
P015,10.1016/j.jallcom.2026.188919,P015_MAT_FE50MN20CR20NI10,P015_ALLOY_OR_SUPPORTING_SCOPE,Priority,P1,as named/reported,VERIFIED_WORKBOOK,Sec.2.1,source-reported,High,VERIFIED
P015,10.1016/j.jallcom.2026.188919,P015_MAT_FE50MN20CR20NI10,P015_ALLOY_OR_SUPPORTING_SCOPE,Decision_ID,D008,as named/reported,VERIFIED_WORKBOOK,Sec.2.1,source-reported,High,VERIFIED
P015,10.1016/j.jallcom.2026.188919,P015_MAT_FE50MN20CR20NI10,P015_ALLOY_OR_SUPPORTING_SCOPE,Decision,Do not invent measured bulk composition.,as named/reported,VERIFIED_WORKBOOK,Sec.2.1,source-reported,High,VERIFIED
P015,10.1016/j.jallcom.2026.188919,P015_MAT_FE50MN20CR20NI10,P015_ALLOY_OR_SUPPORTING_SCOPE,Status,READY,as named/reported,VERIFIED_WORKBOOK,Sec.2.1,source-reported,High,VERIFIED
P015,10.1016/j.jallcom.2026.188919,P015_MAT_FE50MN20CR20NI10,P015_ALLOY_OR_SUPPORTING_SCOPE,Scientific_Rationale,Only nominal Fe50Mn20Cr20Ni10 is supplied; 5 wt% extra Mn is a melting-charge compensation detail.,as named/reported,VERIFIED_WORKBOOK,Sec.2.1,source-reported,High,VERIFIED
P015,10.1016/j.jallcom.2026.188919,P015_MAT_FE50MN20CR20NI10,P015_ALLOY_OR_SUPPORTING_SCOPE,Implementation_Rule,Measured_Composition remains NA; preserve nominal chemistry and charge adjustment separately.,as named/reported,VERIFIED_WORKBOOK,Sec.2.1,source-reported,High,VERIFIED
P015,10.1016/j.jallcom.2026.188919,P015_MAT_FE50MN20CR20NI10,P015_ALLOY_OR_SUPPORTING_SCOPE,Evidence_Location,Sec.2.1,as named/reported,VERIFIED_WORKBOOK,Sec.2.1,source-reported,High,VERIFIED
P015,10.1016/j.jallcom.2026.188919,P015_MAT_FE50MN20CR20NI10,P015_ALLOY_OR_SUPPORTING_SCOPE,Priority,P1,as named/reported,VERIFIED_WORKBOOK,Sec.3.2; Table 1,source-reported,High,VERIFIED
P015,10.1016/j.jallcom.2026.188919,P015_MAT_FE50MN20CR20NI10,P015_ALLOY_OR_SUPPORTING_SCOPE,Decision_ID,D009,as named/reported,VERIFIED_WORKBOOK,Sec.3.2; Table 1,source-reported,High,VERIFIED
P015,10.1016/j.jallcom.2026.188919,P015_MAT_FE50MN20CR20NI10,P015_ALLOY_OR_SUPPORTING_SCOPE,Decision,Preserve engineering and true mechanical properties separately.,as named/reported,VERIFIED_WORKBOOK,Sec.3.2; Table 1,source-reported,High,VERIFIED
P015,10.1016/j.jallcom.2026.188919,P015_MAT_FE50MN20CR20NI10,P015_ALLOY_OR_SUPPORTING_SCOPE,Status,READY,as named/reported,VERIFIED_WORKBOOK,Sec.3.2; Table 1,source-reported,High,VERIFIED
P015,10.1016/j.jallcom.2026.188919,P015_MAT_FE50MN20CR20NI10,P015_ALLOY_OR_SUPPORTING_SCOPE,Scientific_Rationale,Paper reports engineering YS/UTS/elongation and Table 1 true stress quantities/HC.,as named/reported,VERIFIED_WORKBOOK,Sec.3.2; Table 1,source-reported,High,VERIFIED
P015,10.1016/j.jallcom.2026.188919,P015_MAT_FE50MN20CR20NI10,P015_ALLOY_OR_SUPPORTING_SCOPE,Implementation_Rule,Never overwrite engineering YS/UTS with true values.,as named/reported,VERIFIED_WORKBOOK,Sec.3.2; Table 1,source-reported,High,VERIFIED
P015,10.1016/j.jallcom.2026.188919,P015_MAT_FE50MN20CR20NI10,P015_ALLOY_OR_SUPPORTING_SCOPE,Evidence_Location,Sec.3.2; Table 1,as named/reported,VERIFIED_WORKBOOK,Sec.3.2; Table 1,source-reported,High,VERIFIED
