Paper_ID,DOI,Material_Parent_ID,Computational_Condition_ID,Mechanism_Record_ID,Record_ID,Feature_Name,Recovered_Value,Units,Evidence_Type,Evidence_Location,Method,Confidence,Recovery_Status,Data_Origin
P017,10.1016/j.ijplas.2019.102649,,,,P017_SERIES01,Paper_Title,Study of the plastic deformation mechanism of TRIP–TWIP high entropy alloys at the atomic level,as reported,VERIFIED_WORKBOOK,Simulation details pp.2-3; Fig.1,source-reported,High,VERIFIED,COMPUTATIONAL_MD
P017,10.1016/j.ijplas.2019.102649,,,,P017_SERIES01,Study_Series_ID,P017_SERIES01,as reported,VERIFIED_WORKBOOK,Simulation details pp.2-3; Fig.1,source-reported,High,VERIFIED,COMPUTATIONAL_MD
P017,10.1016/j.ijplas.2019.102649,,,,P017_SERIES01,Data_Origin,COMPUTATIONAL_MD,as reported,VERIFIED_WORKBOOK,Simulation details pp.2-3; Fig.1,source-reported,High,VERIFIED,COMPUTATIONAL_MD
P017,10.1016/j.ijplas.2019.102649,,,,P017_SERIES01,Experimental_Training_Eligibility,NOT_ELIGIBLE_FOR_EXPERIMENTAL_TRAINING_POOL,as reported,VERIFIED_WORKBOOK,Simulation details pp.2-3; Fig.1,source-reported,High,VERIFIED,COMPUTATIONAL_MD
P017,10.1016/j.ijplas.2019.102649,,,,P017_SERIES01,Alloy_System,AlxCrCoFeCuNi,as reported,VERIFIED_WORKBOOK,Simulation details pp.2-3; Fig.1,source-reported,High,VERIFIED,COMPUTATIONAL_MD
P017,10.1016/j.ijplas.2019.102649,,,,P017_SERIES01,Al_x_Values,x=0.5; x=1.5,as reported,VERIFIED_WORKBOOK,Simulation details pp.2-3; Fig.1,source-reported,High,VERIFIED,COMPUTATIONAL_MD
P017,10.1016/j.ijplas.2019.102649,,,,P017_SERIES01,Initial_Atom_Assignment,Atoms randomly assigned in an FCC crystal according to alloy molar ratio before melt/quench,as reported,VERIFIED_WORKBOOK,Simulation details pp.2-3; Fig.1,source-reported,High,VERIFIED,COMPUTATIONAL_MD
P017,10.1016/j.ijplas.2019.102649,,,,P017_SERIES01,Atom_Count,80000,as reported,VERIFIED_WORKBOOK,Simulation details pp.2-3; Fig.1,source-reported,High,VERIFIED,COMPUTATIONAL_MD
P017,10.1016/j.ijplas.2019.102649,,,,P017_SERIES01,Cell_x_m,7.2e-09,as reported,VERIFIED_WORKBOOK,Simulation details pp.2-3; Fig.1,source-reported,High,VERIFIED,COMPUTATIONAL_MD
P017,10.1016/j.ijplas.2019.102649,,,,P017_SERIES01,Cell_y_m,7.2e-09,as reported,VERIFIED_WORKBOOK,Simulation details pp.2-3; Fig.1,source-reported,High,VERIFIED,COMPUTATIONAL_MD
P017,10.1016/j.ijplas.2019.102649,,,,P017_SERIES01,Cell_z_m,1.8e-08,as reported,VERIFIED_WORKBOOK,Simulation details pp.2-3; Fig.1,source-reported,High,VERIFIED,COMPUTATIONAL_MD
P017,10.1016/j.ijplas.2019.102649,,,,P017_SERIES01,Boundary_Conditions,"Periodic in x, y, z",as reported,VERIFIED_WORKBOOK,Simulation details pp.2-3; Fig.1,source-reported,High,VERIFIED,COMPUTATIONAL_MD
P017,10.1016/j.ijplas.2019.102649,,,,P017_SERIES01,Potential_Type,EAM,as reported,VERIFIED_WORKBOOK,Simulation details pp.2-3; Fig.1,source-reported,High,VERIFIED,COMPUTATIONAL_MD
P017,10.1016/j.ijplas.2019.102649,,,,P017_SERIES01,Potential_References,Zhou et al. + Anand et al. parameter sets,as reported,VERIFIED_WORKBOOK,Simulation details pp.2-3; Fig.1,source-reported,High,VERIFIED,COMPUTATIONAL_MD
P017,10.1016/j.ijplas.2019.102649,,,,P017_SERIES01,Energy_Minimization,Conjugate-gradient relaxation; energy tolerance 1e-15; force tolerance 1.6e-24 N,as reported,VERIFIED_WORKBOOK,Simulation details pp.2-3; Fig.1,source-reported,High,VERIFIED,COMPUTATIONAL_MD
P017,10.1016/j.ijplas.2019.102649,,,,P017_SERIES01,Initial_Equilibration_T_K,300,as reported,VERIFIED_WORKBOOK,Simulation details pp.2-3; Fig.1,source-reported,High,VERIFIED,COMPUTATIONAL_MD
P017,10.1016/j.ijplas.2019.102649,,,,P017_SERIES01,Initial_Equilibration_P_MPa,0,as reported,VERIFIED_WORKBOOK,Simulation details pp.2-3; Fig.1,source-reported,High,VERIFIED,COMPUTATIONAL_MD
P017,10.1016/j.ijplas.2019.102649,,,,P017_SERIES01,Initial_Equilibration_Time_s,3e-11,as reported,VERIFIED_WORKBOOK,Simulation details pp.2-3; Fig.1,source-reported,High,VERIFIED,COMPUTATIONAL_MD
P017,10.1016/j.ijplas.2019.102649,,,,P017_SERIES01,Heating_Rate_K_s,21100000000000,as reported,VERIFIED_WORKBOOK,Simulation details pp.2-3; Fig.1,source-reported,High,VERIFIED,COMPUTATIONAL_MD
P017,10.1016/j.ijplas.2019.102649,,,,P017_SERIES01,Melt_T_K,2200,as reported,VERIFIED_WORKBOOK,Simulation details pp.2-3; Fig.1,source-reported,High,VERIFIED,COMPUTATIONAL_MD
P017,10.1016/j.ijplas.2019.102649,,,,P017_SERIES01,Melt_Hold_s,3e-11,as reported,VERIFIED_WORKBOOK,Simulation details pp.2-3; Fig.1,source-reported,High,VERIFIED,COMPUTATIONAL_MD
P017,10.1016/j.ijplas.2019.102649,,,,P017_SERIES01,Quench_Rate_K_s,12000000000,as reported,VERIFIED_WORKBOOK,Simulation details pp.2-3; Fig.1,source-reported,High,VERIFIED,COMPUTATIONAL_MD
P017,10.1016/j.ijplas.2019.102649,,,,P017_SERIES01,Quench_End_T_K,300,as reported,VERIFIED_WORKBOOK,Simulation details pp.2-3; Fig.1,source-reported,High,VERIFIED,COMPUTATIONAL_MD
P017,10.1016/j.ijplas.2019.102649,,,,P017_SERIES01,Post_Quench_NPT_Time_s,4.5e-11,as reported,VERIFIED_WORKBOOK,Simulation details pp.2-3; Fig.1,source-reported,High,VERIFIED,COMPUTATIONAL_MD
P017,10.1016/j.ijplas.2019.102649,,,,P017_SERIES01,Subsequent_Ensembles,NVT and NVE after NPT relaxation to ensure metastable structure,as reported,VERIFIED_WORKBOOK,Simulation details pp.2-3; Fig.1,source-reported,High,VERIFIED,COMPUTATIONAL_MD
P017,10.1016/j.ijplas.2019.102649,,,,P017_SERIES01,MD_Time_Step_s,2e-15,as reported,VERIFIED_WORKBOOK,Simulation details pp.2-3; Fig.1,source-reported,High,VERIFIED,COMPUTATIONAL_MD
P017,10.1016/j.ijplas.2019.102649,,,,P017_SERIES01,Tensile_Direction,z,as reported,VERIFIED_WORKBOOK,Simulation details pp.2-3; Fig.1,source-reported,High,VERIFIED,COMPUTATIONAL_MD
P017,10.1016/j.ijplas.2019.102649,,,,P017_SERIES01,Max_Tensile_Strain,0.4,as reported,VERIFIED_WORKBOOK,Simulation details pp.2-3; Fig.1,source-reported,High,VERIFIED,COMPUTATIONAL_MD
P017,10.1016/j.ijplas.2019.102649,,,,P017_SERIES01,Temperature_Grid_K,300; 700; 1000; 1300,as reported,VERIFIED_WORKBOOK,Simulation details pp.2-3; Fig.1,source-reported,High,VERIFIED,COMPUTATIONAL_MD
P017,10.1016/j.ijplas.2019.102649,,,,P017_SERIES01,Strain_Rate_Grid_s-1,1e10; 1e9; 1e8,as reported,VERIFIED_WORKBOOK,Simulation details pp.2-3; Fig.1,source-reported,High,VERIFIED,COMPUTATIONAL_MD
P017,10.1016/j.ijplas.2019.102649,,,,P017_SERIES01,MD_Software,LAMMPS,as reported,VERIFIED_WORKBOOK,Simulation details pp.2-3; Fig.1,source-reported,High,VERIFIED,COMPUTATIONAL_MD
P017,10.1016/j.ijplas.2019.102649,,,,P017_SERIES01,Visualization_Software,OVITO,as reported,VERIFIED_WORKBOOK,Simulation details pp.2-3; Fig.1,source-reported,High,VERIFIED,COMPUTATIONAL_MD
P017,10.1016/j.ijplas.2019.102649,,,,P017_SERIES01,Structure_Analysis,PTM,as reported,VERIFIED_WORKBOOK,Simulation details pp.2-3; Fig.1,source-reported,High,VERIFIED,COMPUTATIONAL_MD
P017,10.1016/j.ijplas.2019.102649,,,,P017_SERIES01,Dislocation_Analysis,DXA,as reported,VERIFIED_WORKBOOK,Simulation details pp.2-3; Fig.1,source-reported,High,VERIFIED,COMPUTATIONAL_MD
P017,10.1016/j.ijplas.2019.102649,,,,P017_SERIES01,Evidence_Location,Simulation details pp.2-3; Fig.1,as reported,VERIFIED_WORKBOOK,Simulation details pp.2-3; Fig.1,source-reported,High,VERIFIED,COMPUTATIONAL_MD
P017,10.1016/j.ijplas.2019.102649,,,,P017_SERIES01,Confidence,High,as reported,VERIFIED_WORKBOOK,Simulation details pp.2-3; Fig.1,source-reported,High,VERIFIED,COMPUTATIONAL_MD
P017,10.1016/j.ijplas.2019.102649,,,,P017_SERIES01,Notes,"The paper is computational. Its 12 tensile cases are MD conditions, not experimental specimens or experimental ML samples.",as reported,VERIFIED_WORKBOOK,Simulation details pp.2-3; Fig.1,source-reported,High,VERIFIED,COMPUTATIONAL_MD
P017,10.1016/j.ijplas.2019.102649,P017_MAT_AL0p5,,,P017_SERIES01,Study_Series_ID,P017_SERIES01,as reported,VERIFIED_WORKBOOK,Abstract; Sec.3.2 pp.5-8,source-reported,High,VERIFIED,COMPUTATIONAL_MD
P017,10.1016/j.ijplas.2019.102649,P017_MAT_AL0p5,,,P017_SERIES01,Material_Parent_ID,P017_MAT_AL0p5,as reported,VERIFIED_WORKBOOK,Abstract; Sec.3.2 pp.5-8,source-reported,High,VERIFIED,COMPUTATIONAL_MD
P017,10.1016/j.ijplas.2019.102649,P017_MAT_AL0p5,,,P017_SERIES01,Alloy_Label,Al0.5CrCoFeCuNi,as reported,VERIFIED_WORKBOOK,Abstract; Sec.3.2 pp.5-8,source-reported,High,VERIFIED,COMPUTATIONAL_MD
P017,10.1016/j.ijplas.2019.102649,P017_MAT_AL0p5,,,P017_SERIES01,Original_Composition_Basis,Molar-ratio formula,as reported,VERIFIED_WORKBOOK,Abstract; Sec.3.2 pp.5-8,source-reported,High,VERIFIED,COMPUTATIONAL_MD
P017,10.1016/j.ijplas.2019.102649,P017_MAT_AL0p5,,,P017_SERIES01,Original_Composition_Value,Al0.5Cr1Co1Fe1Cu1Ni1,as reported,VERIFIED_WORKBOOK,Abstract; Sec.3.2 pp.5-8,source-reported,High,VERIFIED,COMPUTATIONAL_MD
P017,10.1016/j.ijplas.2019.102649,P017_MAT_AL0p5,,,P017_SERIES01,Al_x,0.5,as reported,VERIFIED_WORKBOOK,Abstract; Sec.3.2 pp.5-8,source-reported,High,VERIFIED,COMPUTATIONAL_MD
P017,10.1016/j.ijplas.2019.102649,P017_MAT_AL0p5,,,P017_SERIES01,PostQuench_Initial_Structure,BCC-dominant after melt/quench/solidification,as reported,VERIFIED_WORKBOOK,Abstract; Sec.3.2 pp.5-8,source-reported,High,VERIFIED,COMPUTATIONAL_MD
P017,10.1016/j.ijplas.2019.102649,P017_MAT_AL0p5,,,P017_SERIES01,Initial_BCC_fraction_status,DIRECT_PT_M_STRUCTURE_IDENTITY; exact initial BCC fraction not text-reported,as reported,VERIFIED_WORKBOOK,Abstract; Sec.3.2 pp.5-8,source-reported,High,VERIFIED,COMPUTATIONAL_MD
P017,10.1016/j.ijplas.2019.102649,P017_MAT_AL0p5,,,P017_SERIES01,Target_Domain,COMPUTATIONAL_NATIVE_MECHANISM_ONLY,as reported,VERIFIED_WORKBOOK,Abstract; Sec.3.2 pp.5-8,source-reported,High,VERIFIED,COMPUTATIONAL_MD
P017,10.1016/j.ijplas.2019.102649,P017_MAT_AL0p5,,,P017_SERIES01,Evidence_Location,Abstract; Sec.3.2 pp.5-8,as reported,VERIFIED_WORKBOOK,Abstract; Sec.3.2 pp.5-8,source-reported,High,VERIFIED,COMPUTATIONAL_MD
P017,10.1016/j.ijplas.2019.102649,P017_MAT_AL0p5,,,P017_SERIES01,Confidence,High,as reported,VERIFIED_WORKBOOK,Abstract; Sec.3.2 pp.5-8,source-reported,High,VERIFIED,COMPUTATIONAL_MD
P017,10.1016/j.ijplas.2019.102649,P017_MAT_AL0p5,,,P017_SERIES01,Notes,Do not normalize the formula to at.% in this recovery task. Starting tensile structure is BCC-dominant even though the atoms were initially assigned on FCC before melting.,as reported,VERIFIED_WORKBOOK,Abstract; Sec.3.2 pp.5-8,source-reported,High,VERIFIED,COMPUTATIONAL_MD
P017,10.1016/j.ijplas.2019.102649,P017_MAT_AL1p5,,,P017_SERIES01,Study_Series_ID,P017_SERIES01,as reported,VERIFIED_WORKBOOK,Abstract; Sec.3.3 p.8; Fig.12,source-reported,High,VERIFIED,COMPUTATIONAL_MD
P017,10.1016/j.ijplas.2019.102649,P017_MAT_AL1p5,,,P017_SERIES01,Material_Parent_ID,P017_MAT_AL1p5,as reported,VERIFIED_WORKBOOK,Abstract; Sec.3.3 p.8; Fig.12,source-reported,High,VERIFIED,COMPUTATIONAL_MD
P017,10.1016/j.ijplas.2019.102649,P017_MAT_AL1p5,,,P017_SERIES01,Alloy_Label,Al1.5CrCoFeCuNi,as reported,VERIFIED_WORKBOOK,Abstract; Sec.3.3 p.8; Fig.12,source-reported,High,VERIFIED,COMPUTATIONAL_MD
P017,10.1016/j.ijplas.2019.102649,P017_MAT_AL1p5,,,P017_SERIES01,Original_Composition_Basis,Molar-ratio formula,as reported,VERIFIED_WORKBOOK,Abstract; Sec.3.3 p.8; Fig.12,source-reported,High,VERIFIED,COMPUTATIONAL_MD
P017,10.1016/j.ijplas.2019.102649,P017_MAT_AL1p5,,,P017_SERIES01,Original_Composition_Value,Al1.5Cr1Co1Fe1Cu1Ni1,as reported,VERIFIED_WORKBOOK,Abstract; Sec.3.3 p.8; Fig.12,source-reported,High,VERIFIED,COMPUTATIONAL_MD
P017,10.1016/j.ijplas.2019.102649,P017_MAT_AL1p5,,,P017_SERIES01,Al_x,1.5,as reported,VERIFIED_WORKBOOK,Abstract; Sec.3.3 p.8; Fig.12,source-reported,High,VERIFIED,COMPUTATIONAL_MD
P017,10.1016/j.ijplas.2019.102649,P017_MAT_AL1p5,,,P017_SERIES01,PostQuench_Initial_Structure,BCC-dominant after melt/quench/solidification,as reported,VERIFIED_WORKBOOK,Abstract; Sec.3.3 p.8; Fig.12,source-reported,High,VERIFIED,COMPUTATIONAL_MD
P017,10.1016/j.ijplas.2019.102649,P017_MAT_AL1p5,,,P017_SERIES01,Initial_BCC_fraction,>0.95,as reported,VERIFIED_WORKBOOK,Abstract; Sec.3.3 p.8; Fig.12,source-reported,High,VERIFIED,COMPUTATIONAL_MD
P017,10.1016/j.ijplas.2019.102649,P017_MAT_AL1p5,,,P017_SERIES01,Initial_BCC_fraction_status,DIRECT_TEXT_ABOVE_95_PERCENT_BCC,as reported,VERIFIED_WORKBOOK,Abstract; Sec.3.3 p.8; Fig.12,source-reported,High,VERIFIED,COMPUTATIONAL_MD
P017,10.1016/j.ijplas.2019.102649,P017_MAT_AL1p5,,,P017_SERIES01,Target_Domain,COMPUTATIONAL_NATIVE_MECHANISM_ONLY,as reported,VERIFIED_WORKBOOK,Abstract; Sec.3.3 p.8; Fig.12,source-reported,High,VERIFIED,COMPUTATIONAL_MD
P017,10.1016/j.ijplas.2019.102649,P017_MAT_AL1p5,,,P017_SERIES01,Evidence_Location,Abstract; Sec.3.3 p.8; Fig.12,as reported,VERIFIED_WORKBOOK,Abstract; Sec.3.3 p.8; Fig.12,source-reported,High,VERIFIED,COMPUTATIONAL_MD
P017,10.1016/j.ijplas.2019.102649,P017_MAT_AL1p5,,,P017_SERIES01,Confidence,High,as reported,VERIFIED_WORKBOOK,Abstract; Sec.3.3 p.8; Fig.12,source-reported,High,VERIFIED,COMPUTATIONAL_MD
P017,10.1016/j.ijplas.2019.102649,P017_MAT_AL1p5,,,P017_SERIES01,Notes,Text explicitly states above 95% BCC before deformation. Do not convert this to an exact numeric fraction such as 0.95.,as reported,VERIFIED_WORKBOOK,Abstract; Sec.3.3 p.8; Fig.12,source-reported,High,VERIFIED,COMPUTATIONAL_MD
P017,10.1016/j.ijplas.2019.102649,P017_MAT_AL0p5,P017_SIM_A05_300K_SR1E10,,P017_SIM_A05_300K_SR1E10,Study_Series_ID,P017_SERIES01,as reported,VERIFIED_WORKBOOK,Table 1 p.22; Table 2 p.23,source-reported,High,VERIFIED,COMPUTATIONAL_MD
P017,10.1016/j.ijplas.2019.102649,P017_MAT_AL0p5,P017_SIM_A05_300K_SR1E10,,P017_SIM_A05_300K_SR1E10,Material_Parent_ID,P017_MAT_AL0p5,as reported,VERIFIED_WORKBOOK,Table 1 p.22; Table 2 p.23,source-reported,High,VERIFIED,COMPUTATIONAL_MD
P017,10.1016/j.ijplas.2019.102649,P017_MAT_AL0p5,P017_SIM_A05_300K_SR1E10,,P017_SIM_A05_300K_SR1E10,Computational_Condition_ID,P017_SIM_A05_300K_SR1E10,as reported,VERIFIED_WORKBOOK,Table 1 p.22; Table 2 p.23,source-reported,High,VERIFIED,COMPUTATIONAL_MD
P017,10.1016/j.ijplas.2019.102649,P017_MAT_AL0p5,P017_SIM_A05_300K_SR1E10,,P017_SIM_A05_300K_SR1E10,Alloy_Label,Al0.5CrCoFeCuNi,as reported,VERIFIED_WORKBOOK,Table 1 p.22; Table 2 p.23,source-reported,High,VERIFIED,COMPUTATIONAL_MD
P017,10.1016/j.ijplas.2019.102649,P017_MAT_AL0p5,P017_SIM_A05_300K_SR1E10,,P017_SIM_A05_300K_SR1E10,Temperature_K,300,as reported,VERIFIED_WORKBOOK,Table 1 p.22; Table 2 p.23,source-reported,High,VERIFIED,COMPUTATIONAL_MD
P017,10.1016/j.ijplas.2019.102649,P017_MAT_AL0p5,P017_SIM_A05_300K_SR1E10,,P017_SIM_A05_300K_SR1E10,Strain_Rate_s-1,10000000000,as reported,VERIFIED_WORKBOOK,Table 1 p.22; Table 2 p.23,source-reported,High,VERIFIED,COMPUTATIONAL_MD
P017,10.1016/j.ijplas.2019.102649,P017_MAT_AL0p5,P017_SIM_A05_300K_SR1E10,,P017_SIM_A05_300K_SR1E10,Max_Strain,0.4,as reported,VERIFIED_WORKBOOK,Table 1 p.22; Table 2 p.23,source-reported,High,VERIFIED,COMPUTATIONAL_MD
P017,10.1016/j.ijplas.2019.102649,P017_MAT_AL0p5,P017_SIM_A05_300K_SR1E10,,P017_SIM_A05_300K_SR1E10,Data_Origin,COMPUTATIONAL_MD,as reported,VERIFIED_WORKBOOK,Table 1 p.22; Table 2 p.23,source-reported,High,VERIFIED,COMPUTATIONAL_MD
P017,10.1016/j.ijplas.2019.102649,P017_MAT_AL0p5,P017_SIM_A05_300K_SR1E10,,P017_SIM_A05_300K_SR1E10,Observation_Role,COMPUTATIONAL_CONDITION,as reported,VERIFIED_WORKBOOK,Table 1 p.22; Table 2 p.23,source-reported,High,VERIFIED,COMPUTATIONAL_MD
P017,10.1016/j.ijplas.2019.102649,P017_MAT_AL0p5,P017_SIM_A05_300K_SR1E10,,P017_SIM_A05_300K_SR1E10,Independent_Computational_Condition,True,as reported,VERIFIED_WORKBOOK,Table 1 p.22; Table 2 p.23,source-reported,High,VERIFIED,COMPUTATIONAL_MD
P017,10.1016/j.ijplas.2019.102649,P017_MAT_AL0p5,P017_SIM_A05_300K_SR1E10,,P017_SIM_A05_300K_SR1E10,Independent_Experimental_ML_sample,False,as reported,VERIFIED_WORKBOOK,Table 1 p.22; Table 2 p.23,source-reported,High,VERIFIED,COMPUTATIONAL_MD
P017,10.1016/j.ijplas.2019.102649,P017_MAT_AL0p5,P017_SIM_A05_300K_SR1E10,,P017_SIM_A05_300K_SR1E10,Leakage_Group_Strict,P017_SERIES01,as reported,VERIFIED_WORKBOOK,Table 1 p.22; Table 2 p.23,source-reported,High,VERIFIED,COMPUTATIONAL_MD
P017,10.1016/j.ijplas.2019.102649,P017_MAT_AL0p5,P017_SIM_A05_300K_SR1E10,,P017_SIM_A05_300K_SR1E10,Leakage_Group_Material,P017_MAT_AL0p5,as reported,VERIFIED_WORKBOOK,Table 1 p.22; Table 2 p.23,source-reported,High,VERIFIED,COMPUTATIONAL_MD
P017,10.1016/j.ijplas.2019.102649,P017_MAT_AL0p5,P017_SIM_A05_300K_SR1E10,,P017_SIM_A05_300K_SR1E10,SIS_PSR_GPa,5,as reported,VERIFIED_WORKBOOK,Table 1 p.22; Table 2 p.23,source-reported,High,VERIFIED,COMPUTATIONAL_MD
P017,10.1016/j.ijplas.2019.102649,P017_MAT_AL0p5,P017_SIM_A05_300K_SR1E10,,P017_SIM_A05_300K_SR1E10,UTS_PSR_Status,N/A_NO_UTS_PSR,as reported,VERIFIED_WORKBOOK,Table 1 p.22; Table 2 p.23,source-reported,High,VERIFIED,COMPUTATIONAL_MD
P017,10.1016/j.ijplas.2019.102649,P017_MAT_AL0p5,P017_SIM_A05_300K_SR1E10,,P017_SIM_A05_300K_SR1E10,Paper_Native_TRIP,1,as reported,VERIFIED_WORKBOOK,Table 1 p.22; Table 2 p.23,source-reported,High,VERIFIED,COMPUTATIONAL_MD
P017,10.1016/j.ijplas.2019.102649,P017_MAT_AL0p5,P017_SIM_A05_300K_SR1E10,,P017_SIM_A05_300K_SR1E10,Paper_Native_TWIP,1,as reported,VERIFIED_WORKBOOK,Table 1 p.22; Table 2 p.23,source-reported,High,VERIFIED,COMPUTATIONAL_MD
P017,10.1016/j.ijplas.2019.102649,P017_MAT_AL0p5,P017_SIM_A05_300K_SR1E10,,P017_SIM_A05_300K_SR1E10,TWIP_induced_TRIP_Status,Not observed,as reported,VERIFIED_WORKBOOK,Table 1 p.22; Table 2 p.23,source-reported,High,VERIFIED,COMPUTATIONAL_MD
P017,10.1016/j.ijplas.2019.102649,P017_MAT_AL0p5,P017_SIM_A05_300K_SR1E10,,P017_SIM_A05_300K_SR1E10,TRIP_induced_TWIP_Status,Observed,as reported,VERIFIED_WORKBOOK,Table 1 p.22; Table 2 p.23,source-reported,High,VERIFIED,COMPUTATIONAL_MD
P017,10.1016/j.ijplas.2019.102649,P017_MAT_AL0p5,P017_SIM_A05_300K_SR1E10,,P017_SIM_A05_300K_SR1E10,TRIP_induced_TWIP_Timing,After SIS-PSR,as reported,VERIFIED_WORKBOOK,Table 1 p.22; Table 2 p.23,source-reported,High,VERIFIED,COMPUTATIONAL_MD
P017,10.1016/j.ijplas.2019.102649,P017_MAT_AL0p5,P017_SIM_A05_300K_SR1E10,,P017_SIM_A05_300K_SR1E10,Experimental_Target_Eligibility,NOT_ELIGIBLE_FOR_EXPERIMENTAL_TARGET_POOL,as reported,VERIFIED_WORKBOOK,Table 1 p.22; Table 2 p.23,source-reported,High,VERIFIED,COMPUTATIONAL_MD
P017,10.1016/j.ijplas.2019.102649,P017_MAT_AL0p5,P017_SIM_A05_300K_SR1E10,,P017_SIM_A05_300K_SR1E10,Mechanism_Scope,Authors-native TRIP/TWIP: reversible BCC↔FCC(HCP/SF) transformation and BCC twinning; not equivalent to the project's experimental FCC→HCP/TWIP target semantics.,as reported,VERIFIED_WORKBOOK,Table 1 p.22; Table 2 p.23,source-reported,High,VERIFIED,COMPUTATIONAL_MD
P017,10.1016/j.ijplas.2019.102649,P017_MAT_AL0p5,P017_SIM_A05_300K_SR1E10,,P017_SIM_A05_300K_SR1E10,Evidence_Location,Table 1 p.22; Table 2 p.23,as reported,VERIFIED_WORKBOOK,Table 1 p.22; Table 2 p.23,source-reported,High,VERIFIED,COMPUTATIONAL_MD
P017,10.1016/j.ijplas.2019.102649,P017_MAT_AL0p5,P017_SIM_A05_300K_SR1E10,,P017_SIM_A05_300K_SR1E10,Confidence,High,as reported,VERIFIED_WORKBOOK,Table 1 p.22; Table 2 p.23,source-reported,High,VERIFIED,COMPUTATIONAL_MD
P017,10.1016/j.ijplas.2019.102649,P017_MAT_AL0p5,P017_SIM_A05_300K_SR1E10,,P017_SIM_A05_300K_SR1E10,Notes,"SIS-PSR/UTS-PSR are MD stress-regime metrics, not experimental YS/UTS. Native mechanism labels remain computational-domain metadata.",as reported,VERIFIED_WORKBOOK,Table 1 p.22; Table 2 p.23,source-reported,High,VERIFIED,COMPUTATIONAL_MD
P017,10.1016/j.ijplas.2019.102649,P017_MAT_AL0p5,P017_SIM_A05_700K_SR1E10,,P017_SIM_A05_700K_SR1E10,Study_Series_ID,P017_SERIES01,as reported,VERIFIED_WORKBOOK,Table 1 p.22; Table 2 p.23,source-reported,High,VERIFIED,COMPUTATIONAL_MD
P017,10.1016/j.ijplas.2019.102649,P017_MAT_AL0p5,P017_SIM_A05_700K_SR1E10,,P017_SIM_A05_700K_SR1E10,Material_Parent_ID,P017_MAT_AL0p5,as reported,VERIFIED_WORKBOOK,Table 1 p.22; Table 2 p.23,source-reported,High,VERIFIED,COMPUTATIONAL_MD
P017,10.1016/j.ijplas.2019.102649,P017_MAT_AL0p5,P017_SIM_A05_700K_SR1E10,,P017_SIM_A05_700K_SR1E10,Computational_Condition_ID,P017_SIM_A05_700K_SR1E10,as reported,VERIFIED_WORKBOOK,Table 1 p.22; Table 2 p.23,source-reported,High,VERIFIED,COMPUTATIONAL_MD
P017,10.1016/j.ijplas.2019.102649,P017_MAT_AL0p5,P017_SIM_A05_700K_SR1E10,,P017_SIM_A05_700K_SR1E10,Alloy_Label,Al0.5CrCoFeCuNi,as reported,VERIFIED_WORKBOOK,Table 1 p.22; Table 2 p.23,source-reported,High,VERIFIED,COMPUTATIONAL_MD
P017,10.1016/j.ijplas.2019.102649,P017_MAT_AL0p5,P017_SIM_A05_700K_SR1E10,,P017_SIM_A05_700K_SR1E10,Temperature_K,700,as reported,VERIFIED_WORKBOOK,Table 1 p.22; Table 2 p.23,source-reported,High,VERIFIED,COMPUTATIONAL_MD
P017,10.1016/j.ijplas.2019.102649,P017_MAT_AL0p5,P017_SIM_A05_700K_SR1E10,,P017_SIM_A05_700K_SR1E10,Strain_Rate_s-1,10000000000,as reported,VERIFIED_WORKBOOK,Table 1 p.22; Table 2 p.23,source-reported,High,VERIFIED,COMPUTATIONAL_MD
P017,10.1016/j.ijplas.2019.102649,P017_MAT_AL0p5,P017_SIM_A05_700K_SR1E10,,P017_SIM_A05_700K_SR1E10,Max_Strain,0.4,as reported,VERIFIED_WORKBOOK,Table 1 p.22; Table 2 p.23,source-reported,High,VERIFIED,COMPUTATIONAL_MD
P017,10.1016/j.ijplas.2019.102649,P017_MAT_AL0p5,P017_SIM_A05_700K_SR1E10,,P017_SIM_A05_700K_SR1E10,Data_Origin,COMPUTATIONAL_MD,as reported,VERIFIED_WORKBOOK,Table 1 p.22; Table 2 p.23,source-reported,High,VERIFIED,COMPUTATIONAL_MD
P017,10.1016/j.ijplas.2019.102649,P017_MAT_AL0p5,P017_SIM_A05_700K_SR1E10,,P017_SIM_A05_700K_SR1E10,Observation_Role,COMPUTATIONAL_CONDITION,as reported,VERIFIED_WORKBOOK,Table 1 p.22; Table 2 p.23,source-reported,High,VERIFIED,COMPUTATIONAL_MD
P017,10.1016/j.ijplas.2019.102649,P017_MAT_AL0p5,P017_SIM_A05_700K_SR1E10,,P017_SIM_A05_700K_SR1E10,Independent_Computational_Condition,True,as reported,VERIFIED_WORKBOOK,Table 1 p.22; Table 2 p.23,source-reported,High,VERIFIED,COMPUTATIONAL_MD
P017,10.1016/j.ijplas.2019.102649,P017_MAT_AL0p5,P017_SIM_A05_700K_SR1E10,,P017_SIM_A05_700K_SR1E10,Independent_Experimental_ML_sample,False,as reported,VERIFIED_WORKBOOK,Table 1 p.22; Table 2 p.23,source-reported,High,VERIFIED,COMPUTATIONAL_MD
P017,10.1016/j.ijplas.2019.102649,P017_MAT_AL0p5,P017_SIM_A05_700K_SR1E10,,P017_SIM_A05_700K_SR1E10,Leakage_Group_Strict,P017_SERIES01,as reported,VERIFIED_WORKBOOK,Table 1 p.22; Table 2 p.23,source-reported,High,VERIFIED,COMPUTATIONAL_MD
P017,10.1016/j.ijplas.2019.102649,P017_MAT_AL0p5,P017_SIM_A05_700K_SR1E10,,P017_SIM_A05_700K_SR1E10,Leakage_Group_Material,P017_MAT_AL0p5,as reported,VERIFIED_WORKBOOK,Table 1 p.22; Table 2 p.23,source-reported,High,VERIFIED,COMPUTATIONAL_MD
P017,10.1016/j.ijplas.2019.102649,P017_MAT_AL0p5,P017_SIM_A05_700K_SR1E10,,P017_SIM_A05_700K_SR1E10,SIS_PSR_GPa,4,as reported,VERIFIED_WORKBOOK,Table 1 p.22; Table 2 p.23,source-reported,High,VERIFIED,COMPUTATIONAL_MD
P017,10.1016/j.ijplas.2019.102649,P017_MAT_AL0p5,P017_SIM_A05_700K_SR1E10,,P017_SIM_A05_700K_SR1E10,UTS_PSR_Status,N/A_NO_UTS_PSR,as reported,VERIFIED_WORKBOOK,Table 1 p.22; Table 2 p.23,source-reported,High,VERIFIED,COMPUTATIONAL_MD
P017,10.1016/j.ijplas.2019.102649,P017_MAT_AL0p5,P017_SIM_A05_700K_SR1E10,,P017_SIM_A05_700K_SR1E10,Paper_Native_TRIP,1,as reported,VERIFIED_WORKBOOK,Table 1 p.22; Table 2 p.23,source-reported,High,VERIFIED,COMPUTATIONAL_MD
P017,10.1016/j.ijplas.2019.102649,P017_MAT_AL0p5,P017_SIM_A05_700K_SR1E10,,P017_SIM_A05_700K_SR1E10,Paper_Native_TWIP,1,as reported,VERIFIED_WORKBOOK,Table 1 p.22; Table 2 p.23,source-reported,High,VERIFIED,COMPUTATIONAL_MD
P017,10.1016/j.ijplas.2019.102649,P017_MAT_AL0p5,P017_SIM_A05_700K_SR1E10,,P017_SIM_A05_700K_SR1E10,TWIP_induced_TRIP_Status,Not observed,as reported,VERIFIED_WORKBOOK,Table 1 p.22; Table 2 p.23,source-reported,High,VERIFIED,COMPUTATIONAL_MD
P017,10.1016/j.ijplas.2019.102649,P017_MAT_AL0p5,P017_SIM_A05_700K_SR1E10,,P017_SIM_A05_700K_SR1E10,TRIP_induced_TWIP_Status,Observed,as reported,VERIFIED_WORKBOOK,Table 1 p.22; Table 2 p.23,source-reported,High,VERIFIED,COMPUTATIONAL_MD
P017,10.1016/j.ijplas.2019.102649,P017_MAT_AL0p5,P017_SIM_A05_700K_SR1E10,,P017_SIM_A05_700K_SR1E10,TRIP_induced_TWIP_Timing,After SIS-PSR,as reported,VERIFIED_WORKBOOK,Table 1 p.22; Table 2 p.23,source-reported,High,VERIFIED,COMPUTATIONAL_MD
P017,10.1016/j.ijplas.2019.102649,P017_MAT_AL0p5,P017_SIM_A05_700K_SR1E10,,P017_SIM_A05_700K_SR1E10,Experimental_Target_Eligibility,NOT_ELIGIBLE_FOR_EXPERIMENTAL_TARGET_POOL,as reported,VERIFIED_WORKBOOK,Table 1 p.22; Table 2 p.23,source-reported,High,VERIFIED,COMPUTATIONAL_MD
P017,10.1016/j.ijplas.2019.102649,P017_MAT_AL0p5,P017_SIM_A05_700K_SR1E10,,P017_SIM_A05_700K_SR1E10,Mechanism_Scope,Authors-native TRIP/TWIP: reversible BCC↔FCC(HCP/SF) transformation and BCC twinning; not equivalent to the project's experimental FCC→HCP/TWIP target semantics.,as reported,VERIFIED_WORKBOOK,Table 1 p.22; Table 2 p.23,source-reported,High,VERIFIED,COMPUTATIONAL_MD
P017,10.1016/j.ijplas.2019.102649,P017_MAT_AL0p5,P017_SIM_A05_700K_SR1E10,,P017_SIM_A05_700K_SR1E10,Evidence_Location,Table 1 p.22; Table 2 p.23,as reported,VERIFIED_WORKBOOK,Table 1 p.22; Table 2 p.23,source-reported,High,VERIFIED,COMPUTATIONAL_MD
P017,10.1016/j.ijplas.2019.102649,P017_MAT_AL0p5,P017_SIM_A05_700K_SR1E10,,P017_SIM_A05_700K_SR1E10,Confidence,High,as reported,VERIFIED_WORKBOOK,Table 1 p.22; Table 2 p.23,source-reported,High,VERIFIED,COMPUTATIONAL_MD
P017,10.1016/j.ijplas.2019.102649,P017_MAT_AL0p5,P017_SIM_A05_700K_SR1E10,,P017_SIM_A05_700K_SR1E10,Notes,"SIS-PSR/UTS-PSR are MD stress-regime metrics, not experimental YS/UTS. Native mechanism labels remain computational-domain metadata.",as reported,VERIFIED_WORKBOOK,Table 1 p.22; Table 2 p.23,source-reported,High,VERIFIED,COMPUTATIONAL_MD
P017,10.1016/j.ijplas.2019.102649,P017_MAT_AL0p5,P017_SIM_A05_1000K_SR1E10,,P017_SIM_A05_1000K_SR1E10,Study_Series_ID,P017_SERIES01,as reported,VERIFIED_WORKBOOK,Table 1 p.22; Table 2 p.23,source-reported,High,VERIFIED,COMPUTATIONAL_MD
P017,10.1016/j.ijplas.2019.102649,P017_MAT_AL0p5,P017_SIM_A05_1000K_SR1E10,,P017_SIM_A05_1000K_SR1E10,Material_Parent_ID,P017_MAT_AL0p5,as reported,VERIFIED_WORKBOOK,Table 1 p.22; Table 2 p.23,source-reported,High,VERIFIED,COMPUTATIONAL_MD
P017,10.1016/j.ijplas.2019.102649,P017_MAT_AL0p5,P017_SIM_A05_1000K_SR1E10,,P017_SIM_A05_1000K_SR1E10,Computational_Condition_ID,P017_SIM_A05_1000K_SR1E10,as reported,VERIFIED_WORKBOOK,Table 1 p.22; Table 2 p.23,source-reported,High,VERIFIED,COMPUTATIONAL_MD
P017,10.1016/j.ijplas.2019.102649,P017_MAT_AL0p5,P017_SIM_A05_1000K_SR1E10,,P017_SIM_A05_1000K_SR1E10,Alloy_Label,Al0.5CrCoFeCuNi,as reported,VERIFIED_WORKBOOK,Table 1 p.22; Table 2 p.23,source-reported,High,VERIFIED,COMPUTATIONAL_MD
P017,10.1016/j.ijplas.2019.102649,P017_MAT_AL0p5,P017_SIM_A05_1000K_SR1E10,,P017_SIM_A05_1000K_SR1E10,Temperature_K,1000,as reported,VERIFIED_WORKBOOK,Table 1 p.22; Table 2 p.23,source-reported,High,VERIFIED,COMPUTATIONAL_MD
P017,10.1016/j.ijplas.2019.102649,P017_MAT_AL0p5,P017_SIM_A05_1000K_SR1E10,,P017_SIM_A05_1000K_SR1E10,Strain_Rate_s-1,10000000000,as reported,VERIFIED_WORKBOOK,Table 1 p.22; Table 2 p.23,source-reported,High,VERIFIED,COMPUTATIONAL_MD
P017,10.1016/j.ijplas.2019.102649,P017_MAT_AL0p5,P017_SIM_A05_1000K_SR1E10,,P017_SIM_A05_1000K_SR1E10,Max_Strain,0.4,as reported,VERIFIED_WORKBOOK,Table 1 p.22; Table 2 p.23,source-reported,High,VERIFIED,COMPUTATIONAL_MD
P017,10.1016/j.ijplas.2019.102649,P017_MAT_AL0p5,P017_SIM_A05_1000K_SR1E10,,P017_SIM_A05_1000K_SR1E10,Data_Origin,COMPUTATIONAL_MD,as reported,VERIFIED_WORKBOOK,Table 1 p.22; Table 2 p.23,source-reported,High,VERIFIED,COMPUTATIONAL_MD
P017,10.1016/j.ijplas.2019.102649,P017_MAT_AL0p5,P017_SIM_A05_1000K_SR1E10,,P017_SIM_A05_1000K_SR1E10,Observation_Role,COMPUTATIONAL_CONDITION,as reported,VERIFIED_WORKBOOK,Table 1 p.22; Table 2 p.23,source-reported,High,VERIFIED,COMPUTATIONAL_MD
P017,10.1016/j.ijplas.2019.102649,P017_MAT_AL0p5,P017_SIM_A05_1000K_SR1E10,,P017_SIM_A05_1000K_SR1E10,Independent_Computational_Condition,True,as reported,VERIFIED_WORKBOOK,Table 1 p.22; Table 2 p.23,source-reported,High,VERIFIED,COMPUTATIONAL_MD
P017,10.1016/j.ijplas.2019.102649,P017_MAT_AL0p5,P017_SIM_A05_1000K_SR1E10,,P017_SIM_A05_1000K_SR1E10,Independent_Experimental_ML_sample,False,as reported,VERIFIED_WORKBOOK,Table 1 p.22; Table 2 p.23,source-reported,High,VERIFIED,COMPUTATIONAL_MD
P017,10.1016/j.ijplas.2019.102649,P017_MAT_AL0p5,P017_SIM_A05_1000K_SR1E10,,P017_SIM_A05_1000K_SR1E10,Leakage_Group_Strict,P017_SERIES01,as reported,VERIFIED_WORKBOOK,Table 1 p.22; Table 2 p.23,source-reported,High,VERIFIED,COMPUTATIONAL_MD
P017,10.1016/j.ijplas.2019.102649,P017_MAT_AL0p5,P017_SIM_A05_1000K_SR1E10,,P017_SIM_A05_1000K_SR1E10,Leakage_Group_Material,P017_MAT_AL0p5,as reported,VERIFIED_WORKBOOK,Table 1 p.22; Table 2 p.23,source-reported,High,VERIFIED,COMPUTATIONAL_MD
P017,10.1016/j.ijplas.2019.102649,P017_MAT_AL0p5,P017_SIM_A05_1000K_SR1E10,,P017_SIM_A05_1000K_SR1E10,SIS_PSR_GPa,3.4,as reported,VERIFIED_WORKBOOK,Table 1 p.22; Table 2 p.23,source-reported,High,VERIFIED,COMPUTATIONAL_MD
P017,10.1016/j.ijplas.2019.102649,P017_MAT_AL0p5,P017_SIM_A05_1000K_SR1E10,,P017_SIM_A05_1000K_SR1E10,UTS_PSR_Status,N/A_NO_UTS_PSR,as reported,VERIFIED_WORKBOOK,Table 1 p.22; Table 2 p.23,source-reported,High,VERIFIED,COMPUTATIONAL_MD
P017,10.1016/j.ijplas.2019.102649,P017_MAT_AL0p5,P017_SIM_A05_1000K_SR1E10,,P017_SIM_A05_1000K_SR1E10,Paper_Native_TRIP,1,as reported,VERIFIED_WORKBOOK,Table 1 p.22; Table 2 p.23,source-reported,High,VERIFIED,COMPUTATIONAL_MD
P017,10.1016/j.ijplas.2019.102649,P017_MAT_AL0p5,P017_SIM_A05_1000K_SR1E10,,P017_SIM_A05_1000K_SR1E10,Paper_Native_TWIP,0,as reported,VERIFIED_WORKBOOK,Table 1 p.22; Table 2 p.23,source-reported,High,VERIFIED,COMPUTATIONAL_MD
P017,10.1016/j.ijplas.2019.102649,P017_MAT_AL0p5,P017_SIM_A05_1000K_SR1E10,,P017_SIM_A05_1000K_SR1E10,TWIP_induced_TRIP_Status,Not observed,as reported,VERIFIED_WORKBOOK,Table 1 p.22; Table 2 p.23,source-reported,High,VERIFIED,COMPUTATIONAL_MD
P017,10.1016/j.ijplas.2019.102649,P017_MAT_AL0p5,P017_SIM_A05_1000K_SR1E10,,P017_SIM_A05_1000K_SR1E10,TRIP_induced_TWIP_Status,Not observed,as reported,VERIFIED_WORKBOOK,Table 1 p.22; Table 2 p.23,source-reported,High,VERIFIED,COMPUTATIONAL_MD
P017,10.1016/j.ijplas.2019.102649,P017_MAT_AL0p5,P017_SIM_A05_1000K_SR1E10,,P017_SIM_A05_1000K_SR1E10,Experimental_Target_Eligibility,NOT_ELIGIBLE_FOR_EXPERIMENTAL_TARGET_POOL,as reported,VERIFIED_WORKBOOK,Table 1 p.22; Table 2 p.23,source-reported,High,VERIFIED,COMPUTATIONAL_MD
P017,10.1016/j.ijplas.2019.102649,P017_MAT_AL0p5,P017_SIM_A05_1000K_SR1E10,,P017_SIM_A05_1000K_SR1E10,Mechanism_Scope,Authors-native TRIP/TWIP: reversible BCC↔FCC(HCP/SF) transformation and BCC twinning; not equivalent to the project's experimental FCC→HCP/TWIP target semantics.,as reported,VERIFIED_WORKBOOK,Table 1 p.22; Table 2 p.23,source-reported,High,VERIFIED,COMPUTATIONAL_MD
P017,10.1016/j.ijplas.2019.102649,P017_MAT_AL0p5,P017_SIM_A05_1000K_SR1E10,,P017_SIM_A05_1000K_SR1E10,Evidence_Location,Table 1 p.22; Table 2 p.23,as reported,VERIFIED_WORKBOOK,Table 1 p.22; Table 2 p.23,source-reported,High,VERIFIED,COMPUTATIONAL_MD
P017,10.1016/j.ijplas.2019.102649,P017_MAT_AL0p5,P017_SIM_A05_1000K_SR1E10,,P017_SIM_A05_1000K_SR1E10,Confidence,High,as reported,VERIFIED_WORKBOOK,Table 1 p.22; Table 2 p.23,source-reported,High,VERIFIED,COMPUTATIONAL_MD
P017,10.1016/j.ijplas.2019.102649,P017_MAT_AL0p5,P017_SIM_A05_1000K_SR1E10,,P017_SIM_A05_1000K_SR1E10,Notes,"SIS-PSR/UTS-PSR are MD stress-regime metrics, not experimental YS/UTS. Native mechanism labels remain computational-domain metadata.",as reported,VERIFIED_WORKBOOK,Table 1 p.22; Table 2 p.23,source-reported,High,VERIFIED,COMPUTATIONAL_MD
P017,10.1016/j.ijplas.2019.102649,P017_MAT_AL0p5,P017_SIM_A05_1300K_SR1E10,,P017_SIM_A05_1300K_SR1E10,Study_Series_ID,P017_SERIES01,as reported,VERIFIED_WORKBOOK,Table 1 p.22; Table 2 p.23,source-reported,High,VERIFIED,COMPUTATIONAL_MD
P017,10.1016/j.ijplas.2019.102649,P017_MAT_AL0p5,P017_SIM_A05_1300K_SR1E10,,P017_SIM_A05_1300K_SR1E10,Material_Parent_ID,P017_MAT_AL0p5,as reported,VERIFIED_WORKBOOK,Table 1 p.22; Table 2 p.23,source-reported,High,VERIFIED,COMPUTATIONAL_MD
P017,10.1016/j.ijplas.2019.102649,P017_MAT_AL0p5,P017_SIM_A05_1300K_SR1E10,,P017_SIM_A05_1300K_SR1E10,Computational_Condition_ID,P017_SIM_A05_1300K_SR1E10,as reported,VERIFIED_WORKBOOK,Table 1 p.22; Table 2 p.23,source-reported,High,VERIFIED,COMPUTATIONAL_MD
P017,10.1016/j.ijplas.2019.102649,P017_MAT_AL0p5,P017_SIM_A05_1300K_SR1E10,,P017_SIM_A05_1300K_SR1E10,Alloy_Label,Al0.5CrCoFeCuNi,as reported,VERIFIED_WORKBOOK,Table 1 p.22; Table 2 p.23,source-reported,High,VERIFIED,COMPUTATIONAL_MD
P017,10.1016/j.ijplas.2019.102649,P017_MAT_AL0p5,P017_SIM_A05_1300K_SR1E10,,P017_SIM_A05_1300K_SR1E10,Temperature_K,1300,as reported,VERIFIED_WORKBOOK,Table 1 p.22; Table 2 p.23,source-reported,High,VERIFIED,COMPUTATIONAL_MD
P017,10.1016/j.ijplas.2019.102649,P017_MAT_AL0p5,P017_SIM_A05_1300K_SR1E10,,P017_SIM_A05_1300K_SR1E10,Strain_Rate_s-1,10000000000,as reported,VERIFIED_WORKBOOK,Table 1 p.22; Table 2 p.23,source-reported,High,VERIFIED,COMPUTATIONAL_MD
P017,10.1016/j.ijplas.2019.102649,P017_MAT_AL0p5,P017_SIM_A05_1300K_SR1E10,,P017_SIM_A05_1300K_SR1E10,Max_Strain,0.4,as reported,VERIFIED_WORKBOOK,Table 1 p.22; Table 2 p.23,source-reported,High,VERIFIED,COMPUTATIONAL_MD
P017,10.1016/j.ijplas.2019.102649,P017_MAT_AL0p5,P017_SIM_A05_1300K_SR1E10,,P017_SIM_A05_1300K_SR1E10,Data_Origin,COMPUTATIONAL_MD,as reported,VERIFIED_WORKBOOK,Table 1 p.22; Table 2 p.23,source-reported,High,VERIFIED,COMPUTATIONAL_MD
P017,10.1016/j.ijplas.2019.102649,P017_MAT_AL0p5,P017_SIM_A05_1300K_SR1E10,,P017_SIM_A05_1300K_SR1E10,Observation_Role,COMPUTATIONAL_CONDITION,as reported,VERIFIED_WORKBOOK,Table 1 p.22; Table 2 p.23,source-reported,High,VERIFIED,COMPUTATIONAL_MD
P017,10.1016/j.ijplas.2019.102649,P017_MAT_AL0p5,P017_SIM_A05_1300K_SR1E10,,P017_SIM_A05_1300K_SR1E10,Independent_Computational_Condition,True,as reported,VERIFIED_WORKBOOK,Table 1 p.22; Table 2 p.23,source-reported,High,VERIFIED,COMPUTATIONAL_MD
P017,10.1016/j.ijplas.2019.102649,P017_MAT_AL0p5,P017_SIM_A05_1300K_SR1E10,,P017_SIM_A05_1300K_SR1E10,Independent_Experimental_ML_sample,False,as reported,VERIFIED_WORKBOOK,Table 1 p.22; Table 2 p.23,source-reported,High,VERIFIED,COMPUTATIONAL_MD
P017,10.1016/j.ijplas.2019.102649,P017_MAT_AL0p5,P017_SIM_A05_1300K_SR1E10,,P017_SIM_A05_1300K_SR1E10,Leakage_Group_Strict,P017_SERIES01,as reported,VERIFIED_WORKBOOK,Table 1 p.22; Table 2 p.23,source-reported,High,VERIFIED,COMPUTATIONAL_MD
P017,10.1016/j.ijplas.2019.102649,P017_MAT_AL0p5,P017_SIM_A05_1300K_SR1E10,,P017_SIM_A05_1300K_SR1E10,Leakage_Group_Material,P017_MAT_AL0p5,as reported,VERIFIED_WORKBOOK,Table 1 p.22; Table 2 p.23,source-reported,High,VERIFIED,COMPUTATIONAL_MD
P017,10.1016/j.ijplas.2019.102649,P017_MAT_AL0p5,P017_SIM_A05_1300K_SR1E10,,P017_SIM_A05_1300K_SR1E10,SIS_PSR_GPa,2.9,as reported,VERIFIED_WORKBOOK,Table 1 p.22; Table 2 p.23,source-reported,High,VERIFIED,COMPUTATIONAL_MD
P017,10.1016/j.ijplas.2019.102649,P017_MAT_AL0p5,P017_SIM_A05_1300K_SR1E10,,P017_SIM_A05_1300K_SR1E10,UTS_PSR_Status,N/A_NO_UTS_PSR,as reported,VERIFIED_WORKBOOK,Table 1 p.22; Table 2 p.23,source-reported,High,VERIFIED,COMPUTATIONAL_MD
P017,10.1016/j.ijplas.2019.102649,P017_MAT_AL0p5,P017_SIM_A05_1300K_SR1E10,,P017_SIM_A05_1300K_SR1E10,Paper_Native_TRIP,1,as reported,VERIFIED_WORKBOOK,Table 1 p.22; Table 2 p.23,source-reported,High,VERIFIED,COMPUTATIONAL_MD
P017,10.1016/j.ijplas.2019.102649,P017_MAT_AL0p5,P017_SIM_A05_1300K_SR1E10,,P017_SIM_A05_1300K_SR1E10,Paper_Native_TWIP,0,as reported,VERIFIED_WORKBOOK,Table 1 p.22; Table 2 p.23,source-reported,High,VERIFIED,COMPUTATIONAL_MD
P017,10.1016/j.ijplas.2019.102649,P017_MAT_AL0p5,P017_SIM_A05_1300K_SR1E10,,P017_SIM_A05_1300K_SR1E10,TWIP_induced_TRIP_Status,Not observed,as reported,VERIFIED_WORKBOOK,Table 1 p.22; Table 2 p.23,source-reported,High,VERIFIED,COMPUTATIONAL_MD
P017,10.1016/j.ijplas.2019.102649,P017_MAT_AL0p5,P017_SIM_A05_1300K_SR1E10,,P017_SIM_A05_1300K_SR1E10,TRIP_induced_TWIP_Status,Not observed,as reported,VERIFIED_WORKBOOK,Table 1 p.22; Table 2 p.23,source-reported,High,VERIFIED,COMPUTATIONAL_MD
P017,10.1016/j.ijplas.2019.102649,P017_MAT_AL0p5,P017_SIM_A05_1300K_SR1E10,,P017_SIM_A05_1300K_SR1E10,Experimental_Target_Eligibility,NOT_ELIGIBLE_FOR_EXPERIMENTAL_TARGET_POOL,as reported,VERIFIED_WORKBOOK,Table 1 p.22; Table 2 p.23,source-reported,High,VERIFIED,COMPUTATIONAL_MD
P017,10.1016/j.ijplas.2019.102649,P017_MAT_AL0p5,P017_SIM_A05_1300K_SR1E10,,P017_SIM_A05_1300K_SR1E10,Mechanism_Scope,Authors-native TRIP/TWIP: reversible BCC↔FCC(HCP/SF) transformation and BCC twinning; not equivalent to the project's experimental FCC→HCP/TWIP target semantics.,as reported,VERIFIED_WORKBOOK,Table 1 p.22; Table 2 p.23,source-reported,High,VERIFIED,COMPUTATIONAL_MD
P017,10.1016/j.ijplas.2019.102649,P017_MAT_AL0p5,P017_SIM_A05_1300K_SR1E10,,P017_SIM_A05_1300K_SR1E10,Evidence_Location,Table 1 p.22; Table 2 p.23,as reported,VERIFIED_WORKBOOK,Table 1 p.22; Table 2 p.23,source-reported,High,VERIFIED,COMPUTATIONAL_MD
P017,10.1016/j.ijplas.2019.102649,P017_MAT_AL0p5,P017_SIM_A05_1300K_SR1E10,,P017_SIM_A05_1300K_SR1E10,Confidence,High,as reported,VERIFIED_WORKBOOK,Table 1 p.22; Table 2 p.23,source-reported,High,VERIFIED,COMPUTATIONAL_MD
P017,10.1016/j.ijplas.2019.102649,P017_MAT_AL0p5,P017_SIM_A05_1300K_SR1E10,,P017_SIM_A05_1300K_SR1E10,Notes,"SIS-PSR/UTS-PSR are MD stress-regime metrics, not experimental YS/UTS. Native mechanism labels remain computational-domain metadata.",as reported,VERIFIED_WORKBOOK,Table 1 p.22; Table 2 p.23,source-reported,High,VERIFIED,COMPUTATIONAL_MD
P017,10.1016/j.ijplas.2019.102649,P017_MAT_AL0p5,P017_SIM_A05_300K_SR1E9,,P017_SIM_A05_300K_SR1E9,Study_Series_ID,P017_SERIES01,as reported,VERIFIED_WORKBOOK,Table 1 p.22; Table 2 p.23,source-reported,High,VERIFIED,COMPUTATIONAL_MD
P017,10.1016/j.ijplas.2019.102649,P017_MAT_AL0p5,P017_SIM_A05_300K_SR1E9,,P017_SIM_A05_300K_SR1E9,Material_Parent_ID,P017_MAT_AL0p5,as reported,VERIFIED_WORKBOOK,Table 1 p.22; Table 2 p.23,source-reported,High,VERIFIED,COMPUTATIONAL_MD
P017,10.1016/j.ijplas.2019.102649,P017_MAT_AL0p5,P017_SIM_A05_300K_SR1E9,,P017_SIM_A05_300K_SR1E9,Computational_Condition_ID,P017_SIM_A05_300K_SR1E9,as reported,VERIFIED_WORKBOOK,Table 1 p.22; Table 2 p.23,source-reported,High,VERIFIED,COMPUTATIONAL_MD
P017,10.1016/j.ijplas.2019.102649,P017_MAT_AL0p5,P017_SIM_A05_300K_SR1E9,,P017_SIM_A05_300K_SR1E9,Alloy_Label,Al0.5CrCoFeCuNi,as reported,VERIFIED_WORKBOOK,Table 1 p.22; Table 2 p.23,source-reported,High,VERIFIED,COMPUTATIONAL_MD
P017,10.1016/j.ijplas.2019.102649,P017_MAT_AL0p5,P017_SIM_A05_300K_SR1E9,,P017_SIM_A05_300K_SR1E9,Temperature_K,300,as reported,VERIFIED_WORKBOOK,Table 1 p.22; Table 2 p.23,source-reported,High,VERIFIED,COMPUTATIONAL_MD
P017,10.1016/j.ijplas.2019.102649,P017_MAT_AL0p5,P017_SIM_A05_300K_SR1E9,,P017_SIM_A05_300K_SR1E9,Strain_Rate_s-1,1000000000,as reported,VERIFIED_WORKBOOK,Table 1 p.22; Table 2 p.23,source-reported,High,VERIFIED,COMPUTATIONAL_MD
P017,10.1016/j.ijplas.2019.102649,P017_MAT_AL0p5,P017_SIM_A05_300K_SR1E9,,P017_SIM_A05_300K_SR1E9,Max_Strain,0.4,as reported,VERIFIED_WORKBOOK,Table 1 p.22; Table 2 p.23,source-reported,High,VERIFIED,COMPUTATIONAL_MD
P017,10.1016/j.ijplas.2019.102649,P017_MAT_AL0p5,P017_SIM_A05_300K_SR1E9,,P017_SIM_A05_300K_SR1E9,Data_Origin,COMPUTATIONAL_MD,as reported,VERIFIED_WORKBOOK,Table 1 p.22; Table 2 p.23,source-reported,High,VERIFIED,COMPUTATIONAL_MD
P017,10.1016/j.ijplas.2019.102649,P017_MAT_AL0p5,P017_SIM_A05_300K_SR1E9,,P017_SIM_A05_300K_SR1E9,Observation_Role,COMPUTATIONAL_CONDITION,as reported,VERIFIED_WORKBOOK,Table 1 p.22; Table 2 p.23,source-reported,High,VERIFIED,COMPUTATIONAL_MD
P017,10.1016/j.ijplas.2019.102649,P017_MAT_AL0p5,P017_SIM_A05_300K_SR1E9,,P017_SIM_A05_300K_SR1E9,Independent_Computational_Condition,True,as reported,VERIFIED_WORKBOOK,Table 1 p.22; Table 2 p.23,source-reported,High,VERIFIED,COMPUTATIONAL_MD
P017,10.1016/j.ijplas.2019.102649,P017_MAT_AL0p5,P017_SIM_A05_300K_SR1E9,,P017_SIM_A05_300K_SR1E9,Independent_Experimental_ML_sample,False,as reported,VERIFIED_WORKBOOK,Table 1 p.22; Table 2 p.23,source-reported,High,VERIFIED,COMPUTATIONAL_MD
P017,10.1016/j.ijplas.2019.102649,P017_MAT_AL0p5,P017_SIM_A05_300K_SR1E9,,P017_SIM_A05_300K_SR1E9,Leakage_Group_Strict,P017_SERIES01,as reported,VERIFIED_WORKBOOK,Table 1 p.22; Table 2 p.23,source-reported,High,VERIFIED,COMPUTATIONAL_MD
P017,10.1016/j.ijplas.2019.102649,P017_MAT_AL0p5,P017_SIM_A05_300K_SR1E9,,P017_SIM_A05_300K_SR1E9,Leakage_Group_Material,P017_MAT_AL0p5,as reported,VERIFIED_WORKBOOK,Table 1 p.22; Table 2 p.23,source-reported,High,VERIFIED,COMPUTATIONAL_MD
P017,10.1016/j.ijplas.2019.102649,P017_MAT_AL0p5,P017_SIM_A05_300K_SR1E9,,P017_SIM_A05_300K_SR1E9,SIS_PSR_GPa,3.7,as reported,VERIFIED_WORKBOOK,Table 1 p.22; Table 2 p.23,source-reported,High,VERIFIED,COMPUTATIONAL_MD
P017,10.1016/j.ijplas.2019.102649,P017_MAT_AL0p5,P017_SIM_A05_300K_SR1E9,,P017_SIM_A05_300K_SR1E9,UTS_PSR_GPa,4.2,as reported,VERIFIED_WORKBOOK,Table 1 p.22; Table 2 p.23,source-reported,High,VERIFIED,COMPUTATIONAL_MD
P017,10.1016/j.ijplas.2019.102649,P017_MAT_AL0p5,P017_SIM_A05_300K_SR1E9,,P017_SIM_A05_300K_SR1E9,UTS_PSR_Status,DIRECT_TABLE_1,as reported,VERIFIED_WORKBOOK,Table 1 p.22; Table 2 p.23,source-reported,High,VERIFIED,COMPUTATIONAL_MD
P017,10.1016/j.ijplas.2019.102649,P017_MAT_AL0p5,P017_SIM_A05_300K_SR1E9,,P017_SIM_A05_300K_SR1E9,Paper_Native_TRIP,1,as reported,VERIFIED_WORKBOOK,Table 1 p.22; Table 2 p.23,source-reported,High,VERIFIED,COMPUTATIONAL_MD
P017,10.1016/j.ijplas.2019.102649,P017_MAT_AL0p5,P017_SIM_A05_300K_SR1E9,,P017_SIM_A05_300K_SR1E9,Paper_Native_TWIP,1,as reported,VERIFIED_WORKBOOK,Table 1 p.22; Table 2 p.23,source-reported,High,VERIFIED,COMPUTATIONAL_MD
P017,10.1016/j.ijplas.2019.102649,P017_MAT_AL0p5,P017_SIM_A05_300K_SR1E9,,P017_SIM_A05_300K_SR1E9,TWIP_induced_TRIP_Status,Not observed,as reported,VERIFIED_WORKBOOK,Table 1 p.22; Table 2 p.23,source-reported,High,VERIFIED,COMPUTATIONAL_MD
P017,10.1016/j.ijplas.2019.102649,P017_MAT_AL0p5,P017_SIM_A05_300K_SR1E9,,P017_SIM_A05_300K_SR1E9,TRIP_induced_TWIP_Status,Observed,as reported,VERIFIED_WORKBOOK,Table 1 p.22; Table 2 p.23,source-reported,High,VERIFIED,COMPUTATIONAL_MD
P017,10.1016/j.ijplas.2019.102649,P017_MAT_AL0p5,P017_SIM_A05_300K_SR1E9,,P017_SIM_A05_300K_SR1E9,TRIP_induced_TWIP_Timing,At UTS-PSR,as reported,VERIFIED_WORKBOOK,Table 1 p.22; Table 2 p.23,source-reported,High,VERIFIED,COMPUTATIONAL_MD
P017,10.1016/j.ijplas.2019.102649,P017_MAT_AL0p5,P017_SIM_A05_300K_SR1E9,,P017_SIM_A05_300K_SR1E9,Experimental_Target_Eligibility,NOT_ELIGIBLE_FOR_EXPERIMENTAL_TARGET_POOL,as reported,VERIFIED_WORKBOOK,Table 1 p.22; Table 2 p.23,source-reported,High,VERIFIED,COMPUTATIONAL_MD
P017,10.1016/j.ijplas.2019.102649,P017_MAT_AL0p5,P017_SIM_A05_300K_SR1E9,,P017_SIM_A05_300K_SR1E9,Mechanism_Scope,Authors-native TRIP/TWIP: reversible BCC↔FCC(HCP/SF) transformation and BCC twinning; not equivalent to the project's experimental FCC→HCP/TWIP target semantics.,as reported,VERIFIED_WORKBOOK,Table 1 p.22; Table 2 p.23,source-reported,High,VERIFIED,COMPUTATIONAL_MD
P017,10.1016/j.ijplas.2019.102649,P017_MAT_AL0p5,P017_SIM_A05_300K_SR1E9,,P017_SIM_A05_300K_SR1E9,Evidence_Location,Table 1 p.22; Table 2 p.23,as reported,VERIFIED_WORKBOOK,Table 1 p.22; Table 2 p.23,source-reported,High,VERIFIED,COMPUTATIONAL_MD
P017,10.1016/j.ijplas.2019.102649,P017_MAT_AL0p5,P017_SIM_A05_300K_SR1E9,,P017_SIM_A05_300K_SR1E9,Confidence,High,as reported,VERIFIED_WORKBOOK,Table 1 p.22; Table 2 p.23,source-reported,High,VERIFIED,COMPUTATIONAL_MD
P017,10.1016/j.ijplas.2019.102649,P017_MAT_AL0p5,P017_SIM_A05_300K_SR1E9,,P017_SIM_A05_300K_SR1E9,Notes,"SIS-PSR/UTS-PSR are MD stress-regime metrics, not experimental YS/UTS. Native mechanism labels remain computational-domain metadata.",as reported,VERIFIED_WORKBOOK,Table 1 p.22; Table 2 p.23,source-reported,High,VERIFIED,COMPUTATIONAL_MD
P017,10.1016/j.ijplas.2019.102649,P017_MAT_AL0p5,P017_SIM_A05_300K_SR1E8,,P017_SIM_A05_300K_SR1E8,Study_Series_ID,P017_SERIES01,as reported,VERIFIED_WORKBOOK,Table 1 p.22; Table 2 p.23,source-reported,High,VERIFIED,COMPUTATIONAL_MD
P017,10.1016/j.ijplas.2019.102649,P017_MAT_AL0p5,P017_SIM_A05_300K_SR1E8,,P017_SIM_A05_300K_SR1E8,Material_Parent_ID,P017_MAT_AL0p5,as reported,VERIFIED_WORKBOOK,Table 1 p.22; Table 2 p.23,source-reported,High,VERIFIED,COMPUTATIONAL_MD
P017,10.1016/j.ijplas.2019.102649,P017_MAT_AL0p5,P017_SIM_A05_300K_SR1E8,,P017_SIM_A05_300K_SR1E8,Computational_Condition_ID,P017_SIM_A05_300K_SR1E8,as reported,VERIFIED_WORKBOOK,Table 1 p.22; Table 2 p.23,source-reported,High,VERIFIED,COMPUTATIONAL_MD
P017,10.1016/j.ijplas.2019.102649,P017_MAT_AL0p5,P017_SIM_A05_300K_SR1E8,,P017_SIM_A05_300K_SR1E8,Alloy_Label,Al0.5CrCoFeCuNi,as reported,VERIFIED_WORKBOOK,Table 1 p.22; Table 2 p.23,source-reported,High,VERIFIED,COMPUTATIONAL_MD
P017,10.1016/j.ijplas.2019.102649,P017_MAT_AL0p5,P017_SIM_A05_300K_SR1E8,,P017_SIM_A05_300K_SR1E8,Temperature_K,300,as reported,VERIFIED_WORKBOOK,Table 1 p.22; Table 2 p.23,source-reported,High,VERIFIED,COMPUTATIONAL_MD
P017,10.1016/j.ijplas.2019.102649,P017_MAT_AL0p5,P017_SIM_A05_300K_SR1E8,,P017_SIM_A05_300K_SR1E8,Strain_Rate_s-1,100000000,as reported,VERIFIED_WORKBOOK,Table 1 p.22; Table 2 p.23,source-reported,High,VERIFIED,COMPUTATIONAL_MD
P017,10.1016/j.ijplas.2019.102649,P017_MAT_AL0p5,P017_SIM_A05_300K_SR1E8,,P017_SIM_A05_300K_SR1E8,Max_Strain,0.4,as reported,VERIFIED_WORKBOOK,Table 1 p.22; Table 2 p.23,source-reported,High,VERIFIED,COMPUTATIONAL_MD
P017,10.1016/j.ijplas.2019.102649,P017_MAT_AL0p5,P017_SIM_A05_300K_SR1E8,,P017_SIM_A05_300K_SR1E8,Data_Origin,COMPUTATIONAL_MD,as reported,VERIFIED_WORKBOOK,Table 1 p.22; Table 2 p.23,source-reported,High,VERIFIED,COMPUTATIONAL_MD
P017,10.1016/j.ijplas.2019.102649,P017_MAT_AL0p5,P017_SIM_A05_300K_SR1E8,,P017_SIM_A05_300K_SR1E8,Observation_Role,COMPUTATIONAL_CONDITION,as reported,VERIFIED_WORKBOOK,Table 1 p.22; Table 2 p.23,source-reported,High,VERIFIED,COMPUTATIONAL_MD
P017,10.1016/j.ijplas.2019.102649,P017_MAT_AL0p5,P017_SIM_A05_300K_SR1E8,,P017_SIM_A05_300K_SR1E8,Independent_Computational_Condition,True,as reported,VERIFIED_WORKBOOK,Table 1 p.22; Table 2 p.23,source-reported,High,VERIFIED,COMPUTATIONAL_MD
P017,10.1016/j.ijplas.2019.102649,P017_MAT_AL0p5,P017_SIM_A05_300K_SR1E8,,P017_SIM_A05_300K_SR1E8,Independent_Experimental_ML_sample,False,as reported,VERIFIED_WORKBOOK,Table 1 p.22; Table 2 p.23,source-reported,High,VERIFIED,COMPUTATIONAL_MD
P017,10.1016/j.ijplas.2019.102649,P017_MAT_AL0p5,P017_SIM_A05_300K_SR1E8,,P017_SIM_A05_300K_SR1E8,Leakage_Group_Strict,P017_SERIES01,as reported,VERIFIED_WORKBOOK,Table 1 p.22; Table 2 p.23,source-reported,High,VERIFIED,COMPUTATIONAL_MD
P017,10.1016/j.ijplas.2019.102649,P017_MAT_AL0p5,P017_SIM_A05_300K_SR1E8,,P017_SIM_A05_300K_SR1E8,Leakage_Group_Material,P017_MAT_AL0p5,as reported,VERIFIED_WORKBOOK,Table 1 p.22; Table 2 p.23,source-reported,High,VERIFIED,COMPUTATIONAL_MD
P017,10.1016/j.ijplas.2019.102649,P017_MAT_AL0p5,P017_SIM_A05_300K_SR1E8,,P017_SIM_A05_300K_SR1E8,SIS_PSR_GPa,3.6,as reported,VERIFIED_WORKBOOK,Table 1 p.22; Table 2 p.23,source-reported,High,VERIFIED,COMPUTATIONAL_MD
P017,10.1016/j.ijplas.2019.102649,P017_MAT_AL0p5,P017_SIM_A05_300K_SR1E8,,P017_SIM_A05_300K_SR1E8,UTS_PSR_GPa,4,as reported,VERIFIED_WORKBOOK,Table 1 p.22; Table 2 p.23,source-reported,High,VERIFIED,COMPUTATIONAL_MD
P017,10.1016/j.ijplas.2019.102649,P017_MAT_AL0p5,P017_SIM_A05_300K_SR1E8,,P017_SIM_A05_300K_SR1E8,UTS_PSR_Status,DIRECT_TABLE_1,as reported,VERIFIED_WORKBOOK,Table 1 p.22; Table 2 p.23,source-reported,High,VERIFIED,COMPUTATIONAL_MD
P017,10.1016/j.ijplas.2019.102649,P017_MAT_AL0p5,P017_SIM_A05_300K_SR1E8,,P017_SIM_A05_300K_SR1E8,Paper_Native_TRIP,1,as reported,VERIFIED_WORKBOOK,Table 1 p.22; Table 2 p.23,source-reported,High,VERIFIED,COMPUTATIONAL_MD
P017,10.1016/j.ijplas.2019.102649,P017_MAT_AL0p5,P017_SIM_A05_300K_SR1E8,,P017_SIM_A05_300K_SR1E8,Paper_Native_TWIP,1,as reported,VERIFIED_WORKBOOK,Table 1 p.22; Table 2 p.23,source-reported,High,VERIFIED,COMPUTATIONAL_MD
P017,10.1016/j.ijplas.2019.102649,P017_MAT_AL0p5,P017_SIM_A05_300K_SR1E8,,P017_SIM_A05_300K_SR1E8,TWIP_induced_TRIP_Status,Not observed,as reported,VERIFIED_WORKBOOK,Table 1 p.22; Table 2 p.23,source-reported,High,VERIFIED,COMPUTATIONAL_MD
P017,10.1016/j.ijplas.2019.102649,P017_MAT_AL0p5,P017_SIM_A05_300K_SR1E8,,P017_SIM_A05_300K_SR1E8,TRIP_induced_TWIP_Status,Observed,as reported,VERIFIED_WORKBOOK,Table 1 p.22; Table 2 p.23,source-reported,High,VERIFIED,COMPUTATIONAL_MD
P017,10.1016/j.ijplas.2019.102649,P017_MAT_AL0p5,P017_SIM_A05_300K_SR1E8,,P017_SIM_A05_300K_SR1E8,TRIP_induced_TWIP_Timing,Before UTS-PSR,as reported,VERIFIED_WORKBOOK,Table 1 p.22; Table 2 p.23,source-reported,High,VERIFIED,COMPUTATIONAL_MD
P017,10.1016/j.ijplas.2019.102649,P017_MAT_AL0p5,P017_SIM_A05_300K_SR1E8,,P017_SIM_A05_300K_SR1E8,Experimental_Target_Eligibility,NOT_ELIGIBLE_FOR_EXPERIMENTAL_TARGET_POOL,as reported,VERIFIED_WORKBOOK,Table 1 p.22; Table 2 p.23,source-reported,High,VERIFIED,COMPUTATIONAL_MD
P017,10.1016/j.ijplas.2019.102649,P017_MAT_AL0p5,P017_SIM_A05_300K_SR1E8,,P017_SIM_A05_300K_SR1E8,Mechanism_Scope,Authors-native TRIP/TWIP: reversible BCC↔FCC(HCP/SF) transformation and BCC twinning; not equivalent to the project's experimental FCC→HCP/TWIP target semantics.,as reported,VERIFIED_WORKBOOK,Table 1 p.22; Table 2 p.23,source-reported,High,VERIFIED,COMPUTATIONAL_MD
P017,10.1016/j.ijplas.2019.102649,P017_MAT_AL0p5,P017_SIM_A05_300K_SR1E8,,P017_SIM_A05_300K_SR1E8,Evidence_Location,Table 1 p.22; Table 2 p.23,as reported,VERIFIED_WORKBOOK,Table 1 p.22; Table 2 p.23,source-reported,High,VERIFIED,COMPUTATIONAL_MD
P017,10.1016/j.ijplas.2019.102649,P017_MAT_AL0p5,P017_SIM_A05_300K_SR1E8,,P017_SIM_A05_300K_SR1E8,Confidence,High,as reported,VERIFIED_WORKBOOK,Table 1 p.22; Table 2 p.23,source-reported,High,VERIFIED,COMPUTATIONAL_MD
P017,10.1016/j.ijplas.2019.102649,P017_MAT_AL0p5,P017_SIM_A05_300K_SR1E8,,P017_SIM_A05_300K_SR1E8,Notes,"SIS-PSR/UTS-PSR are MD stress-regime metrics, not experimental YS/UTS. Native mechanism labels remain computational-domain metadata.",as reported,VERIFIED_WORKBOOK,Table 1 p.22; Table 2 p.23,source-reported,High,VERIFIED,COMPUTATIONAL_MD
P017,10.1016/j.ijplas.2019.102649,P017_MAT_AL1p5,P017_SIM_A15_300K_SR1E10,,P017_SIM_A15_300K_SR1E10,Study_Series_ID,P017_SERIES01,as reported,VERIFIED_WORKBOOK,Table 1 p.22; Table 2 p.23,source-reported,High,VERIFIED,COMPUTATIONAL_MD
P017,10.1016/j.ijplas.2019.102649,P017_MAT_AL1p5,P017_SIM_A15_300K_SR1E10,,P017_SIM_A15_300K_SR1E10,Material_Parent_ID,P017_MAT_AL1p5,as reported,VERIFIED_WORKBOOK,Table 1 p.22; Table 2 p.23,source-reported,High,VERIFIED,COMPUTATIONAL_MD
P017,10.1016/j.ijplas.2019.102649,P017_MAT_AL1p5,P017_SIM_A15_300K_SR1E10,,P017_SIM_A15_300K_SR1E10,Computational_Condition_ID,P017_SIM_A15_300K_SR1E10,as reported,VERIFIED_WORKBOOK,Table 1 p.22; Table 2 p.23,source-reported,High,VERIFIED,COMPUTATIONAL_MD
P017,10.1016/j.ijplas.2019.102649,P017_MAT_AL1p5,P017_SIM_A15_300K_SR1E10,,P017_SIM_A15_300K_SR1E10,Alloy_Label,Al1.5CrCoFeCuNi,as reported,VERIFIED_WORKBOOK,Table 1 p.22; Table 2 p.23,source-reported,High,VERIFIED,COMPUTATIONAL_MD
P017,10.1016/j.ijplas.2019.102649,P017_MAT_AL1p5,P017_SIM_A15_300K_SR1E10,,P017_SIM_A15_300K_SR1E10,Temperature_K,300,as reported,VERIFIED_WORKBOOK,Table 1 p.22; Table 2 p.23,source-reported,High,VERIFIED,COMPUTATIONAL_MD
P017,10.1016/j.ijplas.2019.102649,P017_MAT_AL1p5,P017_SIM_A15_300K_SR1E10,,P017_SIM_A15_300K_SR1E10,Strain_Rate_s-1,10000000000,as reported,VERIFIED_WORKBOOK,Table 1 p.22; Table 2 p.23,source-reported,High,VERIFIED,COMPUTATIONAL_MD
P017,10.1016/j.ijplas.2019.102649,P017_MAT_AL1p5,P017_SIM_A15_300K_SR1E10,,P017_SIM_A15_300K_SR1E10,Max_Strain,0.4,as reported,VERIFIED_WORKBOOK,Table 1 p.22; Table 2 p.23,source-reported,High,VERIFIED,COMPUTATIONAL_MD
P017,10.1016/j.ijplas.2019.102649,P017_MAT_AL1p5,P017_SIM_A15_300K_SR1E10,,P017_SIM_A15_300K_SR1E10,Data_Origin,COMPUTATIONAL_MD,as reported,VERIFIED_WORKBOOK,Table 1 p.22; Table 2 p.23,source-reported,High,VERIFIED,COMPUTATIONAL_MD
P017,10.1016/j.ijplas.2019.102649,P017_MAT_AL1p5,P017_SIM_A15_300K_SR1E10,,P017_SIM_A15_300K_SR1E10,Observation_Role,COMPUTATIONAL_CONDITION,as reported,VERIFIED_WORKBOOK,Table 1 p.22; Table 2 p.23,source-reported,High,VERIFIED,COMPUTATIONAL_MD
P017,10.1016/j.ijplas.2019.102649,P017_MAT_AL1p5,P017_SIM_A15_300K_SR1E10,,P017_SIM_A15_300K_SR1E10,Independent_Computational_Condition,True,as reported,VERIFIED_WORKBOOK,Table 1 p.22; Table 2 p.23,source-reported,High,VERIFIED,COMPUTATIONAL_MD
P017,10.1016/j.ijplas.2019.102649,P017_MAT_AL1p5,P017_SIM_A15_300K_SR1E10,,P017_SIM_A15_300K_SR1E10,Independent_Experimental_ML_sample,False,as reported,VERIFIED_WORKBOOK,Table 1 p.22; Table 2 p.23,source-reported,High,VERIFIED,COMPUTATIONAL_MD
P017,10.1016/j.ijplas.2019.102649,P017_MAT_AL1p5,P017_SIM_A15_300K_SR1E10,,P017_SIM_A15_300K_SR1E10,Leakage_Group_Strict,P017_SERIES01,as reported,VERIFIED_WORKBOOK,Table 1 p.22; Table 2 p.23,source-reported,High,VERIFIED,COMPUTATIONAL_MD
P017,10.1016/j.ijplas.2019.102649,P017_MAT_AL1p5,P017_SIM_A15_300K_SR1E10,,P017_SIM_A15_300K_SR1E10,Leakage_Group_Material,P017_MAT_AL1p5,as reported,VERIFIED_WORKBOOK,Table 1 p.22; Table 2 p.23,source-reported,High,VERIFIED,COMPUTATIONAL_MD
P017,10.1016/j.ijplas.2019.102649,P017_MAT_AL1p5,P017_SIM_A15_300K_SR1E10,,P017_SIM_A15_300K_SR1E10,SIS_PSR_GPa,2.1,as reported,VERIFIED_WORKBOOK,Table 1 p.22; Table 2 p.23,source-reported,High,VERIFIED,COMPUTATIONAL_MD
P017,10.1016/j.ijplas.2019.102649,P017_MAT_AL1p5,P017_SIM_A15_300K_SR1E10,,P017_SIM_A15_300K_SR1E10,UTS_PSR_GPa,3.6,as reported,VERIFIED_WORKBOOK,Table 1 p.22; Table 2 p.23,source-reported,High,VERIFIED,COMPUTATIONAL_MD
P017,10.1016/j.ijplas.2019.102649,P017_MAT_AL1p5,P017_SIM_A15_300K_SR1E10,,P017_SIM_A15_300K_SR1E10,UTS_PSR_Status,DIRECT_TABLE_1,as reported,VERIFIED_WORKBOOK,Table 1 p.22; Table 2 p.23,source-reported,High,VERIFIED,COMPUTATIONAL_MD
P017,10.1016/j.ijplas.2019.102649,P017_MAT_AL1p5,P017_SIM_A15_300K_SR1E10,,P017_SIM_A15_300K_SR1E10,Paper_Native_TRIP,1,as reported,VERIFIED_WORKBOOK,Table 1 p.22; Table 2 p.23,source-reported,High,VERIFIED,COMPUTATIONAL_MD
P017,10.1016/j.ijplas.2019.102649,P017_MAT_AL1p5,P017_SIM_A15_300K_SR1E10,,P017_SIM_A15_300K_SR1E10,Paper_Native_TWIP,1,as reported,VERIFIED_WORKBOOK,Table 1 p.22; Table 2 p.23,source-reported,High,VERIFIED,COMPUTATIONAL_MD
P017,10.1016/j.ijplas.2019.102649,P017_MAT_AL1p5,P017_SIM_A15_300K_SR1E10,,P017_SIM_A15_300K_SR1E10,TWIP_induced_TRIP_Status,Observed,as reported,VERIFIED_WORKBOOK,Table 1 p.22; Table 2 p.23,source-reported,High,VERIFIED,COMPUTATIONAL_MD
P017,10.1016/j.ijplas.2019.102649,P017_MAT_AL1p5,P017_SIM_A15_300K_SR1E10,,P017_SIM_A15_300K_SR1E10,TWIP_induced_TRIP_Timing,Between SIS-PSR and UTS-PSR,as reported,VERIFIED_WORKBOOK,Table 1 p.22; Table 2 p.23,source-reported,High,VERIFIED,COMPUTATIONAL_MD
P017,10.1016/j.ijplas.2019.102649,P017_MAT_AL1p5,P017_SIM_A15_300K_SR1E10,,P017_SIM_A15_300K_SR1E10,TRIP_induced_TWIP_Status,Observed,as reported,VERIFIED_WORKBOOK,Table 1 p.22; Table 2 p.23,source-reported,High,VERIFIED,COMPUTATIONAL_MD
P017,10.1016/j.ijplas.2019.102649,P017_MAT_AL1p5,P017_SIM_A15_300K_SR1E10,,P017_SIM_A15_300K_SR1E10,TRIP_induced_TWIP_Timing,Between SIS-PSR and UTS-PSR,as reported,VERIFIED_WORKBOOK,Table 1 p.22; Table 2 p.23,source-reported,High,VERIFIED,COMPUTATIONAL_MD
P017,10.1016/j.ijplas.2019.102649,P017_MAT_AL1p5,P017_SIM_A15_300K_SR1E10,,P017_SIM_A15_300K_SR1E10,Experimental_Target_Eligibility,NOT_ELIGIBLE_FOR_EXPERIMENTAL_TARGET_POOL,as reported,VERIFIED_WORKBOOK,Table 1 p.22; Table 2 p.23,source-reported,High,VERIFIED,COMPUTATIONAL_MD
P017,10.1016/j.ijplas.2019.102649,P017_MAT_AL1p5,P017_SIM_A15_300K_SR1E10,,P017_SIM_A15_300K_SR1E10,Mechanism_Scope,Authors-native TRIP/TWIP: reversible BCC↔FCC(HCP/SF) transformation and BCC twinning; not equivalent to the project's experimental FCC→HCP/TWIP target semantics.,as reported,VERIFIED_WORKBOOK,Table 1 p.22; Table 2 p.23,source-reported,High,VERIFIED,COMPUTATIONAL_MD
P017,10.1016/j.ijplas.2019.102649,P017_MAT_AL1p5,P017_SIM_A15_300K_SR1E10,,P017_SIM_A15_300K_SR1E10,Evidence_Location,Table 1 p.22; Table 2 p.23,as reported,VERIFIED_WORKBOOK,Table 1 p.22; Table 2 p.23,source-reported,High,VERIFIED,COMPUTATIONAL_MD
P017,10.1016/j.ijplas.2019.102649,P017_MAT_AL1p5,P017_SIM_A15_300K_SR1E10,,P017_SIM_A15_300K_SR1E10,Confidence,High,as reported,VERIFIED_WORKBOOK,Table 1 p.22; Table 2 p.23,source-reported,High,VERIFIED,COMPUTATIONAL_MD
P017,10.1016/j.ijplas.2019.102649,P017_MAT_AL1p5,P017_SIM_A15_300K_SR1E10,,P017_SIM_A15_300K_SR1E10,Notes,"SIS-PSR/UTS-PSR are MD stress-regime metrics, not experimental YS/UTS. Native mechanism labels remain computational-domain metadata.",as reported,VERIFIED_WORKBOOK,Table 1 p.22; Table 2 p.23,source-reported,High,VERIFIED,COMPUTATIONAL_MD
P017,10.1016/j.ijplas.2019.102649,P017_MAT_AL1p5,P017_SIM_A15_700K_SR1E10,,P017_SIM_A15_700K_SR1E10,Study_Series_ID,P017_SERIES01,as reported,VERIFIED_WORKBOOK,Table 1 p.22; Table 2 p.23,source-reported,High,VERIFIED,COMPUTATIONAL_MD
P017,10.1016/j.ijplas.2019.102649,P017_MAT_AL1p5,P017_SIM_A15_700K_SR1E10,,P017_SIM_A15_700K_SR1E10,Material_Parent_ID,P017_MAT_AL1p5,as reported,VERIFIED_WORKBOOK,Table 1 p.22; Table 2 p.23,source-reported,High,VERIFIED,COMPUTATIONAL_MD
P017,10.1016/j.ijplas.2019.102649,P017_MAT_AL1p5,P017_SIM_A15_700K_SR1E10,,P017_SIM_A15_700K_SR1E10,Computational_Condition_ID,P017_SIM_A15_700K_SR1E10,as reported,VERIFIED_WORKBOOK,Table 1 p.22; Table 2 p.23,source-reported,High,VERIFIED,COMPUTATIONAL_MD
P017,10.1016/j.ijplas.2019.102649,P017_MAT_AL1p5,P017_SIM_A15_700K_SR1E10,,P017_SIM_A15_700K_SR1E10,Alloy_Label,Al1.5CrCoFeCuNi,as reported,VERIFIED_WORKBOOK,Table 1 p.22; Table 2 p.23,source-reported,High,VERIFIED,COMPUTATIONAL_MD
P017,10.1016/j.ijplas.2019.102649,P017_MAT_AL1p5,P017_SIM_A15_700K_SR1E10,,P017_SIM_A15_700K_SR1E10,Temperature_K,700,as reported,VERIFIED_WORKBOOK,Table 1 p.22; Table 2 p.23,source-reported,High,VERIFIED,COMPUTATIONAL_MD
P017,10.1016/j.ijplas.2019.102649,P017_MAT_AL1p5,P017_SIM_A15_700K_SR1E10,,P017_SIM_A15_700K_SR1E10,Strain_Rate_s-1,10000000000,as reported,VERIFIED_WORKBOOK,Table 1 p.22; Table 2 p.23,source-reported,High,VERIFIED,COMPUTATIONAL_MD
P017,10.1016/j.ijplas.2019.102649,P017_MAT_AL1p5,P017_SIM_A15_700K_SR1E10,,P017_SIM_A15_700K_SR1E10,Max_Strain,0.4,as reported,VERIFIED_WORKBOOK,Table 1 p.22; Table 2 p.23,source-reported,High,VERIFIED,COMPUTATIONAL_MD
P017,10.1016/j.ijplas.2019.102649,P017_MAT_AL1p5,P017_SIM_A15_700K_SR1E10,,P017_SIM_A15_700K_SR1E10,Data_Origin,COMPUTATIONAL_MD,as reported,VERIFIED_WORKBOOK,Table 1 p.22; Table 2 p.23,source-reported,High,VERIFIED,COMPUTATIONAL_MD
P017,10.1016/j.ijplas.2019.102649,P017_MAT_AL1p5,P017_SIM_A15_700K_SR1E10,,P017_SIM_A15_700K_SR1E10,Observation_Role,COMPUTATIONAL_CONDITION,as reported,VERIFIED_WORKBOOK,Table 1 p.22; Table 2 p.23,source-reported,High,VERIFIED,COMPUTATIONAL_MD
P017,10.1016/j.ijplas.2019.102649,P017_MAT_AL1p5,P017_SIM_A15_700K_SR1E10,,P017_SIM_A15_700K_SR1E10,Independent_Computational_Condition,True,as reported,VERIFIED_WORKBOOK,Table 1 p.22; Table 2 p.23,source-reported,High,VERIFIED,COMPUTATIONAL_MD
P017,10.1016/j.ijplas.2019.102649,P017_MAT_AL1p5,P017_SIM_A15_700K_SR1E10,,P017_SIM_A15_700K_SR1E10,Independent_Experimental_ML_sample,False,as reported,VERIFIED_WORKBOOK,Table 1 p.22; Table 2 p.23,source-reported,High,VERIFIED,COMPUTATIONAL_MD
P017,10.1016/j.ijplas.2019.102649,P017_MAT_AL1p5,P017_SIM_A15_700K_SR1E10,,P017_SIM_A15_700K_SR1E10,Leakage_Group_Strict,P017_SERIES01,as reported,VERIFIED_WORKBOOK,Table 1 p.22; Table 2 p.23,source-reported,High,VERIFIED,COMPUTATIONAL_MD
P017,10.1016/j.ijplas.2019.102649,P017_MAT_AL1p5,P017_SIM_A15_700K_SR1E10,,P017_SIM_A15_700K_SR1E10,Leakage_Group_Material,P017_MAT_AL1p5,as reported,VERIFIED_WORKBOOK,Table 1 p.22; Table 2 p.23,source-reported,High,VERIFIED,COMPUTATIONAL_MD
P017,10.1016/j.ijplas.2019.102649,P017_MAT_AL1p5,P017_SIM_A15_700K_SR1E10,,P017_SIM_A15_700K_SR1E10,SIS_PSR_GPa,1.5,as reported,VERIFIED_WORKBOOK,Table 1 p.22; Table 2 p.23,source-reported,High,VERIFIED,COMPUTATIONAL_MD
P017,10.1016/j.ijplas.2019.102649,P017_MAT_AL1p5,P017_SIM_A15_700K_SR1E10,,P017_SIM_A15_700K_SR1E10,UTS_PSR_GPa,2.5,as reported,VERIFIED_WORKBOOK,Table 1 p.22; Table 2 p.23,source-reported,High,VERIFIED,COMPUTATIONAL_MD
P017,10.1016/j.ijplas.2019.102649,P017_MAT_AL1p5,P017_SIM_A15_700K_SR1E10,,P017_SIM_A15_700K_SR1E10,UTS_PSR_Status,DIRECT_TABLE_1,as reported,VERIFIED_WORKBOOK,Table 1 p.22; Table 2 p.23,source-reported,High,VERIFIED,COMPUTATIONAL_MD
P017,10.1016/j.ijplas.2019.102649,P017_MAT_AL1p5,P017_SIM_A15_700K_SR1E10,,P017_SIM_A15_700K_SR1E10,Paper_Native_TRIP,1,as reported,VERIFIED_WORKBOOK,Table 1 p.22; Table 2 p.23,source-reported,High,VERIFIED,COMPUTATIONAL_MD
P017,10.1016/j.ijplas.2019.102649,P017_MAT_AL1p5,P017_SIM_A15_700K_SR1E10,,P017_SIM_A15_700K_SR1E10,Paper_Native_TWIP,1,as reported,VERIFIED_WORKBOOK,Table 1 p.22; Table 2 p.23,source-reported,High,VERIFIED,COMPUTATIONAL_MD
P017,10.1016/j.ijplas.2019.102649,P017_MAT_AL1p5,P017_SIM_A15_700K_SR1E10,,P017_SIM_A15_700K_SR1E10,TWIP_induced_TRIP_Status,Observed,as reported,VERIFIED_WORKBOOK,Table 1 p.22; Table 2 p.23,source-reported,High,VERIFIED,COMPUTATIONAL_MD
P017,10.1016/j.ijplas.2019.102649,P017_MAT_AL1p5,P017_SIM_A15_700K_SR1E10,,P017_SIM_A15_700K_SR1E10,TWIP_induced_TRIP_Timing,Between SIS-PSR and UTS-PSR,as reported,VERIFIED_WORKBOOK,Table 1 p.22; Table 2 p.23,source-reported,High,VERIFIED,COMPUTATIONAL_MD
P017,10.1016/j.ijplas.2019.102649,P017_MAT_AL1p5,P017_SIM_A15_700K_SR1E10,,P017_SIM_A15_700K_SR1E10,TRIP_induced_TWIP_Status,Observed,as reported,VERIFIED_WORKBOOK,Table 1 p.22; Table 2 p.23,source-reported,High,VERIFIED,COMPUTATIONAL_MD
P017,10.1016/j.ijplas.2019.102649,P017_MAT_AL1p5,P017_SIM_A15_700K_SR1E10,,P017_SIM_A15_700K_SR1E10,TRIP_induced_TWIP_Timing,Between SIS-PSR and UTS-PSR,as reported,VERIFIED_WORKBOOK,Table 1 p.22; Table 2 p.23,source-reported,High,VERIFIED,COMPUTATIONAL_MD
P017,10.1016/j.ijplas.2019.102649,P017_MAT_AL1p5,P017_SIM_A15_700K_SR1E10,,P017_SIM_A15_700K_SR1E10,Experimental_Target_Eligibility,NOT_ELIGIBLE_FOR_EXPERIMENTAL_TARGET_POOL,as reported,VERIFIED_WORKBOOK,Table 1 p.22; Table 2 p.23,source-reported,High,VERIFIED,COMPUTATIONAL_MD
P017,10.1016/j.ijplas.2019.102649,P017_MAT_AL1p5,P017_SIM_A15_700K_SR1E10,,P017_SIM_A15_700K_SR1E10,Mechanism_Scope,Authors-native TRIP/TWIP: reversible BCC↔FCC(HCP/SF) transformation and BCC twinning; not equivalent to the project's experimental FCC→HCP/TWIP target semantics.,as reported,VERIFIED_WORKBOOK,Table 1 p.22; Table 2 p.23,source-reported,High,VERIFIED,COMPUTATIONAL_MD
P017,10.1016/j.ijplas.2019.102649,P017_MAT_AL1p5,P017_SIM_A15_700K_SR1E10,,P017_SIM_A15_700K_SR1E10,Evidence_Location,Table 1 p.22; Table 2 p.23,as reported,VERIFIED_WORKBOOK,Table 1 p.22; Table 2 p.23,source-reported,High,VERIFIED,COMPUTATIONAL_MD
P017,10.1016/j.ijplas.2019.102649,P017_MAT_AL1p5,P017_SIM_A15_700K_SR1E10,,P017_SIM_A15_700K_SR1E10,Confidence,High,as reported,VERIFIED_WORKBOOK,Table 1 p.22; Table 2 p.23,source-reported,High,VERIFIED,COMPUTATIONAL_MD
P017,10.1016/j.ijplas.2019.102649,P017_MAT_AL1p5,P017_SIM_A15_700K_SR1E10,,P017_SIM_A15_700K_SR1E10,Notes,"SIS-PSR/UTS-PSR are MD stress-regime metrics, not experimental YS/UTS. Native mechanism labels remain computational-domain metadata.",as reported,VERIFIED_WORKBOOK,Table 1 p.22; Table 2 p.23,source-reported,High,VERIFIED,COMPUTATIONAL_MD
P017,10.1016/j.ijplas.2019.102649,P017_MAT_AL1p5,P017_SIM_A15_1000K_SR1E10,,P017_SIM_A15_1000K_SR1E10,Study_Series_ID,P017_SERIES01,as reported,VERIFIED_WORKBOOK,Table 1 p.22; Table 2 p.23,source-reported,High,VERIFIED,COMPUTATIONAL_MD
P017,10.1016/j.ijplas.2019.102649,P017_MAT_AL1p5,P017_SIM_A15_1000K_SR1E10,,P017_SIM_A15_1000K_SR1E10,Material_Parent_ID,P017_MAT_AL1p5,as reported,VERIFIED_WORKBOOK,Table 1 p.22; Table 2 p.23,source-reported,High,VERIFIED,COMPUTATIONAL_MD
P017,10.1016/j.ijplas.2019.102649,P017_MAT_AL1p5,P017_SIM_A15_1000K_SR1E10,,P017_SIM_A15_1000K_SR1E10,Computational_Condition_ID,P017_SIM_A15_1000K_SR1E10,as reported,VERIFIED_WORKBOOK,Table 1 p.22; Table 2 p.23,source-reported,High,VERIFIED,COMPUTATIONAL_MD
P017,10.1016/j.ijplas.2019.102649,P017_MAT_AL1p5,P017_SIM_A15_1000K_SR1E10,,P017_SIM_A15_1000K_SR1E10,Alloy_Label,Al1.5CrCoFeCuNi,as reported,VERIFIED_WORKBOOK,Table 1 p.22; Table 2 p.23,source-reported,High,VERIFIED,COMPUTATIONAL_MD
P017,10.1016/j.ijplas.2019.102649,P017_MAT_AL1p5,P017_SIM_A15_1000K_SR1E10,,P017_SIM_A15_1000K_SR1E10,Temperature_K,1000,as reported,VERIFIED_WORKBOOK,Table 1 p.22; Table 2 p.23,source-reported,High,VERIFIED,COMPUTATIONAL_MD
P017,10.1016/j.ijplas.2019.102649,P017_MAT_AL1p5,P017_SIM_A15_1000K_SR1E10,,P017_SIM_A15_1000K_SR1E10,Strain_Rate_s-1,10000000000,as reported,VERIFIED_WORKBOOK,Table 1 p.22; Table 2 p.23,source-reported,High,VERIFIED,COMPUTATIONAL_MD
P017,10.1016/j.ijplas.2019.102649,P017_MAT_AL1p5,P017_SIM_A15_1000K_SR1E10,,P017_SIM_A15_1000K_SR1E10,Max_Strain,0.4,as reported,VERIFIED_WORKBOOK,Table 1 p.22; Table 2 p.23,source-reported,High,VERIFIED,COMPUTATIONAL_MD
P017,10.1016/j.ijplas.2019.102649,P017_MAT_AL1p5,P017_SIM_A15_1000K_SR1E10,,P017_SIM_A15_1000K_SR1E10,Data_Origin,COMPUTATIONAL_MD,as reported,VERIFIED_WORKBOOK,Table 1 p.22; Table 2 p.23,source-reported,High,VERIFIED,COMPUTATIONAL_MD
P017,10.1016/j.ijplas.2019.102649,P017_MAT_AL1p5,P017_SIM_A15_1000K_SR1E10,,P017_SIM_A15_1000K_SR1E10,Observation_Role,COMPUTATIONAL_CONDITION,as reported,VERIFIED_WORKBOOK,Table 1 p.22; Table 2 p.23,source-reported,High,VERIFIED,COMPUTATIONAL_MD
P017,10.1016/j.ijplas.2019.102649,P017_MAT_AL1p5,P017_SIM_A15_1000K_SR1E10,,P017_SIM_A15_1000K_SR1E10,Independent_Computational_Condition,True,as reported,VERIFIED_WORKBOOK,Table 1 p.22; Table 2 p.23,source-reported,High,VERIFIED,COMPUTATIONAL_MD
P017,10.1016/j.ijplas.2019.102649,P017_MAT_AL1p5,P017_SIM_A15_1000K_SR1E10,,P017_SIM_A15_1000K_SR1E10,Independent_Experimental_ML_sample,False,as reported,VERIFIED_WORKBOOK,Table 1 p.22; Table 2 p.23,source-reported,High,VERIFIED,COMPUTATIONAL_MD
P017,10.1016/j.ijplas.2019.102649,P017_MAT_AL1p5,P017_SIM_A15_1000K_SR1E10,,P017_SIM_A15_1000K_SR1E10,Leakage_Group_Strict,P017_SERIES01,as reported,VERIFIED_WORKBOOK,Table 1 p.22; Table 2 p.23,source-reported,High,VERIFIED,COMPUTATIONAL_MD
P017,10.1016/j.ijplas.2019.102649,P017_MAT_AL1p5,P017_SIM_A15_1000K_SR1E10,,P017_SIM_A15_1000K_SR1E10,Leakage_Group_Material,P017_MAT_AL1p5,as reported,VERIFIED_WORKBOOK,Table 1 p.22; Table 2 p.23,source-reported,High,VERIFIED,COMPUTATIONAL_MD
P017,10.1016/j.ijplas.2019.102649,P017_MAT_AL1p5,P017_SIM_A15_1000K_SR1E10,,P017_SIM_A15_1000K_SR1E10,SIS_PSR_GPa,1.3,as reported,VERIFIED_WORKBOOK,Table 1 p.22; Table 2 p.23,source-reported,High,VERIFIED,COMPUTATIONAL_MD
P017,10.1016/j.ijplas.2019.102649,P017_MAT_AL1p5,P017_SIM_A15_1000K_SR1E10,,P017_SIM_A15_1000K_SR1E10,UTS_PSR_GPa,2.5,as reported,VERIFIED_WORKBOOK,Table 1 p.22; Table 2 p.23,source-reported,High,VERIFIED,COMPUTATIONAL_MD
P017,10.1016/j.ijplas.2019.102649,P017_MAT_AL1p5,P017_SIM_A15_1000K_SR1E10,,P017_SIM_A15_1000K_SR1E10,UTS_PSR_Status,DIRECT_TABLE_1,as reported,VERIFIED_WORKBOOK,Table 1 p.22; Table 2 p.23,source-reported,High,VERIFIED,COMPUTATIONAL_MD
P017,10.1016/j.ijplas.2019.102649,P017_MAT_AL1p5,P017_SIM_A15_1000K_SR1E10,,P017_SIM_A15_1000K_SR1E10,Paper_Native_TRIP,1,as reported,VERIFIED_WORKBOOK,Table 1 p.22; Table 2 p.23,source-reported,High,VERIFIED,COMPUTATIONAL_MD
P017,10.1016/j.ijplas.2019.102649,P017_MAT_AL1p5,P017_SIM_A15_1000K_SR1E10,,P017_SIM_A15_1000K_SR1E10,Paper_Native_TWIP,0,as reported,VERIFIED_WORKBOOK,Table 1 p.22; Table 2 p.23,source-reported,High,VERIFIED,COMPUTATIONAL_MD
P017,10.1016/j.ijplas.2019.102649,P017_MAT_AL1p5,P017_SIM_A15_1000K_SR1E10,,P017_SIM_A15_1000K_SR1E10,TWIP_induced_TRIP_Status,Not observed,as reported,VERIFIED_WORKBOOK,Table 1 p.22; Table 2 p.23,source-reported,High,VERIFIED,COMPUTATIONAL_MD
P017,10.1016/j.ijplas.2019.102649,P017_MAT_AL1p5,P017_SIM_A15_1000K_SR1E10,,P017_SIM_A15_1000K_SR1E10,TRIP_induced_TWIP_Status,Not observed,as reported,VERIFIED_WORKBOOK,Table 1 p.22; Table 2 p.23,source-reported,High,VERIFIED,COMPUTATIONAL_MD
P017,10.1016/j.ijplas.2019.102649,P017_MAT_AL1p5,P017_SIM_A15_1000K_SR1E10,,P017_SIM_A15_1000K_SR1E10,Experimental_Target_Eligibility,NOT_ELIGIBLE_FOR_EXPERIMENTAL_TARGET_POOL,as reported,VERIFIED_WORKBOOK,Table 1 p.22; Table 2 p.23,source-reported,High,VERIFIED,COMPUTATIONAL_MD
P017,10.1016/j.ijplas.2019.102649,P017_MAT_AL1p5,P017_SIM_A15_1000K_SR1E10,,P017_SIM_A15_1000K_SR1E10,Mechanism_Scope,Authors-native TRIP/TWIP: reversible BCC↔FCC(HCP/SF) transformation and BCC twinning; not equivalent to the project's experimental FCC→HCP/TWIP target semantics.,as reported,VERIFIED_WORKBOOK,Table 1 p.22; Table 2 p.23,source-reported,High,VERIFIED,COMPUTATIONAL_MD
P017,10.1016/j.ijplas.2019.102649,P017_MAT_AL1p5,P017_SIM_A15_1000K_SR1E10,,P017_SIM_A15_1000K_SR1E10,Evidence_Location,Table 1 p.22; Table 2 p.23,as reported,VERIFIED_WORKBOOK,Table 1 p.22; Table 2 p.23,source-reported,High,VERIFIED,COMPUTATIONAL_MD
P017,10.1016/j.ijplas.2019.102649,P017_MAT_AL1p5,P017_SIM_A15_1000K_SR1E10,,P017_SIM_A15_1000K_SR1E10,Confidence,High,as reported,VERIFIED_WORKBOOK,Table 1 p.22; Table 2 p.23,source-reported,High,VERIFIED,COMPUTATIONAL_MD
P017,10.1016/j.ijplas.2019.102649,P017_MAT_AL1p5,P017_SIM_A15_1000K_SR1E10,,P017_SIM_A15_1000K_SR1E10,Notes,"SIS-PSR/UTS-PSR are MD stress-regime metrics, not experimental YS/UTS. Native mechanism labels remain computational-domain metadata.",as reported,VERIFIED_WORKBOOK,Table 1 p.22; Table 2 p.23,source-reported,High,VERIFIED,COMPUTATIONAL_MD
P017,10.1016/j.ijplas.2019.102649,P017_MAT_AL1p5,P017_SIM_A15_1300K_SR1E10,,P017_SIM_A15_1300K_SR1E10,Study_Series_ID,P017_SERIES01,as reported,VERIFIED_WORKBOOK,Table 1 p.22; Table 2 p.23,source-reported,High,VERIFIED,COMPUTATIONAL_MD
P017,10.1016/j.ijplas.2019.102649,P017_MAT_AL1p5,P017_SIM_A15_1300K_SR1E10,,P017_SIM_A15_1300K_SR1E10,Material_Parent_ID,P017_MAT_AL1p5,as reported,VERIFIED_WORKBOOK,Table 1 p.22; Table 2 p.23,source-reported,High,VERIFIED,COMPUTATIONAL_MD
P017,10.1016/j.ijplas.2019.102649,P017_MAT_AL1p5,P017_SIM_A15_1300K_SR1E10,,P017_SIM_A15_1300K_SR1E10,Computational_Condition_ID,P017_SIM_A15_1300K_SR1E10,as reported,VERIFIED_WORKBOOK,Table 1 p.22; Table 2 p.23,source-reported,High,VERIFIED,COMPUTATIONAL_MD
P017,10.1016/j.ijplas.2019.102649,P017_MAT_AL1p5,P017_SIM_A15_1300K_SR1E10,,P017_SIM_A15_1300K_SR1E10,Alloy_Label,Al1.5CrCoFeCuNi,as reported,VERIFIED_WORKBOOK,Table 1 p.22; Table 2 p.23,source-reported,High,VERIFIED,COMPUTATIONAL_MD
P017,10.1016/j.ijplas.2019.102649,P017_MAT_AL1p5,P017_SIM_A15_1300K_SR1E10,,P017_SIM_A15_1300K_SR1E10,Temperature_K,1300,as reported,VERIFIED_WORKBOOK,Table 1 p.22; Table 2 p.23,source-reported,High,VERIFIED,COMPUTATIONAL_MD
P017,10.1016/j.ijplas.2019.102649,P017_MAT_AL1p5,P017_SIM_A15_1300K_SR1E10,,P017_SIM_A15_1300K_SR1E10,Strain_Rate_s-1,10000000000,as reported,VERIFIED_WORKBOOK,Table 1 p.22; Table 2 p.23,source-reported,High,VERIFIED,COMPUTATIONAL_MD
P017,10.1016/j.ijplas.2019.102649,P017_MAT_AL1p5,P017_SIM_A15_1300K_SR1E10,,P017_SIM_A15_1300K_SR1E10,Max_Strain,0.4,as reported,VERIFIED_WORKBOOK,Table 1 p.22; Table 2 p.23,source-reported,High,VERIFIED,COMPUTATIONAL_MD
P017,10.1016/j.ijplas.2019.102649,P017_MAT_AL1p5,P017_SIM_A15_1300K_SR1E10,,P017_SIM_A15_1300K_SR1E10,Data_Origin,COMPUTATIONAL_MD,as reported,VERIFIED_WORKBOOK,Table 1 p.22; Table 2 p.23,source-reported,High,VERIFIED,COMPUTATIONAL_MD
P017,10.1016/j.ijplas.2019.102649,P017_MAT_AL1p5,P017_SIM_A15_1300K_SR1E10,,P017_SIM_A15_1300K_SR1E10,Observation_Role,COMPUTATIONAL_CONDITION,as reported,VERIFIED_WORKBOOK,Table 1 p.22; Table 2 p.23,source-reported,High,VERIFIED,COMPUTATIONAL_MD
P017,10.1016/j.ijplas.2019.102649,P017_MAT_AL1p5,P017_SIM_A15_1300K_SR1E10,,P017_SIM_A15_1300K_SR1E10,Independent_Computational_Condition,True,as reported,VERIFIED_WORKBOOK,Table 1 p.22; Table 2 p.23,source-reported,High,VERIFIED,COMPUTATIONAL_MD
P017,10.1016/j.ijplas.2019.102649,P017_MAT_AL1p5,P017_SIM_A15_1300K_SR1E10,,P017_SIM_A15_1300K_SR1E10,Independent_Experimental_ML_sample,False,as reported,VERIFIED_WORKBOOK,Table 1 p.22; Table 2 p.23,source-reported,High,VERIFIED,COMPUTATIONAL_MD
P017,10.1016/j.ijplas.2019.102649,P017_MAT_AL1p5,P017_SIM_A15_1300K_SR1E10,,P017_SIM_A15_1300K_SR1E10,Leakage_Group_Strict,P017_SERIES01,as reported,VERIFIED_WORKBOOK,Table 1 p.22; Table 2 p.23,source-reported,High,VERIFIED,COMPUTATIONAL_MD
P017,10.1016/j.ijplas.2019.102649,P017_MAT_AL1p5,P017_SIM_A15_1300K_SR1E10,,P017_SIM_A15_1300K_SR1E10,Leakage_Group_Material,P017_MAT_AL1p5,as reported,VERIFIED_WORKBOOK,Table 1 p.22; Table 2 p.23,source-reported,High,VERIFIED,COMPUTATIONAL_MD
P017,10.1016/j.ijplas.2019.102649,P017_MAT_AL1p5,P017_SIM_A15_1300K_SR1E10,,P017_SIM_A15_1300K_SR1E10,SIS_PSR_GPa,1.1,as reported,VERIFIED_WORKBOOK,Table 1 p.22; Table 2 p.23,source-reported,High,VERIFIED,COMPUTATIONAL_MD
P017,10.1016/j.ijplas.2019.102649,P017_MAT_AL1p5,P017_SIM_A15_1300K_SR1E10,,P017_SIM_A15_1300K_SR1E10,UTS_PSR_GPa,1.4,as reported,VERIFIED_WORKBOOK,Table 1 p.22; Table 2 p.23,source-reported,High,VERIFIED,COMPUTATIONAL_MD
P017,10.1016/j.ijplas.2019.102649,P017_MAT_AL1p5,P017_SIM_A15_1300K_SR1E10,,P017_SIM_A15_1300K_SR1E10,UTS_PSR_Status,DIRECT_TABLE_1,as reported,VERIFIED_WORKBOOK,Table 1 p.22; Table 2 p.23,source-reported,High,VERIFIED,COMPUTATIONAL_MD
P017,10.1016/j.ijplas.2019.102649,P017_MAT_AL1p5,P017_SIM_A15_1300K_SR1E10,,P017_SIM_A15_1300K_SR1E10,Paper_Native_TRIP,1,as reported,VERIFIED_WORKBOOK,Table 1 p.22; Table 2 p.23,source-reported,High,VERIFIED,COMPUTATIONAL_MD
P017,10.1016/j.ijplas.2019.102649,P017_MAT_AL1p5,P017_SIM_A15_1300K_SR1E10,,P017_SIM_A15_1300K_SR1E10,Paper_Native_TWIP,0,as reported,VERIFIED_WORKBOOK,Table 1 p.22; Table 2 p.23,source-reported,High,VERIFIED,COMPUTATIONAL_MD
P017,10.1016/j.ijplas.2019.102649,P017_MAT_AL1p5,P017_SIM_A15_1300K_SR1E10,,P017_SIM_A15_1300K_SR1E10,TWIP_induced_TRIP_Status,Not observed,as reported,VERIFIED_WORKBOOK,Table 1 p.22; Table 2 p.23,source-reported,High,VERIFIED,COMPUTATIONAL_MD
P017,10.1016/j.ijplas.2019.102649,P017_MAT_AL1p5,P017_SIM_A15_1300K_SR1E10,,P017_SIM_A15_1300K_SR1E10,TRIP_induced_TWIP_Status,Not observed,as reported,VERIFIED_WORKBOOK,Table 1 p.22; Table 2 p.23,source-reported,High,VERIFIED,COMPUTATIONAL_MD
P017,10.1016/j.ijplas.2019.102649,P017_MAT_AL1p5,P017_SIM_A15_1300K_SR1E10,,P017_SIM_A15_1300K_SR1E10,Experimental_Target_Eligibility,NOT_ELIGIBLE_FOR_EXPERIMENTAL_TARGET_POOL,as reported,VERIFIED_WORKBOOK,Table 1 p.22; Table 2 p.23,source-reported,High,VERIFIED,COMPUTATIONAL_MD
P017,10.1016/j.ijplas.2019.102649,P017_MAT_AL1p5,P017_SIM_A15_1300K_SR1E10,,P017_SIM_A15_1300K_SR1E10,Mechanism_Scope,Authors-native TRIP/TWIP: reversible BCC↔FCC(HCP/SF) transformation and BCC twinning; not equivalent to the project's experimental FCC→HCP/TWIP target semantics.,as reported,VERIFIED_WORKBOOK,Table 1 p.22; Table 2 p.23,source-reported,High,VERIFIED,COMPUTATIONAL_MD
P017,10.1016/j.ijplas.2019.102649,P017_MAT_AL1p5,P017_SIM_A15_1300K_SR1E10,,P017_SIM_A15_1300K_SR1E10,Evidence_Location,Table 1 p.22; Table 2 p.23,as reported,VERIFIED_WORKBOOK,Table 1 p.22; Table 2 p.23,source-reported,High,VERIFIED,COMPUTATIONAL_MD
P017,10.1016/j.ijplas.2019.102649,P017_MAT_AL1p5,P017_SIM_A15_1300K_SR1E10,,P017_SIM_A15_1300K_SR1E10,Confidence,High,as reported,VERIFIED_WORKBOOK,Table 1 p.22; Table 2 p.23,source-reported,High,VERIFIED,COMPUTATIONAL_MD
P017,10.1016/j.ijplas.2019.102649,P017_MAT_AL1p5,P017_SIM_A15_1300K_SR1E10,,P017_SIM_A15_1300K_SR1E10,Notes,"SIS-PSR/UTS-PSR are MD stress-regime metrics, not experimental YS/UTS. Native mechanism labels remain computational-domain metadata.",as reported,VERIFIED_WORKBOOK,Table 1 p.22; Table 2 p.23,source-reported,High,VERIFIED,COMPUTATIONAL_MD
P017,10.1016/j.ijplas.2019.102649,P017_MAT_AL1p5,P017_SIM_A15_300K_SR1E9,,P017_SIM_A15_300K_SR1E9,Study_Series_ID,P017_SERIES01,as reported,VERIFIED_WORKBOOK,Table 1 p.22; Table 2 p.23,source-reported,High,VERIFIED,COMPUTATIONAL_MD
P017,10.1016/j.ijplas.2019.102649,P017_MAT_AL1p5,P017_SIM_A15_300K_SR1E9,,P017_SIM_A15_300K_SR1E9,Material_Parent_ID,P017_MAT_AL1p5,as reported,VERIFIED_WORKBOOK,Table 1 p.22; Table 2 p.23,source-reported,High,VERIFIED,COMPUTATIONAL_MD
P017,10.1016/j.ijplas.2019.102649,P017_MAT_AL1p5,P017_SIM_A15_300K_SR1E9,,P017_SIM_A15_300K_SR1E9,Computational_Condition_ID,P017_SIM_A15_300K_SR1E9,as reported,VERIFIED_WORKBOOK,Table 1 p.22; Table 2 p.23,source-reported,High,VERIFIED,COMPUTATIONAL_MD
P017,10.1016/j.ijplas.2019.102649,P017_MAT_AL1p5,P017_SIM_A15_300K_SR1E9,,P017_SIM_A15_300K_SR1E9,Alloy_Label,Al1.5CrCoFeCuNi,as reported,VERIFIED_WORKBOOK,Table 1 p.22; Table 2 p.23,source-reported,High,VERIFIED,COMPUTATIONAL_MD
P017,10.1016/j.ijplas.2019.102649,P017_MAT_AL1p5,P017_SIM_A15_300K_SR1E9,,P017_SIM_A15_300K_SR1E9,Temperature_K,300,as reported,VERIFIED_WORKBOOK,Table 1 p.22; Table 2 p.23,source-reported,High,VERIFIED,COMPUTATIONAL_MD
P017,10.1016/j.ijplas.2019.102649,P017_MAT_AL1p5,P017_SIM_A15_300K_SR1E9,,P017_SIM_A15_300K_SR1E9,Strain_Rate_s-1,1000000000,as reported,VERIFIED_WORKBOOK,Table 1 p.22; Table 2 p.23,source-reported,High,VERIFIED,COMPUTATIONAL_MD
P017,10.1016/j.ijplas.2019.102649,P017_MAT_AL1p5,P017_SIM_A15_300K_SR1E9,,P017_SIM_A15_300K_SR1E9,Max_Strain,0.4,as reported,VERIFIED_WORKBOOK,Table 1 p.22; Table 2 p.23,source-reported,High,VERIFIED,COMPUTATIONAL_MD
P017,10.1016/j.ijplas.2019.102649,P017_MAT_AL1p5,P017_SIM_A15_300K_SR1E9,,P017_SIM_A15_300K_SR1E9,Data_Origin,COMPUTATIONAL_MD,as reported,VERIFIED_WORKBOOK,Table 1 p.22; Table 2 p.23,source-reported,High,VERIFIED,COMPUTATIONAL_MD
P017,10.1016/j.ijplas.2019.102649,P017_MAT_AL1p5,P017_SIM_A15_300K_SR1E9,,P017_SIM_A15_300K_SR1E9,Observation_Role,COMPUTATIONAL_CONDITION,as reported,VERIFIED_WORKBOOK,Table 1 p.22; Table 2 p.23,source-reported,High,VERIFIED,COMPUTATIONAL_MD
P017,10.1016/j.ijplas.2019.102649,P017_MAT_AL1p5,P017_SIM_A15_300K_SR1E9,,P017_SIM_A15_300K_SR1E9,Independent_Computational_Condition,True,as reported,VERIFIED_WORKBOOK,Table 1 p.22; Table 2 p.23,source-reported,High,VERIFIED,COMPUTATIONAL_MD
P017,10.1016/j.ijplas.2019.102649,P017_MAT_AL1p5,P017_SIM_A15_300K_SR1E9,,P017_SIM_A15_300K_SR1E9,Independent_Experimental_ML_sample,False,as reported,VERIFIED_WORKBOOK,Table 1 p.22; Table 2 p.23,source-reported,High,VERIFIED,COMPUTATIONAL_MD
P017,10.1016/j.ijplas.2019.102649,P017_MAT_AL1p5,P017_SIM_A15_300K_SR1E9,,P017_SIM_A15_300K_SR1E9,Leakage_Group_Strict,P017_SERIES01,as reported,VERIFIED_WORKBOOK,Table 1 p.22; Table 2 p.23,source-reported,High,VERIFIED,COMPUTATIONAL_MD
P017,10.1016/j.ijplas.2019.102649,P017_MAT_AL1p5,P017_SIM_A15_300K_SR1E9,,P017_SIM_A15_300K_SR1E9,Leakage_Group_Material,P017_MAT_AL1p5,as reported,VERIFIED_WORKBOOK,Table 1 p.22; Table 2 p.23,source-reported,High,VERIFIED,COMPUTATIONAL_MD
P017,10.1016/j.ijplas.2019.102649,P017_MAT_AL1p5,P017_SIM_A15_300K_SR1E9,,P017_SIM_A15_300K_SR1E9,SIS_PSR_GPa,2,as reported,VERIFIED_WORKBOOK,Table 1 p.22; Table 2 p.23,source-reported,High,VERIFIED,COMPUTATIONAL_MD
P017,10.1016/j.ijplas.2019.102649,P017_MAT_AL1p5,P017_SIM_A15_300K_SR1E9,,P017_SIM_A15_300K_SR1E9,UTS_PSR_GPa,2.6,as reported,VERIFIED_WORKBOOK,Table 1 p.22; Table 2 p.23,source-reported,High,VERIFIED,COMPUTATIONAL_MD
P017,10.1016/j.ijplas.2019.102649,P017_MAT_AL1p5,P017_SIM_A15_300K_SR1E9,,P017_SIM_A15_300K_SR1E9,UTS_PSR_Status,DIRECT_TABLE_1,as reported,VERIFIED_WORKBOOK,Table 1 p.22; Table 2 p.23,source-reported,High,VERIFIED,COMPUTATIONAL_MD
P017,10.1016/j.ijplas.2019.102649,P017_MAT_AL1p5,P017_SIM_A15_300K_SR1E9,,P017_SIM_A15_300K_SR1E9,Paper_Native_TRIP,1,as reported,VERIFIED_WORKBOOK,Table 1 p.22; Table 2 p.23,source-reported,High,VERIFIED,COMPUTATIONAL_MD
P017,10.1016/j.ijplas.2019.102649,P017_MAT_AL1p5,P017_SIM_A15_300K_SR1E9,,P017_SIM_A15_300K_SR1E9,Paper_Native_TWIP,1,as reported,VERIFIED_WORKBOOK,Table 1 p.22; Table 2 p.23,source-reported,High,VERIFIED,COMPUTATIONAL_MD
P017,10.1016/j.ijplas.2019.102649,P017_MAT_AL1p5,P017_SIM_A15_300K_SR1E9,,P017_SIM_A15_300K_SR1E9,TWIP_induced_TRIP_Status,Observed,as reported,VERIFIED_WORKBOOK,Table 1 p.22; Table 2 p.23,source-reported,High,VERIFIED,COMPUTATIONAL_MD
P017,10.1016/j.ijplas.2019.102649,P017_MAT_AL1p5,P017_SIM_A15_300K_SR1E9,,P017_SIM_A15_300K_SR1E9,TWIP_induced_TRIP_Timing,Between SIS-PSR and UTS-PSR,as reported,VERIFIED_WORKBOOK,Table 1 p.22; Table 2 p.23,source-reported,High,VERIFIED,COMPUTATIONAL_MD
P017,10.1016/j.ijplas.2019.102649,P017_MAT_AL1p5,P017_SIM_A15_300K_SR1E9,,P017_SIM_A15_300K_SR1E9,TRIP_induced_TWIP_Status,Observed,as reported,VERIFIED_WORKBOOK,Table 1 p.22; Table 2 p.23,source-reported,High,VERIFIED,COMPUTATIONAL_MD
P017,10.1016/j.ijplas.2019.102649,P017_MAT_AL1p5,P017_SIM_A15_300K_SR1E9,,P017_SIM_A15_300K_SR1E9,TRIP_induced_TWIP_Timing,Between SIS-PSR and UTS-PSR,as reported,VERIFIED_WORKBOOK,Table 1 p.22; Table 2 p.23,source-reported,High,VERIFIED,COMPUTATIONAL_MD
P017,10.1016/j.ijplas.2019.102649,P017_MAT_AL1p5,P017_SIM_A15_300K_SR1E9,,P017_SIM_A15_300K_SR1E9,Experimental_Target_Eligibility,NOT_ELIGIBLE_FOR_EXPERIMENTAL_TARGET_POOL,as reported,VERIFIED_WORKBOOK,Table 1 p.22; Table 2 p.23,source-reported,High,VERIFIED,COMPUTATIONAL_MD
P017,10.1016/j.ijplas.2019.102649,P017_MAT_AL1p5,P017_SIM_A15_300K_SR1E9,,P017_SIM_A15_300K_SR1E9,Mechanism_Scope,Authors-native TRIP/TWIP: reversible BCC↔FCC(HCP/SF) transformation and BCC twinning; not equivalent to the project's experimental FCC→HCP/TWIP target semantics.,as reported,VERIFIED_WORKBOOK,Table 1 p.22; Table 2 p.23,source-reported,High,VERIFIED,COMPUTATIONAL_MD
P017,10.1016/j.ijplas.2019.102649,P017_MAT_AL1p5,P017_SIM_A15_300K_SR1E9,,P017_SIM_A15_300K_SR1E9,Evidence_Location,Table 1 p.22; Table 2 p.23,as reported,VERIFIED_WORKBOOK,Table 1 p.22; Table 2 p.23,source-reported,High,VERIFIED,COMPUTATIONAL_MD
P017,10.1016/j.ijplas.2019.102649,P017_MAT_AL1p5,P017_SIM_A15_300K_SR1E9,,P017_SIM_A15_300K_SR1E9,Confidence,High,as reported,VERIFIED_WORKBOOK,Table 1 p.22; Table 2 p.23,source-reported,High,VERIFIED,COMPUTATIONAL_MD
P017,10.1016/j.ijplas.2019.102649,P017_MAT_AL1p5,P017_SIM_A15_300K_SR1E9,,P017_SIM_A15_300K_SR1E9,Notes,"SIS-PSR/UTS-PSR are MD stress-regime metrics, not experimental YS/UTS. Native mechanism labels remain computational-domain metadata.",as reported,VERIFIED_WORKBOOK,Table 1 p.22; Table 2 p.23,source-reported,High,VERIFIED,COMPUTATIONAL_MD
P017,10.1016/j.ijplas.2019.102649,P017_MAT_AL1p5,P017_SIM_A15_300K_SR1E8,,P017_SIM_A15_300K_SR1E8,Study_Series_ID,P017_SERIES01,as reported,VERIFIED_WORKBOOK,Table 1 p.22; Table 2 p.23,source-reported,High,VERIFIED,COMPUTATIONAL_MD
P017,10.1016/j.ijplas.2019.102649,P017_MAT_AL1p5,P017_SIM_A15_300K_SR1E8,,P017_SIM_A15_300K_SR1E8,Material_Parent_ID,P017_MAT_AL1p5,as reported,VERIFIED_WORKBOOK,Table 1 p.22; Table 2 p.23,source-reported,High,VERIFIED,COMPUTATIONAL_MD
P017,10.1016/j.ijplas.2019.102649,P017_MAT_AL1p5,P017_SIM_A15_300K_SR1E8,,P017_SIM_A15_300K_SR1E8,Computational_Condition_ID,P017_SIM_A15_300K_SR1E8,as reported,VERIFIED_WORKBOOK,Table 1 p.22; Table 2 p.23,source-reported,High,VERIFIED,COMPUTATIONAL_MD
P017,10.1016/j.ijplas.2019.102649,P017_MAT_AL1p5,P017_SIM_A15_300K_SR1E8,,P017_SIM_A15_300K_SR1E8,Alloy_Label,Al1.5CrCoFeCuNi,as reported,VERIFIED_WORKBOOK,Table 1 p.22; Table 2 p.23,source-reported,High,VERIFIED,COMPUTATIONAL_MD
P017,10.1016/j.ijplas.2019.102649,P017_MAT_AL1p5,P017_SIM_A15_300K_SR1E8,,P017_SIM_A15_300K_SR1E8,Temperature_K,300,as reported,VERIFIED_WORKBOOK,Table 1 p.22; Table 2 p.23,source-reported,High,VERIFIED,COMPUTATIONAL_MD
P017,10.1016/j.ijplas.2019.102649,P017_MAT_AL1p5,P017_SIM_A15_300K_SR1E8,,P017_SIM_A15_300K_SR1E8,Strain_Rate_s-1,100000000,as reported,VERIFIED_WORKBOOK,Table 1 p.22; Table 2 p.23,source-reported,High,VERIFIED,COMPUTATIONAL_MD
P017,10.1016/j.ijplas.2019.102649,P017_MAT_AL1p5,P017_SIM_A15_300K_SR1E8,,P017_SIM_A15_300K_SR1E8,Max_Strain,0.4,as reported,VERIFIED_WORKBOOK,Table 1 p.22; Table 2 p.23,source-reported,High,VERIFIED,COMPUTATIONAL_MD
P017,10.1016/j.ijplas.2019.102649,P017_MAT_AL1p5,P017_SIM_A15_300K_SR1E8,,P017_SIM_A15_300K_SR1E8,Data_Origin,COMPUTATIONAL_MD,as reported,VERIFIED_WORKBOOK,Table 1 p.22; Table 2 p.23,source-reported,High,VERIFIED,COMPUTATIONAL_MD
P017,10.1016/j.ijplas.2019.102649,P017_MAT_AL1p5,P017_SIM_A15_300K_SR1E8,,P017_SIM_A15_300K_SR1E8,Observation_Role,COMPUTATIONAL_CONDITION,as reported,VERIFIED_WORKBOOK,Table 1 p.22; Table 2 p.23,source-reported,High,VERIFIED,COMPUTATIONAL_MD
P017,10.1016/j.ijplas.2019.102649,P017_MAT_AL1p5,P017_SIM_A15_300K_SR1E8,,P017_SIM_A15_300K_SR1E8,Independent_Computational_Condition,True,as reported,VERIFIED_WORKBOOK,Table 1 p.22; Table 2 p.23,source-reported,High,VERIFIED,COMPUTATIONAL_MD
P017,10.1016/j.ijplas.2019.102649,P017_MAT_AL1p5,P017_SIM_A15_300K_SR1E8,,P017_SIM_A15_300K_SR1E8,Independent_Experimental_ML_sample,False,as reported,VERIFIED_WORKBOOK,Table 1 p.22; Table 2 p.23,source-reported,High,VERIFIED,COMPUTATIONAL_MD
P017,10.1016/j.ijplas.2019.102649,P017_MAT_AL1p5,P017_SIM_A15_300K_SR1E8,,P017_SIM_A15_300K_SR1E8,Leakage_Group_Strict,P017_SERIES01,as reported,VERIFIED_WORKBOOK,Table 1 p.22; Table 2 p.23,source-reported,High,VERIFIED,COMPUTATIONAL_MD
P017,10.1016/j.ijplas.2019.102649,P017_MAT_AL1p5,P017_SIM_A15_300K_SR1E8,,P017_SIM_A15_300K_SR1E8,Leakage_Group_Material,P017_MAT_AL1p5,as reported,VERIFIED_WORKBOOK,Table 1 p.22; Table 2 p.23,source-reported,High,VERIFIED,COMPUTATIONAL_MD
P017,10.1016/j.ijplas.2019.102649,P017_MAT_AL1p5,P017_SIM_A15_300K_SR1E8,,P017_SIM_A15_300K_SR1E8,SIS_PSR_GPa,2,as reported,VERIFIED_WORKBOOK,Table 1 p.22; Table 2 p.23,source-reported,High,VERIFIED,COMPUTATIONAL_MD
P017,10.1016/j.ijplas.2019.102649,P017_MAT_AL1p5,P017_SIM_A15_300K_SR1E8,,P017_SIM_A15_300K_SR1E8,UTS_PSR_GPa,3,as reported,VERIFIED_WORKBOOK,Table 1 p.22; Table 2 p.23,source-reported,High,VERIFIED,COMPUTATIONAL_MD
P017,10.1016/j.ijplas.2019.102649,P017_MAT_AL1p5,P017_SIM_A15_300K_SR1E8,,P017_SIM_A15_300K_SR1E8,UTS_PSR_Status,DIRECT_TABLE_1,as reported,VERIFIED_WORKBOOK,Table 1 p.22; Table 2 p.23,source-reported,High,VERIFIED,COMPUTATIONAL_MD
P017,10.1016/j.ijplas.2019.102649,P017_MAT_AL1p5,P017_SIM_A15_300K_SR1E8,,P017_SIM_A15_300K_SR1E8,Paper_Native_TRIP,1,as reported,VERIFIED_WORKBOOK,Table 1 p.22; Table 2 p.23,source-reported,High,VERIFIED,COMPUTATIONAL_MD
P017,10.1016/j.ijplas.2019.102649,P017_MAT_AL1p5,P017_SIM_A15_300K_SR1E8,,P017_SIM_A15_300K_SR1E8,Paper_Native_TWIP,1,as reported,VERIFIED_WORKBOOK,Table 1 p.22; Table 2 p.23,source-reported,High,VERIFIED,COMPUTATIONAL_MD
P017,10.1016/j.ijplas.2019.102649,P017_MAT_AL1p5,P017_SIM_A15_300K_SR1E8,,P017_SIM_A15_300K_SR1E8,TWIP_induced_TRIP_Status,Not observed,as reported,VERIFIED_WORKBOOK,Table 1 p.22; Table 2 p.23,source-reported,High,VERIFIED,COMPUTATIONAL_MD
P017,10.1016/j.ijplas.2019.102649,P017_MAT_AL1p5,P017_SIM_A15_300K_SR1E8,,P017_SIM_A15_300K_SR1E8,TRIP_induced_TWIP_Status,Observed,as reported,VERIFIED_WORKBOOK,Table 1 p.22; Table 2 p.23,source-reported,High,VERIFIED,COMPUTATIONAL_MD
P017,10.1016/j.ijplas.2019.102649,P017_MAT_AL1p5,P017_SIM_A15_300K_SR1E8,,P017_SIM_A15_300K_SR1E8,TRIP_induced_TWIP_Timing,Before UTS-PSR,as reported,VERIFIED_WORKBOOK,Table 1 p.22; Table 2 p.23,source-reported,High,VERIFIED,COMPUTATIONAL_MD
P017,10.1016/j.ijplas.2019.102649,P017_MAT_AL1p5,P017_SIM_A15_300K_SR1E8,,P017_SIM_A15_300K_SR1E8,Experimental_Target_Eligibility,NOT_ELIGIBLE_FOR_EXPERIMENTAL_TARGET_POOL,as reported,VERIFIED_WORKBOOK,Table 1 p.22; Table 2 p.23,source-reported,High,VERIFIED,COMPUTATIONAL_MD
P017,10.1016/j.ijplas.2019.102649,P017_MAT_AL1p5,P017_SIM_A15_300K_SR1E8,,P017_SIM_A15_300K_SR1E8,Mechanism_Scope,Authors-native TRIP/TWIP: reversible BCC↔FCC(HCP/SF) transformation and BCC twinning; not equivalent to the project's experimental FCC→HCP/TWIP target semantics.,as reported,VERIFIED_WORKBOOK,Table 1 p.22; Table 2 p.23,source-reported,High,VERIFIED,COMPUTATIONAL_MD
P017,10.1016/j.ijplas.2019.102649,P017_MAT_AL1p5,P017_SIM_A15_300K_SR1E8,,P017_SIM_A15_300K_SR1E8,Evidence_Location,Table 1 p.22; Table 2 p.23,as reported,VERIFIED_WORKBOOK,Table 1 p.22; Table 2 p.23,source-reported,High,VERIFIED,COMPUTATIONAL_MD
P017,10.1016/j.ijplas.2019.102649,P017_MAT_AL1p5,P017_SIM_A15_300K_SR1E8,,P017_SIM_A15_300K_SR1E8,Confidence,High,as reported,VERIFIED_WORKBOOK,Table 1 p.22; Table 2 p.23,source-reported,High,VERIFIED,COMPUTATIONAL_MD
P017,10.1016/j.ijplas.2019.102649,P017_MAT_AL1p5,P017_SIM_A15_300K_SR1E8,,P017_SIM_A15_300K_SR1E8,Notes,"SIS-PSR/UTS-PSR are MD stress-regime metrics, not experimental YS/UTS. Native mechanism labels remain computational-domain metadata.",as reported,VERIFIED_WORKBOOK,Table 1 p.22; Table 2 p.23,source-reported,High,VERIFIED,COMPUTATIONAL_MD
P017,10.1016/j.ijplas.2019.102649,P017_MAT_AL0p5,,,P017_SERIES01,Material_Parent_ID,P017_MAT_AL0p5,as reported,VERIFIED_WORKBOOK,Sec.2 p.3; Sec.3.1 pp.4-5; Fig.3a,0 K EAM GSFE,High,VERIFIED,COMPUTATIONAL_MD
P017,10.1016/j.ijplas.2019.102649,P017_MAT_AL0p5,,,P017_SERIES01,Alloy_Label,Al0.5CrCoFeCuNi,as reported,VERIFIED_WORKBOOK,Sec.2 p.3; Sec.3.1 pp.4-5; Fig.3a,0 K EAM GSFE,High,VERIFIED,COMPUTATIONAL_MD
P017,10.1016/j.ijplas.2019.102649,P017_MAT_AL0p5,,,P017_SERIES01,Crystal_Structure,FCC,as reported,VERIFIED_WORKBOOK,Sec.2 p.3; Sec.3.1 pp.4-5; Fig.3a,0 K EAM GSFE,High,VERIFIED,COMPUTATIONAL_MD
P017,10.1016/j.ijplas.2019.102649,P017_MAT_AL0p5,,,P017_SERIES01,Temperature_K,0,as reported,VERIFIED_WORKBOOK,Sec.2 p.3; Sec.3.1 pp.4-5; Fig.3a,0 K EAM GSFE,High,VERIFIED,COMPUTATIONAL_MD
P017,10.1016/j.ijplas.2019.102649,P017_MAT_AL0p5,,,P017_SERIES01,Feature,Stable_SFE_gamma_sf,as reported,VERIFIED_WORKBOOK,Sec.2 p.3; Sec.3.1 pp.4-5; Fig.3a,0 K EAM GSFE,High,VERIFIED,COMPUTATIONAL_MD
P017,10.1016/j.ijplas.2019.102649,P017_MAT_AL0p5,,,P017_SERIES01,Value_mJ_m2,-14,as reported,VERIFIED_WORKBOOK,Sec.2 p.3; Sec.3.1 pp.4-5; Fig.3a,0 K EAM GSFE,High,VERIFIED,COMPUTATIONAL_MD
P017,10.1016/j.ijplas.2019.102649,P017_MAT_AL0p5,,,P017_SERIES01,Method,0 K EAM GSFE,as reported,VERIFIED_WORKBOOK,Sec.2 p.3; Sec.3.1 pp.4-5; Fig.3a,0 K EAM GSFE,High,VERIFIED,COMPUTATIONAL_MD
P017,10.1016/j.ijplas.2019.102649,P017_MAT_AL0p5,,,P017_SERIES01,Potential,Zhou/Anand EAM,as reported,VERIFIED_WORKBOOK,Sec.2 p.3; Sec.3.1 pp.4-5; Fig.3a,0 K EAM GSFE,High,VERIFIED,COMPUTATIONAL_MD
P017,10.1016/j.ijplas.2019.102649,P017_MAT_AL0p5,,,P017_SERIES01,GSFE_Model_Size,20 unit cells per crystallographic direction,as reported,VERIFIED_WORKBOOK,Sec.2 p.3; Sec.3.1 pp.4-5; Fig.3a,0 K EAM GSFE,High,VERIFIED,COMPUTATIONAL_MD
P017,10.1016/j.ijplas.2019.102649,P017_MAT_AL0p5,,,P017_SERIES01,GSFE_Orientation,"x[11-2], y[111], z[1-10]; shear a/6<112> on (111)",as reported,VERIFIED_WORKBOOK,Sec.2 p.3; Sec.3.1 pp.4-5; Fig.3a,0 K EAM GSFE,High,VERIFIED,COMPUTATIONAL_MD
P017,10.1016/j.ijplas.2019.102649,P017_MAT_AL0p5,,,P017_SERIES01,Boundary_Conditions,"Lateral PBC x,z",as reported,VERIFIED_WORKBOOK,Sec.2 p.3; Sec.3.1 pp.4-5; Fig.3a,0 K EAM GSFE,High,VERIFIED,COMPUTATIONAL_MD
P017,10.1016/j.ijplas.2019.102649,P017_MAT_AL0p5,,,P017_SERIES01,Value_Status,CURRENT_PAPER_MD_CALCULATED,as reported,VERIFIED_WORKBOOK,Sec.2 p.3; Sec.3.1 pp.4-5; Fig.3a,0 K EAM GSFE,High,VERIFIED,COMPUTATIONAL_MD
P017,10.1016/j.ijplas.2019.102649,P017_MAT_AL0p5,,,P017_SERIES01,Experimental_Equivalence,NOT_EXPERIMENTAL_SFE,as reported,VERIFIED_WORKBOOK,Sec.2 p.3; Sec.3.1 pp.4-5; Fig.3a,0 K EAM GSFE,High,VERIFIED,COMPUTATIONAL_MD
P017,10.1016/j.ijplas.2019.102649,P017_MAT_AL0p5,,,P017_SERIES01,Evidence_Location,Sec.2 p.3; Sec.3.1 pp.4-5; Fig.3a,as reported,VERIFIED_WORKBOOK,Sec.2 p.3; Sec.3.1 pp.4-5; Fig.3a,0 K EAM GSFE,High,VERIFIED,COMPUTATIONAL_MD
P017,10.1016/j.ijplas.2019.102649,P017_MAT_AL0p5,,,P017_SERIES01,Confidence,High,as reported,VERIFIED_WORKBOOK,Sec.2 p.3; Sec.3.1 pp.4-5; Fig.3a,0 K EAM GSFE,High,VERIFIED,COMPUTATIONAL_MD
P017,10.1016/j.ijplas.2019.102649,P017_MAT_AL0p5,,,P017_SERIES01,Interpretation_Rule,Structure-specific 0 K calculated SFE for an FCC model. The tensile starting structure after quench is BCC-dominant.,as reported,VERIFIED_WORKBOOK,Sec.2 p.3; Sec.3.1 pp.4-5; Fig.3a,0 K EAM GSFE,High,VERIFIED,COMPUTATIONAL_MD
P017,10.1016/j.ijplas.2019.102649,P017_MAT_AL1p5,,,P017_SERIES01,Material_Parent_ID,P017_MAT_AL1p5,as reported,VERIFIED_WORKBOOK,Sec.2 p.3; Sec.3.1 pp.4-5; Fig.3a,0 K EAM GSFE,High,VERIFIED,COMPUTATIONAL_MD
P017,10.1016/j.ijplas.2019.102649,P017_MAT_AL1p5,,,P017_SERIES01,Alloy_Label,Al1.5CrCoFeCuNi,as reported,VERIFIED_WORKBOOK,Sec.2 p.3; Sec.3.1 pp.4-5; Fig.3a,0 K EAM GSFE,High,VERIFIED,COMPUTATIONAL_MD
P017,10.1016/j.ijplas.2019.102649,P017_MAT_AL1p5,,,P017_SERIES01,Crystal_Structure,FCC,as reported,VERIFIED_WORKBOOK,Sec.2 p.3; Sec.3.1 pp.4-5; Fig.3a,0 K EAM GSFE,High,VERIFIED,COMPUTATIONAL_MD
P017,10.1016/j.ijplas.2019.102649,P017_MAT_AL1p5,,,P017_SERIES01,Temperature_K,0,as reported,VERIFIED_WORKBOOK,Sec.2 p.3; Sec.3.1 pp.4-5; Fig.3a,0 K EAM GSFE,High,VERIFIED,COMPUTATIONAL_MD
P017,10.1016/j.ijplas.2019.102649,P017_MAT_AL1p5,,,P017_SERIES01,Feature,Stable_SFE_gamma_sf,as reported,VERIFIED_WORKBOOK,Sec.2 p.3; Sec.3.1 pp.4-5; Fig.3a,0 K EAM GSFE,High,VERIFIED,COMPUTATIONAL_MD
P017,10.1016/j.ijplas.2019.102649,P017_MAT_AL1p5,,,P017_SERIES01,Value_mJ_m2,-27,as reported,VERIFIED_WORKBOOK,Sec.2 p.3; Sec.3.1 pp.4-5; Fig.3a,0 K EAM GSFE,High,VERIFIED,COMPUTATIONAL_MD
P017,10.1016/j.ijplas.2019.102649,P017_MAT_AL1p5,,,P017_SERIES01,Method,0 K EAM GSFE,as reported,VERIFIED_WORKBOOK,Sec.2 p.3; Sec.3.1 pp.4-5; Fig.3a,0 K EAM GSFE,High,VERIFIED,COMPUTATIONAL_MD
P017,10.1016/j.ijplas.2019.102649,P017_MAT_AL1p5,,,P017_SERIES01,Potential,Zhou/Anand EAM,as reported,VERIFIED_WORKBOOK,Sec.2 p.3; Sec.3.1 pp.4-5; Fig.3a,0 K EAM GSFE,High,VERIFIED,COMPUTATIONAL_MD
P017,10.1016/j.ijplas.2019.102649,P017_MAT_AL1p5,,,P017_SERIES01,GSFE_Model_Size,20 unit cells per crystallographic direction,as reported,VERIFIED_WORKBOOK,Sec.2 p.3; Sec.3.1 pp.4-5; Fig.3a,0 K EAM GSFE,High,VERIFIED,COMPUTATIONAL_MD
P017,10.1016/j.ijplas.2019.102649,P017_MAT_AL1p5,,,P017_SERIES01,GSFE_Orientation,"x[11-2], y[111], z[1-10]; shear a/6<112> on (111)",as reported,VERIFIED_WORKBOOK,Sec.2 p.3; Sec.3.1 pp.4-5; Fig.3a,0 K EAM GSFE,High,VERIFIED,COMPUTATIONAL_MD
P017,10.1016/j.ijplas.2019.102649,P017_MAT_AL1p5,,,P017_SERIES01,Boundary_Conditions,"Lateral PBC x,z",as reported,VERIFIED_WORKBOOK,Sec.2 p.3; Sec.3.1 pp.4-5; Fig.3a,0 K EAM GSFE,High,VERIFIED,COMPUTATIONAL_MD
P017,10.1016/j.ijplas.2019.102649,P017_MAT_AL1p5,,,P017_SERIES01,Value_Status,CURRENT_PAPER_MD_CALCULATED,as reported,VERIFIED_WORKBOOK,Sec.2 p.3; Sec.3.1 pp.4-5; Fig.3a,0 K EAM GSFE,High,VERIFIED,COMPUTATIONAL_MD
P017,10.1016/j.ijplas.2019.102649,P017_MAT_AL1p5,,,P017_SERIES01,Experimental_Equivalence,NOT_EXPERIMENTAL_SFE,as reported,VERIFIED_WORKBOOK,Sec.2 p.3; Sec.3.1 pp.4-5; Fig.3a,0 K EAM GSFE,High,VERIFIED,COMPUTATIONAL_MD
P017,10.1016/j.ijplas.2019.102649,P017_MAT_AL1p5,,,P017_SERIES01,Evidence_Location,Sec.2 p.3; Sec.3.1 pp.4-5; Fig.3a,as reported,VERIFIED_WORKBOOK,Sec.2 p.3; Sec.3.1 pp.4-5; Fig.3a,0 K EAM GSFE,High,VERIFIED,COMPUTATIONAL_MD
P017,10.1016/j.ijplas.2019.102649,P017_MAT_AL1p5,,,P017_SERIES01,Confidence,High,as reported,VERIFIED_WORKBOOK,Sec.2 p.3; Sec.3.1 pp.4-5; Fig.3a,0 K EAM GSFE,High,VERIFIED,COMPUTATIONAL_MD
P017,10.1016/j.ijplas.2019.102649,P017_MAT_AL1p5,,,P017_SERIES01,Interpretation_Rule,Negative SFE is used by authors to discuss SF/TRIP propensity; do not merge with finite-temperature experimental SFE.,as reported,VERIFIED_WORKBOOK,Sec.2 p.3; Sec.3.1 pp.4-5; Fig.3a,0 K EAM GSFE,High,VERIFIED,COMPUTATIONAL_MD
P017,10.1016/j.ijplas.2019.102649,P017_MAT_AL0p5,,,P017_SERIES01,Material_Parent_ID,P017_MAT_AL0p5,as reported,VERIFIED_WORKBOOK,Sec.2 p.3; Sec.3.1 p.5; Fig.3b,0 K EAM GSFE,High,VERIFIED,COMPUTATIONAL_MD
P017,10.1016/j.ijplas.2019.102649,P017_MAT_AL0p5,,,P017_SERIES01,Alloy_Label,Al0.5CrCoFeCuNi,as reported,VERIFIED_WORKBOOK,Sec.2 p.3; Sec.3.1 p.5; Fig.3b,0 K EAM GSFE,High,VERIFIED,COMPUTATIONAL_MD
P017,10.1016/j.ijplas.2019.102649,P017_MAT_AL0p5,,,P017_SERIES01,Crystal_Structure,BCC,as reported,VERIFIED_WORKBOOK,Sec.2 p.3; Sec.3.1 p.5; Fig.3b,0 K EAM GSFE,High,VERIFIED,COMPUTATIONAL_MD
P017,10.1016/j.ijplas.2019.102649,P017_MAT_AL0p5,,,P017_SERIES01,Temperature_K,0,as reported,VERIFIED_WORKBOOK,Sec.2 p.3; Sec.3.1 p.5; Fig.3b,0 K EAM GSFE,High,VERIFIED,COMPUTATIONAL_MD
P017,10.1016/j.ijplas.2019.102649,P017_MAT_AL0p5,,,P017_SERIES01,Feature,Unstable_SFE_gamma_usf,as reported,VERIFIED_WORKBOOK,Sec.2 p.3; Sec.3.1 p.5; Fig.3b,0 K EAM GSFE,High,VERIFIED,COMPUTATIONAL_MD
P017,10.1016/j.ijplas.2019.102649,P017_MAT_AL0p5,,,P017_SERIES01,Value_mJ_m2,610,as reported,VERIFIED_WORKBOOK,Sec.2 p.3; Sec.3.1 p.5; Fig.3b,0 K EAM GSFE,High,VERIFIED,COMPUTATIONAL_MD
P017,10.1016/j.ijplas.2019.102649,P017_MAT_AL0p5,,,P017_SERIES01,Method,0 K EAM GSFE,as reported,VERIFIED_WORKBOOK,Sec.2 p.3; Sec.3.1 p.5; Fig.3b,0 K EAM GSFE,High,VERIFIED,COMPUTATIONAL_MD
P017,10.1016/j.ijplas.2019.102649,P017_MAT_AL0p5,,,P017_SERIES01,Potential,Zhou/Anand EAM,as reported,VERIFIED_WORKBOOK,Sec.2 p.3; Sec.3.1 p.5; Fig.3b,0 K EAM GSFE,High,VERIFIED,COMPUTATIONAL_MD
P017,10.1016/j.ijplas.2019.102649,P017_MAT_AL0p5,,,P017_SERIES01,GSFE_Model_Size,20 unit cells per crystallographic direction,as reported,VERIFIED_WORKBOOK,Sec.2 p.3; Sec.3.1 p.5; Fig.3b,0 K EAM GSFE,High,VERIFIED,COMPUTATIONAL_MD
P017,10.1016/j.ijplas.2019.102649,P017_MAT_AL0p5,,,P017_SERIES01,GSFE_Orientation,"x[111], y[1-10], z[11-2]; shear a/2<111> on (110)-type plane",as reported,VERIFIED_WORKBOOK,Sec.2 p.3; Sec.3.1 p.5; Fig.3b,0 K EAM GSFE,High,VERIFIED,COMPUTATIONAL_MD
P017,10.1016/j.ijplas.2019.102649,P017_MAT_AL0p5,,,P017_SERIES01,Boundary_Conditions,"Lateral PBC x,z",as reported,VERIFIED_WORKBOOK,Sec.2 p.3; Sec.3.1 p.5; Fig.3b,0 K EAM GSFE,High,VERIFIED,COMPUTATIONAL_MD
P017,10.1016/j.ijplas.2019.102649,P017_MAT_AL0p5,,,P017_SERIES01,Value_Status,CURRENT_PAPER_MD_CALCULATED,as reported,VERIFIED_WORKBOOK,Sec.2 p.3; Sec.3.1 p.5; Fig.3b,0 K EAM GSFE,High,VERIFIED,COMPUTATIONAL_MD
P017,10.1016/j.ijplas.2019.102649,P017_MAT_AL0p5,,,P017_SERIES01,Experimental_Equivalence,NOT_EXPERIMENTAL_SFE,as reported,VERIFIED_WORKBOOK,Sec.2 p.3; Sec.3.1 p.5; Fig.3b,0 K EAM GSFE,High,VERIFIED,COMPUTATIONAL_MD
P017,10.1016/j.ijplas.2019.102649,P017_MAT_AL0p5,,,P017_SERIES01,Evidence_Location,Sec.2 p.3; Sec.3.1 p.5; Fig.3b,as reported,VERIFIED_WORKBOOK,Sec.2 p.3; Sec.3.1 p.5; Fig.3b,0 K EAM GSFE,High,VERIFIED,COMPUTATIONAL_MD
P017,10.1016/j.ijplas.2019.102649,P017_MAT_AL0p5,,,P017_SERIES01,Confidence,High,as reported,VERIFIED_WORKBOOK,Sec.2 p.3; Sec.3.1 p.5; Fig.3b,0 K EAM GSFE,High,VERIFIED,COMPUTATIONAL_MD
P017,10.1016/j.ijplas.2019.102649,P017_MAT_AL0p5,,,P017_SERIES01,Interpretation_Rule,"This is BCC unstable stacking-fault/slip-barrier energy, not the same descriptor as FCC stable SFE.",as reported,VERIFIED_WORKBOOK,Sec.2 p.3; Sec.3.1 p.5; Fig.3b,0 K EAM GSFE,High,VERIFIED,COMPUTATIONAL_MD
P017,10.1016/j.ijplas.2019.102649,P017_MAT_AL1p5,,,P017_SERIES01,Material_Parent_ID,P017_MAT_AL1p5,as reported,VERIFIED_WORKBOOK,Sec.2 p.3; Sec.3.1 p.5; Fig.3b,0 K EAM GSFE,High,VERIFIED,COMPUTATIONAL_MD
P017,10.1016/j.ijplas.2019.102649,P017_MAT_AL1p5,,,P017_SERIES01,Alloy_Label,Al1.5CrCoFeCuNi,as reported,VERIFIED_WORKBOOK,Sec.2 p.3; Sec.3.1 p.5; Fig.3b,0 K EAM GSFE,High,VERIFIED,COMPUTATIONAL_MD
P017,10.1016/j.ijplas.2019.102649,P017_MAT_AL1p5,,,P017_SERIES01,Crystal_Structure,BCC,as reported,VERIFIED_WORKBOOK,Sec.2 p.3; Sec.3.1 p.5; Fig.3b,0 K EAM GSFE,High,VERIFIED,COMPUTATIONAL_MD
P017,10.1016/j.ijplas.2019.102649,P017_MAT_AL1p5,,,P017_SERIES01,Temperature_K,0,as reported,VERIFIED_WORKBOOK,Sec.2 p.3; Sec.3.1 p.5; Fig.3b,0 K EAM GSFE,High,VERIFIED,COMPUTATIONAL_MD
P017,10.1016/j.ijplas.2019.102649,P017_MAT_AL1p5,,,P017_SERIES01,Feature,Unstable_SFE_gamma_usf,as reported,VERIFIED_WORKBOOK,Sec.2 p.3; Sec.3.1 p.5; Fig.3b,0 K EAM GSFE,High,VERIFIED,COMPUTATIONAL_MD
P017,10.1016/j.ijplas.2019.102649,P017_MAT_AL1p5,,,P017_SERIES01,Value_mJ_m2,579,as reported,VERIFIED_WORKBOOK,Sec.2 p.3; Sec.3.1 p.5; Fig.3b,0 K EAM GSFE,High,VERIFIED,COMPUTATIONAL_MD
P017,10.1016/j.ijplas.2019.102649,P017_MAT_AL1p5,,,P017_SERIES01,Method,0 K EAM GSFE,as reported,VERIFIED_WORKBOOK,Sec.2 p.3; Sec.3.1 p.5; Fig.3b,0 K EAM GSFE,High,VERIFIED,COMPUTATIONAL_MD
P017,10.1016/j.ijplas.2019.102649,P017_MAT_AL1p5,,,P017_SERIES01,Potential,Zhou/Anand EAM,as reported,VERIFIED_WORKBOOK,Sec.2 p.3; Sec.3.1 p.5; Fig.3b,0 K EAM GSFE,High,VERIFIED,COMPUTATIONAL_MD
P017,10.1016/j.ijplas.2019.102649,P017_MAT_AL1p5,,,P017_SERIES01,GSFE_Model_Size,20 unit cells per crystallographic direction,as reported,VERIFIED_WORKBOOK,Sec.2 p.3; Sec.3.1 p.5; Fig.3b,0 K EAM GSFE,High,VERIFIED,COMPUTATIONAL_MD
P017,10.1016/j.ijplas.2019.102649,P017_MAT_AL1p5,,,P017_SERIES01,GSFE_Orientation,"x[111], y[1-10], z[11-2]; shear a/2<111> on (110)-type plane",as reported,VERIFIED_WORKBOOK,Sec.2 p.3; Sec.3.1 p.5; Fig.3b,0 K EAM GSFE,High,VERIFIED,COMPUTATIONAL_MD
P017,10.1016/j.ijplas.2019.102649,P017_MAT_AL1p5,,,P017_SERIES01,Boundary_Conditions,"Lateral PBC x,z",as reported,VERIFIED_WORKBOOK,Sec.2 p.3; Sec.3.1 p.5; Fig.3b,0 K EAM GSFE,High,VERIFIED,COMPUTATIONAL_MD
P017,10.1016/j.ijplas.2019.102649,P017_MAT_AL1p5,,,P017_SERIES01,Value_Status,CURRENT_PAPER_MD_CALCULATED,as reported,VERIFIED_WORKBOOK,Sec.2 p.3; Sec.3.1 p.5; Fig.3b,0 K EAM GSFE,High,VERIFIED,COMPUTATIONAL_MD
P017,10.1016/j.ijplas.2019.102649,P017_MAT_AL1p5,,,P017_SERIES01,Experimental_Equivalence,NOT_EXPERIMENTAL_SFE,as reported,VERIFIED_WORKBOOK,Sec.2 p.3; Sec.3.1 p.5; Fig.3b,0 K EAM GSFE,High,VERIFIED,COMPUTATIONAL_MD
P017,10.1016/j.ijplas.2019.102649,P017_MAT_AL1p5,,,P017_SERIES01,Evidence_Location,Sec.2 p.3; Sec.3.1 p.5; Fig.3b,as reported,VERIFIED_WORKBOOK,Sec.2 p.3; Sec.3.1 p.5; Fig.3b,0 K EAM GSFE,High,VERIFIED,COMPUTATIONAL_MD
P017,10.1016/j.ijplas.2019.102649,P017_MAT_AL1p5,,,P017_SERIES01,Confidence,High,as reported,VERIFIED_WORKBOOK,Sec.2 p.3; Sec.3.1 p.5; Fig.3b,0 K EAM GSFE,High,VERIFIED,COMPUTATIONAL_MD
P017,10.1016/j.ijplas.2019.102649,P017_MAT_AL1p5,,,P017_SERIES01,Interpretation_Rule,Keep separate from FCC gamma_sf and from all experimental SFE methods.,as reported,VERIFIED_WORKBOOK,Sec.2 p.3; Sec.3.1 p.5; Fig.3b,0 K EAM GSFE,High,VERIFIED,COMPUTATIONAL_MD
P017,10.1016/j.ijplas.2019.102649,,P017_SIM_A05_300K_SR1E10,P017_EVT_A05_TRIP_TO_TWIP,P017_EVT_A05_TRIP_TO_TWIP,Parent_Computational_Condition_ID,P017_SIM_A05_300K_SR1E10,as reported,VERIFIED_WORKBOOK,Sec.4.1 pp.12-13; Fig.20 p.17,source-reported,High,VERIFIED,COMPUTATIONAL_MD
P017,10.1016/j.ijplas.2019.102649,,P017_SIM_A05_300K_SR1E10,P017_EVT_A05_TRIP_TO_TWIP,P017_EVT_A05_TRIP_TO_TWIP,Mechanism_Record_ID,P017_EVT_A05_TRIP_TO_TWIP,as reported,VERIFIED_WORKBOOK,Sec.4.1 pp.12-13; Fig.20 p.17,source-reported,High,VERIFIED,COMPUTATIONAL_MD
P017,10.1016/j.ijplas.2019.102649,,P017_SIM_A05_300K_SR1E10,P017_EVT_A05_TRIP_TO_TWIP,P017_EVT_A05_TRIP_TO_TWIP,Alloy_Label,Al0.5CrCoFeCuNi,as reported,VERIFIED_WORKBOOK,Sec.4.1 pp.12-13; Fig.20 p.17,source-reported,High,VERIFIED,COMPUTATIONAL_MD
P017,10.1016/j.ijplas.2019.102649,,P017_SIM_A05_300K_SR1E10,P017_EVT_A05_TRIP_TO_TWIP,P017_EVT_A05_TRIP_TO_TWIP,Temperature_K,300,as reported,VERIFIED_WORKBOOK,Sec.4.1 pp.12-13; Fig.20 p.17,source-reported,High,VERIFIED,COMPUTATIONAL_MD
P017,10.1016/j.ijplas.2019.102649,,P017_SIM_A05_300K_SR1E10,P017_EVT_A05_TRIP_TO_TWIP,P017_EVT_A05_TRIP_TO_TWIP,Strain_Rate_s-1,10000000000,as reported,VERIFIED_WORKBOOK,Sec.4.1 pp.12-13; Fig.20 p.17,source-reported,High,VERIFIED,COMPUTATIONAL_MD
P017,10.1016/j.ijplas.2019.102649,,P017_SIM_A05_300K_SR1E10,P017_EVT_A05_TRIP_TO_TWIP,P017_EVT_A05_TRIP_TO_TWIP,Strain_Start,0.112,as reported,VERIFIED_WORKBOOK,Sec.4.1 pp.12-13; Fig.20 p.17,source-reported,High,VERIFIED,COMPUTATIONAL_MD
P017,10.1016/j.ijplas.2019.102649,,P017_SIM_A05_300K_SR1E10,P017_EVT_A05_TRIP_TO_TWIP,P017_EVT_A05_TRIP_TO_TWIP,Strain_End,0.128,as reported,VERIFIED_WORKBOOK,Sec.4.1 pp.12-13; Fig.20 p.17,source-reported,High,VERIFIED,COMPUTATIONAL_MD
P017,10.1016/j.ijplas.2019.102649,,P017_SIM_A05_300K_SR1E10,P017_EVT_A05_TRIP_TO_TWIP,P017_EVT_A05_TRIP_TO_TWIP,Observation_Role,CORRELATED_SIMULATION_SEQUENCE,as reported,VERIFIED_WORKBOOK,Sec.4.1 pp.12-13; Fig.20 p.17,source-reported,High,VERIFIED,COMPUTATIONAL_MD
P017,10.1016/j.ijplas.2019.102649,,P017_SIM_A05_300K_SR1E10,P017_EVT_A05_TRIP_TO_TWIP,P017_EVT_A05_TRIP_TO_TWIP,Independent_Experimental_ML_sample,False,as reported,VERIFIED_WORKBOOK,Sec.4.1 pp.12-13; Fig.20 p.17,source-reported,High,VERIFIED,COMPUTATIONAL_MD
P017,10.1016/j.ijplas.2019.102649,,P017_SIM_A05_300K_SR1E10,P017_EVT_A05_TRIP_TO_TWIP,P017_EVT_A05_TRIP_TO_TWIP,Independent_Computational_Condition,False,as reported,VERIFIED_WORKBOOK,Sec.4.1 pp.12-13; Fig.20 p.17,source-reported,High,VERIFIED,COMPUTATIONAL_MD
P017,10.1016/j.ijplas.2019.102649,,P017_SIM_A05_300K_SR1E10,P017_EVT_A05_TRIP_TO_TWIP,P017_EVT_A05_TRIP_TO_TWIP,Native_TRIP,1,as reported,VERIFIED_WORKBOOK,Sec.4.1 pp.12-13; Fig.20 p.17,source-reported,High,VERIFIED,COMPUTATIONAL_MD
P017,10.1016/j.ijplas.2019.102649,,P017_SIM_A05_300K_SR1E10,P017_EVT_A05_TRIP_TO_TWIP,P017_EVT_A05_TRIP_TO_TWIP,Native_TWIP,1,as reported,VERIFIED_WORKBOOK,Sec.4.1 pp.12-13; Fig.20 p.17,source-reported,High,VERIFIED,COMPUTATIONAL_MD
P017,10.1016/j.ijplas.2019.102649,,P017_SIM_A05_300K_SR1E10,P017_EVT_A05_TRIP_TO_TWIP,P017_EVT_A05_TRIP_TO_TWIP,Coupled_Mechanism,TRIP-induced TWIP,as reported,VERIFIED_WORKBOOK,Sec.4.1 pp.12-13; Fig.20 p.17,source-reported,High,VERIFIED,COMPUTATIONAL_MD
P017,10.1016/j.ijplas.2019.102649,,P017_SIM_A05_300K_SR1E10,P017_EVT_A05_TRIP_TO_TWIP,P017_EVT_A05_TRIP_TO_TWIP,Phase_or_Defect_Path,FCC(HCP) → BCC transformation followed by nanotwin formation inside BCC,as reported,VERIFIED_WORKBOOK,Sec.4.1 pp.12-13; Fig.20 p.17,source-reported,High,VERIFIED,COMPUTATIONAL_MD
P017,10.1016/j.ijplas.2019.102649,,P017_SIM_A05_300K_SR1E10,P017_EVT_A05_TRIP_TO_TWIP,P017_EVT_A05_TRIP_TO_TWIP,Mechanistic_Evidence,Atomic PTM snapshots show sequential nanotwin formation during reversible phase transformation,as reported,VERIFIED_WORKBOOK,Sec.4.1 pp.12-13; Fig.20 p.17,source-reported,High,VERIFIED,COMPUTATIONAL_MD
P017,10.1016/j.ijplas.2019.102649,,P017_SIM_A05_300K_SR1E10,P017_EVT_A05_TRIP_TO_TWIP,P017_EVT_A05_TRIP_TO_TWIP,Evidence_Location,Sec.4.1 pp.12-13; Fig.20 p.17,as reported,VERIFIED_WORKBOOK,Sec.4.1 pp.12-13; Fig.20 p.17,source-reported,High,VERIFIED,COMPUTATIONAL_MD
P017,10.1016/j.ijplas.2019.102649,,P017_SIM_A05_300K_SR1E10,P017_EVT_A05_TRIP_TO_TWIP,P017_EVT_A05_TRIP_TO_TWIP,Confidence,High,as reported,VERIFIED_WORKBOOK,Sec.4.1 pp.12-13; Fig.20 p.17,source-reported,High,VERIFIED,COMPUTATIONAL_MD
P017,10.1016/j.ijplas.2019.102649,,P017_SIM_A05_300K_SR1E10,P017_EVT_A05_TRIP_TO_TWIP,P017_EVT_A05_TRIP_TO_TWIP,Notes,The authors explicitly call this TRIP(FCC→BCC)-induced TWIP(twin in BCC). Not an experimental stage.,as reported,VERIFIED_WORKBOOK,Sec.4.1 pp.12-13; Fig.20 p.17,source-reported,High,VERIFIED,COMPUTATIONAL_MD
P017,10.1016/j.ijplas.2019.102649,,P017_SIM_A15_300K_SR1E10,P017_EVT_A15_ISF_TO_ESF,P017_EVT_A15_ISF_TO_ESF,Parent_Computational_Condition_ID,P017_SIM_A15_300K_SR1E10,as reported,VERIFIED_WORKBOOK,Sec.4.2 pp.16-18; Fig.21,source-reported,High,VERIFIED,COMPUTATIONAL_MD
P017,10.1016/j.ijplas.2019.102649,,P017_SIM_A15_300K_SR1E10,P017_EVT_A15_ISF_TO_ESF,P017_EVT_A15_ISF_TO_ESF,Mechanism_Record_ID,P017_EVT_A15_ISF_TO_ESF,as reported,VERIFIED_WORKBOOK,Sec.4.2 pp.16-18; Fig.21,source-reported,High,VERIFIED,COMPUTATIONAL_MD
P017,10.1016/j.ijplas.2019.102649,,P017_SIM_A15_300K_SR1E10,P017_EVT_A15_ISF_TO_ESF,P017_EVT_A15_ISF_TO_ESF,Alloy_Label,Al1.5CrCoFeCuNi,as reported,VERIFIED_WORKBOOK,Sec.4.2 pp.16-18; Fig.21,source-reported,High,VERIFIED,COMPUTATIONAL_MD
P017,10.1016/j.ijplas.2019.102649,,P017_SIM_A15_300K_SR1E10,P017_EVT_A15_ISF_TO_ESF,P017_EVT_A15_ISF_TO_ESF,Temperature_K,300,as reported,VERIFIED_WORKBOOK,Sec.4.2 pp.16-18; Fig.21,source-reported,High,VERIFIED,COMPUTATIONAL_MD
P017,10.1016/j.ijplas.2019.102649,,P017_SIM_A15_300K_SR1E10,P017_EVT_A15_ISF_TO_ESF,P017_EVT_A15_ISF_TO_ESF,Strain_Rate_s-1,10000000000,as reported,VERIFIED_WORKBOOK,Sec.4.2 pp.16-18; Fig.21,source-reported,High,VERIFIED,COMPUTATIONAL_MD
P017,10.1016/j.ijplas.2019.102649,,P017_SIM_A15_300K_SR1E10,P017_EVT_A15_ISF_TO_ESF,P017_EVT_A15_ISF_TO_ESF,Strain_Start,0.158,as reported,VERIFIED_WORKBOOK,Sec.4.2 pp.16-18; Fig.21,source-reported,High,VERIFIED,COMPUTATIONAL_MD
P017,10.1016/j.ijplas.2019.102649,,P017_SIM_A15_300K_SR1E10,P017_EVT_A15_ISF_TO_ESF,P017_EVT_A15_ISF_TO_ESF,Strain_End,0.194,as reported,VERIFIED_WORKBOOK,Sec.4.2 pp.16-18; Fig.21,source-reported,High,VERIFIED,COMPUTATIONAL_MD
P017,10.1016/j.ijplas.2019.102649,,P017_SIM_A15_300K_SR1E10,P017_EVT_A15_ISF_TO_ESF,P017_EVT_A15_ISF_TO_ESF,Observation_Role,CORRELATED_SIMULATION_SEQUENCE,as reported,VERIFIED_WORKBOOK,Sec.4.2 pp.16-18; Fig.21,source-reported,High,VERIFIED,COMPUTATIONAL_MD
P017,10.1016/j.ijplas.2019.102649,,P017_SIM_A15_300K_SR1E10,P017_EVT_A15_ISF_TO_ESF,P017_EVT_A15_ISF_TO_ESF,Independent_Experimental_ML_sample,False,as reported,VERIFIED_WORKBOOK,Sec.4.2 pp.16-18; Fig.21,source-reported,High,VERIFIED,COMPUTATIONAL_MD
P017,10.1016/j.ijplas.2019.102649,,P017_SIM_A15_300K_SR1E10,P017_EVT_A15_ISF_TO_ESF,P017_EVT_A15_ISF_TO_ESF,Independent_Computational_Condition,False,as reported,VERIFIED_WORKBOOK,Sec.4.2 pp.16-18; Fig.21,source-reported,High,VERIFIED,COMPUTATIONAL_MD
P017,10.1016/j.ijplas.2019.102649,,P017_SIM_A15_300K_SR1E10,P017_EVT_A15_ISF_TO_ESF,P017_EVT_A15_ISF_TO_ESF,Coupled_Mechanism,SF interaction sequence,as reported,VERIFIED_WORKBOOK,Sec.4.2 pp.16-18; Fig.21,source-reported,High,VERIFIED,COMPUTATIONAL_MD
P017,10.1016/j.ijplas.2019.102649,,P017_SIM_A15_300K_SR1E10,P017_EVT_A15_ISF_TO_ESF,P017_EVT_A15_ISF_TO_ESF,Phase_or_Defect_Path,Parallel ISF interactions → ESF formation in FCC/HCP-like defect regions,as reported,VERIFIED_WORKBOOK,Sec.4.2 pp.16-18; Fig.21,source-reported,High,VERIFIED,COMPUTATIONAL_MD
P017,10.1016/j.ijplas.2019.102649,,P017_SIM_A15_300K_SR1E10,P017_EVT_A15_ISF_TO_ESF,P017_EVT_A15_ISF_TO_ESF,Mechanistic_Evidence,"Atomic snapshots show parallel ISF interactions, ESF formation and dense Shockley partial activity",as reported,VERIFIED_WORKBOOK,Sec.4.2 pp.16-18; Fig.21,source-reported,High,VERIFIED,COMPUTATIONAL_MD
P017,10.1016/j.ijplas.2019.102649,,P017_SIM_A15_300K_SR1E10,P017_EVT_A15_ISF_TO_ESF,P017_EVT_A15_ISF_TO_ESF,Evidence_Location,Sec.4.2 pp.16-18; Fig.21,as reported,VERIFIED_WORKBOOK,Sec.4.2 pp.16-18; Fig.21,source-reported,High,VERIFIED,COMPUTATIONAL_MD
P017,10.1016/j.ijplas.2019.102649,,P017_SIM_A15_300K_SR1E10,P017_EVT_A15_ISF_TO_ESF,P017_EVT_A15_ISF_TO_ESF,Confidence,High,as reported,VERIFIED_WORKBOOK,Sec.4.2 pp.16-18; Fig.21,source-reported,High,VERIFIED,COMPUTATIONAL_MD
P017,10.1016/j.ijplas.2019.102649,,P017_SIM_A15_300K_SR1E10,P017_EVT_A15_ISF_TO_ESF,P017_EVT_A15_ISF_TO_ESF,Notes,"This is an atomistic defect-evolution record, not a separate TRIP/TWIP target row.",as reported,VERIFIED_WORKBOOK,Sec.4.2 pp.16-18; Fig.21,source-reported,High,VERIFIED,COMPUTATIONAL_MD
P017,10.1016/j.ijplas.2019.102649,,P017_SIM_A15_300K_SR1E10,P017_EVT_A15_SF_TO_BCC,P017_EVT_A15_SF_TO_BCC,Parent_Computational_Condition_ID,P017_SIM_A15_300K_SR1E10,as reported,VERIFIED_WORKBOOK,Sec.4.2 p.18; Fig.21h,source-reported,High,VERIFIED,COMPUTATIONAL_MD
P017,10.1016/j.ijplas.2019.102649,,P017_SIM_A15_300K_SR1E10,P017_EVT_A15_SF_TO_BCC,P017_EVT_A15_SF_TO_BCC,Mechanism_Record_ID,P017_EVT_A15_SF_TO_BCC,as reported,VERIFIED_WORKBOOK,Sec.4.2 p.18; Fig.21h,source-reported,High,VERIFIED,COMPUTATIONAL_MD
P017,10.1016/j.ijplas.2019.102649,,P017_SIM_A15_300K_SR1E10,P017_EVT_A15_SF_TO_BCC,P017_EVT_A15_SF_TO_BCC,Alloy_Label,Al1.5CrCoFeCuNi,as reported,VERIFIED_WORKBOOK,Sec.4.2 p.18; Fig.21h,source-reported,High,VERIFIED,COMPUTATIONAL_MD
P017,10.1016/j.ijplas.2019.102649,,P017_SIM_A15_300K_SR1E10,P017_EVT_A15_SF_TO_BCC,P017_EVT_A15_SF_TO_BCC,Temperature_K,300,as reported,VERIFIED_WORKBOOK,Sec.4.2 p.18; Fig.21h,source-reported,High,VERIFIED,COMPUTATIONAL_MD
P017,10.1016/j.ijplas.2019.102649,,P017_SIM_A15_300K_SR1E10,P017_EVT_A15_SF_TO_BCC,P017_EVT_A15_SF_TO_BCC,Strain_Rate_s-1,10000000000,as reported,VERIFIED_WORKBOOK,Sec.4.2 p.18; Fig.21h,source-reported,High,VERIFIED,COMPUTATIONAL_MD
P017,10.1016/j.ijplas.2019.102649,,P017_SIM_A15_300K_SR1E10,P017_EVT_A15_SF_TO_BCC,P017_EVT_A15_SF_TO_BCC,Strain_Start,0.228,as reported,VERIFIED_WORKBOOK,Sec.4.2 p.18; Fig.21h,source-reported,High,VERIFIED,COMPUTATIONAL_MD
P017,10.1016/j.ijplas.2019.102649,,P017_SIM_A15_300K_SR1E10,P017_EVT_A15_SF_TO_BCC,P017_EVT_A15_SF_TO_BCC,Strain_End,0.228,as reported,VERIFIED_WORKBOOK,Sec.4.2 p.18; Fig.21h,source-reported,High,VERIFIED,COMPUTATIONAL_MD
P017,10.1016/j.ijplas.2019.102649,,P017_SIM_A15_300K_SR1E10,P017_EVT_A15_SF_TO_BCC,P017_EVT_A15_SF_TO_BCC,Observation_Role,CORRELATED_SIMULATION_LANDMARK,as reported,VERIFIED_WORKBOOK,Sec.4.2 p.18; Fig.21h,source-reported,High,VERIFIED,COMPUTATIONAL_MD
P017,10.1016/j.ijplas.2019.102649,,P017_SIM_A15_300K_SR1E10,P017_EVT_A15_SF_TO_BCC,P017_EVT_A15_SF_TO_BCC,Independent_Experimental_ML_sample,False,as reported,VERIFIED_WORKBOOK,Sec.4.2 p.18; Fig.21h,source-reported,High,VERIFIED,COMPUTATIONAL_MD
P017,10.1016/j.ijplas.2019.102649,,P017_SIM_A15_300K_SR1E10,P017_EVT_A15_SF_TO_BCC,P017_EVT_A15_SF_TO_BCC,Independent_Computational_Condition,False,as reported,VERIFIED_WORKBOOK,Sec.4.2 p.18; Fig.21h,source-reported,High,VERIFIED,COMPUTATIONAL_MD
P017,10.1016/j.ijplas.2019.102649,,P017_SIM_A15_300K_SR1E10,P017_EVT_A15_SF_TO_BCC,P017_EVT_A15_SF_TO_BCC,Native_TRIP,1,as reported,VERIFIED_WORKBOOK,Sec.4.2 p.18; Fig.21h,source-reported,High,VERIFIED,COMPUTATIONAL_MD
P017,10.1016/j.ijplas.2019.102649,,P017_SIM_A15_300K_SR1E10,P017_EVT_A15_SF_TO_BCC,P017_EVT_A15_SF_TO_BCC,Coupled_Mechanism,SF–SF interaction induced phase transformation,as reported,VERIFIED_WORKBOOK,Sec.4.2 p.18; Fig.21h,source-reported,High,VERIFIED,COMPUTATIONAL_MD
P017,10.1016/j.ijplas.2019.102649,,P017_SIM_A15_300K_SR1E10,P017_EVT_A15_SF_TO_BCC,P017_EVT_A15_SF_TO_BCC,Phase_or_Defect_Path,Perpendicular ISF/SF interaction → BCC nucleation from FCC(HCP/SF) region,as reported,VERIFIED_WORKBOOK,Sec.4.2 p.18; Fig.21h,source-reported,High,VERIFIED,COMPUTATIONAL_MD
P017,10.1016/j.ijplas.2019.102649,,P017_SIM_A15_300K_SR1E10,P017_EVT_A15_SF_TO_BCC,P017_EVT_A15_SF_TO_BCC,Mechanistic_Evidence,Authors identify perpendicular SF interactions as the origin of FCC(HCP)→BCC transformation,as reported,VERIFIED_WORKBOOK,Sec.4.2 p.18; Fig.21h,source-reported,High,VERIFIED,COMPUTATIONAL_MD
P017,10.1016/j.ijplas.2019.102649,,P017_SIM_A15_300K_SR1E10,P017_EVT_A15_SF_TO_BCC,P017_EVT_A15_SF_TO_BCC,Evidence_Location,Sec.4.2 p.18; Fig.21h,as reported,VERIFIED_WORKBOOK,Sec.4.2 p.18; Fig.21h,source-reported,High,VERIFIED,COMPUTATIONAL_MD
P017,10.1016/j.ijplas.2019.102649,,P017_SIM_A15_300K_SR1E10,P017_EVT_A15_SF_TO_BCC,P017_EVT_A15_SF_TO_BCC,Confidence,High,as reported,VERIFIED_WORKBOOK,Sec.4.2 p.18; Fig.21h,source-reported,High,VERIFIED,COMPUTATIONAL_MD
P017,10.1016/j.ijplas.2019.102649,,P017_SIM_A15_300K_SR1E10,P017_EVT_A15_SF_TO_BCC,P017_EVT_A15_SF_TO_BCC,Notes,HCP-colored atoms in PTM may represent stacking-fault environments; do not interpret this as a bulk experimental HCP fraction.,as reported,VERIFIED_WORKBOOK,Sec.4.2 p.18; Fig.21h,source-reported,High,VERIFIED,COMPUTATIONAL_MD
P017,10.1016/j.ijplas.2019.102649,,P017_SIM_A15_300K_SR1E10,P017_EVT_A15_TWIP_TO_TRIP,P017_EVT_A15_TWIP_TO_TRIP,Parent_Computational_Condition_ID,P017_SIM_A15_300K_SR1E10,as reported,VERIFIED_WORKBOOK,Sec.4.2 p.19; Fig.24 p.20,source-reported,High,VERIFIED,COMPUTATIONAL_MD
P017,10.1016/j.ijplas.2019.102649,,P017_SIM_A15_300K_SR1E10,P017_EVT_A15_TWIP_TO_TRIP,P017_EVT_A15_TWIP_TO_TRIP,Mechanism_Record_ID,P017_EVT_A15_TWIP_TO_TRIP,as reported,VERIFIED_WORKBOOK,Sec.4.2 p.19; Fig.24 p.20,source-reported,High,VERIFIED,COMPUTATIONAL_MD
P017,10.1016/j.ijplas.2019.102649,,P017_SIM_A15_300K_SR1E10,P017_EVT_A15_TWIP_TO_TRIP,P017_EVT_A15_TWIP_TO_TRIP,Alloy_Label,Al1.5CrCoFeCuNi,as reported,VERIFIED_WORKBOOK,Sec.4.2 p.19; Fig.24 p.20,source-reported,High,VERIFIED,COMPUTATIONAL_MD
P017,10.1016/j.ijplas.2019.102649,,P017_SIM_A15_300K_SR1E10,P017_EVT_A15_TWIP_TO_TRIP,P017_EVT_A15_TWIP_TO_TRIP,Temperature_K,300,as reported,VERIFIED_WORKBOOK,Sec.4.2 p.19; Fig.24 p.20,source-reported,High,VERIFIED,COMPUTATIONAL_MD
P017,10.1016/j.ijplas.2019.102649,,P017_SIM_A15_300K_SR1E10,P017_EVT_A15_TWIP_TO_TRIP,P017_EVT_A15_TWIP_TO_TRIP,Strain_Rate_s-1,10000000000,as reported,VERIFIED_WORKBOOK,Sec.4.2 p.19; Fig.24 p.20,source-reported,High,VERIFIED,COMPUTATIONAL_MD
P017,10.1016/j.ijplas.2019.102649,,P017_SIM_A15_300K_SR1E10,P017_EVT_A15_TWIP_TO_TRIP,P017_EVT_A15_TWIP_TO_TRIP,Strain_Start,0.248,as reported,VERIFIED_WORKBOOK,Sec.4.2 p.19; Fig.24 p.20,source-reported,High,VERIFIED,COMPUTATIONAL_MD
P017,10.1016/j.ijplas.2019.102649,,P017_SIM_A15_300K_SR1E10,P017_EVT_A15_TWIP_TO_TRIP,P017_EVT_A15_TWIP_TO_TRIP,Strain_End,0.35,as reported,VERIFIED_WORKBOOK,Sec.4.2 p.19; Fig.24 p.20,source-reported,High,VERIFIED,COMPUTATIONAL_MD
P017,10.1016/j.ijplas.2019.102649,,P017_SIM_A15_300K_SR1E10,P017_EVT_A15_TWIP_TO_TRIP,P017_EVT_A15_TWIP_TO_TRIP,Observation_Role,CORRELATED_SIMULATION_SEQUENCE,as reported,VERIFIED_WORKBOOK,Sec.4.2 p.19; Fig.24 p.20,source-reported,High,VERIFIED,COMPUTATIONAL_MD
P017,10.1016/j.ijplas.2019.102649,,P017_SIM_A15_300K_SR1E10,P017_EVT_A15_TWIP_TO_TRIP,P017_EVT_A15_TWIP_TO_TRIP,Independent_Experimental_ML_sample,False,as reported,VERIFIED_WORKBOOK,Sec.4.2 p.19; Fig.24 p.20,source-reported,High,VERIFIED,COMPUTATIONAL_MD
P017,10.1016/j.ijplas.2019.102649,,P017_SIM_A15_300K_SR1E10,P017_EVT_A15_TWIP_TO_TRIP,P017_EVT_A15_TWIP_TO_TRIP,Independent_Computational_Condition,False,as reported,VERIFIED_WORKBOOK,Sec.4.2 p.19; Fig.24 p.20,source-reported,High,VERIFIED,COMPUTATIONAL_MD
P017,10.1016/j.ijplas.2019.102649,,P017_SIM_A15_300K_SR1E10,P017_EVT_A15_TWIP_TO_TRIP,P017_EVT_A15_TWIP_TO_TRIP,Native_TRIP,1,as reported,VERIFIED_WORKBOOK,Sec.4.2 p.19; Fig.24 p.20,source-reported,High,VERIFIED,COMPUTATIONAL_MD
P017,10.1016/j.ijplas.2019.102649,,P017_SIM_A15_300K_SR1E10,P017_EVT_A15_TWIP_TO_TRIP,P017_EVT_A15_TWIP_TO_TRIP,Native_TWIP,1,as reported,VERIFIED_WORKBOOK,Sec.4.2 p.19; Fig.24 p.20,source-reported,High,VERIFIED,COMPUTATIONAL_MD
P017,10.1016/j.ijplas.2019.102649,,P017_SIM_A15_300K_SR1E10,P017_EVT_A15_TWIP_TO_TRIP,P017_EVT_A15_TWIP_TO_TRIP,Coupled_Mechanism,TWIP-induced TRIP,as reported,VERIFIED_WORKBOOK,Sec.4.2 p.19; Fig.24 p.20,source-reported,High,VERIFIED,COMPUTATIONAL_MD
P017,10.1016/j.ijplas.2019.102649,,P017_SIM_A15_300K_SR1E10,P017_EVT_A15_TWIP_TO_TRIP,P017_EVT_A15_TWIP_TO_TRIP,Phase_or_Defect_Path,Nanotwin in BCC → BCC→FCC(HCP/SF) transformation and small ISF formation,as reported,VERIFIED_WORKBOOK,Sec.4.2 p.19; Fig.24 p.20,source-reported,High,VERIFIED,COMPUTATIONAL_MD
P017,10.1016/j.ijplas.2019.102649,,P017_SIM_A15_300K_SR1E10,P017_EVT_A15_TWIP_TO_TRIP,P017_EVT_A15_TWIP_TO_TRIP,Mechanistic_Evidence,Atomic PTM snapshots show phase transformation originating from BCC nanotwin during late deformation,as reported,VERIFIED_WORKBOOK,Sec.4.2 p.19; Fig.24 p.20,source-reported,High,VERIFIED,COMPUTATIONAL_MD
P017,10.1016/j.ijplas.2019.102649,,P017_SIM_A15_300K_SR1E10,P017_EVT_A15_TWIP_TO_TRIP,P017_EVT_A15_TWIP_TO_TRIP,Evidence_Location,Sec.4.2 p.19; Fig.24 p.20,as reported,VERIFIED_WORKBOOK,Sec.4.2 p.19; Fig.24 p.20,source-reported,High,VERIFIED,COMPUTATIONAL_MD
P017,10.1016/j.ijplas.2019.102649,,P017_SIM_A15_300K_SR1E10,P017_EVT_A15_TWIP_TO_TRIP,P017_EVT_A15_TWIP_TO_TRIP,Confidence,High,as reported,VERIFIED_WORKBOOK,Sec.4.2 p.19; Fig.24 p.20,source-reported,High,VERIFIED,COMPUTATIONAL_MD
P017,10.1016/j.ijplas.2019.102649,,P017_SIM_A15_300K_SR1E10,P017_EVT_A15_TWIP_TO_TRIP,P017_EVT_A15_TWIP_TO_TRIP,Notes,Authors link late stress rise to insufficient partial dislocations plus TWIP-induced TRIP.,as reported,VERIFIED_WORKBOOK,Sec.4.2 p.19; Fig.24 p.20,source-reported,High,VERIFIED,COMPUTATIONAL_MD
P017,10.1016/j.ijplas.2019.102649,,P017_SIM_A15_300K_SR1E9,P017_EVT_A15_SR1E9_COUPLED,P017_EVT_A15_SR1E9_COUPLED,Parent_Computational_Condition_ID,P017_SIM_A15_300K_SR1E9,as reported,VERIFIED_WORKBOOK,Sec.4.3 pp.19-21; Fig.25,source-reported,High,VERIFIED,COMPUTATIONAL_MD
P017,10.1016/j.ijplas.2019.102649,,P017_SIM_A15_300K_SR1E9,P017_EVT_A15_SR1E9_COUPLED,P017_EVT_A15_SR1E9_COUPLED,Mechanism_Record_ID,P017_EVT_A15_SR1E9_COUPLED,as reported,VERIFIED_WORKBOOK,Sec.4.3 pp.19-21; Fig.25,source-reported,High,VERIFIED,COMPUTATIONAL_MD
P017,10.1016/j.ijplas.2019.102649,,P017_SIM_A15_300K_SR1E9,P017_EVT_A15_SR1E9_COUPLED,P017_EVT_A15_SR1E9_COUPLED,Alloy_Label,Al1.5CrCoFeCuNi,as reported,VERIFIED_WORKBOOK,Sec.4.3 pp.19-21; Fig.25,source-reported,High,VERIFIED,COMPUTATIONAL_MD
P017,10.1016/j.ijplas.2019.102649,,P017_SIM_A15_300K_SR1E9,P017_EVT_A15_SR1E9_COUPLED,P017_EVT_A15_SR1E9_COUPLED,Temperature_K,300,as reported,VERIFIED_WORKBOOK,Sec.4.3 pp.19-21; Fig.25,source-reported,High,VERIFIED,COMPUTATIONAL_MD
P017,10.1016/j.ijplas.2019.102649,,P017_SIM_A15_300K_SR1E9,P017_EVT_A15_SR1E9_COUPLED,P017_EVT_A15_SR1E9_COUPLED,Strain_Rate_s-1,1000000000,as reported,VERIFIED_WORKBOOK,Sec.4.3 pp.19-21; Fig.25,source-reported,High,VERIFIED,COMPUTATIONAL_MD
P017,10.1016/j.ijplas.2019.102649,,P017_SIM_A15_300K_SR1E9,P017_EVT_A15_SR1E9_COUPLED,P017_EVT_A15_SR1E9_COUPLED,Strain_Start,0.116,as reported,VERIFIED_WORKBOOK,Sec.4.3 pp.19-21; Fig.25,source-reported,High,VERIFIED,COMPUTATIONAL_MD
P017,10.1016/j.ijplas.2019.102649,,P017_SIM_A15_300K_SR1E9,P017_EVT_A15_SR1E9_COUPLED,P017_EVT_A15_SR1E9_COUPLED,Strain_End,0.34,as reported,VERIFIED_WORKBOOK,Sec.4.3 pp.19-21; Fig.25,source-reported,High,VERIFIED,COMPUTATIONAL_MD
P017,10.1016/j.ijplas.2019.102649,,P017_SIM_A15_300K_SR1E9,P017_EVT_A15_SR1E9_COUPLED,P017_EVT_A15_SR1E9_COUPLED,Observation_Role,CORRELATED_SIMULATION_SEQUENCE,as reported,VERIFIED_WORKBOOK,Sec.4.3 pp.19-21; Fig.25,source-reported,High,VERIFIED,COMPUTATIONAL_MD
P017,10.1016/j.ijplas.2019.102649,,P017_SIM_A15_300K_SR1E9,P017_EVT_A15_SR1E9_COUPLED,P017_EVT_A15_SR1E9_COUPLED,Independent_Experimental_ML_sample,False,as reported,VERIFIED_WORKBOOK,Sec.4.3 pp.19-21; Fig.25,source-reported,High,VERIFIED,COMPUTATIONAL_MD
P017,10.1016/j.ijplas.2019.102649,,P017_SIM_A15_300K_SR1E9,P017_EVT_A15_SR1E9_COUPLED,P017_EVT_A15_SR1E9_COUPLED,Independent_Computational_Condition,False,as reported,VERIFIED_WORKBOOK,Sec.4.3 pp.19-21; Fig.25,source-reported,High,VERIFIED,COMPUTATIONAL_MD
P017,10.1016/j.ijplas.2019.102649,,P017_SIM_A15_300K_SR1E9,P017_EVT_A15_SR1E9_COUPLED,P017_EVT_A15_SR1E9_COUPLED,Native_TRIP,1,as reported,VERIFIED_WORKBOOK,Sec.4.3 pp.19-21; Fig.25,source-reported,High,VERIFIED,COMPUTATIONAL_MD
P017,10.1016/j.ijplas.2019.102649,,P017_SIM_A15_300K_SR1E9,P017_EVT_A15_SR1E9_COUPLED,P017_EVT_A15_SR1E9_COUPLED,Native_TWIP,1,as reported,VERIFIED_WORKBOOK,Sec.4.3 pp.19-21; Fig.25,source-reported,High,VERIFIED,COMPUTATIONAL_MD
P017,10.1016/j.ijplas.2019.102649,,P017_SIM_A15_300K_SR1E9,P017_EVT_A15_SR1E9_COUPLED,P017_EVT_A15_SR1E9_COUPLED,Coupled_Mechanism,TRIP-induced TWIP followed by TWIP-induced TRIP,as reported,VERIFIED_WORKBOOK,Sec.4.3 pp.19-21; Fig.25,source-reported,High,VERIFIED,COMPUTATIONAL_MD
P017,10.1016/j.ijplas.2019.102649,,P017_SIM_A15_300K_SR1E9,P017_EVT_A15_SR1E9_COUPLED,P017_EVT_A15_SR1E9_COUPLED,Phase_or_Defect_Path,Reversible BCC↔FCC(HCP) transformation → BCC nanotwins → renewed phase transformation,as reported,VERIFIED_WORKBOOK,Sec.4.3 pp.19-21; Fig.25,source-reported,High,VERIFIED,COMPUTATIONAL_MD
P017,10.1016/j.ijplas.2019.102649,,P017_SIM_A15_300K_SR1E9,P017_EVT_A15_SR1E9_COUPLED,P017_EVT_A15_SR1E9_COUPLED,Mechanistic_Evidence,Atomic snapshots directly labeled PT and TF across the sequence,as reported,VERIFIED_WORKBOOK,Sec.4.3 pp.19-21; Fig.25,source-reported,High,VERIFIED,COMPUTATIONAL_MD
P017,10.1016/j.ijplas.2019.102649,,P017_SIM_A15_300K_SR1E9,P017_EVT_A15_SR1E9_COUPLED,P017_EVT_A15_SR1E9_COUPLED,Evidence_Location,Sec.4.3 pp.19-21; Fig.25,as reported,VERIFIED_WORKBOOK,Sec.4.3 pp.19-21; Fig.25,source-reported,High,VERIFIED,COMPUTATIONAL_MD
P017,10.1016/j.ijplas.2019.102649,,P017_SIM_A15_300K_SR1E9,P017_EVT_A15_SR1E9_COUPLED,P017_EVT_A15_SR1E9_COUPLED,Confidence,High,as reported,VERIFIED_WORKBOOK,Sec.4.3 pp.19-21; Fig.25,source-reported,High,VERIFIED,COMPUTATIONAL_MD
P017,10.1016/j.ijplas.2019.102649,,P017_SIM_A15_300K_SR1E9,P017_EVT_A15_SR1E9_COUPLED,P017_EVT_A15_SR1E9_COUPLED,Notes,This is the clearest lower-strain-rate demonstration of the bidirectional coupled mechanism.,as reported,VERIFIED_WORKBOOK,Sec.4.3 pp.19-21; Fig.25,source-reported,High,VERIFIED,COMPUTATIONAL_MD
P017,10.1016/j.ijplas.2019.102649,,,,P017_SERIES01,Scope,Al0.5 FCC phase,qualitative,VERIFIED_WORKBOOK,Sec.3.2.1 pp.6-7; Fig.8,source-reported,High,VERIFIED,COMPUTATIONAL_MD
P017,10.1016/j.ijplas.2019.102649,,,,P017_SERIES01,Feature,Dominant_FCC_dislocation,qualitative,VERIFIED_WORKBOOK,Sec.3.2.1 pp.6-7; Fig.8,source-reported,High,VERIFIED,COMPUTATIONAL_MD
P017,10.1016/j.ijplas.2019.102649,,,,P017_SERIES01,Recovered_Value,1/6<112> Shockley partials,qualitative,VERIFIED_WORKBOOK,Sec.3.2.1 pp.6-7; Fig.8,source-reported,High,VERIFIED,COMPUTATIONAL_MD
P017,10.1016/j.ijplas.2019.102649,,,,P017_SERIES01,Units_or_Type,qualitative,qualitative,VERIFIED_WORKBOOK,Sec.3.2.1 pp.6-7; Fig.8,source-reported,High,VERIFIED,COMPUTATIONAL_MD
P017,10.1016/j.ijplas.2019.102649,,,,P017_SERIES01,Data_Origin,COMPUTATIONAL_MD,qualitative,VERIFIED_WORKBOOK,Sec.3.2.1 pp.6-7; Fig.8,source-reported,High,VERIFIED,COMPUTATIONAL_MD
P017,10.1016/j.ijplas.2019.102649,,,,P017_SERIES01,Evidence_Location,Sec.3.2.1 pp.6-7; Fig.8,qualitative,VERIFIED_WORKBOOK,Sec.3.2.1 pp.6-7; Fig.8,source-reported,High,VERIFIED,COMPUTATIONAL_MD
P017,10.1016/j.ijplas.2019.102649,,,,P017_SERIES01,Confidence,High,qualitative,VERIFIED_WORKBOOK,Sec.3.2.1 pp.6-7; Fig.8,source-reported,High,VERIFIED,COMPUTATIONAL_MD
P017,10.1016/j.ijplas.2019.102649,,,,P017_SERIES01,Interpretation_Rule,Most FCC dislocations track the Shockley-partial population; authors connect this to low SFE.,qualitative,VERIFIED_WORKBOOK,Sec.3.2.1 pp.6-7; Fig.8,source-reported,High,VERIFIED,COMPUTATIONAL_MD
P017,10.1016/j.ijplas.2019.102649,,,,P017_SERIES01,Scope,Al0.5 BCC phase,qualitative,VERIFIED_WORKBOOK,Sec.3.2.1 p.6; Figs.7-9,source-reported,High,VERIFIED,COMPUTATIONAL_MD
P017,10.1016/j.ijplas.2019.102649,,,,P017_SERIES01,Feature,BCC_dislocation_types,qualitative,VERIFIED_WORKBOOK,Sec.3.2.1 p.6; Figs.7-9,source-reported,High,VERIFIED,COMPUTATIONAL_MD
P017,10.1016/j.ijplas.2019.102649,,,,P017_SERIES01,Recovered_Value,1/2<111> perfect + <100> perfect,qualitative,VERIFIED_WORKBOOK,Sec.3.2.1 p.6; Figs.7-9,source-reported,High,VERIFIED,COMPUTATIONAL_MD
P017,10.1016/j.ijplas.2019.102649,,,,P017_SERIES01,Units_or_Type,qualitative,qualitative,VERIFIED_WORKBOOK,Sec.3.2.1 p.6; Figs.7-9,source-reported,High,VERIFIED,COMPUTATIONAL_MD
P017,10.1016/j.ijplas.2019.102649,,,,P017_SERIES01,Data_Origin,COMPUTATIONAL_MD,qualitative,VERIFIED_WORKBOOK,Sec.3.2.1 p.6; Figs.7-9,source-reported,High,VERIFIED,COMPUTATIONAL_MD
P017,10.1016/j.ijplas.2019.102649,,,,P017_SERIES01,Evidence_Location,Sec.3.2.1 p.6; Figs.7-9,qualitative,VERIFIED_WORKBOOK,Sec.3.2.1 p.6; Figs.7-9,source-reported,High,VERIFIED,COMPUTATIONAL_MD
P017,10.1016/j.ijplas.2019.102649,,,,P017_SERIES01,Confidence,High,qualitative,VERIFIED_WORKBOOK,Sec.3.2.1 p.6; Figs.7-9,source-reported,High,VERIFIED,COMPUTATIONAL_MD
P017,10.1016/j.ijplas.2019.102649,,,,P017_SERIES01,Interpretation_Rule,<100> population largely disappears after early plastic loading; do not convert plots to exact densities without controlled digitization.,qualitative,VERIFIED_WORKBOOK,Sec.3.2.1 p.6; Figs.7-9,source-reported,High,VERIFIED,COMPUTATIONAL_MD
P017,10.1016/j.ijplas.2019.102649,,,,P017_SERIES01,Scope,Both alloys,qualitative,VERIFIED_WORKBOOK,Sec.3.2.1 p.6; Sec.3.3.1 p.9,source-reported,High,VERIFIED,COMPUTATIONAL_MD
P017,10.1016/j.ijplas.2019.102649,,,,P017_SERIES01,Feature,Temperature_effect_on_dislocation_density,qualitative,VERIFIED_WORKBOOK,Sec.3.2.1 p.6; Sec.3.3.1 p.9,source-reported,High,VERIFIED,COMPUTATIONAL_MD
P017,10.1016/j.ijplas.2019.102649,,,,P017_SERIES01,Recovered_Value,Decreases with increasing temperature,qualitative,VERIFIED_WORKBOOK,Sec.3.2.1 p.6; Sec.3.3.1 p.9,source-reported,High,VERIFIED,COMPUTATIONAL_MD
P017,10.1016/j.ijplas.2019.102649,,,,P017_SERIES01,Units_or_Type,qualitative,qualitative,VERIFIED_WORKBOOK,Sec.3.2.1 p.6; Sec.3.3.1 p.9,source-reported,High,VERIFIED,COMPUTATIONAL_MD
P017,10.1016/j.ijplas.2019.102649,,,,P017_SERIES01,Data_Origin,COMPUTATIONAL_MD,qualitative,VERIFIED_WORKBOOK,Sec.3.2.1 p.6; Sec.3.3.1 p.9,source-reported,High,VERIFIED,COMPUTATIONAL_MD
P017,10.1016/j.ijplas.2019.102649,,,,P017_SERIES01,Evidence_Location,Sec.3.2.1 p.6; Sec.3.3.1 p.9,qualitative,VERIFIED_WORKBOOK,Sec.3.2.1 p.6; Sec.3.3.1 p.9,source-reported,High,VERIFIED,COMPUTATIONAL_MD
P017,10.1016/j.ijplas.2019.102649,,,,P017_SERIES01,Confidence,High,qualitative,VERIFIED_WORKBOOK,Sec.3.2.1 p.6; Sec.3.3.1 p.9,source-reported,High,VERIFIED,COMPUTATIONAL_MD
P017,10.1016/j.ijplas.2019.102649,,,,P017_SERIES01,Interpretation_Rule,Authors attribute the decrease to higher dislocation mobility/annihilation at elevated temperature.,qualitative,VERIFIED_WORKBOOK,Sec.3.2.1 p.6; Sec.3.3.1 p.9,source-reported,High,VERIFIED,COMPUTATIONAL_MD
P017,10.1016/j.ijplas.2019.102649,,,,P017_SERIES01,Scope,"Al1.5 at 300 K, 1e10 s^-1",qualitative,VERIFIED_WORKBOOK,"Sec.3.3.1 p.9; Sec.4.2 pp.16-18; Figs.16,21-23",source-reported,High,VERIFIED,COMPUTATIONAL_MD
P017,10.1016/j.ijplas.2019.102649,,,,P017_SERIES01,Feature,SF_dislocation_interaction,qualitative,VERIFIED_WORKBOOK,"Sec.3.3.1 p.9; Sec.4.2 pp.16-18; Figs.16,21-23",source-reported,High,VERIFIED,COMPUTATIONAL_MD
P017,10.1016/j.ijplas.2019.102649,,,,P017_SERIES01,Recovered_Value,"Shockley partials pinned/interacting with ISF and ESF; loops, junctions, dipoles and stair-rod dislocations observed",qualitative,VERIFIED_WORKBOOK,"Sec.3.3.1 p.9; Sec.4.2 pp.16-18; Figs.16,21-23",source-reported,High,VERIFIED,COMPUTATIONAL_MD
P017,10.1016/j.ijplas.2019.102649,,,,P017_SERIES01,Units_or_Type,qualitative,qualitative,VERIFIED_WORKBOOK,"Sec.3.3.1 p.9; Sec.4.2 pp.16-18; Figs.16,21-23",source-reported,High,VERIFIED,COMPUTATIONAL_MD
P017,10.1016/j.ijplas.2019.102649,,,,P017_SERIES01,Data_Origin,COMPUTATIONAL_MD,qualitative,VERIFIED_WORKBOOK,"Sec.3.3.1 p.9; Sec.4.2 pp.16-18; Figs.16,21-23",source-reported,High,VERIFIED,COMPUTATIONAL_MD
P017,10.1016/j.ijplas.2019.102649,,,,P017_SERIES01,Evidence_Location,"Sec.3.3.1 p.9; Sec.4.2 pp.16-18; Figs.16,21-23",qualitative,VERIFIED_WORKBOOK,"Sec.3.3.1 p.9; Sec.4.2 pp.16-18; Figs.16,21-23",source-reported,High,VERIFIED,COMPUTATIONAL_MD
P017,10.1016/j.ijplas.2019.102649,,,,P017_SERIES01,Confidence,High,qualitative,VERIFIED_WORKBOOK,"Sec.3.3.1 p.9; Sec.4.2 pp.16-18; Figs.16,21-23",source-reported,High,VERIFIED,COMPUTATIONAL_MD
P017,10.1016/j.ijplas.2019.102649,,,,P017_SERIES01,Interpretation_Rule,Preserve as atomistic mechanism evidence; not a pre-test material descriptor.,qualitative,VERIFIED_WORKBOOK,"Sec.3.3.1 p.9; Sec.4.2 pp.16-18; Figs.16,21-23",source-reported,High,VERIFIED,COMPUTATIONAL_MD
P017,10.1016/j.ijplas.2019.102649,,,,P017_SERIES01,Scope,"Al1.5 at 300 K, ~20% strain",qualitative,VERIFIED_WORKBOOK,Sec.4.2 p.16,source-reported,High,VERIFIED,COMPUTATIONAL_MD
P017,10.1016/j.ijplas.2019.102649,,,,P017_SERIES01,Feature,Planar_glide_state,qualitative,VERIFIED_WORKBOOK,Sec.4.2 p.16,source-reported,High,VERIFIED,COMPUTATIONAL_MD
P017,10.1016/j.ijplas.2019.102649,,,,P017_SERIES01,Recovered_Value,High density of SFs and 1/6<112> partials; planar dislocation glide,qualitative,VERIFIED_WORKBOOK,Sec.4.2 p.16,source-reported,High,VERIFIED,COMPUTATIONAL_MD
P017,10.1016/j.ijplas.2019.102649,,,,P017_SERIES01,Units_or_Type,qualitative,qualitative,VERIFIED_WORKBOOK,Sec.4.2 p.16,source-reported,High,VERIFIED,COMPUTATIONAL_MD
P017,10.1016/j.ijplas.2019.102649,,,,P017_SERIES01,Data_Origin,COMPUTATIONAL_MD,qualitative,VERIFIED_WORKBOOK,Sec.4.2 p.16,source-reported,High,VERIFIED,COMPUTATIONAL_MD
P017,10.1016/j.ijplas.2019.102649,,,,P017_SERIES01,Evidence_Location,Sec.4.2 p.16,qualitative,VERIFIED_WORKBOOK,Sec.4.2 p.16,source-reported,High,VERIFIED,COMPUTATIONAL_MD
P017,10.1016/j.ijplas.2019.102649,,,,P017_SERIES01,Confidence,High,qualitative,VERIFIED_WORKBOOK,Sec.4.2 p.16,source-reported,High,VERIFIED,COMPUTATIONAL_MD
P017,10.1016/j.ijplas.2019.102649,,,,P017_SERIES01,Interpretation_Rule,Mechanism attributed to low SFE and large lattice friction stress.,qualitative,VERIFIED_WORKBOOK,Sec.4.2 p.16,source-reported,High,VERIFIED,COMPUTATIONAL_MD
P017,10.1016/j.ijplas.2019.102649,,,,P017_SERIES01,Scope,Both alloys,qualitative,VERIFIED_WORKBOOK,Sec.3.4 pp.11-12; Tables 1-2 pp.22-23,source-reported,High,VERIFIED,COMPUTATIONAL_MD
P017,10.1016/j.ijplas.2019.102649,,,,P017_SERIES01,Feature,Serrated_flow_driver,qualitative,VERIFIED_WORKBOOK,Sec.3.4 pp.11-12; Tables 1-2 pp.22-23,source-reported,High,VERIFIED,COMPUTATIONAL_MD
P017,10.1016/j.ijplas.2019.102649,,,,P017_SERIES01,Recovered_Value,Reversible phase transformation is a major source of stress fluctuation; SF/dislocation/twin interactions also contribute,qualitative,VERIFIED_WORKBOOK,Sec.3.4 pp.11-12; Tables 1-2 pp.22-23,source-reported,High,VERIFIED,COMPUTATIONAL_MD
P017,10.1016/j.ijplas.2019.102649,,,,P017_SERIES01,Units_or_Type,qualitative,qualitative,VERIFIED_WORKBOOK,Sec.3.4 pp.11-12; Tables 1-2 pp.22-23,source-reported,High,VERIFIED,COMPUTATIONAL_MD
P017,10.1016/j.ijplas.2019.102649,,,,P017_SERIES01,Data_Origin,COMPUTATIONAL_MD,qualitative,VERIFIED_WORKBOOK,Sec.3.4 pp.11-12; Tables 1-2 pp.22-23,source-reported,High,VERIFIED,COMPUTATIONAL_MD
P017,10.1016/j.ijplas.2019.102649,,,,P017_SERIES01,Evidence_Location,Sec.3.4 pp.11-12; Tables 1-2 pp.22-23,qualitative,VERIFIED_WORKBOOK,Sec.3.4 pp.11-12; Tables 1-2 pp.22-23,source-reported,High,VERIFIED,COMPUTATIONAL_MD
P017,10.1016/j.ijplas.2019.102649,,,,P017_SERIES01,Confidence,High,qualitative,VERIFIED_WORKBOOK,Sec.3.4 pp.11-12; Tables 1-2 pp.22-23,source-reported,High,VERIFIED,COMPUTATIONAL_MD
P017,10.1016/j.ijplas.2019.102649,,,,P017_SERIES01,Interpretation_Rule,Do not translate simulated serration metrics into experimental strength outcomes.,qualitative,VERIFIED_WORKBOOK,Sec.3.4 pp.11-12; Tables 1-2 pp.22-23,source-reported,High,VERIFIED,COMPUTATIONAL_MD
P017,10.1016/j.ijplas.2019.102649,,,,P017_SERIES01,Issue_ID,C001,as reported,VERIFIED_WORKBOOK,Abstract; Sec.2,source-reported,High,VERIFIED,COMPUTATIONAL_MD
P017,10.1016/j.ijplas.2019.102649,,,,P017_SERIES01,Scope,Domain identity,as reported,VERIFIED_WORKBOOK,Abstract; Sec.2,source-reported,High,VERIFIED,COMPUTATIONAL_MD
P017,10.1016/j.ijplas.2019.102649,,,,P017_SERIES01,Decision,P017 is computational MD only; contribute zero independent experimental ML conditions.,as reported,VERIFIED_WORKBOOK,Abstract; Sec.2,source-reported,High,VERIFIED,COMPUTATIONAL_MD
P017,10.1016/j.ijplas.2019.102649,,,,P017_SERIES01,Severity,CRITICAL,as reported,VERIFIED_WORKBOOK,Abstract; Sec.2,source-reported,High,VERIFIED,COMPUTATIONAL_MD
P017,10.1016/j.ijplas.2019.102649,,,,P017_SERIES01,Scientific_Rationale,"The study constructs atomistic models, melt/quenches them and deforms them in LAMMPS; experimental studies are used only for comparison.",as reported,VERIFIED_WORKBOOK,Abstract; Sec.2,source-reported,High,VERIFIED,COMPUTATIONAL_MD
P017,10.1016/j.ijplas.2019.102649,,,,P017_SERIES01,Implementation_Rule,Data_Origin=COMPUTATIONAL_MD. Independent_Experimental_ML_sample=False for every P017 record.,as reported,VERIFIED_WORKBOOK,Abstract; Sec.2,source-reported,High,VERIFIED,COMPUTATIONAL_MD
P017,10.1016/j.ijplas.2019.102649,,,,P017_SERIES01,Evidence_Location,Abstract; Sec.2,as reported,VERIFIED_WORKBOOK,Abstract; Sec.2,source-reported,High,VERIFIED,COMPUTATIONAL_MD
P017,10.1016/j.ijplas.2019.102649,,,,P017_SERIES01,Confidence,High,as reported,VERIFIED_WORKBOOK,Abstract; Sec.2,source-reported,High,VERIFIED,COMPUTATIONAL_MD
P017,10.1016/j.ijplas.2019.102649,,,,P017_SERIES01,Issue_ID,C002,as reported,VERIFIED_WORKBOOK,Abstract; Secs.3-4; Tables 1-2,source-reported,High,VERIFIED,COMPUTATIONAL_MD
P017,10.1016/j.ijplas.2019.102649,,,,P017_SERIES01,Scope,TRIP target semantics,as reported,VERIFIED_WORKBOOK,Abstract; Secs.3-4; Tables 1-2,source-reported,High,VERIFIED,COMPUTATIONAL_MD
P017,10.1016/j.ijplas.2019.102649,,,,P017_SERIES01,Decision,Do not merge authors-native P017 TRIP labels directly into the experimental TRIP target pool.,as reported,VERIFIED_WORKBOOK,Abstract; Secs.3-4; Tables 1-2,source-reported,High,VERIFIED,COMPUTATIONAL_MD
P017,10.1016/j.ijplas.2019.102649,,,,P017_SERIES01,Severity,CRITICAL,as reported,VERIFIED_WORKBOOK,Abstract; Secs.3-4; Tables 1-2,source-reported,High,VERIFIED,COMPUTATIONAL_MD
P017,10.1016/j.ijplas.2019.102649,,,,P017_SERIES01,Scientific_Rationale,"P017 TRIP includes reversible BCC↔FCC(HCP/SF) transformations, whereas the project experimental target is primarily deformation-induced FCC→HCP martensitic transformation.",as reported,VERIFIED_WORKBOOK,Abstract; Secs.3-4; Tables 1-2,source-reported,High,VERIFIED,COMPUTATIONAL_MD
P017,10.1016/j.ijplas.2019.102649,,,,P017_SERIES01,Implementation_Rule,Store Paper_Native_TRIP separately and Experimental_Target_Eligibility=NOT_ELIGIBLE_FOR_EXPERIMENTAL_TARGET_POOL.,as reported,VERIFIED_WORKBOOK,Abstract; Secs.3-4; Tables 1-2,source-reported,High,VERIFIED,COMPUTATIONAL_MD
P017,10.1016/j.ijplas.2019.102649,,,,P017_SERIES01,Evidence_Location,Abstract; Secs.3-4; Tables 1-2,as reported,VERIFIED_WORKBOOK,Abstract; Secs.3-4; Tables 1-2,source-reported,High,VERIFIED,COMPUTATIONAL_MD
P017,10.1016/j.ijplas.2019.102649,,,,P017_SERIES01,Confidence,High,as reported,VERIFIED_WORKBOOK,Abstract; Secs.3-4; Tables 1-2,source-reported,High,VERIFIED,COMPUTATIONAL_MD
P017,10.1016/j.ijplas.2019.102649,,,,P017_SERIES01,Issue_ID,C003,as reported,VERIFIED_WORKBOOK,"Secs.4.1-4.3; Figs.20,24,25",source-reported,High,VERIFIED,COMPUTATIONAL_MD
P017,10.1016/j.ijplas.2019.102649,,,,P017_SERIES01,Scope,TWIP target semantics,as reported,VERIFIED_WORKBOOK,"Secs.4.1-4.3; Figs.20,24,25",source-reported,High,VERIFIED,COMPUTATIONAL_MD
P017,10.1016/j.ijplas.2019.102649,,,,P017_SERIES01,Decision,Do not merge P017 native TWIP labels directly into experimental TWIP labels.,as reported,VERIFIED_WORKBOOK,"Secs.4.1-4.3; Figs.20,24,25",source-reported,High,VERIFIED,COMPUTATIONAL_MD
P017,10.1016/j.ijplas.2019.102649,,,,P017_SERIES01,Severity,CRITICAL,as reported,VERIFIED_WORKBOOK,"Secs.4.1-4.3; Figs.20,24,25",source-reported,High,VERIFIED,COMPUTATIONAL_MD
P017,10.1016/j.ijplas.2019.102649,,,,P017_SERIES01,Scientific_Rationale,"Key nanotwinning in this paper is identified inside BCC and participates in TRIP-induced TWIP / TWIP-induced TRIP, which is not equivalent to standard FCC deformation-twinning evidence in the experimental dataset.",as reported,VERIFIED_WORKBOOK,"Secs.4.1-4.3; Figs.20,24,25",source-reported,High,VERIFIED,COMPUTATIONAL_MD
P017,10.1016/j.ijplas.2019.102649,,,,P017_SERIES01,Implementation_Rule,Store Paper_Native_TWIP with phase/mechanism scope; no Effective_Experimental_TWIP label.,as reported,VERIFIED_WORKBOOK,"Secs.4.1-4.3; Figs.20,24,25",source-reported,High,VERIFIED,COMPUTATIONAL_MD
P017,10.1016/j.ijplas.2019.102649,,,,P017_SERIES01,Evidence_Location,"Secs.4.1-4.3; Figs.20,24,25",as reported,VERIFIED_WORKBOOK,"Secs.4.1-4.3; Figs.20,24,25",source-reported,High,VERIFIED,COMPUTATIONAL_MD
P017,10.1016/j.ijplas.2019.102649,,,,P017_SERIES01,Confidence,High,as reported,VERIFIED_WORKBOOK,"Secs.4.1-4.3; Figs.20,24,25",source-reported,High,VERIFIED,COMPUTATIONAL_MD
P017,10.1016/j.ijplas.2019.102649,,,,P017_SERIES01,Issue_ID,C004,as reported,VERIFIED_WORKBOOK,Abstract; Sec.3.1,source-reported,High,VERIFIED,COMPUTATIONAL_MD
P017,10.1016/j.ijplas.2019.102649,,,,P017_SERIES01,Scope,PTM HCP meaning,as reported,VERIFIED_WORKBOOK,Abstract; Sec.3.1,source-reported,High,VERIFIED,COMPUTATIONAL_MD
P017,10.1016/j.ijplas.2019.102649,,,,P017_SERIES01,Decision,Do not treat every HCP-classified atom as bulk ε-martensite fraction.,as reported,VERIFIED_WORKBOOK,Abstract; Sec.3.1,source-reported,High,VERIFIED,COMPUTATIONAL_MD
P017,10.1016/j.ijplas.2019.102649,,,,P017_SERIES01,Severity,CRITICAL,as reported,VERIFIED_WORKBOOK,Abstract; Sec.3.1,source-reported,High,VERIFIED,COMPUTATIONAL_MD
P017,10.1016/j.ijplas.2019.102649,,,,P017_SERIES01,Scientific_Rationale,The authors explicitly state SFs are detected based on HCP structure inside FCC; HCP PTM environments can represent stacking faults.,as reported,VERIFIED_WORKBOOK,Abstract; Sec.3.1,source-reported,High,VERIFIED,COMPUTATIONAL_MD
P017,10.1016/j.ijplas.2019.102649,,,,P017_SERIES01,Implementation_Rule,Use HCP_or_SF terminology unless the paper specifically identifies a phase transformation state.,as reported,VERIFIED_WORKBOOK,Abstract; Sec.3.1,source-reported,High,VERIFIED,COMPUTATIONAL_MD
P017,10.1016/j.ijplas.2019.102649,,,,P017_SERIES01,Evidence_Location,Abstract; Sec.3.1,as reported,VERIFIED_WORKBOOK,Abstract; Sec.3.1,source-reported,High,VERIFIED,COMPUTATIONAL_MD
P017,10.1016/j.ijplas.2019.102649,,,,P017_SERIES01,Confidence,High,as reported,VERIFIED_WORKBOOK,Abstract; Sec.3.1,source-reported,High,VERIFIED,COMPUTATIONAL_MD
P017,10.1016/j.ijplas.2019.102649,,,,P017_SERIES01,Issue_ID,C005,as reported,VERIFIED_WORKBOOK,Sec.2 p.3; Sec.3.1 pp.4-5,source-reported,High,VERIFIED,COMPUTATIONAL_MD
P017,10.1016/j.ijplas.2019.102649,,,,P017_SERIES01,Scope,SFE provenance,as reported,VERIFIED_WORKBOOK,Sec.2 p.3; Sec.3.1 pp.4-5,source-reported,High,VERIFIED,COMPUTATIONAL_MD
P017,10.1016/j.ijplas.2019.102649,,,,P017_SERIES01,Decision,Keep FCC γsf -14/-27 and BCC γusf 610/579 as 0 K EAM GSFE values.,as reported,VERIFIED_WORKBOOK,Sec.2 p.3; Sec.3.1 pp.4-5,source-reported,High,VERIFIED,COMPUTATIONAL_MD
P017,10.1016/j.ijplas.2019.102649,,,,P017_SERIES01,Severity,MAJOR,as reported,VERIFIED_WORKBOOK,Sec.2 p.3; Sec.3.1 pp.4-5,source-reported,High,VERIFIED,COMPUTATIONAL_MD
P017,10.1016/j.ijplas.2019.102649,,,,P017_SERIES01,Scientific_Rationale,"They are structure-specific computational energies from separate FCC/BCC GSFE models, not finite-temperature experimental SFE measurements.",as reported,VERIFIED_WORKBOOK,Sec.2 p.3; Sec.3.1 pp.4-5,source-reported,High,VERIFIED,COMPUTATIONAL_MD
P017,10.1016/j.ijplas.2019.102649,,,,P017_SERIES01,Implementation_Rule,"Never merge with experimental, thermodynamic or DFT SFE without method/domain fields.",as reported,VERIFIED_WORKBOOK,Sec.2 p.3; Sec.3.1 pp.4-5,source-reported,High,VERIFIED,COMPUTATIONAL_MD
P017,10.1016/j.ijplas.2019.102649,,,,P017_SERIES01,Evidence_Location,Sec.2 p.3; Sec.3.1 pp.4-5,as reported,VERIFIED_WORKBOOK,Sec.2 p.3; Sec.3.1 pp.4-5,source-reported,High,VERIFIED,COMPUTATIONAL_MD
P017,10.1016/j.ijplas.2019.102649,,,,P017_SERIES01,Confidence,High,as reported,VERIFIED_WORKBOOK,Sec.2 p.3; Sec.3.1 pp.4-5,source-reported,High,VERIFIED,COMPUTATIONAL_MD
P017,10.1016/j.ijplas.2019.102649,,,,P017_SERIES01,Issue_ID,C006,as reported,VERIFIED_WORKBOOK,Sec.3.4; Figs.18-19,source-reported,High,VERIFIED,COMPUTATIONAL_MD
P017,10.1016/j.ijplas.2019.102649,,,,P017_SERIES01,Scope,Strain-rate domain,as reported,VERIFIED_WORKBOOK,Sec.3.4; Figs.18-19,source-reported,High,VERIFIED,COMPUTATIONAL_MD
P017,10.1016/j.ijplas.2019.102649,,,,P017_SERIES01,Decision,Preserve MD strain rates 1e8-1e10 s^-1 and never compare them numerically as if they were quasi-static experimental strain rates.,as reported,VERIFIED_WORKBOOK,Sec.3.4; Figs.18-19,source-reported,High,VERIFIED,COMPUTATIONAL_MD
P017,10.1016/j.ijplas.2019.102649,,,,P017_SERIES01,Severity,CRITICAL,as reported,VERIFIED_WORKBOOK,Sec.3.4; Figs.18-19,source-reported,High,VERIFIED,COMPUTATIONAL_MD
P017,10.1016/j.ijplas.2019.102649,,,,P017_SERIES01,Scientific_Rationale,The simulated rates are many orders of magnitude above typical experiments and can alter activated defect mechanisms.,as reported,VERIFIED_WORKBOOK,Sec.3.4; Figs.18-19,source-reported,High,VERIFIED,COMPUTATIONAL_MD
P017,10.1016/j.ijplas.2019.102649,,,,P017_SERIES01,Implementation_Rule,Computational conditions remain separate in domain-aware analysis.,as reported,VERIFIED_WORKBOOK,Sec.3.4; Figs.18-19,source-reported,High,VERIFIED,COMPUTATIONAL_MD
P017,10.1016/j.ijplas.2019.102649,,,,P017_SERIES01,Evidence_Location,Sec.3.4; Figs.18-19,as reported,VERIFIED_WORKBOOK,Sec.3.4; Figs.18-19,source-reported,High,VERIFIED,COMPUTATIONAL_MD
P017,10.1016/j.ijplas.2019.102649,,,,P017_SERIES01,Confidence,High,as reported,VERIFIED_WORKBOOK,Sec.3.4; Figs.18-19,source-reported,High,VERIFIED,COMPUTATIONAL_MD
P017,10.1016/j.ijplas.2019.102649,,,,P017_SERIES01,Issue_ID,C007,as reported,VERIFIED_WORKBOOK,Table 1 p.22,source-reported,High,VERIFIED,COMPUTATIONAL_MD
P017,10.1016/j.ijplas.2019.102649,,,,P017_SERIES01,Scope,Stress metrics,as reported,VERIFIED_WORKBOOK,Table 1 p.22,source-reported,High,VERIFIED,COMPUTATIONAL_MD
P017,10.1016/j.ijplas.2019.102649,,,,P017_SERIES01,Decision,"SIS-PSR and UTS-PSR are paper-specific MD stress-regime metrics, not engineering YS/UTS.",as reported,VERIFIED_WORKBOOK,Table 1 p.22,source-reported,High,VERIFIED,COMPUTATIONAL_MD
P017,10.1016/j.ijplas.2019.102649,,,,P017_SERIES01,Severity,MAJOR,as reported,VERIFIED_WORKBOOK,Table 1 p.22,source-reported,High,VERIFIED,COMPUTATIONAL_MD
P017,10.1016/j.ijplas.2019.102649,,,,P017_SERIES01,Scientific_Rationale,Table 1 defines 'Strength at initial steps of plastic strengthening regime' and 'Ultimate tensile strength at plastic strengthening regime'.,as reported,VERIFIED_WORKBOOK,Table 1 p.22,source-reported,High,VERIFIED,COMPUTATIONAL_MD
P017,10.1016/j.ijplas.2019.102649,,,,P017_SERIES01,Implementation_Rule,Store in dedicated SIS_PSR_GPa / UTS_PSR_GPa fields.,as reported,VERIFIED_WORKBOOK,Table 1 p.22,source-reported,High,VERIFIED,COMPUTATIONAL_MD
P017,10.1016/j.ijplas.2019.102649,,,,P017_SERIES01,Evidence_Location,Table 1 p.22,as reported,VERIFIED_WORKBOOK,Table 1 p.22,source-reported,High,VERIFIED,COMPUTATIONAL_MD
P017,10.1016/j.ijplas.2019.102649,,,,P017_SERIES01,Confidence,High,as reported,VERIFIED_WORKBOOK,Table 1 p.22,source-reported,High,VERIFIED,COMPUTATIONAL_MD
P017,10.1016/j.ijplas.2019.102649,,,,P017_SERIES01,Issue_ID,C008,as reported,VERIFIED_WORKBOOK,Sec.4.4; Table 1,source-reported,High,VERIFIED,COMPUTATIONAL_MD
P017,10.1016/j.ijplas.2019.102649,,,,P017_SERIES01,Scope,Condition vs replicate,as reported,VERIFIED_WORKBOOK,Sec.4.4; Table 1,source-reported,High,VERIFIED,COMPUTATIONAL_MD
P017,10.1016/j.ijplas.2019.102649,,,,P017_SERIES01,Decision,"The 12 'samples' are 12 simulation conditions, not physical or tensile replicates.",as reported,VERIFIED_WORKBOOK,Sec.4.4; Table 1,source-reported,High,VERIFIED,COMPUTATIONAL_MD
P017,10.1016/j.ijplas.2019.102649,,,,P017_SERIES01,Severity,CRITICAL,as reported,VERIFIED_WORKBOOK,Sec.4.4; Table 1,source-reported,High,VERIFIED,COMPUTATIONAL_MD
P017,10.1016/j.ijplas.2019.102649,,,,P017_SERIES01,Scientific_Rationale,They arise from two compositions across temperature/strain-rate combinations.,as reported,VERIFIED_WORKBOOK,Sec.4.4; Table 1,source-reported,High,VERIFIED,COMPUTATIONAL_MD
P017,10.1016/j.ijplas.2019.102649,,,,P017_SERIES01,Implementation_Rule,Count as 12 independent computational conditions only; experimental condition increment = 0.,as reported,VERIFIED_WORKBOOK,Sec.4.4; Table 1,source-reported,High,VERIFIED,COMPUTATIONAL_MD
P017,10.1016/j.ijplas.2019.102649,,,,P017_SERIES01,Evidence_Location,Sec.4.4; Table 1,as reported,VERIFIED_WORKBOOK,Sec.4.4; Table 1,source-reported,High,VERIFIED,COMPUTATIONAL_MD
P017,10.1016/j.ijplas.2019.102649,,,,P017_SERIES01,Confidence,High,as reported,VERIFIED_WORKBOOK,Sec.4.4; Table 1,source-reported,High,VERIFIED,COMPUTATIONAL_MD
P017,10.1016/j.ijplas.2019.102649,,,,P017_SERIES01,Issue_ID,C009,as reported,VERIFIED_WORKBOOK,"Figs.6,8,12,14,19",source-reported,High,VERIFIED,COMPUTATIONAL_MD
P017,10.1016/j.ijplas.2019.102649,,,,P017_SERIES01,Scope,Figure digitization,as reported,VERIFIED_WORKBOOK,"Figs.6,8,12,14,19",source-reported,High,VERIFIED,COMPUTATIONAL_MD
P017,10.1016/j.ijplas.2019.102649,,,,P017_SERIES01,Decision,Do not digitize full phase-fraction/dislocation-density trajectories in this recovery task.,as reported,VERIFIED_WORKBOOK,"Figs.6,8,12,14,19",source-reported,High,VERIFIED,COMPUTATIONAL_MD
P017,10.1016/j.ijplas.2019.102649,,,,P017_SERIES01,Severity,MAJOR,as reported,VERIFIED_WORKBOOK,"Figs.6,8,12,14,19",source-reported,High,VERIFIED,COMPUTATIONAL_MD
P017,10.1016/j.ijplas.2019.102649,,,,P017_SERIES01,Scientific_Rationale,Dense time-series points are highly correlated and digitization would add avoidable uncertainty.,as reported,VERIFIED_WORKBOOK,"Figs.6,8,12,14,19",source-reported,High,VERIFIED,COMPUTATIONAL_MD
P017,10.1016/j.ijplas.2019.102649,,,,P017_SERIES01,Implementation_Rule,Keep Table 1 condition summary and only high-value text/figure landmark sequences.,as reported,VERIFIED_WORKBOOK,"Figs.6,8,12,14,19",source-reported,High,VERIFIED,COMPUTATIONAL_MD
P017,10.1016/j.ijplas.2019.102649,,,,P017_SERIES01,Evidence_Location,"Figs.6,8,12,14,19",as reported,VERIFIED_WORKBOOK,"Figs.6,8,12,14,19",source-reported,High,VERIFIED,COMPUTATIONAL_MD
P017,10.1016/j.ijplas.2019.102649,,,,P017_SERIES01,Confidence,High,as reported,VERIFIED_WORKBOOK,"Figs.6,8,12,14,19",source-reported,High,VERIFIED,COMPUTATIONAL_MD
P017,10.1016/j.ijplas.2019.102649,,,,P017_SERIES01,Priority,P0,as reported,VERIFIED_WORKBOOK,Abstract; Sec.2,source-reported,High,VERIFIED,COMPUTATIONAL_MD
P017,10.1016/j.ijplas.2019.102649,,,,P017_SERIES01,Decision_ID,D001,as reported,VERIFIED_WORKBOOK,Abstract; Sec.2,source-reported,High,VERIFIED,COMPUTATIONAL_MD
P017,10.1016/j.ijplas.2019.102649,,,,P017_SERIES01,Decision,"Integrate P017 into a computational-support domain, not the independent experimental training pool.",as reported,VERIFIED_WORKBOOK,Abstract; Sec.2,source-reported,High,VERIFIED,COMPUTATIONAL_MD
P017,10.1016/j.ijplas.2019.102649,,,,P017_SERIES01,Status,READY,as reported,VERIFIED_WORKBOOK,Abstract; Sec.2,source-reported,High,VERIFIED,COMPUTATIONAL_MD
P017,10.1016/j.ijplas.2019.102649,,,,P017_SERIES01,Scientific_Rationale,P017 contains no new physical tensile specimens; all data are MD simulations.,as reported,VERIFIED_WORKBOOK,Abstract; Sec.2,source-reported,High,VERIFIED,COMPUTATIONAL_MD
P017,10.1016/j.ijplas.2019.102649,,,,P017_SERIES01,Implementation_Rule,"recovery master may retain source/support rows, but independent experimental ML count must not increase.",as reported,VERIFIED_WORKBOOK,Abstract; Sec.2,source-reported,High,VERIFIED,COMPUTATIONAL_MD
P017,10.1016/j.ijplas.2019.102649,,,,P017_SERIES01,Evidence_Location,Abstract; Sec.2,as reported,VERIFIED_WORKBOOK,Abstract; Sec.2,source-reported,High,VERIFIED,COMPUTATIONAL_MD
P017,10.1016/j.ijplas.2019.102649,,,,P017_SERIES01,Priority,P0,as reported,VERIFIED_WORKBOOK,Table 1 p.22,source-reported,High,VERIFIED,COMPUTATIONAL_MD
P017,10.1016/j.ijplas.2019.102649,,,,P017_SERIES01,Decision_ID,D002,as reported,VERIFIED_WORKBOOK,Table 1 p.22,source-reported,High,VERIFIED,COMPUTATIONAL_MD
P017,10.1016/j.ijplas.2019.102649,,,,P017_SERIES01,Decision,Represent 12 distinct computational conditions = 2 alloys × 6 T/strain-rate combinations.,as reported,VERIFIED_WORKBOOK,Table 1 p.22,source-reported,High,VERIFIED,COMPUTATIONAL_MD
P017,10.1016/j.ijplas.2019.102649,,,,P017_SERIES01,Status,READY,as reported,VERIFIED_WORKBOOK,Table 1 p.22,source-reported,High,VERIFIED,COMPUTATIONAL_MD
P017,10.1016/j.ijplas.2019.102649,,,,P017_SERIES01,Scientific_Rationale,Table 1 summarizes the total 12 simulated tensile cases.,as reported,VERIFIED_WORKBOOK,Table 1 p.22,source-reported,High,VERIFIED,COMPUTATIONAL_MD
P017,10.1016/j.ijplas.2019.102649,,,,P017_SERIES01,Implementation_Rule,Create P017_SIM_* IDs; Independent_Computational_Condition=True and Independent_Experimental_ML_sample=False.,as reported,VERIFIED_WORKBOOK,Table 1 p.22,source-reported,High,VERIFIED,COMPUTATIONAL_MD
P017,10.1016/j.ijplas.2019.102649,,,,P017_SERIES01,Evidence_Location,Table 1 p.22,as reported,VERIFIED_WORKBOOK,Table 1 p.22,source-reported,High,VERIFIED,COMPUTATIONAL_MD
P017,10.1016/j.ijplas.2019.102649,,,,P017_SERIES01,Priority,P0,as reported,VERIFIED_WORKBOOK,Secs.4.1-4.4,source-reported,High,VERIFIED,COMPUTATIONAL_MD
P017,10.1016/j.ijplas.2019.102649,,,,P017_SERIES01,Decision_ID,D003,as reported,VERIFIED_WORKBOOK,Secs.4.1-4.4,source-reported,High,VERIFIED,COMPUTATIONAL_MD
P017,10.1016/j.ijplas.2019.102649,,,,P017_SERIES01,Decision,Preserve authors-native TRIP/TWIP separately from experimental targets.,as reported,VERIFIED_WORKBOOK,Secs.4.1-4.4,source-reported,High,VERIFIED,COMPUTATIONAL_MD
P017,10.1016/j.ijplas.2019.102649,,,,P017_SERIES01,Status,READY,as reported,VERIFIED_WORKBOOK,Secs.4.1-4.4,source-reported,High,VERIFIED,COMPUTATIONAL_MD
P017,10.1016/j.ijplas.2019.102649,,,,P017_SERIES01,Scientific_Rationale,Mechanism definitions are phase-path specific and include BCC twinning and reversible BCC↔FCC(HCP/SF) transformations.,as reported,VERIFIED_WORKBOOK,Secs.4.1-4.4,source-reported,High,VERIFIED,COMPUTATIONAL_MD
P017,10.1016/j.ijplas.2019.102649,,,,P017_SERIES01,Implementation_Rule,Do not populate effective experimental TRIP/TWIP from these simulation labels.,as reported,VERIFIED_WORKBOOK,Secs.4.1-4.4,source-reported,High,VERIFIED,COMPUTATIONAL_MD
P017,10.1016/j.ijplas.2019.102649,,,,P017_SERIES01,Evidence_Location,Secs.4.1-4.4,as reported,VERIFIED_WORKBOOK,Secs.4.1-4.4,source-reported,High,VERIFIED,COMPUTATIONAL_MD
P017,10.1016/j.ijplas.2019.102649,,,,P017_SERIES01,Priority,P1,as reported,VERIFIED_WORKBOOK,Sec.3.1,source-reported,High,VERIFIED,COMPUTATIONAL_MD
P017,10.1016/j.ijplas.2019.102649,,,,P017_SERIES01,Decision_ID,D004,as reported,VERIFIED_WORKBOOK,Sec.3.1,source-reported,High,VERIFIED,COMPUTATIONAL_MD
P017,10.1016/j.ijplas.2019.102649,,,,P017_SERIES01,Decision,Recover 0 K FCC stable SFE and BCC unstable SFE with strict method/structure provenance.,as reported,VERIFIED_WORKBOOK,Sec.3.1,source-reported,High,VERIFIED,COMPUTATIONAL_MD
P017,10.1016/j.ijplas.2019.102649,,,,P017_SERIES01,Status,READY,as reported,VERIFIED_WORKBOOK,Sec.3.1,source-reported,High,VERIFIED,COMPUTATIONAL_MD
P017,10.1016/j.ijplas.2019.102649,,,,P017_SERIES01,Scientific_Rationale,The paper reports exact EAM GSFE values for both alloy compositions.,as reported,VERIFIED_WORKBOOK,Sec.3.1,source-reported,High,VERIFIED,COMPUTATIONAL_MD
P017,10.1016/j.ijplas.2019.102649,,,,P017_SERIES01,Implementation_Rule,Store -14/-27 as FCC γsf and 610/579 as BCC γusf; never collapse them into one SFE column without subtype.,as reported,VERIFIED_WORKBOOK,Sec.3.1,source-reported,High,VERIFIED,COMPUTATIONAL_MD
P017,10.1016/j.ijplas.2019.102649,,,,P017_SERIES01,Evidence_Location,Sec.3.1,as reported,VERIFIED_WORKBOOK,Sec.3.1,source-reported,High,VERIFIED,COMPUTATIONAL_MD
P017,10.1016/j.ijplas.2019.102649,,,,P017_SERIES01,Priority,P1,as reported,VERIFIED_WORKBOOK,Figs.20-25,source-reported,High,VERIFIED,COMPUTATIONAL_MD
P017,10.1016/j.ijplas.2019.102649,,,,P017_SERIES01,Decision_ID,D005,as reported,VERIFIED_WORKBOOK,Figs.20-25,source-reported,High,VERIFIED,COMPUTATIONAL_MD
P017,10.1016/j.ijplas.2019.102649,,,,P017_SERIES01,Decision,Keep only high-value coupled-mechanism landmarks instead of all atomic snapshots.,as reported,VERIFIED_WORKBOOK,Figs.20-25,source-reported,High,VERIFIED,COMPUTATIONAL_MD
P017,10.1016/j.ijplas.2019.102649,,,,P017_SERIES01,Status,READY,as reported,VERIFIED_WORKBOOK,Figs.20-25,source-reported,High,VERIFIED,COMPUTATIONAL_MD
P017,10.1016/j.ijplas.2019.102649,,,,P017_SERIES01,Scientific_Rationale,Full trajectories are correlated and visually dense; key sequences already capture causal mechanism chronology.,as reported,VERIFIED_WORKBOOK,Figs.20-25,source-reported,High,VERIFIED,COMPUTATIONAL_MD
P017,10.1016/j.ijplas.2019.102649,,,,P017_SERIES01,Implementation_Rule,Use supporting correlated simulation records; no master-sample inflation.,as reported,VERIFIED_WORKBOOK,Figs.20-25,source-reported,High,VERIFIED,COMPUTATIONAL_MD
P017,10.1016/j.ijplas.2019.102649,,,,P017_SERIES01,Evidence_Location,Figs.20-25,as reported,VERIFIED_WORKBOOK,Figs.20-25,source-reported,High,VERIFIED,COMPUTATIONAL_MD
P017,10.1016/j.ijplas.2019.102649,,,,P017_SERIES01,Priority,P1,as reported,VERIFIED_WORKBOOK,Title/Methods,source-reported,High,VERIFIED,COMPUTATIONAL_MD
P017,10.1016/j.ijplas.2019.102649,,,,P017_SERIES01,Decision_ID,D006,as reported,VERIFIED_WORKBOOK,Title/Methods,source-reported,High,VERIFIED,COMPUTATIONAL_MD
P017,10.1016/j.ijplas.2019.102649,,,,P017_SERIES01,Decision,Do not normalize nominal molar-ratio formulas to at.% in this recovery stage.,as reported,VERIFIED_WORKBOOK,Title/Methods,source-reported,High,VERIFIED,COMPUTATIONAL_MD
P017,10.1016/j.ijplas.2019.102649,,,,P017_SERIES01,Status,READY,as reported,VERIFIED_WORKBOOK,Title/Methods,source-reported,High,VERIFIED,COMPUTATIONAL_MD
P017,10.1016/j.ijplas.2019.102649,,,,P017_SERIES01,Scientific_Rationale,Project chemistry standardization is a later controlled step.,as reported,VERIFIED_WORKBOOK,Title/Methods,source-reported,High,VERIFIED,COMPUTATIONAL_MD
P017,10.1016/j.ijplas.2019.102649,,,,P017_SERIES01,Implementation_Rule,Preserve Al0.5CrCoFeCuNi and Al1.5CrCoFeCuNi original molar-ratio basis.,as reported,VERIFIED_WORKBOOK,Title/Methods,source-reported,High,VERIFIED,COMPUTATIONAL_MD
P017,10.1016/j.ijplas.2019.102649,,,,P017_SERIES01,Evidence_Location,Title/Methods,as reported,VERIFIED_WORKBOOK,Title/Methods,source-reported,High,VERIFIED,COMPUTATIONAL_MD
P017,10.1016/j.ijplas.2019.102649,,,,P017_SERIES01,Priority,P1,as reported,VERIFIED_WORKBOOK,Abstract; Sec.3.1,source-reported,High,VERIFIED,COMPUTATIONAL_MD
P017,10.1016/j.ijplas.2019.102649,,,,P017_SERIES01,Decision_ID,D007,as reported,VERIFIED_WORKBOOK,Abstract; Sec.3.1,source-reported,High,VERIFIED,COMPUTATIONAL_MD
P017,10.1016/j.ijplas.2019.102649,,,,P017_SERIES01,Decision,Do not interpret PTM HCP percentage as experimental martensite fraction.,as reported,VERIFIED_WORKBOOK,Abstract; Sec.3.1,source-reported,High,VERIFIED,COMPUTATIONAL_MD
P017,10.1016/j.ijplas.2019.102649,,,,P017_SERIES01,Status,READY,as reported,VERIFIED_WORKBOOK,Abstract; Sec.3.1,source-reported,High,VERIFIED,COMPUTATIONAL_MD
P017,10.1016/j.ijplas.2019.102649,,,,P017_SERIES01,Scientific_Rationale,HCP local structure is also used to identify stacking faults inside FCC.,as reported,VERIFIED_WORKBOOK,Abstract; Sec.3.1,source-reported,High,VERIFIED,COMPUTATIONAL_MD
P017,10.1016/j.ijplas.2019.102649,,,,P017_SERIES01,Implementation_Rule,Preserve HCP_or_SF scope and explicit phase-path descriptions.,as reported,VERIFIED_WORKBOOK,Abstract; Sec.3.1,source-reported,High,VERIFIED,COMPUTATIONAL_MD
P017,10.1016/j.ijplas.2019.102649,,,,P017_SERIES01,Evidence_Location,Abstract; Sec.3.1,as reported,VERIFIED_WORKBOOK,Abstract; Sec.3.1,source-reported,High,VERIFIED,COMPUTATIONAL_MD
P017,10.1016/j.ijplas.2019.102649,,,,P017_SERIES01,Record_ID,P017_SERIES01,atoms,DIRECT_TEXT,Sec.2 p.2,MD setup,High,VERIFIED,COMPUTATIONAL_MD
P017,10.1016/j.ijplas.2019.102649,,,,P017_SERIES01,Feature_Name,Atom_Count,atoms,DIRECT_TEXT,Sec.2 p.2,MD setup,High,VERIFIED,COMPUTATIONAL_MD
P017,10.1016/j.ijplas.2019.102649,,,,P017_SERIES01,Recovered_Value,80000,atoms,DIRECT_TEXT,Sec.2 p.2,MD setup,High,VERIFIED,COMPUTATIONAL_MD
P017,10.1016/j.ijplas.2019.102649,,,,P017_SERIES01,Units,atoms,atoms,DIRECT_TEXT,Sec.2 p.2,MD setup,High,VERIFIED,COMPUTATIONAL_MD
P017,10.1016/j.ijplas.2019.102649,,,,P017_SERIES01,Evidence_Type,DIRECT_TEXT,atoms,DIRECT_TEXT,Sec.2 p.2,MD setup,High,VERIFIED,COMPUTATIONAL_MD
P017,10.1016/j.ijplas.2019.102649,,,,P017_SERIES01,Evidence_Location,Sec.2 p.2,atoms,DIRECT_TEXT,Sec.2 p.2,MD setup,High,VERIFIED,COMPUTATIONAL_MD
P017,10.1016/j.ijplas.2019.102649,,,,P017_SERIES01,Method,MD setup,atoms,DIRECT_TEXT,Sec.2 p.2,MD setup,High,VERIFIED,COMPUTATIONAL_MD
P017,10.1016/j.ijplas.2019.102649,,,,P017_SERIES01,Confidence,High,atoms,DIRECT_TEXT,Sec.2 p.2,MD setup,High,VERIFIED,COMPUTATIONAL_MD
P017,10.1016/j.ijplas.2019.102649,,,,P017_SERIES01,Recovery_Status,VERIFIED,atoms,DIRECT_TEXT,Sec.2 p.2,MD setup,High,VERIFIED,COMPUTATIONAL_MD
P017,10.1016/j.ijplas.2019.102649,,,,P017_SERIES01,Record_ID,P017_SERIES01,s,DIRECT_TEXT,Sec.2 p.3,Verlet integration,High,VERIFIED,COMPUTATIONAL_MD
P017,10.1016/j.ijplas.2019.102649,,,,P017_SERIES01,Feature_Name,MD_Time_Step,s,DIRECT_TEXT,Sec.2 p.3,Verlet integration,High,VERIFIED,COMPUTATIONAL_MD
P017,10.1016/j.ijplas.2019.102649,,,,P017_SERIES01,Recovered_Value,2e-15,s,DIRECT_TEXT,Sec.2 p.3,Verlet integration,High,VERIFIED,COMPUTATIONAL_MD
P017,10.1016/j.ijplas.2019.102649,,,,P017_SERIES01,Units,s,s,DIRECT_TEXT,Sec.2 p.3,Verlet integration,High,VERIFIED,COMPUTATIONAL_MD
P017,10.1016/j.ijplas.2019.102649,,,,P017_SERIES01,Evidence_Type,DIRECT_TEXT,s,DIRECT_TEXT,Sec.2 p.3,Verlet integration,High,VERIFIED,COMPUTATIONAL_MD
P017,10.1016/j.ijplas.2019.102649,,,,P017_SERIES01,Evidence_Location,Sec.2 p.3,s,DIRECT_TEXT,Sec.2 p.3,Verlet integration,High,VERIFIED,COMPUTATIONAL_MD
P017,10.1016/j.ijplas.2019.102649,,,,P017_SERIES01,Method,Verlet integration,s,DIRECT_TEXT,Sec.2 p.3,Verlet integration,High,VERIFIED,COMPUTATIONAL_MD
P017,10.1016/j.ijplas.2019.102649,,,,P017_SERIES01,Confidence,High,s,DIRECT_TEXT,Sec.2 p.3,Verlet integration,High,VERIFIED,COMPUTATIONAL_MD
P017,10.1016/j.ijplas.2019.102649,,,,P017_SERIES01,Recovery_Status,VERIFIED,s,DIRECT_TEXT,Sec.2 p.3,Verlet integration,High,VERIFIED,COMPUTATIONAL_MD
P017,10.1016/j.ijplas.2019.102649,,,,P017_SERIES01,Record_ID,P017_SERIES01,K/s,DIRECT_TEXT,Sec.2 p.3,MD thermal cycle,High,VERIFIED,COMPUTATIONAL_MD
P017,10.1016/j.ijplas.2019.102649,,,,P017_SERIES01,Feature_Name,Heating_Rate,K/s,DIRECT_TEXT,Sec.2 p.3,MD thermal cycle,High,VERIFIED,COMPUTATIONAL_MD
P017,10.1016/j.ijplas.2019.102649,,,,P017_SERIES01,Recovered_Value,21100000000000,K/s,DIRECT_TEXT,Sec.2 p.3,MD thermal cycle,High,VERIFIED,COMPUTATIONAL_MD
P017,10.1016/j.ijplas.2019.102649,,,,P017_SERIES01,Units,K/s,K/s,DIRECT_TEXT,Sec.2 p.3,MD thermal cycle,High,VERIFIED,COMPUTATIONAL_MD
P017,10.1016/j.ijplas.2019.102649,,,,P017_SERIES01,Evidence_Type,DIRECT_TEXT,K/s,DIRECT_TEXT,Sec.2 p.3,MD thermal cycle,High,VERIFIED,COMPUTATIONAL_MD
P017,10.1016/j.ijplas.2019.102649,,,,P017_SERIES01,Evidence_Location,Sec.2 p.3,K/s,DIRECT_TEXT,Sec.2 p.3,MD thermal cycle,High,VERIFIED,COMPUTATIONAL_MD
P017,10.1016/j.ijplas.2019.102649,,,,P017_SERIES01,Method,MD thermal cycle,K/s,DIRECT_TEXT,Sec.2 p.3,MD thermal cycle,High,VERIFIED,COMPUTATIONAL_MD
P017,10.1016/j.ijplas.2019.102649,,,,P017_SERIES01,Confidence,High,K/s,DIRECT_TEXT,Sec.2 p.3,MD thermal cycle,High,VERIFIED,COMPUTATIONAL_MD
P017,10.1016/j.ijplas.2019.102649,,,,P017_SERIES01,Recovery_Status,VERIFIED,K/s,DIRECT_TEXT,Sec.2 p.3,MD thermal cycle,High,VERIFIED,COMPUTATIONAL_MD
P017,10.1016/j.ijplas.2019.102649,,,,P017_SERIES01,Record_ID,P017_SERIES01,K/s,DIRECT_TEXT,Sec.2 p.3,MD thermal cycle,High,VERIFIED,COMPUTATIONAL_MD
P017,10.1016/j.ijplas.2019.102649,,,,P017_SERIES01,Feature_Name,Quench_Rate,K/s,DIRECT_TEXT,Sec.2 p.3,MD thermal cycle,High,VERIFIED,COMPUTATIONAL_MD
P017,10.1016/j.ijplas.2019.102649,,,,P017_SERIES01,Recovered_Value,12000000000,K/s,DIRECT_TEXT,Sec.2 p.3,MD thermal cycle,High,VERIFIED,COMPUTATIONAL_MD
P017,10.1016/j.ijplas.2019.102649,,,,P017_SERIES01,Units,K/s,K/s,DIRECT_TEXT,Sec.2 p.3,MD thermal cycle,High,VERIFIED,COMPUTATIONAL_MD
P017,10.1016/j.ijplas.2019.102649,,,,P017_SERIES01,Evidence_Type,DIRECT_TEXT,K/s,DIRECT_TEXT,Sec.2 p.3,MD thermal cycle,High,VERIFIED,COMPUTATIONAL_MD
P017,10.1016/j.ijplas.2019.102649,,,,P017_SERIES01,Evidence_Location,Sec.2 p.3,K/s,DIRECT_TEXT,Sec.2 p.3,MD thermal cycle,High,VERIFIED,COMPUTATIONAL_MD
P017,10.1016/j.ijplas.2019.102649,,,,P017_SERIES01,Method,MD thermal cycle,K/s,DIRECT_TEXT,Sec.2 p.3,MD thermal cycle,High,VERIFIED,COMPUTATIONAL_MD
P017,10.1016/j.ijplas.2019.102649,,,,P017_SERIES01,Confidence,High,K/s,DIRECT_TEXT,Sec.2 p.3,MD thermal cycle,High,VERIFIED,COMPUTATIONAL_MD
P017,10.1016/j.ijplas.2019.102649,,,,P017_SERIES01,Recovery_Status,VERIFIED,K/s,DIRECT_TEXT,Sec.2 p.3,MD thermal cycle,High,VERIFIED,COMPUTATIONAL_MD
P017,10.1016/j.ijplas.2019.102649,,,,P017_MAT_AL0p5,Record_ID,P017_MAT_AL0p5,mJ/m2,DIRECT_TEXT,Sec.3.1 p.4; Fig.3a,0 K EAM GSFE,High,VERIFIED,COMPUTATIONAL_MD
P017,10.1016/j.ijplas.2019.102649,,,,P017_MAT_AL0p5,Feature_Name,FCC_gamma_sf,mJ/m2,DIRECT_TEXT,Sec.3.1 p.4; Fig.3a,0 K EAM GSFE,High,VERIFIED,COMPUTATIONAL_MD
P017,10.1016/j.ijplas.2019.102649,,,,P017_MAT_AL0p5,Recovered_Value,-14,mJ/m2,DIRECT_TEXT,Sec.3.1 p.4; Fig.3a,0 K EAM GSFE,High,VERIFIED,COMPUTATIONAL_MD
P017,10.1016/j.ijplas.2019.102649,,,,P017_MAT_AL0p5,Units,mJ/m2,mJ/m2,DIRECT_TEXT,Sec.3.1 p.4; Fig.3a,0 K EAM GSFE,High,VERIFIED,COMPUTATIONAL_MD
P017,10.1016/j.ijplas.2019.102649,,,,P017_MAT_AL0p5,Evidence_Type,DIRECT_TEXT,mJ/m2,DIRECT_TEXT,Sec.3.1 p.4; Fig.3a,0 K EAM GSFE,High,VERIFIED,COMPUTATIONAL_MD
P017,10.1016/j.ijplas.2019.102649,,,,P017_MAT_AL0p5,Evidence_Location,Sec.3.1 p.4; Fig.3a,mJ/m2,DIRECT_TEXT,Sec.3.1 p.4; Fig.3a,0 K EAM GSFE,High,VERIFIED,COMPUTATIONAL_MD
P017,10.1016/j.ijplas.2019.102649,,,,P017_MAT_AL0p5,Method,0 K EAM GSFE,mJ/m2,DIRECT_TEXT,Sec.3.1 p.4; Fig.3a,0 K EAM GSFE,High,VERIFIED,COMPUTATIONAL_MD
P017,10.1016/j.ijplas.2019.102649,,,,P017_MAT_AL0p5,Confidence,High,mJ/m2,DIRECT_TEXT,Sec.3.1 p.4; Fig.3a,0 K EAM GSFE,High,VERIFIED,COMPUTATIONAL_MD
P017,10.1016/j.ijplas.2019.102649,,,,P017_MAT_AL0p5,Recovery_Status,VERIFIED,mJ/m2,DIRECT_TEXT,Sec.3.1 p.4; Fig.3a,0 K EAM GSFE,High,VERIFIED,COMPUTATIONAL_MD
P017,10.1016/j.ijplas.2019.102649,,,,P017_MAT_AL1p5,Record_ID,P017_MAT_AL1p5,mJ/m2,DIRECT_TEXT,Sec.3.1 p.4; Fig.3a,0 K EAM GSFE,High,VERIFIED,COMPUTATIONAL_MD
P017,10.1016/j.ijplas.2019.102649,,,,P017_MAT_AL1p5,Feature_Name,FCC_gamma_sf,mJ/m2,DIRECT_TEXT,Sec.3.1 p.4; Fig.3a,0 K EAM GSFE,High,VERIFIED,COMPUTATIONAL_MD
P017,10.1016/j.ijplas.2019.102649,,,,P017_MAT_AL1p5,Recovered_Value,-27,mJ/m2,DIRECT_TEXT,Sec.3.1 p.4; Fig.3a,0 K EAM GSFE,High,VERIFIED,COMPUTATIONAL_MD
P017,10.1016/j.ijplas.2019.102649,,,,P017_MAT_AL1p5,Units,mJ/m2,mJ/m2,DIRECT_TEXT,Sec.3.1 p.4; Fig.3a,0 K EAM GSFE,High,VERIFIED,COMPUTATIONAL_MD
P017,10.1016/j.ijplas.2019.102649,,,,P017_MAT_AL1p5,Evidence_Type,DIRECT_TEXT,mJ/m2,DIRECT_TEXT,Sec.3.1 p.4; Fig.3a,0 K EAM GSFE,High,VERIFIED,COMPUTATIONAL_MD
P017,10.1016/j.ijplas.2019.102649,,,,P017_MAT_AL1p5,Evidence_Location,Sec.3.1 p.4; Fig.3a,mJ/m2,DIRECT_TEXT,Sec.3.1 p.4; Fig.3a,0 K EAM GSFE,High,VERIFIED,COMPUTATIONAL_MD
P017,10.1016/j.ijplas.2019.102649,,,,P017_MAT_AL1p5,Method,0 K EAM GSFE,mJ/m2,DIRECT_TEXT,Sec.3.1 p.4; Fig.3a,0 K EAM GSFE,High,VERIFIED,COMPUTATIONAL_MD
P017,10.1016/j.ijplas.2019.102649,,,,P017_MAT_AL1p5,Confidence,High,mJ/m2,DIRECT_TEXT,Sec.3.1 p.4; Fig.3a,0 K EAM GSFE,High,VERIFIED,COMPUTATIONAL_MD
P017,10.1016/j.ijplas.2019.102649,,,,P017_MAT_AL1p5,Recovery_Status,VERIFIED,mJ/m2,DIRECT_TEXT,Sec.3.1 p.4; Fig.3a,0 K EAM GSFE,High,VERIFIED,COMPUTATIONAL_MD
P017,10.1016/j.ijplas.2019.102649,,,,P017_MAT_AL0p5,Record_ID,P017_MAT_AL0p5,mJ/m2,DIRECT_TEXT,Sec.3.1 p.5; Fig.3b,0 K EAM GSFE,High,VERIFIED,COMPUTATIONAL_MD
P017,10.1016/j.ijplas.2019.102649,,,,P017_MAT_AL0p5,Feature_Name,BCC_gamma_usf,mJ/m2,DIRECT_TEXT,Sec.3.1 p.5; Fig.3b,0 K EAM GSFE,High,VERIFIED,COMPUTATIONAL_MD
P017,10.1016/j.ijplas.2019.102649,,,,P017_MAT_AL0p5,Recovered_Value,610,mJ/m2,DIRECT_TEXT,Sec.3.1 p.5; Fig.3b,0 K EAM GSFE,High,VERIFIED,COMPUTATIONAL_MD
P017,10.1016/j.ijplas.2019.102649,,,,P017_MAT_AL0p5,Units,mJ/m2,mJ/m2,DIRECT_TEXT,Sec.3.1 p.5; Fig.3b,0 K EAM GSFE,High,VERIFIED,COMPUTATIONAL_MD
P017,10.1016/j.ijplas.2019.102649,,,,P017_MAT_AL0p5,Evidence_Type,DIRECT_TEXT,mJ/m2,DIRECT_TEXT,Sec.3.1 p.5; Fig.3b,0 K EAM GSFE,High,VERIFIED,COMPUTATIONAL_MD
P017,10.1016/j.ijplas.2019.102649,,,,P017_MAT_AL0p5,Evidence_Location,Sec.3.1 p.5; Fig.3b,mJ/m2,DIRECT_TEXT,Sec.3.1 p.5; Fig.3b,0 K EAM GSFE,High,VERIFIED,COMPUTATIONAL_MD
P017,10.1016/j.ijplas.2019.102649,,,,P017_MAT_AL0p5,Method,0 K EAM GSFE,mJ/m2,DIRECT_TEXT,Sec.3.1 p.5; Fig.3b,0 K EAM GSFE,High,VERIFIED,COMPUTATIONAL_MD
P017,10.1016/j.ijplas.2019.102649,,,,P017_MAT_AL0p5,Confidence,High,mJ/m2,DIRECT_TEXT,Sec.3.1 p.5; Fig.3b,0 K EAM GSFE,High,VERIFIED,COMPUTATIONAL_MD
P017,10.1016/j.ijplas.2019.102649,,,,P017_MAT_AL0p5,Recovery_Status,VERIFIED,mJ/m2,DIRECT_TEXT,Sec.3.1 p.5; Fig.3b,0 K EAM GSFE,High,VERIFIED,COMPUTATIONAL_MD
P017,10.1016/j.ijplas.2019.102649,,,,P017_MAT_AL1p5,Record_ID,P017_MAT_AL1p5,mJ/m2,DIRECT_TEXT,Sec.3.1 p.5; Fig.3b,0 K EAM GSFE,High,VERIFIED,COMPUTATIONAL_MD
P017,10.1016/j.ijplas.2019.102649,,,,P017_MAT_AL1p5,Feature_Name,BCC_gamma_usf,mJ/m2,DIRECT_TEXT,Sec.3.1 p.5; Fig.3b,0 K EAM GSFE,High,VERIFIED,COMPUTATIONAL_MD
P017,10.1016/j.ijplas.2019.102649,,,,P017_MAT_AL1p5,Recovered_Value,579,mJ/m2,DIRECT_TEXT,Sec.3.1 p.5; Fig.3b,0 K EAM GSFE,High,VERIFIED,COMPUTATIONAL_MD
P017,10.1016/j.ijplas.2019.102649,,,,P017_MAT_AL1p5,Units,mJ/m2,mJ/m2,DIRECT_TEXT,Sec.3.1 p.5; Fig.3b,0 K EAM GSFE,High,VERIFIED,COMPUTATIONAL_MD
P017,10.1016/j.ijplas.2019.102649,,,,P017_MAT_AL1p5,Evidence_Type,DIRECT_TEXT,mJ/m2,DIRECT_TEXT,Sec.3.1 p.5; Fig.3b,0 K EAM GSFE,High,VERIFIED,COMPUTATIONAL_MD
P017,10.1016/j.ijplas.2019.102649,,,,P017_MAT_AL1p5,Evidence_Location,Sec.3.1 p.5; Fig.3b,mJ/m2,DIRECT_TEXT,Sec.3.1 p.5; Fig.3b,0 K EAM GSFE,High,VERIFIED,COMPUTATIONAL_MD
P017,10.1016/j.ijplas.2019.102649,,,,P017_MAT_AL1p5,Method,0 K EAM GSFE,mJ/m2,DIRECT_TEXT,Sec.3.1 p.5; Fig.3b,0 K EAM GSFE,High,VERIFIED,COMPUTATIONAL_MD
P017,10.1016/j.ijplas.2019.102649,,,,P017_MAT_AL1p5,Confidence,High,mJ/m2,DIRECT_TEXT,Sec.3.1 p.5; Fig.3b,0 K EAM GSFE,High,VERIFIED,COMPUTATIONAL_MD
P017,10.1016/j.ijplas.2019.102649,,,,P017_MAT_AL1p5,Recovery_Status,VERIFIED,mJ/m2,DIRECT_TEXT,Sec.3.1 p.5; Fig.3b,0 K EAM GSFE,High,VERIFIED,COMPUTATIONAL_MD
P017,10.1016/j.ijplas.2019.102649,,,,P017_SIM_A05_300K_SR1E10,Record_ID,P017_SIM_A05_300K_SR1E10,GPa,DIRECT_TABLE,Table 1 p.22,MD tensile simulation,High,VERIFIED,COMPUTATIONAL_MD
P017,10.1016/j.ijplas.2019.102649,,,,P017_SIM_A05_300K_SR1E10,Feature_Name,SIS_PSR,GPa,DIRECT_TABLE,Table 1 p.22,MD tensile simulation,High,VERIFIED,COMPUTATIONAL_MD
P017,10.1016/j.ijplas.2019.102649,,,,P017_SIM_A05_300K_SR1E10,Recovered_Value,5,GPa,DIRECT_TABLE,Table 1 p.22,MD tensile simulation,High,VERIFIED,COMPUTATIONAL_MD
P017,10.1016/j.ijplas.2019.102649,,,,P017_SIM_A05_300K_SR1E10,Units,GPa,GPa,DIRECT_TABLE,Table 1 p.22,MD tensile simulation,High,VERIFIED,COMPUTATIONAL_MD
P017,10.1016/j.ijplas.2019.102649,,,,P017_SIM_A05_300K_SR1E10,Evidence_Type,DIRECT_TABLE,GPa,DIRECT_TABLE,Table 1 p.22,MD tensile simulation,High,VERIFIED,COMPUTATIONAL_MD
P017,10.1016/j.ijplas.2019.102649,,,,P017_SIM_A05_300K_SR1E10,Evidence_Location,Table 1 p.22,GPa,DIRECT_TABLE,Table 1 p.22,MD tensile simulation,High,VERIFIED,COMPUTATIONAL_MD
P017,10.1016/j.ijplas.2019.102649,,,,P017_SIM_A05_300K_SR1E10,Method,MD tensile simulation,GPa,DIRECT_TABLE,Table 1 p.22,MD tensile simulation,High,VERIFIED,COMPUTATIONAL_MD
P017,10.1016/j.ijplas.2019.102649,,,,P017_SIM_A05_300K_SR1E10,Confidence,High,GPa,DIRECT_TABLE,Table 1 p.22,MD tensile simulation,High,VERIFIED,COMPUTATIONAL_MD
P017,10.1016/j.ijplas.2019.102649,,,,P017_SIM_A05_300K_SR1E10,Recovery_Status,VERIFIED,GPa,DIRECT_TABLE,Table 1 p.22,MD tensile simulation,High,VERIFIED,COMPUTATIONAL_MD
P017,10.1016/j.ijplas.2019.102649,,,,P017_SIM_A05_300K_SR1E10,Record_ID,P017_SIM_A05_300K_SR1E10,GPa,DIRECT_TABLE,Table 1 p.22,MD tensile simulation,High,SOURCE_NA,COMPUTATIONAL_MD
P017,10.1016/j.ijplas.2019.102649,,,,P017_SIM_A05_300K_SR1E10,Feature_Name,UTS_PSR,GPa,DIRECT_TABLE,Table 1 p.22,MD tensile simulation,High,SOURCE_NA,COMPUTATIONAL_MD
P017,10.1016/j.ijplas.2019.102649,,,,P017_SIM_A05_300K_SR1E10,Units,GPa,GPa,DIRECT_TABLE,Table 1 p.22,MD tensile simulation,High,SOURCE_NA,COMPUTATIONAL_MD
P017,10.1016/j.ijplas.2019.102649,,,,P017_SIM_A05_300K_SR1E10,Evidence_Type,DIRECT_TABLE,GPa,DIRECT_TABLE,Table 1 p.22,MD tensile simulation,High,SOURCE_NA,COMPUTATIONAL_MD
P017,10.1016/j.ijplas.2019.102649,,,,P017_SIM_A05_300K_SR1E10,Evidence_Location,Table 1 p.22,GPa,DIRECT_TABLE,Table 1 p.22,MD tensile simulation,High,SOURCE_NA,COMPUTATIONAL_MD
P017,10.1016/j.ijplas.2019.102649,,,,P017_SIM_A05_300K_SR1E10,Method,MD tensile simulation,GPa,DIRECT_TABLE,Table 1 p.22,MD tensile simulation,High,SOURCE_NA,COMPUTATIONAL_MD
P017,10.1016/j.ijplas.2019.102649,,,,P017_SIM_A05_300K_SR1E10,Confidence,High,GPa,DIRECT_TABLE,Table 1 p.22,MD tensile simulation,High,SOURCE_NA,COMPUTATIONAL_MD
P017,10.1016/j.ijplas.2019.102649,,,,P017_SIM_A05_300K_SR1E10,Recovery_Status,SOURCE_NA,GPa,DIRECT_TABLE,Table 1 p.22,MD tensile simulation,High,SOURCE_NA,COMPUTATIONAL_MD
P017,10.1016/j.ijplas.2019.102649,,,,P017_SIM_A05_300K_SR1E10,Record_ID,P017_SIM_A05_300K_SR1E10,categorical,DIRECT_TABLE,Table 1 p.22,Authors-native mechanism classification,High,VERIFIED,COMPUTATIONAL_MD
P017,10.1016/j.ijplas.2019.102649,,,,P017_SIM_A05_300K_SR1E10,Feature_Name,TWIP_induced_TRIP_Status,categorical,DIRECT_TABLE,Table 1 p.22,Authors-native mechanism classification,High,VERIFIED,COMPUTATIONAL_MD
P017,10.1016/j.ijplas.2019.102649,,,,P017_SIM_A05_300K_SR1E10,Recovered_Value,Not observed,categorical,DIRECT_TABLE,Table 1 p.22,Authors-native mechanism classification,High,VERIFIED,COMPUTATIONAL_MD
P017,10.1016/j.ijplas.2019.102649,,,,P017_SIM_A05_300K_SR1E10,Units,categorical,categorical,DIRECT_TABLE,Table 1 p.22,Authors-native mechanism classification,High,VERIFIED,COMPUTATIONAL_MD
P017,10.1016/j.ijplas.2019.102649,,,,P017_SIM_A05_300K_SR1E10,Evidence_Type,DIRECT_TABLE,categorical,DIRECT_TABLE,Table 1 p.22,Authors-native mechanism classification,High,VERIFIED,COMPUTATIONAL_MD
P017,10.1016/j.ijplas.2019.102649,,,,P017_SIM_A05_300K_SR1E10,Evidence_Location,Table 1 p.22,categorical,DIRECT_TABLE,Table 1 p.22,Authors-native mechanism classification,High,VERIFIED,COMPUTATIONAL_MD
P017,10.1016/j.ijplas.2019.102649,,,,P017_SIM_A05_300K_SR1E10,Method,Authors-native mechanism classification,categorical,DIRECT_TABLE,Table 1 p.22,Authors-native mechanism classification,High,VERIFIED,COMPUTATIONAL_MD
P017,10.1016/j.ijplas.2019.102649,,,,P017_SIM_A05_300K_SR1E10,Confidence,High,categorical,DIRECT_TABLE,Table 1 p.22,Authors-native mechanism classification,High,VERIFIED,COMPUTATIONAL_MD
P017,10.1016/j.ijplas.2019.102649,,,,P017_SIM_A05_300K_SR1E10,Recovery_Status,VERIFIED,categorical,DIRECT_TABLE,Table 1 p.22,Authors-native mechanism classification,High,VERIFIED,COMPUTATIONAL_MD
P017,10.1016/j.ijplas.2019.102649,,,,P017_SIM_A05_300K_SR1E10,Record_ID,P017_SIM_A05_300K_SR1E10,categorical,DIRECT_TABLE,Table 1 p.22,Authors-native mechanism classification,High,VERIFIED,COMPUTATIONAL_MD
P017,10.1016/j.ijplas.2019.102649,,,,P017_SIM_A05_300K_SR1E10,Feature_Name,TRIP_induced_TWIP_Status,categorical,DIRECT_TABLE,Table 1 p.22,Authors-native mechanism classification,High,VERIFIED,COMPUTATIONAL_MD
P017,10.1016/j.ijplas.2019.102649,,,,P017_SIM_A05_300K_SR1E10,Recovered_Value,Observed,categorical,DIRECT_TABLE,Table 1 p.22,Authors-native mechanism classification,High,VERIFIED,COMPUTATIONAL_MD
P017,10.1016/j.ijplas.2019.102649,,,,P017_SIM_A05_300K_SR1E10,Units,categorical,categorical,DIRECT_TABLE,Table 1 p.22,Authors-native mechanism classification,High,VERIFIED,COMPUTATIONAL_MD
P017,10.1016/j.ijplas.2019.102649,,,,P017_SIM_A05_300K_SR1E10,Evidence_Type,DIRECT_TABLE,categorical,DIRECT_TABLE,Table 1 p.22,Authors-native mechanism classification,High,VERIFIED,COMPUTATIONAL_MD
P017,10.1016/j.ijplas.2019.102649,,,,P017_SIM_A05_300K_SR1E10,Evidence_Location,Table 1 p.22,categorical,DIRECT_TABLE,Table 1 p.22,Authors-native mechanism classification,High,VERIFIED,COMPUTATIONAL_MD
P017,10.1016/j.ijplas.2019.102649,,,,P017_SIM_A05_300K_SR1E10,Method,Authors-native mechanism classification,categorical,DIRECT_TABLE,Table 1 p.22,Authors-native mechanism classification,High,VERIFIED,COMPUTATIONAL_MD
P017,10.1016/j.ijplas.2019.102649,,,,P017_SIM_A05_300K_SR1E10,Confidence,High,categorical,DIRECT_TABLE,Table 1 p.22,Authors-native mechanism classification,High,VERIFIED,COMPUTATIONAL_MD
P017,10.1016/j.ijplas.2019.102649,,,,P017_SIM_A05_300K_SR1E10,Recovery_Status,VERIFIED,categorical,DIRECT_TABLE,Table 1 p.22,Authors-native mechanism classification,High,VERIFIED,COMPUTATIONAL_MD
P017,10.1016/j.ijplas.2019.102649,,,,P017_SIM_A05_700K_SR1E10,Record_ID,P017_SIM_A05_700K_SR1E10,GPa,DIRECT_TABLE,Table 1 p.22,MD tensile simulation,High,VERIFIED,COMPUTATIONAL_MD
P017,10.1016/j.ijplas.2019.102649,,,,P017_SIM_A05_700K_SR1E10,Feature_Name,SIS_PSR,GPa,DIRECT_TABLE,Table 1 p.22,MD tensile simulation,High,VERIFIED,COMPUTATIONAL_MD
P017,10.1016/j.ijplas.2019.102649,,,,P017_SIM_A05_700K_SR1E10,Recovered_Value,4,GPa,DIRECT_TABLE,Table 1 p.22,MD tensile simulation,High,VERIFIED,COMPUTATIONAL_MD
P017,10.1016/j.ijplas.2019.102649,,,,P017_SIM_A05_700K_SR1E10,Units,GPa,GPa,DIRECT_TABLE,Table 1 p.22,MD tensile simulation,High,VERIFIED,COMPUTATIONAL_MD
P017,10.1016/j.ijplas.2019.102649,,,,P017_SIM_A05_700K_SR1E10,Evidence_Type,DIRECT_TABLE,GPa,DIRECT_TABLE,Table 1 p.22,MD tensile simulation,High,VERIFIED,COMPUTATIONAL_MD
P017,10.1016/j.ijplas.2019.102649,,,,P017_SIM_A05_700K_SR1E10,Evidence_Location,Table 1 p.22,GPa,DIRECT_TABLE,Table 1 p.22,MD tensile simulation,High,VERIFIED,COMPUTATIONAL_MD
P017,10.1016/j.ijplas.2019.102649,,,,P017_SIM_A05_700K_SR1E10,Method,MD tensile simulation,GPa,DIRECT_TABLE,Table 1 p.22,MD tensile simulation,High,VERIFIED,COMPUTATIONAL_MD
P017,10.1016/j.ijplas.2019.102649,,,,P017_SIM_A05_700K_SR1E10,Confidence,High,GPa,DIRECT_TABLE,Table 1 p.22,MD tensile simulation,High,VERIFIED,COMPUTATIONAL_MD
P017,10.1016/j.ijplas.2019.102649,,,,P017_SIM_A05_700K_SR1E10,Recovery_Status,VERIFIED,GPa,DIRECT_TABLE,Table 1 p.22,MD tensile simulation,High,VERIFIED,COMPUTATIONAL_MD
P017,10.1016/j.ijplas.2019.102649,,,,P017_SIM_A05_700K_SR1E10,Record_ID,P017_SIM_A05_700K_SR1E10,GPa,DIRECT_TABLE,Table 1 p.22,MD tensile simulation,High,SOURCE_NA,COMPUTATIONAL_MD
P017,10.1016/j.ijplas.2019.102649,,,,P017_SIM_A05_700K_SR1E10,Feature_Name,UTS_PSR,GPa,DIRECT_TABLE,Table 1 p.22,MD tensile simulation,High,SOURCE_NA,COMPUTATIONAL_MD
P017,10.1016/j.ijplas.2019.102649,,,,P017_SIM_A05_700K_SR1E10,Units,GPa,GPa,DIRECT_TABLE,Table 1 p.22,MD tensile simulation,High,SOURCE_NA,COMPUTATIONAL_MD
P017,10.1016/j.ijplas.2019.102649,,,,P017_SIM_A05_700K_SR1E10,Evidence_Type,DIRECT_TABLE,GPa,DIRECT_TABLE,Table 1 p.22,MD tensile simulation,High,SOURCE_NA,COMPUTATIONAL_MD
P017,10.1016/j.ijplas.2019.102649,,,,P017_SIM_A05_700K_SR1E10,Evidence_Location,Table 1 p.22,GPa,DIRECT_TABLE,Table 1 p.22,MD tensile simulation,High,SOURCE_NA,COMPUTATIONAL_MD
P017,10.1016/j.ijplas.2019.102649,,,,P017_SIM_A05_700K_SR1E10,Method,MD tensile simulation,GPa,DIRECT_TABLE,Table 1 p.22,MD tensile simulation,High,SOURCE_NA,COMPUTATIONAL_MD
P017,10.1016/j.ijplas.2019.102649,,,,P017_SIM_A05_700K_SR1E10,Confidence,High,GPa,DIRECT_TABLE,Table 1 p.22,MD tensile simulation,High,SOURCE_NA,COMPUTATIONAL_MD
P017,10.1016/j.ijplas.2019.102649,,,,P017_SIM_A05_700K_SR1E10,Recovery_Status,SOURCE_NA,GPa,DIRECT_TABLE,Table 1 p.22,MD tensile simulation,High,SOURCE_NA,COMPUTATIONAL_MD
P017,10.1016/j.ijplas.2019.102649,,,,P017_SIM_A05_700K_SR1E10,Record_ID,P017_SIM_A05_700K_SR1E10,categorical,DIRECT_TABLE,Table 1 p.22,Authors-native mechanism classification,High,VERIFIED,COMPUTATIONAL_MD
P017,10.1016/j.ijplas.2019.102649,,,,P017_SIM_A05_700K_SR1E10,Feature_Name,TWIP_induced_TRIP_Status,categorical,DIRECT_TABLE,Table 1 p.22,Authors-native mechanism classification,High,VERIFIED,COMPUTATIONAL_MD
P017,10.1016/j.ijplas.2019.102649,,,,P017_SIM_A05_700K_SR1E10,Recovered_Value,Not observed,categorical,DIRECT_TABLE,Table 1 p.22,Authors-native mechanism classification,High,VERIFIED,COMPUTATIONAL_MD
P017,10.1016/j.ijplas.2019.102649,,,,P017_SIM_A05_700K_SR1E10,Units,categorical,categorical,DIRECT_TABLE,Table 1 p.22,Authors-native mechanism classification,High,VERIFIED,COMPUTATIONAL_MD
P017,10.1016/j.ijplas.2019.102649,,,,P017_SIM_A05_700K_SR1E10,Evidence_Type,DIRECT_TABLE,categorical,DIRECT_TABLE,Table 1 p.22,Authors-native mechanism classification,High,VERIFIED,COMPUTATIONAL_MD
P017,10.1016/j.ijplas.2019.102649,,,,P017_SIM_A05_700K_SR1E10,Evidence_Location,Table 1 p.22,categorical,DIRECT_TABLE,Table 1 p.22,Authors-native mechanism classification,High,VERIFIED,COMPUTATIONAL_MD
P017,10.1016/j.ijplas.2019.102649,,,,P017_SIM_A05_700K_SR1E10,Method,Authors-native mechanism classification,categorical,DIRECT_TABLE,Table 1 p.22,Authors-native mechanism classification,High,VERIFIED,COMPUTATIONAL_MD
P017,10.1016/j.ijplas.2019.102649,,,,P017_SIM_A05_700K_SR1E10,Confidence,High,categorical,DIRECT_TABLE,Table 1 p.22,Authors-native mechanism classification,High,VERIFIED,COMPUTATIONAL_MD
P017,10.1016/j.ijplas.2019.102649,,,,P017_SIM_A05_700K_SR1E10,Recovery_Status,VERIFIED,categorical,DIRECT_TABLE,Table 1 p.22,Authors-native mechanism classification,High,VERIFIED,COMPUTATIONAL_MD
P017,10.1016/j.ijplas.2019.102649,,,,P017_SIM_A05_700K_SR1E10,Record_ID,P017_SIM_A05_700K_SR1E10,categorical,DIRECT_TABLE,Table 1 p.22,Authors-native mechanism classification,High,VERIFIED,COMPUTATIONAL_MD
P017,10.1016/j.ijplas.2019.102649,,,,P017_SIM_A05_700K_SR1E10,Feature_Name,TRIP_induced_TWIP_Status,categorical,DIRECT_TABLE,Table 1 p.22,Authors-native mechanism classification,High,VERIFIED,COMPUTATIONAL_MD
P017,10.1016/j.ijplas.2019.102649,,,,P017_SIM_A05_700K_SR1E10,Recovered_Value,Observed,categorical,DIRECT_TABLE,Table 1 p.22,Authors-native mechanism classification,High,VERIFIED,COMPUTATIONAL_MD
P017,10.1016/j.ijplas.2019.102649,,,,P017_SIM_A05_700K_SR1E10,Units,categorical,categorical,DIRECT_TABLE,Table 1 p.22,Authors-native mechanism classification,High,VERIFIED,COMPUTATIONAL_MD
P017,10.1016/j.ijplas.2019.102649,,,,P017_SIM_A05_700K_SR1E10,Evidence_Type,DIRECT_TABLE,categorical,DIRECT_TABLE,Table 1 p.22,Authors-native mechanism classification,High,VERIFIED,COMPUTATIONAL_MD
P017,10.1016/j.ijplas.2019.102649,,,,P017_SIM_A05_700K_SR1E10,Evidence_Location,Table 1 p.22,categorical,DIRECT_TABLE,Table 1 p.22,Authors-native mechanism classification,High,VERIFIED,COMPUTATIONAL_MD
P017,10.1016/j.ijplas.2019.102649,,,,P017_SIM_A05_700K_SR1E10,Method,Authors-native mechanism classification,categorical,DIRECT_TABLE,Table 1 p.22,Authors-native mechanism classification,High,VERIFIED,COMPUTATIONAL_MD
P017,10.1016/j.ijplas.2019.102649,,,,P017_SIM_A05_700K_SR1E10,Confidence,High,categorical,DIRECT_TABLE,Table 1 p.22,Authors-native mechanism classification,High,VERIFIED,COMPUTATIONAL_MD
P017,10.1016/j.ijplas.2019.102649,,,,P017_SIM_A05_700K_SR1E10,Recovery_Status,VERIFIED,categorical,DIRECT_TABLE,Table 1 p.22,Authors-native mechanism classification,High,VERIFIED,COMPUTATIONAL_MD
P017,10.1016/j.ijplas.2019.102649,,,,P017_SIM_A05_1000K_SR1E10,Record_ID,P017_SIM_A05_1000K_SR1E10,GPa,DIRECT_TABLE,Table 1 p.22,MD tensile simulation,High,VERIFIED,COMPUTATIONAL_MD
P017,10.1016/j.ijplas.2019.102649,,,,P017_SIM_A05_1000K_SR1E10,Feature_Name,SIS_PSR,GPa,DIRECT_TABLE,Table 1 p.22,MD tensile simulation,High,VERIFIED,COMPUTATIONAL_MD
P017,10.1016/j.ijplas.2019.102649,,,,P017_SIM_A05_1000K_SR1E10,Recovered_Value,3.4,GPa,DIRECT_TABLE,Table 1 p.22,MD tensile simulation,High,VERIFIED,COMPUTATIONAL_MD
P017,10.1016/j.ijplas.2019.102649,,,,P017_SIM_A05_1000K_SR1E10,Units,GPa,GPa,DIRECT_TABLE,Table 1 p.22,MD tensile simulation,High,VERIFIED,COMPUTATIONAL_MD
P017,10.1016/j.ijplas.2019.102649,,,,P017_SIM_A05_1000K_SR1E10,Evidence_Type,DIRECT_TABLE,GPa,DIRECT_TABLE,Table 1 p.22,MD tensile simulation,High,VERIFIED,COMPUTATIONAL_MD
P017,10.1016/j.ijplas.2019.102649,,,,P017_SIM_A05_1000K_SR1E10,Evidence_Location,Table 1 p.22,GPa,DIRECT_TABLE,Table 1 p.22,MD tensile simulation,High,VERIFIED,COMPUTATIONAL_MD
P017,10.1016/j.ijplas.2019.102649,,,,P017_SIM_A05_1000K_SR1E10,Method,MD tensile simulation,GPa,DIRECT_TABLE,Table 1 p.22,MD tensile simulation,High,VERIFIED,COMPUTATIONAL_MD
P017,10.1016/j.ijplas.2019.102649,,,,P017_SIM_A05_1000K_SR1E10,Confidence,High,GPa,DIRECT_TABLE,Table 1 p.22,MD tensile simulation,High,VERIFIED,COMPUTATIONAL_MD
P017,10.1016/j.ijplas.2019.102649,,,,P017_SIM_A05_1000K_SR1E10,Recovery_Status,VERIFIED,GPa,DIRECT_TABLE,Table 1 p.22,MD tensile simulation,High,VERIFIED,COMPUTATIONAL_MD
P017,10.1016/j.ijplas.2019.102649,,,,P017_SIM_A05_1000K_SR1E10,Record_ID,P017_SIM_A05_1000K_SR1E10,GPa,DIRECT_TABLE,Table 1 p.22,MD tensile simulation,High,SOURCE_NA,COMPUTATIONAL_MD
P017,10.1016/j.ijplas.2019.102649,,,,P017_SIM_A05_1000K_SR1E10,Feature_Name,UTS_PSR,GPa,DIRECT_TABLE,Table 1 p.22,MD tensile simulation,High,SOURCE_NA,COMPUTATIONAL_MD
P017,10.1016/j.ijplas.2019.102649,,,,P017_SIM_A05_1000K_SR1E10,Units,GPa,GPa,DIRECT_TABLE,Table 1 p.22,MD tensile simulation,High,SOURCE_NA,COMPUTATIONAL_MD
P017,10.1016/j.ijplas.2019.102649,,,,P017_SIM_A05_1000K_SR1E10,Evidence_Type,DIRECT_TABLE,GPa,DIRECT_TABLE,Table 1 p.22,MD tensile simulation,High,SOURCE_NA,COMPUTATIONAL_MD
P017,10.1016/j.ijplas.2019.102649,,,,P017_SIM_A05_1000K_SR1E10,Evidence_Location,Table 1 p.22,GPa,DIRECT_TABLE,Table 1 p.22,MD tensile simulation,High,SOURCE_NA,COMPUTATIONAL_MD
P017,10.1016/j.ijplas.2019.102649,,,,P017_SIM_A05_1000K_SR1E10,Method,MD tensile simulation,GPa,DIRECT_TABLE,Table 1 p.22,MD tensile simulation,High,SOURCE_NA,COMPUTATIONAL_MD
P017,10.1016/j.ijplas.2019.102649,,,,P017_SIM_A05_1000K_SR1E10,Confidence,High,GPa,DIRECT_TABLE,Table 1 p.22,MD tensile simulation,High,SOURCE_NA,COMPUTATIONAL_MD
P017,10.1016/j.ijplas.2019.102649,,,,P017_SIM_A05_1000K_SR1E10,Recovery_Status,SOURCE_NA,GPa,DIRECT_TABLE,Table 1 p.22,MD tensile simulation,High,SOURCE_NA,COMPUTATIONAL_MD
P017,10.1016/j.ijplas.2019.102649,,,,P017_SIM_A05_1000K_SR1E10,Record_ID,P017_SIM_A05_1000K_SR1E10,categorical,DIRECT_TABLE,Table 1 p.22,Authors-native mechanism classification,High,VERIFIED,COMPUTATIONAL_MD
P017,10.1016/j.ijplas.2019.102649,,,,P017_SIM_A05_1000K_SR1E10,Feature_Name,TWIP_induced_TRIP_Status,categorical,DIRECT_TABLE,Table 1 p.22,Authors-native mechanism classification,High,VERIFIED,COMPUTATIONAL_MD
P017,10.1016/j.ijplas.2019.102649,,,,P017_SIM_A05_1000K_SR1E10,Recovered_Value,Not observed,categorical,DIRECT_TABLE,Table 1 p.22,Authors-native mechanism classification,High,VERIFIED,COMPUTATIONAL_MD
P017,10.1016/j.ijplas.2019.102649,,,,P017_SIM_A05_1000K_SR1E10,Units,categorical,categorical,DIRECT_TABLE,Table 1 p.22,Authors-native mechanism classification,High,VERIFIED,COMPUTATIONAL_MD
P017,10.1016/j.ijplas.2019.102649,,,,P017_SIM_A05_1000K_SR1E10,Evidence_Type,DIRECT_TABLE,categorical,DIRECT_TABLE,Table 1 p.22,Authors-native mechanism classification,High,VERIFIED,COMPUTATIONAL_MD
P017,10.1016/j.ijplas.2019.102649,,,,P017_SIM_A05_1000K_SR1E10,Evidence_Location,Table 1 p.22,categorical,DIRECT_TABLE,Table 1 p.22,Authors-native mechanism classification,High,VERIFIED,COMPUTATIONAL_MD
P017,10.1016/j.ijplas.2019.102649,,,,P017_SIM_A05_1000K_SR1E10,Method,Authors-native mechanism classification,categorical,DIRECT_TABLE,Table 1 p.22,Authors-native mechanism classification,High,VERIFIED,COMPUTATIONAL_MD
P017,10.1016/j.ijplas.2019.102649,,,,P017_SIM_A05_1000K_SR1E10,Confidence,High,categorical,DIRECT_TABLE,Table 1 p.22,Authors-native mechanism classification,High,VERIFIED,COMPUTATIONAL_MD
P017,10.1016/j.ijplas.2019.102649,,,,P017_SIM_A05_1000K_SR1E10,Recovery_Status,VERIFIED,categorical,DIRECT_TABLE,Table 1 p.22,Authors-native mechanism classification,High,VERIFIED,COMPUTATIONAL_MD
P017,10.1016/j.ijplas.2019.102649,,,,P017_SIM_A05_1000K_SR1E10,Record_ID,P017_SIM_A05_1000K_SR1E10,categorical,DIRECT_TABLE,Table 1 p.22,Authors-native mechanism classification,High,VERIFIED,COMPUTATIONAL_MD
P017,10.1016/j.ijplas.2019.102649,,,,P017_SIM_A05_1000K_SR1E10,Feature_Name,TRIP_induced_TWIP_Status,categorical,DIRECT_TABLE,Table 1 p.22,Authors-native mechanism classification,High,VERIFIED,COMPUTATIONAL_MD
P017,10.1016/j.ijplas.2019.102649,,,,P017_SIM_A05_1000K_SR1E10,Recovered_Value,Not observed,categorical,DIRECT_TABLE,Table 1 p.22,Authors-native mechanism classification,High,VERIFIED,COMPUTATIONAL_MD
P017,10.1016/j.ijplas.2019.102649,,,,P017_SIM_A05_1000K_SR1E10,Units,categorical,categorical,DIRECT_TABLE,Table 1 p.22,Authors-native mechanism classification,High,VERIFIED,COMPUTATIONAL_MD
P017,10.1016/j.ijplas.2019.102649,,,,P017_SIM_A05_1000K_SR1E10,Evidence_Type,DIRECT_TABLE,categorical,DIRECT_TABLE,Table 1 p.22,Authors-native mechanism classification,High,VERIFIED,COMPUTATIONAL_MD
P017,10.1016/j.ijplas.2019.102649,,,,P017_SIM_A05_1000K_SR1E10,Evidence_Location,Table 1 p.22,categorical,DIRECT_TABLE,Table 1 p.22,Authors-native mechanism classification,High,VERIFIED,COMPUTATIONAL_MD
P017,10.1016/j.ijplas.2019.102649,,,,P017_SIM_A05_1000K_SR1E10,Method,Authors-native mechanism classification,categorical,DIRECT_TABLE,Table 1 p.22,Authors-native mechanism classification,High,VERIFIED,COMPUTATIONAL_MD
P017,10.1016/j.ijplas.2019.102649,,,,P017_SIM_A05_1000K_SR1E10,Confidence,High,categorical,DIRECT_TABLE,Table 1 p.22,Authors-native mechanism classification,High,VERIFIED,COMPUTATIONAL_MD
P017,10.1016/j.ijplas.2019.102649,,,,P017_SIM_A05_1000K_SR1E10,Recovery_Status,VERIFIED,categorical,DIRECT_TABLE,Table 1 p.22,Authors-native mechanism classification,High,VERIFIED,COMPUTATIONAL_MD
P017,10.1016/j.ijplas.2019.102649,,,,P017_SIM_A05_1300K_SR1E10,Record_ID,P017_SIM_A05_1300K_SR1E10,GPa,DIRECT_TABLE,Table 1 p.22,MD tensile simulation,High,VERIFIED,COMPUTATIONAL_MD
P017,10.1016/j.ijplas.2019.102649,,,,P017_SIM_A05_1300K_SR1E10,Feature_Name,SIS_PSR,GPa,DIRECT_TABLE,Table 1 p.22,MD tensile simulation,High,VERIFIED,COMPUTATIONAL_MD
P017,10.1016/j.ijplas.2019.102649,,,,P017_SIM_A05_1300K_SR1E10,Recovered_Value,2.9,GPa,DIRECT_TABLE,Table 1 p.22,MD tensile simulation,High,VERIFIED,COMPUTATIONAL_MD
P017,10.1016/j.ijplas.2019.102649,,,,P017_SIM_A05_1300K_SR1E10,Units,GPa,GPa,DIRECT_TABLE,Table 1 p.22,MD tensile simulation,High,VERIFIED,COMPUTATIONAL_MD
P017,10.1016/j.ijplas.2019.102649,,,,P017_SIM_A05_1300K_SR1E10,Evidence_Type,DIRECT_TABLE,GPa,DIRECT_TABLE,Table 1 p.22,MD tensile simulation,High,VERIFIED,COMPUTATIONAL_MD
P017,10.1016/j.ijplas.2019.102649,,,,P017_SIM_A05_1300K_SR1E10,Evidence_Location,Table 1 p.22,GPa,DIRECT_TABLE,Table 1 p.22,MD tensile simulation,High,VERIFIED,COMPUTATIONAL_MD
P017,10.1016/j.ijplas.2019.102649,,,,P017_SIM_A05_1300K_SR1E10,Method,MD tensile simulation,GPa,DIRECT_TABLE,Table 1 p.22,MD tensile simulation,High,VERIFIED,COMPUTATIONAL_MD
P017,10.1016/j.ijplas.2019.102649,,,,P017_SIM_A05_1300K_SR1E10,Confidence,High,GPa,DIRECT_TABLE,Table 1 p.22,MD tensile simulation,High,VERIFIED,COMPUTATIONAL_MD
P017,10.1016/j.ijplas.2019.102649,,,,P017_SIM_A05_1300K_SR1E10,Recovery_Status,VERIFIED,GPa,DIRECT_TABLE,Table 1 p.22,MD tensile simulation,High,VERIFIED,COMPUTATIONAL_MD
P017,10.1016/j.ijplas.2019.102649,,,,P017_SIM_A05_1300K_SR1E10,Record_ID,P017_SIM_A05_1300K_SR1E10,GPa,DIRECT_TABLE,Table 1 p.22,MD tensile simulation,High,SOURCE_NA,COMPUTATIONAL_MD
P017,10.1016/j.ijplas.2019.102649,,,,P017_SIM_A05_1300K_SR1E10,Feature_Name,UTS_PSR,GPa,DIRECT_TABLE,Table 1 p.22,MD tensile simulation,High,SOURCE_NA,COMPUTATIONAL_MD
P017,10.1016/j.ijplas.2019.102649,,,,P017_SIM_A05_1300K_SR1E10,Units,GPa,GPa,DIRECT_TABLE,Table 1 p.22,MD tensile simulation,High,SOURCE_NA,COMPUTATIONAL_MD
P017,10.1016/j.ijplas.2019.102649,,,,P017_SIM_A05_1300K_SR1E10,Evidence_Type,DIRECT_TABLE,GPa,DIRECT_TABLE,Table 1 p.22,MD tensile simulation,High,SOURCE_NA,COMPUTATIONAL_MD
P017,10.1016/j.ijplas.2019.102649,,,,P017_SIM_A05_1300K_SR1E10,Evidence_Location,Table 1 p.22,GPa,DIRECT_TABLE,Table 1 p.22,MD tensile simulation,High,SOURCE_NA,COMPUTATIONAL_MD
P017,10.1016/j.ijplas.2019.102649,,,,P017_SIM_A05_1300K_SR1E10,Method,MD tensile simulation,GPa,DIRECT_TABLE,Table 1 p.22,MD tensile simulation,High,SOURCE_NA,COMPUTATIONAL_MD
P017,10.1016/j.ijplas.2019.102649,,,,P017_SIM_A05_1300K_SR1E10,Confidence,High,GPa,DIRECT_TABLE,Table 1 p.22,MD tensile simulation,High,SOURCE_NA,COMPUTATIONAL_MD
P017,10.1016/j.ijplas.2019.102649,,,,P017_SIM_A05_1300K_SR1E10,Recovery_Status,SOURCE_NA,GPa,DIRECT_TABLE,Table 1 p.22,MD tensile simulation,High,SOURCE_NA,COMPUTATIONAL_MD
P017,10.1016/j.ijplas.2019.102649,,,,P017_SIM_A05_1300K_SR1E10,Record_ID,P017_SIM_A05_1300K_SR1E10,categorical,DIRECT_TABLE,Table 1 p.22,Authors-native mechanism classification,High,VERIFIED,COMPUTATIONAL_MD
P017,10.1016/j.ijplas.2019.102649,,,,P017_SIM_A05_1300K_SR1E10,Feature_Name,TWIP_induced_TRIP_Status,categorical,DIRECT_TABLE,Table 1 p.22,Authors-native mechanism classification,High,VERIFIED,COMPUTATIONAL_MD
P017,10.1016/j.ijplas.2019.102649,,,,P017_SIM_A05_1300K_SR1E10,Recovered_Value,Not observed,categorical,DIRECT_TABLE,Table 1 p.22,Authors-native mechanism classification,High,VERIFIED,COMPUTATIONAL_MD
P017,10.1016/j.ijplas.2019.102649,,,,P017_SIM_A05_1300K_SR1E10,Units,categorical,categorical,DIRECT_TABLE,Table 1 p.22,Authors-native mechanism classification,High,VERIFIED,COMPUTATIONAL_MD
P017,10.1016/j.ijplas.2019.102649,,,,P017_SIM_A05_1300K_SR1E10,Evidence_Type,DIRECT_TABLE,categorical,DIRECT_TABLE,Table 1 p.22,Authors-native mechanism classification,High,VERIFIED,COMPUTATIONAL_MD
P017,10.1016/j.ijplas.2019.102649,,,,P017_SIM_A05_1300K_SR1E10,Evidence_Location,Table 1 p.22,categorical,DIRECT_TABLE,Table 1 p.22,Authors-native mechanism classification,High,VERIFIED,COMPUTATIONAL_MD
P017,10.1016/j.ijplas.2019.102649,,,,P017_SIM_A05_1300K_SR1E10,Method,Authors-native mechanism classification,categorical,DIRECT_TABLE,Table 1 p.22,Authors-native mechanism classification,High,VERIFIED,COMPUTATIONAL_MD
P017,10.1016/j.ijplas.2019.102649,,,,P017_SIM_A05_1300K_SR1E10,Confidence,High,categorical,DIRECT_TABLE,Table 1 p.22,Authors-native mechanism classification,High,VERIFIED,COMPUTATIONAL_MD
P017,10.1016/j.ijplas.2019.102649,,,,P017_SIM_A05_1300K_SR1E10,Recovery_Status,VERIFIED,categorical,DIRECT_TABLE,Table 1 p.22,Authors-native mechanism classification,High,VERIFIED,COMPUTATIONAL_MD
P017,10.1016/j.ijplas.2019.102649,,,,P017_SIM_A05_1300K_SR1E10,Record_ID,P017_SIM_A05_1300K_SR1E10,categorical,DIRECT_TABLE,Table 1 p.22,Authors-native mechanism classification,High,VERIFIED,COMPUTATIONAL_MD
P017,10.1016/j.ijplas.2019.102649,,,,P017_SIM_A05_1300K_SR1E10,Feature_Name,TRIP_induced_TWIP_Status,categorical,DIRECT_TABLE,Table 1 p.22,Authors-native mechanism classification,High,VERIFIED,COMPUTATIONAL_MD
P017,10.1016/j.ijplas.2019.102649,,,,P017_SIM_A05_1300K_SR1E10,Recovered_Value,Not observed,categorical,DIRECT_TABLE,Table 1 p.22,Authors-native mechanism classification,High,VERIFIED,COMPUTATIONAL_MD
P017,10.1016/j.ijplas.2019.102649,,,,P017_SIM_A05_1300K_SR1E10,Units,categorical,categorical,DIRECT_TABLE,Table 1 p.22,Authors-native mechanism classification,High,VERIFIED,COMPUTATIONAL_MD
P017,10.1016/j.ijplas.2019.102649,,,,P017_SIM_A05_1300K_SR1E10,Evidence_Type,DIRECT_TABLE,categorical,DIRECT_TABLE,Table 1 p.22,Authors-native mechanism classification,High,VERIFIED,COMPUTATIONAL_MD
P017,10.1016/j.ijplas.2019.102649,,,,P017_SIM_A05_1300K_SR1E10,Evidence_Location,Table 1 p.22,categorical,DIRECT_TABLE,Table 1 p.22,Authors-native mechanism classification,High,VERIFIED,COMPUTATIONAL_MD
P017,10.1016/j.ijplas.2019.102649,,,,P017_SIM_A05_1300K_SR1E10,Method,Authors-native mechanism classification,categorical,DIRECT_TABLE,Table 1 p.22,Authors-native mechanism classification,High,VERIFIED,COMPUTATIONAL_MD
P017,10.1016/j.ijplas.2019.102649,,,,P017_SIM_A05_1300K_SR1E10,Confidence,High,categorical,DIRECT_TABLE,Table 1 p.22,Authors-native mechanism classification,High,VERIFIED,COMPUTATIONAL_MD
P017,10.1016/j.ijplas.2019.102649,,,,P017_SIM_A05_1300K_SR1E10,Recovery_Status,VERIFIED,categorical,DIRECT_TABLE,Table 1 p.22,Authors-native mechanism classification,High,VERIFIED,COMPUTATIONAL_MD
P017,10.1016/j.ijplas.2019.102649,,,,P017_SIM_A05_300K_SR1E9,Record_ID,P017_SIM_A05_300K_SR1E9,GPa,DIRECT_TABLE,Table 1 p.22,MD tensile simulation,High,VERIFIED,COMPUTATIONAL_MD
P017,10.1016/j.ijplas.2019.102649,,,,P017_SIM_A05_300K_SR1E9,Feature_Name,SIS_PSR,GPa,DIRECT_TABLE,Table 1 p.22,MD tensile simulation,High,VERIFIED,COMPUTATIONAL_MD
P017,10.1016/j.ijplas.2019.102649,,,,P017_SIM_A05_300K_SR1E9,Recovered_Value,3.7,GPa,DIRECT_TABLE,Table 1 p.22,MD tensile simulation,High,VERIFIED,COMPUTATIONAL_MD
P017,10.1016/j.ijplas.2019.102649,,,,P017_SIM_A05_300K_SR1E9,Units,GPa,GPa,DIRECT_TABLE,Table 1 p.22,MD tensile simulation,High,VERIFIED,COMPUTATIONAL_MD
P017,10.1016/j.ijplas.2019.102649,,,,P017_SIM_A05_300K_SR1E9,Evidence_Type,DIRECT_TABLE,GPa,DIRECT_TABLE,Table 1 p.22,MD tensile simulation,High,VERIFIED,COMPUTATIONAL_MD
P017,10.1016/j.ijplas.2019.102649,,,,P017_SIM_A05_300K_SR1E9,Evidence_Location,Table 1 p.22,GPa,DIRECT_TABLE,Table 1 p.22,MD tensile simulation,High,VERIFIED,COMPUTATIONAL_MD
P017,10.1016/j.ijplas.2019.102649,,,,P017_SIM_A05_300K_SR1E9,Method,MD tensile simulation,GPa,DIRECT_TABLE,Table 1 p.22,MD tensile simulation,High,VERIFIED,COMPUTATIONAL_MD
P017,10.1016/j.ijplas.2019.102649,,,,P017_SIM_A05_300K_SR1E9,Confidence,High,GPa,DIRECT_TABLE,Table 1 p.22,MD tensile simulation,High,VERIFIED,COMPUTATIONAL_MD
P017,10.1016/j.ijplas.2019.102649,,,,P017_SIM_A05_300K_SR1E9,Recovery_Status,VERIFIED,GPa,DIRECT_TABLE,Table 1 p.22,MD tensile simulation,High,VERIFIED,COMPUTATIONAL_MD
P017,10.1016/j.ijplas.2019.102649,,,,P017_SIM_A05_300K_SR1E9,Record_ID,P017_SIM_A05_300K_SR1E9,GPa,DIRECT_TABLE,Table 1 p.22,MD tensile simulation,High,VERIFIED,COMPUTATIONAL_MD
P017,10.1016/j.ijplas.2019.102649,,,,P017_SIM_A05_300K_SR1E9,Feature_Name,UTS_PSR,GPa,DIRECT_TABLE,Table 1 p.22,MD tensile simulation,High,VERIFIED,COMPUTATIONAL_MD
P017,10.1016/j.ijplas.2019.102649,,,,P017_SIM_A05_300K_SR1E9,Recovered_Value,4.2,GPa,DIRECT_TABLE,Table 1 p.22,MD tensile simulation,High,VERIFIED,COMPUTATIONAL_MD
P017,10.1016/j.ijplas.2019.102649,,,,P017_SIM_A05_300K_SR1E9,Units,GPa,GPa,DIRECT_TABLE,Table 1 p.22,MD tensile simulation,High,VERIFIED,COMPUTATIONAL_MD
P017,10.1016/j.ijplas.2019.102649,,,,P017_SIM_A05_300K_SR1E9,Evidence_Type,DIRECT_TABLE,GPa,DIRECT_TABLE,Table 1 p.22,MD tensile simulation,High,VERIFIED,COMPUTATIONAL_MD
P017,10.1016/j.ijplas.2019.102649,,,,P017_SIM_A05_300K_SR1E9,Evidence_Location,Table 1 p.22,GPa,DIRECT_TABLE,Table 1 p.22,MD tensile simulation,High,VERIFIED,COMPUTATIONAL_MD
P017,10.1016/j.ijplas.2019.102649,,,,P017_SIM_A05_300K_SR1E9,Method,MD tensile simulation,GPa,DIRECT_TABLE,Table 1 p.22,MD tensile simulation,High,VERIFIED,COMPUTATIONAL_MD
P017,10.1016/j.ijplas.2019.102649,,,,P017_SIM_A05_300K_SR1E9,Confidence,High,GPa,DIRECT_TABLE,Table 1 p.22,MD tensile simulation,High,VERIFIED,COMPUTATIONAL_MD
P017,10.1016/j.ijplas.2019.102649,,,,P017_SIM_A05_300K_SR1E9,Recovery_Status,VERIFIED,GPa,DIRECT_TABLE,Table 1 p.22,MD tensile simulation,High,VERIFIED,COMPUTATIONAL_MD
P017,10.1016/j.ijplas.2019.102649,,,,P017_SIM_A05_300K_SR1E9,Record_ID,P017_SIM_A05_300K_SR1E9,categorical,DIRECT_TABLE,Table 1 p.22,Authors-native mechanism classification,High,VERIFIED,COMPUTATIONAL_MD
P017,10.1016/j.ijplas.2019.102649,,,,P017_SIM_A05_300K_SR1E9,Feature_Name,TWIP_induced_TRIP_Status,categorical,DIRECT_TABLE,Table 1 p.22,Authors-native mechanism classification,High,VERIFIED,COMPUTATIONAL_MD
P017,10.1016/j.ijplas.2019.102649,,,,P017_SIM_A05_300K_SR1E9,Recovered_Value,Not observed,categorical,DIRECT_TABLE,Table 1 p.22,Authors-native mechanism classification,High,VERIFIED,COMPUTATIONAL_MD
P017,10.1016/j.ijplas.2019.102649,,,,P017_SIM_A05_300K_SR1E9,Units,categorical,categorical,DIRECT_TABLE,Table 1 p.22,Authors-native mechanism classification,High,VERIFIED,COMPUTATIONAL_MD
P017,10.1016/j.ijplas.2019.102649,,,,P017_SIM_A05_300K_SR1E9,Evidence_Type,DIRECT_TABLE,categorical,DIRECT_TABLE,Table 1 p.22,Authors-native mechanism classification,High,VERIFIED,COMPUTATIONAL_MD
P017,10.1016/j.ijplas.2019.102649,,,,P017_SIM_A05_300K_SR1E9,Evidence_Location,Table 1 p.22,categorical,DIRECT_TABLE,Table 1 p.22,Authors-native mechanism classification,High,VERIFIED,COMPUTATIONAL_MD
P017,10.1016/j.ijplas.2019.102649,,,,P017_SIM_A05_300K_SR1E9,Method,Authors-native mechanism classification,categorical,DIRECT_TABLE,Table 1 p.22,Authors-native mechanism classification,High,VERIFIED,COMPUTATIONAL_MD
P017,10.1016/j.ijplas.2019.102649,,,,P017_SIM_A05_300K_SR1E9,Confidence,High,categorical,DIRECT_TABLE,Table 1 p.22,Authors-native mechanism classification,High,VERIFIED,COMPUTATIONAL_MD
P017,10.1016/j.ijplas.2019.102649,,,,P017_SIM_A05_300K_SR1E9,Recovery_Status,VERIFIED,categorical,DIRECT_TABLE,Table 1 p.22,Authors-native mechanism classification,High,VERIFIED,COMPUTATIONAL_MD
P017,10.1016/j.ijplas.2019.102649,,,,P017_SIM_A05_300K_SR1E9,Record_ID,P017_SIM_A05_300K_SR1E9,categorical,DIRECT_TABLE,Table 1 p.22,Authors-native mechanism classification,High,VERIFIED,COMPUTATIONAL_MD
P017,10.1016/j.ijplas.2019.102649,,,,P017_SIM_A05_300K_SR1E9,Feature_Name,TRIP_induced_TWIP_Status,categorical,DIRECT_TABLE,Table 1 p.22,Authors-native mechanism classification,High,VERIFIED,COMPUTATIONAL_MD
P017,10.1016/j.ijplas.2019.102649,,,,P017_SIM_A05_300K_SR1E9,Recovered_Value,Observed,categorical,DIRECT_TABLE,Table 1 p.22,Authors-native mechanism classification,High,VERIFIED,COMPUTATIONAL_MD
P017,10.1016/j.ijplas.2019.102649,,,,P017_SIM_A05_300K_SR1E9,Units,categorical,categorical,DIRECT_TABLE,Table 1 p.22,Authors-native mechanism classification,High,VERIFIED,COMPUTATIONAL_MD
P017,10.1016/j.ijplas.2019.102649,,,,P017_SIM_A05_300K_SR1E9,Evidence_Type,DIRECT_TABLE,categorical,DIRECT_TABLE,Table 1 p.22,Authors-native mechanism classification,High,VERIFIED,COMPUTATIONAL_MD
P017,10.1016/j.ijplas.2019.102649,,,,P017_SIM_A05_300K_SR1E9,Evidence_Location,Table 1 p.22,categorical,DIRECT_TABLE,Table 1 p.22,Authors-native mechanism classification,High,VERIFIED,COMPUTATIONAL_MD
P017,10.1016/j.ijplas.2019.102649,,,,P017_SIM_A05_300K_SR1E9,Method,Authors-native mechanism classification,categorical,DIRECT_TABLE,Table 1 p.22,Authors-native mechanism classification,High,VERIFIED,COMPUTATIONAL_MD
P017,10.1016/j.ijplas.2019.102649,,,,P017_SIM_A05_300K_SR1E9,Confidence,High,categorical,DIRECT_TABLE,Table 1 p.22,Authors-native mechanism classification,High,VERIFIED,COMPUTATIONAL_MD
P017,10.1016/j.ijplas.2019.102649,,,,P017_SIM_A05_300K_SR1E9,Recovery_Status,VERIFIED,categorical,DIRECT_TABLE,Table 1 p.22,Authors-native mechanism classification,High,VERIFIED,COMPUTATIONAL_MD
P017,10.1016/j.ijplas.2019.102649,,,,P017_SIM_A05_300K_SR1E8,Record_ID,P017_SIM_A05_300K_SR1E8,GPa,DIRECT_TABLE,Table 1 p.22,MD tensile simulation,High,VERIFIED,COMPUTATIONAL_MD
P017,10.1016/j.ijplas.2019.102649,,,,P017_SIM_A05_300K_SR1E8,Feature_Name,SIS_PSR,GPa,DIRECT_TABLE,Table 1 p.22,MD tensile simulation,High,VERIFIED,COMPUTATIONAL_MD
P017,10.1016/j.ijplas.2019.102649,,,,P017_SIM_A05_300K_SR1E8,Recovered_Value,3.6,GPa,DIRECT_TABLE,Table 1 p.22,MD tensile simulation,High,VERIFIED,COMPUTATIONAL_MD
P017,10.1016/j.ijplas.2019.102649,,,,P017_SIM_A05_300K_SR1E8,Units,GPa,GPa,DIRECT_TABLE,Table 1 p.22,MD tensile simulation,High,VERIFIED,COMPUTATIONAL_MD
P017,10.1016/j.ijplas.2019.102649,,,,P017_SIM_A05_300K_SR1E8,Evidence_Type,DIRECT_TABLE,GPa,DIRECT_TABLE,Table 1 p.22,MD tensile simulation,High,VERIFIED,COMPUTATIONAL_MD
P017,10.1016/j.ijplas.2019.102649,,,,P017_SIM_A05_300K_SR1E8,Evidence_Location,Table 1 p.22,GPa,DIRECT_TABLE,Table 1 p.22,MD tensile simulation,High,VERIFIED,COMPUTATIONAL_MD
P017,10.1016/j.ijplas.2019.102649,,,,P017_SIM_A05_300K_SR1E8,Method,MD tensile simulation,GPa,DIRECT_TABLE,Table 1 p.22,MD tensile simulation,High,VERIFIED,COMPUTATIONAL_MD
P017,10.1016/j.ijplas.2019.102649,,,,P017_SIM_A05_300K_SR1E8,Confidence,High,GPa,DIRECT_TABLE,Table 1 p.22,MD tensile simulation,High,VERIFIED,COMPUTATIONAL_MD
P017,10.1016/j.ijplas.2019.102649,,,,P017_SIM_A05_300K_SR1E8,Recovery_Status,VERIFIED,GPa,DIRECT_TABLE,Table 1 p.22,MD tensile simulation,High,VERIFIED,COMPUTATIONAL_MD
P017,10.1016/j.ijplas.2019.102649,,,,P017_SIM_A05_300K_SR1E8,Record_ID,P017_SIM_A05_300K_SR1E8,GPa,DIRECT_TABLE,Table 1 p.22,MD tensile simulation,High,VERIFIED,COMPUTATIONAL_MD
P017,10.1016/j.ijplas.2019.102649,,,,P017_SIM_A05_300K_SR1E8,Feature_Name,UTS_PSR,GPa,DIRECT_TABLE,Table 1 p.22,MD tensile simulation,High,VERIFIED,COMPUTATIONAL_MD
P017,10.1016/j.ijplas.2019.102649,,,,P017_SIM_A05_300K_SR1E8,Recovered_Value,4,GPa,DIRECT_TABLE,Table 1 p.22,MD tensile simulation,High,VERIFIED,COMPUTATIONAL_MD
P017,10.1016/j.ijplas.2019.102649,,,,P017_SIM_A05_300K_SR1E8,Units,GPa,GPa,DIRECT_TABLE,Table 1 p.22,MD tensile simulation,High,VERIFIED,COMPUTATIONAL_MD
P017,10.1016/j.ijplas.2019.102649,,,,P017_SIM_A05_300K_SR1E8,Evidence_Type,DIRECT_TABLE,GPa,DIRECT_TABLE,Table 1 p.22,MD tensile simulation,High,VERIFIED,COMPUTATIONAL_MD
P017,10.1016/j.ijplas.2019.102649,,,,P017_SIM_A05_300K_SR1E8,Evidence_Location,Table 1 p.22,GPa,DIRECT_TABLE,Table 1 p.22,MD tensile simulation,High,VERIFIED,COMPUTATIONAL_MD
P017,10.1016/j.ijplas.2019.102649,,,,P017_SIM_A05_300K_SR1E8,Method,MD tensile simulation,GPa,DIRECT_TABLE,Table 1 p.22,MD tensile simulation,High,VERIFIED,COMPUTATIONAL_MD
P017,10.1016/j.ijplas.2019.102649,,,,P017_SIM_A05_300K_SR1E8,Confidence,High,GPa,DIRECT_TABLE,Table 1 p.22,MD tensile simulation,High,VERIFIED,COMPUTATIONAL_MD
P017,10.1016/j.ijplas.2019.102649,,,,P017_SIM_A05_300K_SR1E8,Recovery_Status,VERIFIED,GPa,DIRECT_TABLE,Table 1 p.22,MD tensile simulation,High,VERIFIED,COMPUTATIONAL_MD
P017,10.1016/j.ijplas.2019.102649,,,,P017_SIM_A05_300K_SR1E8,Record_ID,P017_SIM_A05_300K_SR1E8,categorical,DIRECT_TABLE,Table 1 p.22,Authors-native mechanism classification,High,VERIFIED,COMPUTATIONAL_MD
P017,10.1016/j.ijplas.2019.102649,,,,P017_SIM_A05_300K_SR1E8,Feature_Name,TWIP_induced_TRIP_Status,categorical,DIRECT_TABLE,Table 1 p.22,Authors-native mechanism classification,High,VERIFIED,COMPUTATIONAL_MD
P017,10.1016/j.ijplas.2019.102649,,,,P017_SIM_A05_300K_SR1E8,Recovered_Value,Not observed,categorical,DIRECT_TABLE,Table 1 p.22,Authors-native mechanism classification,High,VERIFIED,COMPUTATIONAL_MD
P017,10.1016/j.ijplas.2019.102649,,,,P017_SIM_A05_300K_SR1E8,Units,categorical,categorical,DIRECT_TABLE,Table 1 p.22,Authors-native mechanism classification,High,VERIFIED,COMPUTATIONAL_MD
P017,10.1016/j.ijplas.2019.102649,,,,P017_SIM_A05_300K_SR1E8,Evidence_Type,DIRECT_TABLE,categorical,DIRECT_TABLE,Table 1 p.22,Authors-native mechanism classification,High,VERIFIED,COMPUTATIONAL_MD
P017,10.1016/j.ijplas.2019.102649,,,,P017_SIM_A05_300K_SR1E8,Evidence_Location,Table 1 p.22,categorical,DIRECT_TABLE,Table 1 p.22,Authors-native mechanism classification,High,VERIFIED,COMPUTATIONAL_MD
P017,10.1016/j.ijplas.2019.102649,,,,P017_SIM_A05_300K_SR1E8,Method,Authors-native mechanism classification,categorical,DIRECT_TABLE,Table 1 p.22,Authors-native mechanism classification,High,VERIFIED,COMPUTATIONAL_MD
P017,10.1016/j.ijplas.2019.102649,,,,P017_SIM_A05_300K_SR1E8,Confidence,High,categorical,DIRECT_TABLE,Table 1 p.22,Authors-native mechanism classification,High,VERIFIED,COMPUTATIONAL_MD
P017,10.1016/j.ijplas.2019.102649,,,,P017_SIM_A05_300K_SR1E8,Recovery_Status,VERIFIED,categorical,DIRECT_TABLE,Table 1 p.22,Authors-native mechanism classification,High,VERIFIED,COMPUTATIONAL_MD
P017,10.1016/j.ijplas.2019.102649,,,,P017_SIM_A05_300K_SR1E8,Record_ID,P017_SIM_A05_300K_SR1E8,categorical,DIRECT_TABLE,Table 1 p.22,Authors-native mechanism classification,High,VERIFIED,COMPUTATIONAL_MD
P017,10.1016/j.ijplas.2019.102649,,,,P017_SIM_A05_300K_SR1E8,Feature_Name,TRIP_induced_TWIP_Status,categorical,DIRECT_TABLE,Table 1 p.22,Authors-native mechanism classification,High,VERIFIED,COMPUTATIONAL_MD
P017,10.1016/j.ijplas.2019.102649,,,,P017_SIM_A05_300K_SR1E8,Recovered_Value,Observed,categorical,DIRECT_TABLE,Table 1 p.22,Authors-native mechanism classification,High,VERIFIED,COMPUTATIONAL_MD
P017,10.1016/j.ijplas.2019.102649,,,,P017_SIM_A05_300K_SR1E8,Units,categorical,categorical,DIRECT_TABLE,Table 1 p.22,Authors-native mechanism classification,High,VERIFIED,COMPUTATIONAL_MD
P017,10.1016/j.ijplas.2019.102649,,,,P017_SIM_A05_300K_SR1E8,Evidence_Type,DIRECT_TABLE,categorical,DIRECT_TABLE,Table 1 p.22,Authors-native mechanism classification,High,VERIFIED,COMPUTATIONAL_MD
P017,10.1016/j.ijplas.2019.102649,,,,P017_SIM_A05_300K_SR1E8,Evidence_Location,Table 1 p.22,categorical,DIRECT_TABLE,Table 1 p.22,Authors-native mechanism classification,High,VERIFIED,COMPUTATIONAL_MD
P017,10.1016/j.ijplas.2019.102649,,,,P017_SIM_A05_300K_SR1E8,Method,Authors-native mechanism classification,categorical,DIRECT_TABLE,Table 1 p.22,Authors-native mechanism classification,High,VERIFIED,COMPUTATIONAL_MD
P017,10.1016/j.ijplas.2019.102649,,,,P017_SIM_A05_300K_SR1E8,Confidence,High,categorical,DIRECT_TABLE,Table 1 p.22,Authors-native mechanism classification,High,VERIFIED,COMPUTATIONAL_MD
P017,10.1016/j.ijplas.2019.102649,,,,P017_SIM_A05_300K_SR1E8,Recovery_Status,VERIFIED,categorical,DIRECT_TABLE,Table 1 p.22,Authors-native mechanism classification,High,VERIFIED,COMPUTATIONAL_MD
P017,10.1016/j.ijplas.2019.102649,,,,P017_SIM_A15_300K_SR1E10,Record_ID,P017_SIM_A15_300K_SR1E10,GPa,DIRECT_TABLE,Table 1 p.22,MD tensile simulation,High,VERIFIED,COMPUTATIONAL_MD
P017,10.1016/j.ijplas.2019.102649,,,,P017_SIM_A15_300K_SR1E10,Feature_Name,SIS_PSR,GPa,DIRECT_TABLE,Table 1 p.22,MD tensile simulation,High,VERIFIED,COMPUTATIONAL_MD
P017,10.1016/j.ijplas.2019.102649,,,,P017_SIM_A15_300K_SR1E10,Recovered_Value,2.1,GPa,DIRECT_TABLE,Table 1 p.22,MD tensile simulation,High,VERIFIED,COMPUTATIONAL_MD
P017,10.1016/j.ijplas.2019.102649,,,,P017_SIM_A15_300K_SR1E10,Units,GPa,GPa,DIRECT_TABLE,Table 1 p.22,MD tensile simulation,High,VERIFIED,COMPUTATIONAL_MD
P017,10.1016/j.ijplas.2019.102649,,,,P017_SIM_A15_300K_SR1E10,Evidence_Type,DIRECT_TABLE,GPa,DIRECT_TABLE,Table 1 p.22,MD tensile simulation,High,VERIFIED,COMPUTATIONAL_MD
P017,10.1016/j.ijplas.2019.102649,,,,P017_SIM_A15_300K_SR1E10,Evidence_Location,Table 1 p.22,GPa,DIRECT_TABLE,Table 1 p.22,MD tensile simulation,High,VERIFIED,COMPUTATIONAL_MD
P017,10.1016/j.ijplas.2019.102649,,,,P017_SIM_A15_300K_SR1E10,Method,MD tensile simulation,GPa,DIRECT_TABLE,Table 1 p.22,MD tensile simulation,High,VERIFIED,COMPUTATIONAL_MD
P017,10.1016/j.ijplas.2019.102649,,,,P017_SIM_A15_300K_SR1E10,Confidence,High,GPa,DIRECT_TABLE,Table 1 p.22,MD tensile simulation,High,VERIFIED,COMPUTATIONAL_MD
P017,10.1016/j.ijplas.2019.102649,,,,P017_SIM_A15_300K_SR1E10,Recovery_Status,VERIFIED,GPa,DIRECT_TABLE,Table 1 p.22,MD tensile simulation,High,VERIFIED,COMPUTATIONAL_MD
P017,10.1016/j.ijplas.2019.102649,,,,P017_SIM_A15_300K_SR1E10,Record_ID,P017_SIM_A15_300K_SR1E10,GPa,DIRECT_TABLE,Table 1 p.22,MD tensile simulation,High,VERIFIED,COMPUTATIONAL_MD
P017,10.1016/j.ijplas.2019.102649,,,,P017_SIM_A15_300K_SR1E10,Feature_Name,UTS_PSR,GPa,DIRECT_TABLE,Table 1 p.22,MD tensile simulation,High,VERIFIED,COMPUTATIONAL_MD
P017,10.1016/j.ijplas.2019.102649,,,,P017_SIM_A15_300K_SR1E10,Recovered_Value,3.6,GPa,DIRECT_TABLE,Table 1 p.22,MD tensile simulation,High,VERIFIED,COMPUTATIONAL_MD
P017,10.1016/j.ijplas.2019.102649,,,,P017_SIM_A15_300K_SR1E10,Units,GPa,GPa,DIRECT_TABLE,Table 1 p.22,MD tensile simulation,High,VERIFIED,COMPUTATIONAL_MD
P017,10.1016/j.ijplas.2019.102649,,,,P017_SIM_A15_300K_SR1E10,Evidence_Type,DIRECT_TABLE,GPa,DIRECT_TABLE,Table 1 p.22,MD tensile simulation,High,VERIFIED,COMPUTATIONAL_MD
P017,10.1016/j.ijplas.2019.102649,,,,P017_SIM_A15_300K_SR1E10,Evidence_Location,Table 1 p.22,GPa,DIRECT_TABLE,Table 1 p.22,MD tensile simulation,High,VERIFIED,COMPUTATIONAL_MD
P017,10.1016/j.ijplas.2019.102649,,,,P017_SIM_A15_300K_SR1E10,Method,MD tensile simulation,GPa,DIRECT_TABLE,Table 1 p.22,MD tensile simulation,High,VERIFIED,COMPUTATIONAL_MD
P017,10.1016/j.ijplas.2019.102649,,,,P017_SIM_A15_300K_SR1E10,Confidence,High,GPa,DIRECT_TABLE,Table 1 p.22,MD tensile simulation,High,VERIFIED,COMPUTATIONAL_MD
P017,10.1016/j.ijplas.2019.102649,,,,P017_SIM_A15_300K_SR1E10,Recovery_Status,VERIFIED,GPa,DIRECT_TABLE,Table 1 p.22,MD tensile simulation,High,VERIFIED,COMPUTATIONAL_MD
P017,10.1016/j.ijplas.2019.102649,,,,P017_SIM_A15_300K_SR1E10,Record_ID,P017_SIM_A15_300K_SR1E10,categorical,DIRECT_TABLE,Table 1 p.22,Authors-native mechanism classification,High,VERIFIED,COMPUTATIONAL_MD
P017,10.1016/j.ijplas.2019.102649,,,,P017_SIM_A15_300K_SR1E10,Feature_Name,TWIP_induced_TRIP_Status,categorical,DIRECT_TABLE,Table 1 p.22,Authors-native mechanism classification,High,VERIFIED,COMPUTATIONAL_MD
P017,10.1016/j.ijplas.2019.102649,,,,P017_SIM_A15_300K_SR1E10,Recovered_Value,Observed,categorical,DIRECT_TABLE,Table 1 p.22,Authors-native mechanism classification,High,VERIFIED,COMPUTATIONAL_MD
P017,10.1016/j.ijplas.2019.102649,,,,P017_SIM_A15_300K_SR1E10,Units,categorical,categorical,DIRECT_TABLE,Table 1 p.22,Authors-native mechanism classification,High,VERIFIED,COMPUTATIONAL_MD
P017,10.1016/j.ijplas.2019.102649,,,,P017_SIM_A15_300K_SR1E10,Evidence_Type,DIRECT_TABLE,categorical,DIRECT_TABLE,Table 1 p.22,Authors-native mechanism classification,High,VERIFIED,COMPUTATIONAL_MD
P017,10.1016/j.ijplas.2019.102649,,,,P017_SIM_A15_300K_SR1E10,Evidence_Location,Table 1 p.22,categorical,DIRECT_TABLE,Table 1 p.22,Authors-native mechanism classification,High,VERIFIED,COMPUTATIONAL_MD
P017,10.1016/j.ijplas.2019.102649,,,,P017_SIM_A15_300K_SR1E10,Method,Authors-native mechanism classification,categorical,DIRECT_TABLE,Table 1 p.22,Authors-native mechanism classification,High,VERIFIED,COMPUTATIONAL_MD
P017,10.1016/j.ijplas.2019.102649,,,,P017_SIM_A15_300K_SR1E10,Confidence,High,categorical,DIRECT_TABLE,Table 1 p.22,Authors-native mechanism classification,High,VERIFIED,COMPUTATIONAL_MD
P017,10.1016/j.ijplas.2019.102649,,,,P017_SIM_A15_300K_SR1E10,Recovery_Status,VERIFIED,categorical,DIRECT_TABLE,Table 1 p.22,Authors-native mechanism classification,High,VERIFIED,COMPUTATIONAL_MD
P017,10.1016/j.ijplas.2019.102649,,,,P017_SIM_A15_300K_SR1E10,Record_ID,P017_SIM_A15_300K_SR1E10,categorical,DIRECT_TABLE,Table 1 p.22,Authors-native mechanism classification,High,VERIFIED,COMPUTATIONAL_MD
P017,10.1016/j.ijplas.2019.102649,,,,P017_SIM_A15_300K_SR1E10,Feature_Name,TRIP_induced_TWIP_Status,categorical,DIRECT_TABLE,Table 1 p.22,Authors-native mechanism classification,High,VERIFIED,COMPUTATIONAL_MD
P017,10.1016/j.ijplas.2019.102649,,,,P017_SIM_A15_300K_SR1E10,Recovered_Value,Observed,categorical,DIRECT_TABLE,Table 1 p.22,Authors-native mechanism classification,High,VERIFIED,COMPUTATIONAL_MD
P017,10.1016/j.ijplas.2019.102649,,,,P017_SIM_A15_300K_SR1E10,Units,categorical,categorical,DIRECT_TABLE,Table 1 p.22,Authors-native mechanism classification,High,VERIFIED,COMPUTATIONAL_MD
P017,10.1016/j.ijplas.2019.102649,,,,P017_SIM_A15_300K_SR1E10,Evidence_Type,DIRECT_TABLE,categorical,DIRECT_TABLE,Table 1 p.22,Authors-native mechanism classification,High,VERIFIED,COMPUTATIONAL_MD
P017,10.1016/j.ijplas.2019.102649,,,,P017_SIM_A15_300K_SR1E10,Evidence_Location,Table 1 p.22,categorical,DIRECT_TABLE,Table 1 p.22,Authors-native mechanism classification,High,VERIFIED,COMPUTATIONAL_MD
P017,10.1016/j.ijplas.2019.102649,,,,P017_SIM_A15_300K_SR1E10,Method,Authors-native mechanism classification,categorical,DIRECT_TABLE,Table 1 p.22,Authors-native mechanism classification,High,VERIFIED,COMPUTATIONAL_MD
P017,10.1016/j.ijplas.2019.102649,,,,P017_SIM_A15_300K_SR1E10,Confidence,High,categorical,DIRECT_TABLE,Table 1 p.22,Authors-native mechanism classification,High,VERIFIED,COMPUTATIONAL_MD
P017,10.1016/j.ijplas.2019.102649,,,,P017_SIM_A15_300K_SR1E10,Recovery_Status,VERIFIED,categorical,DIRECT_TABLE,Table 1 p.22,Authors-native mechanism classification,High,VERIFIED,COMPUTATIONAL_MD
P017,10.1016/j.ijplas.2019.102649,,,,P017_SIM_A15_700K_SR1E10,Record_ID,P017_SIM_A15_700K_SR1E10,GPa,DIRECT_TABLE,Table 1 p.22,MD tensile simulation,High,VERIFIED,COMPUTATIONAL_MD
P017,10.1016/j.ijplas.2019.102649,,,,P017_SIM_A15_700K_SR1E10,Feature_Name,SIS_PSR,GPa,DIRECT_TABLE,Table 1 p.22,MD tensile simulation,High,VERIFIED,COMPUTATIONAL_MD
P017,10.1016/j.ijplas.2019.102649,,,,P017_SIM_A15_700K_SR1E10,Recovered_Value,1.5,GPa,DIRECT_TABLE,Table 1 p.22,MD tensile simulation,High,VERIFIED,COMPUTATIONAL_MD
P017,10.1016/j.ijplas.2019.102649,,,,P017_SIM_A15_700K_SR1E10,Units,GPa,GPa,DIRECT_TABLE,Table 1 p.22,MD tensile simulation,High,VERIFIED,COMPUTATIONAL_MD
P017,10.1016/j.ijplas.2019.102649,,,,P017_SIM_A15_700K_SR1E10,Evidence_Type,DIRECT_TABLE,GPa,DIRECT_TABLE,Table 1 p.22,MD tensile simulation,High,VERIFIED,COMPUTATIONAL_MD
P017,10.1016/j.ijplas.2019.102649,,,,P017_SIM_A15_700K_SR1E10,Evidence_Location,Table 1 p.22,GPa,DIRECT_TABLE,Table 1 p.22,MD tensile simulation,High,VERIFIED,COMPUTATIONAL_MD
P017,10.1016/j.ijplas.2019.102649,,,,P017_SIM_A15_700K_SR1E10,Method,MD tensile simulation,GPa,DIRECT_TABLE,Table 1 p.22,MD tensile simulation,High,VERIFIED,COMPUTATIONAL_MD
P017,10.1016/j.ijplas.2019.102649,,,,P017_SIM_A15_700K_SR1E10,Confidence,High,GPa,DIRECT_TABLE,Table 1 p.22,MD tensile simulation,High,VERIFIED,COMPUTATIONAL_MD
P017,10.1016/j.ijplas.2019.102649,,,,P017_SIM_A15_700K_SR1E10,Recovery_Status,VERIFIED,GPa,DIRECT_TABLE,Table 1 p.22,MD tensile simulation,High,VERIFIED,COMPUTATIONAL_MD
P017,10.1016/j.ijplas.2019.102649,,,,P017_SIM_A15_700K_SR1E10,Record_ID,P017_SIM_A15_700K_SR1E10,GPa,DIRECT_TABLE,Table 1 p.22,MD tensile simulation,High,VERIFIED,COMPUTATIONAL_MD
P017,10.1016/j.ijplas.2019.102649,,,,P017_SIM_A15_700K_SR1E10,Feature_Name,UTS_PSR,GPa,DIRECT_TABLE,Table 1 p.22,MD tensile simulation,High,VERIFIED,COMPUTATIONAL_MD
P017,10.1016/j.ijplas.2019.102649,,,,P017_SIM_A15_700K_SR1E10,Recovered_Value,2.5,GPa,DIRECT_TABLE,Table 1 p.22,MD tensile simulation,High,VERIFIED,COMPUTATIONAL_MD
P017,10.1016/j.ijplas.2019.102649,,,,P017_SIM_A15_700K_SR1E10,Units,GPa,GPa,DIRECT_TABLE,Table 1 p.22,MD tensile simulation,High,VERIFIED,COMPUTATIONAL_MD
P017,10.1016/j.ijplas.2019.102649,,,,P017_SIM_A15_700K_SR1E10,Evidence_Type,DIRECT_TABLE,GPa,DIRECT_TABLE,Table 1 p.22,MD tensile simulation,High,VERIFIED,COMPUTATIONAL_MD
P017,10.1016/j.ijplas.2019.102649,,,,P017_SIM_A15_700K_SR1E10,Evidence_Location,Table 1 p.22,GPa,DIRECT_TABLE,Table 1 p.22,MD tensile simulation,High,VERIFIED,COMPUTATIONAL_MD
P017,10.1016/j.ijplas.2019.102649,,,,P017_SIM_A15_700K_SR1E10,Method,MD tensile simulation,GPa,DIRECT_TABLE,Table 1 p.22,MD tensile simulation,High,VERIFIED,COMPUTATIONAL_MD
P017,10.1016/j.ijplas.2019.102649,,,,P017_SIM_A15_700K_SR1E10,Confidence,High,GPa,DIRECT_TABLE,Table 1 p.22,MD tensile simulation,High,VERIFIED,COMPUTATIONAL_MD
P017,10.1016/j.ijplas.2019.102649,,,,P017_SIM_A15_700K_SR1E10,Recovery_Status,VERIFIED,GPa,DIRECT_TABLE,Table 1 p.22,MD tensile simulation,High,VERIFIED,COMPUTATIONAL_MD
P017,10.1016/j.ijplas.2019.102649,,,,P017_SIM_A15_700K_SR1E10,Record_ID,P017_SIM_A15_700K_SR1E10,categorical,DIRECT_TABLE,Table 1 p.22,Authors-native mechanism classification,High,VERIFIED,COMPUTATIONAL_MD
P017,10.1016/j.ijplas.2019.102649,,,,P017_SIM_A15_700K_SR1E10,Feature_Name,TWIP_induced_TRIP_Status,categorical,DIRECT_TABLE,Table 1 p.22,Authors-native mechanism classification,High,VERIFIED,COMPUTATIONAL_MD
P017,10.1016/j.ijplas.2019.102649,,,,P017_SIM_A15_700K_SR1E10,Recovered_Value,Observed,categorical,DIRECT_TABLE,Table 1 p.22,Authors-native mechanism classification,High,VERIFIED,COMPUTATIONAL_MD
P017,10.1016/j.ijplas.2019.102649,,,,P017_SIM_A15_700K_SR1E10,Units,categorical,categorical,DIRECT_TABLE,Table 1 p.22,Authors-native mechanism classification,High,VERIFIED,COMPUTATIONAL_MD
P017,10.1016/j.ijplas.2019.102649,,,,P017_SIM_A15_700K_SR1E10,Evidence_Type,DIRECT_TABLE,categorical,DIRECT_TABLE,Table 1 p.22,Authors-native mechanism classification,High,VERIFIED,COMPUTATIONAL_MD
P017,10.1016/j.ijplas.2019.102649,,,,P017_SIM_A15_700K_SR1E10,Evidence_Location,Table 1 p.22,categorical,DIRECT_TABLE,Table 1 p.22,Authors-native mechanism classification,High,VERIFIED,COMPUTATIONAL_MD
P017,10.1016/j.ijplas.2019.102649,,,,P017_SIM_A15_700K_SR1E10,Method,Authors-native mechanism classification,categorical,DIRECT_TABLE,Table 1 p.22,Authors-native mechanism classification,High,VERIFIED,COMPUTATIONAL_MD
P017,10.1016/j.ijplas.2019.102649,,,,P017_SIM_A15_700K_SR1E10,Confidence,High,categorical,DIRECT_TABLE,Table 1 p.22,Authors-native mechanism classification,High,VERIFIED,COMPUTATIONAL_MD
P017,10.1016/j.ijplas.2019.102649,,,,P017_SIM_A15_700K_SR1E10,Recovery_Status,VERIFIED,categorical,DIRECT_TABLE,Table 1 p.22,Authors-native mechanism classification,High,VERIFIED,COMPUTATIONAL_MD
P017,10.1016/j.ijplas.2019.102649,,,,P017_SIM_A15_700K_SR1E10,Record_ID,P017_SIM_A15_700K_SR1E10,categorical,DIRECT_TABLE,Table 1 p.22,Authors-native mechanism classification,High,VERIFIED,COMPUTATIONAL_MD
P017,10.1016/j.ijplas.2019.102649,,,,P017_SIM_A15_700K_SR1E10,Feature_Name,TRIP_induced_TWIP_Status,categorical,DIRECT_TABLE,Table 1 p.22,Authors-native mechanism classification,High,VERIFIED,COMPUTATIONAL_MD
P017,10.1016/j.ijplas.2019.102649,,,,P017_SIM_A15_700K_SR1E10,Recovered_Value,Observed,categorical,DIRECT_TABLE,Table 1 p.22,Authors-native mechanism classification,High,VERIFIED,COMPUTATIONAL_MD
P017,10.1016/j.ijplas.2019.102649,,,,P017_SIM_A15_700K_SR1E10,Units,categorical,categorical,DIRECT_TABLE,Table 1 p.22,Authors-native mechanism classification,High,VERIFIED,COMPUTATIONAL_MD
P017,10.1016/j.ijplas.2019.102649,,,,P017_SIM_A15_700K_SR1E10,Evidence_Type,DIRECT_TABLE,categorical,DIRECT_TABLE,Table 1 p.22,Authors-native mechanism classification,High,VERIFIED,COMPUTATIONAL_MD
P017,10.1016/j.ijplas.2019.102649,,,,P017_SIM_A15_700K_SR1E10,Evidence_Location,Table 1 p.22,categorical,DIRECT_TABLE,Table 1 p.22,Authors-native mechanism classification,High,VERIFIED,COMPUTATIONAL_MD
P017,10.1016/j.ijplas.2019.102649,,,,P017_SIM_A15_700K_SR1E10,Method,Authors-native mechanism classification,categorical,DIRECT_TABLE,Table 1 p.22,Authors-native mechanism classification,High,VERIFIED,COMPUTATIONAL_MD
P017,10.1016/j.ijplas.2019.102649,,,,P017_SIM_A15_700K_SR1E10,Confidence,High,categorical,DIRECT_TABLE,Table 1 p.22,Authors-native mechanism classification,High,VERIFIED,COMPUTATIONAL_MD
P017,10.1016/j.ijplas.2019.102649,,,,P017_SIM_A15_700K_SR1E10,Recovery_Status,VERIFIED,categorical,DIRECT_TABLE,Table 1 p.22,Authors-native mechanism classification,High,VERIFIED,COMPUTATIONAL_MD
P017,10.1016/j.ijplas.2019.102649,,,,P017_SIM_A15_1000K_SR1E10,Record_ID,P017_SIM_A15_1000K_SR1E10,GPa,DIRECT_TABLE,Table 1 p.22,MD tensile simulation,High,VERIFIED,COMPUTATIONAL_MD
P017,10.1016/j.ijplas.2019.102649,,,,P017_SIM_A15_1000K_SR1E10,Feature_Name,SIS_PSR,GPa,DIRECT_TABLE,Table 1 p.22,MD tensile simulation,High,VERIFIED,COMPUTATIONAL_MD
P017,10.1016/j.ijplas.2019.102649,,,,P017_SIM_A15_1000K_SR1E10,Recovered_Value,1.3,GPa,DIRECT_TABLE,Table 1 p.22,MD tensile simulation,High,VERIFIED,COMPUTATIONAL_MD
P017,10.1016/j.ijplas.2019.102649,,,,P017_SIM_A15_1000K_SR1E10,Units,GPa,GPa,DIRECT_TABLE,Table 1 p.22,MD tensile simulation,High,VERIFIED,COMPUTATIONAL_MD
P017,10.1016/j.ijplas.2019.102649,,,,P017_SIM_A15_1000K_SR1E10,Evidence_Type,DIRECT_TABLE,GPa,DIRECT_TABLE,Table 1 p.22,MD tensile simulation,High,VERIFIED,COMPUTATIONAL_MD
P017,10.1016/j.ijplas.2019.102649,,,,P017_SIM_A15_1000K_SR1E10,Evidence_Location,Table 1 p.22,GPa,DIRECT_TABLE,Table 1 p.22,MD tensile simulation,High,VERIFIED,COMPUTATIONAL_MD
P017,10.1016/j.ijplas.2019.102649,,,,P017_SIM_A15_1000K_SR1E10,Method,MD tensile simulation,GPa,DIRECT_TABLE,Table 1 p.22,MD tensile simulation,High,VERIFIED,COMPUTATIONAL_MD
P017,10.1016/j.ijplas.2019.102649,,,,P017_SIM_A15_1000K_SR1E10,Confidence,High,GPa,DIRECT_TABLE,Table 1 p.22,MD tensile simulation,High,VERIFIED,COMPUTATIONAL_MD
P017,10.1016/j.ijplas.2019.102649,,,,P017_SIM_A15_1000K_SR1E10,Recovery_Status,VERIFIED,GPa,DIRECT_TABLE,Table 1 p.22,MD tensile simulation,High,VERIFIED,COMPUTATIONAL_MD
P017,10.1016/j.ijplas.2019.102649,,,,P017_SIM_A15_1000K_SR1E10,Record_ID,P017_SIM_A15_1000K_SR1E10,GPa,DIRECT_TABLE,Table 1 p.22,MD tensile simulation,High,VERIFIED,COMPUTATIONAL_MD
P017,10.1016/j.ijplas.2019.102649,,,,P017_SIM_A15_1000K_SR1E10,Feature_Name,UTS_PSR,GPa,DIRECT_TABLE,Table 1 p.22,MD tensile simulation,High,VERIFIED,COMPUTATIONAL_MD
P017,10.1016/j.ijplas.2019.102649,,,,P017_SIM_A15_1000K_SR1E10,Recovered_Value,2.5,GPa,DIRECT_TABLE,Table 1 p.22,MD tensile simulation,High,VERIFIED,COMPUTATIONAL_MD
P017,10.1016/j.ijplas.2019.102649,,,,P017_SIM_A15_1000K_SR1E10,Units,GPa,GPa,DIRECT_TABLE,Table 1 p.22,MD tensile simulation,High,VERIFIED,COMPUTATIONAL_MD
P017,10.1016/j.ijplas.2019.102649,,,,P017_SIM_A15_1000K_SR1E10,Evidence_Type,DIRECT_TABLE,GPa,DIRECT_TABLE,Table 1 p.22,MD tensile simulation,High,VERIFIED,COMPUTATIONAL_MD
P017,10.1016/j.ijplas.2019.102649,,,,P017_SIM_A15_1000K_SR1E10,Evidence_Location,Table 1 p.22,GPa,DIRECT_TABLE,Table 1 p.22,MD tensile simulation,High,VERIFIED,COMPUTATIONAL_MD
P017,10.1016/j.ijplas.2019.102649,,,,P017_SIM_A15_1000K_SR1E10,Method,MD tensile simulation,GPa,DIRECT_TABLE,Table 1 p.22,MD tensile simulation,High,VERIFIED,COMPUTATIONAL_MD
P017,10.1016/j.ijplas.2019.102649,,,,P017_SIM_A15_1000K_SR1E10,Confidence,High,GPa,DIRECT_TABLE,Table 1 p.22,MD tensile simulation,High,VERIFIED,COMPUTATIONAL_MD
P017,10.1016/j.ijplas.2019.102649,,,,P017_SIM_A15_1000K_SR1E10,Recovery_Status,VERIFIED,GPa,DIRECT_TABLE,Table 1 p.22,MD tensile simulation,High,VERIFIED,COMPUTATIONAL_MD
P017,10.1016/j.ijplas.2019.102649,,,,P017_SIM_A15_1000K_SR1E10,Record_ID,P017_SIM_A15_1000K_SR1E10,categorical,DIRECT_TABLE,Table 1 p.22,Authors-native mechanism classification,High,VERIFIED,COMPUTATIONAL_MD
P017,10.1016/j.ijplas.2019.102649,,,,P017_SIM_A15_1000K_SR1E10,Feature_Name,TWIP_induced_TRIP_Status,categorical,DIRECT_TABLE,Table 1 p.22,Authors-native mechanism classification,High,VERIFIED,COMPUTATIONAL_MD
P017,10.1016/j.ijplas.2019.102649,,,,P017_SIM_A15_1000K_SR1E10,Recovered_Value,Not observed,categorical,DIRECT_TABLE,Table 1 p.22,Authors-native mechanism classification,High,VERIFIED,COMPUTATIONAL_MD
P017,10.1016/j.ijplas.2019.102649,,,,P017_SIM_A15_1000K_SR1E10,Units,categorical,categorical,DIRECT_TABLE,Table 1 p.22,Authors-native mechanism classification,High,VERIFIED,COMPUTATIONAL_MD
P017,10.1016/j.ijplas.2019.102649,,,,P017_SIM_A15_1000K_SR1E10,Evidence_Type,DIRECT_TABLE,categorical,DIRECT_TABLE,Table 1 p.22,Authors-native mechanism classification,High,VERIFIED,COMPUTATIONAL_MD
P017,10.1016/j.ijplas.2019.102649,,,,P017_SIM_A15_1000K_SR1E10,Evidence_Location,Table 1 p.22,categorical,DIRECT_TABLE,Table 1 p.22,Authors-native mechanism classification,High,VERIFIED,COMPUTATIONAL_MD
P017,10.1016/j.ijplas.2019.102649,,,,P017_SIM_A15_1000K_SR1E10,Method,Authors-native mechanism classification,categorical,DIRECT_TABLE,Table 1 p.22,Authors-native mechanism classification,High,VERIFIED,COMPUTATIONAL_MD
P017,10.1016/j.ijplas.2019.102649,,,,P017_SIM_A15_1000K_SR1E10,Confidence,High,categorical,DIRECT_TABLE,Table 1 p.22,Authors-native mechanism classification,High,VERIFIED,COMPUTATIONAL_MD
P017,10.1016/j.ijplas.2019.102649,,,,P017_SIM_A15_1000K_SR1E10,Recovery_Status,VERIFIED,categorical,DIRECT_TABLE,Table 1 p.22,Authors-native mechanism classification,High,VERIFIED,COMPUTATIONAL_MD
P017,10.1016/j.ijplas.2019.102649,,,,P017_SIM_A15_1000K_SR1E10,Record_ID,P017_SIM_A15_1000K_SR1E10,categorical,DIRECT_TABLE,Table 1 p.22,Authors-native mechanism classification,High,VERIFIED,COMPUTATIONAL_MD
P017,10.1016/j.ijplas.2019.102649,,,,P017_SIM_A15_1000K_SR1E10,Feature_Name,TRIP_induced_TWIP_Status,categorical,DIRECT_TABLE,Table 1 p.22,Authors-native mechanism classification,High,VERIFIED,COMPUTATIONAL_MD
P017,10.1016/j.ijplas.2019.102649,,,,P017_SIM_A15_1000K_SR1E10,Recovered_Value,Not observed,categorical,DIRECT_TABLE,Table 1 p.22,Authors-native mechanism classification,High,VERIFIED,COMPUTATIONAL_MD
P017,10.1016/j.ijplas.2019.102649,,,,P017_SIM_A15_1000K_SR1E10,Units,categorical,categorical,DIRECT_TABLE,Table 1 p.22,Authors-native mechanism classification,High,VERIFIED,COMPUTATIONAL_MD
P017,10.1016/j.ijplas.2019.102649,,,,P017_SIM_A15_1000K_SR1E10,Evidence_Type,DIRECT_TABLE,categorical,DIRECT_TABLE,Table 1 p.22,Authors-native mechanism classification,High,VERIFIED,COMPUTATIONAL_MD
P017,10.1016/j.ijplas.2019.102649,,,,P017_SIM_A15_1000K_SR1E10,Evidence_Location,Table 1 p.22,categorical,DIRECT_TABLE,Table 1 p.22,Authors-native mechanism classification,High,VERIFIED,COMPUTATIONAL_MD
P017,10.1016/j.ijplas.2019.102649,,,,P017_SIM_A15_1000K_SR1E10,Method,Authors-native mechanism classification,categorical,DIRECT_TABLE,Table 1 p.22,Authors-native mechanism classification,High,VERIFIED,COMPUTATIONAL_MD
P017,10.1016/j.ijplas.2019.102649,,,,P017_SIM_A15_1000K_SR1E10,Confidence,High,categorical,DIRECT_TABLE,Table 1 p.22,Authors-native mechanism classification,High,VERIFIED,COMPUTATIONAL_MD
P017,10.1016/j.ijplas.2019.102649,,,,P017_SIM_A15_1000K_SR1E10,Recovery_Status,VERIFIED,categorical,DIRECT_TABLE,Table 1 p.22,Authors-native mechanism classification,High,VERIFIED,COMPUTATIONAL_MD
P017,10.1016/j.ijplas.2019.102649,,,,P017_SIM_A15_1300K_SR1E10,Record_ID,P017_SIM_A15_1300K_SR1E10,GPa,DIRECT_TABLE,Table 1 p.22,MD tensile simulation,High,VERIFIED,COMPUTATIONAL_MD
P017,10.1016/j.ijplas.2019.102649,,,,P017_SIM_A15_1300K_SR1E10,Feature_Name,SIS_PSR,GPa,DIRECT_TABLE,Table 1 p.22,MD tensile simulation,High,VERIFIED,COMPUTATIONAL_MD
P017,10.1016/j.ijplas.2019.102649,,,,P017_SIM_A15_1300K_SR1E10,Recovered_Value,1.1,GPa,DIRECT_TABLE,Table 1 p.22,MD tensile simulation,High,VERIFIED,COMPUTATIONAL_MD
P017,10.1016/j.ijplas.2019.102649,,,,P017_SIM_A15_1300K_SR1E10,Units,GPa,GPa,DIRECT_TABLE,Table 1 p.22,MD tensile simulation,High,VERIFIED,COMPUTATIONAL_MD
P017,10.1016/j.ijplas.2019.102649,,,,P017_SIM_A15_1300K_SR1E10,Evidence_Type,DIRECT_TABLE,GPa,DIRECT_TABLE,Table 1 p.22,MD tensile simulation,High,VERIFIED,COMPUTATIONAL_MD
P017,10.1016/j.ijplas.2019.102649,,,,P017_SIM_A15_1300K_SR1E10,Evidence_Location,Table 1 p.22,GPa,DIRECT_TABLE,Table 1 p.22,MD tensile simulation,High,VERIFIED,COMPUTATIONAL_MD
P017,10.1016/j.ijplas.2019.102649,,,,P017_SIM_A15_1300K_SR1E10,Method,MD tensile simulation,GPa,DIRECT_TABLE,Table 1 p.22,MD tensile simulation,High,VERIFIED,COMPUTATIONAL_MD
P017,10.1016/j.ijplas.2019.102649,,,,P017_SIM_A15_1300K_SR1E10,Confidence,High,GPa,DIRECT_TABLE,Table 1 p.22,MD tensile simulation,High,VERIFIED,COMPUTATIONAL_MD
P017,10.1016/j.ijplas.2019.102649,,,,P017_SIM_A15_1300K_SR1E10,Recovery_Status,VERIFIED,GPa,DIRECT_TABLE,Table 1 p.22,MD tensile simulation,High,VERIFIED,COMPUTATIONAL_MD
P017,10.1016/j.ijplas.2019.102649,,,,P017_SIM_A15_1300K_SR1E10,Record_ID,P017_SIM_A15_1300K_SR1E10,GPa,DIRECT_TABLE,Table 1 p.22,MD tensile simulation,High,VERIFIED,COMPUTATIONAL_MD
P017,10.1016/j.ijplas.2019.102649,,,,P017_SIM_A15_1300K_SR1E10,Feature_Name,UTS_PSR,GPa,DIRECT_TABLE,Table 1 p.22,MD tensile simulation,High,VERIFIED,COMPUTATIONAL_MD
P017,10.1016/j.ijplas.2019.102649,,,,P017_SIM_A15_1300K_SR1E10,Recovered_Value,1.4,GPa,DIRECT_TABLE,Table 1 p.22,MD tensile simulation,High,VERIFIED,COMPUTATIONAL_MD
P017,10.1016/j.ijplas.2019.102649,,,,P017_SIM_A15_1300K_SR1E10,Units,GPa,GPa,DIRECT_TABLE,Table 1 p.22,MD tensile simulation,High,VERIFIED,COMPUTATIONAL_MD
P017,10.1016/j.ijplas.2019.102649,,,,P017_SIM_A15_1300K_SR1E10,Evidence_Type,DIRECT_TABLE,GPa,DIRECT_TABLE,Table 1 p.22,MD tensile simulation,High,VERIFIED,COMPUTATIONAL_MD
P017,10.1016/j.ijplas.2019.102649,,,,P017_SIM_A15_1300K_SR1E10,Evidence_Location,Table 1 p.22,GPa,DIRECT_TABLE,Table 1 p.22,MD tensile simulation,High,VERIFIED,COMPUTATIONAL_MD
P017,10.1016/j.ijplas.2019.102649,,,,P017_SIM_A15_1300K_SR1E10,Method,MD tensile simulation,GPa,DIRECT_TABLE,Table 1 p.22,MD tensile simulation,High,VERIFIED,COMPUTATIONAL_MD
P017,10.1016/j.ijplas.2019.102649,,,,P017_SIM_A15_1300K_SR1E10,Confidence,High,GPa,DIRECT_TABLE,Table 1 p.22,MD tensile simulation,High,VERIFIED,COMPUTATIONAL_MD
P017,10.1016/j.ijplas.2019.102649,,,,P017_SIM_A15_1300K_SR1E10,Recovery_Status,VERIFIED,GPa,DIRECT_TABLE,Table 1 p.22,MD tensile simulation,High,VERIFIED,COMPUTATIONAL_MD
P017,10.1016/j.ijplas.2019.102649,,,,P017_SIM_A15_1300K_SR1E10,Record_ID,P017_SIM_A15_1300K_SR1E10,categorical,DIRECT_TABLE,Table 1 p.22,Authors-native mechanism classification,High,VERIFIED,COMPUTATIONAL_MD
P017,10.1016/j.ijplas.2019.102649,,,,P017_SIM_A15_1300K_SR1E10,Feature_Name,TWIP_induced_TRIP_Status,categorical,DIRECT_TABLE,Table 1 p.22,Authors-native mechanism classification,High,VERIFIED,COMPUTATIONAL_MD
P017,10.1016/j.ijplas.2019.102649,,,,P017_SIM_A15_1300K_SR1E10,Recovered_Value,Not observed,categorical,DIRECT_TABLE,Table 1 p.22,Authors-native mechanism classification,High,VERIFIED,COMPUTATIONAL_MD
P017,10.1016/j.ijplas.2019.102649,,,,P017_SIM_A15_1300K_SR1E10,Units,categorical,categorical,DIRECT_TABLE,Table 1 p.22,Authors-native mechanism classification,High,VERIFIED,COMPUTATIONAL_MD
P017,10.1016/j.ijplas.2019.102649,,,,P017_SIM_A15_1300K_SR1E10,Evidence_Type,DIRECT_TABLE,categorical,DIRECT_TABLE,Table 1 p.22,Authors-native mechanism classification,High,VERIFIED,COMPUTATIONAL_MD
P017,10.1016/j.ijplas.2019.102649,,,,P017_SIM_A15_1300K_SR1E10,Evidence_Location,Table 1 p.22,categorical,DIRECT_TABLE,Table 1 p.22,Authors-native mechanism classification,High,VERIFIED,COMPUTATIONAL_MD
P017,10.1016/j.ijplas.2019.102649,,,,P017_SIM_A15_1300K_SR1E10,Method,Authors-native mechanism classification,categorical,DIRECT_TABLE,Table 1 p.22,Authors-native mechanism classification,High,VERIFIED,COMPUTATIONAL_MD
P017,10.1016/j.ijplas.2019.102649,,,,P017_SIM_A15_1300K_SR1E10,Confidence,High,categorical,DIRECT_TABLE,Table 1 p.22,Authors-native mechanism classification,High,VERIFIED,COMPUTATIONAL_MD
P017,10.1016/j.ijplas.2019.102649,,,,P017_SIM_A15_1300K_SR1E10,Recovery_Status,VERIFIED,categorical,DIRECT_TABLE,Table 1 p.22,Authors-native mechanism classification,High,VERIFIED,COMPUTATIONAL_MD
P017,10.1016/j.ijplas.2019.102649,,,,P017_SIM_A15_1300K_SR1E10,Record_ID,P017_SIM_A15_1300K_SR1E10,categorical,DIRECT_TABLE,Table 1 p.22,Authors-native mechanism classification,High,VERIFIED,COMPUTATIONAL_MD
P017,10.1016/j.ijplas.2019.102649,,,,P017_SIM_A15_1300K_SR1E10,Feature_Name,TRIP_induced_TWIP_Status,categorical,DIRECT_TABLE,Table 1 p.22,Authors-native mechanism classification,High,VERIFIED,COMPUTATIONAL_MD
P017,10.1016/j.ijplas.2019.102649,,,,P017_SIM_A15_1300K_SR1E10,Recovered_Value,Not observed,categorical,DIRECT_TABLE,Table 1 p.22,Authors-native mechanism classification,High,VERIFIED,COMPUTATIONAL_MD
P017,10.1016/j.ijplas.2019.102649,,,,P017_SIM_A15_1300K_SR1E10,Units,categorical,categorical,DIRECT_TABLE,Table 1 p.22,Authors-native mechanism classification,High,VERIFIED,COMPUTATIONAL_MD
P017,10.1016/j.ijplas.2019.102649,,,,P017_SIM_A15_1300K_SR1E10,Evidence_Type,DIRECT_TABLE,categorical,DIRECT_TABLE,Table 1 p.22,Authors-native mechanism classification,High,VERIFIED,COMPUTATIONAL_MD
P017,10.1016/j.ijplas.2019.102649,,,,P017_SIM_A15_1300K_SR1E10,Evidence_Location,Table 1 p.22,categorical,DIRECT_TABLE,Table 1 p.22,Authors-native mechanism classification,High,VERIFIED,COMPUTATIONAL_MD
P017,10.1016/j.ijplas.2019.102649,,,,P017_SIM_A15_1300K_SR1E10,Method,Authors-native mechanism classification,categorical,DIRECT_TABLE,Table 1 p.22,Authors-native mechanism classification,High,VERIFIED,COMPUTATIONAL_MD
P017,10.1016/j.ijplas.2019.102649,,,,P017_SIM_A15_1300K_SR1E10,Confidence,High,categorical,DIRECT_TABLE,Table 1 p.22,Authors-native mechanism classification,High,VERIFIED,COMPUTATIONAL_MD
P017,10.1016/j.ijplas.2019.102649,,,,P017_SIM_A15_1300K_SR1E10,Recovery_Status,VERIFIED,categorical,DIRECT_TABLE,Table 1 p.22,Authors-native mechanism classification,High,VERIFIED,COMPUTATIONAL_MD
P017,10.1016/j.ijplas.2019.102649,,,,P017_SIM_A15_300K_SR1E9,Record_ID,P017_SIM_A15_300K_SR1E9,GPa,DIRECT_TABLE,Table 1 p.22,MD tensile simulation,High,VERIFIED,COMPUTATIONAL_MD
P017,10.1016/j.ijplas.2019.102649,,,,P017_SIM_A15_300K_SR1E9,Feature_Name,SIS_PSR,GPa,DIRECT_TABLE,Table 1 p.22,MD tensile simulation,High,VERIFIED,COMPUTATIONAL_MD
P017,10.1016/j.ijplas.2019.102649,,,,P017_SIM_A15_300K_SR1E9,Recovered_Value,2,GPa,DIRECT_TABLE,Table 1 p.22,MD tensile simulation,High,VERIFIED,COMPUTATIONAL_MD
P017,10.1016/j.ijplas.2019.102649,,,,P017_SIM_A15_300K_SR1E9,Units,GPa,GPa,DIRECT_TABLE,Table 1 p.22,MD tensile simulation,High,VERIFIED,COMPUTATIONAL_MD
P017,10.1016/j.ijplas.2019.102649,,,,P017_SIM_A15_300K_SR1E9,Evidence_Type,DIRECT_TABLE,GPa,DIRECT_TABLE,Table 1 p.22,MD tensile simulation,High,VERIFIED,COMPUTATIONAL_MD
P017,10.1016/j.ijplas.2019.102649,,,,P017_SIM_A15_300K_SR1E9,Evidence_Location,Table 1 p.22,GPa,DIRECT_TABLE,Table 1 p.22,MD tensile simulation,High,VERIFIED,COMPUTATIONAL_MD
P017,10.1016/j.ijplas.2019.102649,,,,P017_SIM_A15_300K_SR1E9,Method,MD tensile simulation,GPa,DIRECT_TABLE,Table 1 p.22,MD tensile simulation,High,VERIFIED,COMPUTATIONAL_MD
P017,10.1016/j.ijplas.2019.102649,,,,P017_SIM_A15_300K_SR1E9,Confidence,High,GPa,DIRECT_TABLE,Table 1 p.22,MD tensile simulation,High,VERIFIED,COMPUTATIONAL_MD
P017,10.1016/j.ijplas.2019.102649,,,,P017_SIM_A15_300K_SR1E9,Recovery_Status,VERIFIED,GPa,DIRECT_TABLE,Table 1 p.22,MD tensile simulation,High,VERIFIED,COMPUTATIONAL_MD
P017,10.1016/j.ijplas.2019.102649,,,,P017_SIM_A15_300K_SR1E9,Record_ID,P017_SIM_A15_300K_SR1E9,GPa,DIRECT_TABLE,Table 1 p.22,MD tensile simulation,High,VERIFIED,COMPUTATIONAL_MD
P017,10.1016/j.ijplas.2019.102649,,,,P017_SIM_A15_300K_SR1E9,Feature_Name,UTS_PSR,GPa,DIRECT_TABLE,Table 1 p.22,MD tensile simulation,High,VERIFIED,COMPUTATIONAL_MD
P017,10.1016/j.ijplas.2019.102649,,,,P017_SIM_A15_300K_SR1E9,Recovered_Value,2.6,GPa,DIRECT_TABLE,Table 1 p.22,MD tensile simulation,High,VERIFIED,COMPUTATIONAL_MD
P017,10.1016/j.ijplas.2019.102649,,,,P017_SIM_A15_300K_SR1E9,Units,GPa,GPa,DIRECT_TABLE,Table 1 p.22,MD tensile simulation,High,VERIFIED,COMPUTATIONAL_MD
P017,10.1016/j.ijplas.2019.102649,,,,P017_SIM_A15_300K_SR1E9,Evidence_Type,DIRECT_TABLE,GPa,DIRECT_TABLE,Table 1 p.22,MD tensile simulation,High,VERIFIED,COMPUTATIONAL_MD
P017,10.1016/j.ijplas.2019.102649,,,,P017_SIM_A15_300K_SR1E9,Evidence_Location,Table 1 p.22,GPa,DIRECT_TABLE,Table 1 p.22,MD tensile simulation,High,VERIFIED,COMPUTATIONAL_MD
P017,10.1016/j.ijplas.2019.102649,,,,P017_SIM_A15_300K_SR1E9,Method,MD tensile simulation,GPa,DIRECT_TABLE,Table 1 p.22,MD tensile simulation,High,VERIFIED,COMPUTATIONAL_MD
P017,10.1016/j.ijplas.2019.102649,,,,P017_SIM_A15_300K_SR1E9,Confidence,High,GPa,DIRECT_TABLE,Table 1 p.22,MD tensile simulation,High,VERIFIED,COMPUTATIONAL_MD
P017,10.1016/j.ijplas.2019.102649,,,,P017_SIM_A15_300K_SR1E9,Recovery_Status,VERIFIED,GPa,DIRECT_TABLE,Table 1 p.22,MD tensile simulation,High,VERIFIED,COMPUTATIONAL_MD
P017,10.1016/j.ijplas.2019.102649,,,,P017_SIM_A15_300K_SR1E9,Record_ID,P017_SIM_A15_300K_SR1E9,categorical,DIRECT_TABLE,Table 1 p.22,Authors-native mechanism classification,High,VERIFIED,COMPUTATIONAL_MD
P017,10.1016/j.ijplas.2019.102649,,,,P017_SIM_A15_300K_SR1E9,Feature_Name,TWIP_induced_TRIP_Status,categorical,DIRECT_TABLE,Table 1 p.22,Authors-native mechanism classification,High,VERIFIED,COMPUTATIONAL_MD
P017,10.1016/j.ijplas.2019.102649,,,,P017_SIM_A15_300K_SR1E9,Recovered_Value,Observed,categorical,DIRECT_TABLE,Table 1 p.22,Authors-native mechanism classification,High,VERIFIED,COMPUTATIONAL_MD
P017,10.1016/j.ijplas.2019.102649,,,,P017_SIM_A15_300K_SR1E9,Units,categorical,categorical,DIRECT_TABLE,Table 1 p.22,Authors-native mechanism classification,High,VERIFIED,COMPUTATIONAL_MD
P017,10.1016/j.ijplas.2019.102649,,,,P017_SIM_A15_300K_SR1E9,Evidence_Type,DIRECT_TABLE,categorical,DIRECT_TABLE,Table 1 p.22,Authors-native mechanism classification,High,VERIFIED,COMPUTATIONAL_MD
P017,10.1016/j.ijplas.2019.102649,,,,P017_SIM_A15_300K_SR1E9,Evidence_Location,Table 1 p.22,categorical,DIRECT_TABLE,Table 1 p.22,Authors-native mechanism classification,High,VERIFIED,COMPUTATIONAL_MD
P017,10.1016/j.ijplas.2019.102649,,,,P017_SIM_A15_300K_SR1E9,Method,Authors-native mechanism classification,categorical,DIRECT_TABLE,Table 1 p.22,Authors-native mechanism classification,High,VERIFIED,COMPUTATIONAL_MD
P017,10.1016/j.ijplas.2019.102649,,,,P017_SIM_A15_300K_SR1E9,Confidence,High,categorical,DIRECT_TABLE,Table 1 p.22,Authors-native mechanism classification,High,VERIFIED,COMPUTATIONAL_MD
P017,10.1016/j.ijplas.2019.102649,,,,P017_SIM_A15_300K_SR1E9,Recovery_Status,VERIFIED,categorical,DIRECT_TABLE,Table 1 p.22,Authors-native mechanism classification,High,VERIFIED,COMPUTATIONAL_MD
P017,10.1016/j.ijplas.2019.102649,,,,P017_SIM_A15_300K_SR1E9,Record_ID,P017_SIM_A15_300K_SR1E9,categorical,DIRECT_TABLE,Table 1 p.22,Authors-native mechanism classification,High,VERIFIED,COMPUTATIONAL_MD
P017,10.1016/j.ijplas.2019.102649,,,,P017_SIM_A15_300K_SR1E9,Feature_Name,TRIP_induced_TWIP_Status,categorical,DIRECT_TABLE,Table 1 p.22,Authors-native mechanism classification,High,VERIFIED,COMPUTATIONAL_MD
P017,10.1016/j.ijplas.2019.102649,,,,P017_SIM_A15_300K_SR1E9,Recovered_Value,Observed,categorical,DIRECT_TABLE,Table 1 p.22,Authors-native mechanism classification,High,VERIFIED,COMPUTATIONAL_MD
P017,10.1016/j.ijplas.2019.102649,,,,P017_SIM_A15_300K_SR1E9,Units,categorical,categorical,DIRECT_TABLE,Table 1 p.22,Authors-native mechanism classification,High,VERIFIED,COMPUTATIONAL_MD
P017,10.1016/j.ijplas.2019.102649,,,,P017_SIM_A15_300K_SR1E9,Evidence_Type,DIRECT_TABLE,categorical,DIRECT_TABLE,Table 1 p.22,Authors-native mechanism classification,High,VERIFIED,COMPUTATIONAL_MD
P017,10.1016/j.ijplas.2019.102649,,,,P017_SIM_A15_300K_SR1E9,Evidence_Location,Table 1 p.22,categorical,DIRECT_TABLE,Table 1 p.22,Authors-native mechanism classification,High,VERIFIED,COMPUTATIONAL_MD
P017,10.1016/j.ijplas.2019.102649,,,,P017_SIM_A15_300K_SR1E9,Method,Authors-native mechanism classification,categorical,DIRECT_TABLE,Table 1 p.22,Authors-native mechanism classification,High,VERIFIED,COMPUTATIONAL_MD
P017,10.1016/j.ijplas.2019.102649,,,,P017_SIM_A15_300K_SR1E9,Confidence,High,categorical,DIRECT_TABLE,Table 1 p.22,Authors-native mechanism classification,High,VERIFIED,COMPUTATIONAL_MD
P017,10.1016/j.ijplas.2019.102649,,,,P017_SIM_A15_300K_SR1E9,Recovery_Status,VERIFIED,categorical,DIRECT_TABLE,Table 1 p.22,Authors-native mechanism classification,High,VERIFIED,COMPUTATIONAL_MD
P017,10.1016/j.ijplas.2019.102649,,,,P017_SIM_A15_300K_SR1E8,Record_ID,P017_SIM_A15_300K_SR1E8,GPa,DIRECT_TABLE,Table 1 p.22,MD tensile simulation,High,VERIFIED,COMPUTATIONAL_MD
P017,10.1016/j.ijplas.2019.102649,,,,P017_SIM_A15_300K_SR1E8,Feature_Name,SIS_PSR,GPa,DIRECT_TABLE,Table 1 p.22,MD tensile simulation,High,VERIFIED,COMPUTATIONAL_MD
P017,10.1016/j.ijplas.2019.102649,,,,P017_SIM_A15_300K_SR1E8,Recovered_Value,2,GPa,DIRECT_TABLE,Table 1 p.22,MD tensile simulation,High,VERIFIED,COMPUTATIONAL_MD
P017,10.1016/j.ijplas.2019.102649,,,,P017_SIM_A15_300K_SR1E8,Units,GPa,GPa,DIRECT_TABLE,Table 1 p.22,MD tensile simulation,High,VERIFIED,COMPUTATIONAL_MD
P017,10.1016/j.ijplas.2019.102649,,,,P017_SIM_A15_300K_SR1E8,Evidence_Type,DIRECT_TABLE,GPa,DIRECT_TABLE,Table 1 p.22,MD tensile simulation,High,VERIFIED,COMPUTATIONAL_MD
P017,10.1016/j.ijplas.2019.102649,,,,P017_SIM_A15_300K_SR1E8,Evidence_Location,Table 1 p.22,GPa,DIRECT_TABLE,Table 1 p.22,MD tensile simulation,High,VERIFIED,COMPUTATIONAL_MD
P017,10.1016/j.ijplas.2019.102649,,,,P017_SIM_A15_300K_SR1E8,Method,MD tensile simulation,GPa,DIRECT_TABLE,Table 1 p.22,MD tensile simulation,High,VERIFIED,COMPUTATIONAL_MD
P017,10.1016/j.ijplas.2019.102649,,,,P017_SIM_A15_300K_SR1E8,Confidence,High,GPa,DIRECT_TABLE,Table 1 p.22,MD tensile simulation,High,VERIFIED,COMPUTATIONAL_MD
P017,10.1016/j.ijplas.2019.102649,,,,P017_SIM_A15_300K_SR1E8,Recovery_Status,VERIFIED,GPa,DIRECT_TABLE,Table 1 p.22,MD tensile simulation,High,VERIFIED,COMPUTATIONAL_MD
P017,10.1016/j.ijplas.2019.102649,,,,P017_SIM_A15_300K_SR1E8,Record_ID,P017_SIM_A15_300K_SR1E8,GPa,DIRECT_TABLE,Table 1 p.22,MD tensile simulation,High,VERIFIED,COMPUTATIONAL_MD
P017,10.1016/j.ijplas.2019.102649,,,,P017_SIM_A15_300K_SR1E8,Feature_Name,UTS_PSR,GPa,DIRECT_TABLE,Table 1 p.22,MD tensile simulation,High,VERIFIED,COMPUTATIONAL_MD
P017,10.1016/j.ijplas.2019.102649,,,,P017_SIM_A15_300K_SR1E8,Recovered_Value,3,GPa,DIRECT_TABLE,Table 1 p.22,MD tensile simulation,High,VERIFIED,COMPUTATIONAL_MD
P017,10.1016/j.ijplas.2019.102649,,,,P017_SIM_A15_300K_SR1E8,Units,GPa,GPa,DIRECT_TABLE,Table 1 p.22,MD tensile simulation,High,VERIFIED,COMPUTATIONAL_MD
P017,10.1016/j.ijplas.2019.102649,,,,P017_SIM_A15_300K_SR1E8,Evidence_Type,DIRECT_TABLE,GPa,DIRECT_TABLE,Table 1 p.22,MD tensile simulation,High,VERIFIED,COMPUTATIONAL_MD
P017,10.1016/j.ijplas.2019.102649,,,,P017_SIM_A15_300K_SR1E8,Evidence_Location,Table 1 p.22,GPa,DIRECT_TABLE,Table 1 p.22,MD tensile simulation,High,VERIFIED,COMPUTATIONAL_MD
P017,10.1016/j.ijplas.2019.102649,,,,P017_SIM_A15_300K_SR1E8,Method,MD tensile simulation,GPa,DIRECT_TABLE,Table 1 p.22,MD tensile simulation,High,VERIFIED,COMPUTATIONAL_MD
P017,10.1016/j.ijplas.2019.102649,,,,P017_SIM_A15_300K_SR1E8,Confidence,High,GPa,DIRECT_TABLE,Table 1 p.22,MD tensile simulation,High,VERIFIED,COMPUTATIONAL_MD
P017,10.1016/j.ijplas.2019.102649,,,,P017_SIM_A15_300K_SR1E8,Recovery_Status,VERIFIED,GPa,DIRECT_TABLE,Table 1 p.22,MD tensile simulation,High,VERIFIED,COMPUTATIONAL_MD
P017,10.1016/j.ijplas.2019.102649,,,,P017_SIM_A15_300K_SR1E8,Record_ID,P017_SIM_A15_300K_SR1E8,categorical,DIRECT_TABLE,Table 1 p.22,Authors-native mechanism classification,High,VERIFIED,COMPUTATIONAL_MD
P017,10.1016/j.ijplas.2019.102649,,,,P017_SIM_A15_300K_SR1E8,Feature_Name,TWIP_induced_TRIP_Status,categorical,DIRECT_TABLE,Table 1 p.22,Authors-native mechanism classification,High,VERIFIED,COMPUTATIONAL_MD
P017,10.1016/j.ijplas.2019.102649,,,,P017_SIM_A15_300K_SR1E8,Recovered_Value,Not observed,categorical,DIRECT_TABLE,Table 1 p.22,Authors-native mechanism classification,High,VERIFIED,COMPUTATIONAL_MD
P017,10.1016/j.ijplas.2019.102649,,,,P017_SIM_A15_300K_SR1E8,Units,categorical,categorical,DIRECT_TABLE,Table 1 p.22,Authors-native mechanism classification,High,VERIFIED,COMPUTATIONAL_MD
P017,10.1016/j.ijplas.2019.102649,,,,P017_SIM_A15_300K_SR1E8,Evidence_Type,DIRECT_TABLE,categorical,DIRECT_TABLE,Table 1 p.22,Authors-native mechanism classification,High,VERIFIED,COMPUTATIONAL_MD
P017,10.1016/j.ijplas.2019.102649,,,,P017_SIM_A15_300K_SR1E8,Evidence_Location,Table 1 p.22,categorical,DIRECT_TABLE,Table 1 p.22,Authors-native mechanism classification,High,VERIFIED,COMPUTATIONAL_MD
P017,10.1016/j.ijplas.2019.102649,,,,P017_SIM_A15_300K_SR1E8,Method,Authors-native mechanism classification,categorical,DIRECT_TABLE,Table 1 p.22,Authors-native mechanism classification,High,VERIFIED,COMPUTATIONAL_MD
P017,10.1016/j.ijplas.2019.102649,,,,P017_SIM_A15_300K_SR1E8,Confidence,High,categorical,DIRECT_TABLE,Table 1 p.22,Authors-native mechanism classification,High,VERIFIED,COMPUTATIONAL_MD
P017,10.1016/j.ijplas.2019.102649,,,,P017_SIM_A15_300K_SR1E8,Recovery_Status,VERIFIED,categorical,DIRECT_TABLE,Table 1 p.22,Authors-native mechanism classification,High,VERIFIED,COMPUTATIONAL_MD
P017,10.1016/j.ijplas.2019.102649,,,,P017_SIM_A15_300K_SR1E8,Record_ID,P017_SIM_A15_300K_SR1E8,categorical,DIRECT_TABLE,Table 1 p.22,Authors-native mechanism classification,High,VERIFIED,COMPUTATIONAL_MD
P017,10.1016/j.ijplas.2019.102649,,,,P017_SIM_A15_300K_SR1E8,Feature_Name,TRIP_induced_TWIP_Status,categorical,DIRECT_TABLE,Table 1 p.22,Authors-native mechanism classification,High,VERIFIED,COMPUTATIONAL_MD
P017,10.1016/j.ijplas.2019.102649,,,,P017_SIM_A15_300K_SR1E8,Recovered_Value,Observed,categorical,DIRECT_TABLE,Table 1 p.22,Authors-native mechanism classification,High,VERIFIED,COMPUTATIONAL_MD
P017,10.1016/j.ijplas.2019.102649,,,,P017_SIM_A15_300K_SR1E8,Units,categorical,categorical,DIRECT_TABLE,Table 1 p.22,Authors-native mechanism classification,High,VERIFIED,COMPUTATIONAL_MD
P017,10.1016/j.ijplas.2019.102649,,,,P017_SIM_A15_300K_SR1E8,Evidence_Type,DIRECT_TABLE,categorical,DIRECT_TABLE,Table 1 p.22,Authors-native mechanism classification,High,VERIFIED,COMPUTATIONAL_MD
P017,10.1016/j.ijplas.2019.102649,,,,P017_SIM_A15_300K_SR1E8,Evidence_Location,Table 1 p.22,categorical,DIRECT_TABLE,Table 1 p.22,Authors-native mechanism classification,High,VERIFIED,COMPUTATIONAL_MD
P017,10.1016/j.ijplas.2019.102649,,,,P017_SIM_A15_300K_SR1E8,Method,Authors-native mechanism classification,categorical,DIRECT_TABLE,Table 1 p.22,Authors-native mechanism classification,High,VERIFIED,COMPUTATIONAL_MD
P017,10.1016/j.ijplas.2019.102649,,,,P017_SIM_A15_300K_SR1E8,Confidence,High,categorical,DIRECT_TABLE,Table 1 p.22,Authors-native mechanism classification,High,VERIFIED,COMPUTATIONAL_MD
P017,10.1016/j.ijplas.2019.102649,,,,P017_SIM_A15_300K_SR1E8,Recovery_Status,VERIFIED,categorical,DIRECT_TABLE,Table 1 p.22,Authors-native mechanism classification,High,VERIFIED,COMPUTATIONAL_MD
