Paper_ID,DOI,Study_Series_ID,Material_Parent_ID,ML_Condition_ID,Observation_ID,Record_ID,Feature_Name,Recovered_Value,Units,Evidence_Type,Evidence_Location,Method,Confidence,Recovery_Status,Data_Origin,Source_URL,Provenance_Layer
P020,10.1080/21663831.2018.1523239,P020_SERIES01,P020_MAT_FE50MN30CO10CR10,P020_MC_TRIPHEA_INSITU,P020_OBS_PRIMARY,P020_OBS_PRIMARY,Paper_ID,P020,as reported,SOURCE_IDENTITY,"Experimental section and Figs.1-4, pp.621-625",Verified workbook and publisher DOI identity,High,VERIFIED,EXPERIMENTAL,https://doi.org/10.1080/21663831.2018.1523239,MASTER_FIELD_MAPPING
P020,10.1080/21663831.2018.1523239,P020_SERIES01,P020_MAT_FE50MN30CO10CR10,P020_MC_TRIPHEA_INSITU,P020_OBS_PRIMARY,P020_OBS_PRIMARY,DOI,10.1080/21663831.2018.1523239,as reported,SOURCE_IDENTITY,"Experimental section and Figs.1-4, pp.621-625",Verified workbook and publisher DOI identity,High,VERIFIED,EXPERIMENTAL,https://doi.org/10.1080/21663831.2018.1523239,MASTER_FIELD_MAPPING
P020,10.1080/21663831.2018.1523239,P020_SERIES01,P020_MAT_FE50MN30CO10CR10,P020_MC_TRIPHEA_INSITU,P020_OBS_PRIMARY,P020_OBS_PRIMARY,Paper_Title,Deformation mechanisms and work-hardening behavior of transformation-induced plasticity high entropy alloys by in-situ neutron diffraction,as reported,SOURCE_IDENTITY,"Experimental section and Figs.1-4, pp.621-625",Verified workbook and publisher DOI identity,High,VERIFIED,EXPERIMENTAL,https://doi.org/10.1080/21663831.2018.1523239,MASTER_FIELD_MAPPING
P020,10.1080/21663831.2018.1523239,P020_SERIES01,P020_MAT_FE50MN30CO10CR10,P020_MC_TRIPHEA_INSITU,P020_OBS_PRIMARY,P020_OBS_PRIMARY,Condition_ID,P020_MC_TRIPHEA_INSITU,as reported,HIERARCHY_INTEGRATION,"Experimental section and Figs.1-4, pp.621-625",Source-defined condition hierarchy,High,VERIFIED,EXPERIMENTAL,https://doi.org/10.1080/21663831.2018.1523239,MASTER_FIELD_MAPPING
P020,10.1080/21663831.2018.1523239,P020_SERIES01,P020_MAT_FE50MN30CO10CR10,P020_MC_TRIPHEA_INSITU,P020_OBS_PRIMARY,P020_OBS_PRIMARY,Experiment_Group_ID,P020_SERIES01,as reported,HIERARCHY_INTEGRATION,"Experimental section and Figs.1-4, pp.621-625",Source-defined condition hierarchy,High,VERIFIED,EXPERIMENTAL,https://doi.org/10.1080/21663831.2018.1523239,MASTER_FIELD_MAPPING
P020,10.1080/21663831.2018.1523239,P020_SERIES01,P020_MAT_FE50MN30CO10CR10,P020_MC_TRIPHEA_INSITU,P020_OBS_PRIMARY,P020_OBS_PRIMARY,Row_Type,Primary experimental in-situ tensile condition,as reported,HIERARCHY_INTEGRATION,"Experimental section and Figs.1-4, pp.621-625",Source-defined condition hierarchy,High,VERIFIED,EXPERIMENTAL,https://doi.org/10.1080/21663831.2018.1523239,MASTER_FIELD_MAPPING
P020,10.1080/21663831.2018.1523239,P020_SERIES01,P020_MAT_FE50MN30CO10CR10,P020_MC_TRIPHEA_INSITU,P020_OBS_PRIMARY,P020_OBS_PRIMARY,Alloy_ID,Fe50Mn30Co10Cr10,as reported,DIRECT_TEXT_OR_VERIFIED_NA,"Experimental section and Figs.1-4, pp.621-625",Source text; C-to-K representation only where required by existing field,High,VERIFIED,EXPERIMENTAL,https://doi.org/10.1080/21663831.2018.1523239,MASTER_FIELD_MAPPING
P020,10.1080/21663831.2018.1523239,P020_SERIES01,P020_MAT_FE50MN30CO10CR10,P020_MC_TRIPHEA_INSITU,P020_OBS_PRIMARY,P020_OBS_PRIMARY,Original_Composition,Fe50Mn30Co10Cr10,as reported,DIRECT_TEXT_OR_VERIFIED_NA,"Experimental section and Figs.1-4, pp.621-625",Source text; C-to-K representation only where required by existing field,High,VERIFIED,EXPERIMENTAL,https://doi.org/10.1080/21663831.2018.1523239,MASTER_FIELD_MAPPING
P020,10.1080/21663831.2018.1523239,P020_SERIES01,P020_MAT_FE50MN30CO10CR10,P020_MC_TRIPHEA_INSITU,P020_OBS_PRIMARY,P020_OBS_PRIMARY,Composition_basis,at.% nominal,as reported,DIRECT_TEXT_OR_VERIFIED_NA,"Experimental section and Figs.1-4, pp.621-625",Source text; C-to-K representation only where required by existing field,High,VERIFIED,EXPERIMENTAL,https://doi.org/10.1080/21663831.2018.1523239,MASTER_FIELD_MAPPING
P020,10.1080/21663831.2018.1523239,P020_SERIES01,P020_MAT_FE50MN30CO10CR10,P020_MC_TRIPHEA_INSITU,P020_OBS_PRIMARY,P020_OBS_PRIMARY,Fe_at%,50.0,at.%,DIRECT_TEXT_OR_VERIFIED_NA,"Experimental section and Figs.1-4, pp.621-625",Source text; C-to-K representation only where required by existing field,High,VERIFIED,EXPERIMENTAL,https://doi.org/10.1080/21663831.2018.1523239,MASTER_FIELD_MAPPING
P020,10.1080/21663831.2018.1523239,P020_SERIES01,P020_MAT_FE50MN30CO10CR10,P020_MC_TRIPHEA_INSITU,P020_OBS_PRIMARY,P020_OBS_PRIMARY,Mn_at%,30.0,at.%,DIRECT_TEXT_OR_VERIFIED_NA,"Experimental section and Figs.1-4, pp.621-625",Source text; C-to-K representation only where required by existing field,High,VERIFIED,EXPERIMENTAL,https://doi.org/10.1080/21663831.2018.1523239,MASTER_FIELD_MAPPING
P020,10.1080/21663831.2018.1523239,P020_SERIES01,P020_MAT_FE50MN30CO10CR10,P020_MC_TRIPHEA_INSITU,P020_OBS_PRIMARY,P020_OBS_PRIMARY,Co_at%,10.0,at.%,DIRECT_TEXT_OR_VERIFIED_NA,"Experimental section and Figs.1-4, pp.621-625",Source text; C-to-K representation only where required by existing field,High,VERIFIED,EXPERIMENTAL,https://doi.org/10.1080/21663831.2018.1523239,MASTER_FIELD_MAPPING
P020,10.1080/21663831.2018.1523239,P020_SERIES01,P020_MAT_FE50MN30CO10CR10,P020_MC_TRIPHEA_INSITU,P020_OBS_PRIMARY,P020_OBS_PRIMARY,Cr_at%,10.0,at.%,DIRECT_TEXT_OR_VERIFIED_NA,"Experimental section and Figs.1-4, pp.621-625",Source text; C-to-K representation only where required by existing field,High,VERIFIED,EXPERIMENTAL,https://doi.org/10.1080/21663831.2018.1523239,MASTER_FIELD_MAPPING
P020,10.1080/21663831.2018.1523239,P020_SERIES01,P020_MAT_FE50MN30CO10CR10,P020_MC_TRIPHEA_INSITU,P020_OBS_PRIMARY,P020_OBS_PRIMARY,Processing_route,Vacuum arc melting from >99.9 wt.% raw metals; drop cast to 12.7 x 12.7 x 75 mm; homogenized at 1150 C for 4 h in vacuum; room-temperature rolled 75%; annealed at 950 C for 1 h; air cooled,as reported,DIRECT_TEXT_OR_VERIFIED_NA,"Experimental section and Figs.1-4, pp.621-625",Source text; C-to-K representation only where required by existing field,High,VERIFIED,EXPERIMENTAL,https://doi.org/10.1080/21663831.2018.1523239,MASTER_FIELD_MAPPING
P020,10.1080/21663831.2018.1523239,P020_SERIES01,P020_MAT_FE50MN30CO10CR10,P020_MC_TRIPHEA_INSITU,P020_OBS_PRIMARY,P020_OBS_PRIMARY,Cast_method,Vacuum arc melting; drop casting,as reported,DIRECT_TEXT_OR_VERIFIED_NA,"Experimental section and Figs.1-4, pp.621-625",Source text; C-to-K representation only where required by existing field,High,VERIFIED,EXPERIMENTAL,https://doi.org/10.1080/21663831.2018.1523239,MASTER_FIELD_MAPPING
P020,10.1080/21663831.2018.1523239,P020_SERIES01,P020_MAT_FE50MN30CO10CR10,P020_MC_TRIPHEA_INSITU,P020_OBS_PRIMARY,P020_OBS_PRIMARY,Homogenization_T_K,1423.15,K,DIRECT_TEXT_OR_VERIFIED_NA,"Experimental section and Figs.1-4, pp.621-625",Source text; C-to-K representation only where required by existing field,High,VERIFIED,EXPERIMENTAL,https://doi.org/10.1080/21663831.2018.1523239,MASTER_FIELD_MAPPING
P020,10.1080/21663831.2018.1523239,P020_SERIES01,P020_MAT_FE50MN30CO10CR10,P020_MC_TRIPHEA_INSITU,P020_OBS_PRIMARY,P020_OBS_PRIMARY,Homogenization_time_h,4.0,h,DIRECT_TEXT_OR_VERIFIED_NA,"Experimental section and Figs.1-4, pp.621-625",Source text; C-to-K representation only where required by existing field,High,VERIFIED,EXPERIMENTAL,https://doi.org/10.1080/21663831.2018.1523239,MASTER_FIELD_MAPPING
P020,10.1080/21663831.2018.1523239,P020_SERIES01,P020_MAT_FE50MN30CO10CR10,P020_MC_TRIPHEA_INSITU,P020_OBS_PRIMARY,P020_OBS_PRIMARY,Cold_rolling_reduction_pct,75.0,%,DIRECT_TEXT_OR_VERIFIED_NA,"Experimental section and Figs.1-4, pp.621-625",Source text; C-to-K representation only where required by existing field,High,VERIFIED,EXPERIMENTAL,https://doi.org/10.1080/21663831.2018.1523239,MASTER_FIELD_MAPPING
P020,10.1080/21663831.2018.1523239,P020_SERIES01,P020_MAT_FE50MN30CO10CR10,P020_MC_TRIPHEA_INSITU,P020_OBS_PRIMARY,P020_OBS_PRIMARY,Annealing_T_K,1223.15,K,DIRECT_TEXT_OR_VERIFIED_NA,"Experimental section and Figs.1-4, pp.621-625",Source text; C-to-K representation only where required by existing field,High,VERIFIED,EXPERIMENTAL,https://doi.org/10.1080/21663831.2018.1523239,MASTER_FIELD_MAPPING
P020,10.1080/21663831.2018.1523239,P020_SERIES01,P020_MAT_FE50MN30CO10CR10,P020_MC_TRIPHEA_INSITU,P020_OBS_PRIMARY,P020_OBS_PRIMARY,Annealing_time_min,60.0,min,DIRECT_TEXT_OR_VERIFIED_NA,"Experimental section and Figs.1-4, pp.621-625",Source text; C-to-K representation only where required by existing field,High,VERIFIED,EXPERIMENTAL,https://doi.org/10.1080/21663831.2018.1523239,MASTER_FIELD_MAPPING
P020,10.1080/21663831.2018.1523239,P020_SERIES01,P020_MAT_FE50MN30CO10CR10,P020_MC_TRIPHEA_INSITU,P020_OBS_PRIMARY,P020_OBS_PRIMARY,Cooling_route,Air cooling,as reported,DIRECT_TEXT_OR_VERIFIED_NA,"Experimental section and Figs.1-4, pp.621-625",Source text; C-to-K representation only where required by existing field,High,VERIFIED,EXPERIMENTAL,https://doi.org/10.1080/21663831.2018.1523239,MASTER_FIELD_MAPPING
P020,10.1080/21663831.2018.1523239,P020_SERIES01,P020_MAT_FE50MN30CO10CR10,P020_MC_TRIPHEA_INSITU,P020_OBS_PRIMARY,P020_OBS_PRIMARY,Test_T_K,UNRESOLVED_NA,K,DIRECT_TEXT_OR_VERIFIED_NA,"Experimental section and Figs.1-4, pp.621-625",Source text; C-to-K representation only where required by existing field,High,VERIFIED_NA_PENDING_MISSING_SUPPLEMENT,EXPERIMENTAL,https://doi.org/10.1080/21663831.2018.1523239,MASTER_FIELD_MAPPING
P020,10.1080/21663831.2018.1523239,P020_SERIES01,P020_MAT_FE50MN30CO10CR10,P020_MC_TRIPHEA_INSITU,P020_OBS_PRIMARY,P020_OBS_PRIMARY,Strain_rate_s-1,UNRESOLVED_NA,s^-1,DIRECT_TEXT_OR_VERIFIED_NA,"Experimental section and Figs.1-4, pp.621-625",Source text; C-to-K representation only where required by existing field,High,VERIFIED_NA_PENDING_MISSING_SUPPLEMENT,EXPERIMENTAL,https://doi.org/10.1080/21663831.2018.1523239,MASTER_FIELD_MAPPING
P020,10.1080/21663831.2018.1523239,P020_SERIES01,P020_MAT_FE50MN30CO10CR10,P020_MC_TRIPHEA_INSITU,P020_OBS_PRIMARY,P020_OBS_PRIMARY,Gauge_length_mm,UNRESOLVED_NA,mm,DIRECT_TEXT_OR_VERIFIED_NA,"Experimental section and Figs.1-4, pp.621-625",Source text; C-to-K representation only where required by existing field,High,VERIFIED_NA_PENDING_MISSING_SUPPLEMENT,EXPERIMENTAL,https://doi.org/10.1080/21663831.2018.1523239,MASTER_FIELD_MAPPING
P020,10.1080/21663831.2018.1523239,P020_SERIES01,P020_MAT_FE50MN30CO10CR10,P020_MC_TRIPHEA_INSITU,P020_OBS_PRIMARY,P020_OBS_PRIMARY,Gauge_width_mm,UNRESOLVED_NA,mm,DIRECT_TEXT_OR_VERIFIED_NA,"Experimental section and Figs.1-4, pp.621-625",Source text; C-to-K representation only where required by existing field,High,VERIFIED_NA_PENDING_MISSING_SUPPLEMENT,EXPERIMENTAL,https://doi.org/10.1080/21663831.2018.1523239,MASTER_FIELD_MAPPING
P020,10.1080/21663831.2018.1523239,P020_SERIES01,P020_MAT_FE50MN30CO10CR10,P020_MC_TRIPHEA_INSITU,P020_OBS_PRIMARY,P020_OBS_PRIMARY,Specimen_thickness_mm,UNRESOLVED_NA,mm,DIRECT_TEXT_OR_VERIFIED_NA,"Experimental section and Figs.1-4, pp.621-625",Source text; C-to-K representation only where required by existing field,High,VERIFIED_NA_PENDING_MISSING_SUPPLEMENT,EXPERIMENTAL,https://doi.org/10.1080/21663831.2018.1523239,MASTER_FIELD_MAPPING
P020,10.1080/21663831.2018.1523239,P020_SERIES01,P020_MAT_FE50MN30CO10CR10,P020_MC_TRIPHEA_INSITU,P020_OBS_PRIMARY,P020_OBS_PRIMARY,Grain_size_um,40.0,um,DIRECT_EBSD_AND_NEUTRON,"Experimental section and Figs.1-4, pp.621-625",EBSD and neutron diffraction,High,VERIFIED,EXPERIMENTAL,https://doi.org/10.1080/21663831.2018.1523239,MASTER_FIELD_MAPPING
P020,10.1080/21663831.2018.1523239,P020_SERIES01,P020_MAT_FE50MN30CO10CR10,P020_MC_TRIPHEA_INSITU,P020_OBS_PRIMARY,P020_OBS_PRIMARY,Initial_FCC_fraction,0.79,fraction,DIRECT_EBSD_AND_NEUTRON,"Experimental section and Figs.1-4, pp.621-625",EBSD and neutron diffraction,High,VERIFIED,EXPERIMENTAL,https://doi.org/10.1080/21663831.2018.1523239,MASTER_FIELD_MAPPING
P020,10.1080/21663831.2018.1523239,P020_SERIES01,P020_MAT_FE50MN30CO10CR10,P020_MC_TRIPHEA_INSITU,P020_OBS_PRIMARY,P020_OBS_PRIMARY,Initial_HCP_fraction,0.21,fraction,DIRECT_EBSD_AND_NEUTRON,"Experimental section and Figs.1-4, pp.621-625",EBSD and neutron diffraction,High,VERIFIED,EXPERIMENTAL,https://doi.org/10.1080/21663831.2018.1523239,MASTER_FIELD_MAPPING
P020,10.1080/21663831.2018.1523239,P020_SERIES01,P020_MAT_FE50MN30CO10CR10,P020_MC_TRIPHEA_INSITU,P020_OBS_PRIMARY,P020_OBS_PRIMARY,SFE_mJ_m2,UNRESOLVED_NA,mJ/m2,VERIFIED_ABSENCE_IN_MAIN_ARTICLE,"Experimental section and Figs.1-4, pp.621-625",Source review; no cross-paper transfer,High,VERIFIED_NA_NOT_REPORTED_NO_CROSS_PAPER_TRANSFER,EXPERIMENTAL,https://doi.org/10.1080/21663831.2018.1523239,MASTER_FIELD_MAPPING
P020,10.1080/21663831.2018.1523239,P020_SERIES01,P020_MAT_FE50MN30CO10CR10,P020_MC_TRIPHEA_INSITU,P020_OBS_PRIMARY,P020_OBS_PRIMARY,SFE_method,UNRESOLVED_NA,as reported,VERIFIED_ABSENCE_IN_MAIN_ARTICLE,"Experimental section and Figs.1-4, pp.621-625",Source review; no cross-paper transfer,High,VERIFIED_NA_NOT_REPORTED_NO_CROSS_PAPER_TRANSFER,EXPERIMENTAL,https://doi.org/10.1080/21663831.2018.1523239,MASTER_FIELD_MAPPING
P020,10.1080/21663831.2018.1523239,P020_SERIES01,P020_MAT_FE50MN30CO10CR10,P020_MC_TRIPHEA_INSITU,P020_OBS_PRIMARY,P020_OBS_PRIMARY,DeltaG_FCC_HCP_J_mol,UNRESOLVED_NA,J/mol,VERIFIED_ABSENCE_IN_MAIN_ARTICLE,"Experimental section and Figs.1-4, pp.621-625",Source review; no cross-paper transfer,High,VERIFIED_NA_NOT_REPORTED_NO_CROSS_PAPER_TRANSFER,EXPERIMENTAL,https://doi.org/10.1080/21663831.2018.1523239,MASTER_FIELD_MAPPING
P020,10.1080/21663831.2018.1523239,P020_SERIES01,P020_MAT_FE50MN30CO10CR10,P020_MC_TRIPHEA_INSITU,P020_OBS_PRIMARY,P020_OBS_PRIMARY,DeltaG_method,UNRESOLVED_NA,as reported,VERIFIED_ABSENCE_IN_MAIN_ARTICLE,"Experimental section and Figs.1-4, pp.621-625",Source review; no cross-paper transfer,High,VERIFIED_NA_NOT_REPORTED_NO_CROSS_PAPER_TRANSFER,EXPERIMENTAL,https://doi.org/10.1080/21663831.2018.1523239,MASTER_FIELD_MAPPING
P020,10.1080/21663831.2018.1523239,P020_SERIES01,P020_MAT_FE50MN30CO10CR10,P020_MC_TRIPHEA_INSITU,P020_OBS_PRIMARY,P020_OBS_PRIMARY,Slip,1,binary,DIRECT_CONDITION_OR_STAGE_EVIDENCE,"Experimental section and Figs.1-4, pp.621-625",Real-time in-situ neutron diffraction and source interpretation,High,VERIFIED,EXPERIMENTAL,https://doi.org/10.1080/21663831.2018.1523239,MASTER_FIELD_MAPPING
P020,10.1080/21663831.2018.1523239,P020_SERIES01,P020_MAT_FE50MN30CO10CR10,P020_MC_TRIPHEA_INSITU,P020_OBS_PRIMARY,P020_OBS_PRIMARY,HCP_lath_or_lamella_note,Lath-shaped HCP; average HCP lath thickness approximately 4 um,as reported,DIRECT_EBSD_AND_NEUTRON,"Experimental section and Figs.1-4, pp.621-625",EBSD and neutron diffraction,High,VERIFIED,EXPERIMENTAL,https://doi.org/10.1080/21663831.2018.1523239,MASTER_FIELD_MAPPING
P020,10.1080/21663831.2018.1523239,P020_SERIES01,P020_MAT_FE50MN30CO10CR10,P020_MC_TRIPHEA_INSITU,P020_OBS_PRIMARY,P020_OBS_PRIMARY,Evidence_TRIP,Real-time neutron/Rietveld phase fractions show continuous FCC loss from 0.79 during tensile loading to approximately 0.17 remaining at fracture.,as reported,DIRECT_CONDITION_OR_STAGE_EVIDENCE,"Experimental section and Figs.1-4, pp.621-625",Real-time in-situ neutron diffraction and source interpretation,High,VERIFIED,EXPERIMENTAL,https://doi.org/10.1080/21663831.2018.1523239,MASTER_FIELD_MAPPING
P020,10.1080/21663831.2018.1523239,P020_SERIES01,P020_MAT_FE50MN30CO10CR10,P020_MC_TRIPHEA_INSITU,P020_OBS_PRIMARY,P020_OBS_PRIMARY,Evidence_TWIP,Real-time neutron grain-family intensity splitting and LD/TD reorientation show HCP {10.2} tensile twinning near 400 MPa and later compression/multiple HCP twinning.,as reported,DIRECT_CONDITION_OR_STAGE_EVIDENCE,"Experimental section and Figs.1-4, pp.621-625",Real-time in-situ neutron diffraction and source interpretation,High,VERIFIED,EXPERIMENTAL,https://doi.org/10.1080/21663831.2018.1523239,MASTER_FIELD_MAPPING
P020,10.1080/21663831.2018.1523239,P020_SERIES01,P020_MAT_FE50MN30CO10CR10,P020_MC_TRIPHEA_INSITU,P020_OBS_PRIMARY,P020_OBS_PRIMARY,Characterization_methods,Real-time in-situ time-of-flight neutron diffraction,as reported,DIRECT_METHOD_METADATA,"Experimental section and Figs.1-4, pp.621-625",Real-time in-situ time-of-flight neutron diffraction,High,VERIFIED,EXPERIMENTAL,https://doi.org/10.1080/21663831.2018.1523239,MASTER_FIELD_MAPPING
P020,10.1080/21663831.2018.1523239,P020_SERIES01,P020_MAT_FE50MN30CO10CR10,P020_MC_TRIPHEA_INSITU,P020_OBS_PRIMARY,P020_OBS_PRIMARY,Source_location,"Experimental section and Figs.1-4, pp.621-625",as reported,DIRECT_CONDITION_OR_STAGE_EVIDENCE,"Experimental section and Figs.1-4, pp.621-625",Real-time in-situ neutron diffraction and source interpretation,High,VERIFIED,EXPERIMENTAL,https://doi.org/10.1080/21663831.2018.1523239,MASTER_FIELD_MAPPING
P020,10.1080/21663831.2018.1523239,P020_SERIES01,P020_MAT_FE50MN30CO10CR10,P020_MC_TRIPHEA_INSITU,P020_OBS_PRIMARY,P020_OBS_PRIMARY,Label_confidence,High,as reported,DIRECT_CONDITION_OR_STAGE_EVIDENCE,"Experimental section and Figs.1-4, pp.621-625",Real-time in-situ neutron diffraction and source interpretation,High,VERIFIED,EXPERIMENTAL,https://doi.org/10.1080/21663831.2018.1523239,MASTER_FIELD_MAPPING
P020,10.1080/21663831.2018.1523239,P020_SERIES01,P020_MAT_FE50MN30CO10CR10,P020_MC_TRIPHEA_INSITU,P020_OBS_PRIMARY,P020_OBS_PRIMARY,Parent_Experiment_ID,P020_MC_TRIPHEA_INSITU,as reported,HIERARCHY_INTEGRATION,"Experimental section and Figs.1-4, pp.621-625",Source-defined condition hierarchy,High,VERIFIED,EXPERIMENTAL,https://doi.org/10.1080/21663831.2018.1523239,MASTER_FIELD_MAPPING
P020,10.1080/21663831.2018.1523239,P020_SERIES01,P020_MAT_FE50MN30CO10CR10,P020_MC_TRIPHEA_INSITU,P020_OBS_PRIMARY,P020_OBS_PRIMARY,ML_Condition_ID,P020_MC_TRIPHEA_INSITU,as reported,HIERARCHY_INTEGRATION,"Experimental section and Figs.1-4, pp.621-625",Source-defined condition hierarchy,High,VERIFIED,EXPERIMENTAL,https://doi.org/10.1080/21663831.2018.1523239,MASTER_FIELD_MAPPING
P020,10.1080/21663831.2018.1523239,P020_SERIES01,P020_MAT_FE50MN30CO10CR10,P020_MC_TRIPHEA_INSITU,P020_OBS_PRIMARY,P020_OBS_PRIMARY,Observation_ID,P020_OBS_PRIMARY,as reported,HIERARCHY_INTEGRATION,"Experimental section and Figs.1-4, pp.621-625",Source-defined condition hierarchy,High,VERIFIED,EXPERIMENTAL,https://doi.org/10.1080/21663831.2018.1523239,MASTER_FIELD_MAPPING
P020,10.1080/21663831.2018.1523239,P020_SERIES01,P020_MAT_FE50MN30CO10CR10,P020_MC_TRIPHEA_INSITU,P020_OBS_PRIMARY,P020_OBS_PRIMARY,Data_Origin,EXPERIMENTAL,as reported,SOURCE_IDENTITY,"Experimental section and Figs.1-4, pp.621-625",Verified workbook and publisher DOI identity,High,VERIFIED,EXPERIMENTAL,https://doi.org/10.1080/21663831.2018.1523239,MASTER_FIELD_MAPPING
P020,10.1080/21663831.2018.1523239,P020_SERIES01,P020_MAT_FE50MN30CO10CR10,P020_MC_TRIPHEA_INSITU,P020_OBS_PRIMARY,P020_OBS_PRIMARY,Observation_Role,INDEPENDENT_CONDITION,as reported,HIERARCHY_INTEGRATION,"Experimental section and Figs.1-4, pp.621-625",Source-defined condition hierarchy,High,VERIFIED,EXPERIMENTAL,https://doi.org/10.1080/21663831.2018.1523239,MASTER_FIELD_MAPPING
P020,10.1080/21663831.2018.1523239,P020_SERIES01,P020_MAT_FE50MN30CO10CR10,P020_MC_TRIPHEA_INSITU,P020_OBS_PRIMARY,P020_OBS_PRIMARY,Grouping_Review_Required,False,as reported,HIERARCHY_INTEGRATION,"Experimental section and Figs.1-4, pp.621-625",Source-defined condition hierarchy,High,VERIFIED,EXPERIMENTAL,https://doi.org/10.1080/21663831.2018.1523239,MASTER_FIELD_MAPPING
P020,10.1080/21663831.2018.1523239,P020_SERIES01,P020_MAT_FE50MN30CO10CR10,P020_MC_TRIPHEA_INSITU,P020_OBS_PRIMARY,P020_OBS_PRIMARY,Grouping_Confidence,HIGH,as reported,HIERARCHY_INTEGRATION,"Experimental section and Figs.1-4, pp.621-625",Source-defined condition hierarchy,High,VERIFIED,EXPERIMENTAL,https://doi.org/10.1080/21663831.2018.1523239,MASTER_FIELD_MAPPING
P020,10.1080/21663831.2018.1523239,P020_SERIES01,P020_MAT_FE50MN30CO10CR10,P020_MC_TRIPHEA_INSITU,P020_OBS_PRIMARY,P020_OBS_PRIMARY,Grouping_Reason,"New verified paper, one source-defined tensile condition and correlated in-situ stages",as reported,HIERARCHY_INTEGRATION,"Experimental section and Figs.1-4, pp.621-625",Source-defined condition hierarchy,High,VERIFIED,EXPERIMENTAL,https://doi.org/10.1080/21663831.2018.1523239,MASTER_FIELD_MAPPING
P020,10.1080/21663831.2018.1523239,P020_SERIES01,P020_MAT_FE50MN30CO10CR10,P020_MC_TRIPHEA_INSITU,P020_OBS_PRIMARY,P020_OBS_PRIMARY,Recovered_Initial_FCC_fraction,0.79,fraction,DIRECT_EBSD_AND_NEUTRON,"Experimental section and Figs.1-4, pp.621-625",EBSD and neutron diffraction,High,VERIFIED,EXPERIMENTAL,https://doi.org/10.1080/21663831.2018.1523239,MASTER_FIELD_MAPPING
P020,10.1080/21663831.2018.1523239,P020_SERIES01,P020_MAT_FE50MN30CO10CR10,P020_MC_TRIPHEA_INSITU,P020_OBS_PRIMARY,P020_OBS_PRIMARY,Recovered_Initial_HCP_fraction,0.21,fraction,DIRECT_EBSD_AND_NEUTRON,"Experimental section and Figs.1-4, pp.621-625",EBSD and neutron diffraction,High,VERIFIED,EXPERIMENTAL,https://doi.org/10.1080/21663831.2018.1523239,MASTER_FIELD_MAPPING
P020,10.1080/21663831.2018.1523239,P020_SERIES01,P020_MAT_FE50MN30CO10CR10,P020_MC_TRIPHEA_INSITU,P020_OBS_PRIMARY,P020_OBS_PRIMARY,Recovered_TRIP,1,binary,DIRECT_CONDITION_OR_STAGE_EVIDENCE,"Experimental section and Figs.1-4, pp.621-625",Real-time in-situ neutron diffraction and source interpretation,High,VERIFIED,EXPERIMENTAL,https://doi.org/10.1080/21663831.2018.1523239,MASTER_FIELD_MAPPING
P020,10.1080/21663831.2018.1523239,P020_SERIES01,P020_MAT_FE50MN30CO10CR10,P020_MC_TRIPHEA_INSITU,P020_OBS_PRIMARY,P020_OBS_PRIMARY,Recovered_TWIP,1,binary,DIRECT_CONDITION_OR_STAGE_EVIDENCE,"Experimental section and Figs.1-4, pp.621-625",Real-time in-situ neutron diffraction and source interpretation,High,VERIFIED,EXPERIMENTAL,https://doi.org/10.1080/21663831.2018.1523239,MASTER_FIELD_MAPPING
P020,10.1080/21663831.2018.1523239,P020_SERIES01,P020_MAT_FE50MN30CO10CR10,P020_MC_TRIPHEA_INSITU,P020_OBS_PRIMARY,P020_OBS_PRIMARY,Effective_TRIP,1,binary,DIRECT_CONDITION_OR_STAGE_EVIDENCE,"Experimental section and Figs.1-4, pp.621-625",Real-time in-situ neutron diffraction and source interpretation,High,VERIFIED,EXPERIMENTAL,https://doi.org/10.1080/21663831.2018.1523239,MASTER_FIELD_MAPPING
P020,10.1080/21663831.2018.1523239,P020_SERIES01,P020_MAT_FE50MN30CO10CR10,P020_MC_TRIPHEA_INSITU,P020_OBS_PRIMARY,P020_OBS_PRIMARY,Effective_TWIP,1,binary,DIRECT_CONDITION_OR_STAGE_EVIDENCE,"Experimental section and Figs.1-4, pp.621-625",Real-time in-situ neutron diffraction and source interpretation,High,VERIFIED,EXPERIMENTAL,https://doi.org/10.1080/21663831.2018.1523239,MASTER_FIELD_MAPPING
P020,10.1080/21663831.2018.1523239,P020_SERIES01,P020_MAT_FE50MN30CO10CR10,P020_MC_TRIPHEA_INSITU,P020_OBS_PRIMARY,P020_OBS_PRIMARY,Study_Series_ID,P020_SERIES01,as reported,HIERARCHY_INTEGRATION,"Experimental section and Figs.1-4, pp.621-625",Source-defined condition hierarchy,High,VERIFIED,EXPERIMENTAL,https://doi.org/10.1080/21663831.2018.1523239,MASTER_FIELD_MAPPING
P020,10.1080/21663831.2018.1523239,P020_SERIES01,P020_MAT_FE50MN30CO10CR10,P020_MC_TRIPHEA_INSITU,P020_OBS_PRIMARY,P020_OBS_PRIMARY,Material_Parent_ID,P020_MAT_FE50MN30CO10CR10,as reported,HIERARCHY_INTEGRATION,"Experimental section and Figs.1-4, pp.621-625",Source-defined condition hierarchy,High,VERIFIED,EXPERIMENTAL,https://doi.org/10.1080/21663831.2018.1523239,MASTER_FIELD_MAPPING
P020,10.1080/21663831.2018.1523239,P020_SERIES01,P020_MAT_FE50MN30CO10CR10,P020_MC_TRIPHEA_INSITU,P020_OBS_PRIMARY,P020_OBS_PRIMARY,Physical_Batch_ID,UNRESOLVED_NA,as reported,HIERARCHY_INTEGRATION,"Experimental section and Figs.1-4, pp.621-625",Source-defined condition hierarchy,High,VERIFIED_NA_NOT_SOURCE_SUPPORTED,EXPERIMENTAL,https://doi.org/10.1080/21663831.2018.1523239,MASTER_FIELD_MAPPING
P020,10.1080/21663831.2018.1523239,P020_SERIES01,P020_MAT_FE50MN30CO10CR10,P020_MC_TRIPHEA_INSITU,P020_OBS_PRIMARY,P020_OBS_PRIMARY,Replicate_ID,UNRESOLVED_NA,as reported,HIERARCHY_INTEGRATION,"Experimental section and Figs.1-4, pp.621-625",Source-defined condition hierarchy,High,VERIFIED_NA_NOT_SOURCE_SUPPORTED,EXPERIMENTAL,https://doi.org/10.1080/21663831.2018.1523239,MASTER_FIELD_MAPPING
P020,10.1080/21663831.2018.1523239,P020_SERIES01,P020_MAT_FE50MN30CO10CR10,P020_MC_TRIPHEA_INSITU,P020_OBS_PRIMARY,P020_OBS_PRIMARY,Leakage_Group_Strict,P020_SERIES01,as reported,HIERARCHY_INTEGRATION,"Experimental section and Figs.1-4, pp.621-625",Source-defined condition hierarchy,High,VERIFIED,EXPERIMENTAL,https://doi.org/10.1080/21663831.2018.1523239,MASTER_FIELD_MAPPING
P020,10.1080/21663831.2018.1523239,P020_SERIES01,P020_MAT_FE50MN30CO10CR10,P020_MC_TRIPHEA_INSITU,P020_OBS_PRIMARY,P020_OBS_PRIMARY,Leakage_Group_Material,P020_MAT_FE50MN30CO10CR10,as reported,HIERARCHY_INTEGRATION,"Experimental section and Figs.1-4, pp.621-625",Source-defined condition hierarchy,High,VERIFIED,EXPERIMENTAL,https://doi.org/10.1080/21663831.2018.1523239,MASTER_FIELD_MAPPING
P020,10.1080/21663831.2018.1523239,P020_SERIES01,P020_MAT_FE50MN30CO10CR10,P020_MC_TRIPHEA_INSITU,P020_OBS_PRIMARY,P020_OBS_PRIMARY,Parent_ML_Condition_ID,P020_MC_TRIPHEA_INSITU,as reported,HIERARCHY_INTEGRATION,"Experimental section and Figs.1-4, pp.621-625",Source-defined condition hierarchy,High,VERIFIED,EXPERIMENTAL,https://doi.org/10.1080/21663831.2018.1523239,MASTER_FIELD_MAPPING
P020,10.1080/21663831.2018.1523239,P020_SERIES01,P020_MAT_FE50MN30CO10CR10,P020_MC_TRIPHEA_INSITU,P020_OBS_PRIMARY,P020_OBS_PRIMARY,Replicate_n,UNRESOLVED_NA,as reported,HIERARCHY_INTEGRATION,"Experimental section and Figs.1-4, pp.621-625",Source-defined condition hierarchy,High,VERIFIED_NA_NOT_SOURCE_SUPPORTED,EXPERIMENTAL,https://doi.org/10.1080/21663831.2018.1523239,MASTER_FIELD_MAPPING
P020,10.1080/21663831.2018.1523239,P020_SERIES01,P020_MAT_FE50MN30CO10CR10,P020_MC_TRIPHEA_INSITU,P020_OBS_PRIMARY,P020_OBS_PRIMARY,Recovered_Bulk_Composition_at_pct,UNRESOLVED_NA,as reported,DIRECT_TEXT_OR_VERIFIED_NA,"Experimental section and Figs.1-4, pp.621-625",Source text; C-to-K representation only where required by existing field,High,VERIFIED_NA_NO_QUANTITATIVE_POSTMELT_BULK_CHEMISTRY,EXPERIMENTAL,https://doi.org/10.1080/21663831.2018.1523239,MASTER_FIELD_MAPPING
P020,10.1080/21663831.2018.1523239,P020_SERIES01,P020_MAT_FE50MN30CO10CR10,P020_MC_TRIPHEA_INSITU,P020_OBS_PRIMARY,P020_OBS_PRIMARY,Recovered_Initial_HCP_status,DIRECT_EBSD_AND_NEUTRON_DIFFRACTION,as reported,DIRECT_EBSD_AND_NEUTRON,"Experimental section and Figs.1-4, pp.621-625",EBSD and neutron diffraction,High,VERIFIED,EXPERIMENTAL,https://doi.org/10.1080/21663831.2018.1523239,MASTER_FIELD_MAPPING
P020,10.1080/21663831.2018.1523239,P020_SERIES01,P020_MAT_FE50MN30CO10CR10,P020_MC_TRIPHEA_INSITU,P020_OBS_PRIMARY,P020_OBS_PRIMARY,Independent_ML_sample,True,as reported,HIERARCHY_INTEGRATION,"Experimental section and Figs.1-4, pp.621-625",Source-defined condition hierarchy,High,VERIFIED,EXPERIMENTAL,https://doi.org/10.1080/21663831.2018.1523239,MASTER_FIELD_MAPPING
P020,10.1080/21663831.2018.1523239,P020_SERIES01,P020_MAT_FE50MN30CO10CR10,P020_MC_TRIPHEA_INSITU,P020_OBS_PRIMARY,P020_OBS_PRIMARY,Nominal_Composition_at_pct,Fe50Mn30Co10Cr10,as reported,DIRECT_TEXT_OR_VERIFIED_NA,"Experimental section and Figs.1-4, pp.621-625",Source text; C-to-K representation only where required by existing field,High,VERIFIED,EXPERIMENTAL,https://doi.org/10.1080/21663831.2018.1523239,MASTER_FIELD_MAPPING
P020,10.1080/21663831.2018.1523239,P020_SERIES01,P020_MAT_FE50MN30CO10CR10,P020_MC_TRIPHEA_INSITU,P020_OBS_PRIMARY,P020_OBS_PRIMARY,Initial_Phase_State_Qualitative,DUAL_PHASE_FCC_PLUS_HCP,as reported,DIRECT_EBSD_AND_NEUTRON,"Experimental section and Figs.1-4, pp.621-625",EBSD and neutron diffraction,High,VERIFIED,EXPERIMENTAL,https://doi.org/10.1080/21663831.2018.1523239,MASTER_FIELD_MAPPING
P020,10.1080/21663831.2018.1523239,P020_SERIES01,P020_MAT_FE50MN30CO10CR10,P020_MC_TRIPHEA_INSITU,P020_OBS_PRIMARY,P020_OBS_PRIMARY,Initial_Phase_Status,DIRECT_EBSD_AND_NEUTRON_DIFFRACTION_AGREEMENT,as reported,DIRECT_EBSD_AND_NEUTRON,"Experimental section and Figs.1-4, pp.621-625",EBSD and neutron diffraction,High,VERIFIED,EXPERIMENTAL,https://doi.org/10.1080/21663831.2018.1523239,MASTER_FIELD_MAPPING
P020,10.1080/21663831.2018.1523239,P020_SERIES01,P020_MAT_FE50MN30CO10CR10,P020_MC_TRIPHEA_INSITU,P020_OBS_PRIMARY,P020_OBS_PRIMARY,Measured_Composition_at_pct,UNRESOLVED_NA,as reported,DIRECT_TEXT_OR_VERIFIED_NA,"Experimental section and Figs.1-4, pp.621-625",Source text; C-to-K representation only where required by existing field,High,VERIFIED_NA_NO_QUANTITATIVE_POSTMELT_BULK_CHEMISTRY,EXPERIMENTAL,https://doi.org/10.1080/21663831.2018.1523239,MASTER_FIELD_MAPPING
P020,10.1080/21663831.2018.1523239,P020_SERIES01,P020_MAT_FE50MN30CO10CR10,P020_MC_TRIPHEA_INSITU,P020_OBS_PRIMARY,P020_OBS_PRIMARY,Test_T_Raw,NOT_EXPLICITLY_REPORTED_IN_MAIN_ARTICLE,as reported,DIRECT_TEXT_OR_VERIFIED_NA,"Experimental section and Figs.1-4, pp.621-625",Source text; C-to-K representation only where required by existing field,High,VERIFIED,EXPERIMENTAL,https://doi.org/10.1080/21663831.2018.1523239,MASTER_FIELD_MAPPING
P020,10.1080/21663831.2018.1523239,P020_SERIES01,P020_MAT_FE50MN30CO10CR10,P020_MC_TRIPHEA_INSITU,P020_OBS_PRIMARY,P020_OBS_PRIMARY,Composition_Status,NOMINAL_ONLY_NO_QUANTITATIVE_POSTMELT_BULK_CHEMISTRY_REPORTED,as reported,DIRECT_TEXT_OR_VERIFIED_NA,"Experimental section and Figs.1-4, pp.621-625",Source text; C-to-K representation only where required by existing field,High,VERIFIED,EXPERIMENTAL,https://doi.org/10.1080/21663831.2018.1523239,MASTER_FIELD_MAPPING
P020,10.1080/21663831.2018.1523239,P020_SERIES01,P020_MAT_FE50MN30CO10CR10,P020_MC_TRIPHEA_INSITU,P020_OBS_PRIMARY,P020_OBS_PRIMARY,Grain_Size_Scope,FCC_AVERAGE,as reported,DIRECT_EBSD_AND_NEUTRON,"Experimental section and Figs.1-4, pp.621-625",EBSD and neutron diffraction,High,VERIFIED,EXPERIMENTAL,https://doi.org/10.1080/21663831.2018.1523239,MASTER_FIELD_MAPPING
P020,10.1080/21663831.2018.1523239,P020_SERIES01,P020_MAT_FE50MN30CO10CR10,P020_MC_TRIPHEA_INSITU,P020_OBS_PRIMARY,P020_OBS_PRIMARY,HCP_Morphology,Lath-shaped HCP grains,as reported,DIRECT_EBSD_AND_NEUTRON,"Experimental section and Figs.1-4, pp.621-625",EBSD and neutron diffraction,High,VERIFIED,EXPERIMENTAL,https://doi.org/10.1080/21663831.2018.1523239,MASTER_FIELD_MAPPING
P020,10.1080/21663831.2018.1523239,P020_SERIES01,P020_MAT_FE50MN30CO10CR10,P020_MC_TRIPHEA_INSITU,P020_OBS_PRIMARY,P020_OBS_PRIMARY,Initial_HCP_Status,DIRECT_PRETEST_EBSD_AND_NEUTRON_DIFFRACTION,as reported,DIRECT_EBSD_AND_NEUTRON,"Experimental section and Figs.1-4, pp.621-625",EBSD and neutron diffraction,High,VERIFIED,EXPERIMENTAL,https://doi.org/10.1080/21663831.2018.1523239,MASTER_FIELD_MAPPING
P020,10.1080/21663831.2018.1523239,P020_SERIES01,P020_MAT_FE50MN30CO10CR10,P020_MC_TRIPHEA_INSITU,P020_OBS_PRIMARY,P020_OBS_PRIMARY,Initial_HCP_Origin,PRE_EXISTING_BEFORE_TENSILE_LOADING,as reported,DIRECT_EBSD_AND_NEUTRON,"Experimental section and Figs.1-4, pp.621-625",EBSD and neutron diffraction,High,VERIFIED,EXPERIMENTAL,https://doi.org/10.1080/21663831.2018.1523239,MASTER_FIELD_MAPPING
P020,10.1080/21663831.2018.1523239,P020_SERIES01,P020_MAT_FE50MN30CO10CR10,P020_MC_TRIPHEA_INSITU,P020_OBS_PRIMARY,P020_OBS_PRIMARY,Tensile_TWIP_Onset_Stress_MPa,400.0,as reported,DIRECT_CONDITION_OR_STAGE_EVIDENCE,"Experimental section and Figs.1-4, pp.621-625",Real-time in-situ neutron diffraction and source interpretation,High,VERIFIED,EXPERIMENTAL,https://doi.org/10.1080/21663831.2018.1523239,MASTER_FIELD_MAPPING
P020,10.1080/21663831.2018.1523239,P020_SERIES01,P020_MAT_FE50MN30CO10CR10,P020_MC_TRIPHEA_INSITU,P020_OBS_PRIMARY,P020_OBS_PRIMARY,Compression_Twinning_Onset_Stress_MPa,730.0,as reported,DIRECT_CONDITION_OR_STAGE_EVIDENCE,"Experimental section and Figs.1-4, pp.621-625",Real-time in-situ neutron diffraction and source interpretation,High,VERIFIED,EXPERIMENTAL,https://doi.org/10.1080/21663831.2018.1523239,MASTER_FIELD_MAPPING
P020,10.1080/21663831.2018.1523239,P020_SERIES01,P020_MAT_FE50MN30CO10CR10,P020_MC_TRIPHEA_INSITU,P020_OBS_PRIMARY,P020_OBS_PRIMARY,Mechanism_Phase_Scope,TRIP: FCC_TO_HCP; TWIP: HCP_TENSILE_AND_COMPRESSION; SLIP: FCC_AND_HCP,as reported,DIRECT_CONDITION_OR_STAGE_EVIDENCE,"Experimental section and Figs.1-4, pp.621-625",Real-time in-situ neutron diffraction and source interpretation,High,VERIFIED,EXPERIMENTAL,https://doi.org/10.1080/21663831.2018.1523239,MASTER_FIELD_MAPPING
P020,10.1080/21663831.2018.1523239,P020_SERIES01,P020_MAT_FE50MN30CO10CR10,P020_MC_TRIPHEA_INSITU,P020_OBS_PRIMARY,P020_OBS_PRIMARY,Raw_Material_Purity,>99.9 wt.%,as reported,DIRECT_TEXT_OR_VERIFIED_NA,"Experimental section and Figs.1-4, pp.621-625",Source text; C-to-K representation only where required by existing field,High,VERIFIED,EXPERIMENTAL,https://doi.org/10.1080/21663831.2018.1523239,MASTER_FIELD_MAPPING
P020,10.1080/21663831.2018.1523239,P020_SERIES01,P020_MAT_FE50MN30CO10CR10,P020_MC_TRIPHEA_INSITU,P020_OBS_PRIMARY,P020_OBS_PRIMARY,Grain_Size_Status,APPROX_DIRECT_TEXT,as reported,DIRECT_EBSD_AND_NEUTRON,"Experimental section and Figs.1-4, pp.621-625",EBSD and neutron diffraction,High,VERIFIED,EXPERIMENTAL,https://doi.org/10.1080/21663831.2018.1523239,MASTER_FIELD_MAPPING
P020,10.1080/21663831.2018.1523239,P020_SERIES01,P020_MAT_FE50MN30CO10CR10,P020_MC_TRIPHEA_INSITU,P020_OBS_PRIMARY,P020_OBS_PRIMARY,SFE_Value_Status,NOT_REPORTED_IN_P020_MAIN_ARTICLE_NO_CROSS_PAPER_TRANSFER,as reported,VERIFIED_ABSENCE_IN_MAIN_ARTICLE,"Experimental section and Figs.1-4, pp.621-625",Source review; no cross-paper transfer,High,VERIFIED,EXPERIMENTAL,https://doi.org/10.1080/21663831.2018.1523239,MASTER_FIELD_MAPPING
P020,10.1080/21663831.2018.1523239,P020_SERIES01,P020_MAT_FE50MN30CO10CR10,P020_MC_TRIPHEA_INSITU,P020_OBS_PRIMARY,P020_OBS_PRIMARY,SFE_Data_Origin,UNRESOLVED_NO_P020_VALUE,as reported,VERIFIED_ABSENCE_IN_MAIN_ARTICLE,"Experimental section and Figs.1-4, pp.621-625",Source review; no cross-paper transfer,High,VERIFIED,EXPERIMENTAL,https://doi.org/10.1080/21663831.2018.1523239,MASTER_FIELD_MAPPING
P020,10.1080/21663831.2018.1523239,P020_SERIES01,P020_MAT_FE50MN30CO10CR10,P020_MC_TRIPHEA_INSITU,P020_OBS_PRIMARY,P020_OBS_PRIMARY,Independent_Experimental_ML_sample,True,as reported,HIERARCHY_INTEGRATION,"Experimental section and Figs.1-4, pp.621-625",Source-defined condition hierarchy,High,VERIFIED,EXPERIMENTAL,https://doi.org/10.1080/21663831.2018.1523239,MASTER_FIELD_MAPPING
P020,10.1080/21663831.2018.1523239,P020_SERIES01,P020_MAT_FE50MN30CO10CR10,P020_MC_TRIPHEA_INSITU,P020_OBS_PRIMARY,P020_OBS_PRIMARY,Experimental_Target_Eligibility,True,as reported,HIERARCHY_INTEGRATION,"Experimental section and Figs.1-4, pp.621-625",Source-defined condition hierarchy,High,VERIFIED,EXPERIMENTAL,https://doi.org/10.1080/21663831.2018.1523239,MASTER_FIELD_MAPPING
P020,10.1080/21663831.2018.1523239,P020_SERIES01,P020_MAT_FE50MN30CO10CR10,P020_MC_TRIPHEA_INSITU,P020_OBS_PRIMARY,P020_OBS_PRIMARY,Measured_Bulk_Composition,UNRESOLVED_NA,as reported,DIRECT_TEXT_OR_VERIFIED_NA,"Experimental section and Figs.1-4, pp.621-625",Source text; C-to-K representation only where required by existing field,High,VERIFIED_NA_NO_QUANTITATIVE_POSTMELT_BULK_CHEMISTRY,EXPERIMENTAL,https://doi.org/10.1080/21663831.2018.1523239,MASTER_FIELD_MAPPING
P020,10.1080/21663831.2018.1523239,P020_SERIES01,P020_MAT_FE50MN30CO10CR10,P020_MC_TRIPHEA_INSITU,P020_OBS_PRIMARY,P020_OBS_PRIMARY,Homogenization_Atmosphere,vacuum,as reported,DIRECT_TEXT_OR_VERIFIED_NA,"Experimental section and Figs.1-4, pp.621-625",Source text; C-to-K representation only where required by existing field,High,VERIFIED,EXPERIMENTAL,https://doi.org/10.1080/21663831.2018.1523239,MASTER_FIELD_MAPPING
P020,10.1080/21663831.2018.1523239,P020_SERIES01,P020_MAT_FE50MN30CO10CR10,P020_MC_TRIPHEA_INSITU,P020_OBS_PRIMARY,P020_OBS_PRIMARY,Loading_Mode,Uniaxial tension during real-time in-situ neutron diffraction,as reported,DIRECT_TEXT_OR_VERIFIED_NA,"Experimental section and Figs.1-4, pp.621-625",Source text; C-to-K representation only where required by existing field,High,VERIFIED,EXPERIMENTAL,https://doi.org/10.1080/21663831.2018.1523239,MASTER_FIELD_MAPPING
P020,10.1080/21663831.2018.1523239,P020_SERIES01,P020_MAT_FE50MN30CO10CR10,P020_MC_TRIPHEA_INSITU,P020_OBS_PRIMARY,P020_OBS_PRIMARY,Initial_Phase,DUAL_PHASE_FCC_PLUS_HCP,as reported,DIRECT_EBSD_AND_NEUTRON,"Experimental section and Figs.1-4, pp.621-625",EBSD and neutron diffraction,High,VERIFIED,EXPERIMENTAL,https://doi.org/10.1080/21663831.2018.1523239,MASTER_FIELD_MAPPING
P020,10.1080/21663831.2018.1523239,P020_SERIES01,P020_MAT_FE50MN30CO10CR10,P020_MC_TRIPHEA_INSITU,P020_OBS_PRIMARY,P020_OBS_PRIMARY,Mechanical_Value_Status,DIRECT_SOURCE_RAW_BASIS,as reported,DIRECT_SOURCE_RAW_BASIS,"Experimental section and Figs.1-4, pp.621-625",Tensile loading; source stress/strain basis preserved,High,VERIFIED,EXPERIMENTAL,https://doi.org/10.1080/21663831.2018.1523239,MASTER_FIELD_MAPPING
P020,10.1080/21663831.2018.1523239,P020_SERIES01,P020_MAT_FE50MN30CO10CR10,P020_MC_TRIPHEA_INSITU,P020_OBS_PRIMARY,P020_OBS_PRIMARY,Mechanical_Predictor_Eligibility,MECHANICAL_OUTCOME_LEAKAGE,as reported,DIRECT_SOURCE_RAW_BASIS,"Experimental section and Figs.1-4, pp.621-625",Tensile loading; source stress/strain basis preserved,High,VERIFIED,EXPERIMENTAL,https://doi.org/10.1080/21663831.2018.1523239,MASTER_FIELD_MAPPING
P020,10.1080/21663831.2018.1523239,P020_SERIES01,P020_MAT_FE50MN30CO10CR10,P020_MC_TRIPHEA_INSITU,P020_OBS_PRIMARY,P020_OBS_PRIMARY,TRIP_Evidence_Type,DIRECT_REALTIME_NEUTRON_PHASE_FRACTION_EVOLUTION,as reported,DIRECT_CONDITION_OR_STAGE_EVIDENCE,"Experimental section and Figs.1-4, pp.621-625",Real-time in-situ neutron diffraction and source interpretation,High,VERIFIED,EXPERIMENTAL,https://doi.org/10.1080/21663831.2018.1523239,MASTER_FIELD_MAPPING
P020,10.1080/21663831.2018.1523239,P020_SERIES01,P020_MAT_FE50MN30CO10CR10,P020_MC_TRIPHEA_INSITU,P020_OBS_PRIMARY,P020_OBS_PRIMARY,TWIP_Evidence_Type,DIRECT_REALTIME_NEUTRON_GRAIN_REORIENTATION,as reported,DIRECT_CONDITION_OR_STAGE_EVIDENCE,"Experimental section and Figs.1-4, pp.621-625",Real-time in-situ neutron diffraction and source interpretation,High,VERIFIED,EXPERIMENTAL,https://doi.org/10.1080/21663831.2018.1523239,MASTER_FIELD_MAPPING
P020,10.1080/21663831.2018.1523239,P020_SERIES01,P020_MAT_FE50MN30CO10CR10,P020_MC_TRIPHEA_INSITU,P020_OBS_PRIMARY,P020_OBS_PRIMARY,Condition_Level_Target_Evidence,FCC fraction decreases continuously from the initial 79% during loading and reaches ~17% remaining at fracture. HCP tensile twinning starts near 400 MPa; compression/multiple twinning starts near 730 MPa (~15% strain). Slip accompanies deformation in FCC and HCP.,as reported,DIRECT_CONDITION_OR_STAGE_EVIDENCE,"Experimental section and Figs.1-4, pp.621-625",Real-time in-situ neutron diffraction and source interpretation,High,VERIFIED,EXPERIMENTAL,https://doi.org/10.1080/21663831.2018.1523239,MASTER_FIELD_MAPPING
P020,10.1080/21663831.2018.1523239,P020_SERIES01,P020_MAT_FE50MN30CO10CR10,P020_MC_TRIPHEA_INSITU,P020_OBS_PRIMARY,P020_OBS_PRIMARY,Target_Evidence_Confidence,High,as reported,DIRECT_CONDITION_OR_STAGE_EVIDENCE,"Experimental section and Figs.1-4, pp.621-625",Real-time in-situ neutron diffraction and source interpretation,High,VERIFIED,EXPERIMENTAL,https://doi.org/10.1080/21663831.2018.1523239,MASTER_FIELD_MAPPING
P020,10.1080/21663831.2018.1523239,P020_SERIES01,P020_MAT_FE50MN30CO10CR10,P020_MC_TRIPHEA_INSITU,P020_OBS_PRIMARY,P020_OBS_PRIMARY,DeltaG_Value_Status,NOT_REPORTED_IN_P020_MAIN_ARTICLE_NO_CROSS_PAPER_TRANSFER,as reported,VERIFIED_ABSENCE_IN_MAIN_ARTICLE,"Experimental section and Figs.1-4, pp.621-625",Source review; no cross-paper transfer,High,VERIFIED,EXPERIMENTAL,https://doi.org/10.1080/21663831.2018.1523239,MASTER_FIELD_MAPPING
P020,10.1080/21663831.2018.1523239,P020_SERIES01,P020_MAT_FE50MN30CO10CR10,P020_MC_TRIPHEA_INSITU,P020_OBS_PRIMARY,P020_OBS_PRIMARY,DeltaG_Data_Origin,UNRESOLVED_NO_P020_VALUE,as reported,VERIFIED_ABSENCE_IN_MAIN_ARTICLE,"Experimental section and Figs.1-4, pp.621-625",Source review; no cross-paper transfer,High,VERIFIED,EXPERIMENTAL,https://doi.org/10.1080/21663831.2018.1523239,MASTER_FIELD_MAPPING
P020,10.1080/21663831.2018.1523239,P020_SERIES01,P020_MAT_FE50MN30CO10CR10,P020_MC_TRIPHEA_INSITU,P020_OBS_PRIMARY,P020_OBS_PRIMARY,P020_Record_Role,RECOVERED_EXACT_PRIMARY_CONDITION,as reported,HIERARCHY_INTEGRATION,"Experimental section and Figs.1-4, pp.621-625",Source-defined condition hierarchy,High,VERIFIED,EXPERIMENTAL,https://doi.org/10.1080/21663831.2018.1523239,MASTER_FIELD_MAPPING
P020,10.1080/21663831.2018.1523239,P020_SERIES01,P020_MAT_FE50MN30CO10CR10,P020_MC_TRIPHEA_INSITU,P020_OBS_PRIMARY,P020_OBS_PRIMARY,P020_Target_Status,VERIFIED_JOINT,as reported,DIRECT_CONDITION_OR_STAGE_EVIDENCE,"Experimental section and Figs.1-4, pp.621-625",Real-time in-situ neutron diffraction and source interpretation,High,VERIFIED,EXPERIMENTAL,https://doi.org/10.1080/21663831.2018.1523239,MASTER_FIELD_MAPPING
P020,10.1080/21663831.2018.1523239,P020_SERIES01,P020_MAT_FE50MN30CO10CR10,P020_MC_TRIPHEA_INSITU,P020_OBS_PRIMARY,P020_OBS_PRIMARY,P020_Source_Identity_Status,VERIFIED_PDF_AND_PUBLISHER_DOI_MATCH,as reported,SOURCE_IDENTITY,"Experimental section and Figs.1-4, pp.621-625",Verified workbook and publisher DOI identity,High,VERIFIED,EXPERIMENTAL,https://doi.org/10.1080/21663831.2018.1523239,MASTER_FIELD_MAPPING
P020,10.1080/21663831.2018.1523239,P020_SERIES01,P020_MAT_FE50MN30CO10CR10,P020_MC_TRIPHEA_INSITU,P020_OBS_PRIMARY,P020_OBS_PRIMARY,P020_QC_Status,PENDING_GLOBAL_QC_SCHEMA_SPLIT_REFRESH,as reported,HIERARCHY_INTEGRATION,"Experimental section and Figs.1-4, pp.621-625",Source-defined condition hierarchy,High,VERIFIED,EXPERIMENTAL,https://doi.org/10.1080/21663831.2018.1523239,MASTER_FIELD_MAPPING
P020,10.1080/21663831.2018.1523239,P020_SERIES01,P020_MAT_FE50MN30CO10CR10,P020_MC_TRIPHEA_INSITU,P020_OBS_PRIMARY,P020_OBS_PRIMARY,P020_Supplement_Status,NOT_INCLUDED_TEST_METADATA_NOT_INFERRED,as reported,DIRECT_TEXT_OR_VERIFIED_NA,"Experimental section and Figs.1-4, pp.621-625",Source text; C-to-K representation only where required by existing field,High,VERIFIED,EXPERIMENTAL,https://doi.org/10.1080/21663831.2018.1523239,MASTER_FIELD_MAPPING
P020,10.1080/21663831.2018.1523239,P020_SERIES01,P020_MAT_FE50MN30CO10CR10,P020_MC_TRIPHEA_INSITU,P020_OBS_PRIMARY,P020_OBS_PRIMARY,Journal,Materials Research Letters,as reported,SOURCE_IDENTITY,"Experimental section and Figs.1-4, pp.621-625",Verified workbook and publisher DOI identity,High,VERIFIED,EXPERIMENTAL,https://doi.org/10.1080/21663831.2018.1523239,MASTER_FIELD_MAPPING
P020,10.1080/21663831.2018.1523239,P020_SERIES01,P020_MAT_FE50MN30CO10CR10,P020_MC_TRIPHEA_INSITU,P020_OBS_PRIMARY,P020_OBS_PRIMARY,Volume,6,as reported,SOURCE_IDENTITY,"Experimental section and Figs.1-4, pp.621-625",Verified workbook and publisher DOI identity,High,VERIFIED,EXPERIMENTAL,https://doi.org/10.1080/21663831.2018.1523239,MASTER_FIELD_MAPPING
P020,10.1080/21663831.2018.1523239,P020_SERIES01,P020_MAT_FE50MN30CO10CR10,P020_MC_TRIPHEA_INSITU,P020_OBS_PRIMARY,P020_OBS_PRIMARY,Issue,11,as reported,SOURCE_IDENTITY,"Experimental section and Figs.1-4, pp.621-625",Verified workbook and publisher DOI identity,High,VERIFIED,EXPERIMENTAL,https://doi.org/10.1080/21663831.2018.1523239,MASTER_FIELD_MAPPING
P020,10.1080/21663831.2018.1523239,P020_SERIES01,P020_MAT_FE50MN30CO10CR10,P020_MC_TRIPHEA_INSITU,P020_OBS_PRIMARY,P020_OBS_PRIMARY,Pages,620-626,as reported,SOURCE_IDENTITY,"Experimental section and Figs.1-4, pp.621-625",Verified workbook and publisher DOI identity,High,VERIFIED,EXPERIMENTAL,https://doi.org/10.1080/21663831.2018.1523239,MASTER_FIELD_MAPPING
P020,10.1080/21663831.2018.1523239,P020_SERIES01,P020_MAT_FE50MN30CO10CR10,P020_MC_TRIPHEA_INSITU,P020_OBS_PRIMARY,P020_OBS_PRIMARY,Publication_Year,2018,as reported,SOURCE_IDENTITY,"Experimental section and Figs.1-4, pp.621-625",Verified workbook and publisher DOI identity,High,VERIFIED,EXPERIMENTAL,https://doi.org/10.1080/21663831.2018.1523239,MASTER_FIELD_MAPPING
P020,10.1080/21663831.2018.1523239,P020_SERIES01,P020_MAT_FE50MN30CO10CR10,P020_MC_TRIPHEA_INSITU,P020_OBS_PRIMARY,P020_OBS_PRIMARY,Source_URL,https://doi.org/10.1080/21663831.2018.1523239,as reported,SOURCE_IDENTITY,"Experimental section and Figs.1-4, pp.621-625",Verified workbook and publisher DOI identity,High,VERIFIED,EXPERIMENTAL,https://doi.org/10.1080/21663831.2018.1523239,MASTER_FIELD_MAPPING
P020,10.1080/21663831.2018.1523239,P020_SERIES01,P020_MAT_FE50MN30CO10CR10,P020_MC_TRIPHEA_INSITU,P020_OBS_PRIMARY,P020_OBS_PRIMARY,Alloy_Family_Text,Fe50Mn30Co10Cr10,as reported,DIRECT_TEXT_OR_VERIFIED_NA,"Experimental section and Figs.1-4, pp.621-625",Source text; C-to-K representation only where required by existing field,High,VERIFIED,EXPERIMENTAL,https://doi.org/10.1080/21663831.2018.1523239,MASTER_FIELD_MAPPING
P020,10.1080/21663831.2018.1523239,P020_SERIES01,P020_MAT_FE50MN30CO10CR10,P020_MC_TRIPHEA_INSITU,P020_OBS_PRIMARY,P020_OBS_PRIMARY,Alloy_Family_Use,GROUPING_AUDIT_ONLY_NOT_PREDICTOR_NOT_SAMPLE_IDENTITY,as reported,DIRECT_TEXT_OR_VERIFIED_NA,"Experimental section and Figs.1-4, pp.621-625",Source text; C-to-K representation only where required by existing field,High,VERIFIED,EXPERIMENTAL,https://doi.org/10.1080/21663831.2018.1523239,MASTER_FIELD_MAPPING
P020,10.1080/21663831.2018.1523239,P020_SERIES01,P020_MAT_FE50MN30CO10CR10,P020_MC_TRIPHEA_INSITU,P020_OBS_PRIMARY,P020_OBS_PRIMARY,Melting_Route,Vacuum arc melting,as reported,DIRECT_TEXT_OR_VERIFIED_NA,"Experimental section and Figs.1-4, pp.621-625",Source text; C-to-K representation only where required by existing field,High,VERIFIED,EXPERIMENTAL,https://doi.org/10.1080/21663831.2018.1523239,MASTER_FIELD_MAPPING
P020,10.1080/21663831.2018.1523239,P020_SERIES01,P020_MAT_FE50MN30CO10CR10,P020_MC_TRIPHEA_INSITU,P020_OBS_PRIMARY,P020_OBS_PRIMARY,Casting_Route,Drop casting,as reported,DIRECT_TEXT_OR_VERIFIED_NA,"Experimental section and Figs.1-4, pp.621-625",Source text; C-to-K representation only where required by existing field,High,VERIFIED,EXPERIMENTAL,https://doi.org/10.1080/21663831.2018.1523239,MASTER_FIELD_MAPPING
P020,10.1080/21663831.2018.1523239,P020_SERIES01,P020_MAT_FE50MN30CO10CR10,P020_MC_TRIPHEA_INSITU,P020_OBS_PRIMARY,P020_OBS_PRIMARY,Cast_Bar_Dimensions_mm,12.7 x 12.7 x 75,as reported,DIRECT_TEXT_OR_VERIFIED_NA,"Experimental section and Figs.1-4, pp.621-625",Source text; C-to-K representation only where required by existing field,High,VERIFIED,EXPERIMENTAL,https://doi.org/10.1080/21663831.2018.1523239,MASTER_FIELD_MAPPING
P020,10.1080/21663831.2018.1523239,P020_SERIES01,P020_MAT_FE50MN30CO10CR10,P020_MC_TRIPHEA_INSITU,P020_OBS_PRIMARY,P020_OBS_PRIMARY,Rolling_T_Raw,room-temperature rolling,as reported,DIRECT_TEXT_OR_VERIFIED_NA,"Experimental section and Figs.1-4, pp.621-625",Source text; C-to-K representation only where required by existing field,High,VERIFIED,EXPERIMENTAL,https://doi.org/10.1080/21663831.2018.1523239,MASTER_FIELD_MAPPING
P020,10.1080/21663831.2018.1523239,P020_SERIES01,P020_MAT_FE50MN30CO10CR10,P020_MC_TRIPHEA_INSITU,P020_OBS_PRIMARY,P020_OBS_PRIMARY,Post_Anneal_Cooling,air cooling,as reported,DIRECT_TEXT_OR_VERIFIED_NA,"Experimental section and Figs.1-4, pp.621-625",Source text; C-to-K representation only where required by existing field,High,VERIFIED,EXPERIMENTAL,https://doi.org/10.1080/21663831.2018.1523239,MASTER_FIELD_MAPPING
P020,10.1080/21663831.2018.1523239,P020_SERIES01,P020_MAT_FE50MN30CO10CR10,P020_MC_TRIPHEA_INSITU,P020_OBS_PRIMARY,P020_OBS_PRIMARY,Test_Metadata_Status,SUPPLEMENT_REFERENCED_NOT_AVAILABLE_NO_INFERENCE,as reported,DIRECT_TEXT_OR_VERIFIED_NA,"Experimental section and Figs.1-4, pp.621-625",Source text; C-to-K representation only where required by existing field,High,VERIFIED,EXPERIMENTAL,https://doi.org/10.1080/21663831.2018.1523239,MASTER_FIELD_MAPPING
P020,10.1080/21663831.2018.1523239,P020_SERIES01,P020_MAT_FE50MN30CO10CR10,P020_MC_TRIPHEA_INSITU,P020_OBS_PRIMARY,P020_OBS_PRIMARY,Initial_TRIP_Target_Guardrail,PRE_EXISTING_HCP_DOES_NOT_ESTABLISH_TRIP_DYNAMIC_FCC_LOSS_REQUIRED,as reported,DIRECT_EBSD_AND_NEUTRON,"Experimental section and Figs.1-4, pp.621-625",EBSD and neutron diffraction,High,VERIFIED,EXPERIMENTAL,https://doi.org/10.1080/21663831.2018.1523239,MASTER_FIELD_MAPPING
P020,10.1080/21663831.2018.1523239,P020_SERIES01,P020_MAT_FE50MN30CO10CR10,P020_MC_TRIPHEA_INSITU,P020_OBS_PRIMARY,P020_OBS_PRIMARY,FCC_Grain_Size_um,40.0,um,DIRECT_EBSD_AND_NEUTRON,"Experimental section and Figs.1-4, pp.621-625",EBSD and neutron diffraction,High,VERIFIED,EXPERIMENTAL,https://doi.org/10.1080/21663831.2018.1523239,MASTER_FIELD_MAPPING
P020,10.1080/21663831.2018.1523239,P020_SERIES01,P020_MAT_FE50MN30CO10CR10,P020_MC_TRIPHEA_INSITU,P020_OBS_PRIMARY,P020_OBS_PRIMARY,FCC_Grain_Morphology,Equiaxed FCC grains,as reported,DIRECT_EBSD_AND_NEUTRON,"Experimental section and Figs.1-4, pp.621-625",EBSD and neutron diffraction,High,VERIFIED,EXPERIMENTAL,https://doi.org/10.1080/21663831.2018.1523239,MASTER_FIELD_MAPPING
P020,10.1080/21663831.2018.1523239,P020_SERIES01,P020_MAT_FE50MN30CO10CR10,P020_MC_TRIPHEA_INSITU,P020_OBS_PRIMARY,P020_OBS_PRIMARY,HCP_Lath_Thickness_um,4.0,um,DIRECT_EBSD_AND_NEUTRON,"Experimental section and Figs.1-4, pp.621-625",EBSD and neutron diffraction,High,VERIFIED,EXPERIMENTAL,https://doi.org/10.1080/21663831.2018.1523239,MASTER_FIELD_MAPPING
P020,10.1080/21663831.2018.1523239,P020_SERIES01,P020_MAT_FE50MN30CO10CR10,P020_MC_TRIPHEA_INSITU,P020_OBS_PRIMARY,P020_OBS_PRIMARY,Phase_Fraction_Methods,EBSD + neutron diffraction; both reported 79% FCC / 21% HCP,as reported,DIRECT_EBSD_AND_NEUTRON,"Experimental section and Figs.1-4, pp.621-625",EBSD and neutron diffraction,High,VERIFIED,EXPERIMENTAL,https://doi.org/10.1080/21663831.2018.1523239,MASTER_FIELD_MAPPING
P020,10.1080/21663831.2018.1523239,P020_SERIES01,P020_MAT_FE50MN30CO10CR10,P020_MC_TRIPHEA_INSITU,P020_OBS_PRIMARY,P020_OBS_PRIMARY,Apparent_Yield_Onset_MPa,200.0,MPa,DIRECT_SOURCE_RAW_BASIS,"Experimental section and Figs.1-4, pp.621-625",Tensile loading; source stress/strain basis preserved,High,VERIFIED,EXPERIMENTAL,https://doi.org/10.1080/21663831.2018.1523239,MASTER_FIELD_MAPPING
P020,10.1080/21663831.2018.1523239,P020_SERIES01,P020_MAT_FE50MN30CO10CR10,P020_MC_TRIPHEA_INSITU,P020_OBS_PRIMARY,P020_OBS_PRIMARY,Yield_Definition,OBSERVABLE_DEVIATION_FROM_ELASTIC_REGIME,as reported,DIRECT_SOURCE_RAW_BASIS,"Experimental section and Figs.1-4, pp.621-625",Tensile loading; source stress/strain basis preserved,High,VERIFIED,EXPERIMENTAL,https://doi.org/10.1080/21663831.2018.1523239,MASTER_FIELD_MAPPING
P020,10.1080/21663831.2018.1523239,P020_SERIES01,P020_MAT_FE50MN30CO10CR10,P020_MC_TRIPHEA_INSITU,P020_OBS_PRIMARY,P020_OBS_PRIMARY,Reported_Ultimate_Strength_MPa,1046.0,MPa,DIRECT_SOURCE_RAW_BASIS,"Experimental section and Figs.1-4, pp.621-625",Tensile loading; source stress/strain basis preserved,High,VERIFIED,EXPERIMENTAL,https://doi.org/10.1080/21663831.2018.1523239,MASTER_FIELD_MAPPING
P020,10.1080/21663831.2018.1523239,P020_SERIES01,P020_MAT_FE50MN30CO10CR10,P020_MC_TRIPHEA_INSITU,P020_OBS_PRIMARY,P020_OBS_PRIMARY,Reported_Elongation_pct,34.0,%,DIRECT_SOURCE_RAW_BASIS,"Experimental section and Figs.1-4, pp.621-625",Tensile loading; source stress/strain basis preserved,High,VERIFIED,EXPERIMENTAL,https://doi.org/10.1080/21663831.2018.1523239,MASTER_FIELD_MAPPING
P020,10.1080/21663831.2018.1523239,P020_SERIES01,P020_MAT_FE50MN30CO10CR10,P020_MC_TRIPHEA_INSITU,P020_OBS_PRIMARY,P020_OBS_PRIMARY,Strain_Basis_Status,Figure uses macro true stress/true strain; text reports 'elongation 34%'. Preserve source wording and do not convert.,as reported,DIRECT_SOURCE_RAW_BASIS,"Experimental section and Figs.1-4, pp.621-625",Tensile loading; source stress/strain basis preserved,High,VERIFIED,EXPERIMENTAL,https://doi.org/10.1080/21663831.2018.1523239,MASTER_FIELD_MAPPING
P020,10.1080/21663831.2018.1523239,P020_SERIES01,P020_MAT_FE50MN30CO10CR10,P020_MC_TRIPHEA_INSITU,P020_OBS_PRIMARY,P020_OBS_PRIMARY,Target_Status,VERIFIED_JOINT,as reported,DIRECT_CONDITION_OR_STAGE_EVIDENCE,"Experimental section and Figs.1-4, pp.621-625",Real-time in-situ neutron diffraction and source interpretation,High,VERIFIED,EXPERIMENTAL,https://doi.org/10.1080/21663831.2018.1523239,MASTER_FIELD_MAPPING
P020,10.1080/21663831.2018.1523239,P020_SERIES01,P020_MAT_FE50MN30CO10CR10,P020_MC_TRIPHEA_INSITU,P020_OBS_PRIMARY,P020_OBS_PRIMARY,TRIP_Parent_Phase,FCC,as reported,DIRECT_CONDITION_OR_STAGE_EVIDENCE,"Experimental section and Figs.1-4, pp.621-625",Real-time in-situ neutron diffraction and source interpretation,High,VERIFIED,EXPERIMENTAL,https://doi.org/10.1080/21663831.2018.1523239,MASTER_FIELD_MAPPING
P020,10.1080/21663831.2018.1523239,P020_SERIES01,P020_MAT_FE50MN30CO10CR10,P020_MC_TRIPHEA_INSITU,P020_OBS_PRIMARY,P020_OBS_PRIMARY,TRIP_Product_Phase,HCP,as reported,DIRECT_CONDITION_OR_STAGE_EVIDENCE,"Experimental section and Figs.1-4, pp.621-625",Real-time in-situ neutron diffraction and source interpretation,High,VERIFIED,EXPERIMENTAL,https://doi.org/10.1080/21663831.2018.1523239,MASTER_FIELD_MAPPING
P020,10.1080/21663831.2018.1523239,P020_SERIES01,P020_MAT_FE50MN30CO10CR10,P020_MC_TRIPHEA_INSITU,P020_OBS_PRIMARY,P020_OBS_PRIMARY,TWIP_Phase,HCP,as reported,DIRECT_CONDITION_OR_STAGE_EVIDENCE,"Experimental section and Figs.1-4, pp.621-625",Real-time in-situ neutron diffraction and source interpretation,High,VERIFIED,EXPERIMENTAL,https://doi.org/10.1080/21663831.2018.1523239,MASTER_FIELD_MAPPING
P020,10.1080/21663831.2018.1523239,P020_SERIES01,P020_MAT_FE50MN30CO10CR10,P020_MC_TRIPHEA_INSITU,P020_OBS_PRIMARY,P020_OBS_PRIMARY,TWIP_Mode,HCP_TENSILE_AND_COMPRESSION_TWINNING,as reported,DIRECT_CONDITION_OR_STAGE_EVIDENCE,"Experimental section and Figs.1-4, pp.621-625",Real-time in-situ neutron diffraction and source interpretation,High,VERIFIED,EXPERIMENTAL,https://doi.org/10.1080/21663831.2018.1523239,MASTER_FIELD_MAPPING
P020,10.1080/21663831.2018.1523239,P020_SERIES01,P020_MAT_FE50MN30CO10CR10,P020_MC_TRIPHEA_INSITU,P020_OBS_PRIMARY,P020_OBS_PRIMARY,Slip_Evidence_Type,SOURCE_INTERPRETATION_AND_PHASE_SPECIFIC_WORK_HARDENING,as reported,DIRECT_CONDITION_OR_STAGE_EVIDENCE,"Experimental section and Figs.1-4, pp.621-625",Real-time in-situ neutron diffraction and source interpretation,High,VERIFIED,EXPERIMENTAL,https://doi.org/10.1080/21663831.2018.1523239,MASTER_FIELD_MAPPING
P020,10.1080/21663831.2018.1523239,P020_SERIES01,P020_MAT_FE50MN30CO10CR10,P020_MC_TRIPHEA_INSITU,P020_OBS_PRIMARY,P020_OBS_PRIMARY,TRIP_Onset_Macro_Stress_MPa,200.0,MPa,DIRECT_CONDITION_OR_STAGE_EVIDENCE,"Experimental section and Figs.1-4, pp.621-625",Real-time in-situ neutron diffraction and source interpretation,High,VERIFIED,EXPERIMENTAL,https://doi.org/10.1080/21663831.2018.1523239,MASTER_FIELD_MAPPING
P020,10.1080/21663831.2018.1523239,P020_SERIES01,P020_MAT_FE50MN30CO10CR10,P020_MC_TRIPHEA_INSITU,P020_OBS_PRIMARY,P020_OBS_PRIMARY,HCP_Tensile_Twin_Onset_Macro_Stress_MPa,400.0,MPa,DIRECT_CONDITION_OR_STAGE_EVIDENCE,"Experimental section and Figs.1-4, pp.621-625",Real-time in-situ neutron diffraction and source interpretation,High,VERIFIED,EXPERIMENTAL,https://doi.org/10.1080/21663831.2018.1523239,MASTER_FIELD_MAPPING
P020,10.1080/21663831.2018.1523239,P020_SERIES01,P020_MAT_FE50MN30CO10CR10,P020_MC_TRIPHEA_INSITU,P020_OBS_PRIMARY,P020_OBS_PRIMARY,HCP_Multiple_Twin_Onset_Macro_Stress_MPa,730.0,MPa,DIRECT_CONDITION_OR_STAGE_EVIDENCE,"Experimental section and Figs.1-4, pp.621-625",Real-time in-situ neutron diffraction and source interpretation,High,VERIFIED,EXPERIMENTAL,https://doi.org/10.1080/21663831.2018.1523239,MASTER_FIELD_MAPPING
P020,10.1080/21663831.2018.1523239,P020_SERIES01,P020_MAT_FE50MN30CO10CR10,P020_MC_TRIPHEA_INSITU,P020_OBS_PRIMARY,P020_OBS_PRIMARY,HCP_Multiple_Twin_Onset_Macro_Strain_pct,15.0,%,DIRECT_CONDITION_OR_STAGE_EVIDENCE,"Experimental section and Figs.1-4, pp.621-625",Real-time in-situ neutron diffraction and source interpretation,High,VERIFIED,EXPERIMENTAL,https://doi.org/10.1080/21663831.2018.1523239,MASTER_FIELD_MAPPING
P020,10.1080/21663831.2018.1523239,P020_SERIES01,P020_MAT_FE50MN30CO10CR10,P020_MC_TRIPHEA_INSITU,P020_OBS_PRIMARY,P020_OBS_PRIMARY,TRIP_Late_Suppression_Strain_Threshold_pct,25.0,%,DIRECT_CONDITION_OR_STAGE_EVIDENCE,"Experimental section and Figs.1-4, pp.621-625",Real-time in-situ neutron diffraction and source interpretation,High,VERIFIED,EXPERIMENTAL,https://doi.org/10.1080/21663831.2018.1523239,MASTER_FIELD_MAPPING
P020,10.1080/21663831.2018.1523239,P020_SERIES01,P020_MAT_FE50MN30CO10CR10,P020_MC_TRIPHEA_INSITU,P020_OBS_PRIMARY,P020_OBS_PRIMARY,TRIP_Rate_Status,SLOWS_ABOVE_APPROX_25_PERCENT_STRAIN_BUT_REMAINS_ACTIVE_TO_FRACTURE,as reported,DIRECT_CONDITION_OR_STAGE_EVIDENCE,"Experimental section and Figs.1-4, pp.621-625",Real-time in-situ neutron diffraction and source interpretation,High,VERIFIED,EXPERIMENTAL,https://doi.org/10.1080/21663831.2018.1523239,MASTER_FIELD_MAPPING
P020,10.1080/21663831.2018.1523239,P020_SERIES01,P020_MAT_FE50MN30CO10CR10,P020_MC_TRIPHEA_INSITU,P020_OBS_PRIMARY,P020_OBS_PRIMARY,FCC_fraction_at_fracture,0.17,fraction,DIRECT_CONDITION_OR_STAGE_EVIDENCE,"Experimental section and Figs.1-4, pp.621-625",Real-time in-situ neutron diffraction and source interpretation,High,VERIFIED,EXPERIMENTAL,https://doi.org/10.1080/21663831.2018.1523239,MASTER_FIELD_MAPPING
P020,10.1080/21663831.2018.1523239,P020_SERIES01,P020_MAT_FE50MN30CO10CR10,P020_MC_TRIPHEA_INSITU,P020_OBS_PRIMARY,P020_OBS_PRIMARY,HCP_fraction_at_fracture,UNRESOLVED_NA,fraction,DIRECT_CONDITION_OR_STAGE_EVIDENCE,"Experimental section and Figs.1-4, pp.621-625",Real-time in-situ neutron diffraction and source interpretation,High,VERIFIED_NA_NOT_SOURCE_REPORTED_NO_COMPLEMENT_DERIVATION,EXPERIMENTAL,https://doi.org/10.1080/21663831.2018.1523239,MASTER_FIELD_MAPPING
P020,10.1080/21663831.2018.1523239,P020_SERIES01,P020_MAT_FE50MN30CO10CR10,P020_MC_TRIPHEA_INSITU,P020_OBS_PRIMARY,P020_OBS_PRIMARY,Fracture_Phase_Fraction_Status,DIRECT_FCC_ONLY_HCP_COMPLEMENT_NOT_DERIVED,as reported,DIRECT_CONDITION_OR_STAGE_EVIDENCE,"Experimental section and Figs.1-4, pp.621-625",Real-time in-situ neutron diffraction and source interpretation,High,VERIFIED,EXPERIMENTAL,https://doi.org/10.1080/21663831.2018.1523239,MASTER_FIELD_MAPPING
P020,10.1080/21663831.2018.1523239,P020_SERIES01,P020_MAT_FE50MN30CO10CR10,P020_MC_TRIPHEA_INSITU,P020_OBS_PRIMARY,P020_OBS_PRIMARY,Instrument,VULCAN,as reported,DIRECT_METHOD_METADATA,"Experimental section and Figs.1-4, pp.621-625",Real-time in-situ time-of-flight neutron diffraction,High,VERIFIED,EXPERIMENTAL,https://doi.org/10.1080/21663831.2018.1523239,MASTER_FIELD_MAPPING
P020,10.1080/21663831.2018.1523239,P020_SERIES01,P020_MAT_FE50MN30CO10CR10,P020_MC_TRIPHEA_INSITU,P020_OBS_PRIMARY,P020_OBS_PRIMARY,Facility,"Spallation Neutron Source, ORNL",as reported,DIRECT_METHOD_METADATA,"Experimental section and Figs.1-4, pp.621-625",Real-time in-situ time-of-flight neutron diffraction,High,VERIFIED,EXPERIMENTAL,https://doi.org/10.1080/21663831.2018.1523239,MASTER_FIELD_MAPPING
P020,10.1080/21663831.2018.1523239,P020_SERIES01,P020_MAT_FE50MN30CO10CR10,P020_MC_TRIPHEA_INSITU,P020_OBS_PRIMARY,P020_OBS_PRIMARY,Diffraction_Type,Real-time in-situ time-of-flight neutron diffraction,as reported,DIRECT_METHOD_METADATA,"Experimental section and Figs.1-4, pp.621-625",Real-time in-situ time-of-flight neutron diffraction,High,VERIFIED,EXPERIMENTAL,https://doi.org/10.1080/21663831.2018.1523239,MASTER_FIELD_MAPPING
P020,10.1080/21663831.2018.1523239,P020_SERIES01,P020_MAT_FE50MN30CO10CR10,P020_MC_TRIPHEA_INSITU,P020_OBS_PRIMARY,P020_OBS_PRIMARY,Detector_Directions,Loading direction (LD) and transverse direction (TD),as reported,DIRECT_METHOD_METADATA,"Experimental section and Figs.1-4, pp.621-625",Real-time in-situ time-of-flight neutron diffraction,High,VERIFIED,EXPERIMENTAL,https://doi.org/10.1080/21663831.2018.1523239,MASTER_FIELD_MAPPING
P020,10.1080/21663831.2018.1523239,P020_SERIES01,P020_MAT_FE50MN30CO10CR10,P020_MC_TRIPHEA_INSITU,P020_OBS_PRIMARY,P020_OBS_PRIMARY,Detector_Banks,-90 degrees and +90 degrees,as reported,DIRECT_METHOD_METADATA,"Experimental section and Figs.1-4, pp.621-625",Real-time in-situ time-of-flight neutron diffraction,High,VERIFIED,EXPERIMENTAL,https://doi.org/10.1080/21663831.2018.1523239,MASTER_FIELD_MAPPING
P020,10.1080/21663831.2018.1523239,P020_SERIES01,P020_MAT_FE50MN30CO10CR10,P020_MC_TRIPHEA_INSITU,P020_OBS_PRIMARY,P020_OBS_PRIMARY,Phase_Quantification_Method,Rietveld refinement,as reported,DIRECT_METHOD_METADATA,"Experimental section and Figs.1-4, pp.621-625",Real-time in-situ time-of-flight neutron diffraction,High,VERIFIED,EXPERIMENTAL,https://doi.org/10.1080/21663831.2018.1523239,MASTER_FIELD_MAPPING
P020,10.1080/21663831.2018.1523239,P020_SERIES01,P020_MAT_FE50MN30CO10CR10,P020_MC_TRIPHEA_INSITU,P020_OBS_PRIMARY,P020_OBS_PRIMARY,Peak_Analysis_Method,Single-peak fitting,as reported,DIRECT_METHOD_METADATA,"Experimental section and Figs.1-4, pp.621-625",Real-time in-situ time-of-flight neutron diffraction,High,VERIFIED,EXPERIMENTAL,https://doi.org/10.1080/21663831.2018.1523239,MASTER_FIELD_MAPPING
P020,10.1080/21663831.2018.1523239,P020_SERIES01,P020_MAT_FE50MN30CO10CR10,P020_MC_TRIPHEA_INSITU,P020_OBS_PRIMARY,P020_OBS_PRIMARY,Neutron_Measured_Quantities,"Dynamic phase fraction, lattice strain, grain reorientation, mechanism-transition points",as reported,DIRECT_METHOD_METADATA,"Experimental section and Figs.1-4, pp.621-625",Real-time in-situ time-of-flight neutron diffraction,High,VERIFIED,EXPERIMENTAL,https://doi.org/10.1080/21663831.2018.1523239,MASTER_FIELD_MAPPING
P020,10.1080/21663831.2018.1523239,P020_SERIES01,P020_MAT_FE50MN30CO10CR10,P020_MC_TRIPHEA_INSITU,P020_OBS_PRIMARY,P020_OBS_PRIMARY,P020_Target_Semantic_Note,"TWIP is deformation twinning in HCP, not FCC; initial 0.21 HCP is pre-existing and TRIP is assigned from dynamic FCC loss.",as reported,DIRECT_CONDITION_OR_STAGE_EVIDENCE,"Experimental section and Figs.1-4, pp.621-625",Real-time in-situ neutron diffraction and source interpretation,High,VERIFIED,EXPERIMENTAL,https://doi.org/10.1080/21663831.2018.1523239,MASTER_FIELD_MAPPING
P020,10.1080/21663831.2018.1523239,P020_SERIES01,P020_MAT_FE50MN30CO10CR10,,P020_STAGE_I_ELASTIC,P020_STAGE_I_ELASTIC,Paper_ID,P020,as reported,SOURCE_IDENTITY,Fig.4 / p.624,Verified workbook and publisher DOI identity,High,VERIFIED,EXPERIMENTAL,https://doi.org/10.1080/21663831.2018.1523239,MASTER_FIELD_MAPPING
P020,10.1080/21663831.2018.1523239,P020_SERIES01,P020_MAT_FE50MN30CO10CR10,,P020_STAGE_I_ELASTIC,P020_STAGE_I_ELASTIC,DOI,10.1080/21663831.2018.1523239,as reported,SOURCE_IDENTITY,Fig.4 / p.624,Verified workbook and publisher DOI identity,High,VERIFIED,EXPERIMENTAL,https://doi.org/10.1080/21663831.2018.1523239,MASTER_FIELD_MAPPING
P020,10.1080/21663831.2018.1523239,P020_SERIES01,P020_MAT_FE50MN30CO10CR10,,P020_STAGE_I_ELASTIC,P020_STAGE_I_ELASTIC,Paper_Title,Deformation mechanisms and work-hardening behavior of transformation-induced plasticity high entropy alloys by in-situ neutron diffraction,as reported,SOURCE_IDENTITY,Fig.4 / p.624,Verified workbook and publisher DOI identity,High,VERIFIED,EXPERIMENTAL,https://doi.org/10.1080/21663831.2018.1523239,MASTER_FIELD_MAPPING
P020,10.1080/21663831.2018.1523239,P020_SERIES01,P020_MAT_FE50MN30CO10CR10,,P020_STAGE_I_ELASTIC,P020_STAGE_I_ELASTIC,Condition_ID,P020_STAGE_I_ELASTIC,as reported,HIERARCHY_INTEGRATION,Fig.4 / p.624,Source-defined condition hierarchy,High,VERIFIED,EXPERIMENTAL,https://doi.org/10.1080/21663831.2018.1523239,MASTER_FIELD_MAPPING
P020,10.1080/21663831.2018.1523239,P020_SERIES01,P020_MAT_FE50MN30CO10CR10,,P020_STAGE_I_ELASTIC,P020_STAGE_I_ELASTIC,Experiment_Group_ID,P020_SERIES01,as reported,HIERARCHY_INTEGRATION,Fig.4 / p.624,Source-defined condition hierarchy,High,VERIFIED,EXPERIMENTAL,https://doi.org/10.1080/21663831.2018.1523239,MASTER_FIELD_MAPPING
P020,10.1080/21663831.2018.1523239,P020_SERIES01,P020_MAT_FE50MN30CO10CR10,,P020_STAGE_I_ELASTIC,P020_STAGE_I_ELASTIC,Row_Type,Correlated real-time in-situ neutron observation,as reported,HIERARCHY_INTEGRATION,Fig.4 / p.624,Source-defined condition hierarchy,High,VERIFIED,EXPERIMENTAL,https://doi.org/10.1080/21663831.2018.1523239,MASTER_FIELD_MAPPING
P020,10.1080/21663831.2018.1523239,P020_SERIES01,P020_MAT_FE50MN30CO10CR10,,P020_STAGE_I_ELASTIC,P020_STAGE_I_ELASTIC,Alloy_ID,Fe50Mn30Co10Cr10,as reported,DIRECT_TEXT_OR_VERIFIED_NA,Fig.4 / p.624,Source text; C-to-K representation only where required by existing field,High,VERIFIED,EXPERIMENTAL,https://doi.org/10.1080/21663831.2018.1523239,MASTER_FIELD_MAPPING
P020,10.1080/21663831.2018.1523239,P020_SERIES01,P020_MAT_FE50MN30CO10CR10,,P020_STAGE_I_ELASTIC,P020_STAGE_I_ELASTIC,Original_Composition,Fe50Mn30Co10Cr10,as reported,DIRECT_TEXT_OR_VERIFIED_NA,Fig.4 / p.624,Source text; C-to-K representation only where required by existing field,High,VERIFIED,EXPERIMENTAL,https://doi.org/10.1080/21663831.2018.1523239,MASTER_FIELD_MAPPING
P020,10.1080/21663831.2018.1523239,P020_SERIES01,P020_MAT_FE50MN30CO10CR10,,P020_STAGE_I_ELASTIC,P020_STAGE_I_ELASTIC,Composition_basis,at.% nominal,as reported,DIRECT_TEXT_OR_VERIFIED_NA,Fig.4 / p.624,Source text; C-to-K representation only where required by existing field,High,VERIFIED,EXPERIMENTAL,https://doi.org/10.1080/21663831.2018.1523239,MASTER_FIELD_MAPPING
P020,10.1080/21663831.2018.1523239,P020_SERIES01,P020_MAT_FE50MN30CO10CR10,,P020_STAGE_I_ELASTIC,P020_STAGE_I_ELASTIC,Characterization_methods,Real-time in-situ time-of-flight neutron diffraction,as reported,DIRECT_METHOD_METADATA,Fig.4 / p.624,Real-time in-situ time-of-flight neutron diffraction,High,VERIFIED,EXPERIMENTAL,https://doi.org/10.1080/21663831.2018.1523239,MASTER_FIELD_MAPPING
P020,10.1080/21663831.2018.1523239,P020_SERIES01,P020_MAT_FE50MN30CO10CR10,,P020_STAGE_I_ELASTIC,P020_STAGE_I_ELASTIC,Source_location,Fig.4 / p.624,as reported,DIRECT_CONDITION_OR_STAGE_EVIDENCE,Fig.4 / p.624,Real-time in-situ neutron diffraction and source interpretation,High,VERIFIED,EXPERIMENTAL,https://doi.org/10.1080/21663831.2018.1523239,MASTER_FIELD_MAPPING
P020,10.1080/21663831.2018.1523239,P020_SERIES01,P020_MAT_FE50MN30CO10CR10,,P020_STAGE_I_ELASTIC,P020_STAGE_I_ELASTIC,Parent_Experiment_ID,P020_MC_TRIPHEA_INSITU,as reported,HIERARCHY_INTEGRATION,Fig.4 / p.624,Source-defined condition hierarchy,High,VERIFIED,EXPERIMENTAL,https://doi.org/10.1080/21663831.2018.1523239,MASTER_FIELD_MAPPING
P020,10.1080/21663831.2018.1523239,P020_SERIES01,P020_MAT_FE50MN30CO10CR10,,P020_STAGE_I_ELASTIC,P020_STAGE_I_ELASTIC,Observation_ID,P020_STAGE_I_ELASTIC,as reported,HIERARCHY_INTEGRATION,Fig.4 / p.624,Source-defined condition hierarchy,High,VERIFIED,EXPERIMENTAL,https://doi.org/10.1080/21663831.2018.1523239,MASTER_FIELD_MAPPING
P020,10.1080/21663831.2018.1523239,P020_SERIES01,P020_MAT_FE50MN30CO10CR10,,P020_STAGE_I_ELASTIC,P020_STAGE_I_ELASTIC,Data_Origin,EXPERIMENTAL,as reported,SOURCE_IDENTITY,Fig.4 / p.624,Verified workbook and publisher DOI identity,High,VERIFIED,EXPERIMENTAL,https://doi.org/10.1080/21663831.2018.1523239,MASTER_FIELD_MAPPING
P020,10.1080/21663831.2018.1523239,P020_SERIES01,P020_MAT_FE50MN30CO10CR10,,P020_STAGE_I_ELASTIC,P020_STAGE_I_ELASTIC,Observation_Role,CORRELATED_IN_SITU_STAGE,as reported,HIERARCHY_INTEGRATION,Fig.4 / p.624,Source-defined condition hierarchy,High,VERIFIED,EXPERIMENTAL,https://doi.org/10.1080/21663831.2018.1523239,MASTER_FIELD_MAPPING
P020,10.1080/21663831.2018.1523239,P020_SERIES01,P020_MAT_FE50MN30CO10CR10,,P020_STAGE_I_ELASTIC,P020_STAGE_I_ELASTIC,Deformation_Stage_ID,P020_STAGE_I_ELASTIC,as reported,HIERARCHY_INTEGRATION,Fig.4 / p.624,Source-defined condition hierarchy,High,VERIFIED,EXPERIMENTAL,https://doi.org/10.1080/21663831.2018.1523239,MASTER_FIELD_MAPPING
P020,10.1080/21663831.2018.1523239,P020_SERIES01,P020_MAT_FE50MN30CO10CR10,,P020_STAGE_I_ELASTIC,P020_STAGE_I_ELASTIC,Grouping_Review_Required,False,as reported,HIERARCHY_INTEGRATION,Fig.4 / p.624,Source-defined condition hierarchy,High,VERIFIED,EXPERIMENTAL,https://doi.org/10.1080/21663831.2018.1523239,MASTER_FIELD_MAPPING
P020,10.1080/21663831.2018.1523239,P020_SERIES01,P020_MAT_FE50MN30CO10CR10,,P020_STAGE_I_ELASTIC,P020_STAGE_I_ELASTIC,Grouping_Confidence,HIGH,as reported,HIERARCHY_INTEGRATION,Fig.4 / p.624,Source-defined condition hierarchy,High,VERIFIED,EXPERIMENTAL,https://doi.org/10.1080/21663831.2018.1523239,MASTER_FIELD_MAPPING
P020,10.1080/21663831.2018.1523239,P020_SERIES01,P020_MAT_FE50MN30CO10CR10,,P020_STAGE_I_ELASTIC,P020_STAGE_I_ELASTIC,Grouping_Reason,Correlated observation from parent in-situ tensile condition,as reported,HIERARCHY_INTEGRATION,Fig.4 / p.624,Source-defined condition hierarchy,High,VERIFIED,EXPERIMENTAL,https://doi.org/10.1080/21663831.2018.1523239,MASTER_FIELD_MAPPING
P020,10.1080/21663831.2018.1523239,P020_SERIES01,P020_MAT_FE50MN30CO10CR10,,P020_STAGE_I_ELASTIC,P020_STAGE_I_ELASTIC,Study_Series_ID,P020_SERIES01,as reported,HIERARCHY_INTEGRATION,Fig.4 / p.624,Source-defined condition hierarchy,High,VERIFIED,EXPERIMENTAL,https://doi.org/10.1080/21663831.2018.1523239,MASTER_FIELD_MAPPING
P020,10.1080/21663831.2018.1523239,P020_SERIES01,P020_MAT_FE50MN30CO10CR10,,P020_STAGE_I_ELASTIC,P020_STAGE_I_ELASTIC,Material_Parent_ID,P020_MAT_FE50MN30CO10CR10,as reported,HIERARCHY_INTEGRATION,Fig.4 / p.624,Source-defined condition hierarchy,High,VERIFIED,EXPERIMENTAL,https://doi.org/10.1080/21663831.2018.1523239,MASTER_FIELD_MAPPING
P020,10.1080/21663831.2018.1523239,P020_SERIES01,P020_MAT_FE50MN30CO10CR10,,P020_STAGE_I_ELASTIC,P020_STAGE_I_ELASTIC,Leakage_Group_Strict,P020_SERIES01,as reported,HIERARCHY_INTEGRATION,Fig.4 / p.624,Source-defined condition hierarchy,High,VERIFIED,EXPERIMENTAL,https://doi.org/10.1080/21663831.2018.1523239,MASTER_FIELD_MAPPING
P020,10.1080/21663831.2018.1523239,P020_SERIES01,P020_MAT_FE50MN30CO10CR10,,P020_STAGE_I_ELASTIC,P020_STAGE_I_ELASTIC,Leakage_Group_Material,P020_MAT_FE50MN30CO10CR10,as reported,HIERARCHY_INTEGRATION,Fig.4 / p.624,Source-defined condition hierarchy,High,VERIFIED,EXPERIMENTAL,https://doi.org/10.1080/21663831.2018.1523239,MASTER_FIELD_MAPPING
P020,10.1080/21663831.2018.1523239,P020_SERIES01,P020_MAT_FE50MN30CO10CR10,,P020_STAGE_I_ELASTIC,P020_STAGE_I_ELASTIC,Parent_ML_Condition_ID,P020_MC_TRIPHEA_INSITU,as reported,HIERARCHY_INTEGRATION,Fig.4 / p.624,Source-defined condition hierarchy,High,VERIFIED,EXPERIMENTAL,https://doi.org/10.1080/21663831.2018.1523239,MASTER_FIELD_MAPPING
P020,10.1080/21663831.2018.1523239,P020_SERIES01,P020_MAT_FE50MN30CO10CR10,,P020_STAGE_I_ELASTIC,P020_STAGE_I_ELASTIC,Independent_ML_sample,False,as reported,HIERARCHY_INTEGRATION,Fig.4 / p.624,Source-defined condition hierarchy,High,VERIFIED,EXPERIMENTAL,https://doi.org/10.1080/21663831.2018.1523239,MASTER_FIELD_MAPPING
P020,10.1080/21663831.2018.1523239,P020_SERIES01,P020_MAT_FE50MN30CO10CR10,,P020_STAGE_I_ELASTIC,P020_STAGE_I_ELASTIC,TWIP_at_stage,0,binary,DIRECT_CONDITION_OR_STAGE_EVIDENCE,Fig.4 / p.624,Real-time in-situ neutron diffraction and source interpretation,High,VERIFIED,EXPERIMENTAL,https://doi.org/10.1080/21663831.2018.1523239,MASTER_FIELD_MAPPING
P020,10.1080/21663831.2018.1523239,P020_SERIES01,P020_MAT_FE50MN30CO10CR10,,P020_STAGE_I_ELASTIC,P020_STAGE_I_ELASTIC,TRIP_at_stage,0,binary,DIRECT_CONDITION_OR_STAGE_EVIDENCE,Fig.4 / p.624,Real-time in-situ neutron diffraction and source interpretation,High,VERIFIED,EXPERIMENTAL,https://doi.org/10.1080/21663831.2018.1523239,MASTER_FIELD_MAPPING
P020,10.1080/21663831.2018.1523239,P020_SERIES01,P020_MAT_FE50MN30CO10CR10,,P020_STAGE_I_ELASTIC,P020_STAGE_I_ELASTIC,Slip_at_stage,0,binary,DIRECT_CONDITION_OR_STAGE_EVIDENCE,Fig.4 / p.624,Real-time in-situ neutron diffraction and source interpretation,High,VERIFIED,EXPERIMENTAL,https://doi.org/10.1080/21663831.2018.1523239,MASTER_FIELD_MAPPING
P020,10.1080/21663831.2018.1523239,P020_SERIES01,P020_MAT_FE50MN30CO10CR10,,P020_STAGE_I_ELASTIC,P020_STAGE_I_ELASTIC,Independent_Experimental_ML_sample,False,as reported,HIERARCHY_INTEGRATION,Fig.4 / p.624,Source-defined condition hierarchy,High,VERIFIED,EXPERIMENTAL,https://doi.org/10.1080/21663831.2018.1523239,MASTER_FIELD_MAPPING
P020,10.1080/21663831.2018.1523239,P020_SERIES01,P020_MAT_FE50MN30CO10CR10,,P020_STAGE_I_ELASTIC,P020_STAGE_I_ELASTIC,Experimental_Target_Eligibility,False,as reported,HIERARCHY_INTEGRATION,Fig.4 / p.624,Source-defined condition hierarchy,High,VERIFIED,EXPERIMENTAL,https://doi.org/10.1080/21663831.2018.1523239,MASTER_FIELD_MAPPING
P020,10.1080/21663831.2018.1523239,P020_SERIES01,P020_MAT_FE50MN30CO10CR10,,P020_STAGE_I_ELASTIC,P020_STAGE_I_ELASTIC,Target_Evidence_Confidence,High,as reported,DIRECT_CONDITION_OR_STAGE_EVIDENCE,Fig.4 / p.624,Real-time in-situ neutron diffraction and source interpretation,High,VERIFIED,EXPERIMENTAL,https://doi.org/10.1080/21663831.2018.1523239,MASTER_FIELD_MAPPING
P020,10.1080/21663831.2018.1523239,P020_SERIES01,P020_MAT_FE50MN30CO10CR10,,P020_STAGE_I_ELASTIC,P020_STAGE_I_ELASTIC,Stage_Method,Real-time in-situ time-of-flight neutron diffraction,as reported,DIRECT_CONDITION_OR_STAGE_EVIDENCE,Fig.4 / p.624,Real-time in-situ neutron diffraction and source interpretation,High,VERIFIED,EXPERIMENTAL,https://doi.org/10.1080/21663831.2018.1523239,MASTER_FIELD_MAPPING
P020,10.1080/21663831.2018.1523239,P020_SERIES01,P020_MAT_FE50MN30CO10CR10,,P020_STAGE_I_ELASTIC,P020_STAGE_I_ELASTIC,P020_Record_Role,RECOVERED_CORRELATED_IN_SITU_STAGE,as reported,HIERARCHY_INTEGRATION,Fig.4 / p.624,Source-defined condition hierarchy,High,VERIFIED,EXPERIMENTAL,https://doi.org/10.1080/21663831.2018.1523239,MASTER_FIELD_MAPPING
P020,10.1080/21663831.2018.1523239,P020_SERIES01,P020_MAT_FE50MN30CO10CR10,,P020_STAGE_I_ELASTIC,P020_STAGE_I_ELASTIC,P020_Target_Status,STAGE_SPECIFIC_SUPPORT_NOT_CONDITION_LABEL,as reported,DIRECT_CONDITION_OR_STAGE_EVIDENCE,Fig.4 / p.624,Real-time in-situ neutron diffraction and source interpretation,High,VERIFIED,EXPERIMENTAL,https://doi.org/10.1080/21663831.2018.1523239,MASTER_FIELD_MAPPING
P020,10.1080/21663831.2018.1523239,P020_SERIES01,P020_MAT_FE50MN30CO10CR10,,P020_STAGE_I_ELASTIC,P020_STAGE_I_ELASTIC,P020_Source_Identity_Status,VERIFIED_PDF_AND_PUBLISHER_DOI_MATCH,as reported,SOURCE_IDENTITY,Fig.4 / p.624,Verified workbook and publisher DOI identity,High,VERIFIED,EXPERIMENTAL,https://doi.org/10.1080/21663831.2018.1523239,MASTER_FIELD_MAPPING
P020,10.1080/21663831.2018.1523239,P020_SERIES01,P020_MAT_FE50MN30CO10CR10,,P020_STAGE_I_ELASTIC,P020_STAGE_I_ELASTIC,P020_QC_Status,PENDING_GLOBAL_QC_SCHEMA_SPLIT_REFRESH,as reported,HIERARCHY_INTEGRATION,Fig.4 / p.624,Source-defined condition hierarchy,High,VERIFIED,EXPERIMENTAL,https://doi.org/10.1080/21663831.2018.1523239,MASTER_FIELD_MAPPING
P020,10.1080/21663831.2018.1523239,P020_SERIES01,P020_MAT_FE50MN30CO10CR10,,P020_STAGE_I_ELASTIC,P020_STAGE_I_ELASTIC,Journal,Materials Research Letters,as reported,SOURCE_IDENTITY,Fig.4 / p.624,Verified workbook and publisher DOI identity,High,VERIFIED,EXPERIMENTAL,https://doi.org/10.1080/21663831.2018.1523239,MASTER_FIELD_MAPPING
P020,10.1080/21663831.2018.1523239,P020_SERIES01,P020_MAT_FE50MN30CO10CR10,,P020_STAGE_I_ELASTIC,P020_STAGE_I_ELASTIC,Volume,6,as reported,SOURCE_IDENTITY,Fig.4 / p.624,Verified workbook and publisher DOI identity,High,VERIFIED,EXPERIMENTAL,https://doi.org/10.1080/21663831.2018.1523239,MASTER_FIELD_MAPPING
P020,10.1080/21663831.2018.1523239,P020_SERIES01,P020_MAT_FE50MN30CO10CR10,,P020_STAGE_I_ELASTIC,P020_STAGE_I_ELASTIC,Issue,11,as reported,SOURCE_IDENTITY,Fig.4 / p.624,Verified workbook and publisher DOI identity,High,VERIFIED,EXPERIMENTAL,https://doi.org/10.1080/21663831.2018.1523239,MASTER_FIELD_MAPPING
P020,10.1080/21663831.2018.1523239,P020_SERIES01,P020_MAT_FE50MN30CO10CR10,,P020_STAGE_I_ELASTIC,P020_STAGE_I_ELASTIC,Pages,620-626,as reported,SOURCE_IDENTITY,Fig.4 / p.624,Verified workbook and publisher DOI identity,High,VERIFIED,EXPERIMENTAL,https://doi.org/10.1080/21663831.2018.1523239,MASTER_FIELD_MAPPING
P020,10.1080/21663831.2018.1523239,P020_SERIES01,P020_MAT_FE50MN30CO10CR10,,P020_STAGE_I_ELASTIC,P020_STAGE_I_ELASTIC,Publication_Year,2018,as reported,SOURCE_IDENTITY,Fig.4 / p.624,Verified workbook and publisher DOI identity,High,VERIFIED,EXPERIMENTAL,https://doi.org/10.1080/21663831.2018.1523239,MASTER_FIELD_MAPPING
P020,10.1080/21663831.2018.1523239,P020_SERIES01,P020_MAT_FE50MN30CO10CR10,,P020_STAGE_I_ELASTIC,P020_STAGE_I_ELASTIC,Source_URL,https://doi.org/10.1080/21663831.2018.1523239,as reported,SOURCE_IDENTITY,Fig.4 / p.624,Verified workbook and publisher DOI identity,High,VERIFIED,EXPERIMENTAL,https://doi.org/10.1080/21663831.2018.1523239,MASTER_FIELD_MAPPING
P020,10.1080/21663831.2018.1523239,P020_SERIES01,P020_MAT_FE50MN30CO10CR10,,P020_STAGE_I_ELASTIC,P020_STAGE_I_ELASTIC,Alloy_Family_Text,Fe50Mn30Co10Cr10,as reported,DIRECT_TEXT_OR_VERIFIED_NA,Fig.4 / p.624,Source text; C-to-K representation only where required by existing field,High,VERIFIED,EXPERIMENTAL,https://doi.org/10.1080/21663831.2018.1523239,MASTER_FIELD_MAPPING
P020,10.1080/21663831.2018.1523239,P020_SERIES01,P020_MAT_FE50MN30CO10CR10,,P020_STAGE_I_ELASTIC,P020_STAGE_I_ELASTIC,Alloy_Family_Use,GROUPING_AUDIT_ONLY_NOT_PREDICTOR_NOT_SAMPLE_IDENTITY,as reported,DIRECT_TEXT_OR_VERIFIED_NA,Fig.4 / p.624,Source text; C-to-K representation only where required by existing field,High,VERIFIED,EXPERIMENTAL,https://doi.org/10.1080/21663831.2018.1523239,MASTER_FIELD_MAPPING
P020,10.1080/21663831.2018.1523239,P020_SERIES01,P020_MAT_FE50MN30CO10CR10,,P020_STAGE_I_ELASTIC,P020_STAGE_I_ELASTIC,Target_Status,STAGE_SPECIFIC_SUPPORT_NOT_CONDITION_LABEL,as reported,DIRECT_CONDITION_OR_STAGE_EVIDENCE,Fig.4 / p.624,Real-time in-situ neutron diffraction and source interpretation,High,VERIFIED,EXPERIMENTAL,https://doi.org/10.1080/21663831.2018.1523239,MASTER_FIELD_MAPPING
P020,10.1080/21663831.2018.1523239,P020_SERIES01,P020_MAT_FE50MN30CO10CR10,,P020_STAGE_I_ELASTIC,P020_STAGE_I_ELASTIC,Stage_Label,I,as reported,DIRECT_CONDITION_OR_STAGE_EVIDENCE,Fig.4 / p.624,Real-time in-situ neutron diffraction and source interpretation,High,VERIFIED,EXPERIMENTAL,https://doi.org/10.1080/21663831.2018.1523239,MASTER_FIELD_MAPPING
P020,10.1080/21663831.2018.1523239,P020_SERIES01,P020_MAT_FE50MN30CO10CR10,,P020_STAGE_I_ELASTIC,P020_STAGE_I_ELASTIC,Stage_Stress_Range_Raw,0 to approximately 200 MPa,as reported,DIRECT_CONDITION_OR_STAGE_EVIDENCE,Fig.4 / p.624,Real-time in-situ neutron diffraction and source interpretation,High,VERIFIED,EXPERIMENTAL,https://doi.org/10.1080/21663831.2018.1523239,MASTER_FIELD_MAPPING
P020,10.1080/21663831.2018.1523239,P020_SERIES01,P020_MAT_FE50MN30CO10CR10,,P020_STAGE_I_ELASTIC,P020_STAGE_I_ELASTIC,Macro_Stress_MPa,0,MPa,DIRECT_CONDITION_OR_STAGE_EVIDENCE,Fig.4 / p.624,Real-time in-situ neutron diffraction and source interpretation,High,VERIFIED,EXPERIMENTAL,https://doi.org/10.1080/21663831.2018.1523239,MASTER_FIELD_MAPPING
P020,10.1080/21663831.2018.1523239,P020_SERIES01,P020_MAT_FE50MN30CO10CR10,,P020_STAGE_I_ELASTIC,P020_STAGE_I_ELASTIC,Mechanism_Event,FCC and HCP elastic up to ~200 MPa,as reported,DIRECT_CONDITION_OR_STAGE_EVIDENCE,Fig.4 / p.624,Real-time in-situ neutron diffraction and source interpretation,High,VERIFIED,EXPERIMENTAL,https://doi.org/10.1080/21663831.2018.1523239,MASTER_FIELD_MAPPING
P020,10.1080/21663831.2018.1523239,P020_SERIES01,P020_MAT_FE50MN30CO10CR10,,P020_STAGE_I_ELASTIC,P020_STAGE_I_ELASTIC,TRIP_Stage,0,binary,DIRECT_CONDITION_OR_STAGE_EVIDENCE,Fig.4 / p.624,Real-time in-situ neutron diffraction and source interpretation,High,VERIFIED,EXPERIMENTAL,https://doi.org/10.1080/21663831.2018.1523239,MASTER_FIELD_MAPPING
P020,10.1080/21663831.2018.1523239,P020_SERIES01,P020_MAT_FE50MN30CO10CR10,,P020_STAGE_I_ELASTIC,P020_STAGE_I_ELASTIC,TWIP_Stage,0,binary,DIRECT_CONDITION_OR_STAGE_EVIDENCE,Fig.4 / p.624,Real-time in-situ neutron diffraction and source interpretation,High,VERIFIED,EXPERIMENTAL,https://doi.org/10.1080/21663831.2018.1523239,MASTER_FIELD_MAPPING
P020,10.1080/21663831.2018.1523239,P020_SERIES01,P020_MAT_FE50MN30CO10CR10,,P020_STAGE_I_ELASTIC,P020_STAGE_I_ELASTIC,Slip_Stage,0,binary,DIRECT_CONDITION_OR_STAGE_EVIDENCE,Fig.4 / p.624,Real-time in-situ neutron diffraction and source interpretation,High,VERIFIED,EXPERIMENTAL,https://doi.org/10.1080/21663831.2018.1523239,MASTER_FIELD_MAPPING
P020,10.1080/21663831.2018.1523239,P020_SERIES01,P020_MAT_FE50MN30CO10CR10,,P020_STAGE_I_ELASTIC,P020_STAGE_I_ELASTIC,Stage_Evidence_Type,NEUTRON_LATTICE_STRAIN,as reported,DIRECT_CONDITION_OR_STAGE_EVIDENCE,Fig.4 / p.624,Real-time in-situ neutron diffraction and source interpretation,High,VERIFIED,EXPERIMENTAL,https://doi.org/10.1080/21663831.2018.1523239,MASTER_FIELD_MAPPING
P020,10.1080/21663831.2018.1523239,P020_SERIES01,P020_MAT_FE50MN30CO10CR10,,P020_STAGE_I_ELASTIC,P020_STAGE_I_ELASTIC,P020_Target_Semantic_Note,Pre-yield stage-specific zeros only; never condition-level negatives.,as reported,DIRECT_CONDITION_OR_STAGE_EVIDENCE,Fig.4 / p.624,Real-time in-situ neutron diffraction and source interpretation,High,VERIFIED,EXPERIMENTAL,https://doi.org/10.1080/21663831.2018.1523239,MASTER_FIELD_MAPPING
P020,10.1080/21663831.2018.1523239,P020_SERIES01,P020_MAT_FE50MN30CO10CR10,,P020_STAGE_TRIP_ONSET,P020_STAGE_TRIP_ONSET,Paper_ID,P020,as reported,SOURCE_IDENTITY,"Fig.2 and Fig.4 / pp.622,624",Verified workbook and publisher DOI identity,High,VERIFIED,EXPERIMENTAL,https://doi.org/10.1080/21663831.2018.1523239,MASTER_FIELD_MAPPING
P020,10.1080/21663831.2018.1523239,P020_SERIES01,P020_MAT_FE50MN30CO10CR10,,P020_STAGE_TRIP_ONSET,P020_STAGE_TRIP_ONSET,DOI,10.1080/21663831.2018.1523239,as reported,SOURCE_IDENTITY,"Fig.2 and Fig.4 / pp.622,624",Verified workbook and publisher DOI identity,High,VERIFIED,EXPERIMENTAL,https://doi.org/10.1080/21663831.2018.1523239,MASTER_FIELD_MAPPING
P020,10.1080/21663831.2018.1523239,P020_SERIES01,P020_MAT_FE50MN30CO10CR10,,P020_STAGE_TRIP_ONSET,P020_STAGE_TRIP_ONSET,Paper_Title,Deformation mechanisms and work-hardening behavior of transformation-induced plasticity high entropy alloys by in-situ neutron diffraction,as reported,SOURCE_IDENTITY,"Fig.2 and Fig.4 / pp.622,624",Verified workbook and publisher DOI identity,High,VERIFIED,EXPERIMENTAL,https://doi.org/10.1080/21663831.2018.1523239,MASTER_FIELD_MAPPING
P020,10.1080/21663831.2018.1523239,P020_SERIES01,P020_MAT_FE50MN30CO10CR10,,P020_STAGE_TRIP_ONSET,P020_STAGE_TRIP_ONSET,Condition_ID,P020_STAGE_TRIP_ONSET,as reported,HIERARCHY_INTEGRATION,"Fig.2 and Fig.4 / pp.622,624",Source-defined condition hierarchy,High,VERIFIED,EXPERIMENTAL,https://doi.org/10.1080/21663831.2018.1523239,MASTER_FIELD_MAPPING
P020,10.1080/21663831.2018.1523239,P020_SERIES01,P020_MAT_FE50MN30CO10CR10,,P020_STAGE_TRIP_ONSET,P020_STAGE_TRIP_ONSET,Experiment_Group_ID,P020_SERIES01,as reported,HIERARCHY_INTEGRATION,"Fig.2 and Fig.4 / pp.622,624",Source-defined condition hierarchy,High,VERIFIED,EXPERIMENTAL,https://doi.org/10.1080/21663831.2018.1523239,MASTER_FIELD_MAPPING
P020,10.1080/21663831.2018.1523239,P020_SERIES01,P020_MAT_FE50MN30CO10CR10,,P020_STAGE_TRIP_ONSET,P020_STAGE_TRIP_ONSET,Row_Type,Correlated real-time in-situ neutron observation,as reported,HIERARCHY_INTEGRATION,"Fig.2 and Fig.4 / pp.622,624",Source-defined condition hierarchy,High,VERIFIED,EXPERIMENTAL,https://doi.org/10.1080/21663831.2018.1523239,MASTER_FIELD_MAPPING
P020,10.1080/21663831.2018.1523239,P020_SERIES01,P020_MAT_FE50MN30CO10CR10,,P020_STAGE_TRIP_ONSET,P020_STAGE_TRIP_ONSET,Alloy_ID,Fe50Mn30Co10Cr10,as reported,DIRECT_TEXT_OR_VERIFIED_NA,"Fig.2 and Fig.4 / pp.622,624",Source text; C-to-K representation only where required by existing field,High,VERIFIED,EXPERIMENTAL,https://doi.org/10.1080/21663831.2018.1523239,MASTER_FIELD_MAPPING
P020,10.1080/21663831.2018.1523239,P020_SERIES01,P020_MAT_FE50MN30CO10CR10,,P020_STAGE_TRIP_ONSET,P020_STAGE_TRIP_ONSET,Original_Composition,Fe50Mn30Co10Cr10,as reported,DIRECT_TEXT_OR_VERIFIED_NA,"Fig.2 and Fig.4 / pp.622,624",Source text; C-to-K representation only where required by existing field,High,VERIFIED,EXPERIMENTAL,https://doi.org/10.1080/21663831.2018.1523239,MASTER_FIELD_MAPPING
P020,10.1080/21663831.2018.1523239,P020_SERIES01,P020_MAT_FE50MN30CO10CR10,,P020_STAGE_TRIP_ONSET,P020_STAGE_TRIP_ONSET,Composition_basis,at.% nominal,as reported,DIRECT_TEXT_OR_VERIFIED_NA,"Fig.2 and Fig.4 / pp.622,624",Source text; C-to-K representation only where required by existing field,High,VERIFIED,EXPERIMENTAL,https://doi.org/10.1080/21663831.2018.1523239,MASTER_FIELD_MAPPING
P020,10.1080/21663831.2018.1523239,P020_SERIES01,P020_MAT_FE50MN30CO10CR10,,P020_STAGE_TRIP_ONSET,P020_STAGE_TRIP_ONSET,Characterization_methods,Real-time in-situ time-of-flight neutron diffraction,as reported,DIRECT_METHOD_METADATA,"Fig.2 and Fig.4 / pp.622,624",Real-time in-situ time-of-flight neutron diffraction,High,VERIFIED,EXPERIMENTAL,https://doi.org/10.1080/21663831.2018.1523239,MASTER_FIELD_MAPPING
P020,10.1080/21663831.2018.1523239,P020_SERIES01,P020_MAT_FE50MN30CO10CR10,,P020_STAGE_TRIP_ONSET,P020_STAGE_TRIP_ONSET,Source_location,"Fig.2 and Fig.4 / pp.622,624",as reported,DIRECT_CONDITION_OR_STAGE_EVIDENCE,"Fig.2 and Fig.4 / pp.622,624",Real-time in-situ neutron diffraction and source interpretation,High,VERIFIED,EXPERIMENTAL,https://doi.org/10.1080/21663831.2018.1523239,MASTER_FIELD_MAPPING
P020,10.1080/21663831.2018.1523239,P020_SERIES01,P020_MAT_FE50MN30CO10CR10,,P020_STAGE_TRIP_ONSET,P020_STAGE_TRIP_ONSET,Parent_Experiment_ID,P020_MC_TRIPHEA_INSITU,as reported,HIERARCHY_INTEGRATION,"Fig.2 and Fig.4 / pp.622,624",Source-defined condition hierarchy,High,VERIFIED,EXPERIMENTAL,https://doi.org/10.1080/21663831.2018.1523239,MASTER_FIELD_MAPPING
P020,10.1080/21663831.2018.1523239,P020_SERIES01,P020_MAT_FE50MN30CO10CR10,,P020_STAGE_TRIP_ONSET,P020_STAGE_TRIP_ONSET,Observation_ID,P020_STAGE_TRIP_ONSET,as reported,HIERARCHY_INTEGRATION,"Fig.2 and Fig.4 / pp.622,624",Source-defined condition hierarchy,High,VERIFIED,EXPERIMENTAL,https://doi.org/10.1080/21663831.2018.1523239,MASTER_FIELD_MAPPING
P020,10.1080/21663831.2018.1523239,P020_SERIES01,P020_MAT_FE50MN30CO10CR10,,P020_STAGE_TRIP_ONSET,P020_STAGE_TRIP_ONSET,Data_Origin,EXPERIMENTAL,as reported,SOURCE_IDENTITY,"Fig.2 and Fig.4 / pp.622,624",Verified workbook and publisher DOI identity,High,VERIFIED,EXPERIMENTAL,https://doi.org/10.1080/21663831.2018.1523239,MASTER_FIELD_MAPPING
P020,10.1080/21663831.2018.1523239,P020_SERIES01,P020_MAT_FE50MN30CO10CR10,,P020_STAGE_TRIP_ONSET,P020_STAGE_TRIP_ONSET,Observation_Role,CORRELATED_IN_SITU_STAGE,as reported,HIERARCHY_INTEGRATION,"Fig.2 and Fig.4 / pp.622,624",Source-defined condition hierarchy,High,VERIFIED,EXPERIMENTAL,https://doi.org/10.1080/21663831.2018.1523239,MASTER_FIELD_MAPPING
P020,10.1080/21663831.2018.1523239,P020_SERIES01,P020_MAT_FE50MN30CO10CR10,,P020_STAGE_TRIP_ONSET,P020_STAGE_TRIP_ONSET,Deformation_Stage_ID,P020_STAGE_TRIP_ONSET,as reported,HIERARCHY_INTEGRATION,"Fig.2 and Fig.4 / pp.622,624",Source-defined condition hierarchy,High,VERIFIED,EXPERIMENTAL,https://doi.org/10.1080/21663831.2018.1523239,MASTER_FIELD_MAPPING
P020,10.1080/21663831.2018.1523239,P020_SERIES01,P020_MAT_FE50MN30CO10CR10,,P020_STAGE_TRIP_ONSET,P020_STAGE_TRIP_ONSET,Grouping_Review_Required,False,as reported,HIERARCHY_INTEGRATION,"Fig.2 and Fig.4 / pp.622,624",Source-defined condition hierarchy,High,VERIFIED,EXPERIMENTAL,https://doi.org/10.1080/21663831.2018.1523239,MASTER_FIELD_MAPPING
P020,10.1080/21663831.2018.1523239,P020_SERIES01,P020_MAT_FE50MN30CO10CR10,,P020_STAGE_TRIP_ONSET,P020_STAGE_TRIP_ONSET,Grouping_Confidence,HIGH,as reported,HIERARCHY_INTEGRATION,"Fig.2 and Fig.4 / pp.622,624",Source-defined condition hierarchy,High,VERIFIED,EXPERIMENTAL,https://doi.org/10.1080/21663831.2018.1523239,MASTER_FIELD_MAPPING
P020,10.1080/21663831.2018.1523239,P020_SERIES01,P020_MAT_FE50MN30CO10CR10,,P020_STAGE_TRIP_ONSET,P020_STAGE_TRIP_ONSET,Grouping_Reason,Correlated observation from parent in-situ tensile condition,as reported,HIERARCHY_INTEGRATION,"Fig.2 and Fig.4 / pp.622,624",Source-defined condition hierarchy,High,VERIFIED,EXPERIMENTAL,https://doi.org/10.1080/21663831.2018.1523239,MASTER_FIELD_MAPPING
P020,10.1080/21663831.2018.1523239,P020_SERIES01,P020_MAT_FE50MN30CO10CR10,,P020_STAGE_TRIP_ONSET,P020_STAGE_TRIP_ONSET,Study_Series_ID,P020_SERIES01,as reported,HIERARCHY_INTEGRATION,"Fig.2 and Fig.4 / pp.622,624",Source-defined condition hierarchy,High,VERIFIED,EXPERIMENTAL,https://doi.org/10.1080/21663831.2018.1523239,MASTER_FIELD_MAPPING
P020,10.1080/21663831.2018.1523239,P020_SERIES01,P020_MAT_FE50MN30CO10CR10,,P020_STAGE_TRIP_ONSET,P020_STAGE_TRIP_ONSET,Material_Parent_ID,P020_MAT_FE50MN30CO10CR10,as reported,HIERARCHY_INTEGRATION,"Fig.2 and Fig.4 / pp.622,624",Source-defined condition hierarchy,High,VERIFIED,EXPERIMENTAL,https://doi.org/10.1080/21663831.2018.1523239,MASTER_FIELD_MAPPING
P020,10.1080/21663831.2018.1523239,P020_SERIES01,P020_MAT_FE50MN30CO10CR10,,P020_STAGE_TRIP_ONSET,P020_STAGE_TRIP_ONSET,Leakage_Group_Strict,P020_SERIES01,as reported,HIERARCHY_INTEGRATION,"Fig.2 and Fig.4 / pp.622,624",Source-defined condition hierarchy,High,VERIFIED,EXPERIMENTAL,https://doi.org/10.1080/21663831.2018.1523239,MASTER_FIELD_MAPPING
P020,10.1080/21663831.2018.1523239,P020_SERIES01,P020_MAT_FE50MN30CO10CR10,,P020_STAGE_TRIP_ONSET,P020_STAGE_TRIP_ONSET,Leakage_Group_Material,P020_MAT_FE50MN30CO10CR10,as reported,HIERARCHY_INTEGRATION,"Fig.2 and Fig.4 / pp.622,624",Source-defined condition hierarchy,High,VERIFIED,EXPERIMENTAL,https://doi.org/10.1080/21663831.2018.1523239,MASTER_FIELD_MAPPING
P020,10.1080/21663831.2018.1523239,P020_SERIES01,P020_MAT_FE50MN30CO10CR10,,P020_STAGE_TRIP_ONSET,P020_STAGE_TRIP_ONSET,Parent_ML_Condition_ID,P020_MC_TRIPHEA_INSITU,as reported,HIERARCHY_INTEGRATION,"Fig.2 and Fig.4 / pp.622,624",Source-defined condition hierarchy,High,VERIFIED,EXPERIMENTAL,https://doi.org/10.1080/21663831.2018.1523239,MASTER_FIELD_MAPPING
P020,10.1080/21663831.2018.1523239,P020_SERIES01,P020_MAT_FE50MN30CO10CR10,,P020_STAGE_TRIP_ONSET,P020_STAGE_TRIP_ONSET,Independent_ML_sample,False,as reported,HIERARCHY_INTEGRATION,"Fig.2 and Fig.4 / pp.622,624",Source-defined condition hierarchy,High,VERIFIED,EXPERIMENTAL,https://doi.org/10.1080/21663831.2018.1523239,MASTER_FIELD_MAPPING
P020,10.1080/21663831.2018.1523239,P020_SERIES01,P020_MAT_FE50MN30CO10CR10,,P020_STAGE_TRIP_ONSET,P020_STAGE_TRIP_ONSET,TWIP_at_stage,0,binary,DIRECT_CONDITION_OR_STAGE_EVIDENCE,"Fig.2 and Fig.4 / pp.622,624",Real-time in-situ neutron diffraction and source interpretation,High,VERIFIED,EXPERIMENTAL,https://doi.org/10.1080/21663831.2018.1523239,MASTER_FIELD_MAPPING
P020,10.1080/21663831.2018.1523239,P020_SERIES01,P020_MAT_FE50MN30CO10CR10,,P020_STAGE_TRIP_ONSET,P020_STAGE_TRIP_ONSET,TRIP_at_stage,1,binary,DIRECT_CONDITION_OR_STAGE_EVIDENCE,"Fig.2 and Fig.4 / pp.622,624",Real-time in-situ neutron diffraction and source interpretation,High,VERIFIED,EXPERIMENTAL,https://doi.org/10.1080/21663831.2018.1523239,MASTER_FIELD_MAPPING
P020,10.1080/21663831.2018.1523239,P020_SERIES01,P020_MAT_FE50MN30CO10CR10,,P020_STAGE_TRIP_ONSET,P020_STAGE_TRIP_ONSET,Slip_at_stage,1,binary,DIRECT_CONDITION_OR_STAGE_EVIDENCE,"Fig.2 and Fig.4 / pp.622,624",Real-time in-situ neutron diffraction and source interpretation,High,VERIFIED,EXPERIMENTAL,https://doi.org/10.1080/21663831.2018.1523239,MASTER_FIELD_MAPPING
P020,10.1080/21663831.2018.1523239,P020_SERIES01,P020_MAT_FE50MN30CO10CR10,,P020_STAGE_TRIP_ONSET,P020_STAGE_TRIP_ONSET,Independent_Experimental_ML_sample,False,as reported,HIERARCHY_INTEGRATION,"Fig.2 and Fig.4 / pp.622,624",Source-defined condition hierarchy,High,VERIFIED,EXPERIMENTAL,https://doi.org/10.1080/21663831.2018.1523239,MASTER_FIELD_MAPPING
P020,10.1080/21663831.2018.1523239,P020_SERIES01,P020_MAT_FE50MN30CO10CR10,,P020_STAGE_TRIP_ONSET,P020_STAGE_TRIP_ONSET,Experimental_Target_Eligibility,False,as reported,HIERARCHY_INTEGRATION,"Fig.2 and Fig.4 / pp.622,624",Source-defined condition hierarchy,High,VERIFIED,EXPERIMENTAL,https://doi.org/10.1080/21663831.2018.1523239,MASTER_FIELD_MAPPING
P020,10.1080/21663831.2018.1523239,P020_SERIES01,P020_MAT_FE50MN30CO10CR10,,P020_STAGE_TRIP_ONSET,P020_STAGE_TRIP_ONSET,Target_Evidence_Confidence,High,as reported,DIRECT_CONDITION_OR_STAGE_EVIDENCE,"Fig.2 and Fig.4 / pp.622,624",Real-time in-situ neutron diffraction and source interpretation,High,VERIFIED,EXPERIMENTAL,https://doi.org/10.1080/21663831.2018.1523239,MASTER_FIELD_MAPPING
P020,10.1080/21663831.2018.1523239,P020_SERIES01,P020_MAT_FE50MN30CO10CR10,,P020_STAGE_TRIP_ONSET,P020_STAGE_TRIP_ONSET,Stage_Method,Real-time in-situ time-of-flight neutron diffraction,as reported,DIRECT_CONDITION_OR_STAGE_EVIDENCE,"Fig.2 and Fig.4 / pp.622,624",Real-time in-situ neutron diffraction and source interpretation,High,VERIFIED,EXPERIMENTAL,https://doi.org/10.1080/21663831.2018.1523239,MASTER_FIELD_MAPPING
P020,10.1080/21663831.2018.1523239,P020_SERIES01,P020_MAT_FE50MN30CO10CR10,,P020_STAGE_TRIP_ONSET,P020_STAGE_TRIP_ONSET,P020_Record_Role,RECOVERED_CORRELATED_IN_SITU_STAGE,as reported,HIERARCHY_INTEGRATION,"Fig.2 and Fig.4 / pp.622,624",Source-defined condition hierarchy,High,VERIFIED,EXPERIMENTAL,https://doi.org/10.1080/21663831.2018.1523239,MASTER_FIELD_MAPPING
P020,10.1080/21663831.2018.1523239,P020_SERIES01,P020_MAT_FE50MN30CO10CR10,,P020_STAGE_TRIP_ONSET,P020_STAGE_TRIP_ONSET,P020_Target_Status,STAGE_SPECIFIC_SUPPORT_NOT_CONDITION_LABEL,as reported,DIRECT_CONDITION_OR_STAGE_EVIDENCE,"Fig.2 and Fig.4 / pp.622,624",Real-time in-situ neutron diffraction and source interpretation,High,VERIFIED,EXPERIMENTAL,https://doi.org/10.1080/21663831.2018.1523239,MASTER_FIELD_MAPPING
P020,10.1080/21663831.2018.1523239,P020_SERIES01,P020_MAT_FE50MN30CO10CR10,,P020_STAGE_TRIP_ONSET,P020_STAGE_TRIP_ONSET,P020_Source_Identity_Status,VERIFIED_PDF_AND_PUBLISHER_DOI_MATCH,as reported,SOURCE_IDENTITY,"Fig.2 and Fig.4 / pp.622,624",Verified workbook and publisher DOI identity,High,VERIFIED,EXPERIMENTAL,https://doi.org/10.1080/21663831.2018.1523239,MASTER_FIELD_MAPPING
P020,10.1080/21663831.2018.1523239,P020_SERIES01,P020_MAT_FE50MN30CO10CR10,,P020_STAGE_TRIP_ONSET,P020_STAGE_TRIP_ONSET,P020_QC_Status,PENDING_GLOBAL_QC_SCHEMA_SPLIT_REFRESH,as reported,HIERARCHY_INTEGRATION,"Fig.2 and Fig.4 / pp.622,624",Source-defined condition hierarchy,High,VERIFIED,EXPERIMENTAL,https://doi.org/10.1080/21663831.2018.1523239,MASTER_FIELD_MAPPING
P020,10.1080/21663831.2018.1523239,P020_SERIES01,P020_MAT_FE50MN30CO10CR10,,P020_STAGE_TRIP_ONSET,P020_STAGE_TRIP_ONSET,Journal,Materials Research Letters,as reported,SOURCE_IDENTITY,"Fig.2 and Fig.4 / pp.622,624",Verified workbook and publisher DOI identity,High,VERIFIED,EXPERIMENTAL,https://doi.org/10.1080/21663831.2018.1523239,MASTER_FIELD_MAPPING
P020,10.1080/21663831.2018.1523239,P020_SERIES01,P020_MAT_FE50MN30CO10CR10,,P020_STAGE_TRIP_ONSET,P020_STAGE_TRIP_ONSET,Volume,6,as reported,SOURCE_IDENTITY,"Fig.2 and Fig.4 / pp.622,624",Verified workbook and publisher DOI identity,High,VERIFIED,EXPERIMENTAL,https://doi.org/10.1080/21663831.2018.1523239,MASTER_FIELD_MAPPING
P020,10.1080/21663831.2018.1523239,P020_SERIES01,P020_MAT_FE50MN30CO10CR10,,P020_STAGE_TRIP_ONSET,P020_STAGE_TRIP_ONSET,Issue,11,as reported,SOURCE_IDENTITY,"Fig.2 and Fig.4 / pp.622,624",Verified workbook and publisher DOI identity,High,VERIFIED,EXPERIMENTAL,https://doi.org/10.1080/21663831.2018.1523239,MASTER_FIELD_MAPPING
P020,10.1080/21663831.2018.1523239,P020_SERIES01,P020_MAT_FE50MN30CO10CR10,,P020_STAGE_TRIP_ONSET,P020_STAGE_TRIP_ONSET,Pages,620-626,as reported,SOURCE_IDENTITY,"Fig.2 and Fig.4 / pp.622,624",Verified workbook and publisher DOI identity,High,VERIFIED,EXPERIMENTAL,https://doi.org/10.1080/21663831.2018.1523239,MASTER_FIELD_MAPPING
P020,10.1080/21663831.2018.1523239,P020_SERIES01,P020_MAT_FE50MN30CO10CR10,,P020_STAGE_TRIP_ONSET,P020_STAGE_TRIP_ONSET,Publication_Year,2018,as reported,SOURCE_IDENTITY,"Fig.2 and Fig.4 / pp.622,624",Verified workbook and publisher DOI identity,High,VERIFIED,EXPERIMENTAL,https://doi.org/10.1080/21663831.2018.1523239,MASTER_FIELD_MAPPING
P020,10.1080/21663831.2018.1523239,P020_SERIES01,P020_MAT_FE50MN30CO10CR10,,P020_STAGE_TRIP_ONSET,P020_STAGE_TRIP_ONSET,Source_URL,https://doi.org/10.1080/21663831.2018.1523239,as reported,SOURCE_IDENTITY,"Fig.2 and Fig.4 / pp.622,624",Verified workbook and publisher DOI identity,High,VERIFIED,EXPERIMENTAL,https://doi.org/10.1080/21663831.2018.1523239,MASTER_FIELD_MAPPING
P020,10.1080/21663831.2018.1523239,P020_SERIES01,P020_MAT_FE50MN30CO10CR10,,P020_STAGE_TRIP_ONSET,P020_STAGE_TRIP_ONSET,Alloy_Family_Text,Fe50Mn30Co10Cr10,as reported,DIRECT_TEXT_OR_VERIFIED_NA,"Fig.2 and Fig.4 / pp.622,624",Source text; C-to-K representation only where required by existing field,High,VERIFIED,EXPERIMENTAL,https://doi.org/10.1080/21663831.2018.1523239,MASTER_FIELD_MAPPING
P020,10.1080/21663831.2018.1523239,P020_SERIES01,P020_MAT_FE50MN30CO10CR10,,P020_STAGE_TRIP_ONSET,P020_STAGE_TRIP_ONSET,Alloy_Family_Use,GROUPING_AUDIT_ONLY_NOT_PREDICTOR_NOT_SAMPLE_IDENTITY,as reported,DIRECT_TEXT_OR_VERIFIED_NA,"Fig.2 and Fig.4 / pp.622,624",Source text; C-to-K representation only where required by existing field,High,VERIFIED,EXPERIMENTAL,https://doi.org/10.1080/21663831.2018.1523239,MASTER_FIELD_MAPPING
P020,10.1080/21663831.2018.1523239,P020_SERIES01,P020_MAT_FE50MN30CO10CR10,,P020_STAGE_TRIP_ONSET,P020_STAGE_TRIP_ONSET,Target_Status,STAGE_SPECIFIC_SUPPORT_NOT_CONDITION_LABEL,as reported,DIRECT_CONDITION_OR_STAGE_EVIDENCE,"Fig.2 and Fig.4 / pp.622,624",Real-time in-situ neutron diffraction and source interpretation,High,VERIFIED,EXPERIMENTAL,https://doi.org/10.1080/21663831.2018.1523239,MASTER_FIELD_MAPPING
P020,10.1080/21663831.2018.1523239,P020_SERIES01,P020_MAT_FE50MN30CO10CR10,,P020_STAGE_TRIP_ONSET,P020_STAGE_TRIP_ONSET,Stage_Label,II,as reported,DIRECT_CONDITION_OR_STAGE_EVIDENCE,"Fig.2 and Fig.4 / pp.622,624",Real-time in-situ neutron diffraction and source interpretation,High,VERIFIED,EXPERIMENTAL,https://doi.org/10.1080/21663831.2018.1523239,MASTER_FIELD_MAPPING
P020,10.1080/21663831.2018.1523239,P020_SERIES01,P020_MAT_FE50MN30CO10CR10,,P020_STAGE_TRIP_ONSET,P020_STAGE_TRIP_ONSET,Macro_Stress_MPa,200,MPa,DIRECT_CONDITION_OR_STAGE_EVIDENCE,"Fig.2 and Fig.4 / pp.622,624",Real-time in-situ neutron diffraction and source interpretation,High,VERIFIED,EXPERIMENTAL,https://doi.org/10.1080/21663831.2018.1523239,MASTER_FIELD_MAPPING
P020,10.1080/21663831.2018.1523239,P020_SERIES01,P020_MAT_FE50MN30CO10CR10,,P020_STAGE_TRIP_ONSET,P020_STAGE_TRIP_ONSET,Mechanism_Event,FCC yielding / FCC->HCP TRIP triggered,as reported,DIRECT_CONDITION_OR_STAGE_EVIDENCE,"Fig.2 and Fig.4 / pp.622,624",Real-time in-situ neutron diffraction and source interpretation,High,VERIFIED,EXPERIMENTAL,https://doi.org/10.1080/21663831.2018.1523239,MASTER_FIELD_MAPPING
P020,10.1080/21663831.2018.1523239,P020_SERIES01,P020_MAT_FE50MN30CO10CR10,,P020_STAGE_TRIP_ONSET,P020_STAGE_TRIP_ONSET,TRIP_Stage,1,binary,DIRECT_CONDITION_OR_STAGE_EVIDENCE,"Fig.2 and Fig.4 / pp.622,624",Real-time in-situ neutron diffraction and source interpretation,High,VERIFIED,EXPERIMENTAL,https://doi.org/10.1080/21663831.2018.1523239,MASTER_FIELD_MAPPING
P020,10.1080/21663831.2018.1523239,P020_SERIES01,P020_MAT_FE50MN30CO10CR10,,P020_STAGE_TRIP_ONSET,P020_STAGE_TRIP_ONSET,TWIP_Stage,0,binary,DIRECT_CONDITION_OR_STAGE_EVIDENCE,"Fig.2 and Fig.4 / pp.622,624",Real-time in-situ neutron diffraction and source interpretation,High,VERIFIED,EXPERIMENTAL,https://doi.org/10.1080/21663831.2018.1523239,MASTER_FIELD_MAPPING
P020,10.1080/21663831.2018.1523239,P020_SERIES01,P020_MAT_FE50MN30CO10CR10,,P020_STAGE_TRIP_ONSET,P020_STAGE_TRIP_ONSET,Slip_Stage,1,binary,DIRECT_CONDITION_OR_STAGE_EVIDENCE,"Fig.2 and Fig.4 / pp.622,624",Real-time in-situ neutron diffraction and source interpretation,High,VERIFIED,EXPERIMENTAL,https://doi.org/10.1080/21663831.2018.1523239,MASTER_FIELD_MAPPING
P020,10.1080/21663831.2018.1523239,P020_SERIES01,P020_MAT_FE50MN30CO10CR10,,P020_STAGE_TRIP_ONSET,P020_STAGE_TRIP_ONSET,Stage_Evidence_Type,NEUTRON_PHASE_FRACTION_PLUS_LATTICE_STRAIN,as reported,DIRECT_CONDITION_OR_STAGE_EVIDENCE,"Fig.2 and Fig.4 / pp.622,624",Real-time in-situ neutron diffraction and source interpretation,High,VERIFIED,EXPERIMENTAL,https://doi.org/10.1080/21663831.2018.1523239,MASTER_FIELD_MAPPING
P020,10.1080/21663831.2018.1523239,P020_SERIES01,P020_MAT_FE50MN30CO10CR10,,P020_STAGE_TRIP_ONSET,P020_STAGE_TRIP_ONSET,P020_Target_Semantic_Note,TRIP begins at approximately the macroscopic yield onset.,as reported,DIRECT_CONDITION_OR_STAGE_EVIDENCE,"Fig.2 and Fig.4 / pp.622,624",Real-time in-situ neutron diffraction and source interpretation,High,VERIFIED,EXPERIMENTAL,https://doi.org/10.1080/21663831.2018.1523239,MASTER_FIELD_MAPPING
P020,10.1080/21663831.2018.1523239,P020_SERIES01,P020_MAT_FE50MN30CO10CR10,,P020_STAGE_HCP_TENSILE_TWIN,P020_STAGE_HCP_TENSILE_TWIN,Paper_ID,P020,as reported,SOURCE_IDENTITY,Fig.3 and Fig.4 / pp.623-624,Verified workbook and publisher DOI identity,High,VERIFIED,EXPERIMENTAL,https://doi.org/10.1080/21663831.2018.1523239,MASTER_FIELD_MAPPING
P020,10.1080/21663831.2018.1523239,P020_SERIES01,P020_MAT_FE50MN30CO10CR10,,P020_STAGE_HCP_TENSILE_TWIN,P020_STAGE_HCP_TENSILE_TWIN,DOI,10.1080/21663831.2018.1523239,as reported,SOURCE_IDENTITY,Fig.3 and Fig.4 / pp.623-624,Verified workbook and publisher DOI identity,High,VERIFIED,EXPERIMENTAL,https://doi.org/10.1080/21663831.2018.1523239,MASTER_FIELD_MAPPING
P020,10.1080/21663831.2018.1523239,P020_SERIES01,P020_MAT_FE50MN30CO10CR10,,P020_STAGE_HCP_TENSILE_TWIN,P020_STAGE_HCP_TENSILE_TWIN,Paper_Title,Deformation mechanisms and work-hardening behavior of transformation-induced plasticity high entropy alloys by in-situ neutron diffraction,as reported,SOURCE_IDENTITY,Fig.3 and Fig.4 / pp.623-624,Verified workbook and publisher DOI identity,High,VERIFIED,EXPERIMENTAL,https://doi.org/10.1080/21663831.2018.1523239,MASTER_FIELD_MAPPING
P020,10.1080/21663831.2018.1523239,P020_SERIES01,P020_MAT_FE50MN30CO10CR10,,P020_STAGE_HCP_TENSILE_TWIN,P020_STAGE_HCP_TENSILE_TWIN,Condition_ID,P020_STAGE_HCP_TENSILE_TWIN,as reported,HIERARCHY_INTEGRATION,Fig.3 and Fig.4 / pp.623-624,Source-defined condition hierarchy,High,VERIFIED,EXPERIMENTAL,https://doi.org/10.1080/21663831.2018.1523239,MASTER_FIELD_MAPPING
P020,10.1080/21663831.2018.1523239,P020_SERIES01,P020_MAT_FE50MN30CO10CR10,,P020_STAGE_HCP_TENSILE_TWIN,P020_STAGE_HCP_TENSILE_TWIN,Experiment_Group_ID,P020_SERIES01,as reported,HIERARCHY_INTEGRATION,Fig.3 and Fig.4 / pp.623-624,Source-defined condition hierarchy,High,VERIFIED,EXPERIMENTAL,https://doi.org/10.1080/21663831.2018.1523239,MASTER_FIELD_MAPPING
P020,10.1080/21663831.2018.1523239,P020_SERIES01,P020_MAT_FE50MN30CO10CR10,,P020_STAGE_HCP_TENSILE_TWIN,P020_STAGE_HCP_TENSILE_TWIN,Row_Type,Correlated real-time in-situ neutron observation,as reported,HIERARCHY_INTEGRATION,Fig.3 and Fig.4 / pp.623-624,Source-defined condition hierarchy,High,VERIFIED,EXPERIMENTAL,https://doi.org/10.1080/21663831.2018.1523239,MASTER_FIELD_MAPPING
P020,10.1080/21663831.2018.1523239,P020_SERIES01,P020_MAT_FE50MN30CO10CR10,,P020_STAGE_HCP_TENSILE_TWIN,P020_STAGE_HCP_TENSILE_TWIN,Alloy_ID,Fe50Mn30Co10Cr10,as reported,DIRECT_TEXT_OR_VERIFIED_NA,Fig.3 and Fig.4 / pp.623-624,Source text; C-to-K representation only where required by existing field,High,VERIFIED,EXPERIMENTAL,https://doi.org/10.1080/21663831.2018.1523239,MASTER_FIELD_MAPPING
P020,10.1080/21663831.2018.1523239,P020_SERIES01,P020_MAT_FE50MN30CO10CR10,,P020_STAGE_HCP_TENSILE_TWIN,P020_STAGE_HCP_TENSILE_TWIN,Original_Composition,Fe50Mn30Co10Cr10,as reported,DIRECT_TEXT_OR_VERIFIED_NA,Fig.3 and Fig.4 / pp.623-624,Source text; C-to-K representation only where required by existing field,High,VERIFIED,EXPERIMENTAL,https://doi.org/10.1080/21663831.2018.1523239,MASTER_FIELD_MAPPING
P020,10.1080/21663831.2018.1523239,P020_SERIES01,P020_MAT_FE50MN30CO10CR10,,P020_STAGE_HCP_TENSILE_TWIN,P020_STAGE_HCP_TENSILE_TWIN,Composition_basis,at.% nominal,as reported,DIRECT_TEXT_OR_VERIFIED_NA,Fig.3 and Fig.4 / pp.623-624,Source text; C-to-K representation only where required by existing field,High,VERIFIED,EXPERIMENTAL,https://doi.org/10.1080/21663831.2018.1523239,MASTER_FIELD_MAPPING
P020,10.1080/21663831.2018.1523239,P020_SERIES01,P020_MAT_FE50MN30CO10CR10,,P020_STAGE_HCP_TENSILE_TWIN,P020_STAGE_HCP_TENSILE_TWIN,Characterization_methods,Real-time in-situ time-of-flight neutron diffraction,as reported,DIRECT_METHOD_METADATA,Fig.3 and Fig.4 / pp.623-624,Real-time in-situ time-of-flight neutron diffraction,High,VERIFIED,EXPERIMENTAL,https://doi.org/10.1080/21663831.2018.1523239,MASTER_FIELD_MAPPING
P020,10.1080/21663831.2018.1523239,P020_SERIES01,P020_MAT_FE50MN30CO10CR10,,P020_STAGE_HCP_TENSILE_TWIN,P020_STAGE_HCP_TENSILE_TWIN,Source_location,Fig.3 and Fig.4 / pp.623-624,as reported,DIRECT_CONDITION_OR_STAGE_EVIDENCE,Fig.3 and Fig.4 / pp.623-624,Real-time in-situ neutron diffraction and source interpretation,High,VERIFIED,EXPERIMENTAL,https://doi.org/10.1080/21663831.2018.1523239,MASTER_FIELD_MAPPING
P020,10.1080/21663831.2018.1523239,P020_SERIES01,P020_MAT_FE50MN30CO10CR10,,P020_STAGE_HCP_TENSILE_TWIN,P020_STAGE_HCP_TENSILE_TWIN,Parent_Experiment_ID,P020_MC_TRIPHEA_INSITU,as reported,HIERARCHY_INTEGRATION,Fig.3 and Fig.4 / pp.623-624,Source-defined condition hierarchy,High,VERIFIED,EXPERIMENTAL,https://doi.org/10.1080/21663831.2018.1523239,MASTER_FIELD_MAPPING
P020,10.1080/21663831.2018.1523239,P020_SERIES01,P020_MAT_FE50MN30CO10CR10,,P020_STAGE_HCP_TENSILE_TWIN,P020_STAGE_HCP_TENSILE_TWIN,Observation_ID,P020_STAGE_HCP_TENSILE_TWIN,as reported,HIERARCHY_INTEGRATION,Fig.3 and Fig.4 / pp.623-624,Source-defined condition hierarchy,High,VERIFIED,EXPERIMENTAL,https://doi.org/10.1080/21663831.2018.1523239,MASTER_FIELD_MAPPING
P020,10.1080/21663831.2018.1523239,P020_SERIES01,P020_MAT_FE50MN30CO10CR10,,P020_STAGE_HCP_TENSILE_TWIN,P020_STAGE_HCP_TENSILE_TWIN,Data_Origin,EXPERIMENTAL,as reported,SOURCE_IDENTITY,Fig.3 and Fig.4 / pp.623-624,Verified workbook and publisher DOI identity,High,VERIFIED,EXPERIMENTAL,https://doi.org/10.1080/21663831.2018.1523239,MASTER_FIELD_MAPPING
P020,10.1080/21663831.2018.1523239,P020_SERIES01,P020_MAT_FE50MN30CO10CR10,,P020_STAGE_HCP_TENSILE_TWIN,P020_STAGE_HCP_TENSILE_TWIN,Observation_Role,CORRELATED_IN_SITU_STAGE,as reported,HIERARCHY_INTEGRATION,Fig.3 and Fig.4 / pp.623-624,Source-defined condition hierarchy,High,VERIFIED,EXPERIMENTAL,https://doi.org/10.1080/21663831.2018.1523239,MASTER_FIELD_MAPPING
P020,10.1080/21663831.2018.1523239,P020_SERIES01,P020_MAT_FE50MN30CO10CR10,,P020_STAGE_HCP_TENSILE_TWIN,P020_STAGE_HCP_TENSILE_TWIN,Deformation_Stage_ID,P020_STAGE_HCP_TENSILE_TWIN,as reported,HIERARCHY_INTEGRATION,Fig.3 and Fig.4 / pp.623-624,Source-defined condition hierarchy,High,VERIFIED,EXPERIMENTAL,https://doi.org/10.1080/21663831.2018.1523239,MASTER_FIELD_MAPPING
P020,10.1080/21663831.2018.1523239,P020_SERIES01,P020_MAT_FE50MN30CO10CR10,,P020_STAGE_HCP_TENSILE_TWIN,P020_STAGE_HCP_TENSILE_TWIN,Grouping_Review_Required,False,as reported,HIERARCHY_INTEGRATION,Fig.3 and Fig.4 / pp.623-624,Source-defined condition hierarchy,High,VERIFIED,EXPERIMENTAL,https://doi.org/10.1080/21663831.2018.1523239,MASTER_FIELD_MAPPING
P020,10.1080/21663831.2018.1523239,P020_SERIES01,P020_MAT_FE50MN30CO10CR10,,P020_STAGE_HCP_TENSILE_TWIN,P020_STAGE_HCP_TENSILE_TWIN,Grouping_Confidence,HIGH,as reported,HIERARCHY_INTEGRATION,Fig.3 and Fig.4 / pp.623-624,Source-defined condition hierarchy,High,VERIFIED,EXPERIMENTAL,https://doi.org/10.1080/21663831.2018.1523239,MASTER_FIELD_MAPPING
P020,10.1080/21663831.2018.1523239,P020_SERIES01,P020_MAT_FE50MN30CO10CR10,,P020_STAGE_HCP_TENSILE_TWIN,P020_STAGE_HCP_TENSILE_TWIN,Grouping_Reason,Correlated observation from parent in-situ tensile condition,as reported,HIERARCHY_INTEGRATION,Fig.3 and Fig.4 / pp.623-624,Source-defined condition hierarchy,High,VERIFIED,EXPERIMENTAL,https://doi.org/10.1080/21663831.2018.1523239,MASTER_FIELD_MAPPING
P020,10.1080/21663831.2018.1523239,P020_SERIES01,P020_MAT_FE50MN30CO10CR10,,P020_STAGE_HCP_TENSILE_TWIN,P020_STAGE_HCP_TENSILE_TWIN,Study_Series_ID,P020_SERIES01,as reported,HIERARCHY_INTEGRATION,Fig.3 and Fig.4 / pp.623-624,Source-defined condition hierarchy,High,VERIFIED,EXPERIMENTAL,https://doi.org/10.1080/21663831.2018.1523239,MASTER_FIELD_MAPPING
P020,10.1080/21663831.2018.1523239,P020_SERIES01,P020_MAT_FE50MN30CO10CR10,,P020_STAGE_HCP_TENSILE_TWIN,P020_STAGE_HCP_TENSILE_TWIN,Material_Parent_ID,P020_MAT_FE50MN30CO10CR10,as reported,HIERARCHY_INTEGRATION,Fig.3 and Fig.4 / pp.623-624,Source-defined condition hierarchy,High,VERIFIED,EXPERIMENTAL,https://doi.org/10.1080/21663831.2018.1523239,MASTER_FIELD_MAPPING
P020,10.1080/21663831.2018.1523239,P020_SERIES01,P020_MAT_FE50MN30CO10CR10,,P020_STAGE_HCP_TENSILE_TWIN,P020_STAGE_HCP_TENSILE_TWIN,Leakage_Group_Strict,P020_SERIES01,as reported,HIERARCHY_INTEGRATION,Fig.3 and Fig.4 / pp.623-624,Source-defined condition hierarchy,High,VERIFIED,EXPERIMENTAL,https://doi.org/10.1080/21663831.2018.1523239,MASTER_FIELD_MAPPING
P020,10.1080/21663831.2018.1523239,P020_SERIES01,P020_MAT_FE50MN30CO10CR10,,P020_STAGE_HCP_TENSILE_TWIN,P020_STAGE_HCP_TENSILE_TWIN,Leakage_Group_Material,P020_MAT_FE50MN30CO10CR10,as reported,HIERARCHY_INTEGRATION,Fig.3 and Fig.4 / pp.623-624,Source-defined condition hierarchy,High,VERIFIED,EXPERIMENTAL,https://doi.org/10.1080/21663831.2018.1523239,MASTER_FIELD_MAPPING
P020,10.1080/21663831.2018.1523239,P020_SERIES01,P020_MAT_FE50MN30CO10CR10,,P020_STAGE_HCP_TENSILE_TWIN,P020_STAGE_HCP_TENSILE_TWIN,Parent_ML_Condition_ID,P020_MC_TRIPHEA_INSITU,as reported,HIERARCHY_INTEGRATION,Fig.3 and Fig.4 / pp.623-624,Source-defined condition hierarchy,High,VERIFIED,EXPERIMENTAL,https://doi.org/10.1080/21663831.2018.1523239,MASTER_FIELD_MAPPING
P020,10.1080/21663831.2018.1523239,P020_SERIES01,P020_MAT_FE50MN30CO10CR10,,P020_STAGE_HCP_TENSILE_TWIN,P020_STAGE_HCP_TENSILE_TWIN,Independent_ML_sample,False,as reported,HIERARCHY_INTEGRATION,Fig.3 and Fig.4 / pp.623-624,Source-defined condition hierarchy,High,VERIFIED,EXPERIMENTAL,https://doi.org/10.1080/21663831.2018.1523239,MASTER_FIELD_MAPPING
P020,10.1080/21663831.2018.1523239,P020_SERIES01,P020_MAT_FE50MN30CO10CR10,,P020_STAGE_HCP_TENSILE_TWIN,P020_STAGE_HCP_TENSILE_TWIN,TWIP_at_stage,1,binary,DIRECT_CONDITION_OR_STAGE_EVIDENCE,Fig.3 and Fig.4 / pp.623-624,Real-time in-situ neutron diffraction and source interpretation,High,VERIFIED,EXPERIMENTAL,https://doi.org/10.1080/21663831.2018.1523239,MASTER_FIELD_MAPPING
P020,10.1080/21663831.2018.1523239,P020_SERIES01,P020_MAT_FE50MN30CO10CR10,,P020_STAGE_HCP_TENSILE_TWIN,P020_STAGE_HCP_TENSILE_TWIN,TRIP_at_stage,1,binary,DIRECT_CONDITION_OR_STAGE_EVIDENCE,Fig.3 and Fig.4 / pp.623-624,Real-time in-situ neutron diffraction and source interpretation,High,VERIFIED,EXPERIMENTAL,https://doi.org/10.1080/21663831.2018.1523239,MASTER_FIELD_MAPPING
P020,10.1080/21663831.2018.1523239,P020_SERIES01,P020_MAT_FE50MN30CO10CR10,,P020_STAGE_HCP_TENSILE_TWIN,P020_STAGE_HCP_TENSILE_TWIN,Slip_at_stage,1,binary,DIRECT_CONDITION_OR_STAGE_EVIDENCE,Fig.3 and Fig.4 / pp.623-624,Real-time in-situ neutron diffraction and source interpretation,High,VERIFIED,EXPERIMENTAL,https://doi.org/10.1080/21663831.2018.1523239,MASTER_FIELD_MAPPING
P020,10.1080/21663831.2018.1523239,P020_SERIES01,P020_MAT_FE50MN30CO10CR10,,P020_STAGE_HCP_TENSILE_TWIN,P020_STAGE_HCP_TENSILE_TWIN,Independent_Experimental_ML_sample,False,as reported,HIERARCHY_INTEGRATION,Fig.3 and Fig.4 / pp.623-624,Source-defined condition hierarchy,High,VERIFIED,EXPERIMENTAL,https://doi.org/10.1080/21663831.2018.1523239,MASTER_FIELD_MAPPING
P020,10.1080/21663831.2018.1523239,P020_SERIES01,P020_MAT_FE50MN30CO10CR10,,P020_STAGE_HCP_TENSILE_TWIN,P020_STAGE_HCP_TENSILE_TWIN,Experimental_Target_Eligibility,False,as reported,HIERARCHY_INTEGRATION,Fig.3 and Fig.4 / pp.623-624,Source-defined condition hierarchy,High,VERIFIED,EXPERIMENTAL,https://doi.org/10.1080/21663831.2018.1523239,MASTER_FIELD_MAPPING
P020,10.1080/21663831.2018.1523239,P020_SERIES01,P020_MAT_FE50MN30CO10CR10,,P020_STAGE_HCP_TENSILE_TWIN,P020_STAGE_HCP_TENSILE_TWIN,Target_Evidence_Confidence,High,as reported,DIRECT_CONDITION_OR_STAGE_EVIDENCE,Fig.3 and Fig.4 / pp.623-624,Real-time in-situ neutron diffraction and source interpretation,High,VERIFIED,EXPERIMENTAL,https://doi.org/10.1080/21663831.2018.1523239,MASTER_FIELD_MAPPING
P020,10.1080/21663831.2018.1523239,P020_SERIES01,P020_MAT_FE50MN30CO10CR10,,P020_STAGE_HCP_TENSILE_TWIN,P020_STAGE_HCP_TENSILE_TWIN,Stage_Method,Real-time in-situ time-of-flight neutron diffraction,as reported,DIRECT_CONDITION_OR_STAGE_EVIDENCE,Fig.3 and Fig.4 / pp.623-624,Real-time in-situ neutron diffraction and source interpretation,High,VERIFIED,EXPERIMENTAL,https://doi.org/10.1080/21663831.2018.1523239,MASTER_FIELD_MAPPING
P020,10.1080/21663831.2018.1523239,P020_SERIES01,P020_MAT_FE50MN30CO10CR10,,P020_STAGE_HCP_TENSILE_TWIN,P020_STAGE_HCP_TENSILE_TWIN,P020_Record_Role,RECOVERED_CORRELATED_IN_SITU_STAGE,as reported,HIERARCHY_INTEGRATION,Fig.3 and Fig.4 / pp.623-624,Source-defined condition hierarchy,High,VERIFIED,EXPERIMENTAL,https://doi.org/10.1080/21663831.2018.1523239,MASTER_FIELD_MAPPING
P020,10.1080/21663831.2018.1523239,P020_SERIES01,P020_MAT_FE50MN30CO10CR10,,P020_STAGE_HCP_TENSILE_TWIN,P020_STAGE_HCP_TENSILE_TWIN,P020_Target_Status,STAGE_SPECIFIC_SUPPORT_NOT_CONDITION_LABEL,as reported,DIRECT_CONDITION_OR_STAGE_EVIDENCE,Fig.3 and Fig.4 / pp.623-624,Real-time in-situ neutron diffraction and source interpretation,High,VERIFIED,EXPERIMENTAL,https://doi.org/10.1080/21663831.2018.1523239,MASTER_FIELD_MAPPING
P020,10.1080/21663831.2018.1523239,P020_SERIES01,P020_MAT_FE50MN30CO10CR10,,P020_STAGE_HCP_TENSILE_TWIN,P020_STAGE_HCP_TENSILE_TWIN,P020_Source_Identity_Status,VERIFIED_PDF_AND_PUBLISHER_DOI_MATCH,as reported,SOURCE_IDENTITY,Fig.3 and Fig.4 / pp.623-624,Verified workbook and publisher DOI identity,High,VERIFIED,EXPERIMENTAL,https://doi.org/10.1080/21663831.2018.1523239,MASTER_FIELD_MAPPING
P020,10.1080/21663831.2018.1523239,P020_SERIES01,P020_MAT_FE50MN30CO10CR10,,P020_STAGE_HCP_TENSILE_TWIN,P020_STAGE_HCP_TENSILE_TWIN,P020_QC_Status,PENDING_GLOBAL_QC_SCHEMA_SPLIT_REFRESH,as reported,HIERARCHY_INTEGRATION,Fig.3 and Fig.4 / pp.623-624,Source-defined condition hierarchy,High,VERIFIED,EXPERIMENTAL,https://doi.org/10.1080/21663831.2018.1523239,MASTER_FIELD_MAPPING
P020,10.1080/21663831.2018.1523239,P020_SERIES01,P020_MAT_FE50MN30CO10CR10,,P020_STAGE_HCP_TENSILE_TWIN,P020_STAGE_HCP_TENSILE_TWIN,Journal,Materials Research Letters,as reported,SOURCE_IDENTITY,Fig.3 and Fig.4 / pp.623-624,Verified workbook and publisher DOI identity,High,VERIFIED,EXPERIMENTAL,https://doi.org/10.1080/21663831.2018.1523239,MASTER_FIELD_MAPPING
P020,10.1080/21663831.2018.1523239,P020_SERIES01,P020_MAT_FE50MN30CO10CR10,,P020_STAGE_HCP_TENSILE_TWIN,P020_STAGE_HCP_TENSILE_TWIN,Volume,6,as reported,SOURCE_IDENTITY,Fig.3 and Fig.4 / pp.623-624,Verified workbook and publisher DOI identity,High,VERIFIED,EXPERIMENTAL,https://doi.org/10.1080/21663831.2018.1523239,MASTER_FIELD_MAPPING
P020,10.1080/21663831.2018.1523239,P020_SERIES01,P020_MAT_FE50MN30CO10CR10,,P020_STAGE_HCP_TENSILE_TWIN,P020_STAGE_HCP_TENSILE_TWIN,Issue,11,as reported,SOURCE_IDENTITY,Fig.3 and Fig.4 / pp.623-624,Verified workbook and publisher DOI identity,High,VERIFIED,EXPERIMENTAL,https://doi.org/10.1080/21663831.2018.1523239,MASTER_FIELD_MAPPING
P020,10.1080/21663831.2018.1523239,P020_SERIES01,P020_MAT_FE50MN30CO10CR10,,P020_STAGE_HCP_TENSILE_TWIN,P020_STAGE_HCP_TENSILE_TWIN,Pages,620-626,as reported,SOURCE_IDENTITY,Fig.3 and Fig.4 / pp.623-624,Verified workbook and publisher DOI identity,High,VERIFIED,EXPERIMENTAL,https://doi.org/10.1080/21663831.2018.1523239,MASTER_FIELD_MAPPING
P020,10.1080/21663831.2018.1523239,P020_SERIES01,P020_MAT_FE50MN30CO10CR10,,P020_STAGE_HCP_TENSILE_TWIN,P020_STAGE_HCP_TENSILE_TWIN,Publication_Year,2018,as reported,SOURCE_IDENTITY,Fig.3 and Fig.4 / pp.623-624,Verified workbook and publisher DOI identity,High,VERIFIED,EXPERIMENTAL,https://doi.org/10.1080/21663831.2018.1523239,MASTER_FIELD_MAPPING
P020,10.1080/21663831.2018.1523239,P020_SERIES01,P020_MAT_FE50MN30CO10CR10,,P020_STAGE_HCP_TENSILE_TWIN,P020_STAGE_HCP_TENSILE_TWIN,Source_URL,https://doi.org/10.1080/21663831.2018.1523239,as reported,SOURCE_IDENTITY,Fig.3 and Fig.4 / pp.623-624,Verified workbook and publisher DOI identity,High,VERIFIED,EXPERIMENTAL,https://doi.org/10.1080/21663831.2018.1523239,MASTER_FIELD_MAPPING
P020,10.1080/21663831.2018.1523239,P020_SERIES01,P020_MAT_FE50MN30CO10CR10,,P020_STAGE_HCP_TENSILE_TWIN,P020_STAGE_HCP_TENSILE_TWIN,Alloy_Family_Text,Fe50Mn30Co10Cr10,as reported,DIRECT_TEXT_OR_VERIFIED_NA,Fig.3 and Fig.4 / pp.623-624,Source text; C-to-K representation only where required by existing field,High,VERIFIED,EXPERIMENTAL,https://doi.org/10.1080/21663831.2018.1523239,MASTER_FIELD_MAPPING
P020,10.1080/21663831.2018.1523239,P020_SERIES01,P020_MAT_FE50MN30CO10CR10,,P020_STAGE_HCP_TENSILE_TWIN,P020_STAGE_HCP_TENSILE_TWIN,Alloy_Family_Use,GROUPING_AUDIT_ONLY_NOT_PREDICTOR_NOT_SAMPLE_IDENTITY,as reported,DIRECT_TEXT_OR_VERIFIED_NA,Fig.3 and Fig.4 / pp.623-624,Source text; C-to-K representation only where required by existing field,High,VERIFIED,EXPERIMENTAL,https://doi.org/10.1080/21663831.2018.1523239,MASTER_FIELD_MAPPING
P020,10.1080/21663831.2018.1523239,P020_SERIES01,P020_MAT_FE50MN30CO10CR10,,P020_STAGE_HCP_TENSILE_TWIN,P020_STAGE_HCP_TENSILE_TWIN,Target_Status,STAGE_SPECIFIC_SUPPORT_NOT_CONDITION_LABEL,as reported,DIRECT_CONDITION_OR_STAGE_EVIDENCE,Fig.3 and Fig.4 / pp.623-624,Real-time in-situ neutron diffraction and source interpretation,High,VERIFIED,EXPERIMENTAL,https://doi.org/10.1080/21663831.2018.1523239,MASTER_FIELD_MAPPING
P020,10.1080/21663831.2018.1523239,P020_SERIES01,P020_MAT_FE50MN30CO10CR10,,P020_STAGE_HCP_TENSILE_TWIN,P020_STAGE_HCP_TENSILE_TWIN,TWIP_Phase,HCP,as reported,DIRECT_CONDITION_OR_STAGE_EVIDENCE,Fig.3 and Fig.4 / pp.623-624,Real-time in-situ neutron diffraction and source interpretation,High,VERIFIED,EXPERIMENTAL,https://doi.org/10.1080/21663831.2018.1523239,MASTER_FIELD_MAPPING
P020,10.1080/21663831.2018.1523239,P020_SERIES01,P020_MAT_FE50MN30CO10CR10,,P020_STAGE_HCP_TENSILE_TWIN,P020_STAGE_HCP_TENSILE_TWIN,TWIP_Mode,HCP_{10.2}_TENSILE_TWINNING,as reported,DIRECT_CONDITION_OR_STAGE_EVIDENCE,Fig.3 and Fig.4 / pp.623-624,Real-time in-situ neutron diffraction and source interpretation,High,VERIFIED,EXPERIMENTAL,https://doi.org/10.1080/21663831.2018.1523239,MASTER_FIELD_MAPPING
P020,10.1080/21663831.2018.1523239,P020_SERIES01,P020_MAT_FE50MN30CO10CR10,,P020_STAGE_HCP_TENSILE_TWIN,P020_STAGE_HCP_TENSILE_TWIN,Stage_Label,III,as reported,DIRECT_CONDITION_OR_STAGE_EVIDENCE,Fig.3 and Fig.4 / pp.623-624,Real-time in-situ neutron diffraction and source interpretation,High,VERIFIED,EXPERIMENTAL,https://doi.org/10.1080/21663831.2018.1523239,MASTER_FIELD_MAPPING
P020,10.1080/21663831.2018.1523239,P020_SERIES01,P020_MAT_FE50MN30CO10CR10,,P020_STAGE_HCP_TENSILE_TWIN,P020_STAGE_HCP_TENSILE_TWIN,Macro_Stress_MPa,400,MPa,DIRECT_CONDITION_OR_STAGE_EVIDENCE,Fig.3 and Fig.4 / pp.623-624,Real-time in-situ neutron diffraction and source interpretation,High,VERIFIED,EXPERIMENTAL,https://doi.org/10.1080/21663831.2018.1523239,MASTER_FIELD_MAPPING
P020,10.1080/21663831.2018.1523239,P020_SERIES01,P020_MAT_FE50MN30CO10CR10,,P020_STAGE_HCP_TENSILE_TWIN,P020_STAGE_HCP_TENSILE_TWIN,Mechanism_Event,HCP yields by tensile twinning; TRIP continues,as reported,DIRECT_CONDITION_OR_STAGE_EVIDENCE,Fig.3 and Fig.4 / pp.623-624,Real-time in-situ neutron diffraction and source interpretation,High,VERIFIED,EXPERIMENTAL,https://doi.org/10.1080/21663831.2018.1523239,MASTER_FIELD_MAPPING
P020,10.1080/21663831.2018.1523239,P020_SERIES01,P020_MAT_FE50MN30CO10CR10,,P020_STAGE_HCP_TENSILE_TWIN,P020_STAGE_HCP_TENSILE_TWIN,TRIP_Stage,1,binary,DIRECT_CONDITION_OR_STAGE_EVIDENCE,Fig.3 and Fig.4 / pp.623-624,Real-time in-situ neutron diffraction and source interpretation,High,VERIFIED,EXPERIMENTAL,https://doi.org/10.1080/21663831.2018.1523239,MASTER_FIELD_MAPPING
P020,10.1080/21663831.2018.1523239,P020_SERIES01,P020_MAT_FE50MN30CO10CR10,,P020_STAGE_HCP_TENSILE_TWIN,P020_STAGE_HCP_TENSILE_TWIN,TWIP_Stage,1,binary,DIRECT_CONDITION_OR_STAGE_EVIDENCE,Fig.3 and Fig.4 / pp.623-624,Real-time in-situ neutron diffraction and source interpretation,High,VERIFIED,EXPERIMENTAL,https://doi.org/10.1080/21663831.2018.1523239,MASTER_FIELD_MAPPING
P020,10.1080/21663831.2018.1523239,P020_SERIES01,P020_MAT_FE50MN30CO10CR10,,P020_STAGE_HCP_TENSILE_TWIN,P020_STAGE_HCP_TENSILE_TWIN,Slip_Stage,1,binary,DIRECT_CONDITION_OR_STAGE_EVIDENCE,Fig.3 and Fig.4 / pp.623-624,Real-time in-situ neutron diffraction and source interpretation,High,VERIFIED,EXPERIMENTAL,https://doi.org/10.1080/21663831.2018.1523239,MASTER_FIELD_MAPPING
P020,10.1080/21663831.2018.1523239,P020_SERIES01,P020_MAT_FE50MN30CO10CR10,,P020_STAGE_HCP_TENSILE_TWIN,P020_STAGE_HCP_TENSILE_TWIN,Stage_Evidence_Type,NEUTRON_GRAIN_INTENSITY_REORIENTATION,as reported,DIRECT_CONDITION_OR_STAGE_EVIDENCE,Fig.3 and Fig.4 / pp.623-624,Real-time in-situ neutron diffraction and source interpretation,High,VERIFIED,EXPERIMENTAL,https://doi.org/10.1080/21663831.2018.1523239,MASTER_FIELD_MAPPING
P020,10.1080/21663831.2018.1523239,P020_SERIES01,P020_MAT_FE50MN30CO10CR10,,P020_STAGE_HCP_TENSILE_TWIN,P020_STAGE_HCP_TENSILE_TWIN,P020_Target_Semantic_Note,{10.2} tensile twinning in HCP inferred from ~90 degree reorientation and grain-intensity bifurcation.,as reported,DIRECT_CONDITION_OR_STAGE_EVIDENCE,Fig.3 and Fig.4 / pp.623-624,Real-time in-situ neutron diffraction and source interpretation,High,VERIFIED,EXPERIMENTAL,https://doi.org/10.1080/21663831.2018.1523239,MASTER_FIELD_MAPPING
P020,10.1080/21663831.2018.1523239,P020_SERIES01,P020_MAT_FE50MN30CO10CR10,,P020_STAGE_MULTI_TWIN,P020_STAGE_MULTI_TWIN,Paper_ID,P020,as reported,SOURCE_IDENTITY,Fig.3 and Fig.4 / pp.623-624,Verified workbook and publisher DOI identity,High,VERIFIED,EXPERIMENTAL,https://doi.org/10.1080/21663831.2018.1523239,MASTER_FIELD_MAPPING
P020,10.1080/21663831.2018.1523239,P020_SERIES01,P020_MAT_FE50MN30CO10CR10,,P020_STAGE_MULTI_TWIN,P020_STAGE_MULTI_TWIN,DOI,10.1080/21663831.2018.1523239,as reported,SOURCE_IDENTITY,Fig.3 and Fig.4 / pp.623-624,Verified workbook and publisher DOI identity,High,VERIFIED,EXPERIMENTAL,https://doi.org/10.1080/21663831.2018.1523239,MASTER_FIELD_MAPPING
P020,10.1080/21663831.2018.1523239,P020_SERIES01,P020_MAT_FE50MN30CO10CR10,,P020_STAGE_MULTI_TWIN,P020_STAGE_MULTI_TWIN,Paper_Title,Deformation mechanisms and work-hardening behavior of transformation-induced plasticity high entropy alloys by in-situ neutron diffraction,as reported,SOURCE_IDENTITY,Fig.3 and Fig.4 / pp.623-624,Verified workbook and publisher DOI identity,High,VERIFIED,EXPERIMENTAL,https://doi.org/10.1080/21663831.2018.1523239,MASTER_FIELD_MAPPING
P020,10.1080/21663831.2018.1523239,P020_SERIES01,P020_MAT_FE50MN30CO10CR10,,P020_STAGE_MULTI_TWIN,P020_STAGE_MULTI_TWIN,Condition_ID,P020_STAGE_MULTI_TWIN,as reported,HIERARCHY_INTEGRATION,Fig.3 and Fig.4 / pp.623-624,Source-defined condition hierarchy,High,VERIFIED,EXPERIMENTAL,https://doi.org/10.1080/21663831.2018.1523239,MASTER_FIELD_MAPPING
P020,10.1080/21663831.2018.1523239,P020_SERIES01,P020_MAT_FE50MN30CO10CR10,,P020_STAGE_MULTI_TWIN,P020_STAGE_MULTI_TWIN,Experiment_Group_ID,P020_SERIES01,as reported,HIERARCHY_INTEGRATION,Fig.3 and Fig.4 / pp.623-624,Source-defined condition hierarchy,High,VERIFIED,EXPERIMENTAL,https://doi.org/10.1080/21663831.2018.1523239,MASTER_FIELD_MAPPING
P020,10.1080/21663831.2018.1523239,P020_SERIES01,P020_MAT_FE50MN30CO10CR10,,P020_STAGE_MULTI_TWIN,P020_STAGE_MULTI_TWIN,Row_Type,Correlated real-time in-situ neutron observation,as reported,HIERARCHY_INTEGRATION,Fig.3 and Fig.4 / pp.623-624,Source-defined condition hierarchy,High,VERIFIED,EXPERIMENTAL,https://doi.org/10.1080/21663831.2018.1523239,MASTER_FIELD_MAPPING
P020,10.1080/21663831.2018.1523239,P020_SERIES01,P020_MAT_FE50MN30CO10CR10,,P020_STAGE_MULTI_TWIN,P020_STAGE_MULTI_TWIN,Alloy_ID,Fe50Mn30Co10Cr10,as reported,DIRECT_TEXT_OR_VERIFIED_NA,Fig.3 and Fig.4 / pp.623-624,Source text; C-to-K representation only where required by existing field,High,VERIFIED,EXPERIMENTAL,https://doi.org/10.1080/21663831.2018.1523239,MASTER_FIELD_MAPPING
P020,10.1080/21663831.2018.1523239,P020_SERIES01,P020_MAT_FE50MN30CO10CR10,,P020_STAGE_MULTI_TWIN,P020_STAGE_MULTI_TWIN,Original_Composition,Fe50Mn30Co10Cr10,as reported,DIRECT_TEXT_OR_VERIFIED_NA,Fig.3 and Fig.4 / pp.623-624,Source text; C-to-K representation only where required by existing field,High,VERIFIED,EXPERIMENTAL,https://doi.org/10.1080/21663831.2018.1523239,MASTER_FIELD_MAPPING
P020,10.1080/21663831.2018.1523239,P020_SERIES01,P020_MAT_FE50MN30CO10CR10,,P020_STAGE_MULTI_TWIN,P020_STAGE_MULTI_TWIN,Composition_basis,at.% nominal,as reported,DIRECT_TEXT_OR_VERIFIED_NA,Fig.3 and Fig.4 / pp.623-624,Source text; C-to-K representation only where required by existing field,High,VERIFIED,EXPERIMENTAL,https://doi.org/10.1080/21663831.2018.1523239,MASTER_FIELD_MAPPING
P020,10.1080/21663831.2018.1523239,P020_SERIES01,P020_MAT_FE50MN30CO10CR10,,P020_STAGE_MULTI_TWIN,P020_STAGE_MULTI_TWIN,Characterization_methods,Real-time in-situ time-of-flight neutron diffraction,as reported,DIRECT_METHOD_METADATA,Fig.3 and Fig.4 / pp.623-624,Real-time in-situ time-of-flight neutron diffraction,High,VERIFIED,EXPERIMENTAL,https://doi.org/10.1080/21663831.2018.1523239,MASTER_FIELD_MAPPING
P020,10.1080/21663831.2018.1523239,P020_SERIES01,P020_MAT_FE50MN30CO10CR10,,P020_STAGE_MULTI_TWIN,P020_STAGE_MULTI_TWIN,Source_location,Fig.3 and Fig.4 / pp.623-624,as reported,DIRECT_CONDITION_OR_STAGE_EVIDENCE,Fig.3 and Fig.4 / pp.623-624,Real-time in-situ neutron diffraction and source interpretation,High,VERIFIED,EXPERIMENTAL,https://doi.org/10.1080/21663831.2018.1523239,MASTER_FIELD_MAPPING
P020,10.1080/21663831.2018.1523239,P020_SERIES01,P020_MAT_FE50MN30CO10CR10,,P020_STAGE_MULTI_TWIN,P020_STAGE_MULTI_TWIN,Parent_Experiment_ID,P020_MC_TRIPHEA_INSITU,as reported,HIERARCHY_INTEGRATION,Fig.3 and Fig.4 / pp.623-624,Source-defined condition hierarchy,High,VERIFIED,EXPERIMENTAL,https://doi.org/10.1080/21663831.2018.1523239,MASTER_FIELD_MAPPING
P020,10.1080/21663831.2018.1523239,P020_SERIES01,P020_MAT_FE50MN30CO10CR10,,P020_STAGE_MULTI_TWIN,P020_STAGE_MULTI_TWIN,Observation_ID,P020_STAGE_MULTI_TWIN,as reported,HIERARCHY_INTEGRATION,Fig.3 and Fig.4 / pp.623-624,Source-defined condition hierarchy,High,VERIFIED,EXPERIMENTAL,https://doi.org/10.1080/21663831.2018.1523239,MASTER_FIELD_MAPPING
P020,10.1080/21663831.2018.1523239,P020_SERIES01,P020_MAT_FE50MN30CO10CR10,,P020_STAGE_MULTI_TWIN,P020_STAGE_MULTI_TWIN,Data_Origin,EXPERIMENTAL,as reported,SOURCE_IDENTITY,Fig.3 and Fig.4 / pp.623-624,Verified workbook and publisher DOI identity,High,VERIFIED,EXPERIMENTAL,https://doi.org/10.1080/21663831.2018.1523239,MASTER_FIELD_MAPPING
P020,10.1080/21663831.2018.1523239,P020_SERIES01,P020_MAT_FE50MN30CO10CR10,,P020_STAGE_MULTI_TWIN,P020_STAGE_MULTI_TWIN,Observation_Role,CORRELATED_IN_SITU_STAGE,as reported,HIERARCHY_INTEGRATION,Fig.3 and Fig.4 / pp.623-624,Source-defined condition hierarchy,High,VERIFIED,EXPERIMENTAL,https://doi.org/10.1080/21663831.2018.1523239,MASTER_FIELD_MAPPING
P020,10.1080/21663831.2018.1523239,P020_SERIES01,P020_MAT_FE50MN30CO10CR10,,P020_STAGE_MULTI_TWIN,P020_STAGE_MULTI_TWIN,Deformation_Stage_ID,P020_STAGE_MULTI_TWIN,as reported,HIERARCHY_INTEGRATION,Fig.3 and Fig.4 / pp.623-624,Source-defined condition hierarchy,High,VERIFIED,EXPERIMENTAL,https://doi.org/10.1080/21663831.2018.1523239,MASTER_FIELD_MAPPING
P020,10.1080/21663831.2018.1523239,P020_SERIES01,P020_MAT_FE50MN30CO10CR10,,P020_STAGE_MULTI_TWIN,P020_STAGE_MULTI_TWIN,Grouping_Review_Required,False,as reported,HIERARCHY_INTEGRATION,Fig.3 and Fig.4 / pp.623-624,Source-defined condition hierarchy,High,VERIFIED,EXPERIMENTAL,https://doi.org/10.1080/21663831.2018.1523239,MASTER_FIELD_MAPPING
P020,10.1080/21663831.2018.1523239,P020_SERIES01,P020_MAT_FE50MN30CO10CR10,,P020_STAGE_MULTI_TWIN,P020_STAGE_MULTI_TWIN,Grouping_Confidence,HIGH,as reported,HIERARCHY_INTEGRATION,Fig.3 and Fig.4 / pp.623-624,Source-defined condition hierarchy,High,VERIFIED,EXPERIMENTAL,https://doi.org/10.1080/21663831.2018.1523239,MASTER_FIELD_MAPPING
P020,10.1080/21663831.2018.1523239,P020_SERIES01,P020_MAT_FE50MN30CO10CR10,,P020_STAGE_MULTI_TWIN,P020_STAGE_MULTI_TWIN,Grouping_Reason,Correlated observation from parent in-situ tensile condition,as reported,HIERARCHY_INTEGRATION,Fig.3 and Fig.4 / pp.623-624,Source-defined condition hierarchy,High,VERIFIED,EXPERIMENTAL,https://doi.org/10.1080/21663831.2018.1523239,MASTER_FIELD_MAPPING
P020,10.1080/21663831.2018.1523239,P020_SERIES01,P020_MAT_FE50MN30CO10CR10,,P020_STAGE_MULTI_TWIN,P020_STAGE_MULTI_TWIN,Study_Series_ID,P020_SERIES01,as reported,HIERARCHY_INTEGRATION,Fig.3 and Fig.4 / pp.623-624,Source-defined condition hierarchy,High,VERIFIED,EXPERIMENTAL,https://doi.org/10.1080/21663831.2018.1523239,MASTER_FIELD_MAPPING
P020,10.1080/21663831.2018.1523239,P020_SERIES01,P020_MAT_FE50MN30CO10CR10,,P020_STAGE_MULTI_TWIN,P020_STAGE_MULTI_TWIN,Material_Parent_ID,P020_MAT_FE50MN30CO10CR10,as reported,HIERARCHY_INTEGRATION,Fig.3 and Fig.4 / pp.623-624,Source-defined condition hierarchy,High,VERIFIED,EXPERIMENTAL,https://doi.org/10.1080/21663831.2018.1523239,MASTER_FIELD_MAPPING
P020,10.1080/21663831.2018.1523239,P020_SERIES01,P020_MAT_FE50MN30CO10CR10,,P020_STAGE_MULTI_TWIN,P020_STAGE_MULTI_TWIN,Leakage_Group_Strict,P020_SERIES01,as reported,HIERARCHY_INTEGRATION,Fig.3 and Fig.4 / pp.623-624,Source-defined condition hierarchy,High,VERIFIED,EXPERIMENTAL,https://doi.org/10.1080/21663831.2018.1523239,MASTER_FIELD_MAPPING
P020,10.1080/21663831.2018.1523239,P020_SERIES01,P020_MAT_FE50MN30CO10CR10,,P020_STAGE_MULTI_TWIN,P020_STAGE_MULTI_TWIN,Leakage_Group_Material,P020_MAT_FE50MN30CO10CR10,as reported,HIERARCHY_INTEGRATION,Fig.3 and Fig.4 / pp.623-624,Source-defined condition hierarchy,High,VERIFIED,EXPERIMENTAL,https://doi.org/10.1080/21663831.2018.1523239,MASTER_FIELD_MAPPING
P020,10.1080/21663831.2018.1523239,P020_SERIES01,P020_MAT_FE50MN30CO10CR10,,P020_STAGE_MULTI_TWIN,P020_STAGE_MULTI_TWIN,Parent_ML_Condition_ID,P020_MC_TRIPHEA_INSITU,as reported,HIERARCHY_INTEGRATION,Fig.3 and Fig.4 / pp.623-624,Source-defined condition hierarchy,High,VERIFIED,EXPERIMENTAL,https://doi.org/10.1080/21663831.2018.1523239,MASTER_FIELD_MAPPING
P020,10.1080/21663831.2018.1523239,P020_SERIES01,P020_MAT_FE50MN30CO10CR10,,P020_STAGE_MULTI_TWIN,P020_STAGE_MULTI_TWIN,Independent_ML_sample,False,as reported,HIERARCHY_INTEGRATION,Fig.3 and Fig.4 / pp.623-624,Source-defined condition hierarchy,High,VERIFIED,EXPERIMENTAL,https://doi.org/10.1080/21663831.2018.1523239,MASTER_FIELD_MAPPING
P020,10.1080/21663831.2018.1523239,P020_SERIES01,P020_MAT_FE50MN30CO10CR10,,P020_STAGE_MULTI_TWIN,P020_STAGE_MULTI_TWIN,TWIP_at_stage,1,binary,DIRECT_CONDITION_OR_STAGE_EVIDENCE,Fig.3 and Fig.4 / pp.623-624,Real-time in-situ neutron diffraction and source interpretation,High,VERIFIED,EXPERIMENTAL,https://doi.org/10.1080/21663831.2018.1523239,MASTER_FIELD_MAPPING
P020,10.1080/21663831.2018.1523239,P020_SERIES01,P020_MAT_FE50MN30CO10CR10,,P020_STAGE_MULTI_TWIN,P020_STAGE_MULTI_TWIN,TRIP_at_stage,1,binary,DIRECT_CONDITION_OR_STAGE_EVIDENCE,Fig.3 and Fig.4 / pp.623-624,Real-time in-situ neutron diffraction and source interpretation,High,VERIFIED,EXPERIMENTAL,https://doi.org/10.1080/21663831.2018.1523239,MASTER_FIELD_MAPPING
P020,10.1080/21663831.2018.1523239,P020_SERIES01,P020_MAT_FE50MN30CO10CR10,,P020_STAGE_MULTI_TWIN,P020_STAGE_MULTI_TWIN,Slip_at_stage,1,binary,DIRECT_CONDITION_OR_STAGE_EVIDENCE,Fig.3 and Fig.4 / pp.623-624,Real-time in-situ neutron diffraction and source interpretation,High,VERIFIED,EXPERIMENTAL,https://doi.org/10.1080/21663831.2018.1523239,MASTER_FIELD_MAPPING
P020,10.1080/21663831.2018.1523239,P020_SERIES01,P020_MAT_FE50MN30CO10CR10,,P020_STAGE_MULTI_TWIN,P020_STAGE_MULTI_TWIN,Independent_Experimental_ML_sample,False,as reported,HIERARCHY_INTEGRATION,Fig.3 and Fig.4 / pp.623-624,Source-defined condition hierarchy,High,VERIFIED,EXPERIMENTAL,https://doi.org/10.1080/21663831.2018.1523239,MASTER_FIELD_MAPPING
P020,10.1080/21663831.2018.1523239,P020_SERIES01,P020_MAT_FE50MN30CO10CR10,,P020_STAGE_MULTI_TWIN,P020_STAGE_MULTI_TWIN,Experimental_Target_Eligibility,False,as reported,HIERARCHY_INTEGRATION,Fig.3 and Fig.4 / pp.623-624,Source-defined condition hierarchy,High,VERIFIED,EXPERIMENTAL,https://doi.org/10.1080/21663831.2018.1523239,MASTER_FIELD_MAPPING
P020,10.1080/21663831.2018.1523239,P020_SERIES01,P020_MAT_FE50MN30CO10CR10,,P020_STAGE_MULTI_TWIN,P020_STAGE_MULTI_TWIN,Target_Evidence_Confidence,High,as reported,DIRECT_CONDITION_OR_STAGE_EVIDENCE,Fig.3 and Fig.4 / pp.623-624,Real-time in-situ neutron diffraction and source interpretation,High,VERIFIED,EXPERIMENTAL,https://doi.org/10.1080/21663831.2018.1523239,MASTER_FIELD_MAPPING
P020,10.1080/21663831.2018.1523239,P020_SERIES01,P020_MAT_FE50MN30CO10CR10,,P020_STAGE_MULTI_TWIN,P020_STAGE_MULTI_TWIN,Stage_Method,Real-time in-situ time-of-flight neutron diffraction,as reported,DIRECT_CONDITION_OR_STAGE_EVIDENCE,Fig.3 and Fig.4 / pp.623-624,Real-time in-situ neutron diffraction and source interpretation,High,VERIFIED,EXPERIMENTAL,https://doi.org/10.1080/21663831.2018.1523239,MASTER_FIELD_MAPPING
P020,10.1080/21663831.2018.1523239,P020_SERIES01,P020_MAT_FE50MN30CO10CR10,,P020_STAGE_MULTI_TWIN,P020_STAGE_MULTI_TWIN,P020_Record_Role,RECOVERED_CORRELATED_IN_SITU_STAGE,as reported,HIERARCHY_INTEGRATION,Fig.3 and Fig.4 / pp.623-624,Source-defined condition hierarchy,High,VERIFIED,EXPERIMENTAL,https://doi.org/10.1080/21663831.2018.1523239,MASTER_FIELD_MAPPING
P020,10.1080/21663831.2018.1523239,P020_SERIES01,P020_MAT_FE50MN30CO10CR10,,P020_STAGE_MULTI_TWIN,P020_STAGE_MULTI_TWIN,P020_Target_Status,STAGE_SPECIFIC_SUPPORT_NOT_CONDITION_LABEL,as reported,DIRECT_CONDITION_OR_STAGE_EVIDENCE,Fig.3 and Fig.4 / pp.623-624,Real-time in-situ neutron diffraction and source interpretation,High,VERIFIED,EXPERIMENTAL,https://doi.org/10.1080/21663831.2018.1523239,MASTER_FIELD_MAPPING
P020,10.1080/21663831.2018.1523239,P020_SERIES01,P020_MAT_FE50MN30CO10CR10,,P020_STAGE_MULTI_TWIN,P020_STAGE_MULTI_TWIN,P020_Source_Identity_Status,VERIFIED_PDF_AND_PUBLISHER_DOI_MATCH,as reported,SOURCE_IDENTITY,Fig.3 and Fig.4 / pp.623-624,Verified workbook and publisher DOI identity,High,VERIFIED,EXPERIMENTAL,https://doi.org/10.1080/21663831.2018.1523239,MASTER_FIELD_MAPPING
P020,10.1080/21663831.2018.1523239,P020_SERIES01,P020_MAT_FE50MN30CO10CR10,,P020_STAGE_MULTI_TWIN,P020_STAGE_MULTI_TWIN,P020_QC_Status,PENDING_GLOBAL_QC_SCHEMA_SPLIT_REFRESH,as reported,HIERARCHY_INTEGRATION,Fig.3 and Fig.4 / pp.623-624,Source-defined condition hierarchy,High,VERIFIED,EXPERIMENTAL,https://doi.org/10.1080/21663831.2018.1523239,MASTER_FIELD_MAPPING
P020,10.1080/21663831.2018.1523239,P020_SERIES01,P020_MAT_FE50MN30CO10CR10,,P020_STAGE_MULTI_TWIN,P020_STAGE_MULTI_TWIN,Journal,Materials Research Letters,as reported,SOURCE_IDENTITY,Fig.3 and Fig.4 / pp.623-624,Verified workbook and publisher DOI identity,High,VERIFIED,EXPERIMENTAL,https://doi.org/10.1080/21663831.2018.1523239,MASTER_FIELD_MAPPING
P020,10.1080/21663831.2018.1523239,P020_SERIES01,P020_MAT_FE50MN30CO10CR10,,P020_STAGE_MULTI_TWIN,P020_STAGE_MULTI_TWIN,Volume,6,as reported,SOURCE_IDENTITY,Fig.3 and Fig.4 / pp.623-624,Verified workbook and publisher DOI identity,High,VERIFIED,EXPERIMENTAL,https://doi.org/10.1080/21663831.2018.1523239,MASTER_FIELD_MAPPING
P020,10.1080/21663831.2018.1523239,P020_SERIES01,P020_MAT_FE50MN30CO10CR10,,P020_STAGE_MULTI_TWIN,P020_STAGE_MULTI_TWIN,Issue,11,as reported,SOURCE_IDENTITY,Fig.3 and Fig.4 / pp.623-624,Verified workbook and publisher DOI identity,High,VERIFIED,EXPERIMENTAL,https://doi.org/10.1080/21663831.2018.1523239,MASTER_FIELD_MAPPING
P020,10.1080/21663831.2018.1523239,P020_SERIES01,P020_MAT_FE50MN30CO10CR10,,P020_STAGE_MULTI_TWIN,P020_STAGE_MULTI_TWIN,Pages,620-626,as reported,SOURCE_IDENTITY,Fig.3 and Fig.4 / pp.623-624,Verified workbook and publisher DOI identity,High,VERIFIED,EXPERIMENTAL,https://doi.org/10.1080/21663831.2018.1523239,MASTER_FIELD_MAPPING
P020,10.1080/21663831.2018.1523239,P020_SERIES01,P020_MAT_FE50MN30CO10CR10,,P020_STAGE_MULTI_TWIN,P020_STAGE_MULTI_TWIN,Publication_Year,2018,as reported,SOURCE_IDENTITY,Fig.3 and Fig.4 / pp.623-624,Verified workbook and publisher DOI identity,High,VERIFIED,EXPERIMENTAL,https://doi.org/10.1080/21663831.2018.1523239,MASTER_FIELD_MAPPING
P020,10.1080/21663831.2018.1523239,P020_SERIES01,P020_MAT_FE50MN30CO10CR10,,P020_STAGE_MULTI_TWIN,P020_STAGE_MULTI_TWIN,Source_URL,https://doi.org/10.1080/21663831.2018.1523239,as reported,SOURCE_IDENTITY,Fig.3 and Fig.4 / pp.623-624,Verified workbook and publisher DOI identity,High,VERIFIED,EXPERIMENTAL,https://doi.org/10.1080/21663831.2018.1523239,MASTER_FIELD_MAPPING
P020,10.1080/21663831.2018.1523239,P020_SERIES01,P020_MAT_FE50MN30CO10CR10,,P020_STAGE_MULTI_TWIN,P020_STAGE_MULTI_TWIN,Alloy_Family_Text,Fe50Mn30Co10Cr10,as reported,DIRECT_TEXT_OR_VERIFIED_NA,Fig.3 and Fig.4 / pp.623-624,Source text; C-to-K representation only where required by existing field,High,VERIFIED,EXPERIMENTAL,https://doi.org/10.1080/21663831.2018.1523239,MASTER_FIELD_MAPPING
P020,10.1080/21663831.2018.1523239,P020_SERIES01,P020_MAT_FE50MN30CO10CR10,,P020_STAGE_MULTI_TWIN,P020_STAGE_MULTI_TWIN,Alloy_Family_Use,GROUPING_AUDIT_ONLY_NOT_PREDICTOR_NOT_SAMPLE_IDENTITY,as reported,DIRECT_TEXT_OR_VERIFIED_NA,Fig.3 and Fig.4 / pp.623-624,Source text; C-to-K representation only where required by existing field,High,VERIFIED,EXPERIMENTAL,https://doi.org/10.1080/21663831.2018.1523239,MASTER_FIELD_MAPPING
P020,10.1080/21663831.2018.1523239,P020_SERIES01,P020_MAT_FE50MN30CO10CR10,,P020_STAGE_MULTI_TWIN,P020_STAGE_MULTI_TWIN,Target_Status,STAGE_SPECIFIC_SUPPORT_NOT_CONDITION_LABEL,as reported,DIRECT_CONDITION_OR_STAGE_EVIDENCE,Fig.3 and Fig.4 / pp.623-624,Real-time in-situ neutron diffraction and source interpretation,High,VERIFIED,EXPERIMENTAL,https://doi.org/10.1080/21663831.2018.1523239,MASTER_FIELD_MAPPING
P020,10.1080/21663831.2018.1523239,P020_SERIES01,P020_MAT_FE50MN30CO10CR10,,P020_STAGE_MULTI_TWIN,P020_STAGE_MULTI_TWIN,TWIP_Phase,HCP,as reported,DIRECT_CONDITION_OR_STAGE_EVIDENCE,Fig.3 and Fig.4 / pp.623-624,Real-time in-situ neutron diffraction and source interpretation,High,VERIFIED,EXPERIMENTAL,https://doi.org/10.1080/21663831.2018.1523239,MASTER_FIELD_MAPPING
P020,10.1080/21663831.2018.1523239,P020_SERIES01,P020_MAT_FE50MN30CO10CR10,,P020_STAGE_MULTI_TWIN,P020_STAGE_MULTI_TWIN,TWIP_Mode,HCP_COMPRESSION_AND_MULTIPLE_TWINNING,as reported,DIRECT_CONDITION_OR_STAGE_EVIDENCE,Fig.3 and Fig.4 / pp.623-624,Real-time in-situ neutron diffraction and source interpretation,High,VERIFIED,EXPERIMENTAL,https://doi.org/10.1080/21663831.2018.1523239,MASTER_FIELD_MAPPING
P020,10.1080/21663831.2018.1523239,P020_SERIES01,P020_MAT_FE50MN30CO10CR10,,P020_STAGE_MULTI_TWIN,P020_STAGE_MULTI_TWIN,Stage_Label,IV,as reported,DIRECT_CONDITION_OR_STAGE_EVIDENCE,Fig.3 and Fig.4 / pp.623-624,Real-time in-situ neutron diffraction and source interpretation,High,VERIFIED,EXPERIMENTAL,https://doi.org/10.1080/21663831.2018.1523239,MASTER_FIELD_MAPPING
P020,10.1080/21663831.2018.1523239,P020_SERIES01,P020_MAT_FE50MN30CO10CR10,,P020_STAGE_MULTI_TWIN,P020_STAGE_MULTI_TWIN,Stage_Strain_Relation,approximately 15% strain,as reported,DIRECT_CONDITION_OR_STAGE_EVIDENCE,Fig.3 and Fig.4 / pp.623-624,Real-time in-situ neutron diffraction and source interpretation,High,VERIFIED,EXPERIMENTAL,https://doi.org/10.1080/21663831.2018.1523239,MASTER_FIELD_MAPPING
P020,10.1080/21663831.2018.1523239,P020_SERIES01,P020_MAT_FE50MN30CO10CR10,,P020_STAGE_MULTI_TWIN,P020_STAGE_MULTI_TWIN,Macro_Stress_MPa,730,MPa,DIRECT_CONDITION_OR_STAGE_EVIDENCE,Fig.3 and Fig.4 / pp.623-624,Real-time in-situ neutron diffraction and source interpretation,High,VERIFIED,EXPERIMENTAL,https://doi.org/10.1080/21663831.2018.1523239,MASTER_FIELD_MAPPING
P020,10.1080/21663831.2018.1523239,P020_SERIES01,P020_MAT_FE50MN30CO10CR10,,P020_STAGE_MULTI_TWIN,P020_STAGE_MULTI_TWIN,Macro_Strain_pct,15,%,DIRECT_CONDITION_OR_STAGE_EVIDENCE,Fig.3 and Fig.4 / pp.623-624,Real-time in-situ neutron diffraction and source interpretation,High,VERIFIED,EXPERIMENTAL,https://doi.org/10.1080/21663831.2018.1523239,MASTER_FIELD_MAPPING
P020,10.1080/21663831.2018.1523239,P020_SERIES01,P020_MAT_FE50MN30CO10CR10,,P020_STAGE_MULTI_TWIN,P020_STAGE_MULTI_TWIN,Mechanism_Event,Compression/multiple HCP twinning plus slip; TRIP rate changes,as reported,DIRECT_CONDITION_OR_STAGE_EVIDENCE,Fig.3 and Fig.4 / pp.623-624,Real-time in-situ neutron diffraction and source interpretation,High,VERIFIED,EXPERIMENTAL,https://doi.org/10.1080/21663831.2018.1523239,MASTER_FIELD_MAPPING
P020,10.1080/21663831.2018.1523239,P020_SERIES01,P020_MAT_FE50MN30CO10CR10,,P020_STAGE_MULTI_TWIN,P020_STAGE_MULTI_TWIN,TRIP_Stage,1,binary,DIRECT_CONDITION_OR_STAGE_EVIDENCE,Fig.3 and Fig.4 / pp.623-624,Real-time in-situ neutron diffraction and source interpretation,High,VERIFIED,EXPERIMENTAL,https://doi.org/10.1080/21663831.2018.1523239,MASTER_FIELD_MAPPING
P020,10.1080/21663831.2018.1523239,P020_SERIES01,P020_MAT_FE50MN30CO10CR10,,P020_STAGE_MULTI_TWIN,P020_STAGE_MULTI_TWIN,TWIP_Stage,1,binary,DIRECT_CONDITION_OR_STAGE_EVIDENCE,Fig.3 and Fig.4 / pp.623-624,Real-time in-situ neutron diffraction and source interpretation,High,VERIFIED,EXPERIMENTAL,https://doi.org/10.1080/21663831.2018.1523239,MASTER_FIELD_MAPPING
P020,10.1080/21663831.2018.1523239,P020_SERIES01,P020_MAT_FE50MN30CO10CR10,,P020_STAGE_MULTI_TWIN,P020_STAGE_MULTI_TWIN,Slip_Stage,1,binary,DIRECT_CONDITION_OR_STAGE_EVIDENCE,Fig.3 and Fig.4 / pp.623-624,Real-time in-situ neutron diffraction and source interpretation,High,VERIFIED,EXPERIMENTAL,https://doi.org/10.1080/21663831.2018.1523239,MASTER_FIELD_MAPPING
P020,10.1080/21663831.2018.1523239,P020_SERIES01,P020_MAT_FE50MN30CO10CR10,,P020_STAGE_MULTI_TWIN,P020_STAGE_MULTI_TWIN,Stage_Evidence_Type,NEUTRON_GRAIN_INTENSITY_REORIENTATION,as reported,DIRECT_CONDITION_OR_STAGE_EVIDENCE,Fig.3 and Fig.4 / pp.623-624,Real-time in-situ neutron diffraction and source interpretation,High,VERIFIED,EXPERIMENTAL,https://doi.org/10.1080/21663831.2018.1523239,MASTER_FIELD_MAPPING
P020,10.1080/21663831.2018.1523239,P020_SERIES01,P020_MAT_FE50MN30CO10CR10,,P020_STAGE_MULTI_TWIN,P020_STAGE_MULTI_TWIN,P020_Target_Semantic_Note,Compression twinning and multiple twin systems activated; large-scale slip also contributes.,as reported,DIRECT_CONDITION_OR_STAGE_EVIDENCE,Fig.3 and Fig.4 / pp.623-624,Real-time in-situ neutron diffraction and source interpretation,High,VERIFIED,EXPERIMENTAL,https://doi.org/10.1080/21663831.2018.1523239,MASTER_FIELD_MAPPING
P020,10.1080/21663831.2018.1523239,P020_SERIES01,P020_MAT_FE50MN30CO10CR10,,P020_STAGE_LATE_TRIP_SUPPRESSION,P020_STAGE_LATE_TRIP_SUPPRESSION,Paper_ID,P020,as reported,SOURCE_IDENTITY,Fig.2 / p.622,Verified workbook and publisher DOI identity,High,VERIFIED,EXPERIMENTAL,https://doi.org/10.1080/21663831.2018.1523239,MASTER_FIELD_MAPPING
P020,10.1080/21663831.2018.1523239,P020_SERIES01,P020_MAT_FE50MN30CO10CR10,,P020_STAGE_LATE_TRIP_SUPPRESSION,P020_STAGE_LATE_TRIP_SUPPRESSION,DOI,10.1080/21663831.2018.1523239,as reported,SOURCE_IDENTITY,Fig.2 / p.622,Verified workbook and publisher DOI identity,High,VERIFIED,EXPERIMENTAL,https://doi.org/10.1080/21663831.2018.1523239,MASTER_FIELD_MAPPING
P020,10.1080/21663831.2018.1523239,P020_SERIES01,P020_MAT_FE50MN30CO10CR10,,P020_STAGE_LATE_TRIP_SUPPRESSION,P020_STAGE_LATE_TRIP_SUPPRESSION,Paper_Title,Deformation mechanisms and work-hardening behavior of transformation-induced plasticity high entropy alloys by in-situ neutron diffraction,as reported,SOURCE_IDENTITY,Fig.2 / p.622,Verified workbook and publisher DOI identity,High,VERIFIED,EXPERIMENTAL,https://doi.org/10.1080/21663831.2018.1523239,MASTER_FIELD_MAPPING
P020,10.1080/21663831.2018.1523239,P020_SERIES01,P020_MAT_FE50MN30CO10CR10,,P020_STAGE_LATE_TRIP_SUPPRESSION,P020_STAGE_LATE_TRIP_SUPPRESSION,Condition_ID,P020_STAGE_LATE_TRIP_SUPPRESSION,as reported,HIERARCHY_INTEGRATION,Fig.2 / p.622,Source-defined condition hierarchy,High,VERIFIED,EXPERIMENTAL,https://doi.org/10.1080/21663831.2018.1523239,MASTER_FIELD_MAPPING
P020,10.1080/21663831.2018.1523239,P020_SERIES01,P020_MAT_FE50MN30CO10CR10,,P020_STAGE_LATE_TRIP_SUPPRESSION,P020_STAGE_LATE_TRIP_SUPPRESSION,Experiment_Group_ID,P020_SERIES01,as reported,HIERARCHY_INTEGRATION,Fig.2 / p.622,Source-defined condition hierarchy,High,VERIFIED,EXPERIMENTAL,https://doi.org/10.1080/21663831.2018.1523239,MASTER_FIELD_MAPPING
P020,10.1080/21663831.2018.1523239,P020_SERIES01,P020_MAT_FE50MN30CO10CR10,,P020_STAGE_LATE_TRIP_SUPPRESSION,P020_STAGE_LATE_TRIP_SUPPRESSION,Row_Type,Correlated real-time in-situ neutron observation,as reported,HIERARCHY_INTEGRATION,Fig.2 / p.622,Source-defined condition hierarchy,High,VERIFIED,EXPERIMENTAL,https://doi.org/10.1080/21663831.2018.1523239,MASTER_FIELD_MAPPING
P020,10.1080/21663831.2018.1523239,P020_SERIES01,P020_MAT_FE50MN30CO10CR10,,P020_STAGE_LATE_TRIP_SUPPRESSION,P020_STAGE_LATE_TRIP_SUPPRESSION,Alloy_ID,Fe50Mn30Co10Cr10,as reported,DIRECT_TEXT_OR_VERIFIED_NA,Fig.2 / p.622,Source text; C-to-K representation only where required by existing field,High,VERIFIED,EXPERIMENTAL,https://doi.org/10.1080/21663831.2018.1523239,MASTER_FIELD_MAPPING
P020,10.1080/21663831.2018.1523239,P020_SERIES01,P020_MAT_FE50MN30CO10CR10,,P020_STAGE_LATE_TRIP_SUPPRESSION,P020_STAGE_LATE_TRIP_SUPPRESSION,Original_Composition,Fe50Mn30Co10Cr10,as reported,DIRECT_TEXT_OR_VERIFIED_NA,Fig.2 / p.622,Source text; C-to-K representation only where required by existing field,High,VERIFIED,EXPERIMENTAL,https://doi.org/10.1080/21663831.2018.1523239,MASTER_FIELD_MAPPING
P020,10.1080/21663831.2018.1523239,P020_SERIES01,P020_MAT_FE50MN30CO10CR10,,P020_STAGE_LATE_TRIP_SUPPRESSION,P020_STAGE_LATE_TRIP_SUPPRESSION,Composition_basis,at.% nominal,as reported,DIRECT_TEXT_OR_VERIFIED_NA,Fig.2 / p.622,Source text; C-to-K representation only where required by existing field,High,VERIFIED,EXPERIMENTAL,https://doi.org/10.1080/21663831.2018.1523239,MASTER_FIELD_MAPPING
P020,10.1080/21663831.2018.1523239,P020_SERIES01,P020_MAT_FE50MN30CO10CR10,,P020_STAGE_LATE_TRIP_SUPPRESSION,P020_STAGE_LATE_TRIP_SUPPRESSION,Characterization_methods,Real-time in-situ time-of-flight neutron diffraction,as reported,DIRECT_METHOD_METADATA,Fig.2 / p.622,Real-time in-situ time-of-flight neutron diffraction,High,VERIFIED,EXPERIMENTAL,https://doi.org/10.1080/21663831.2018.1523239,MASTER_FIELD_MAPPING
P020,10.1080/21663831.2018.1523239,P020_SERIES01,P020_MAT_FE50MN30CO10CR10,,P020_STAGE_LATE_TRIP_SUPPRESSION,P020_STAGE_LATE_TRIP_SUPPRESSION,Source_location,Fig.2 / p.622,as reported,DIRECT_CONDITION_OR_STAGE_EVIDENCE,Fig.2 / p.622,Real-time in-situ neutron diffraction and source interpretation,High,VERIFIED,EXPERIMENTAL,https://doi.org/10.1080/21663831.2018.1523239,MASTER_FIELD_MAPPING
P020,10.1080/21663831.2018.1523239,P020_SERIES01,P020_MAT_FE50MN30CO10CR10,,P020_STAGE_LATE_TRIP_SUPPRESSION,P020_STAGE_LATE_TRIP_SUPPRESSION,Parent_Experiment_ID,P020_MC_TRIPHEA_INSITU,as reported,HIERARCHY_INTEGRATION,Fig.2 / p.622,Source-defined condition hierarchy,High,VERIFIED,EXPERIMENTAL,https://doi.org/10.1080/21663831.2018.1523239,MASTER_FIELD_MAPPING
P020,10.1080/21663831.2018.1523239,P020_SERIES01,P020_MAT_FE50MN30CO10CR10,,P020_STAGE_LATE_TRIP_SUPPRESSION,P020_STAGE_LATE_TRIP_SUPPRESSION,Observation_ID,P020_STAGE_LATE_TRIP_SUPPRESSION,as reported,HIERARCHY_INTEGRATION,Fig.2 / p.622,Source-defined condition hierarchy,High,VERIFIED,EXPERIMENTAL,https://doi.org/10.1080/21663831.2018.1523239,MASTER_FIELD_MAPPING
P020,10.1080/21663831.2018.1523239,P020_SERIES01,P020_MAT_FE50MN30CO10CR10,,P020_STAGE_LATE_TRIP_SUPPRESSION,P020_STAGE_LATE_TRIP_SUPPRESSION,Data_Origin,EXPERIMENTAL,as reported,SOURCE_IDENTITY,Fig.2 / p.622,Verified workbook and publisher DOI identity,High,VERIFIED,EXPERIMENTAL,https://doi.org/10.1080/21663831.2018.1523239,MASTER_FIELD_MAPPING
P020,10.1080/21663831.2018.1523239,P020_SERIES01,P020_MAT_FE50MN30CO10CR10,,P020_STAGE_LATE_TRIP_SUPPRESSION,P020_STAGE_LATE_TRIP_SUPPRESSION,Observation_Role,CORRELATED_IN_SITU_STAGE,as reported,HIERARCHY_INTEGRATION,Fig.2 / p.622,Source-defined condition hierarchy,High,VERIFIED,EXPERIMENTAL,https://doi.org/10.1080/21663831.2018.1523239,MASTER_FIELD_MAPPING
P020,10.1080/21663831.2018.1523239,P020_SERIES01,P020_MAT_FE50MN30CO10CR10,,P020_STAGE_LATE_TRIP_SUPPRESSION,P020_STAGE_LATE_TRIP_SUPPRESSION,Deformation_Stage_ID,P020_STAGE_LATE_TRIP_SUPPRESSION,as reported,HIERARCHY_INTEGRATION,Fig.2 / p.622,Source-defined condition hierarchy,High,VERIFIED,EXPERIMENTAL,https://doi.org/10.1080/21663831.2018.1523239,MASTER_FIELD_MAPPING
P020,10.1080/21663831.2018.1523239,P020_SERIES01,P020_MAT_FE50MN30CO10CR10,,P020_STAGE_LATE_TRIP_SUPPRESSION,P020_STAGE_LATE_TRIP_SUPPRESSION,Grouping_Review_Required,False,as reported,HIERARCHY_INTEGRATION,Fig.2 / p.622,Source-defined condition hierarchy,High,VERIFIED,EXPERIMENTAL,https://doi.org/10.1080/21663831.2018.1523239,MASTER_FIELD_MAPPING
P020,10.1080/21663831.2018.1523239,P020_SERIES01,P020_MAT_FE50MN30CO10CR10,,P020_STAGE_LATE_TRIP_SUPPRESSION,P020_STAGE_LATE_TRIP_SUPPRESSION,Grouping_Confidence,HIGH,as reported,HIERARCHY_INTEGRATION,Fig.2 / p.622,Source-defined condition hierarchy,High,VERIFIED,EXPERIMENTAL,https://doi.org/10.1080/21663831.2018.1523239,MASTER_FIELD_MAPPING
P020,10.1080/21663831.2018.1523239,P020_SERIES01,P020_MAT_FE50MN30CO10CR10,,P020_STAGE_LATE_TRIP_SUPPRESSION,P020_STAGE_LATE_TRIP_SUPPRESSION,Grouping_Reason,Correlated observation from parent in-situ tensile condition,as reported,HIERARCHY_INTEGRATION,Fig.2 / p.622,Source-defined condition hierarchy,High,VERIFIED,EXPERIMENTAL,https://doi.org/10.1080/21663831.2018.1523239,MASTER_FIELD_MAPPING
P020,10.1080/21663831.2018.1523239,P020_SERIES01,P020_MAT_FE50MN30CO10CR10,,P020_STAGE_LATE_TRIP_SUPPRESSION,P020_STAGE_LATE_TRIP_SUPPRESSION,Study_Series_ID,P020_SERIES01,as reported,HIERARCHY_INTEGRATION,Fig.2 / p.622,Source-defined condition hierarchy,High,VERIFIED,EXPERIMENTAL,https://doi.org/10.1080/21663831.2018.1523239,MASTER_FIELD_MAPPING
P020,10.1080/21663831.2018.1523239,P020_SERIES01,P020_MAT_FE50MN30CO10CR10,,P020_STAGE_LATE_TRIP_SUPPRESSION,P020_STAGE_LATE_TRIP_SUPPRESSION,Material_Parent_ID,P020_MAT_FE50MN30CO10CR10,as reported,HIERARCHY_INTEGRATION,Fig.2 / p.622,Source-defined condition hierarchy,High,VERIFIED,EXPERIMENTAL,https://doi.org/10.1080/21663831.2018.1523239,MASTER_FIELD_MAPPING
P020,10.1080/21663831.2018.1523239,P020_SERIES01,P020_MAT_FE50MN30CO10CR10,,P020_STAGE_LATE_TRIP_SUPPRESSION,P020_STAGE_LATE_TRIP_SUPPRESSION,Leakage_Group_Strict,P020_SERIES01,as reported,HIERARCHY_INTEGRATION,Fig.2 / p.622,Source-defined condition hierarchy,High,VERIFIED,EXPERIMENTAL,https://doi.org/10.1080/21663831.2018.1523239,MASTER_FIELD_MAPPING
P020,10.1080/21663831.2018.1523239,P020_SERIES01,P020_MAT_FE50MN30CO10CR10,,P020_STAGE_LATE_TRIP_SUPPRESSION,P020_STAGE_LATE_TRIP_SUPPRESSION,Leakage_Group_Material,P020_MAT_FE50MN30CO10CR10,as reported,HIERARCHY_INTEGRATION,Fig.2 / p.622,Source-defined condition hierarchy,High,VERIFIED,EXPERIMENTAL,https://doi.org/10.1080/21663831.2018.1523239,MASTER_FIELD_MAPPING
P020,10.1080/21663831.2018.1523239,P020_SERIES01,P020_MAT_FE50MN30CO10CR10,,P020_STAGE_LATE_TRIP_SUPPRESSION,P020_STAGE_LATE_TRIP_SUPPRESSION,Parent_ML_Condition_ID,P020_MC_TRIPHEA_INSITU,as reported,HIERARCHY_INTEGRATION,Fig.2 / p.622,Source-defined condition hierarchy,High,VERIFIED,EXPERIMENTAL,https://doi.org/10.1080/21663831.2018.1523239,MASTER_FIELD_MAPPING
P020,10.1080/21663831.2018.1523239,P020_SERIES01,P020_MAT_FE50MN30CO10CR10,,P020_STAGE_LATE_TRIP_SUPPRESSION,P020_STAGE_LATE_TRIP_SUPPRESSION,Independent_ML_sample,False,as reported,HIERARCHY_INTEGRATION,Fig.2 / p.622,Source-defined condition hierarchy,High,VERIFIED,EXPERIMENTAL,https://doi.org/10.1080/21663831.2018.1523239,MASTER_FIELD_MAPPING
P020,10.1080/21663831.2018.1523239,P020_SERIES01,P020_MAT_FE50MN30CO10CR10,,P020_STAGE_LATE_TRIP_SUPPRESSION,P020_STAGE_LATE_TRIP_SUPPRESSION,TWIP_at_stage,1,binary,DIRECT_CONDITION_OR_STAGE_EVIDENCE,Fig.2 / p.622,Real-time in-situ neutron diffraction and source interpretation,High,VERIFIED,EXPERIMENTAL,https://doi.org/10.1080/21663831.2018.1523239,MASTER_FIELD_MAPPING
P020,10.1080/21663831.2018.1523239,P020_SERIES01,P020_MAT_FE50MN30CO10CR10,,P020_STAGE_LATE_TRIP_SUPPRESSION,P020_STAGE_LATE_TRIP_SUPPRESSION,TRIP_at_stage,1,binary,DIRECT_CONDITION_OR_STAGE_EVIDENCE,Fig.2 / p.622,Real-time in-situ neutron diffraction and source interpretation,High,VERIFIED,EXPERIMENTAL,https://doi.org/10.1080/21663831.2018.1523239,MASTER_FIELD_MAPPING
P020,10.1080/21663831.2018.1523239,P020_SERIES01,P020_MAT_FE50MN30CO10CR10,,P020_STAGE_LATE_TRIP_SUPPRESSION,P020_STAGE_LATE_TRIP_SUPPRESSION,Slip_at_stage,1,binary,DIRECT_CONDITION_OR_STAGE_EVIDENCE,Fig.2 / p.622,Real-time in-situ neutron diffraction and source interpretation,High,VERIFIED,EXPERIMENTAL,https://doi.org/10.1080/21663831.2018.1523239,MASTER_FIELD_MAPPING
P020,10.1080/21663831.2018.1523239,P020_SERIES01,P020_MAT_FE50MN30CO10CR10,,P020_STAGE_LATE_TRIP_SUPPRESSION,P020_STAGE_LATE_TRIP_SUPPRESSION,Independent_Experimental_ML_sample,False,as reported,HIERARCHY_INTEGRATION,Fig.2 / p.622,Source-defined condition hierarchy,High,VERIFIED,EXPERIMENTAL,https://doi.org/10.1080/21663831.2018.1523239,MASTER_FIELD_MAPPING
P020,10.1080/21663831.2018.1523239,P020_SERIES01,P020_MAT_FE50MN30CO10CR10,,P020_STAGE_LATE_TRIP_SUPPRESSION,P020_STAGE_LATE_TRIP_SUPPRESSION,Experimental_Target_Eligibility,False,as reported,HIERARCHY_INTEGRATION,Fig.2 / p.622,Source-defined condition hierarchy,High,VERIFIED,EXPERIMENTAL,https://doi.org/10.1080/21663831.2018.1523239,MASTER_FIELD_MAPPING
P020,10.1080/21663831.2018.1523239,P020_SERIES01,P020_MAT_FE50MN30CO10CR10,,P020_STAGE_LATE_TRIP_SUPPRESSION,P020_STAGE_LATE_TRIP_SUPPRESSION,Target_Evidence_Confidence,High,as reported,DIRECT_CONDITION_OR_STAGE_EVIDENCE,Fig.2 / p.622,Real-time in-situ neutron diffraction and source interpretation,High,VERIFIED,EXPERIMENTAL,https://doi.org/10.1080/21663831.2018.1523239,MASTER_FIELD_MAPPING
P020,10.1080/21663831.2018.1523239,P020_SERIES01,P020_MAT_FE50MN30CO10CR10,,P020_STAGE_LATE_TRIP_SUPPRESSION,P020_STAGE_LATE_TRIP_SUPPRESSION,Stage_Method,Real-time in-situ time-of-flight neutron diffraction,as reported,DIRECT_CONDITION_OR_STAGE_EVIDENCE,Fig.2 / p.622,Real-time in-situ neutron diffraction and source interpretation,High,VERIFIED,EXPERIMENTAL,https://doi.org/10.1080/21663831.2018.1523239,MASTER_FIELD_MAPPING
P020,10.1080/21663831.2018.1523239,P020_SERIES01,P020_MAT_FE50MN30CO10CR10,,P020_STAGE_LATE_TRIP_SUPPRESSION,P020_STAGE_LATE_TRIP_SUPPRESSION,P020_Record_Role,RECOVERED_CORRELATED_IN_SITU_STAGE,as reported,HIERARCHY_INTEGRATION,Fig.2 / p.622,Source-defined condition hierarchy,High,VERIFIED,EXPERIMENTAL,https://doi.org/10.1080/21663831.2018.1523239,MASTER_FIELD_MAPPING
P020,10.1080/21663831.2018.1523239,P020_SERIES01,P020_MAT_FE50MN30CO10CR10,,P020_STAGE_LATE_TRIP_SUPPRESSION,P020_STAGE_LATE_TRIP_SUPPRESSION,P020_Target_Status,STAGE_SPECIFIC_SUPPORT_NOT_CONDITION_LABEL,as reported,DIRECT_CONDITION_OR_STAGE_EVIDENCE,Fig.2 / p.622,Real-time in-situ neutron diffraction and source interpretation,High,VERIFIED,EXPERIMENTAL,https://doi.org/10.1080/21663831.2018.1523239,MASTER_FIELD_MAPPING
P020,10.1080/21663831.2018.1523239,P020_SERIES01,P020_MAT_FE50MN30CO10CR10,,P020_STAGE_LATE_TRIP_SUPPRESSION,P020_STAGE_LATE_TRIP_SUPPRESSION,P020_Source_Identity_Status,VERIFIED_PDF_AND_PUBLISHER_DOI_MATCH,as reported,SOURCE_IDENTITY,Fig.2 / p.622,Verified workbook and publisher DOI identity,High,VERIFIED,EXPERIMENTAL,https://doi.org/10.1080/21663831.2018.1523239,MASTER_FIELD_MAPPING
P020,10.1080/21663831.2018.1523239,P020_SERIES01,P020_MAT_FE50MN30CO10CR10,,P020_STAGE_LATE_TRIP_SUPPRESSION,P020_STAGE_LATE_TRIP_SUPPRESSION,P020_QC_Status,PENDING_GLOBAL_QC_SCHEMA_SPLIT_REFRESH,as reported,HIERARCHY_INTEGRATION,Fig.2 / p.622,Source-defined condition hierarchy,High,VERIFIED,EXPERIMENTAL,https://doi.org/10.1080/21663831.2018.1523239,MASTER_FIELD_MAPPING
P020,10.1080/21663831.2018.1523239,P020_SERIES01,P020_MAT_FE50MN30CO10CR10,,P020_STAGE_LATE_TRIP_SUPPRESSION,P020_STAGE_LATE_TRIP_SUPPRESSION,Journal,Materials Research Letters,as reported,SOURCE_IDENTITY,Fig.2 / p.622,Verified workbook and publisher DOI identity,High,VERIFIED,EXPERIMENTAL,https://doi.org/10.1080/21663831.2018.1523239,MASTER_FIELD_MAPPING
P020,10.1080/21663831.2018.1523239,P020_SERIES01,P020_MAT_FE50MN30CO10CR10,,P020_STAGE_LATE_TRIP_SUPPRESSION,P020_STAGE_LATE_TRIP_SUPPRESSION,Volume,6,as reported,SOURCE_IDENTITY,Fig.2 / p.622,Verified workbook and publisher DOI identity,High,VERIFIED,EXPERIMENTAL,https://doi.org/10.1080/21663831.2018.1523239,MASTER_FIELD_MAPPING
P020,10.1080/21663831.2018.1523239,P020_SERIES01,P020_MAT_FE50MN30CO10CR10,,P020_STAGE_LATE_TRIP_SUPPRESSION,P020_STAGE_LATE_TRIP_SUPPRESSION,Issue,11,as reported,SOURCE_IDENTITY,Fig.2 / p.622,Verified workbook and publisher DOI identity,High,VERIFIED,EXPERIMENTAL,https://doi.org/10.1080/21663831.2018.1523239,MASTER_FIELD_MAPPING
P020,10.1080/21663831.2018.1523239,P020_SERIES01,P020_MAT_FE50MN30CO10CR10,,P020_STAGE_LATE_TRIP_SUPPRESSION,P020_STAGE_LATE_TRIP_SUPPRESSION,Pages,620-626,as reported,SOURCE_IDENTITY,Fig.2 / p.622,Verified workbook and publisher DOI identity,High,VERIFIED,EXPERIMENTAL,https://doi.org/10.1080/21663831.2018.1523239,MASTER_FIELD_MAPPING
P020,10.1080/21663831.2018.1523239,P020_SERIES01,P020_MAT_FE50MN30CO10CR10,,P020_STAGE_LATE_TRIP_SUPPRESSION,P020_STAGE_LATE_TRIP_SUPPRESSION,Publication_Year,2018,as reported,SOURCE_IDENTITY,Fig.2 / p.622,Verified workbook and publisher DOI identity,High,VERIFIED,EXPERIMENTAL,https://doi.org/10.1080/21663831.2018.1523239,MASTER_FIELD_MAPPING
P020,10.1080/21663831.2018.1523239,P020_SERIES01,P020_MAT_FE50MN30CO10CR10,,P020_STAGE_LATE_TRIP_SUPPRESSION,P020_STAGE_LATE_TRIP_SUPPRESSION,Source_URL,https://doi.org/10.1080/21663831.2018.1523239,as reported,SOURCE_IDENTITY,Fig.2 / p.622,Verified workbook and publisher DOI identity,High,VERIFIED,EXPERIMENTAL,https://doi.org/10.1080/21663831.2018.1523239,MASTER_FIELD_MAPPING
P020,10.1080/21663831.2018.1523239,P020_SERIES01,P020_MAT_FE50MN30CO10CR10,,P020_STAGE_LATE_TRIP_SUPPRESSION,P020_STAGE_LATE_TRIP_SUPPRESSION,Alloy_Family_Text,Fe50Mn30Co10Cr10,as reported,DIRECT_TEXT_OR_VERIFIED_NA,Fig.2 / p.622,Source text; C-to-K representation only where required by existing field,High,VERIFIED,EXPERIMENTAL,https://doi.org/10.1080/21663831.2018.1523239,MASTER_FIELD_MAPPING
P020,10.1080/21663831.2018.1523239,P020_SERIES01,P020_MAT_FE50MN30CO10CR10,,P020_STAGE_LATE_TRIP_SUPPRESSION,P020_STAGE_LATE_TRIP_SUPPRESSION,Alloy_Family_Use,GROUPING_AUDIT_ONLY_NOT_PREDICTOR_NOT_SAMPLE_IDENTITY,as reported,DIRECT_TEXT_OR_VERIFIED_NA,Fig.2 / p.622,Source text; C-to-K representation only where required by existing field,High,VERIFIED,EXPERIMENTAL,https://doi.org/10.1080/21663831.2018.1523239,MASTER_FIELD_MAPPING
P020,10.1080/21663831.2018.1523239,P020_SERIES01,P020_MAT_FE50MN30CO10CR10,,P020_STAGE_LATE_TRIP_SUPPRESSION,P020_STAGE_LATE_TRIP_SUPPRESSION,Target_Status,STAGE_SPECIFIC_SUPPORT_NOT_CONDITION_LABEL,as reported,DIRECT_CONDITION_OR_STAGE_EVIDENCE,Fig.2 / p.622,Real-time in-situ neutron diffraction and source interpretation,High,VERIFIED,EXPERIMENTAL,https://doi.org/10.1080/21663831.2018.1523239,MASTER_FIELD_MAPPING
P020,10.1080/21663831.2018.1523239,P020_SERIES01,P020_MAT_FE50MN30CO10CR10,,P020_STAGE_LATE_TRIP_SUPPRESSION,P020_STAGE_LATE_TRIP_SUPPRESSION,TWIP_Phase,HCP,as reported,DIRECT_CONDITION_OR_STAGE_EVIDENCE,Fig.2 / p.622,Real-time in-situ neutron diffraction and source interpretation,High,VERIFIED,EXPERIMENTAL,https://doi.org/10.1080/21663831.2018.1523239,MASTER_FIELD_MAPPING
P020,10.1080/21663831.2018.1523239,P020_SERIES01,P020_MAT_FE50MN30CO10CR10,,P020_STAGE_LATE_TRIP_SUPPRESSION,P020_STAGE_LATE_TRIP_SUPPRESSION,TWIP_Mode,HCP_TENSILE_AND_COMPRESSION_TWINNING,as reported,DIRECT_CONDITION_OR_STAGE_EVIDENCE,Fig.2 / p.622,Real-time in-situ neutron diffraction and source interpretation,High,VERIFIED,EXPERIMENTAL,https://doi.org/10.1080/21663831.2018.1523239,MASTER_FIELD_MAPPING
P020,10.1080/21663831.2018.1523239,P020_SERIES01,P020_MAT_FE50MN30CO10CR10,,P020_STAGE_LATE_TRIP_SUPPRESSION,P020_STAGE_LATE_TRIP_SUPPRESSION,TRIP_Rate_Status,RATE_DECREASED_TRIP_REMAINS_ACTIVE,as reported,DIRECT_CONDITION_OR_STAGE_EVIDENCE,Fig.2 / p.622,Real-time in-situ neutron diffraction and source interpretation,High,VERIFIED,EXPERIMENTAL,https://doi.org/10.1080/21663831.2018.1523239,MASTER_FIELD_MAPPING
P020,10.1080/21663831.2018.1523239,P020_SERIES01,P020_MAT_FE50MN30CO10CR10,,P020_STAGE_LATE_TRIP_SUPPRESSION,P020_STAGE_LATE_TRIP_SUPPRESSION,Stage_Label,IV,as reported,DIRECT_CONDITION_OR_STAGE_EVIDENCE,Fig.2 / p.622,Real-time in-situ neutron diffraction and source interpretation,High,VERIFIED,EXPERIMENTAL,https://doi.org/10.1080/21663831.2018.1523239,MASTER_FIELD_MAPPING
P020,10.1080/21663831.2018.1523239,P020_SERIES01,P020_MAT_FE50MN30CO10CR10,,P020_STAGE_LATE_TRIP_SUPPRESSION,P020_STAGE_LATE_TRIP_SUPPRESSION,Stage_Strain_Relation,> approximately 25% strain,as reported,DIRECT_CONDITION_OR_STAGE_EVIDENCE,Fig.2 / p.622,Real-time in-situ neutron diffraction and source interpretation,High,VERIFIED,EXPERIMENTAL,https://doi.org/10.1080/21663831.2018.1523239,MASTER_FIELD_MAPPING
P020,10.1080/21663831.2018.1523239,P020_SERIES01,P020_MAT_FE50MN30CO10CR10,,P020_STAGE_LATE_TRIP_SUPPRESSION,P020_STAGE_LATE_TRIP_SUPPRESSION,Macro_Strain_pct,25,%,DIRECT_CONDITION_OR_STAGE_EVIDENCE,Fig.2 / p.622,Real-time in-situ neutron diffraction and source interpretation,High,VERIFIED,EXPERIMENTAL,https://doi.org/10.1080/21663831.2018.1523239,MASTER_FIELD_MAPPING
P020,10.1080/21663831.2018.1523239,P020_SERIES01,P020_MAT_FE50MN30CO10CR10,,P020_STAGE_LATE_TRIP_SUPPRESSION,P020_STAGE_LATE_TRIP_SUPPRESSION,Mechanism_Event,TRIP gradually suppressed at large strain but persists to fracture,as reported,DIRECT_CONDITION_OR_STAGE_EVIDENCE,Fig.2 / p.622,Real-time in-situ neutron diffraction and source interpretation,High,VERIFIED,EXPERIMENTAL,https://doi.org/10.1080/21663831.2018.1523239,MASTER_FIELD_MAPPING
P020,10.1080/21663831.2018.1523239,P020_SERIES01,P020_MAT_FE50MN30CO10CR10,,P020_STAGE_LATE_TRIP_SUPPRESSION,P020_STAGE_LATE_TRIP_SUPPRESSION,TRIP_Stage,1,binary,DIRECT_CONDITION_OR_STAGE_EVIDENCE,Fig.2 / p.622,Real-time in-situ neutron diffraction and source interpretation,High,VERIFIED,EXPERIMENTAL,https://doi.org/10.1080/21663831.2018.1523239,MASTER_FIELD_MAPPING
P020,10.1080/21663831.2018.1523239,P020_SERIES01,P020_MAT_FE50MN30CO10CR10,,P020_STAGE_LATE_TRIP_SUPPRESSION,P020_STAGE_LATE_TRIP_SUPPRESSION,TWIP_Stage,1,binary,DIRECT_CONDITION_OR_STAGE_EVIDENCE,Fig.2 / p.622,Real-time in-situ neutron diffraction and source interpretation,High,VERIFIED,EXPERIMENTAL,https://doi.org/10.1080/21663831.2018.1523239,MASTER_FIELD_MAPPING
P020,10.1080/21663831.2018.1523239,P020_SERIES01,P020_MAT_FE50MN30CO10CR10,,P020_STAGE_LATE_TRIP_SUPPRESSION,P020_STAGE_LATE_TRIP_SUPPRESSION,Slip_Stage,1,binary,DIRECT_CONDITION_OR_STAGE_EVIDENCE,Fig.2 / p.622,Real-time in-situ neutron diffraction and source interpretation,High,VERIFIED,EXPERIMENTAL,https://doi.org/10.1080/21663831.2018.1523239,MASTER_FIELD_MAPPING
P020,10.1080/21663831.2018.1523239,P020_SERIES01,P020_MAT_FE50MN30CO10CR10,,P020_STAGE_LATE_TRIP_SUPPRESSION,P020_STAGE_LATE_TRIP_SUPPRESSION,Stage_Evidence_Type,NEUTRON_PHASE_FRACTION_EVOLUTION,as reported,DIRECT_CONDITION_OR_STAGE_EVIDENCE,Fig.2 / p.622,Real-time in-situ neutron diffraction and source interpretation,High,VERIFIED,EXPERIMENTAL,https://doi.org/10.1080/21663831.2018.1523239,MASTER_FIELD_MAPPING
P020,10.1080/21663831.2018.1523239,P020_SERIES01,P020_MAT_FE50MN30CO10CR10,,P020_STAGE_LATE_TRIP_SUPPRESSION,P020_STAGE_LATE_TRIP_SUPPRESSION,P020_Target_Semantic_Note,Transformation rate decreases above ~25% strain; this is not TRIP absence.,as reported,DIRECT_CONDITION_OR_STAGE_EVIDENCE,Fig.2 / p.622,Real-time in-situ neutron diffraction and source interpretation,High,VERIFIED,EXPERIMENTAL,https://doi.org/10.1080/21663831.2018.1523239,MASTER_FIELD_MAPPING
P020,10.1080/21663831.2018.1523239,P020_SERIES01,P020_MAT_FE50MN30CO10CR10,,P020_STAGE_FRACTURE,P020_STAGE_FRACTURE,Paper_ID,P020,as reported,SOURCE_IDENTITY,"Fig.2 and Conclusion / pp.622,625",Verified workbook and publisher DOI identity,High,VERIFIED,EXPERIMENTAL,https://doi.org/10.1080/21663831.2018.1523239,MASTER_FIELD_MAPPING
P020,10.1080/21663831.2018.1523239,P020_SERIES01,P020_MAT_FE50MN30CO10CR10,,P020_STAGE_FRACTURE,P020_STAGE_FRACTURE,DOI,10.1080/21663831.2018.1523239,as reported,SOURCE_IDENTITY,"Fig.2 and Conclusion / pp.622,625",Verified workbook and publisher DOI identity,High,VERIFIED,EXPERIMENTAL,https://doi.org/10.1080/21663831.2018.1523239,MASTER_FIELD_MAPPING
P020,10.1080/21663831.2018.1523239,P020_SERIES01,P020_MAT_FE50MN30CO10CR10,,P020_STAGE_FRACTURE,P020_STAGE_FRACTURE,Paper_Title,Deformation mechanisms and work-hardening behavior of transformation-induced plasticity high entropy alloys by in-situ neutron diffraction,as reported,SOURCE_IDENTITY,"Fig.2 and Conclusion / pp.622,625",Verified workbook and publisher DOI identity,High,VERIFIED,EXPERIMENTAL,https://doi.org/10.1080/21663831.2018.1523239,MASTER_FIELD_MAPPING
P020,10.1080/21663831.2018.1523239,P020_SERIES01,P020_MAT_FE50MN30CO10CR10,,P020_STAGE_FRACTURE,P020_STAGE_FRACTURE,Condition_ID,P020_STAGE_FRACTURE,as reported,HIERARCHY_INTEGRATION,"Fig.2 and Conclusion / pp.622,625",Source-defined condition hierarchy,High,VERIFIED,EXPERIMENTAL,https://doi.org/10.1080/21663831.2018.1523239,MASTER_FIELD_MAPPING
P020,10.1080/21663831.2018.1523239,P020_SERIES01,P020_MAT_FE50MN30CO10CR10,,P020_STAGE_FRACTURE,P020_STAGE_FRACTURE,Experiment_Group_ID,P020_SERIES01,as reported,HIERARCHY_INTEGRATION,"Fig.2 and Conclusion / pp.622,625",Source-defined condition hierarchy,High,VERIFIED,EXPERIMENTAL,https://doi.org/10.1080/21663831.2018.1523239,MASTER_FIELD_MAPPING
P020,10.1080/21663831.2018.1523239,P020_SERIES01,P020_MAT_FE50MN30CO10CR10,,P020_STAGE_FRACTURE,P020_STAGE_FRACTURE,Row_Type,Correlated real-time in-situ neutron observation,as reported,HIERARCHY_INTEGRATION,"Fig.2 and Conclusion / pp.622,625",Source-defined condition hierarchy,High,VERIFIED,EXPERIMENTAL,https://doi.org/10.1080/21663831.2018.1523239,MASTER_FIELD_MAPPING
P020,10.1080/21663831.2018.1523239,P020_SERIES01,P020_MAT_FE50MN30CO10CR10,,P020_STAGE_FRACTURE,P020_STAGE_FRACTURE,Alloy_ID,Fe50Mn30Co10Cr10,as reported,DIRECT_TEXT_OR_VERIFIED_NA,"Fig.2 and Conclusion / pp.622,625",Source text; C-to-K representation only where required by existing field,High,VERIFIED,EXPERIMENTAL,https://doi.org/10.1080/21663831.2018.1523239,MASTER_FIELD_MAPPING
P020,10.1080/21663831.2018.1523239,P020_SERIES01,P020_MAT_FE50MN30CO10CR10,,P020_STAGE_FRACTURE,P020_STAGE_FRACTURE,Original_Composition,Fe50Mn30Co10Cr10,as reported,DIRECT_TEXT_OR_VERIFIED_NA,"Fig.2 and Conclusion / pp.622,625",Source text; C-to-K representation only where required by existing field,High,VERIFIED,EXPERIMENTAL,https://doi.org/10.1080/21663831.2018.1523239,MASTER_FIELD_MAPPING
P020,10.1080/21663831.2018.1523239,P020_SERIES01,P020_MAT_FE50MN30CO10CR10,,P020_STAGE_FRACTURE,P020_STAGE_FRACTURE,Composition_basis,at.% nominal,as reported,DIRECT_TEXT_OR_VERIFIED_NA,"Fig.2 and Conclusion / pp.622,625",Source text; C-to-K representation only where required by existing field,High,VERIFIED,EXPERIMENTAL,https://doi.org/10.1080/21663831.2018.1523239,MASTER_FIELD_MAPPING
P020,10.1080/21663831.2018.1523239,P020_SERIES01,P020_MAT_FE50MN30CO10CR10,,P020_STAGE_FRACTURE,P020_STAGE_FRACTURE,Characterization_methods,Real-time in-situ time-of-flight neutron diffraction,as reported,DIRECT_METHOD_METADATA,"Fig.2 and Conclusion / pp.622,625",Real-time in-situ time-of-flight neutron diffraction,High,VERIFIED,EXPERIMENTAL,https://doi.org/10.1080/21663831.2018.1523239,MASTER_FIELD_MAPPING
P020,10.1080/21663831.2018.1523239,P020_SERIES01,P020_MAT_FE50MN30CO10CR10,,P020_STAGE_FRACTURE,P020_STAGE_FRACTURE,Source_location,"Fig.2 and Conclusion / pp.622,625",as reported,DIRECT_CONDITION_OR_STAGE_EVIDENCE,"Fig.2 and Conclusion / pp.622,625",Real-time in-situ neutron diffraction and source interpretation,High,VERIFIED,EXPERIMENTAL,https://doi.org/10.1080/21663831.2018.1523239,MASTER_FIELD_MAPPING
P020,10.1080/21663831.2018.1523239,P020_SERIES01,P020_MAT_FE50MN30CO10CR10,,P020_STAGE_FRACTURE,P020_STAGE_FRACTURE,Parent_Experiment_ID,P020_MC_TRIPHEA_INSITU,as reported,HIERARCHY_INTEGRATION,"Fig.2 and Conclusion / pp.622,625",Source-defined condition hierarchy,High,VERIFIED,EXPERIMENTAL,https://doi.org/10.1080/21663831.2018.1523239,MASTER_FIELD_MAPPING
P020,10.1080/21663831.2018.1523239,P020_SERIES01,P020_MAT_FE50MN30CO10CR10,,P020_STAGE_FRACTURE,P020_STAGE_FRACTURE,Observation_ID,P020_STAGE_FRACTURE,as reported,HIERARCHY_INTEGRATION,"Fig.2 and Conclusion / pp.622,625",Source-defined condition hierarchy,High,VERIFIED,EXPERIMENTAL,https://doi.org/10.1080/21663831.2018.1523239,MASTER_FIELD_MAPPING
P020,10.1080/21663831.2018.1523239,P020_SERIES01,P020_MAT_FE50MN30CO10CR10,,P020_STAGE_FRACTURE,P020_STAGE_FRACTURE,Data_Origin,EXPERIMENTAL,as reported,SOURCE_IDENTITY,"Fig.2 and Conclusion / pp.622,625",Verified workbook and publisher DOI identity,High,VERIFIED,EXPERIMENTAL,https://doi.org/10.1080/21663831.2018.1523239,MASTER_FIELD_MAPPING
P020,10.1080/21663831.2018.1523239,P020_SERIES01,P020_MAT_FE50MN30CO10CR10,,P020_STAGE_FRACTURE,P020_STAGE_FRACTURE,Observation_Role,CORRELATED_POST_TEST_ENDPOINT,as reported,HIERARCHY_INTEGRATION,"Fig.2 and Conclusion / pp.622,625",Source-defined condition hierarchy,High,VERIFIED,EXPERIMENTAL,https://doi.org/10.1080/21663831.2018.1523239,MASTER_FIELD_MAPPING
P020,10.1080/21663831.2018.1523239,P020_SERIES01,P020_MAT_FE50MN30CO10CR10,,P020_STAGE_FRACTURE,P020_STAGE_FRACTURE,Deformation_Stage_ID,P020_STAGE_FRACTURE,as reported,HIERARCHY_INTEGRATION,"Fig.2 and Conclusion / pp.622,625",Source-defined condition hierarchy,High,VERIFIED,EXPERIMENTAL,https://doi.org/10.1080/21663831.2018.1523239,MASTER_FIELD_MAPPING
P020,10.1080/21663831.2018.1523239,P020_SERIES01,P020_MAT_FE50MN30CO10CR10,,P020_STAGE_FRACTURE,P020_STAGE_FRACTURE,Grouping_Review_Required,False,as reported,HIERARCHY_INTEGRATION,"Fig.2 and Conclusion / pp.622,625",Source-defined condition hierarchy,High,VERIFIED,EXPERIMENTAL,https://doi.org/10.1080/21663831.2018.1523239,MASTER_FIELD_MAPPING
P020,10.1080/21663831.2018.1523239,P020_SERIES01,P020_MAT_FE50MN30CO10CR10,,P020_STAGE_FRACTURE,P020_STAGE_FRACTURE,Grouping_Confidence,HIGH,as reported,HIERARCHY_INTEGRATION,"Fig.2 and Conclusion / pp.622,625",Source-defined condition hierarchy,High,VERIFIED,EXPERIMENTAL,https://doi.org/10.1080/21663831.2018.1523239,MASTER_FIELD_MAPPING
P020,10.1080/21663831.2018.1523239,P020_SERIES01,P020_MAT_FE50MN30CO10CR10,,P020_STAGE_FRACTURE,P020_STAGE_FRACTURE,Grouping_Reason,Correlated observation from parent in-situ tensile condition,as reported,HIERARCHY_INTEGRATION,"Fig.2 and Conclusion / pp.622,625",Source-defined condition hierarchy,High,VERIFIED,EXPERIMENTAL,https://doi.org/10.1080/21663831.2018.1523239,MASTER_FIELD_MAPPING
P020,10.1080/21663831.2018.1523239,P020_SERIES01,P020_MAT_FE50MN30CO10CR10,,P020_STAGE_FRACTURE,P020_STAGE_FRACTURE,Study_Series_ID,P020_SERIES01,as reported,HIERARCHY_INTEGRATION,"Fig.2 and Conclusion / pp.622,625",Source-defined condition hierarchy,High,VERIFIED,EXPERIMENTAL,https://doi.org/10.1080/21663831.2018.1523239,MASTER_FIELD_MAPPING
P020,10.1080/21663831.2018.1523239,P020_SERIES01,P020_MAT_FE50MN30CO10CR10,,P020_STAGE_FRACTURE,P020_STAGE_FRACTURE,Material_Parent_ID,P020_MAT_FE50MN30CO10CR10,as reported,HIERARCHY_INTEGRATION,"Fig.2 and Conclusion / pp.622,625",Source-defined condition hierarchy,High,VERIFIED,EXPERIMENTAL,https://doi.org/10.1080/21663831.2018.1523239,MASTER_FIELD_MAPPING
P020,10.1080/21663831.2018.1523239,P020_SERIES01,P020_MAT_FE50MN30CO10CR10,,P020_STAGE_FRACTURE,P020_STAGE_FRACTURE,Leakage_Group_Strict,P020_SERIES01,as reported,HIERARCHY_INTEGRATION,"Fig.2 and Conclusion / pp.622,625",Source-defined condition hierarchy,High,VERIFIED,EXPERIMENTAL,https://doi.org/10.1080/21663831.2018.1523239,MASTER_FIELD_MAPPING
P020,10.1080/21663831.2018.1523239,P020_SERIES01,P020_MAT_FE50MN30CO10CR10,,P020_STAGE_FRACTURE,P020_STAGE_FRACTURE,Leakage_Group_Material,P020_MAT_FE50MN30CO10CR10,as reported,HIERARCHY_INTEGRATION,"Fig.2 and Conclusion / pp.622,625",Source-defined condition hierarchy,High,VERIFIED,EXPERIMENTAL,https://doi.org/10.1080/21663831.2018.1523239,MASTER_FIELD_MAPPING
P020,10.1080/21663831.2018.1523239,P020_SERIES01,P020_MAT_FE50MN30CO10CR10,,P020_STAGE_FRACTURE,P020_STAGE_FRACTURE,Parent_ML_Condition_ID,P020_MC_TRIPHEA_INSITU,as reported,HIERARCHY_INTEGRATION,"Fig.2 and Conclusion / pp.622,625",Source-defined condition hierarchy,High,VERIFIED,EXPERIMENTAL,https://doi.org/10.1080/21663831.2018.1523239,MASTER_FIELD_MAPPING
P020,10.1080/21663831.2018.1523239,P020_SERIES01,P020_MAT_FE50MN30CO10CR10,,P020_STAGE_FRACTURE,P020_STAGE_FRACTURE,Independent_ML_sample,False,as reported,HIERARCHY_INTEGRATION,"Fig.2 and Conclusion / pp.622,625",Source-defined condition hierarchy,High,VERIFIED,EXPERIMENTAL,https://doi.org/10.1080/21663831.2018.1523239,MASTER_FIELD_MAPPING
P020,10.1080/21663831.2018.1523239,P020_SERIES01,P020_MAT_FE50MN30CO10CR10,,P020_STAGE_FRACTURE,P020_STAGE_FRACTURE,TWIP_at_stage,1,binary,DIRECT_CONDITION_OR_STAGE_EVIDENCE,"Fig.2 and Conclusion / pp.622,625",Real-time in-situ neutron diffraction and source interpretation,High,VERIFIED,EXPERIMENTAL,https://doi.org/10.1080/21663831.2018.1523239,MASTER_FIELD_MAPPING
P020,10.1080/21663831.2018.1523239,P020_SERIES01,P020_MAT_FE50MN30CO10CR10,,P020_STAGE_FRACTURE,P020_STAGE_FRACTURE,TRIP_at_stage,1,binary,DIRECT_CONDITION_OR_STAGE_EVIDENCE,"Fig.2 and Conclusion / pp.622,625",Real-time in-situ neutron diffraction and source interpretation,High,VERIFIED,EXPERIMENTAL,https://doi.org/10.1080/21663831.2018.1523239,MASTER_FIELD_MAPPING
P020,10.1080/21663831.2018.1523239,P020_SERIES01,P020_MAT_FE50MN30CO10CR10,,P020_STAGE_FRACTURE,P020_STAGE_FRACTURE,Slip_at_stage,1,binary,DIRECT_CONDITION_OR_STAGE_EVIDENCE,"Fig.2 and Conclusion / pp.622,625",Real-time in-situ neutron diffraction and source interpretation,High,VERIFIED,EXPERIMENTAL,https://doi.org/10.1080/21663831.2018.1523239,MASTER_FIELD_MAPPING
P020,10.1080/21663831.2018.1523239,P020_SERIES01,P020_MAT_FE50MN30CO10CR10,,P020_STAGE_FRACTURE,P020_STAGE_FRACTURE,Independent_Experimental_ML_sample,False,as reported,HIERARCHY_INTEGRATION,"Fig.2 and Conclusion / pp.622,625",Source-defined condition hierarchy,High,VERIFIED,EXPERIMENTAL,https://doi.org/10.1080/21663831.2018.1523239,MASTER_FIELD_MAPPING
P020,10.1080/21663831.2018.1523239,P020_SERIES01,P020_MAT_FE50MN30CO10CR10,,P020_STAGE_FRACTURE,P020_STAGE_FRACTURE,Experimental_Target_Eligibility,False,as reported,HIERARCHY_INTEGRATION,"Fig.2 and Conclusion / pp.622,625",Source-defined condition hierarchy,High,VERIFIED,EXPERIMENTAL,https://doi.org/10.1080/21663831.2018.1523239,MASTER_FIELD_MAPPING
P020,10.1080/21663831.2018.1523239,P020_SERIES01,P020_MAT_FE50MN30CO10CR10,,P020_STAGE_FRACTURE,P020_STAGE_FRACTURE,Target_Evidence_Confidence,High,as reported,DIRECT_CONDITION_OR_STAGE_EVIDENCE,"Fig.2 and Conclusion / pp.622,625",Real-time in-situ neutron diffraction and source interpretation,High,VERIFIED,EXPERIMENTAL,https://doi.org/10.1080/21663831.2018.1523239,MASTER_FIELD_MAPPING
P020,10.1080/21663831.2018.1523239,P020_SERIES01,P020_MAT_FE50MN30CO10CR10,,P020_STAGE_FRACTURE,P020_STAGE_FRACTURE,Stage_Method,Real-time in-situ time-of-flight neutron diffraction,as reported,DIRECT_CONDITION_OR_STAGE_EVIDENCE,"Fig.2 and Conclusion / pp.622,625",Real-time in-situ neutron diffraction and source interpretation,High,VERIFIED,EXPERIMENTAL,https://doi.org/10.1080/21663831.2018.1523239,MASTER_FIELD_MAPPING
P020,10.1080/21663831.2018.1523239,P020_SERIES01,P020_MAT_FE50MN30CO10CR10,,P020_STAGE_FRACTURE,P020_STAGE_FRACTURE,P020_Record_Role,RECOVERED_CORRELATED_POST_TEST_ENDPOINT,as reported,HIERARCHY_INTEGRATION,"Fig.2 and Conclusion / pp.622,625",Source-defined condition hierarchy,High,VERIFIED,EXPERIMENTAL,https://doi.org/10.1080/21663831.2018.1523239,MASTER_FIELD_MAPPING
P020,10.1080/21663831.2018.1523239,P020_SERIES01,P020_MAT_FE50MN30CO10CR10,,P020_STAGE_FRACTURE,P020_STAGE_FRACTURE,P020_Target_Status,STAGE_SPECIFIC_SUPPORT_NOT_CONDITION_LABEL,as reported,DIRECT_CONDITION_OR_STAGE_EVIDENCE,"Fig.2 and Conclusion / pp.622,625",Real-time in-situ neutron diffraction and source interpretation,High,VERIFIED,EXPERIMENTAL,https://doi.org/10.1080/21663831.2018.1523239,MASTER_FIELD_MAPPING
P020,10.1080/21663831.2018.1523239,P020_SERIES01,P020_MAT_FE50MN30CO10CR10,,P020_STAGE_FRACTURE,P020_STAGE_FRACTURE,P020_Source_Identity_Status,VERIFIED_PDF_AND_PUBLISHER_DOI_MATCH,as reported,SOURCE_IDENTITY,"Fig.2 and Conclusion / pp.622,625",Verified workbook and publisher DOI identity,High,VERIFIED,EXPERIMENTAL,https://doi.org/10.1080/21663831.2018.1523239,MASTER_FIELD_MAPPING
P020,10.1080/21663831.2018.1523239,P020_SERIES01,P020_MAT_FE50MN30CO10CR10,,P020_STAGE_FRACTURE,P020_STAGE_FRACTURE,P020_QC_Status,PENDING_GLOBAL_QC_SCHEMA_SPLIT_REFRESH,as reported,HIERARCHY_INTEGRATION,"Fig.2 and Conclusion / pp.622,625",Source-defined condition hierarchy,High,VERIFIED,EXPERIMENTAL,https://doi.org/10.1080/21663831.2018.1523239,MASTER_FIELD_MAPPING
P020,10.1080/21663831.2018.1523239,P020_SERIES01,P020_MAT_FE50MN30CO10CR10,,P020_STAGE_FRACTURE,P020_STAGE_FRACTURE,Journal,Materials Research Letters,as reported,SOURCE_IDENTITY,"Fig.2 and Conclusion / pp.622,625",Verified workbook and publisher DOI identity,High,VERIFIED,EXPERIMENTAL,https://doi.org/10.1080/21663831.2018.1523239,MASTER_FIELD_MAPPING
P020,10.1080/21663831.2018.1523239,P020_SERIES01,P020_MAT_FE50MN30CO10CR10,,P020_STAGE_FRACTURE,P020_STAGE_FRACTURE,Volume,6,as reported,SOURCE_IDENTITY,"Fig.2 and Conclusion / pp.622,625",Verified workbook and publisher DOI identity,High,VERIFIED,EXPERIMENTAL,https://doi.org/10.1080/21663831.2018.1523239,MASTER_FIELD_MAPPING
P020,10.1080/21663831.2018.1523239,P020_SERIES01,P020_MAT_FE50MN30CO10CR10,,P020_STAGE_FRACTURE,P020_STAGE_FRACTURE,Issue,11,as reported,SOURCE_IDENTITY,"Fig.2 and Conclusion / pp.622,625",Verified workbook and publisher DOI identity,High,VERIFIED,EXPERIMENTAL,https://doi.org/10.1080/21663831.2018.1523239,MASTER_FIELD_MAPPING
P020,10.1080/21663831.2018.1523239,P020_SERIES01,P020_MAT_FE50MN30CO10CR10,,P020_STAGE_FRACTURE,P020_STAGE_FRACTURE,Pages,620-626,as reported,SOURCE_IDENTITY,"Fig.2 and Conclusion / pp.622,625",Verified workbook and publisher DOI identity,High,VERIFIED,EXPERIMENTAL,https://doi.org/10.1080/21663831.2018.1523239,MASTER_FIELD_MAPPING
P020,10.1080/21663831.2018.1523239,P020_SERIES01,P020_MAT_FE50MN30CO10CR10,,P020_STAGE_FRACTURE,P020_STAGE_FRACTURE,Publication_Year,2018,as reported,SOURCE_IDENTITY,"Fig.2 and Conclusion / pp.622,625",Verified workbook and publisher DOI identity,High,VERIFIED,EXPERIMENTAL,https://doi.org/10.1080/21663831.2018.1523239,MASTER_FIELD_MAPPING
P020,10.1080/21663831.2018.1523239,P020_SERIES01,P020_MAT_FE50MN30CO10CR10,,P020_STAGE_FRACTURE,P020_STAGE_FRACTURE,Source_URL,https://doi.org/10.1080/21663831.2018.1523239,as reported,SOURCE_IDENTITY,"Fig.2 and Conclusion / pp.622,625",Verified workbook and publisher DOI identity,High,VERIFIED,EXPERIMENTAL,https://doi.org/10.1080/21663831.2018.1523239,MASTER_FIELD_MAPPING
P020,10.1080/21663831.2018.1523239,P020_SERIES01,P020_MAT_FE50MN30CO10CR10,,P020_STAGE_FRACTURE,P020_STAGE_FRACTURE,Alloy_Family_Text,Fe50Mn30Co10Cr10,as reported,DIRECT_TEXT_OR_VERIFIED_NA,"Fig.2 and Conclusion / pp.622,625",Source text; C-to-K representation only where required by existing field,High,VERIFIED,EXPERIMENTAL,https://doi.org/10.1080/21663831.2018.1523239,MASTER_FIELD_MAPPING
P020,10.1080/21663831.2018.1523239,P020_SERIES01,P020_MAT_FE50MN30CO10CR10,,P020_STAGE_FRACTURE,P020_STAGE_FRACTURE,Alloy_Family_Use,GROUPING_AUDIT_ONLY_NOT_PREDICTOR_NOT_SAMPLE_IDENTITY,as reported,DIRECT_TEXT_OR_VERIFIED_NA,"Fig.2 and Conclusion / pp.622,625",Source text; C-to-K representation only where required by existing field,High,VERIFIED,EXPERIMENTAL,https://doi.org/10.1080/21663831.2018.1523239,MASTER_FIELD_MAPPING
P020,10.1080/21663831.2018.1523239,P020_SERIES01,P020_MAT_FE50MN30CO10CR10,,P020_STAGE_FRACTURE,P020_STAGE_FRACTURE,Target_Status,STAGE_SPECIFIC_SUPPORT_NOT_CONDITION_LABEL,as reported,DIRECT_CONDITION_OR_STAGE_EVIDENCE,"Fig.2 and Conclusion / pp.622,625",Real-time in-situ neutron diffraction and source interpretation,High,VERIFIED,EXPERIMENTAL,https://doi.org/10.1080/21663831.2018.1523239,MASTER_FIELD_MAPPING
P020,10.1080/21663831.2018.1523239,P020_SERIES01,P020_MAT_FE50MN30CO10CR10,,P020_STAGE_FRACTURE,P020_STAGE_FRACTURE,TWIP_Phase,HCP,as reported,DIRECT_CONDITION_OR_STAGE_EVIDENCE,"Fig.2 and Conclusion / pp.622,625",Real-time in-situ neutron diffraction and source interpretation,High,VERIFIED,EXPERIMENTAL,https://doi.org/10.1080/21663831.2018.1523239,MASTER_FIELD_MAPPING
P020,10.1080/21663831.2018.1523239,P020_SERIES01,P020_MAT_FE50MN30CO10CR10,,P020_STAGE_FRACTURE,P020_STAGE_FRACTURE,TWIP_Mode,HCP_TENSILE_AND_COMPRESSION_TWINNING,as reported,DIRECT_CONDITION_OR_STAGE_EVIDENCE,"Fig.2 and Conclusion / pp.622,625",Real-time in-situ neutron diffraction and source interpretation,High,VERIFIED,EXPERIMENTAL,https://doi.org/10.1080/21663831.2018.1523239,MASTER_FIELD_MAPPING
P020,10.1080/21663831.2018.1523239,P020_SERIES01,P020_MAT_FE50MN30CO10CR10,,P020_STAGE_FRACTURE,P020_STAGE_FRACTURE,FCC_fraction_at_fracture,0.17,fraction,DIRECT_CONDITION_OR_STAGE_EVIDENCE,"Fig.2 and Conclusion / pp.622,625",Real-time in-situ neutron diffraction and source interpretation,High,VERIFIED,EXPERIMENTAL,https://doi.org/10.1080/21663831.2018.1523239,MASTER_FIELD_MAPPING
P020,10.1080/21663831.2018.1523239,P020_SERIES01,P020_MAT_FE50MN30CO10CR10,,P020_STAGE_FRACTURE,P020_STAGE_FRACTURE,HCP_fraction_at_fracture,UNRESOLVED_NA,fraction,DIRECT_CONDITION_OR_STAGE_EVIDENCE,"Fig.2 and Conclusion / pp.622,625",Real-time in-situ neutron diffraction and source interpretation,High,VERIFIED_NA_NOT_SOURCE_REPORTED_NO_COMPLEMENT_DERIVATION,EXPERIMENTAL,https://doi.org/10.1080/21663831.2018.1523239,MASTER_FIELD_MAPPING
P020,10.1080/21663831.2018.1523239,P020_SERIES01,P020_MAT_FE50MN30CO10CR10,,P020_STAGE_FRACTURE,P020_STAGE_FRACTURE,Fracture_Phase_Fraction_Status,DIRECT_FCC_ONLY_HCP_COMPLEMENT_NOT_DERIVED,as reported,DIRECT_CONDITION_OR_STAGE_EVIDENCE,"Fig.2 and Conclusion / pp.622,625",Real-time in-situ neutron diffraction and source interpretation,High,VERIFIED,EXPERIMENTAL,https://doi.org/10.1080/21663831.2018.1523239,MASTER_FIELD_MAPPING
P020,10.1080/21663831.2018.1523239,P020_SERIES01,P020_MAT_FE50MN30CO10CR10,,P020_STAGE_FRACTURE,P020_STAGE_FRACTURE,Stage_Label,IV,as reported,DIRECT_CONDITION_OR_STAGE_EVIDENCE,"Fig.2 and Conclusion / pp.622,625",Real-time in-situ neutron diffraction and source interpretation,High,VERIFIED,EXPERIMENTAL,https://doi.org/10.1080/21663831.2018.1523239,MASTER_FIELD_MAPPING
P020,10.1080/21663831.2018.1523239,P020_SERIES01,P020_MAT_FE50MN30CO10CR10,,P020_STAGE_FRACTURE,P020_STAGE_FRACTURE,Stage_Strain_Relation,reported elongation approximately 34%; source basis preserved,as reported,DIRECT_CONDITION_OR_STAGE_EVIDENCE,"Fig.2 and Conclusion / pp.622,625",Real-time in-situ neutron diffraction and source interpretation,High,VERIFIED,EXPERIMENTAL,https://doi.org/10.1080/21663831.2018.1523239,MASTER_FIELD_MAPPING
P020,10.1080/21663831.2018.1523239,P020_SERIES01,P020_MAT_FE50MN30CO10CR10,,P020_STAGE_FRACTURE,P020_STAGE_FRACTURE,Macro_Stress_MPa,1046,MPa,DIRECT_CONDITION_OR_STAGE_EVIDENCE,"Fig.2 and Conclusion / pp.622,625",Real-time in-situ neutron diffraction and source interpretation,High,VERIFIED,EXPERIMENTAL,https://doi.org/10.1080/21663831.2018.1523239,MASTER_FIELD_MAPPING
P020,10.1080/21663831.2018.1523239,P020_SERIES01,P020_MAT_FE50MN30CO10CR10,,P020_STAGE_FRACTURE,P020_STAGE_FRACTURE,Macro_Strain_pct,34,%,DIRECT_CONDITION_OR_STAGE_EVIDENCE,"Fig.2 and Conclusion / pp.622,625",Real-time in-situ neutron diffraction and source interpretation,High,VERIFIED,EXPERIMENTAL,https://doi.org/10.1080/21663831.2018.1523239,MASTER_FIELD_MAPPING
P020,10.1080/21663831.2018.1523239,P020_SERIES01,P020_MAT_FE50MN30CO10CR10,,P020_STAGE_FRACTURE,P020_STAGE_FRACTURE,Mechanism_Event,Fracture after persistent TRIP and HCP twinning/slip,as reported,DIRECT_CONDITION_OR_STAGE_EVIDENCE,"Fig.2 and Conclusion / pp.622,625",Real-time in-situ neutron diffraction and source interpretation,High,VERIFIED,EXPERIMENTAL,https://doi.org/10.1080/21663831.2018.1523239,MASTER_FIELD_MAPPING
P020,10.1080/21663831.2018.1523239,P020_SERIES01,P020_MAT_FE50MN30CO10CR10,,P020_STAGE_FRACTURE,P020_STAGE_FRACTURE,TRIP_Stage,1,binary,DIRECT_CONDITION_OR_STAGE_EVIDENCE,"Fig.2 and Conclusion / pp.622,625",Real-time in-situ neutron diffraction and source interpretation,High,VERIFIED,EXPERIMENTAL,https://doi.org/10.1080/21663831.2018.1523239,MASTER_FIELD_MAPPING
P020,10.1080/21663831.2018.1523239,P020_SERIES01,P020_MAT_FE50MN30CO10CR10,,P020_STAGE_FRACTURE,P020_STAGE_FRACTURE,TWIP_Stage,1,binary,DIRECT_CONDITION_OR_STAGE_EVIDENCE,"Fig.2 and Conclusion / pp.622,625",Real-time in-situ neutron diffraction and source interpretation,High,VERIFIED,EXPERIMENTAL,https://doi.org/10.1080/21663831.2018.1523239,MASTER_FIELD_MAPPING
P020,10.1080/21663831.2018.1523239,P020_SERIES01,P020_MAT_FE50MN30CO10CR10,,P020_STAGE_FRACTURE,P020_STAGE_FRACTURE,Slip_Stage,1,binary,DIRECT_CONDITION_OR_STAGE_EVIDENCE,"Fig.2 and Conclusion / pp.622,625",Real-time in-situ neutron diffraction and source interpretation,High,VERIFIED,EXPERIMENTAL,https://doi.org/10.1080/21663831.2018.1523239,MASTER_FIELD_MAPPING
P020,10.1080/21663831.2018.1523239,P020_SERIES01,P020_MAT_FE50MN30CO10CR10,,P020_STAGE_FRACTURE,P020_STAGE_FRACTURE,Stage_Evidence_Type,NEUTRON_PHASE_FRACTION_PLUS_MECHANISM_INTERPRETATION,as reported,DIRECT_CONDITION_OR_STAGE_EVIDENCE,"Fig.2 and Conclusion / pp.622,625",Real-time in-situ neutron diffraction and source interpretation,High,VERIFIED,EXPERIMENTAL,https://doi.org/10.1080/21663831.2018.1523239,MASTER_FIELD_MAPPING
P020,10.1080/21663831.2018.1523239,P020_SERIES01,P020_MAT_FE50MN30CO10CR10,,P020_STAGE_FRACTURE,P020_STAGE_FRACTURE,P020_Target_Semantic_Note,~17% FCC remains at fracture. Do not derive an exact HCP fraction unless explicitly reported as such.,as reported,DIRECT_CONDITION_OR_STAGE_EVIDENCE,"Fig.2 and Conclusion / pp.622,625",Real-time in-situ neutron diffraction and source interpretation,High,VERIFIED,EXPERIMENTAL,https://doi.org/10.1080/21663831.2018.1523239,MASTER_FIELD_MAPPING
P020,10.1080/21663831.2018.1523239,P020_SERIES01,P020_MAT_FE50MN30CO10CR10,,,P020_MAT_FE50MN30CO10CR10,Nominal_Composition,Fe50Mn30Co10Cr10,at.%,DIRECT_TEXT,Experimental p.621,Nominal alloy design,High,VERIFIED,EXPERIMENTAL,https://doi.org/10.1080/21663831.2018.1523239,VERIFIED_WORKBOOK_LEDGER
P020,10.1080/21663831.2018.1523239,P020_SERIES01,P020_MAT_FE50MN30CO10CR10,P020_MC_TRIPHEA_INSITU,P020_OBS_PRIMARY,P020_MC_TRIPHEA_INSITU,Initial_FCC_fraction,0.79,fraction,DIRECT_NUMERIC,Experimental/Fig.1,EBSD + neutron diffraction,High,VERIFIED,EXPERIMENTAL,https://doi.org/10.1080/21663831.2018.1523239,VERIFIED_WORKBOOK_LEDGER
P020,10.1080/21663831.2018.1523239,P020_SERIES01,P020_MAT_FE50MN30CO10CR10,P020_MC_TRIPHEA_INSITU,P020_OBS_PRIMARY,P020_MC_TRIPHEA_INSITU,Initial_HCP_fraction,0.21,fraction,DIRECT_NUMERIC,Experimental/Fig.1,EBSD + neutron diffraction,High,VERIFIED,EXPERIMENTAL,https://doi.org/10.1080/21663831.2018.1523239,VERIFIED_WORKBOOK_LEDGER
P020,10.1080/21663831.2018.1523239,P020_SERIES01,P020_MAT_FE50MN30CO10CR10,P020_MC_TRIPHEA_INSITU,P020_OBS_PRIMARY,P020_MC_TRIPHEA_INSITU,FCC_Grain_Size,40,um,DIRECT_TEXT,Experimental p.621,EBSD,High,VERIFIED_APPROX,EXPERIMENTAL,https://doi.org/10.1080/21663831.2018.1523239,VERIFIED_WORKBOOK_LEDGER
P020,10.1080/21663831.2018.1523239,P020_SERIES01,P020_MAT_FE50MN30CO10CR10,P020_MC_TRIPHEA_INSITU,P020_OBS_PRIMARY,P020_MC_TRIPHEA_INSITU,HCP_Lath_Thickness,4,um,DIRECT_TEXT,Experimental p.621,EBSD,High,VERIFIED_APPROX,EXPERIMENTAL,https://doi.org/10.1080/21663831.2018.1523239,VERIFIED_WORKBOOK_LEDGER
P020,10.1080/21663831.2018.1523239,P020_SERIES01,P020_MAT_FE50MN30CO10CR10,P020_MC_TRIPHEA_INSITU,P020_OBS_PRIMARY,P020_MC_TRIPHEA_INSITU,Effective_TRIP,1,binary,DIRECT_IN_SITU,Fig.2 pp.622,Neutron diffraction/Rietveld,High,VERIFIED,EXPERIMENTAL,https://doi.org/10.1080/21663831.2018.1523239,VERIFIED_WORKBOOK_LEDGER
P020,10.1080/21663831.2018.1523239,P020_SERIES01,P020_MAT_FE50MN30CO10CR10,P020_MC_TRIPHEA_INSITU,P020_OBS_PRIMARY,P020_MC_TRIPHEA_INSITU,Effective_TWIP,1,binary,DIRECT_IN_SITU,Fig.3 p.623,Neutron diffraction intensity/reorientation,High,VERIFIED_HCP_TWINNING,EXPERIMENTAL,https://doi.org/10.1080/21663831.2018.1523239,VERIFIED_WORKBOOK_LEDGER
P020,10.1080/21663831.2018.1523239,P020_SERIES01,P020_MAT_FE50MN30CO10CR10,P020_MC_TRIPHEA_INSITU,P020_OBS_PRIMARY,P020_MC_TRIPHEA_INSITU,Slip,1,binary,DIRECT_SOURCE_INTERPRETATION,pp.622-625,Phase-specific deformation analysis,High,VERIFIED,EXPERIMENTAL,https://doi.org/10.1080/21663831.2018.1523239,VERIFIED_WORKBOOK_LEDGER
P020,10.1080/21663831.2018.1523239,P020_SERIES01,P020_MAT_FE50MN30CO10CR10,,P020_STAGE_TRIP_ONSET,P020_STAGE_TRIP_ONSET,TRIP_Onset_Macro_Stress,200,MPa,DIRECT_TEXT,Fig.2 p.622,In-situ neutron diffraction,High,VERIFIED_APPROX,EXPERIMENTAL,https://doi.org/10.1080/21663831.2018.1523239,VERIFIED_WORKBOOK_LEDGER
P020,10.1080/21663831.2018.1523239,P020_SERIES01,P020_MAT_FE50MN30CO10CR10,,P020_STAGE_HCP_TENSILE_TWIN,P020_STAGE_HCP_TENSILE_TWIN,HCP_Tensile_Twin_Onset_Macro_Stress,400,MPa,DIRECT_TEXT,Fig.3 p.623,In-situ neutron diffraction,High,VERIFIED_APPROX,EXPERIMENTAL,https://doi.org/10.1080/21663831.2018.1523239,VERIFIED_WORKBOOK_LEDGER
P020,10.1080/21663831.2018.1523239,P020_SERIES01,P020_MAT_FE50MN30CO10CR10,,P020_STAGE_MULTI_TWIN,P020_STAGE_MULTI_TWIN,HCP_Multiple_Twin_Onset_Macro_Stress,730,MPa,DIRECT_TEXT,Fig.3 p.623,In-situ neutron diffraction,High,VERIFIED_APPROX,EXPERIMENTAL,https://doi.org/10.1080/21663831.2018.1523239,VERIFIED_WORKBOOK_LEDGER
P020,10.1080/21663831.2018.1523239,P020_SERIES01,P020_MAT_FE50MN30CO10CR10,,P020_STAGE_MULTI_TWIN,P020_STAGE_MULTI_TWIN,HCP_Multiple_Twin_Onset_Macro_Strain,15,%,DIRECT_TEXT,Fig.3 p.623,In-situ neutron diffraction,High,VERIFIED_APPROX,EXPERIMENTAL,https://doi.org/10.1080/21663831.2018.1523239,VERIFIED_WORKBOOK_LEDGER
P020,10.1080/21663831.2018.1523239,P020_SERIES01,P020_MAT_FE50MN30CO10CR10,P020_MC_TRIPHEA_INSITU,P020_OBS_PRIMARY,P020_MC_TRIPHEA_INSITU,Reported_Ultimate_Strength,1046,MPa,DIRECT_TEXT,Results p.622,Tension,High,VERIFIED,EXPERIMENTAL,https://doi.org/10.1080/21663831.2018.1523239,VERIFIED_WORKBOOK_LEDGER
P020,10.1080/21663831.2018.1523239,P020_SERIES01,P020_MAT_FE50MN30CO10CR10,P020_MC_TRIPHEA_INSITU,P020_OBS_PRIMARY,P020_MC_TRIPHEA_INSITU,Reported_Elongation,34,%,DIRECT_TEXT,Results p.622,Tension,High,VERIFIED_RAW,EXPERIMENTAL,https://doi.org/10.1080/21663831.2018.1523239,VERIFIED_WORKBOOK_LEDGER
P020,10.1080/21663831.2018.1523239,P020_SERIES01,P020_MAT_FE50MN30CO10CR10,,P020_PHASE_FRACTURE,P020_PHASE_FRACTURE,FCC_Fraction_at_Fracture,0.17,fraction,DIRECT_TEXT,Results p.622,Neutron diffraction/Rietveld,High,VERIFIED_APPROX,EXPERIMENTAL,https://doi.org/10.1080/21663831.2018.1523239,VERIFIED_WORKBOOK_LEDGER
P020,10.1080/21663831.2018.1523239,P020_SERIES01,P020_MAT_FE50MN30CO10CR10,P020_MC_TRIPHEA_INSITU,P020_OBS_PRIMARY,P020_MC_TRIPHEA_INSITU,Test_T_K,UNRESOLVED_NA,K,NOT_IN_MAIN_ARTICLE,Experimental p.621,Source review,High,VERIFIED_NA_PENDING_SUPPLEMENT,EXPERIMENTAL,https://doi.org/10.1080/21663831.2018.1523239,VERIFIED_WORKBOOK_LEDGER
P020,10.1080/21663831.2018.1523239,P020_SERIES01,P020_MAT_FE50MN30CO10CR10,P020_MC_TRIPHEA_INSITU,P020_OBS_PRIMARY,P020_MC_TRIPHEA_INSITU,Strain_Rate,UNRESOLVED_NA,s^-1,NOT_IN_MAIN_ARTICLE,Experimental p.621,Source review,High,VERIFIED_NA_PENDING_SUPPLEMENT,EXPERIMENTAL,https://doi.org/10.1080/21663831.2018.1523239,VERIFIED_WORKBOOK_LEDGER
