Paper_ID,DOI,Study_Series_ID,Material_Parent_ID,ML_Condition_ID,Observation_ID,Record_ID,Feature_Name,Recovered_Value,Units,Evidence_Type,Evidence_Location,Method,Confidence,Recovery_Status,Data_Origin,Source_URL,Predictor_Eligibility,Provenance_Layer
P021,10.1016/j.jallcom.2021.162765,P021_SERIES01,P021_MAT_FE50MN17p5CR12p5CO10NI5SI5,P021_MC_A900_5M_RT_G10,P021_OBS_A900_5M_RT_G10,P021_OBS_A900_5M_RT_G10,Paper_ID,P021,as reported,SOURCE_IDENTITY,Verified article identity / whole paper,Verified workbook and publisher DOI match,High_for_NA_decision,VERIFIED,EXPERIMENTAL,https://doi.org/10.1016/j.jallcom.2021.162765,AUDIT_SCOPE_DEPENDENT,MASTER_FIELD_MAPPING
P021,10.1016/j.jallcom.2021.162765,P021_SERIES01,P021_MAT_FE50MN17p5CR12p5CO10NI5SI5,P021_MC_A900_5M_RT_G10,P021_OBS_A900_5M_RT_G10,P021_OBS_A900_5M_RT_G10,DOI,10.1016/j.jallcom.2021.162765,as reported,SOURCE_IDENTITY,Verified article identity / whole paper,Verified workbook and publisher DOI match,High_for_NA_decision,VERIFIED,EXPERIMENTAL,https://doi.org/10.1016/j.jallcom.2021.162765,AUDIT_SCOPE_DEPENDENT,MASTER_FIELD_MAPPING
P021,10.1016/j.jallcom.2021.162765,P021_SERIES01,P021_MAT_FE50MN17p5CR12p5CO10NI5SI5,P021_MC_A900_5M_RT_G10,P021_OBS_A900_5M_RT_G10,P021_OBS_A900_5M_RT_G10,Paper_Title,Enhancement in mechanical properties through an FCC-to-HCP phase transformation in an Fe-17.5Mn-10Co-12.5Cr-5Ni-5Si (in at%) medium-entropy alloy,as reported,SOURCE_IDENTITY,Verified article identity / whole paper,Verified workbook and publisher DOI match,High_for_NA_decision,VERIFIED,EXPERIMENTAL,https://doi.org/10.1016/j.jallcom.2021.162765,AUDIT_SCOPE_DEPENDENT,MASTER_FIELD_MAPPING
P021,10.1016/j.jallcom.2021.162765,P021_SERIES01,P021_MAT_FE50MN17p5CR12p5CO10NI5SI5,P021_MC_A900_5M_RT_G10,P021_OBS_A900_5M_RT_G10,P021_OBS_A900_5M_RT_G10,Condition_ID,P021_MC_A900_5M_RT_G10,as reported,HIERARCHY_INTEGRATION,P021_Conditions verified sheet,Source-defined condition hierarchy and aggregate replicate scope,High_for_NA_decision,VERIFIED,EXPERIMENTAL,https://doi.org/10.1016/j.jallcom.2021.162765,AUDIT_SCOPE_DEPENDENT,MASTER_FIELD_MAPPING
P021,10.1016/j.jallcom.2021.162765,P021_SERIES01,P021_MAT_FE50MN17p5CR12p5CO10NI5SI5,P021_MC_A900_5M_RT_G10,P021_OBS_A900_5M_RT_G10,P021_OBS_A900_5M_RT_G10,Experiment_Group_ID,P021_SERIES01,as reported,HIERARCHY_INTEGRATION,P021_Conditions verified sheet,Source-defined condition hierarchy and aggregate replicate scope,High_for_NA_decision,VERIFIED,EXPERIMENTAL,https://doi.org/10.1016/j.jallcom.2021.162765,AUDIT_SCOPE_DEPENDENT,MASTER_FIELD_MAPPING
P021,10.1016/j.jallcom.2021.162765,P021_SERIES01,P021_MAT_FE50MN17p5CR12p5CO10NI5SI5,P021_MC_A900_5M_RT_G10,P021_OBS_A900_5M_RT_G10,P021_OBS_A900_5M_RT_G10,Row_Type,Primary experimental tensile condition,as reported,HIERARCHY_INTEGRATION,P021_Conditions verified sheet,Source-defined condition hierarchy and aggregate replicate scope,High_for_NA_decision,VERIFIED,EXPERIMENTAL,https://doi.org/10.1016/j.jallcom.2021.162765,AUDIT_SCOPE_DEPENDENT,MASTER_FIELD_MAPPING
P021,10.1016/j.jallcom.2021.162765,P021_SERIES01,P021_MAT_FE50MN17p5CR12p5CO10NI5SI5,P021_MC_A900_5M_RT_G10,P021_OBS_A900_5M_RT_G10,P021_OBS_A900_5M_RT_G10,Alloy_ID,Fe50Mn17.5Cr12.5Co10Ni5Si5,as reported,DIRECT_NOMINAL_TEXT_OR_VERIFIED_NA,"Abstract, Methods, and Fig.1",Nominal alloy design; EDS/BSE qualitative homogeneity review,High_for_NA_decision,VERIFIED,EXPERIMENTAL,https://doi.org/10.1016/j.jallcom.2021.162765,AUDIT_SCOPE_DEPENDENT,MASTER_FIELD_MAPPING
P021,10.1016/j.jallcom.2021.162765,P021_SERIES01,P021_MAT_FE50MN17p5CR12p5CO10NI5SI5,P021_MC_A900_5M_RT_G10,P021_OBS_A900_5M_RT_G10,P021_OBS_A900_5M_RT_G10,Original_Composition,Fe50Mn17.5Cr12.5Co10Ni5Si5,as reported,DIRECT_NOMINAL_TEXT_OR_VERIFIED_NA,"Abstract, Methods, and Fig.1",Nominal alloy design; EDS/BSE qualitative homogeneity review,High_for_NA_decision,VERIFIED,EXPERIMENTAL,https://doi.org/10.1016/j.jallcom.2021.162765,AUDIT_SCOPE_DEPENDENT,MASTER_FIELD_MAPPING
P021,10.1016/j.jallcom.2021.162765,P021_SERIES01,P021_MAT_FE50MN17p5CR12p5CO10NI5SI5,P021_MC_A900_5M_RT_G10,P021_OBS_A900_5M_RT_G10,P021_OBS_A900_5M_RT_G10,Composition_basis,at.% nominal,as reported,DIRECT_NOMINAL_TEXT_OR_VERIFIED_NA,"Abstract, Methods, and Fig.1",Nominal alloy design; EDS/BSE qualitative homogeneity review,High_for_NA_decision,VERIFIED,EXPERIMENTAL,https://doi.org/10.1016/j.jallcom.2021.162765,AUDIT_SCOPE_DEPENDENT,MASTER_FIELD_MAPPING
P021,10.1016/j.jallcom.2021.162765,P021_SERIES01,P021_MAT_FE50MN17p5CR12p5CO10NI5SI5,P021_MC_A900_5M_RT_G10,P021_OBS_A900_5M_RT_G10,P021_OBS_A900_5M_RT_G10,Fe_at%,50.0,at.%,DIRECT_NOMINAL_TEXT_OR_VERIFIED_NA,"Abstract, Methods, and Fig.1",Nominal alloy design; EDS/BSE qualitative homogeneity review,High_for_NA_decision,VERIFIED,EXPERIMENTAL,https://doi.org/10.1016/j.jallcom.2021.162765,AUDIT_SCOPE_DEPENDENT,MASTER_FIELD_MAPPING
P021,10.1016/j.jallcom.2021.162765,P021_SERIES01,P021_MAT_FE50MN17p5CR12p5CO10NI5SI5,P021_MC_A900_5M_RT_G10,P021_OBS_A900_5M_RT_G10,P021_OBS_A900_5M_RT_G10,Mn_at%,17.5,at.%,DIRECT_NOMINAL_TEXT_OR_VERIFIED_NA,"Abstract, Methods, and Fig.1",Nominal alloy design; EDS/BSE qualitative homogeneity review,High_for_NA_decision,VERIFIED,EXPERIMENTAL,https://doi.org/10.1016/j.jallcom.2021.162765,AUDIT_SCOPE_DEPENDENT,MASTER_FIELD_MAPPING
P021,10.1016/j.jallcom.2021.162765,P021_SERIES01,P021_MAT_FE50MN17p5CR12p5CO10NI5SI5,P021_MC_A900_5M_RT_G10,P021_OBS_A900_5M_RT_G10,P021_OBS_A900_5M_RT_G10,Co_at%,10.0,at.%,DIRECT_NOMINAL_TEXT_OR_VERIFIED_NA,"Abstract, Methods, and Fig.1",Nominal alloy design; EDS/BSE qualitative homogeneity review,High_for_NA_decision,VERIFIED,EXPERIMENTAL,https://doi.org/10.1016/j.jallcom.2021.162765,AUDIT_SCOPE_DEPENDENT,MASTER_FIELD_MAPPING
P021,10.1016/j.jallcom.2021.162765,P021_SERIES01,P021_MAT_FE50MN17p5CR12p5CO10NI5SI5,P021_MC_A900_5M_RT_G10,P021_OBS_A900_5M_RT_G10,P021_OBS_A900_5M_RT_G10,Cr_at%,12.5,at.%,DIRECT_NOMINAL_TEXT_OR_VERIFIED_NA,"Abstract, Methods, and Fig.1",Nominal alloy design; EDS/BSE qualitative homogeneity review,High_for_NA_decision,VERIFIED,EXPERIMENTAL,https://doi.org/10.1016/j.jallcom.2021.162765,AUDIT_SCOPE_DEPENDENT,MASTER_FIELD_MAPPING
P021,10.1016/j.jallcom.2021.162765,P021_SERIES01,P021_MAT_FE50MN17p5CR12p5CO10NI5SI5,P021_MC_A900_5M_RT_G10,P021_OBS_A900_5M_RT_G10,P021_OBS_A900_5M_RT_G10,Ni_at%,5.0,at.%,DIRECT_NOMINAL_TEXT_OR_VERIFIED_NA,"Abstract, Methods, and Fig.1",Nominal alloy design; EDS/BSE qualitative homogeneity review,High_for_NA_decision,VERIFIED,EXPERIMENTAL,https://doi.org/10.1016/j.jallcom.2021.162765,AUDIT_SCOPE_DEPENDENT,MASTER_FIELD_MAPPING
P021,10.1016/j.jallcom.2021.162765,P021_SERIES01,P021_MAT_FE50MN17p5CR12p5CO10NI5SI5,P021_MC_A900_5M_RT_G10,P021_OBS_A900_5M_RT_G10,P021_OBS_A900_5M_RT_G10,Si_at%,5.0,at.%,DIRECT_NOMINAL_TEXT_OR_VERIFIED_NA,"Abstract, Methods, and Fig.1",Nominal alloy design; EDS/BSE qualitative homogeneity review,High_for_NA_decision,VERIFIED,EXPERIMENTAL,https://doi.org/10.1016/j.jallcom.2021.162765,AUDIT_SCOPE_DEPENDENT,MASTER_FIELD_MAPPING
P021,10.1016/j.jallcom.2021.162765,P021_SERIES01,P021_MAT_FE50MN17p5CR12p5CO10NI5SI5,P021_MC_A900_5M_RT_G10,P021_OBS_A900_5M_RT_G10,P021_OBS_A900_5M_RT_G10,Processing_route,Vacuum arc melted under Ar from >99.9% raw materials; flipped/remelted at least five times; approximately 150 g alloy remolded to 65 x 40 x 10 mm; homogenized 1150 C/24 h; hot rolled at 1100 C to 3 mm; cold rolled 30%; final anneal 900 C/5 min; water quenched,as reported,DIRECT_METHOD_OR_SCHEMA_UNIT_REPRESENTATION,"Methods pp.2-3 and Figs.2,4",Source methods; Celsius-to-Kelvin schema representation only,High_for_NA_decision,VERIFIED,EXPERIMENTAL,https://doi.org/10.1016/j.jallcom.2021.162765,AUDIT_SCOPE_DEPENDENT,MASTER_FIELD_MAPPING
P021,10.1016/j.jallcom.2021.162765,P021_SERIES01,P021_MAT_FE50MN17p5CR12p5CO10NI5SI5,P021_MC_A900_5M_RT_G10,P021_OBS_A900_5M_RT_G10,P021_OBS_A900_5M_RT_G10,Cast_method,Vacuum arc melting under Ar; flipped/remelted at least five times; remolded rectangular ingot,as reported,DIRECT_METHOD_OR_SCHEMA_UNIT_REPRESENTATION,"Methods pp.2-3 and Figs.2,4",Source methods; Celsius-to-Kelvin schema representation only,High_for_NA_decision,VERIFIED,EXPERIMENTAL,https://doi.org/10.1016/j.jallcom.2021.162765,AUDIT_SCOPE_DEPENDENT,MASTER_FIELD_MAPPING
P021,10.1016/j.jallcom.2021.162765,P021_SERIES01,P021_MAT_FE50MN17p5CR12p5CO10NI5SI5,P021_MC_A900_5M_RT_G10,P021_OBS_A900_5M_RT_G10,P021_OBS_A900_5M_RT_G10,Homogenization_T_K,1423.15,K,DIRECT_METHOD_OR_SCHEMA_UNIT_REPRESENTATION,"Methods pp.2-3 and Figs.2,4",Source methods; Celsius-to-Kelvin schema representation only,High_for_NA_decision,VERIFIED,EXPERIMENTAL,https://doi.org/10.1016/j.jallcom.2021.162765,AUDIT_SCOPE_DEPENDENT,MASTER_FIELD_MAPPING
P021,10.1016/j.jallcom.2021.162765,P021_SERIES01,P021_MAT_FE50MN17p5CR12p5CO10NI5SI5,P021_MC_A900_5M_RT_G10,P021_OBS_A900_5M_RT_G10,P021_OBS_A900_5M_RT_G10,Homogenization_time_h,24.0,h,DIRECT_METHOD_OR_SCHEMA_UNIT_REPRESENTATION,"Methods pp.2-3 and Figs.2,4",Source methods; Celsius-to-Kelvin schema representation only,High_for_NA_decision,VERIFIED,EXPERIMENTAL,https://doi.org/10.1016/j.jallcom.2021.162765,AUDIT_SCOPE_DEPENDENT,MASTER_FIELD_MAPPING
P021,10.1016/j.jallcom.2021.162765,P021_SERIES01,P021_MAT_FE50MN17p5CR12p5CO10NI5SI5,P021_MC_A900_5M_RT_G10,P021_OBS_A900_5M_RT_G10,P021_OBS_A900_5M_RT_G10,Hot_rolling_T_K,1373.15,K,DIRECT_METHOD_OR_SCHEMA_UNIT_REPRESENTATION,"Methods pp.2-3 and Figs.2,4",Source methods; Celsius-to-Kelvin schema representation only,High_for_NA_decision,VERIFIED,EXPERIMENTAL,https://doi.org/10.1016/j.jallcom.2021.162765,AUDIT_SCOPE_DEPENDENT,MASTER_FIELD_MAPPING
P021,10.1016/j.jallcom.2021.162765,P021_SERIES01,P021_MAT_FE50MN17p5CR12p5CO10NI5SI5,P021_MC_A900_5M_RT_G10,P021_OBS_A900_5M_RT_G10,P021_OBS_A900_5M_RT_G10,Cold_rolling_reduction_pct,30.0,%,DIRECT_METHOD_OR_SCHEMA_UNIT_REPRESENTATION,"Methods pp.2-3 and Figs.2,4",Source methods; Celsius-to-Kelvin schema representation only,High_for_NA_decision,VERIFIED,EXPERIMENTAL,https://doi.org/10.1016/j.jallcom.2021.162765,AUDIT_SCOPE_DEPENDENT,MASTER_FIELD_MAPPING
P021,10.1016/j.jallcom.2021.162765,P021_SERIES01,P021_MAT_FE50MN17p5CR12p5CO10NI5SI5,P021_MC_A900_5M_RT_G10,P021_OBS_A900_5M_RT_G10,P021_OBS_A900_5M_RT_G10,Annealing_T_K,1173.15,K,DIRECT_METHOD_OR_SCHEMA_UNIT_REPRESENTATION,"Methods pp.2-3 and Figs.2,4",Source methods; Celsius-to-Kelvin schema representation only,High_for_NA_decision,VERIFIED,EXPERIMENTAL,https://doi.org/10.1016/j.jallcom.2021.162765,AUDIT_SCOPE_DEPENDENT,MASTER_FIELD_MAPPING
P021,10.1016/j.jallcom.2021.162765,P021_SERIES01,P021_MAT_FE50MN17p5CR12p5CO10NI5SI5,P021_MC_A900_5M_RT_G10,P021_OBS_A900_5M_RT_G10,P021_OBS_A900_5M_RT_G10,Annealing_time_min,5.0,min,DIRECT_METHOD_OR_SCHEMA_UNIT_REPRESENTATION,"Methods pp.2-3 and Figs.2,4",Source methods; Celsius-to-Kelvin schema representation only,High_for_NA_decision,VERIFIED,EXPERIMENTAL,https://doi.org/10.1016/j.jallcom.2021.162765,AUDIT_SCOPE_DEPENDENT,MASTER_FIELD_MAPPING
P021,10.1016/j.jallcom.2021.162765,P021_SERIES01,P021_MAT_FE50MN17p5CR12p5CO10NI5SI5,P021_MC_A900_5M_RT_G10,P021_OBS_A900_5M_RT_G10,P021_OBS_A900_5M_RT_G10,Cooling_route,Water quench,as reported,DIRECT_METHOD_OR_SCHEMA_UNIT_REPRESENTATION,"Methods pp.2-3 and Figs.2,4",Source methods; Celsius-to-Kelvin schema representation only,High_for_NA_decision,VERIFIED,EXPERIMENTAL,https://doi.org/10.1016/j.jallcom.2021.162765,AUDIT_SCOPE_DEPENDENT,MASTER_FIELD_MAPPING
P021,10.1016/j.jallcom.2021.162765,P021_SERIES01,P021_MAT_FE50MN17p5CR12p5CO10NI5SI5,P021_MC_A900_5M_RT_G10,P021_OBS_A900_5M_RT_G10,P021_OBS_A900_5M_RT_G10,Test_T_K,298.0,K,DIRECT_METHOD_OR_SCHEMA_UNIT_REPRESENTATION,"Methods pp.2-3 and Figs.2,4",Source methods; Celsius-to-Kelvin schema representation only,High_for_NA_decision,VERIFIED,EXPERIMENTAL,https://doi.org/10.1016/j.jallcom.2021.162765,AUDIT_SCOPE_DEPENDENT,MASTER_FIELD_MAPPING
P021,10.1016/j.jallcom.2021.162765,P021_SERIES01,P021_MAT_FE50MN17p5CR12p5CO10NI5SI5,P021_MC_A900_5M_RT_G10,P021_OBS_A900_5M_RT_G10,P021_OBS_A900_5M_RT_G10,Strain_rate_s-1,0.001,s^-1,DIRECT_METHOD_OR_SCHEMA_UNIT_REPRESENTATION,"Methods pp.2-3 and Figs.2,4",Source methods; Celsius-to-Kelvin schema representation only,High_for_NA_decision,VERIFIED,EXPERIMENTAL,https://doi.org/10.1016/j.jallcom.2021.162765,AUDIT_SCOPE_DEPENDENT,MASTER_FIELD_MAPPING
P021,10.1016/j.jallcom.2021.162765,P021_SERIES01,P021_MAT_FE50MN17p5CR12p5CO10NI5SI5,P021_MC_A900_5M_RT_G10,P021_OBS_A900_5M_RT_G10,P021_OBS_A900_5M_RT_G10,Grain_size_um,10.0,um,DIRECT_PRETEST_MICROSTRUCTURE,"Results pp.3,6 and Figs.2,3,7","BSE, EBSD, XRD, and pre-test TEM interpretation",High_for_NA_decision,VERIFIED,EXPERIMENTAL,https://doi.org/10.1016/j.jallcom.2021.162765,AUDIT_SCOPE_DEPENDENT,MASTER_FIELD_MAPPING
P021,10.1016/j.jallcom.2021.162765,P021_SERIES01,P021_MAT_FE50MN17p5CR12p5CO10NI5SI5,P021_MC_A900_5M_RT_G10,P021_OBS_A900_5M_RT_G10,P021_OBS_A900_5M_RT_G10,Initial_FCC_fraction,UNRESOLVED_NA,fraction,DIRECT_PRETEST_MICROSTRUCTURE,"Results pp.3,6 and Figs.2,3,7","BSE, EBSD, XRD, and pre-test TEM interpretation",High_for_NA_decision,VERIFIED_NA_EXACT_NUMERIC_FCC_FRACTION_NOT_REPORTED,EXPERIMENTAL,https://doi.org/10.1016/j.jallcom.2021.162765,AUDIT_SCOPE_DEPENDENT,MASTER_FIELD_MAPPING
P021,10.1016/j.jallcom.2021.162765,P021_SERIES01,P021_MAT_FE50MN17p5CR12p5CO10NI5SI5,P021_MC_A900_5M_RT_G10,P021_OBS_A900_5M_RT_G10,P021_OBS_A900_5M_RT_G10,Initial_HCP_fraction,0.0,fraction,DIRECT_PRETEST_MICROSTRUCTURE,"Results pp.3,6 and Figs.2,3,7","BSE, EBSD, XRD, and pre-test TEM interpretation",High_for_NA_decision,VERIFIED,EXPERIMENTAL,https://doi.org/10.1016/j.jallcom.2021.162765,AUDIT_SCOPE_DEPENDENT,MASTER_FIELD_MAPPING
P021,10.1016/j.jallcom.2021.162765,P021_SERIES01,P021_MAT_FE50MN17p5CR12p5CO10NI5SI5,P021_MC_A900_5M_RT_G10,P021_OBS_A900_5M_RT_G10,P021_OBS_A900_5M_RT_G10,Initial_twin_boundary_status,Abundant annealing twins,as reported,DIRECT_PRETEST_MICROSTRUCTURE,"Results pp.3,6 and Figs.2,3,7","BSE, EBSD, XRD, and pre-test TEM interpretation",High_for_NA_decision,VERIFIED,EXPERIMENTAL,https://doi.org/10.1016/j.jallcom.2021.162765,AUDIT_SCOPE_DEPENDENT,MASTER_FIELD_MAPPING
P021,10.1016/j.jallcom.2021.162765,P021_SERIES01,P021_MAT_FE50MN17p5CR12p5CO10NI5SI5,P021_MC_A900_5M_RT_G10,P021_OBS_A900_5M_RT_G10,P021_OBS_A900_5M_RT_G10,SFE_mJ_m2,UNRESOLVED_NA,mJ/m2,AUTHOR_INFERENCE_OR_VERIFIED_GAP,Results pp.5-6 and whole-paper review,Source interpretation; no numeric conversion or cross-paper transfer,High_for_NA_decision,VERIFIED_NA_NO_DIRECT_NUMERIC_ALLOY_SPECIFIC_SFE,EXPERIMENTAL,https://doi.org/10.1016/j.jallcom.2021.162765,NOT_SAFE_AS_DIRECT_NUMERIC_SFE,MASTER_FIELD_MAPPING
P021,10.1016/j.jallcom.2021.162765,P021_SERIES01,P021_MAT_FE50MN17p5CR12p5CO10NI5SI5,P021_MC_A900_5M_RT_G10,P021_OBS_A900_5M_RT_G10,P021_OBS_A900_5M_RT_G10,SFE_method,UNRESOLVED_NA,as reported,AUTHOR_INFERENCE_OR_VERIFIED_GAP,Results pp.5-6 and whole-paper review,Source interpretation; no numeric conversion or cross-paper transfer,High_for_NA_decision,VERIFIED_NA_NO_DIRECT_NUMERIC_ALLOY_SPECIFIC_SFE,EXPERIMENTAL,https://doi.org/10.1016/j.jallcom.2021.162765,NOT_SAFE_AS_DIRECT_NUMERIC_SFE,MASTER_FIELD_MAPPING
P021,10.1016/j.jallcom.2021.162765,P021_SERIES01,P021_MAT_FE50MN17p5CR12p5CO10NI5SI5,P021_MC_A900_5M_RT_G10,P021_OBS_A900_5M_RT_G10,P021_OBS_A900_5M_RT_G10,DeltaG_FCC_HCP_J_mol,UNRESOLVED_NA,J/mol,AUTHOR_INFERENCE_OR_VERIFIED_GAP,Results pp.5-6 and whole-paper review,Source interpretation; no numeric conversion or cross-paper transfer,High_for_NA_decision,VERIFIED_NA_NOT_REPORTED_NO_CROSS_PAPER_TRANSFER,EXPERIMENTAL,https://doi.org/10.1016/j.jallcom.2021.162765,NOT_SAFE_AS_DIRECT_NUMERIC_SFE,MASTER_FIELD_MAPPING
P021,10.1016/j.jallcom.2021.162765,P021_SERIES01,P021_MAT_FE50MN17p5CR12p5CO10NI5SI5,P021_MC_A900_5M_RT_G10,P021_OBS_A900_5M_RT_G10,P021_OBS_A900_5M_RT_G10,DeltaG_method,UNRESOLVED_NA,as reported,AUTHOR_INFERENCE_OR_VERIFIED_GAP,Results pp.5-6 and whole-paper review,Source interpretation; no numeric conversion or cross-paper transfer,High_for_NA_decision,VERIFIED_NA_NOT_REPORTED_NO_CROSS_PAPER_TRANSFER,EXPERIMENTAL,https://doi.org/10.1016/j.jallcom.2021.162765,NOT_SAFE_AS_DIRECT_NUMERIC_SFE,MASTER_FIELD_MAPPING
P021,10.1016/j.jallcom.2021.162765,P021_SERIES01,P021_MAT_FE50MN17p5CR12p5CO10NI5SI5,P021_MC_A900_5M_RT_G10,P021_OBS_A900_5M_RT_G10,P021_OBS_A900_5M_RT_G10,Lattice_parameter_nm,0.358,nm,DIRECT_PRETEST_MICROSTRUCTURE,"Results pp.3,6 and Figs.2,3,7","BSE, EBSD, XRD, and pre-test TEM interpretation",High_for_NA_decision,VERIFIED,EXPERIMENTAL,https://doi.org/10.1016/j.jallcom.2021.162765,AUDIT_SCOPE_DEPENDENT,MASTER_FIELD_MAPPING
P021,10.1016/j.jallcom.2021.162765,P021_SERIES01,P021_MAT_FE50MN17p5CR12p5CO10NI5SI5,P021_MC_A900_5M_RT_G10,P021_OBS_A900_5M_RT_G10,P021_OBS_A900_5M_RT_G10,Slip,UNRESOLVED_NA,binary,CONDITION_LEVEL_TARGET_DECISION,"Methods pp.2-3; Fig.2; Fig.4; Results pp.3,6; Figs.2,3,7; Fig.4 inset tables p.4; Mechanical curve is available, but the direct phase/twin characterization in the paper is not resolved to this 10 um condition.",Condition-specific EBSD/XRD/TEM evidence or conservative NA review,High_for_NA_decision,VERIFIED_NA_INSUFFICIENT_CONDITION_LEVEL_TARGET_EVIDENCE,EXPERIMENTAL,https://doi.org/10.1016/j.jallcom.2021.162765,AUDIT_SCOPE_DEPENDENT,MASTER_FIELD_MAPPING
P021,10.1016/j.jallcom.2021.162765,P021_SERIES01,P021_MAT_FE50MN17p5CR12p5CO10NI5SI5,P021_MC_A900_5M_RT_G10,P021_OBS_A900_5M_RT_G10,P021_OBS_A900_5M_RT_G10,HCP_fraction_at_condition,UNRESOLVED_NA,fraction,DIRECT_POST_TEST_TARGET_EVIDENCE,"Figs.5,6b,7b,7d pp.5-8","Condition-specific XRD, EBSD, and TEM/SAD",High_for_NA_decision,VERIFIED_NA_NO_CONDITION_SPECIFIC_POSTFRACTURE_FRACTION,EXPERIMENTAL,https://doi.org/10.1016/j.jallcom.2021.162765,,MASTER_FIELD_MAPPING
P021,10.1016/j.jallcom.2021.162765,P021_SERIES01,P021_MAT_FE50MN17p5CR12p5CO10NI5SI5,P021_MC_A900_5M_RT_G10,P021_OBS_A900_5M_RT_G10,P021_OBS_A900_5M_RT_G10,YS_MPa,310.0,MPa,DIRECT_AGGREGATE_TENSILE_OUTCOME,Fig.4 inset tables p.4,Average engineering tensile response from at least three specimens,High_for_NA_decision,VERIFIED,EXPERIMENTAL,https://doi.org/10.1016/j.jallcom.2021.162765,MECHANICAL_OUTCOME_LEAKAGE,MASTER_FIELD_MAPPING
P021,10.1016/j.jallcom.2021.162765,P021_SERIES01,P021_MAT_FE50MN17p5CR12p5CO10NI5SI5,P021_MC_A900_5M_RT_G10,P021_OBS_A900_5M_RT_G10,P021_OBS_A900_5M_RT_G10,UTS_MPa,769.0,MPa,DIRECT_AGGREGATE_TENSILE_OUTCOME,Fig.4 inset tables p.4,Average engineering tensile response from at least three specimens,High_for_NA_decision,VERIFIED,EXPERIMENTAL,https://doi.org/10.1016/j.jallcom.2021.162765,MECHANICAL_OUTCOME_LEAKAGE,MASTER_FIELD_MAPPING
P021,10.1016/j.jallcom.2021.162765,P021_SERIES01,P021_MAT_FE50MN17p5CR12p5CO10NI5SI5,P021_MC_A900_5M_RT_G10,P021_OBS_A900_5M_RT_G10,P021_OBS_A900_5M_RT_G10,Elongation_pct,63.0,%,DIRECT_AGGREGATE_TENSILE_OUTCOME,Fig.4 inset tables p.4,Average engineering tensile response from at least three specimens,High_for_NA_decision,VERIFIED,EXPERIMENTAL,https://doi.org/10.1016/j.jallcom.2021.162765,MECHANICAL_OUTCOME_LEAKAGE,MASTER_FIELD_MAPPING
P021,10.1016/j.jallcom.2021.162765,P021_SERIES01,P021_MAT_FE50MN17p5CR12p5CO10NI5SI5,P021_MC_A900_5M_RT_G10,P021_OBS_A900_5M_RT_G10,P021_OBS_A900_5M_RT_G10,Evidence_TRIP,"Mechanical curve is available, but the direct phase/twin characterization in the paper is not resolved to this 10 um condition.",as reported,CONDITION_LEVEL_TARGET_DECISION,"Methods pp.2-3; Fig.2; Fig.4; Results pp.3,6; Figs.2,3,7; Fig.4 inset tables p.4; Mechanical curve is available, but the direct phase/twin characterization in the paper is not resolved to this 10 um condition.",Condition-specific EBSD/XRD/TEM evidence or conservative NA review,High_for_NA_decision,VERIFIED,EXPERIMENTAL,https://doi.org/10.1016/j.jallcom.2021.162765,AUDIT_SCOPE_DEPENDENT,MASTER_FIELD_MAPPING
P021,10.1016/j.jallcom.2021.162765,P021_SERIES01,P021_MAT_FE50MN17p5CR12p5CO10NI5SI5,P021_MC_A900_5M_RT_G10,P021_OBS_A900_5M_RT_G10,P021_OBS_A900_5M_RT_G10,Evidence_TWIP,Do not infer TRIP/TWIP from work-hardening plateau alone.,as reported,CONDITION_LEVEL_TARGET_DECISION,"Methods pp.2-3; Fig.2; Fig.4; Results pp.3,6; Figs.2,3,7; Fig.4 inset tables p.4; Mechanical curve is available, but the direct phase/twin characterization in the paper is not resolved to this 10 um condition.",Condition-specific EBSD/XRD/TEM evidence or conservative NA review,High_for_NA_decision,VERIFIED,EXPERIMENTAL,https://doi.org/10.1016/j.jallcom.2021.162765,AUDIT_SCOPE_DEPENDENT,MASTER_FIELD_MAPPING
P021,10.1016/j.jallcom.2021.162765,P021_SERIES01,P021_MAT_FE50MN17p5CR12p5CO10NI5SI5,P021_MC_A900_5M_RT_G10,P021_OBS_A900_5M_RT_G10,P021_OBS_A900_5M_RT_G10,Characterization_methods,BSE; EBSD; XRD,as reported,VERIFIED_MASTER_FIELD_MAPPING,"Methods pp.2-3; Fig.2; Fig.4; Results pp.3,6; Figs.2,3,7; Fig.4 inset tables p.4; Mechanical curve is available, but the direct phase/twin characterization in the paper is not resolved to this 10 um condition.",Verified workbook-to-master mapping,High_for_NA_decision,VERIFIED,EXPERIMENTAL,https://doi.org/10.1016/j.jallcom.2021.162765,AUDIT_SCOPE_DEPENDENT,MASTER_FIELD_MAPPING
P021,10.1016/j.jallcom.2021.162765,P021_SERIES01,P021_MAT_FE50MN17p5CR12p5CO10NI5SI5,P021_MC_A900_5M_RT_G10,P021_OBS_A900_5M_RT_G10,P021_OBS_A900_5M_RT_G10,Source_location,"Methods pp.2-3; Fig.2; Fig.4; Results pp.3,6; Figs.2,3,7; Fig.4 inset tables p.4; Mechanical curve is available, but the direct phase/twin characterization in the paper is not resolved to this 10 um condition.",as reported,VERIFIED_MASTER_FIELD_MAPPING,"Methods pp.2-3; Fig.2; Fig.4; Results pp.3,6; Figs.2,3,7; Fig.4 inset tables p.4; Mechanical curve is available, but the direct phase/twin characterization in the paper is not resolved to this 10 um condition.",Verified workbook-to-master mapping,High_for_NA_decision,VERIFIED,EXPERIMENTAL,https://doi.org/10.1016/j.jallcom.2021.162765,AUDIT_SCOPE_DEPENDENT,MASTER_FIELD_MAPPING
P021,10.1016/j.jallcom.2021.162765,P021_SERIES01,P021_MAT_FE50MN17p5CR12p5CO10NI5SI5,P021_MC_A900_5M_RT_G10,P021_OBS_A900_5M_RT_G10,P021_OBS_A900_5M_RT_G10,Label_confidence,High_for_NA_decision,as reported,CONDITION_LEVEL_TARGET_DECISION,"Methods pp.2-3; Fig.2; Fig.4; Results pp.3,6; Figs.2,3,7; Fig.4 inset tables p.4; Mechanical curve is available, but the direct phase/twin characterization in the paper is not resolved to this 10 um condition.",Condition-specific EBSD/XRD/TEM evidence or conservative NA review,High_for_NA_decision,VERIFIED,EXPERIMENTAL,https://doi.org/10.1016/j.jallcom.2021.162765,AUDIT_SCOPE_DEPENDENT,MASTER_FIELD_MAPPING
P021,10.1016/j.jallcom.2021.162765,P021_SERIES01,P021_MAT_FE50MN17p5CR12p5CO10NI5SI5,P021_MC_A900_5M_RT_G10,P021_OBS_A900_5M_RT_G10,P021_OBS_A900_5M_RT_G10,Parent_Experiment_ID,P021_MC_A900_5M_RT_G10,as reported,HIERARCHY_INTEGRATION,P021_Conditions verified sheet,Source-defined condition hierarchy and aggregate replicate scope,High_for_NA_decision,VERIFIED,EXPERIMENTAL,https://doi.org/10.1016/j.jallcom.2021.162765,AUDIT_SCOPE_DEPENDENT,MASTER_FIELD_MAPPING
P021,10.1016/j.jallcom.2021.162765,P021_SERIES01,P021_MAT_FE50MN17p5CR12p5CO10NI5SI5,P021_MC_A900_5M_RT_G10,P021_OBS_A900_5M_RT_G10,P021_OBS_A900_5M_RT_G10,ML_Condition_ID,P021_MC_A900_5M_RT_G10,as reported,HIERARCHY_INTEGRATION,P021_Conditions verified sheet,Source-defined condition hierarchy and aggregate replicate scope,High_for_NA_decision,VERIFIED,EXPERIMENTAL,https://doi.org/10.1016/j.jallcom.2021.162765,AUDIT_SCOPE_DEPENDENT,MASTER_FIELD_MAPPING
P021,10.1016/j.jallcom.2021.162765,P021_SERIES01,P021_MAT_FE50MN17p5CR12p5CO10NI5SI5,P021_MC_A900_5M_RT_G10,P021_OBS_A900_5M_RT_G10,P021_OBS_A900_5M_RT_G10,Observation_ID,P021_OBS_A900_5M_RT_G10,as reported,HIERARCHY_INTEGRATION,P021_Conditions verified sheet,Source-defined condition hierarchy and aggregate replicate scope,High_for_NA_decision,VERIFIED,EXPERIMENTAL,https://doi.org/10.1016/j.jallcom.2021.162765,AUDIT_SCOPE_DEPENDENT,MASTER_FIELD_MAPPING
P021,10.1016/j.jallcom.2021.162765,P021_SERIES01,P021_MAT_FE50MN17p5CR12p5CO10NI5SI5,P021_MC_A900_5M_RT_G10,P021_OBS_A900_5M_RT_G10,P021_OBS_A900_5M_RT_G10,Data_Origin,EXPERIMENTAL,as reported,SOURCE_IDENTITY,Verified article identity / whole paper,Verified workbook and publisher DOI match,High_for_NA_decision,VERIFIED,EXPERIMENTAL,https://doi.org/10.1016/j.jallcom.2021.162765,AUDIT_SCOPE_DEPENDENT,MASTER_FIELD_MAPPING
P021,10.1016/j.jallcom.2021.162765,P021_SERIES01,P021_MAT_FE50MN17p5CR12p5CO10NI5SI5,P021_MC_A900_5M_RT_G10,P021_OBS_A900_5M_RT_G10,P021_OBS_A900_5M_RT_G10,Observation_Role,INDEPENDENT_CONDITION,as reported,HIERARCHY_INTEGRATION,P021_Conditions verified sheet,Source-defined condition hierarchy and aggregate replicate scope,High_for_NA_decision,VERIFIED,EXPERIMENTAL,https://doi.org/10.1016/j.jallcom.2021.162765,AUDIT_SCOPE_DEPENDENT,MASTER_FIELD_MAPPING
P021,10.1016/j.jallcom.2021.162765,P021_SERIES01,P021_MAT_FE50MN17p5CR12p5CO10NI5SI5,P021_MC_A900_5M_RT_G10,P021_OBS_A900_5M_RT_G10,P021_OBS_A900_5M_RT_G10,Grouping_Review_Required,False,as reported,HIERARCHY_INTEGRATION,P021_Conditions verified sheet,Source-defined condition hierarchy and aggregate replicate scope,High_for_NA_decision,VERIFIED,EXPERIMENTAL,https://doi.org/10.1016/j.jallcom.2021.162765,AUDIT_SCOPE_DEPENDENT,MASTER_FIELD_MAPPING
P021,10.1016/j.jallcom.2021.162765,P021_SERIES01,P021_MAT_FE50MN17p5CR12p5CO10NI5SI5,P021_MC_A900_5M_RT_G10,P021_OBS_A900_5M_RT_G10,P021_OBS_A900_5M_RT_G10,Grouping_Confidence,HIGH,as reported,HIERARCHY_INTEGRATION,P021_Conditions verified sheet,Source-defined condition hierarchy and aggregate replicate scope,High_for_NA_decision,VERIFIED,EXPERIMENTAL,https://doi.org/10.1016/j.jallcom.2021.162765,AUDIT_SCOPE_DEPENDENT,MASTER_FIELD_MAPPING
P021,10.1016/j.jallcom.2021.162765,P021_SERIES01,P021_MAT_FE50MN17p5CR12p5CO10NI5SI5,P021_MC_A900_5M_RT_G10,P021_OBS_A900_5M_RT_G10,P021_OBS_A900_5M_RT_G10,Grouping_Reason,Verified source-defined anneal/grain-size/test-temperature condition; five siblings remain in one strict study group,as reported,HIERARCHY_INTEGRATION,P021_Conditions verified sheet,Source-defined condition hierarchy and aggregate replicate scope,High_for_NA_decision,VERIFIED,EXPERIMENTAL,https://doi.org/10.1016/j.jallcom.2021.162765,AUDIT_SCOPE_DEPENDENT,MASTER_FIELD_MAPPING
P021,10.1016/j.jallcom.2021.162765,P021_SERIES01,P021_MAT_FE50MN17p5CR12p5CO10NI5SI5,P021_MC_A900_5M_RT_G10,P021_OBS_A900_5M_RT_G10,P021_OBS_A900_5M_RT_G10,Recovered_Initial_FCC_fraction,UNRESOLVED_NA,fraction,DIRECT_PRETEST_MICROSTRUCTURE,"Results pp.3,6 and Figs.2,3,7","BSE, EBSD, XRD, and pre-test TEM interpretation",High_for_NA_decision,VERIFIED_NA_EXACT_NUMERIC_FCC_FRACTION_NOT_REPORTED,EXPERIMENTAL,https://doi.org/10.1016/j.jallcom.2021.162765,AUDIT_SCOPE_DEPENDENT,MASTER_FIELD_MAPPING
P021,10.1016/j.jallcom.2021.162765,P021_SERIES01,P021_MAT_FE50MN17p5CR12p5CO10NI5SI5,P021_MC_A900_5M_RT_G10,P021_OBS_A900_5M_RT_G10,P021_OBS_A900_5M_RT_G10,Recovered_Initial_HCP_fraction,0.0,fraction,DIRECT_PRETEST_MICROSTRUCTURE,"Results pp.3,6 and Figs.2,3,7","BSE, EBSD, XRD, and pre-test TEM interpretation",High_for_NA_decision,VERIFIED,EXPERIMENTAL,https://doi.org/10.1016/j.jallcom.2021.162765,AUDIT_SCOPE_DEPENDENT,MASTER_FIELD_MAPPING
P021,10.1016/j.jallcom.2021.162765,P021_SERIES01,P021_MAT_FE50MN17p5CR12p5CO10NI5SI5,P021_MC_A900_5M_RT_G10,P021_OBS_A900_5M_RT_G10,P021_OBS_A900_5M_RT_G10,Effective_TRIP,UNRESOLVED_NA,binary,CONDITION_LEVEL_TARGET_DECISION,"Methods pp.2-3; Fig.2; Fig.4; Results pp.3,6; Figs.2,3,7; Fig.4 inset tables p.4; Mechanical curve is available, but the direct phase/twin characterization in the paper is not resolved to this 10 um condition.",Condition-specific EBSD/XRD/TEM evidence or conservative NA review,High_for_NA_decision,VERIFIED_NA_INSUFFICIENT_CONDITION_LEVEL_TARGET_EVIDENCE,EXPERIMENTAL,https://doi.org/10.1016/j.jallcom.2021.162765,AUDIT_SCOPE_DEPENDENT,MASTER_FIELD_MAPPING
P021,10.1016/j.jallcom.2021.162765,P021_SERIES01,P021_MAT_FE50MN17p5CR12p5CO10NI5SI5,P021_MC_A900_5M_RT_G10,P021_OBS_A900_5M_RT_G10,P021_OBS_A900_5M_RT_G10,Effective_TWIP,UNRESOLVED_NA,binary,CONDITION_LEVEL_TARGET_DECISION,"Methods pp.2-3; Fig.2; Fig.4; Results pp.3,6; Figs.2,3,7; Fig.4 inset tables p.4; Mechanical curve is available, but the direct phase/twin characterization in the paper is not resolved to this 10 um condition.",Condition-specific EBSD/XRD/TEM evidence or conservative NA review,High_for_NA_decision,VERIFIED_NA_INSUFFICIENT_CONDITION_LEVEL_TARGET_EVIDENCE,EXPERIMENTAL,https://doi.org/10.1016/j.jallcom.2021.162765,AUDIT_SCOPE_DEPENDENT,MASTER_FIELD_MAPPING
P021,10.1016/j.jallcom.2021.162765,P021_SERIES01,P021_MAT_FE50MN17p5CR12p5CO10NI5SI5,P021_MC_A900_5M_RT_G10,P021_OBS_A900_5M_RT_G10,P021_OBS_A900_5M_RT_G10,Study_Series_ID,P021_SERIES01,as reported,HIERARCHY_INTEGRATION,P021_Conditions verified sheet,Source-defined condition hierarchy and aggregate replicate scope,High_for_NA_decision,VERIFIED,EXPERIMENTAL,https://doi.org/10.1016/j.jallcom.2021.162765,AUDIT_SCOPE_DEPENDENT,MASTER_FIELD_MAPPING
P021,10.1016/j.jallcom.2021.162765,P021_SERIES01,P021_MAT_FE50MN17p5CR12p5CO10NI5SI5,P021_MC_A900_5M_RT_G10,P021_OBS_A900_5M_RT_G10,P021_OBS_A900_5M_RT_G10,Material_Parent_ID,P021_MAT_FE50MN17p5CR12p5CO10NI5SI5,as reported,HIERARCHY_INTEGRATION,P021_Conditions verified sheet,Source-defined condition hierarchy and aggregate replicate scope,High_for_NA_decision,VERIFIED,EXPERIMENTAL,https://doi.org/10.1016/j.jallcom.2021.162765,AUDIT_SCOPE_DEPENDENT,MASTER_FIELD_MAPPING
P021,10.1016/j.jallcom.2021.162765,P021_SERIES01,P021_MAT_FE50MN17p5CR12p5CO10NI5SI5,P021_MC_A900_5M_RT_G10,P021_OBS_A900_5M_RT_G10,P021_OBS_A900_5M_RT_G10,Physical_Batch_ID,UNRESOLVED_NA,as reported,HIERARCHY_INTEGRATION,P021_Conditions verified sheet,Source-defined condition hierarchy and aggregate replicate scope,High_for_NA_decision,VERIFIED_NA_NOT_SOURCE_SUPPORTED,EXPERIMENTAL,https://doi.org/10.1016/j.jallcom.2021.162765,AUDIT_SCOPE_DEPENDENT,MASTER_FIELD_MAPPING
P021,10.1016/j.jallcom.2021.162765,P021_SERIES01,P021_MAT_FE50MN17p5CR12p5CO10NI5SI5,P021_MC_A900_5M_RT_G10,P021_OBS_A900_5M_RT_G10,P021_OBS_A900_5M_RT_G10,Replicate_ID,UNRESOLVED_NA,as reported,HIERARCHY_INTEGRATION,P021_Conditions verified sheet,Source-defined condition hierarchy and aggregate replicate scope,High_for_NA_decision,VERIFIED_NA_NOT_SOURCE_SUPPORTED,EXPERIMENTAL,https://doi.org/10.1016/j.jallcom.2021.162765,AUDIT_SCOPE_DEPENDENT,MASTER_FIELD_MAPPING
P021,10.1016/j.jallcom.2021.162765,P021_SERIES01,P021_MAT_FE50MN17p5CR12p5CO10NI5SI5,P021_MC_A900_5M_RT_G10,P021_OBS_A900_5M_RT_G10,P021_OBS_A900_5M_RT_G10,Leakage_Group_Strict,P021_SERIES01,as reported,HIERARCHY_INTEGRATION,P021_Conditions verified sheet,Source-defined condition hierarchy and aggregate replicate scope,High_for_NA_decision,VERIFIED,EXPERIMENTAL,https://doi.org/10.1016/j.jallcom.2021.162765,AUDIT_SCOPE_DEPENDENT,MASTER_FIELD_MAPPING
P021,10.1016/j.jallcom.2021.162765,P021_SERIES01,P021_MAT_FE50MN17p5CR12p5CO10NI5SI5,P021_MC_A900_5M_RT_G10,P021_OBS_A900_5M_RT_G10,P021_OBS_A900_5M_RT_G10,Leakage_Group_Material,P021_MAT_FE50MN17p5CR12p5CO10NI5SI5,as reported,HIERARCHY_INTEGRATION,P021_Conditions verified sheet,Source-defined condition hierarchy and aggregate replicate scope,High_for_NA_decision,VERIFIED,EXPERIMENTAL,https://doi.org/10.1016/j.jallcom.2021.162765,AUDIT_SCOPE_DEPENDENT,MASTER_FIELD_MAPPING
P021,10.1016/j.jallcom.2021.162765,P021_SERIES01,P021_MAT_FE50MN17p5CR12p5CO10NI5SI5,P021_MC_A900_5M_RT_G10,P021_OBS_A900_5M_RT_G10,P021_OBS_A900_5M_RT_G10,Parent_ML_Condition_ID,P021_MC_A900_5M_RT_G10,as reported,HIERARCHY_INTEGRATION,P021_Conditions verified sheet,Source-defined condition hierarchy and aggregate replicate scope,High_for_NA_decision,VERIFIED,EXPERIMENTAL,https://doi.org/10.1016/j.jallcom.2021.162765,AUDIT_SCOPE_DEPENDENT,MASTER_FIELD_MAPPING
P021,10.1016/j.jallcom.2021.162765,P021_SERIES01,P021_MAT_FE50MN17p5CR12p5CO10NI5SI5,P021_MC_A900_5M_RT_G10,P021_OBS_A900_5M_RT_G10,P021_OBS_A900_5M_RT_G10,YS_mean,310.0,MPa,DIRECT_AGGREGATE_TENSILE_OUTCOME,Fig.4 inset tables p.4,Average engineering tensile response from at least three specimens,High_for_NA_decision,VERIFIED,EXPERIMENTAL,https://doi.org/10.1016/j.jallcom.2021.162765,MECHANICAL_OUTCOME_LEAKAGE,MASTER_FIELD_MAPPING
P021,10.1016/j.jallcom.2021.162765,P021_SERIES01,P021_MAT_FE50MN17p5CR12p5CO10NI5SI5,P021_MC_A900_5M_RT_G10,P021_OBS_A900_5M_RT_G10,P021_OBS_A900_5M_RT_G10,UTS_mean,769.0,MPa,DIRECT_AGGREGATE_TENSILE_OUTCOME,Fig.4 inset tables p.4,Average engineering tensile response from at least three specimens,High_for_NA_decision,VERIFIED,EXPERIMENTAL,https://doi.org/10.1016/j.jallcom.2021.162765,MECHANICAL_OUTCOME_LEAKAGE,MASTER_FIELD_MAPPING
P021,10.1016/j.jallcom.2021.162765,P021_SERIES01,P021_MAT_FE50MN17p5CR12p5CO10NI5SI5,P021_MC_A900_5M_RT_G10,P021_OBS_A900_5M_RT_G10,P021_OBS_A900_5M_RT_G10,TE_mean,63.0,%,DIRECT_AGGREGATE_TENSILE_OUTCOME,Fig.4 inset tables p.4,Average engineering tensile response from at least three specimens,High_for_NA_decision,VERIFIED,EXPERIMENTAL,https://doi.org/10.1016/j.jallcom.2021.162765,MECHANICAL_OUTCOME_LEAKAGE,MASTER_FIELD_MAPPING
P021,10.1016/j.jallcom.2021.162765,P021_SERIES01,P021_MAT_FE50MN17p5CR12p5CO10NI5SI5,P021_MC_A900_5M_RT_G10,P021_OBS_A900_5M_RT_G10,P021_OBS_A900_5M_RT_G10,Replicate_n,3,minimum count,HIERARCHY_INTEGRATION,P021_Conditions verified sheet,Source-defined condition hierarchy and aggregate replicate scope,High_for_NA_decision,VERIFIED,EXPERIMENTAL,https://doi.org/10.1016/j.jallcom.2021.162765,AUDIT_SCOPE_DEPENDENT,MASTER_FIELD_MAPPING
P021,10.1016/j.jallcom.2021.162765,P021_SERIES01,P021_MAT_FE50MN17p5CR12p5CO10NI5SI5,P021_MC_A900_5M_RT_G10,P021_OBS_A900_5M_RT_G10,P021_OBS_A900_5M_RT_G10,Recovered_Bulk_Composition_at_pct,UNRESOLVED_NA,as reported,DIRECT_NOMINAL_TEXT_OR_VERIFIED_NA,"Abstract, Methods, and Fig.1",Nominal alloy design; EDS/BSE qualitative homogeneity review,High_for_NA_decision,VERIFIED_NA_NO_QUANTITATIVE_POSTMELT_BULK_ANALYSIS,EXPERIMENTAL,https://doi.org/10.1016/j.jallcom.2021.162765,AUDIT_SCOPE_DEPENDENT,MASTER_FIELD_MAPPING
P021,10.1016/j.jallcom.2021.162765,P021_SERIES01,P021_MAT_FE50MN17p5CR12p5CO10NI5SI5,P021_MC_A900_5M_RT_G10,P021_OBS_A900_5M_RT_G10,P021_OBS_A900_5M_RT_G10,Recovered_Initial_HCP_status,DIRECT_PRETEST_PHASE_ABSENCE,as reported,DIRECT_PRETEST_MICROSTRUCTURE,"Results pp.3,6 and Figs.2,3,7","BSE, EBSD, XRD, and pre-test TEM interpretation",High_for_NA_decision,VERIFIED,EXPERIMENTAL,https://doi.org/10.1016/j.jallcom.2021.162765,AUDIT_SCOPE_DEPENDENT,MASTER_FIELD_MAPPING
P021,10.1016/j.jallcom.2021.162765,P021_SERIES01,P021_MAT_FE50MN17p5CR12p5CO10NI5SI5,P021_MC_A900_5M_RT_G10,P021_OBS_A900_5M_RT_G10,P021_OBS_A900_5M_RT_G10,Independent_ML_sample,True,as reported,HIERARCHY_INTEGRATION,P021_Conditions verified sheet,Source-defined condition hierarchy and aggregate replicate scope,High_for_NA_decision,VERIFIED,EXPERIMENTAL,https://doi.org/10.1016/j.jallcom.2021.162765,AUDIT_SCOPE_DEPENDENT,MASTER_FIELD_MAPPING
P021,10.1016/j.jallcom.2021.162765,P021_SERIES01,P021_MAT_FE50MN17p5CR12p5CO10NI5SI5,P021_MC_A900_5M_RT_G10,P021_OBS_A900_5M_RT_G10,P021_OBS_A900_5M_RT_G10,Nominal_Composition_at_pct,Fe50Mn17.5Cr12.5Co10Ni5Si5,as reported,DIRECT_NOMINAL_TEXT_OR_VERIFIED_NA,"Abstract, Methods, and Fig.1",Nominal alloy design; EDS/BSE qualitative homogeneity review,High_for_NA_decision,VERIFIED,EXPERIMENTAL,https://doi.org/10.1016/j.jallcom.2021.162765,AUDIT_SCOPE_DEPENDENT,MASTER_FIELD_MAPPING
P021,10.1016/j.jallcom.2021.162765,P021_SERIES01,P021_MAT_FE50MN17p5CR12p5CO10NI5SI5,P021_MC_A900_5M_RT_G10,P021_OBS_A900_5M_RT_G10,P021_OBS_A900_5M_RT_G10,Measured_Composition_Status,NO_QUANTITATIVE_POSTMELT_BULK_ANALYSIS,as reported,DIRECT_NOMINAL_TEXT_OR_VERIFIED_NA,"Abstract, Methods, and Fig.1",Nominal alloy design; EDS/BSE qualitative homogeneity review,High_for_NA_decision,VERIFIED,EXPERIMENTAL,https://doi.org/10.1016/j.jallcom.2021.162765,AUDIT_SCOPE_DEPENDENT,MASTER_FIELD_MAPPING
P021,10.1016/j.jallcom.2021.162765,P021_SERIES01,P021_MAT_FE50MN17p5CR12p5CO10NI5SI5,P021_MC_A900_5M_RT_G10,P021_OBS_A900_5M_RT_G10,P021_OBS_A900_5M_RT_G10,Initial_Phase_State_Qualitative,SINGLE_FCC,as reported,DIRECT_PRETEST_MICROSTRUCTURE,"Results pp.3,6 and Figs.2,3,7","BSE, EBSD, XRD, and pre-test TEM interpretation",High_for_NA_decision,VERIFIED,EXPERIMENTAL,https://doi.org/10.1016/j.jallcom.2021.162765,AUDIT_SCOPE_DEPENDENT,MASTER_FIELD_MAPPING
P021,10.1016/j.jallcom.2021.162765,P021_SERIES01,P021_MAT_FE50MN17p5CR12p5CO10NI5SI5,P021_MC_A900_5M_RT_G10,P021_OBS_A900_5M_RT_G10,P021_OBS_A900_5M_RT_G10,Initial_Phase_Status,FULLY_RECRYSTALLIZED_SINGLE_FCC_BEFORE_TENSILE_LOADING,as reported,DIRECT_PRETEST_MICROSTRUCTURE,"Results pp.3,6 and Figs.2,3,7","BSE, EBSD, XRD, and pre-test TEM interpretation",High_for_NA_decision,VERIFIED,EXPERIMENTAL,https://doi.org/10.1016/j.jallcom.2021.162765,AUDIT_SCOPE_DEPENDENT,MASTER_FIELD_MAPPING
P021,10.1016/j.jallcom.2021.162765,P021_SERIES01,P021_MAT_FE50MN17p5CR12p5CO10NI5SI5,P021_MC_A900_5M_RT_G10,P021_OBS_A900_5M_RT_G10,P021_OBS_A900_5M_RT_G10,Initial_Twin_Type,ANNEALING_TWINS,as reported,DIRECT_PRETEST_MICROSTRUCTURE,"Results pp.3,6 and Figs.2,3,7","BSE, EBSD, XRD, and pre-test TEM interpretation",High_for_NA_decision,VERIFIED,EXPERIMENTAL,https://doi.org/10.1016/j.jallcom.2021.162765,AUDIT_SCOPE_DEPENDENT,MASTER_FIELD_MAPPING
P021,10.1016/j.jallcom.2021.162765,P021_SERIES01,P021_MAT_FE50MN17p5CR12p5CO10NI5SI5,P021_MC_A900_5M_RT_G10,P021_OBS_A900_5M_RT_G10,P021_OBS_A900_5M_RT_G10,Measured_Composition_at_pct,UNRESOLVED_NA,as reported,DIRECT_NOMINAL_TEXT_OR_VERIFIED_NA,"Abstract, Methods, and Fig.1",Nominal alloy design; EDS/BSE qualitative homogeneity review,High_for_NA_decision,VERIFIED_NA_NO_QUANTITATIVE_POSTMELT_BULK_ANALYSIS,EXPERIMENTAL,https://doi.org/10.1016/j.jallcom.2021.162765,AUDIT_SCOPE_DEPENDENT,MASTER_FIELD_MAPPING
P021,10.1016/j.jallcom.2021.162765,P021_SERIES01,P021_MAT_FE50MN17p5CR12p5CO10NI5SI5,P021_MC_A900_5M_RT_G10,P021_OBS_A900_5M_RT_G10,P021_OBS_A900_5M_RT_G10,Loading_Direction,Longitudinal / rolling direction,as reported,DIRECT_METHOD_OR_SCHEMA_UNIT_REPRESENTATION,"Methods pp.2-3 and Figs.2,4",Source methods; Celsius-to-Kelvin schema representation only,High_for_NA_decision,VERIFIED,EXPERIMENTAL,https://doi.org/10.1016/j.jallcom.2021.162765,AUDIT_SCOPE_DEPENDENT,MASTER_FIELD_MAPPING
P021,10.1016/j.jallcom.2021.162765,P021_SERIES01,P021_MAT_FE50MN17p5CR12p5CO10NI5SI5,P021_MC_A900_5M_RT_G10,P021_OBS_A900_5M_RT_G10,P021_OBS_A900_5M_RT_G10,Test_T_Raw,25 C,as reported,DIRECT_METHOD_OR_SCHEMA_UNIT_REPRESENTATION,"Methods pp.2-3 and Figs.2,4",Source methods; Celsius-to-Kelvin schema representation only,High_for_NA_decision,VERIFIED,EXPERIMENTAL,https://doi.org/10.1016/j.jallcom.2021.162765,AUDIT_SCOPE_DEPENDENT,MASTER_FIELD_MAPPING
P021,10.1016/j.jallcom.2021.162765,P021_SERIES01,P021_MAT_FE50MN17p5CR12p5CO10NI5SI5,P021_MC_A900_5M_RT_G10,P021_OBS_A900_5M_RT_G10,P021_OBS_A900_5M_RT_G10,Composition_Status,NOMINAL_ONLY_EDS_QUALITATIVE_HOMOGENEITY_NO_QUANTITATIVE_POSTMELT_BULK_ANALYSIS,as reported,DIRECT_NOMINAL_TEXT_OR_VERIFIED_NA,"Abstract, Methods, and Fig.1",Nominal alloy design; EDS/BSE qualitative homogeneity review,High_for_NA_decision,VERIFIED,EXPERIMENTAL,https://doi.org/10.1016/j.jallcom.2021.162765,AUDIT_SCOPE_DEPENDENT,MASTER_FIELD_MAPPING
P021,10.1016/j.jallcom.2021.162765,P021_SERIES01,P021_MAT_FE50MN17p5CR12p5CO10NI5SI5,P021_MC_A900_5M_RT_G10,P021_OBS_A900_5M_RT_G10,P021_OBS_A900_5M_RT_G10,Grain_Size_Scope,MATRIX_GRAINS_EXCLUDING_ANNEALING_TWIN_BOUNDARIES,as reported,DIRECT_PRETEST_MICROSTRUCTURE,"Results pp.3,6 and Figs.2,3,7","BSE, EBSD, XRD, and pre-test TEM interpretation",High_for_NA_decision,VERIFIED,EXPERIMENTAL,https://doi.org/10.1016/j.jallcom.2021.162765,AUDIT_SCOPE_DEPENDENT,MASTER_FIELD_MAPPING
P021,10.1016/j.jallcom.2021.162765,P021_SERIES01,P021_MAT_FE50MN17p5CR12p5CO10NI5SI5,P021_MC_A900_5M_RT_G10,P021_OBS_A900_5M_RT_G10,P021_OBS_A900_5M_RT_G10,Initial_HCP_Status,DIRECT_PRETEST_PHASE_ABSENCE,as reported,DIRECT_PRETEST_MICROSTRUCTURE,"Results pp.3,6 and Figs.2,3,7","BSE, EBSD, XRD, and pre-test TEM interpretation",High_for_NA_decision,VERIFIED,EXPERIMENTAL,https://doi.org/10.1016/j.jallcom.2021.162765,AUDIT_SCOPE_DEPENDENT,MASTER_FIELD_MAPPING
P021,10.1016/j.jallcom.2021.162765,P021_SERIES01,P021_MAT_FE50MN17p5CR12p5CO10NI5SI5,P021_MC_A900_5M_RT_G10,P021_OBS_A900_5M_RT_G10,P021_OBS_A900_5M_RT_G10,Initial_HCP_Origin,ABSENT_BEFORE_TENSILE_LOADING,as reported,DIRECT_PRETEST_MICROSTRUCTURE,"Results pp.3,6 and Figs.2,3,7","BSE, EBSD, XRD, and pre-test TEM interpretation",High_for_NA_decision,VERIFIED,EXPERIMENTAL,https://doi.org/10.1016/j.jallcom.2021.162765,AUDIT_SCOPE_DEPENDENT,MASTER_FIELD_MAPPING
P021,10.1016/j.jallcom.2021.162765,P021_SERIES01,P021_MAT_FE50MN17p5CR12p5CO10NI5SI5,P021_MC_A900_5M_RT_G10,P021_OBS_A900_5M_RT_G10,P021_OBS_A900_5M_RT_G10,Recrystallized_Status,FULLY_RECRYSTALLIZED_QUALITATIVE,as reported,DIRECT_PRETEST_MICROSTRUCTURE,"Results pp.3,6 and Figs.2,3,7","BSE, EBSD, XRD, and pre-test TEM interpretation",High_for_NA_decision,VERIFIED,EXPERIMENTAL,https://doi.org/10.1016/j.jallcom.2021.162765,AUDIT_SCOPE_DEPENDENT,MASTER_FIELD_MAPPING
P021,10.1016/j.jallcom.2021.162765,P021_SERIES01,P021_MAT_FE50MN17p5CR12p5CO10NI5SI5,P021_MC_A900_5M_RT_G10,P021_OBS_A900_5M_RT_G10,P021_OBS_A900_5M_RT_G10,Initial_Twin_Origin,ANNEALING_PRETEST,as reported,DIRECT_PRETEST_MICROSTRUCTURE,"Results pp.3,6 and Figs.2,3,7","BSE, EBSD, XRD, and pre-test TEM interpretation",High_for_NA_decision,VERIFIED,EXPERIMENTAL,https://doi.org/10.1016/j.jallcom.2021.162765,AUDIT_SCOPE_DEPENDENT,MASTER_FIELD_MAPPING
P021,10.1016/j.jallcom.2021.162765,P021_SERIES01,P021_MAT_FE50MN17p5CR12p5CO10NI5SI5,P021_MC_A900_5M_RT_G10,P021_OBS_A900_5M_RT_G10,P021_OBS_A900_5M_RT_G10,Raw_Material_Purity,>99.9%,as reported,DIRECT_METHOD_OR_SCHEMA_UNIT_REPRESENTATION,"Methods pp.2-3 and Figs.2,4",Source methods; Celsius-to-Kelvin schema representation only,High_for_NA_decision,VERIFIED,EXPERIMENTAL,https://doi.org/10.1016/j.jallcom.2021.162765,AUDIT_SCOPE_DEPENDENT,MASTER_FIELD_MAPPING
P021,10.1016/j.jallcom.2021.162765,P021_SERIES01,P021_MAT_FE50MN17p5CR12p5CO10NI5SI5,P021_MC_A900_5M_RT_G10,P021_OBS_A900_5M_RT_G10,P021_OBS_A900_5M_RT_G10,Grain_Size_Status,DIRECT_EBSD_BSE_TWIN_BOUNDARIES_EXCLUDED,as reported,DIRECT_PRETEST_MICROSTRUCTURE,"Results pp.3,6 and Figs.2,3,7","BSE, EBSD, XRD, and pre-test TEM interpretation",High_for_NA_decision,VERIFIED,EXPERIMENTAL,https://doi.org/10.1016/j.jallcom.2021.162765,AUDIT_SCOPE_DEPENDENT,MASTER_FIELD_MAPPING
P021,10.1016/j.jallcom.2021.162765,P021_SERIES01,P021_MAT_FE50MN17p5CR12p5CO10NI5SI5,P021_MC_A900_5M_RT_G10,P021_OBS_A900_5M_RT_G10,P021_OBS_A900_5M_RT_G10,Engineering_YS_MPa,310.0,MPa,DIRECT_AGGREGATE_TENSILE_OUTCOME,Fig.4 inset tables p.4,Average engineering tensile response from at least three specimens,High_for_NA_decision,VERIFIED,EXPERIMENTAL,https://doi.org/10.1016/j.jallcom.2021.162765,MECHANICAL_OUTCOME_LEAKAGE,MASTER_FIELD_MAPPING
P021,10.1016/j.jallcom.2021.162765,P021_SERIES01,P021_MAT_FE50MN17p5CR12p5CO10NI5SI5,P021_MC_A900_5M_RT_G10,P021_OBS_A900_5M_RT_G10,P021_OBS_A900_5M_RT_G10,Engineering_UTS_MPa,769.0,MPa,DIRECT_AGGREGATE_TENSILE_OUTCOME,Fig.4 inset tables p.4,Average engineering tensile response from at least three specimens,High_for_NA_decision,VERIFIED,EXPERIMENTAL,https://doi.org/10.1016/j.jallcom.2021.162765,MECHANICAL_OUTCOME_LEAKAGE,MASTER_FIELD_MAPPING
P021,10.1016/j.jallcom.2021.162765,P021_SERIES01,P021_MAT_FE50MN17p5CR12p5CO10NI5SI5,P021_MC_A900_5M_RT_G10,P021_OBS_A900_5M_RT_G10,P021_OBS_A900_5M_RT_G10,Engineering_Elongation_pct,63.0,%,DIRECT_AGGREGATE_TENSILE_OUTCOME,Fig.4 inset tables p.4,Average engineering tensile response from at least three specimens,High_for_NA_decision,VERIFIED,EXPERIMENTAL,https://doi.org/10.1016/j.jallcom.2021.162765,MECHANICAL_OUTCOME_LEAKAGE,MASTER_FIELD_MAPPING
P021,10.1016/j.jallcom.2021.162765,P021_SERIES01,P021_MAT_FE50MN17p5CR12p5CO10NI5SI5,P021_MC_A900_5M_RT_G10,P021_OBS_A900_5M_RT_G10,P021_OBS_A900_5M_RT_G10,Postfracture_HCP_fraction,UNRESOLVED_NA,fraction,DIRECT_POST_TEST_TARGET_EVIDENCE,"Figs.5,6b,7b,7d pp.5-8","Condition-specific XRD, EBSD, and TEM/SAD",High_for_NA_decision,VERIFIED_NA_NO_CONDITION_SPECIFIC_POSTFRACTURE_FRACTION,EXPERIMENTAL,https://doi.org/10.1016/j.jallcom.2021.162765,,MASTER_FIELD_MAPPING
P021,10.1016/j.jallcom.2021.162765,P021_SERIES01,P021_MAT_FE50MN17p5CR12p5CO10NI5SI5,P021_MC_A900_5M_RT_G10,P021_OBS_A900_5M_RT_G10,P021_OBS_A900_5M_RT_G10,SFE_Value_Status,NO_DIRECT_NUMERIC_ALLOY_SPECIFIC_SFE,as reported,AUTHOR_INFERENCE_OR_VERIFIED_GAP,Results pp.5-6 and whole-paper review,Source interpretation; no numeric conversion or cross-paper transfer,High_for_NA_decision,VERIFIED,EXPERIMENTAL,https://doi.org/10.1016/j.jallcom.2021.162765,NOT_SAFE_AS_DIRECT_NUMERIC_SFE,MASTER_FIELD_MAPPING
P021,10.1016/j.jallcom.2021.162765,P021_SERIES01,P021_MAT_FE50MN17p5CR12p5CO10NI5SI5,P021_MC_A900_5M_RT_G10,P021_OBS_A900_5M_RT_G10,P021_OBS_A900_5M_RT_G10,SFE_Data_Origin,AUTHOR_INFERENCE_OR_QUALITATIVE_DISCUSSION_ONLY,as reported,AUTHOR_INFERENCE_OR_VERIFIED_GAP,Results pp.5-6 and whole-paper review,Source interpretation; no numeric conversion or cross-paper transfer,High_for_NA_decision,VERIFIED,EXPERIMENTAL,https://doi.org/10.1016/j.jallcom.2021.162765,NOT_SAFE_AS_DIRECT_NUMERIC_SFE,MASTER_FIELD_MAPPING
P021,10.1016/j.jallcom.2021.162765,P021_SERIES01,P021_MAT_FE50MN17p5CR12p5CO10NI5SI5,P021_MC_A900_5M_RT_G10,P021_OBS_A900_5M_RT_G10,P021_OBS_A900_5M_RT_G10,Independent_Experimental_ML_sample,True,as reported,HIERARCHY_INTEGRATION,P021_Conditions verified sheet,Source-defined condition hierarchy and aggregate replicate scope,High_for_NA_decision,VERIFIED,EXPERIMENTAL,https://doi.org/10.1016/j.jallcom.2021.162765,AUDIT_SCOPE_DEPENDENT,MASTER_FIELD_MAPPING
P021,10.1016/j.jallcom.2021.162765,P021_SERIES01,P021_MAT_FE50MN17p5CR12p5CO10NI5SI5,P021_MC_A900_5M_RT_G10,P021_OBS_A900_5M_RT_G10,P021_OBS_A900_5M_RT_G10,Experimental_Target_Eligibility,True,as reported,HIERARCHY_INTEGRATION,P021_Conditions verified sheet,Source-defined condition hierarchy and aggregate replicate scope,High_for_NA_decision,VERIFIED,EXPERIMENTAL,https://doi.org/10.1016/j.jallcom.2021.162765,AUDIT_SCOPE_DEPENDENT,MASTER_FIELD_MAPPING
P021,10.1016/j.jallcom.2021.162765,P021_SERIES01,P021_MAT_FE50MN17p5CR12p5CO10NI5SI5,P021_MC_A900_5M_RT_G10,P021_OBS_A900_5M_RT_G10,P021_OBS_A900_5M_RT_G10,Measured_Bulk_Composition,UNRESOLVED_NA,as reported,DIRECT_NOMINAL_TEXT_OR_VERIFIED_NA,"Abstract, Methods, and Fig.1",Nominal alloy design; EDS/BSE qualitative homogeneity review,High_for_NA_decision,VERIFIED_NA_NO_QUANTITATIVE_POSTMELT_BULK_ANALYSIS,EXPERIMENTAL,https://doi.org/10.1016/j.jallcom.2021.162765,AUDIT_SCOPE_DEPENDENT,MASTER_FIELD_MAPPING
P021,10.1016/j.jallcom.2021.162765,P021_SERIES01,P021_MAT_FE50MN17p5CR12p5CO10NI5SI5,P021_MC_A900_5M_RT_G10,P021_OBS_A900_5M_RT_G10,P021_OBS_A900_5M_RT_G10,EDS_Qualitative_Homogeneity,QUALITATIVE_HOMOGENIZATION_ONLY_NOT_QUANTITATIVE_BULK_CHEMISTRY,as reported,DIRECT_NOMINAL_TEXT_OR_VERIFIED_NA,"Abstract, Methods, and Fig.1",Nominal alloy design; EDS/BSE qualitative homogeneity review,High_for_NA_decision,VERIFIED,EXPERIMENTAL,https://doi.org/10.1016/j.jallcom.2021.162765,AUDIT_SCOPE_DEPENDENT,MASTER_FIELD_MAPPING
P021,10.1016/j.jallcom.2021.162765,P021_SERIES01,P021_MAT_FE50MN17p5CR12p5CO10NI5SI5,P021_MC_A900_5M_RT_G10,P021_OBS_A900_5M_RT_G10,P021_OBS_A900_5M_RT_G10,Loading_Mode,Uniaxial tension,as reported,DIRECT_METHOD_OR_SCHEMA_UNIT_REPRESENTATION,"Methods pp.2-3 and Figs.2,4",Source methods; Celsius-to-Kelvin schema representation only,High_for_NA_decision,VERIFIED,EXPERIMENTAL,https://doi.org/10.1016/j.jallcom.2021.162765,AUDIT_SCOPE_DEPENDENT,MASTER_FIELD_MAPPING
P021,10.1016/j.jallcom.2021.162765,P021_SERIES01,P021_MAT_FE50MN17p5CR12p5CO10NI5SI5,P021_MC_A900_5M_RT_G10,P021_OBS_A900_5M_RT_G10,P021_OBS_A900_5M_RT_G10,Replicate_Scope,AVERAGE_MECHANICAL_VALUES_FROM_AT_LEAST_THREE_TENSILE_SPECIMENS,as reported,HIERARCHY_INTEGRATION,P021_Conditions verified sheet,Source-defined condition hierarchy and aggregate replicate scope,High_for_NA_decision,VERIFIED,EXPERIMENTAL,https://doi.org/10.1016/j.jallcom.2021.162765,AUDIT_SCOPE_DEPENDENT,MASTER_FIELD_MAPPING
P021,10.1016/j.jallcom.2021.162765,P021_SERIES01,P021_MAT_FE50MN17p5CR12p5CO10NI5SI5,P021_MC_A900_5M_RT_G10,P021_OBS_A900_5M_RT_G10,P021_OBS_A900_5M_RT_G10,Initial_Phase,SINGLE_FCC,as reported,DIRECT_PRETEST_MICROSTRUCTURE,"Results pp.3,6 and Figs.2,3,7","BSE, EBSD, XRD, and pre-test TEM interpretation",High_for_NA_decision,VERIFIED,EXPERIMENTAL,https://doi.org/10.1016/j.jallcom.2021.162765,AUDIT_SCOPE_DEPENDENT,MASTER_FIELD_MAPPING
P021,10.1016/j.jallcom.2021.162765,P021_SERIES01,P021_MAT_FE50MN17p5CR12p5CO10NI5SI5,P021_MC_A900_5M_RT_G10,P021_OBS_A900_5M_RT_G10,P021_OBS_A900_5M_RT_G10,PreTest_Twin_State,ABUNDANT_ANNEALING_TWINS,as reported,DIRECT_PRETEST_MICROSTRUCTURE,"Results pp.3,6 and Figs.2,3,7","BSE, EBSD, XRD, and pre-test TEM interpretation",High_for_NA_decision,VERIFIED,EXPERIMENTAL,https://doi.org/10.1016/j.jallcom.2021.162765,AUDIT_SCOPE_DEPENDENT,MASTER_FIELD_MAPPING
P021,10.1016/j.jallcom.2021.162765,P021_SERIES01,P021_MAT_FE50MN17p5CR12p5CO10NI5SI5,P021_MC_A900_5M_RT_G10,P021_OBS_A900_5M_RT_G10,P021_OBS_A900_5M_RT_G10,PreTest_Twin_Origin,ANNEALING_PRETEST,as reported,DIRECT_PRETEST_MICROSTRUCTURE,"Results pp.3,6 and Figs.2,3,7","BSE, EBSD, XRD, and pre-test TEM interpretation",High_for_NA_decision,VERIFIED,EXPERIMENTAL,https://doi.org/10.1016/j.jallcom.2021.162765,AUDIT_SCOPE_DEPENDENT,MASTER_FIELD_MAPPING
P021,10.1016/j.jallcom.2021.162765,P021_SERIES01,P021_MAT_FE50MN17p5CR12p5CO10NI5SI5,P021_MC_A900_5M_RT_G10,P021_OBS_A900_5M_RT_G10,P021_OBS_A900_5M_RT_G10,Initial_Dislocation_State,Few dislocations after annealing; room-temperature pre-test state contains stored dislocations qualitatively,as reported,DIRECT_PRETEST_MICROSTRUCTURE,"Results pp.3,6 and Figs.2,3,7","BSE, EBSD, XRD, and pre-test TEM interpretation",High_for_NA_decision,VERIFIED,EXPERIMENTAL,https://doi.org/10.1016/j.jallcom.2021.162765,AUDIT_SCOPE_DEPENDENT,MASTER_FIELD_MAPPING
P021,10.1016/j.jallcom.2021.162765,P021_SERIES01,P021_MAT_FE50MN17p5CR12p5CO10NI5SI5,P021_MC_A900_5M_RT_G10,P021_OBS_A900_5M_RT_G10,P021_OBS_A900_5M_RT_G10,Initial_Twin_Target_Guardrail,ANNEALING_TWINS_DO_NOT_GENERATE_TENSILE_TWIP,as reported,DIRECT_PRETEST_MICROSTRUCTURE,"Results pp.3,6 and Figs.2,3,7","BSE, EBSD, XRD, and pre-test TEM interpretation",High_for_NA_decision,VERIFIED,EXPERIMENTAL,https://doi.org/10.1016/j.jallcom.2021.162765,AUDIT_SCOPE_DEPENDENT,MASTER_FIELD_MAPPING
P021,10.1016/j.jallcom.2021.162765,P021_SERIES01,P021_MAT_FE50MN17p5CR12p5CO10NI5SI5,P021_MC_A900_5M_RT_G10,P021_OBS_A900_5M_RT_G10,P021_OBS_A900_5M_RT_G10,Mechanical_Value_Status,DIRECT_FIGURE_INSET_AVERAGE_AT_LEAST_THREE,as reported,DIRECT_AGGREGATE_TENSILE_OUTCOME,Fig.4 inset tables p.4,Average engineering tensile response from at least three specimens,High_for_NA_decision,VERIFIED,EXPERIMENTAL,https://doi.org/10.1016/j.jallcom.2021.162765,MECHANICAL_OUTCOME_LEAKAGE,MASTER_FIELD_MAPPING
P021,10.1016/j.jallcom.2021.162765,P021_SERIES01,P021_MAT_FE50MN17p5CR12p5CO10NI5SI5,P021_MC_A900_5M_RT_G10,P021_OBS_A900_5M_RT_G10,P021_OBS_A900_5M_RT_G10,Mechanical_Predictor_Eligibility,MECHANICAL_OUTCOME_LEAKAGE,as reported,DIRECT_AGGREGATE_TENSILE_OUTCOME,Fig.4 inset tables p.4,Average engineering tensile response from at least three specimens,High_for_NA_decision,VERIFIED,EXPERIMENTAL,https://doi.org/10.1016/j.jallcom.2021.162765,MECHANICAL_OUTCOME_LEAKAGE,MASTER_FIELD_MAPPING
P021,10.1016/j.jallcom.2021.162765,P021_SERIES01,P021_MAT_FE50MN17p5CR12p5CO10NI5SI5,P021_MC_A900_5M_RT_G10,P021_OBS_A900_5M_RT_G10,P021_OBS_A900_5M_RT_G10,TRIP_Evidence_Type,NO_CONDITION_SPECIFIC_POST_TEST_MECHANISM_CHARACTERIZATION,as reported,CONDITION_LEVEL_TARGET_DECISION,"Methods pp.2-3; Fig.2; Fig.4; Results pp.3,6; Figs.2,3,7; Fig.4 inset tables p.4; Mechanical curve is available, but the direct phase/twin characterization in the paper is not resolved to this 10 um condition.",Condition-specific EBSD/XRD/TEM evidence or conservative NA review,High_for_NA_decision,VERIFIED,EXPERIMENTAL,https://doi.org/10.1016/j.jallcom.2021.162765,AUDIT_SCOPE_DEPENDENT,MASTER_FIELD_MAPPING
P021,10.1016/j.jallcom.2021.162765,P021_SERIES01,P021_MAT_FE50MN17p5CR12p5CO10NI5SI5,P021_MC_A900_5M_RT_G10,P021_OBS_A900_5M_RT_G10,P021_OBS_A900_5M_RT_G10,TWIP_Evidence_Type,NO_CONDITION_SPECIFIC_POST_TEST_TWIN_CHARACTERIZATION,as reported,CONDITION_LEVEL_TARGET_DECISION,"Methods pp.2-3; Fig.2; Fig.4; Results pp.3,6; Figs.2,3,7; Fig.4 inset tables p.4; Mechanical curve is available, but the direct phase/twin characterization in the paper is not resolved to this 10 um condition.",Condition-specific EBSD/XRD/TEM evidence or conservative NA review,High_for_NA_decision,VERIFIED,EXPERIMENTAL,https://doi.org/10.1016/j.jallcom.2021.162765,AUDIT_SCOPE_DEPENDENT,MASTER_FIELD_MAPPING
P021,10.1016/j.jallcom.2021.162765,P021_SERIES01,P021_MAT_FE50MN17p5CR12p5CO10NI5SI5,P021_MC_A900_5M_RT_G10,P021_OBS_A900_5M_RT_G10,P021_OBS_A900_5M_RT_G10,Negative_Evidence_Status,INSUFFICIENT_FOR_ZERO,as reported,CONDITION_LEVEL_TARGET_DECISION,"Methods pp.2-3; Fig.2; Fig.4; Results pp.3,6; Figs.2,3,7; Fig.4 inset tables p.4; Mechanical curve is available, but the direct phase/twin characterization in the paper is not resolved to this 10 um condition.",Condition-specific EBSD/XRD/TEM evidence or conservative NA review,High_for_NA_decision,VERIFIED,EXPERIMENTAL,https://doi.org/10.1016/j.jallcom.2021.162765,AUDIT_SCOPE_DEPENDENT,MASTER_FIELD_MAPPING
P021,10.1016/j.jallcom.2021.162765,P021_SERIES01,P021_MAT_FE50MN17p5CR12p5CO10NI5SI5,P021_MC_A900_5M_RT_G10,P021_OBS_A900_5M_RT_G10,P021_OBS_A900_5M_RT_G10,Condition_Level_Target_Evidence,"Mechanical curve is available, but the direct phase/twin characterization in the paper is not resolved to this 10 um condition.",as reported,CONDITION_LEVEL_TARGET_DECISION,"Methods pp.2-3; Fig.2; Fig.4; Results pp.3,6; Figs.2,3,7; Fig.4 inset tables p.4; Mechanical curve is available, but the direct phase/twin characterization in the paper is not resolved to this 10 um condition.",Condition-specific EBSD/XRD/TEM evidence or conservative NA review,High_for_NA_decision,VERIFIED,EXPERIMENTAL,https://doi.org/10.1016/j.jallcom.2021.162765,AUDIT_SCOPE_DEPENDENT,MASTER_FIELD_MAPPING
P021,10.1016/j.jallcom.2021.162765,P021_SERIES01,P021_MAT_FE50MN17p5CR12p5CO10NI5SI5,P021_MC_A900_5M_RT_G10,P021_OBS_A900_5M_RT_G10,P021_OBS_A900_5M_RT_G10,Target_Evidence_Confidence,High_for_NA_decision,as reported,CONDITION_LEVEL_TARGET_DECISION,"Methods pp.2-3; Fig.2; Fig.4; Results pp.3,6; Figs.2,3,7; Fig.4 inset tables p.4; Mechanical curve is available, but the direct phase/twin characterization in the paper is not resolved to this 10 um condition.",Condition-specific EBSD/XRD/TEM evidence or conservative NA review,High_for_NA_decision,VERIFIED,EXPERIMENTAL,https://doi.org/10.1016/j.jallcom.2021.162765,AUDIT_SCOPE_DEPENDENT,MASTER_FIELD_MAPPING
P021,10.1016/j.jallcom.2021.162765,P021_SERIES01,P021_MAT_FE50MN17p5CR12p5CO10NI5SI5,P021_MC_A900_5M_RT_G10,P021_OBS_A900_5M_RT_G10,P021_OBS_A900_5M_RT_G10,DeltaG_Value_Status,NOT_REPORTED_IN_CURRENT_PAPER,as reported,AUTHOR_INFERENCE_OR_VERIFIED_GAP,Results pp.5-6 and whole-paper review,Source interpretation; no numeric conversion or cross-paper transfer,High_for_NA_decision,VERIFIED,EXPERIMENTAL,https://doi.org/10.1016/j.jallcom.2021.162765,NOT_SAFE_AS_DIRECT_NUMERIC_SFE,MASTER_FIELD_MAPPING
P021,10.1016/j.jallcom.2021.162765,P021_SERIES01,P021_MAT_FE50MN17p5CR12p5CO10NI5SI5,P021_MC_A900_5M_RT_G10,P021_OBS_A900_5M_RT_G10,P021_OBS_A900_5M_RT_G10,DeltaG_Data_Origin,UNRESOLVED_NO_P021_VALUE,as reported,AUTHOR_INFERENCE_OR_VERIFIED_GAP,Results pp.5-6 and whole-paper review,Source interpretation; no numeric conversion or cross-paper transfer,High_for_NA_decision,VERIFIED,EXPERIMENTAL,https://doi.org/10.1016/j.jallcom.2021.162765,NOT_SAFE_AS_DIRECT_NUMERIC_SFE,MASTER_FIELD_MAPPING
P021,10.1016/j.jallcom.2021.162765,P021_SERIES01,P021_MAT_FE50MN17p5CR12p5CO10NI5SI5,P021_MC_A900_5M_RT_G10,P021_OBS_A900_5M_RT_G10,P021_OBS_A900_5M_RT_G10,Journal,Journal of Alloys and Compounds,as reported,SOURCE_IDENTITY,Verified article identity / whole paper,Verified workbook and publisher DOI match,High_for_NA_decision,VERIFIED,EXPERIMENTAL,https://doi.org/10.1016/j.jallcom.2021.162765,AUDIT_SCOPE_DEPENDENT,MASTER_FIELD_MAPPING
P021,10.1016/j.jallcom.2021.162765,P021_SERIES01,P021_MAT_FE50MN17p5CR12p5CO10NI5SI5,P021_MC_A900_5M_RT_G10,P021_OBS_A900_5M_RT_G10,P021_OBS_A900_5M_RT_G10,Volume,898,as reported,SOURCE_IDENTITY,Verified article identity / whole paper,Verified workbook and publisher DOI match,High_for_NA_decision,VERIFIED,EXPERIMENTAL,https://doi.org/10.1016/j.jallcom.2021.162765,AUDIT_SCOPE_DEPENDENT,MASTER_FIELD_MAPPING
P021,10.1016/j.jallcom.2021.162765,P021_SERIES01,P021_MAT_FE50MN17p5CR12p5CO10NI5SI5,P021_MC_A900_5M_RT_G10,P021_OBS_A900_5M_RT_G10,P021_OBS_A900_5M_RT_G10,Publication_Year,2022,as reported,SOURCE_IDENTITY,Verified article identity / whole paper,Verified workbook and publisher DOI match,High_for_NA_decision,VERIFIED,EXPERIMENTAL,https://doi.org/10.1016/j.jallcom.2021.162765,AUDIT_SCOPE_DEPENDENT,MASTER_FIELD_MAPPING
P021,10.1016/j.jallcom.2021.162765,P021_SERIES01,P021_MAT_FE50MN17p5CR12p5CO10NI5SI5,P021_MC_A900_5M_RT_G10,P021_OBS_A900_5M_RT_G10,P021_OBS_A900_5M_RT_G10,Source_URL,https://doi.org/10.1016/j.jallcom.2021.162765,as reported,SOURCE_IDENTITY,Verified article identity / whole paper,Verified workbook and publisher DOI match,High_for_NA_decision,VERIFIED,EXPERIMENTAL,https://doi.org/10.1016/j.jallcom.2021.162765,AUDIT_SCOPE_DEPENDENT,MASTER_FIELD_MAPPING
P021,10.1016/j.jallcom.2021.162765,P021_SERIES01,P021_MAT_FE50MN17p5CR12p5CO10NI5SI5,P021_MC_A900_5M_RT_G10,P021_OBS_A900_5M_RT_G10,P021_OBS_A900_5M_RT_G10,Alloy_Family_Text,Fe50Mn17.5Cr12.5Co10Ni5Si5,as reported,DIRECT_NOMINAL_TEXT_OR_VERIFIED_NA,"Abstract, Methods, and Fig.1",Nominal alloy design; EDS/BSE qualitative homogeneity review,High_for_NA_decision,VERIFIED,EXPERIMENTAL,https://doi.org/10.1016/j.jallcom.2021.162765,AUDIT_SCOPE_DEPENDENT,MASTER_FIELD_MAPPING
P021,10.1016/j.jallcom.2021.162765,P021_SERIES01,P021_MAT_FE50MN17p5CR12p5CO10NI5SI5,P021_MC_A900_5M_RT_G10,P021_OBS_A900_5M_RT_G10,P021_OBS_A900_5M_RT_G10,Alloy_Family_Use,GROUPING_AUDIT_ONLY_NOT_SAMPLE_OR_BATCH_IDENTITY,as reported,DIRECT_NOMINAL_TEXT_OR_VERIFIED_NA,"Abstract, Methods, and Fig.1",Nominal alloy design; EDS/BSE qualitative homogeneity review,High_for_NA_decision,VERIFIED,EXPERIMENTAL,https://doi.org/10.1016/j.jallcom.2021.162765,AUDIT_SCOPE_DEPENDENT,MASTER_FIELD_MAPPING
P021,10.1016/j.jallcom.2021.162765,P021_SERIES01,P021_MAT_FE50MN17p5CR12p5CO10NI5SI5,P021_MC_A900_5M_RT_G10,P021_OBS_A900_5M_RT_G10,P021_OBS_A900_5M_RT_G10,Melting_Route,Vacuum arc melting under Ar,as reported,DIRECT_METHOD_OR_SCHEMA_UNIT_REPRESENTATION,"Methods pp.2-3 and Figs.2,4",Source methods; Celsius-to-Kelvin schema representation only,High_for_NA_decision,VERIFIED,EXPERIMENTAL,https://doi.org/10.1016/j.jallcom.2021.162765,AUDIT_SCOPE_DEPENDENT,MASTER_FIELD_MAPPING
P021,10.1016/j.jallcom.2021.162765,P021_SERIES01,P021_MAT_FE50MN17p5CR12p5CO10NI5SI5,P021_MC_A900_5M_RT_G10,P021_OBS_A900_5M_RT_G10,P021_OBS_A900_5M_RT_G10,Initial_TRIP_Target_Guardrail,INITIAL_SINGLE_FCC_AND_HCP_ZERO_DO_NOT_ALONE_ASSIGN_TRIP,as reported,DIRECT_PRETEST_MICROSTRUCTURE,"Results pp.3,6 and Figs.2,3,7","BSE, EBSD, XRD, and pre-test TEM interpretation",High_for_NA_decision,VERIFIED,EXPERIMENTAL,https://doi.org/10.1016/j.jallcom.2021.162765,AUDIT_SCOPE_DEPENDENT,MASTER_FIELD_MAPPING
P021,10.1016/j.jallcom.2021.162765,P021_SERIES01,P021_MAT_FE50MN17p5CR12p5CO10NI5SI5,P021_MC_A900_5M_RT_G10,P021_OBS_A900_5M_RT_G10,P021_OBS_A900_5M_RT_G10,Target_Status,TARGETS_UNRESOLVED,as reported,CONDITION_LEVEL_TARGET_DECISION,"Methods pp.2-3; Fig.2; Fig.4; Results pp.3,6; Figs.2,3,7; Fig.4 inset tables p.4; Mechanical curve is available, but the direct phase/twin characterization in the paper is not resolved to this 10 um condition.",Condition-specific EBSD/XRD/TEM evidence or conservative NA review,High_for_NA_decision,VERIFIED,EXPERIMENTAL,https://doi.org/10.1016/j.jallcom.2021.162765,AUDIT_SCOPE_DEPENDENT,MASTER_FIELD_MAPPING
P021,10.1016/j.jallcom.2021.162765,P021_SERIES01,P021_MAT_FE50MN17p5CR12p5CO10NI5SI5,P021_MC_A900_5M_RT_G10,P021_OBS_A900_5M_RT_G10,P021_OBS_A900_5M_RT_G10,TRIP_Parent_Phase,FCC,as reported,CONDITION_LEVEL_TARGET_DECISION,"Methods pp.2-3; Fig.2; Fig.4; Results pp.3,6; Figs.2,3,7; Fig.4 inset tables p.4; Mechanical curve is available, but the direct phase/twin characterization in the paper is not resolved to this 10 um condition.",Condition-specific EBSD/XRD/TEM evidence or conservative NA review,High_for_NA_decision,VERIFIED,EXPERIMENTAL,https://doi.org/10.1016/j.jallcom.2021.162765,AUDIT_SCOPE_DEPENDENT,MASTER_FIELD_MAPPING
P021,10.1016/j.jallcom.2021.162765,P021_SERIES01,P021_MAT_FE50MN17p5CR12p5CO10NI5SI5,P021_MC_A900_5M_RT_G10,P021_OBS_A900_5M_RT_G10,P021_OBS_A900_5M_RT_G10,TRIP_Product_Phase,HCP_EPSILON,as reported,CONDITION_LEVEL_TARGET_DECISION,"Methods pp.2-3; Fig.2; Fig.4; Results pp.3,6; Figs.2,3,7; Fig.4 inset tables p.4; Mechanical curve is available, but the direct phase/twin characterization in the paper is not resolved to this 10 um condition.",Condition-specific EBSD/XRD/TEM evidence or conservative NA review,High_for_NA_decision,VERIFIED,EXPERIMENTAL,https://doi.org/10.1016/j.jallcom.2021.162765,AUDIT_SCOPE_DEPENDENT,MASTER_FIELD_MAPPING
P021,10.1016/j.jallcom.2021.162765,P021_SERIES01,P021_MAT_FE50MN17p5CR12p5CO10NI5SI5,P021_MC_A900_5M_RT_G10,P021_OBS_A900_5M_RT_G10,P021_OBS_A900_5M_RT_G10,P021_Record_Role,RECOVERED_EXACT_PRIMARY_CONDITION,as reported,HIERARCHY_INTEGRATION,P021_Conditions verified sheet,Source-defined condition hierarchy and aggregate replicate scope,High_for_NA_decision,VERIFIED,EXPERIMENTAL,https://doi.org/10.1016/j.jallcom.2021.162765,AUDIT_SCOPE_DEPENDENT,MASTER_FIELD_MAPPING
P021,10.1016/j.jallcom.2021.162765,P021_SERIES01,P021_MAT_FE50MN17p5CR12p5CO10NI5SI5,P021_MC_A900_5M_RT_G10,P021_OBS_A900_5M_RT_G10,P021_OBS_A900_5M_RT_G10,P021_Target_Status,TARGETS_UNRESOLVED,as reported,CONDITION_LEVEL_TARGET_DECISION,"Methods pp.2-3; Fig.2; Fig.4; Results pp.3,6; Figs.2,3,7; Fig.4 inset tables p.4; Mechanical curve is available, but the direct phase/twin characterization in the paper is not resolved to this 10 um condition.",Condition-specific EBSD/XRD/TEM evidence or conservative NA review,High_for_NA_decision,VERIFIED,EXPERIMENTAL,https://doi.org/10.1016/j.jallcom.2021.162765,AUDIT_SCOPE_DEPENDENT,MASTER_FIELD_MAPPING
P021,10.1016/j.jallcom.2021.162765,P021_SERIES01,P021_MAT_FE50MN17p5CR12p5CO10NI5SI5,P021_MC_A900_5M_RT_G10,P021_OBS_A900_5M_RT_G10,P021_OBS_A900_5M_RT_G10,P021_Source_Identity_Status,VERIFIED_PDF_AND_PUBLISHER_DOI_MATCH,as reported,SOURCE_IDENTITY,Verified article identity / whole paper,Verified workbook and publisher DOI match,High_for_NA_decision,VERIFIED,EXPERIMENTAL,https://doi.org/10.1016/j.jallcom.2021.162765,AUDIT_SCOPE_DEPENDENT,MASTER_FIELD_MAPPING
P021,10.1016/j.jallcom.2021.162765,P021_SERIES01,P021_MAT_FE50MN17p5CR12p5CO10NI5SI5,P021_MC_A900_5M_RT_G10,P021_OBS_A900_5M_RT_G10,P021_OBS_A900_5M_RT_G10,P021_QC_Status,PENDING_GLOBAL_QC_SCHEMA_SPLIT_REFRESH_AFTER_COLLECTION,as reported,HIERARCHY_INTEGRATION,P021_Conditions verified sheet,Source-defined condition hierarchy and aggregate replicate scope,High_for_NA_decision,VERIFIED,EXPERIMENTAL,https://doi.org/10.1016/j.jallcom.2021.162765,AUDIT_SCOPE_DEPENDENT,MASTER_FIELD_MAPPING
P021,10.1016/j.jallcom.2021.162765,P021_SERIES01,P021_MAT_FE50MN17p5CR12p5CO10NI5SI5,P021_MC_A900_5M_RT_G10,P021_OBS_A900_5M_RT_G10,P021_OBS_A900_5M_RT_G10,Article_Number,162765,as reported,SOURCE_IDENTITY,Verified article identity / whole paper,Verified workbook and publisher DOI match,High_for_NA_decision,VERIFIED,EXPERIMENTAL,https://doi.org/10.1016/j.jallcom.2021.162765,AUDIT_SCOPE_DEPENDENT,MASTER_FIELD_MAPPING
P021,10.1016/j.jallcom.2021.162765,P021_SERIES01,P021_MAT_FE50MN17p5CR12p5CO10NI5SI5,P021_MC_A900_5M_RT_G10,P021_OBS_A900_5M_RT_G10,P021_OBS_A900_5M_RT_G10,Replicate_n_Status,MINIMUM_REPORTED_AT_LEAST_THREE,as reported,HIERARCHY_INTEGRATION,P021_Conditions verified sheet,Source-defined condition hierarchy and aggregate replicate scope,High_for_NA_decision,VERIFIED,EXPERIMENTAL,https://doi.org/10.1016/j.jallcom.2021.162765,AUDIT_SCOPE_DEPENDENT,MASTER_FIELD_MAPPING
P021,10.1016/j.jallcom.2021.162765,P021_SERIES01,P021_MAT_FE50MN17p5CR12p5CO10NI5SI5,P021_MC_A900_5M_RT_G10,P021_OBS_A900_5M_RT_G10,P021_OBS_A900_5M_RT_G10,Remelt_Count_Min,5,count,DIRECT_METHOD_OR_SCHEMA_UNIT_REPRESENTATION,"Methods pp.2-3 and Figs.2,4",Source methods; Celsius-to-Kelvin schema representation only,High_for_NA_decision,VERIFIED,EXPERIMENTAL,https://doi.org/10.1016/j.jallcom.2021.162765,AUDIT_SCOPE_DEPENDENT,MASTER_FIELD_MAPPING
P021,10.1016/j.jallcom.2021.162765,P021_SERIES01,P021_MAT_FE50MN17p5CR12p5CO10NI5SI5,P021_MC_A900_5M_RT_G10,P021_OBS_A900_5M_RT_G10,P021_OBS_A900_5M_RT_G10,Remelt_Count_Status,AT_LEAST_FIVE,as reported,DIRECT_METHOD_OR_SCHEMA_UNIT_REPRESENTATION,"Methods pp.2-3 and Figs.2,4",Source methods; Celsius-to-Kelvin schema representation only,High_for_NA_decision,VERIFIED,EXPERIMENTAL,https://doi.org/10.1016/j.jallcom.2021.162765,AUDIT_SCOPE_DEPENDENT,MASTER_FIELD_MAPPING
P021,10.1016/j.jallcom.2021.162765,P021_SERIES01,P021_MAT_FE50MN17p5CR12p5CO10NI5SI5,P021_MC_A900_5M_RT_G10,P021_OBS_A900_5M_RT_G10,P021_OBS_A900_5M_RT_G10,Alloy_Mass_g_Approx,150.0,g,DIRECT_METHOD_OR_SCHEMA_UNIT_REPRESENTATION,"Methods pp.2-3 and Figs.2,4",Source methods; Celsius-to-Kelvin schema representation only,High_for_NA_decision,VERIFIED,EXPERIMENTAL,https://doi.org/10.1016/j.jallcom.2021.162765,AUDIT_SCOPE_DEPENDENT,MASTER_FIELD_MAPPING
P021,10.1016/j.jallcom.2021.162765,P021_SERIES01,P021_MAT_FE50MN17p5CR12p5CO10NI5SI5,P021_MC_A900_5M_RT_G10,P021_OBS_A900_5M_RT_G10,P021_OBS_A900_5M_RT_G10,Remolded_Ingot_Dimensions_mm,65 x 40 x 10,as reported,DIRECT_METHOD_OR_SCHEMA_UNIT_REPRESENTATION,"Methods pp.2-3 and Figs.2,4",Source methods; Celsius-to-Kelvin schema representation only,High_for_NA_decision,VERIFIED,EXPERIMENTAL,https://doi.org/10.1016/j.jallcom.2021.162765,AUDIT_SCOPE_DEPENDENT,MASTER_FIELD_MAPPING
P021,10.1016/j.jallcom.2021.162765,P021_SERIES01,P021_MAT_FE50MN17p5CR12p5CO10NI5SI5,P021_MC_A900_5M_RT_G10,P021_OBS_A900_5M_RT_G10,P021_OBS_A900_5M_RT_G10,Homogenization_T_C_Raw,1150.0,C,DIRECT_METHOD_OR_SCHEMA_UNIT_REPRESENTATION,"Methods pp.2-3 and Figs.2,4",Source methods; Celsius-to-Kelvin schema representation only,High_for_NA_decision,VERIFIED,EXPERIMENTAL,https://doi.org/10.1016/j.jallcom.2021.162765,AUDIT_SCOPE_DEPENDENT,MASTER_FIELD_MAPPING
P021,10.1016/j.jallcom.2021.162765,P021_SERIES01,P021_MAT_FE50MN17p5CR12p5CO10NI5SI5,P021_MC_A900_5M_RT_G10,P021_OBS_A900_5M_RT_G10,P021_OBS_A900_5M_RT_G10,Hot_Roll_T_C_Raw,1100.0,C,DIRECT_METHOD_OR_SCHEMA_UNIT_REPRESENTATION,"Methods pp.2-3 and Figs.2,4",Source methods; Celsius-to-Kelvin schema representation only,High_for_NA_decision,VERIFIED,EXPERIMENTAL,https://doi.org/10.1016/j.jallcom.2021.162765,AUDIT_SCOPE_DEPENDENT,MASTER_FIELD_MAPPING
P021,10.1016/j.jallcom.2021.162765,P021_SERIES01,P021_MAT_FE50MN17p5CR12p5CO10NI5SI5,P021_MC_A900_5M_RT_G10,P021_OBS_A900_5M_RT_G10,P021_OBS_A900_5M_RT_G10,Hot_Roll_Final_Thickness_mm,3.0,mm,DIRECT_METHOD_OR_SCHEMA_UNIT_REPRESENTATION,"Methods pp.2-3 and Figs.2,4",Source methods; Celsius-to-Kelvin schema representation only,High_for_NA_decision,VERIFIED,EXPERIMENTAL,https://doi.org/10.1016/j.jallcom.2021.162765,AUDIT_SCOPE_DEPENDENT,MASTER_FIELD_MAPPING
P021,10.1016/j.jallcom.2021.162765,P021_SERIES01,P021_MAT_FE50MN17p5CR12p5CO10NI5SI5,P021_MC_A900_5M_RT_G10,P021_OBS_A900_5M_RT_G10,P021_OBS_A900_5M_RT_G10,Anneal_T_C_Raw,900.0,C,DIRECT_METHOD_OR_SCHEMA_UNIT_REPRESENTATION,"Methods pp.2-3 and Figs.2,4",Source methods; Celsius-to-Kelvin schema representation only,High_for_NA_decision,VERIFIED,EXPERIMENTAL,https://doi.org/10.1016/j.jallcom.2021.162765,AUDIT_SCOPE_DEPENDENT,MASTER_FIELD_MAPPING
P021,10.1016/j.jallcom.2021.162765,P021_SERIES01,P021_MAT_FE50MN17p5CR12p5CO10NI5SI5,P021_MC_A900_5M_RT_G10,P021_OBS_A900_5M_RT_G10,P021_OBS_A900_5M_RT_G10,Post_Anneal_Quench,Water quench,as reported,DIRECT_METHOD_OR_SCHEMA_UNIT_REPRESENTATION,"Methods pp.2-3 and Figs.2,4",Source methods; Celsius-to-Kelvin schema representation only,High_for_NA_decision,VERIFIED,EXPERIMENTAL,https://doi.org/10.1016/j.jallcom.2021.162765,AUDIT_SCOPE_DEPENDENT,MASTER_FIELD_MAPPING
P021,10.1016/j.jallcom.2021.162765,P021_SERIES01,P021_MAT_FE50MN17p5CR12p5CO10NI5SI5,P021_MC_A900_5M_RT_G10,P021_OBS_A900_5M_RT_G10,P021_OBS_A900_5M_RT_G10,Test_T_C,25.0,C,DIRECT_METHOD_OR_SCHEMA_UNIT_REPRESENTATION,"Methods pp.2-3 and Figs.2,4",Source methods; Celsius-to-Kelvin schema representation only,High_for_NA_decision,VERIFIED,EXPERIMENTAL,https://doi.org/10.1016/j.jallcom.2021.162765,AUDIT_SCOPE_DEPENDENT,MASTER_FIELD_MAPPING
P021,10.1016/j.jallcom.2021.162765,P021_SERIES01,P021_MAT_FE50MN17p5CR12p5CO10NI5SI5,P021_MC_A900_5M_RT_G10,P021_OBS_A900_5M_RT_G10,P021_OBS_A900_5M_RT_G10,Specimen_Orientation,Longitudinal / rolling direction,as reported,DIRECT_METHOD_OR_SCHEMA_UNIT_REPRESENTATION,"Methods pp.2-3 and Figs.2,4",Source methods; Celsius-to-Kelvin schema representation only,High_for_NA_decision,VERIFIED,EXPERIMENTAL,https://doi.org/10.1016/j.jallcom.2021.162765,AUDIT_SCOPE_DEPENDENT,MASTER_FIELD_MAPPING
P021,10.1016/j.jallcom.2021.162765,P021_SERIES01,P021_MAT_FE50MN17p5CR12p5CO10NI5SI5,P021_MC_A900_5M_RT_G10,P021_OBS_A900_5M_RT_G10,P021_OBS_A900_5M_RT_G10,Specimen_Standard,ASTM E8/E8M sub-size,as reported,DIRECT_METHOD_OR_SCHEMA_UNIT_REPRESENTATION,"Methods pp.2-3 and Figs.2,4",Source methods; Celsius-to-Kelvin schema representation only,High_for_NA_decision,VERIFIED,EXPERIMENTAL,https://doi.org/10.1016/j.jallcom.2021.162765,AUDIT_SCOPE_DEPENDENT,MASTER_FIELD_MAPPING
P021,10.1016/j.jallcom.2021.162765,P021_SERIES01,P021_MAT_FE50MN17p5CR12p5CO10NI5SI5,P021_MC_A900_5M_RT_G10,P021_OBS_A900_5M_RT_G10,P021_OBS_A900_5M_RT_G10,Initial_Alpha_BCT_fraction,0.0,fraction,DIRECT_PRETEST_MICROSTRUCTURE,"Results pp.3,6 and Figs.2,3,7","BSE, EBSD, XRD, and pre-test TEM interpretation",High_for_NA_decision,VERIFIED,EXPERIMENTAL,https://doi.org/10.1016/j.jallcom.2021.162765,AUDIT_SCOPE_DEPENDENT,MASTER_FIELD_MAPPING
P021,10.1016/j.jallcom.2021.162765,P021_SERIES01,P021_MAT_FE50MN17p5CR12p5CO10NI5SI5,P021_MC_A900_5M_RT_G10,P021_OBS_A900_5M_RT_G10,P021_OBS_A900_5M_RT_G10,Initial_Secondary_Phase_Status,NO_OBVIOUS_PRECIPITATES_OR_OTHER_PHASES,as reported,DIRECT_PRETEST_MICROSTRUCTURE,"Results pp.3,6 and Figs.2,3,7","BSE, EBSD, XRD, and pre-test TEM interpretation",High_for_NA_decision,VERIFIED,EXPERIMENTAL,https://doi.org/10.1016/j.jallcom.2021.162765,AUDIT_SCOPE_DEPENDENT,MASTER_FIELD_MAPPING
P021,10.1016/j.jallcom.2021.162765,P021_SERIES01,P021_MAT_FE50MN17p5CR12p5CO10NI5SI5,P021_MC_A900_5M_RT_G10,P021_OBS_A900_5M_RT_G10,P021_OBS_A900_5M_RT_G10,Fully_Recrystallized,True,as reported,DIRECT_PRETEST_MICROSTRUCTURE,"Results pp.3,6 and Figs.2,3,7","BSE, EBSD, XRD, and pre-test TEM interpretation",High_for_NA_decision,VERIFIED,EXPERIMENTAL,https://doi.org/10.1016/j.jallcom.2021.162765,AUDIT_SCOPE_DEPENDENT,MASTER_FIELD_MAPPING
P021,10.1016/j.jallcom.2021.162765,P021_SERIES01,P021_MAT_FE50MN17p5CR12p5CO10NI5SI5,P021_MC_A900_5M_RT_G10,P021_OBS_A900_5M_RT_G10,P021_OBS_A900_5M_RT_G10,Grain_Size_Method,EBSD/BSE; twin boundaries excluded from grain-size calculation,as reported,DIRECT_PRETEST_MICROSTRUCTURE,"Results pp.3,6 and Figs.2,3,7","BSE, EBSD, XRD, and pre-test TEM interpretation",High_for_NA_decision,VERIFIED,EXPERIMENTAL,https://doi.org/10.1016/j.jallcom.2021.162765,AUDIT_SCOPE_DEPENDENT,MASTER_FIELD_MAPPING
P021,10.1016/j.jallcom.2021.162765,P021_SERIES01,P021_MAT_FE50MN17p5CR12p5CO10NI5SI5,P021_MC_A900_5M_RT_G10,P021_OBS_A900_5M_RT_G10,P021_OBS_A900_5M_RT_G10,Grain_Size_Twin_Boundary_Exclusion,True,as reported,DIRECT_PRETEST_MICROSTRUCTURE,"Results pp.3,6 and Figs.2,3,7","BSE, EBSD, XRD, and pre-test TEM interpretation",High_for_NA_decision,VERIFIED,EXPERIMENTAL,https://doi.org/10.1016/j.jallcom.2021.162765,AUDIT_SCOPE_DEPENDENT,MASTER_FIELD_MAPPING
P021,10.1016/j.jallcom.2021.162765,P021_SERIES01,P021_MAT_FE50MN17p5CR12p5CO10NI5SI5,P021_MC_A900_5M_RT_G10,P021_OBS_A900_5M_RT_G10,P021_OBS_A900_5M_RT_G10,Initial_Stacking_Fault_State,NO_QUANTITATIVE_INITIAL_STACKING_FAULT_METRIC_REPORTED,as reported,DIRECT_PRETEST_MICROSTRUCTURE,"Results pp.3,6 and Figs.2,3,7","BSE, EBSD, XRD, and pre-test TEM interpretation",High_for_NA_decision,VERIFIED,EXPERIMENTAL,https://doi.org/10.1016/j.jallcom.2021.162765,AUDIT_SCOPE_DEPENDENT,MASTER_FIELD_MAPPING
P021,10.1016/j.jallcom.2021.162765,P021_SERIES01,P021_MAT_FE50MN17p5CR12p5CO10NI5SI5,P021_MC_A900_5M_RT_G10,P021_OBS_A900_5M_RT_G10,P021_OBS_A900_5M_RT_G10,Initial_Stacking_Fault_State_Raw,No quantitative initial stacking-fault metric reported,as reported,DIRECT_PRETEST_MICROSTRUCTURE,"Results pp.3,6 and Figs.2,3,7","BSE, EBSD, XRD, and pre-test TEM interpretation",High_for_NA_decision,VERIFIED,EXPERIMENTAL,https://doi.org/10.1016/j.jallcom.2021.162765,AUDIT_SCOPE_DEPENDENT,MASTER_FIELD_MAPPING
P021,10.1016/j.jallcom.2021.162765,P021_SERIES01,P021_MAT_FE50MN17p5CR12p5CO10NI5SI5,P021_MC_A900_5M_RT_G10,P021_OBS_A900_5M_RT_G10,P021_OBS_A900_5M_RT_G10,PreTest_Cryogenic_Immersion,False,as reported,DIRECT_PRETEST_MICROSTRUCTURE,"Results pp.3,6 and Figs.2,3,7","BSE, EBSD, XRD, and pre-test TEM interpretation",High_for_NA_decision,VERIFIED,EXPERIMENTAL,https://doi.org/10.1016/j.jallcom.2021.162765,AUDIT_SCOPE_DEPENDENT,MASTER_FIELD_MAPPING
P021,10.1016/j.jallcom.2021.162765,P021_SERIES01,P021_MAT_FE50MN17p5CR12p5CO10NI5SI5,P021_MC_A900_5M_RT_G10,P021_OBS_A900_5M_RT_G10,P021_OBS_A900_5M_RT_G10,PreTest_State_Timing,BEFORE_TENSILE_LOADING,as reported,DIRECT_PRETEST_MICROSTRUCTURE,"Results pp.3,6 and Figs.2,3,7","BSE, EBSD, XRD, and pre-test TEM interpretation",High_for_NA_decision,VERIFIED,EXPERIMENTAL,https://doi.org/10.1016/j.jallcom.2021.162765,AUDIT_SCOPE_DEPENDENT,MASTER_FIELD_MAPPING
P021,10.1016/j.jallcom.2021.162765,P021_SERIES01,P021_MAT_FE50MN17p5CR12p5CO10NI5SI5,P021_MC_A900_5M_RT_G10,P021_OBS_A900_5M_RT_G10,P021_OBS_A900_5M_RT_G10,SFE_Predictor_Eligibility,NOT_SAFE_AS_DIRECT_NUMERIC_SFE,as reported,AUTHOR_INFERENCE_OR_VERIFIED_GAP,Results pp.5-6 and whole-paper review,Source interpretation; no numeric conversion or cross-paper transfer,High_for_NA_decision,VERIFIED,EXPERIMENTAL,https://doi.org/10.1016/j.jallcom.2021.162765,NOT_SAFE_AS_DIRECT_NUMERIC_SFE,MASTER_FIELD_MAPPING
P021,10.1016/j.jallcom.2021.162765,P021_SERIES01,P021_MAT_FE50MN17p5CR12p5CO10NI5SI5,P021_MC_A900_25M_RT_G19,P021_OBS_A900_25M_RT_G19,P021_OBS_A900_25M_RT_G19,Paper_ID,P021,as reported,SOURCE_IDENTITY,Verified article identity / whole paper,Verified workbook and publisher DOI match,High_for_NA_decision,VERIFIED,EXPERIMENTAL,https://doi.org/10.1016/j.jallcom.2021.162765,AUDIT_SCOPE_DEPENDENT,MASTER_FIELD_MAPPING
P021,10.1016/j.jallcom.2021.162765,P021_SERIES01,P021_MAT_FE50MN17p5CR12p5CO10NI5SI5,P021_MC_A900_25M_RT_G19,P021_OBS_A900_25M_RT_G19,P021_OBS_A900_25M_RT_G19,DOI,10.1016/j.jallcom.2021.162765,as reported,SOURCE_IDENTITY,Verified article identity / whole paper,Verified workbook and publisher DOI match,High_for_NA_decision,VERIFIED,EXPERIMENTAL,https://doi.org/10.1016/j.jallcom.2021.162765,AUDIT_SCOPE_DEPENDENT,MASTER_FIELD_MAPPING
P021,10.1016/j.jallcom.2021.162765,P021_SERIES01,P021_MAT_FE50MN17p5CR12p5CO10NI5SI5,P021_MC_A900_25M_RT_G19,P021_OBS_A900_25M_RT_G19,P021_OBS_A900_25M_RT_G19,Paper_Title,Enhancement in mechanical properties through an FCC-to-HCP phase transformation in an Fe-17.5Mn-10Co-12.5Cr-5Ni-5Si (in at%) medium-entropy alloy,as reported,SOURCE_IDENTITY,Verified article identity / whole paper,Verified workbook and publisher DOI match,High_for_NA_decision,VERIFIED,EXPERIMENTAL,https://doi.org/10.1016/j.jallcom.2021.162765,AUDIT_SCOPE_DEPENDENT,MASTER_FIELD_MAPPING
P021,10.1016/j.jallcom.2021.162765,P021_SERIES01,P021_MAT_FE50MN17p5CR12p5CO10NI5SI5,P021_MC_A900_25M_RT_G19,P021_OBS_A900_25M_RT_G19,P021_OBS_A900_25M_RT_G19,Condition_ID,P021_MC_A900_25M_RT_G19,as reported,HIERARCHY_INTEGRATION,P021_Conditions verified sheet,Source-defined condition hierarchy and aggregate replicate scope,High_for_NA_decision,VERIFIED,EXPERIMENTAL,https://doi.org/10.1016/j.jallcom.2021.162765,AUDIT_SCOPE_DEPENDENT,MASTER_FIELD_MAPPING
P021,10.1016/j.jallcom.2021.162765,P021_SERIES01,P021_MAT_FE50MN17p5CR12p5CO10NI5SI5,P021_MC_A900_25M_RT_G19,P021_OBS_A900_25M_RT_G19,P021_OBS_A900_25M_RT_G19,Experiment_Group_ID,P021_SERIES01,as reported,HIERARCHY_INTEGRATION,P021_Conditions verified sheet,Source-defined condition hierarchy and aggregate replicate scope,High_for_NA_decision,VERIFIED,EXPERIMENTAL,https://doi.org/10.1016/j.jallcom.2021.162765,AUDIT_SCOPE_DEPENDENT,MASTER_FIELD_MAPPING
P021,10.1016/j.jallcom.2021.162765,P021_SERIES01,P021_MAT_FE50MN17p5CR12p5CO10NI5SI5,P021_MC_A900_25M_RT_G19,P021_OBS_A900_25M_RT_G19,P021_OBS_A900_25M_RT_G19,Row_Type,Primary experimental tensile condition,as reported,HIERARCHY_INTEGRATION,P021_Conditions verified sheet,Source-defined condition hierarchy and aggregate replicate scope,High_for_NA_decision,VERIFIED,EXPERIMENTAL,https://doi.org/10.1016/j.jallcom.2021.162765,AUDIT_SCOPE_DEPENDENT,MASTER_FIELD_MAPPING
P021,10.1016/j.jallcom.2021.162765,P021_SERIES01,P021_MAT_FE50MN17p5CR12p5CO10NI5SI5,P021_MC_A900_25M_RT_G19,P021_OBS_A900_25M_RT_G19,P021_OBS_A900_25M_RT_G19,Alloy_ID,Fe50Mn17.5Cr12.5Co10Ni5Si5,as reported,DIRECT_NOMINAL_TEXT_OR_VERIFIED_NA,"Abstract, Methods, and Fig.1",Nominal alloy design; EDS/BSE qualitative homogeneity review,High_for_NA_decision,VERIFIED,EXPERIMENTAL,https://doi.org/10.1016/j.jallcom.2021.162765,AUDIT_SCOPE_DEPENDENT,MASTER_FIELD_MAPPING
P021,10.1016/j.jallcom.2021.162765,P021_SERIES01,P021_MAT_FE50MN17p5CR12p5CO10NI5SI5,P021_MC_A900_25M_RT_G19,P021_OBS_A900_25M_RT_G19,P021_OBS_A900_25M_RT_G19,Original_Composition,Fe50Mn17.5Cr12.5Co10Ni5Si5,as reported,DIRECT_NOMINAL_TEXT_OR_VERIFIED_NA,"Abstract, Methods, and Fig.1",Nominal alloy design; EDS/BSE qualitative homogeneity review,High_for_NA_decision,VERIFIED,EXPERIMENTAL,https://doi.org/10.1016/j.jallcom.2021.162765,AUDIT_SCOPE_DEPENDENT,MASTER_FIELD_MAPPING
P021,10.1016/j.jallcom.2021.162765,P021_SERIES01,P021_MAT_FE50MN17p5CR12p5CO10NI5SI5,P021_MC_A900_25M_RT_G19,P021_OBS_A900_25M_RT_G19,P021_OBS_A900_25M_RT_G19,Composition_basis,at.% nominal,as reported,DIRECT_NOMINAL_TEXT_OR_VERIFIED_NA,"Abstract, Methods, and Fig.1",Nominal alloy design; EDS/BSE qualitative homogeneity review,High_for_NA_decision,VERIFIED,EXPERIMENTAL,https://doi.org/10.1016/j.jallcom.2021.162765,AUDIT_SCOPE_DEPENDENT,MASTER_FIELD_MAPPING
P021,10.1016/j.jallcom.2021.162765,P021_SERIES01,P021_MAT_FE50MN17p5CR12p5CO10NI5SI5,P021_MC_A900_25M_RT_G19,P021_OBS_A900_25M_RT_G19,P021_OBS_A900_25M_RT_G19,Fe_at%,50.0,at.%,DIRECT_NOMINAL_TEXT_OR_VERIFIED_NA,"Abstract, Methods, and Fig.1",Nominal alloy design; EDS/BSE qualitative homogeneity review,High_for_NA_decision,VERIFIED,EXPERIMENTAL,https://doi.org/10.1016/j.jallcom.2021.162765,AUDIT_SCOPE_DEPENDENT,MASTER_FIELD_MAPPING
P021,10.1016/j.jallcom.2021.162765,P021_SERIES01,P021_MAT_FE50MN17p5CR12p5CO10NI5SI5,P021_MC_A900_25M_RT_G19,P021_OBS_A900_25M_RT_G19,P021_OBS_A900_25M_RT_G19,Mn_at%,17.5,at.%,DIRECT_NOMINAL_TEXT_OR_VERIFIED_NA,"Abstract, Methods, and Fig.1",Nominal alloy design; EDS/BSE qualitative homogeneity review,High_for_NA_decision,VERIFIED,EXPERIMENTAL,https://doi.org/10.1016/j.jallcom.2021.162765,AUDIT_SCOPE_DEPENDENT,MASTER_FIELD_MAPPING
P021,10.1016/j.jallcom.2021.162765,P021_SERIES01,P021_MAT_FE50MN17p5CR12p5CO10NI5SI5,P021_MC_A900_25M_RT_G19,P021_OBS_A900_25M_RT_G19,P021_OBS_A900_25M_RT_G19,Co_at%,10.0,at.%,DIRECT_NOMINAL_TEXT_OR_VERIFIED_NA,"Abstract, Methods, and Fig.1",Nominal alloy design; EDS/BSE qualitative homogeneity review,High_for_NA_decision,VERIFIED,EXPERIMENTAL,https://doi.org/10.1016/j.jallcom.2021.162765,AUDIT_SCOPE_DEPENDENT,MASTER_FIELD_MAPPING
P021,10.1016/j.jallcom.2021.162765,P021_SERIES01,P021_MAT_FE50MN17p5CR12p5CO10NI5SI5,P021_MC_A900_25M_RT_G19,P021_OBS_A900_25M_RT_G19,P021_OBS_A900_25M_RT_G19,Cr_at%,12.5,at.%,DIRECT_NOMINAL_TEXT_OR_VERIFIED_NA,"Abstract, Methods, and Fig.1",Nominal alloy design; EDS/BSE qualitative homogeneity review,High_for_NA_decision,VERIFIED,EXPERIMENTAL,https://doi.org/10.1016/j.jallcom.2021.162765,AUDIT_SCOPE_DEPENDENT,MASTER_FIELD_MAPPING
P021,10.1016/j.jallcom.2021.162765,P021_SERIES01,P021_MAT_FE50MN17p5CR12p5CO10NI5SI5,P021_MC_A900_25M_RT_G19,P021_OBS_A900_25M_RT_G19,P021_OBS_A900_25M_RT_G19,Ni_at%,5.0,at.%,DIRECT_NOMINAL_TEXT_OR_VERIFIED_NA,"Abstract, Methods, and Fig.1",Nominal alloy design; EDS/BSE qualitative homogeneity review,High_for_NA_decision,VERIFIED,EXPERIMENTAL,https://doi.org/10.1016/j.jallcom.2021.162765,AUDIT_SCOPE_DEPENDENT,MASTER_FIELD_MAPPING
P021,10.1016/j.jallcom.2021.162765,P021_SERIES01,P021_MAT_FE50MN17p5CR12p5CO10NI5SI5,P021_MC_A900_25M_RT_G19,P021_OBS_A900_25M_RT_G19,P021_OBS_A900_25M_RT_G19,Si_at%,5.0,at.%,DIRECT_NOMINAL_TEXT_OR_VERIFIED_NA,"Abstract, Methods, and Fig.1",Nominal alloy design; EDS/BSE qualitative homogeneity review,High_for_NA_decision,VERIFIED,EXPERIMENTAL,https://doi.org/10.1016/j.jallcom.2021.162765,AUDIT_SCOPE_DEPENDENT,MASTER_FIELD_MAPPING
P021,10.1016/j.jallcom.2021.162765,P021_SERIES01,P021_MAT_FE50MN17p5CR12p5CO10NI5SI5,P021_MC_A900_25M_RT_G19,P021_OBS_A900_25M_RT_G19,P021_OBS_A900_25M_RT_G19,Processing_route,Vacuum arc melted under Ar from >99.9% raw materials; flipped/remelted at least five times; approximately 150 g alloy remolded to 65 x 40 x 10 mm; homogenized 1150 C/24 h; hot rolled at 1100 C to 3 mm; cold rolled 30%; final anneal 900 C/25 min; water quenched,as reported,DIRECT_METHOD_OR_SCHEMA_UNIT_REPRESENTATION,"Methods pp.2-3 and Figs.2,4",Source methods; Celsius-to-Kelvin schema representation only,High_for_NA_decision,VERIFIED,EXPERIMENTAL,https://doi.org/10.1016/j.jallcom.2021.162765,AUDIT_SCOPE_DEPENDENT,MASTER_FIELD_MAPPING
P021,10.1016/j.jallcom.2021.162765,P021_SERIES01,P021_MAT_FE50MN17p5CR12p5CO10NI5SI5,P021_MC_A900_25M_RT_G19,P021_OBS_A900_25M_RT_G19,P021_OBS_A900_25M_RT_G19,Cast_method,Vacuum arc melting under Ar; flipped/remelted at least five times; remolded rectangular ingot,as reported,DIRECT_METHOD_OR_SCHEMA_UNIT_REPRESENTATION,"Methods pp.2-3 and Figs.2,4",Source methods; Celsius-to-Kelvin schema representation only,High_for_NA_decision,VERIFIED,EXPERIMENTAL,https://doi.org/10.1016/j.jallcom.2021.162765,AUDIT_SCOPE_DEPENDENT,MASTER_FIELD_MAPPING
P021,10.1016/j.jallcom.2021.162765,P021_SERIES01,P021_MAT_FE50MN17p5CR12p5CO10NI5SI5,P021_MC_A900_25M_RT_G19,P021_OBS_A900_25M_RT_G19,P021_OBS_A900_25M_RT_G19,Homogenization_T_K,1423.15,K,DIRECT_METHOD_OR_SCHEMA_UNIT_REPRESENTATION,"Methods pp.2-3 and Figs.2,4",Source methods; Celsius-to-Kelvin schema representation only,High_for_NA_decision,VERIFIED,EXPERIMENTAL,https://doi.org/10.1016/j.jallcom.2021.162765,AUDIT_SCOPE_DEPENDENT,MASTER_FIELD_MAPPING
P021,10.1016/j.jallcom.2021.162765,P021_SERIES01,P021_MAT_FE50MN17p5CR12p5CO10NI5SI5,P021_MC_A900_25M_RT_G19,P021_OBS_A900_25M_RT_G19,P021_OBS_A900_25M_RT_G19,Homogenization_time_h,24.0,h,DIRECT_METHOD_OR_SCHEMA_UNIT_REPRESENTATION,"Methods pp.2-3 and Figs.2,4",Source methods; Celsius-to-Kelvin schema representation only,High_for_NA_decision,VERIFIED,EXPERIMENTAL,https://doi.org/10.1016/j.jallcom.2021.162765,AUDIT_SCOPE_DEPENDENT,MASTER_FIELD_MAPPING
P021,10.1016/j.jallcom.2021.162765,P021_SERIES01,P021_MAT_FE50MN17p5CR12p5CO10NI5SI5,P021_MC_A900_25M_RT_G19,P021_OBS_A900_25M_RT_G19,P021_OBS_A900_25M_RT_G19,Hot_rolling_T_K,1373.15,K,DIRECT_METHOD_OR_SCHEMA_UNIT_REPRESENTATION,"Methods pp.2-3 and Figs.2,4",Source methods; Celsius-to-Kelvin schema representation only,High_for_NA_decision,VERIFIED,EXPERIMENTAL,https://doi.org/10.1016/j.jallcom.2021.162765,AUDIT_SCOPE_DEPENDENT,MASTER_FIELD_MAPPING
P021,10.1016/j.jallcom.2021.162765,P021_SERIES01,P021_MAT_FE50MN17p5CR12p5CO10NI5SI5,P021_MC_A900_25M_RT_G19,P021_OBS_A900_25M_RT_G19,P021_OBS_A900_25M_RT_G19,Cold_rolling_reduction_pct,30.0,%,DIRECT_METHOD_OR_SCHEMA_UNIT_REPRESENTATION,"Methods pp.2-3 and Figs.2,4",Source methods; Celsius-to-Kelvin schema representation only,High_for_NA_decision,VERIFIED,EXPERIMENTAL,https://doi.org/10.1016/j.jallcom.2021.162765,AUDIT_SCOPE_DEPENDENT,MASTER_FIELD_MAPPING
P021,10.1016/j.jallcom.2021.162765,P021_SERIES01,P021_MAT_FE50MN17p5CR12p5CO10NI5SI5,P021_MC_A900_25M_RT_G19,P021_OBS_A900_25M_RT_G19,P021_OBS_A900_25M_RT_G19,Annealing_T_K,1173.15,K,DIRECT_METHOD_OR_SCHEMA_UNIT_REPRESENTATION,"Methods pp.2-3 and Figs.2,4",Source methods; Celsius-to-Kelvin schema representation only,High_for_NA_decision,VERIFIED,EXPERIMENTAL,https://doi.org/10.1016/j.jallcom.2021.162765,AUDIT_SCOPE_DEPENDENT,MASTER_FIELD_MAPPING
P021,10.1016/j.jallcom.2021.162765,P021_SERIES01,P021_MAT_FE50MN17p5CR12p5CO10NI5SI5,P021_MC_A900_25M_RT_G19,P021_OBS_A900_25M_RT_G19,P021_OBS_A900_25M_RT_G19,Annealing_time_min,25.0,min,DIRECT_METHOD_OR_SCHEMA_UNIT_REPRESENTATION,"Methods pp.2-3 and Figs.2,4",Source methods; Celsius-to-Kelvin schema representation only,High_for_NA_decision,VERIFIED,EXPERIMENTAL,https://doi.org/10.1016/j.jallcom.2021.162765,AUDIT_SCOPE_DEPENDENT,MASTER_FIELD_MAPPING
P021,10.1016/j.jallcom.2021.162765,P021_SERIES01,P021_MAT_FE50MN17p5CR12p5CO10NI5SI5,P021_MC_A900_25M_RT_G19,P021_OBS_A900_25M_RT_G19,P021_OBS_A900_25M_RT_G19,Cooling_route,Water quench,as reported,DIRECT_METHOD_OR_SCHEMA_UNIT_REPRESENTATION,"Methods pp.2-3 and Figs.2,4",Source methods; Celsius-to-Kelvin schema representation only,High_for_NA_decision,VERIFIED,EXPERIMENTAL,https://doi.org/10.1016/j.jallcom.2021.162765,AUDIT_SCOPE_DEPENDENT,MASTER_FIELD_MAPPING
P021,10.1016/j.jallcom.2021.162765,P021_SERIES01,P021_MAT_FE50MN17p5CR12p5CO10NI5SI5,P021_MC_A900_25M_RT_G19,P021_OBS_A900_25M_RT_G19,P021_OBS_A900_25M_RT_G19,Test_T_K,298.0,K,DIRECT_METHOD_OR_SCHEMA_UNIT_REPRESENTATION,"Methods pp.2-3 and Figs.2,4",Source methods; Celsius-to-Kelvin schema representation only,High_for_NA_decision,VERIFIED,EXPERIMENTAL,https://doi.org/10.1016/j.jallcom.2021.162765,AUDIT_SCOPE_DEPENDENT,MASTER_FIELD_MAPPING
P021,10.1016/j.jallcom.2021.162765,P021_SERIES01,P021_MAT_FE50MN17p5CR12p5CO10NI5SI5,P021_MC_A900_25M_RT_G19,P021_OBS_A900_25M_RT_G19,P021_OBS_A900_25M_RT_G19,Strain_rate_s-1,0.001,s^-1,DIRECT_METHOD_OR_SCHEMA_UNIT_REPRESENTATION,"Methods pp.2-3 and Figs.2,4",Source methods; Celsius-to-Kelvin schema representation only,High_for_NA_decision,VERIFIED,EXPERIMENTAL,https://doi.org/10.1016/j.jallcom.2021.162765,AUDIT_SCOPE_DEPENDENT,MASTER_FIELD_MAPPING
P021,10.1016/j.jallcom.2021.162765,P021_SERIES01,P021_MAT_FE50MN17p5CR12p5CO10NI5SI5,P021_MC_A900_25M_RT_G19,P021_OBS_A900_25M_RT_G19,P021_OBS_A900_25M_RT_G19,Grain_size_um,19.5,um,DIRECT_PRETEST_MICROSTRUCTURE,"Results pp.3,6 and Figs.2,3,7","BSE, EBSD, XRD, and pre-test TEM interpretation",High_for_NA_decision,VERIFIED,EXPERIMENTAL,https://doi.org/10.1016/j.jallcom.2021.162765,AUDIT_SCOPE_DEPENDENT,MASTER_FIELD_MAPPING
P021,10.1016/j.jallcom.2021.162765,P021_SERIES01,P021_MAT_FE50MN17p5CR12p5CO10NI5SI5,P021_MC_A900_25M_RT_G19,P021_OBS_A900_25M_RT_G19,P021_OBS_A900_25M_RT_G19,Initial_FCC_fraction,UNRESOLVED_NA,fraction,DIRECT_PRETEST_MICROSTRUCTURE,"Results pp.3,6 and Figs.2,3,7","BSE, EBSD, XRD, and pre-test TEM interpretation",High_for_NA_decision,VERIFIED_NA_EXACT_NUMERIC_FCC_FRACTION_NOT_REPORTED,EXPERIMENTAL,https://doi.org/10.1016/j.jallcom.2021.162765,AUDIT_SCOPE_DEPENDENT,MASTER_FIELD_MAPPING
P021,10.1016/j.jallcom.2021.162765,P021_SERIES01,P021_MAT_FE50MN17p5CR12p5CO10NI5SI5,P021_MC_A900_25M_RT_G19,P021_OBS_A900_25M_RT_G19,P021_OBS_A900_25M_RT_G19,Initial_HCP_fraction,0.0,fraction,DIRECT_PRETEST_MICROSTRUCTURE,"Results pp.3,6 and Figs.2,3,7","BSE, EBSD, XRD, and pre-test TEM interpretation",High_for_NA_decision,VERIFIED,EXPERIMENTAL,https://doi.org/10.1016/j.jallcom.2021.162765,AUDIT_SCOPE_DEPENDENT,MASTER_FIELD_MAPPING
P021,10.1016/j.jallcom.2021.162765,P021_SERIES01,P021_MAT_FE50MN17p5CR12p5CO10NI5SI5,P021_MC_A900_25M_RT_G19,P021_OBS_A900_25M_RT_G19,P021_OBS_A900_25M_RT_G19,Initial_twin_boundary_status,Abundant annealing twins,as reported,DIRECT_PRETEST_MICROSTRUCTURE,"Results pp.3,6 and Figs.2,3,7","BSE, EBSD, XRD, and pre-test TEM interpretation",High_for_NA_decision,VERIFIED,EXPERIMENTAL,https://doi.org/10.1016/j.jallcom.2021.162765,AUDIT_SCOPE_DEPENDENT,MASTER_FIELD_MAPPING
P021,10.1016/j.jallcom.2021.162765,P021_SERIES01,P021_MAT_FE50MN17p5CR12p5CO10NI5SI5,P021_MC_A900_25M_RT_G19,P021_OBS_A900_25M_RT_G19,P021_OBS_A900_25M_RT_G19,SFE_mJ_m2,UNRESOLVED_NA,mJ/m2,AUTHOR_INFERENCE_OR_VERIFIED_GAP,Results pp.5-6 and whole-paper review,Source interpretation; no numeric conversion or cross-paper transfer,High_for_NA_decision,VERIFIED_NA_NO_DIRECT_NUMERIC_ALLOY_SPECIFIC_SFE,EXPERIMENTAL,https://doi.org/10.1016/j.jallcom.2021.162765,NOT_SAFE_AS_DIRECT_NUMERIC_SFE,MASTER_FIELD_MAPPING
P021,10.1016/j.jallcom.2021.162765,P021_SERIES01,P021_MAT_FE50MN17p5CR12p5CO10NI5SI5,P021_MC_A900_25M_RT_G19,P021_OBS_A900_25M_RT_G19,P021_OBS_A900_25M_RT_G19,SFE_method,UNRESOLVED_NA,as reported,AUTHOR_INFERENCE_OR_VERIFIED_GAP,Results pp.5-6 and whole-paper review,Source interpretation; no numeric conversion or cross-paper transfer,High_for_NA_decision,VERIFIED_NA_NO_DIRECT_NUMERIC_ALLOY_SPECIFIC_SFE,EXPERIMENTAL,https://doi.org/10.1016/j.jallcom.2021.162765,NOT_SAFE_AS_DIRECT_NUMERIC_SFE,MASTER_FIELD_MAPPING
P021,10.1016/j.jallcom.2021.162765,P021_SERIES01,P021_MAT_FE50MN17p5CR12p5CO10NI5SI5,P021_MC_A900_25M_RT_G19,P021_OBS_A900_25M_RT_G19,P021_OBS_A900_25M_RT_G19,DeltaG_FCC_HCP_J_mol,UNRESOLVED_NA,J/mol,AUTHOR_INFERENCE_OR_VERIFIED_GAP,Results pp.5-6 and whole-paper review,Source interpretation; no numeric conversion or cross-paper transfer,High_for_NA_decision,VERIFIED_NA_NOT_REPORTED_NO_CROSS_PAPER_TRANSFER,EXPERIMENTAL,https://doi.org/10.1016/j.jallcom.2021.162765,NOT_SAFE_AS_DIRECT_NUMERIC_SFE,MASTER_FIELD_MAPPING
P021,10.1016/j.jallcom.2021.162765,P021_SERIES01,P021_MAT_FE50MN17p5CR12p5CO10NI5SI5,P021_MC_A900_25M_RT_G19,P021_OBS_A900_25M_RT_G19,P021_OBS_A900_25M_RT_G19,DeltaG_method,UNRESOLVED_NA,as reported,AUTHOR_INFERENCE_OR_VERIFIED_GAP,Results pp.5-6 and whole-paper review,Source interpretation; no numeric conversion or cross-paper transfer,High_for_NA_decision,VERIFIED_NA_NOT_REPORTED_NO_CROSS_PAPER_TRANSFER,EXPERIMENTAL,https://doi.org/10.1016/j.jallcom.2021.162765,NOT_SAFE_AS_DIRECT_NUMERIC_SFE,MASTER_FIELD_MAPPING
P021,10.1016/j.jallcom.2021.162765,P021_SERIES01,P021_MAT_FE50MN17p5CR12p5CO10NI5SI5,P021_MC_A900_25M_RT_G19,P021_OBS_A900_25M_RT_G19,P021_OBS_A900_25M_RT_G19,Lattice_parameter_nm,0.358,nm,DIRECT_PRETEST_MICROSTRUCTURE,"Results pp.3,6 and Figs.2,3,7","BSE, EBSD, XRD, and pre-test TEM interpretation",High_for_NA_decision,VERIFIED,EXPERIMENTAL,https://doi.org/10.1016/j.jallcom.2021.162765,AUDIT_SCOPE_DEPENDENT,MASTER_FIELD_MAPPING
P021,10.1016/j.jallcom.2021.162765,P021_SERIES01,P021_MAT_FE50MN17p5CR12p5CO10NI5SI5,P021_MC_A900_25M_RT_G19,P021_OBS_A900_25M_RT_G19,P021_OBS_A900_25M_RT_G19,Slip,UNRESOLVED_NA,binary,CONDITION_LEVEL_TARGET_DECISION,"Methods pp.2-3; Fig.2; Fig.4; Results pp.3,6; Figs.2,3,7; Fig.4 inset tables p.4; Mechanical curve is available, but the direct phase/twin characterization in the paper is not resolved to this 19.5 um condition.",Condition-specific EBSD/XRD/TEM evidence or conservative NA review,High_for_NA_decision,VERIFIED_NA_INSUFFICIENT_CONDITION_LEVEL_TARGET_EVIDENCE,EXPERIMENTAL,https://doi.org/10.1016/j.jallcom.2021.162765,AUDIT_SCOPE_DEPENDENT,MASTER_FIELD_MAPPING
P021,10.1016/j.jallcom.2021.162765,P021_SERIES01,P021_MAT_FE50MN17p5CR12p5CO10NI5SI5,P021_MC_A900_25M_RT_G19,P021_OBS_A900_25M_RT_G19,P021_OBS_A900_25M_RT_G19,HCP_fraction_at_condition,UNRESOLVED_NA,fraction,DIRECT_POST_TEST_TARGET_EVIDENCE,"Figs.5,6b,7b,7d pp.5-8","Condition-specific XRD, EBSD, and TEM/SAD",High_for_NA_decision,VERIFIED_NA_NO_CONDITION_SPECIFIC_POSTFRACTURE_FRACTION,EXPERIMENTAL,https://doi.org/10.1016/j.jallcom.2021.162765,,MASTER_FIELD_MAPPING
P021,10.1016/j.jallcom.2021.162765,P021_SERIES01,P021_MAT_FE50MN17p5CR12p5CO10NI5SI5,P021_MC_A900_25M_RT_G19,P021_OBS_A900_25M_RT_G19,P021_OBS_A900_25M_RT_G19,YS_MPa,292.0,MPa,DIRECT_AGGREGATE_TENSILE_OUTCOME,Fig.4 inset tables p.4,Average engineering tensile response from at least three specimens,High_for_NA_decision,VERIFIED,EXPERIMENTAL,https://doi.org/10.1016/j.jallcom.2021.162765,MECHANICAL_OUTCOME_LEAKAGE,MASTER_FIELD_MAPPING
P021,10.1016/j.jallcom.2021.162765,P021_SERIES01,P021_MAT_FE50MN17p5CR12p5CO10NI5SI5,P021_MC_A900_25M_RT_G19,P021_OBS_A900_25M_RT_G19,P021_OBS_A900_25M_RT_G19,UTS_MPa,736.0,MPa,DIRECT_AGGREGATE_TENSILE_OUTCOME,Fig.4 inset tables p.4,Average engineering tensile response from at least three specimens,High_for_NA_decision,VERIFIED,EXPERIMENTAL,https://doi.org/10.1016/j.jallcom.2021.162765,MECHANICAL_OUTCOME_LEAKAGE,MASTER_FIELD_MAPPING
P021,10.1016/j.jallcom.2021.162765,P021_SERIES01,P021_MAT_FE50MN17p5CR12p5CO10NI5SI5,P021_MC_A900_25M_RT_G19,P021_OBS_A900_25M_RT_G19,P021_OBS_A900_25M_RT_G19,Elongation_pct,64.0,%,DIRECT_AGGREGATE_TENSILE_OUTCOME,Fig.4 inset tables p.4,Average engineering tensile response from at least three specimens,High_for_NA_decision,VERIFIED,EXPERIMENTAL,https://doi.org/10.1016/j.jallcom.2021.162765,MECHANICAL_OUTCOME_LEAKAGE,MASTER_FIELD_MAPPING
P021,10.1016/j.jallcom.2021.162765,P021_SERIES01,P021_MAT_FE50MN17p5CR12p5CO10NI5SI5,P021_MC_A900_25M_RT_G19,P021_OBS_A900_25M_RT_G19,P021_OBS_A900_25M_RT_G19,Evidence_TRIP,"Mechanical curve is available, but the direct phase/twin characterization in the paper is not resolved to this 19.5 um condition.",as reported,CONDITION_LEVEL_TARGET_DECISION,"Methods pp.2-3; Fig.2; Fig.4; Results pp.3,6; Figs.2,3,7; Fig.4 inset tables p.4; Mechanical curve is available, but the direct phase/twin characterization in the paper is not resolved to this 19.5 um condition.",Condition-specific EBSD/XRD/TEM evidence or conservative NA review,High_for_NA_decision,VERIFIED,EXPERIMENTAL,https://doi.org/10.1016/j.jallcom.2021.162765,AUDIT_SCOPE_DEPENDENT,MASTER_FIELD_MAPPING
P021,10.1016/j.jallcom.2021.162765,P021_SERIES01,P021_MAT_FE50MN17p5CR12p5CO10NI5SI5,P021_MC_A900_25M_RT_G19,P021_OBS_A900_25M_RT_G19,P021_OBS_A900_25M_RT_G19,Evidence_TWIP,Do not infer TRIP/TWIP from work-hardening plateau alone.,as reported,CONDITION_LEVEL_TARGET_DECISION,"Methods pp.2-3; Fig.2; Fig.4; Results pp.3,6; Figs.2,3,7; Fig.4 inset tables p.4; Mechanical curve is available, but the direct phase/twin characterization in the paper is not resolved to this 19.5 um condition.",Condition-specific EBSD/XRD/TEM evidence or conservative NA review,High_for_NA_decision,VERIFIED,EXPERIMENTAL,https://doi.org/10.1016/j.jallcom.2021.162765,AUDIT_SCOPE_DEPENDENT,MASTER_FIELD_MAPPING
P021,10.1016/j.jallcom.2021.162765,P021_SERIES01,P021_MAT_FE50MN17p5CR12p5CO10NI5SI5,P021_MC_A900_25M_RT_G19,P021_OBS_A900_25M_RT_G19,P021_OBS_A900_25M_RT_G19,Characterization_methods,BSE; EBSD; XRD,as reported,VERIFIED_MASTER_FIELD_MAPPING,"Methods pp.2-3; Fig.2; Fig.4; Results pp.3,6; Figs.2,3,7; Fig.4 inset tables p.4; Mechanical curve is available, but the direct phase/twin characterization in the paper is not resolved to this 19.5 um condition.",Verified workbook-to-master mapping,High_for_NA_decision,VERIFIED,EXPERIMENTAL,https://doi.org/10.1016/j.jallcom.2021.162765,AUDIT_SCOPE_DEPENDENT,MASTER_FIELD_MAPPING
P021,10.1016/j.jallcom.2021.162765,P021_SERIES01,P021_MAT_FE50MN17p5CR12p5CO10NI5SI5,P021_MC_A900_25M_RT_G19,P021_OBS_A900_25M_RT_G19,P021_OBS_A900_25M_RT_G19,Source_location,"Methods pp.2-3; Fig.2; Fig.4; Results pp.3,6; Figs.2,3,7; Fig.4 inset tables p.4; Mechanical curve is available, but the direct phase/twin characterization in the paper is not resolved to this 19.5 um condition.",as reported,VERIFIED_MASTER_FIELD_MAPPING,"Methods pp.2-3; Fig.2; Fig.4; Results pp.3,6; Figs.2,3,7; Fig.4 inset tables p.4; Mechanical curve is available, but the direct phase/twin characterization in the paper is not resolved to this 19.5 um condition.",Verified workbook-to-master mapping,High_for_NA_decision,VERIFIED,EXPERIMENTAL,https://doi.org/10.1016/j.jallcom.2021.162765,AUDIT_SCOPE_DEPENDENT,MASTER_FIELD_MAPPING
P021,10.1016/j.jallcom.2021.162765,P021_SERIES01,P021_MAT_FE50MN17p5CR12p5CO10NI5SI5,P021_MC_A900_25M_RT_G19,P021_OBS_A900_25M_RT_G19,P021_OBS_A900_25M_RT_G19,Label_confidence,High_for_NA_decision,as reported,CONDITION_LEVEL_TARGET_DECISION,"Methods pp.2-3; Fig.2; Fig.4; Results pp.3,6; Figs.2,3,7; Fig.4 inset tables p.4; Mechanical curve is available, but the direct phase/twin characterization in the paper is not resolved to this 19.5 um condition.",Condition-specific EBSD/XRD/TEM evidence or conservative NA review,High_for_NA_decision,VERIFIED,EXPERIMENTAL,https://doi.org/10.1016/j.jallcom.2021.162765,AUDIT_SCOPE_DEPENDENT,MASTER_FIELD_MAPPING
P021,10.1016/j.jallcom.2021.162765,P021_SERIES01,P021_MAT_FE50MN17p5CR12p5CO10NI5SI5,P021_MC_A900_25M_RT_G19,P021_OBS_A900_25M_RT_G19,P021_OBS_A900_25M_RT_G19,Parent_Experiment_ID,P021_MC_A900_25M_RT_G19,as reported,HIERARCHY_INTEGRATION,P021_Conditions verified sheet,Source-defined condition hierarchy and aggregate replicate scope,High_for_NA_decision,VERIFIED,EXPERIMENTAL,https://doi.org/10.1016/j.jallcom.2021.162765,AUDIT_SCOPE_DEPENDENT,MASTER_FIELD_MAPPING
P021,10.1016/j.jallcom.2021.162765,P021_SERIES01,P021_MAT_FE50MN17p5CR12p5CO10NI5SI5,P021_MC_A900_25M_RT_G19,P021_OBS_A900_25M_RT_G19,P021_OBS_A900_25M_RT_G19,ML_Condition_ID,P021_MC_A900_25M_RT_G19,as reported,HIERARCHY_INTEGRATION,P021_Conditions verified sheet,Source-defined condition hierarchy and aggregate replicate scope,High_for_NA_decision,VERIFIED,EXPERIMENTAL,https://doi.org/10.1016/j.jallcom.2021.162765,AUDIT_SCOPE_DEPENDENT,MASTER_FIELD_MAPPING
P021,10.1016/j.jallcom.2021.162765,P021_SERIES01,P021_MAT_FE50MN17p5CR12p5CO10NI5SI5,P021_MC_A900_25M_RT_G19,P021_OBS_A900_25M_RT_G19,P021_OBS_A900_25M_RT_G19,Observation_ID,P021_OBS_A900_25M_RT_G19,as reported,HIERARCHY_INTEGRATION,P021_Conditions verified sheet,Source-defined condition hierarchy and aggregate replicate scope,High_for_NA_decision,VERIFIED,EXPERIMENTAL,https://doi.org/10.1016/j.jallcom.2021.162765,AUDIT_SCOPE_DEPENDENT,MASTER_FIELD_MAPPING
P021,10.1016/j.jallcom.2021.162765,P021_SERIES01,P021_MAT_FE50MN17p5CR12p5CO10NI5SI5,P021_MC_A900_25M_RT_G19,P021_OBS_A900_25M_RT_G19,P021_OBS_A900_25M_RT_G19,Data_Origin,EXPERIMENTAL,as reported,SOURCE_IDENTITY,Verified article identity / whole paper,Verified workbook and publisher DOI match,High_for_NA_decision,VERIFIED,EXPERIMENTAL,https://doi.org/10.1016/j.jallcom.2021.162765,AUDIT_SCOPE_DEPENDENT,MASTER_FIELD_MAPPING
P021,10.1016/j.jallcom.2021.162765,P021_SERIES01,P021_MAT_FE50MN17p5CR12p5CO10NI5SI5,P021_MC_A900_25M_RT_G19,P021_OBS_A900_25M_RT_G19,P021_OBS_A900_25M_RT_G19,Observation_Role,INDEPENDENT_CONDITION,as reported,HIERARCHY_INTEGRATION,P021_Conditions verified sheet,Source-defined condition hierarchy and aggregate replicate scope,High_for_NA_decision,VERIFIED,EXPERIMENTAL,https://doi.org/10.1016/j.jallcom.2021.162765,AUDIT_SCOPE_DEPENDENT,MASTER_FIELD_MAPPING
P021,10.1016/j.jallcom.2021.162765,P021_SERIES01,P021_MAT_FE50MN17p5CR12p5CO10NI5SI5,P021_MC_A900_25M_RT_G19,P021_OBS_A900_25M_RT_G19,P021_OBS_A900_25M_RT_G19,Grouping_Review_Required,False,as reported,HIERARCHY_INTEGRATION,P021_Conditions verified sheet,Source-defined condition hierarchy and aggregate replicate scope,High_for_NA_decision,VERIFIED,EXPERIMENTAL,https://doi.org/10.1016/j.jallcom.2021.162765,AUDIT_SCOPE_DEPENDENT,MASTER_FIELD_MAPPING
P021,10.1016/j.jallcom.2021.162765,P021_SERIES01,P021_MAT_FE50MN17p5CR12p5CO10NI5SI5,P021_MC_A900_25M_RT_G19,P021_OBS_A900_25M_RT_G19,P021_OBS_A900_25M_RT_G19,Grouping_Confidence,HIGH,as reported,HIERARCHY_INTEGRATION,P021_Conditions verified sheet,Source-defined condition hierarchy and aggregate replicate scope,High_for_NA_decision,VERIFIED,EXPERIMENTAL,https://doi.org/10.1016/j.jallcom.2021.162765,AUDIT_SCOPE_DEPENDENT,MASTER_FIELD_MAPPING
P021,10.1016/j.jallcom.2021.162765,P021_SERIES01,P021_MAT_FE50MN17p5CR12p5CO10NI5SI5,P021_MC_A900_25M_RT_G19,P021_OBS_A900_25M_RT_G19,P021_OBS_A900_25M_RT_G19,Grouping_Reason,Verified source-defined anneal/grain-size/test-temperature condition; five siblings remain in one strict study group,as reported,HIERARCHY_INTEGRATION,P021_Conditions verified sheet,Source-defined condition hierarchy and aggregate replicate scope,High_for_NA_decision,VERIFIED,EXPERIMENTAL,https://doi.org/10.1016/j.jallcom.2021.162765,AUDIT_SCOPE_DEPENDENT,MASTER_FIELD_MAPPING
P021,10.1016/j.jallcom.2021.162765,P021_SERIES01,P021_MAT_FE50MN17p5CR12p5CO10NI5SI5,P021_MC_A900_25M_RT_G19,P021_OBS_A900_25M_RT_G19,P021_OBS_A900_25M_RT_G19,Recovered_Initial_FCC_fraction,UNRESOLVED_NA,fraction,DIRECT_PRETEST_MICROSTRUCTURE,"Results pp.3,6 and Figs.2,3,7","BSE, EBSD, XRD, and pre-test TEM interpretation",High_for_NA_decision,VERIFIED_NA_EXACT_NUMERIC_FCC_FRACTION_NOT_REPORTED,EXPERIMENTAL,https://doi.org/10.1016/j.jallcom.2021.162765,AUDIT_SCOPE_DEPENDENT,MASTER_FIELD_MAPPING
P021,10.1016/j.jallcom.2021.162765,P021_SERIES01,P021_MAT_FE50MN17p5CR12p5CO10NI5SI5,P021_MC_A900_25M_RT_G19,P021_OBS_A900_25M_RT_G19,P021_OBS_A900_25M_RT_G19,Recovered_Initial_HCP_fraction,0.0,fraction,DIRECT_PRETEST_MICROSTRUCTURE,"Results pp.3,6 and Figs.2,3,7","BSE, EBSD, XRD, and pre-test TEM interpretation",High_for_NA_decision,VERIFIED,EXPERIMENTAL,https://doi.org/10.1016/j.jallcom.2021.162765,AUDIT_SCOPE_DEPENDENT,MASTER_FIELD_MAPPING
P021,10.1016/j.jallcom.2021.162765,P021_SERIES01,P021_MAT_FE50MN17p5CR12p5CO10NI5SI5,P021_MC_A900_25M_RT_G19,P021_OBS_A900_25M_RT_G19,P021_OBS_A900_25M_RT_G19,Effective_TRIP,UNRESOLVED_NA,binary,CONDITION_LEVEL_TARGET_DECISION,"Methods pp.2-3; Fig.2; Fig.4; Results pp.3,6; Figs.2,3,7; Fig.4 inset tables p.4; Mechanical curve is available, but the direct phase/twin characterization in the paper is not resolved to this 19.5 um condition.",Condition-specific EBSD/XRD/TEM evidence or conservative NA review,High_for_NA_decision,VERIFIED_NA_INSUFFICIENT_CONDITION_LEVEL_TARGET_EVIDENCE,EXPERIMENTAL,https://doi.org/10.1016/j.jallcom.2021.162765,AUDIT_SCOPE_DEPENDENT,MASTER_FIELD_MAPPING
P021,10.1016/j.jallcom.2021.162765,P021_SERIES01,P021_MAT_FE50MN17p5CR12p5CO10NI5SI5,P021_MC_A900_25M_RT_G19,P021_OBS_A900_25M_RT_G19,P021_OBS_A900_25M_RT_G19,Effective_TWIP,UNRESOLVED_NA,binary,CONDITION_LEVEL_TARGET_DECISION,"Methods pp.2-3; Fig.2; Fig.4; Results pp.3,6; Figs.2,3,7; Fig.4 inset tables p.4; Mechanical curve is available, but the direct phase/twin characterization in the paper is not resolved to this 19.5 um condition.",Condition-specific EBSD/XRD/TEM evidence or conservative NA review,High_for_NA_decision,VERIFIED_NA_INSUFFICIENT_CONDITION_LEVEL_TARGET_EVIDENCE,EXPERIMENTAL,https://doi.org/10.1016/j.jallcom.2021.162765,AUDIT_SCOPE_DEPENDENT,MASTER_FIELD_MAPPING
P021,10.1016/j.jallcom.2021.162765,P021_SERIES01,P021_MAT_FE50MN17p5CR12p5CO10NI5SI5,P021_MC_A900_25M_RT_G19,P021_OBS_A900_25M_RT_G19,P021_OBS_A900_25M_RT_G19,Study_Series_ID,P021_SERIES01,as reported,HIERARCHY_INTEGRATION,P021_Conditions verified sheet,Source-defined condition hierarchy and aggregate replicate scope,High_for_NA_decision,VERIFIED,EXPERIMENTAL,https://doi.org/10.1016/j.jallcom.2021.162765,AUDIT_SCOPE_DEPENDENT,MASTER_FIELD_MAPPING
P021,10.1016/j.jallcom.2021.162765,P021_SERIES01,P021_MAT_FE50MN17p5CR12p5CO10NI5SI5,P021_MC_A900_25M_RT_G19,P021_OBS_A900_25M_RT_G19,P021_OBS_A900_25M_RT_G19,Material_Parent_ID,P021_MAT_FE50MN17p5CR12p5CO10NI5SI5,as reported,HIERARCHY_INTEGRATION,P021_Conditions verified sheet,Source-defined condition hierarchy and aggregate replicate scope,High_for_NA_decision,VERIFIED,EXPERIMENTAL,https://doi.org/10.1016/j.jallcom.2021.162765,AUDIT_SCOPE_DEPENDENT,MASTER_FIELD_MAPPING
P021,10.1016/j.jallcom.2021.162765,P021_SERIES01,P021_MAT_FE50MN17p5CR12p5CO10NI5SI5,P021_MC_A900_25M_RT_G19,P021_OBS_A900_25M_RT_G19,P021_OBS_A900_25M_RT_G19,Physical_Batch_ID,UNRESOLVED_NA,as reported,HIERARCHY_INTEGRATION,P021_Conditions verified sheet,Source-defined condition hierarchy and aggregate replicate scope,High_for_NA_decision,VERIFIED_NA_NOT_SOURCE_SUPPORTED,EXPERIMENTAL,https://doi.org/10.1016/j.jallcom.2021.162765,AUDIT_SCOPE_DEPENDENT,MASTER_FIELD_MAPPING
P021,10.1016/j.jallcom.2021.162765,P021_SERIES01,P021_MAT_FE50MN17p5CR12p5CO10NI5SI5,P021_MC_A900_25M_RT_G19,P021_OBS_A900_25M_RT_G19,P021_OBS_A900_25M_RT_G19,Replicate_ID,UNRESOLVED_NA,as reported,HIERARCHY_INTEGRATION,P021_Conditions verified sheet,Source-defined condition hierarchy and aggregate replicate scope,High_for_NA_decision,VERIFIED_NA_NOT_SOURCE_SUPPORTED,EXPERIMENTAL,https://doi.org/10.1016/j.jallcom.2021.162765,AUDIT_SCOPE_DEPENDENT,MASTER_FIELD_MAPPING
P021,10.1016/j.jallcom.2021.162765,P021_SERIES01,P021_MAT_FE50MN17p5CR12p5CO10NI5SI5,P021_MC_A900_25M_RT_G19,P021_OBS_A900_25M_RT_G19,P021_OBS_A900_25M_RT_G19,Leakage_Group_Strict,P021_SERIES01,as reported,HIERARCHY_INTEGRATION,P021_Conditions verified sheet,Source-defined condition hierarchy and aggregate replicate scope,High_for_NA_decision,VERIFIED,EXPERIMENTAL,https://doi.org/10.1016/j.jallcom.2021.162765,AUDIT_SCOPE_DEPENDENT,MASTER_FIELD_MAPPING
P021,10.1016/j.jallcom.2021.162765,P021_SERIES01,P021_MAT_FE50MN17p5CR12p5CO10NI5SI5,P021_MC_A900_25M_RT_G19,P021_OBS_A900_25M_RT_G19,P021_OBS_A900_25M_RT_G19,Leakage_Group_Material,P021_MAT_FE50MN17p5CR12p5CO10NI5SI5,as reported,HIERARCHY_INTEGRATION,P021_Conditions verified sheet,Source-defined condition hierarchy and aggregate replicate scope,High_for_NA_decision,VERIFIED,EXPERIMENTAL,https://doi.org/10.1016/j.jallcom.2021.162765,AUDIT_SCOPE_DEPENDENT,MASTER_FIELD_MAPPING
P021,10.1016/j.jallcom.2021.162765,P021_SERIES01,P021_MAT_FE50MN17p5CR12p5CO10NI5SI5,P021_MC_A900_25M_RT_G19,P021_OBS_A900_25M_RT_G19,P021_OBS_A900_25M_RT_G19,Parent_ML_Condition_ID,P021_MC_A900_25M_RT_G19,as reported,HIERARCHY_INTEGRATION,P021_Conditions verified sheet,Source-defined condition hierarchy and aggregate replicate scope,High_for_NA_decision,VERIFIED,EXPERIMENTAL,https://doi.org/10.1016/j.jallcom.2021.162765,AUDIT_SCOPE_DEPENDENT,MASTER_FIELD_MAPPING
P021,10.1016/j.jallcom.2021.162765,P021_SERIES01,P021_MAT_FE50MN17p5CR12p5CO10NI5SI5,P021_MC_A900_25M_RT_G19,P021_OBS_A900_25M_RT_G19,P021_OBS_A900_25M_RT_G19,YS_mean,292.0,MPa,DIRECT_AGGREGATE_TENSILE_OUTCOME,Fig.4 inset tables p.4,Average engineering tensile response from at least three specimens,High_for_NA_decision,VERIFIED,EXPERIMENTAL,https://doi.org/10.1016/j.jallcom.2021.162765,MECHANICAL_OUTCOME_LEAKAGE,MASTER_FIELD_MAPPING
P021,10.1016/j.jallcom.2021.162765,P021_SERIES01,P021_MAT_FE50MN17p5CR12p5CO10NI5SI5,P021_MC_A900_25M_RT_G19,P021_OBS_A900_25M_RT_G19,P021_OBS_A900_25M_RT_G19,UTS_mean,736.0,MPa,DIRECT_AGGREGATE_TENSILE_OUTCOME,Fig.4 inset tables p.4,Average engineering tensile response from at least three specimens,High_for_NA_decision,VERIFIED,EXPERIMENTAL,https://doi.org/10.1016/j.jallcom.2021.162765,MECHANICAL_OUTCOME_LEAKAGE,MASTER_FIELD_MAPPING
P021,10.1016/j.jallcom.2021.162765,P021_SERIES01,P021_MAT_FE50MN17p5CR12p5CO10NI5SI5,P021_MC_A900_25M_RT_G19,P021_OBS_A900_25M_RT_G19,P021_OBS_A900_25M_RT_G19,TE_mean,64.0,%,DIRECT_AGGREGATE_TENSILE_OUTCOME,Fig.4 inset tables p.4,Average engineering tensile response from at least three specimens,High_for_NA_decision,VERIFIED,EXPERIMENTAL,https://doi.org/10.1016/j.jallcom.2021.162765,MECHANICAL_OUTCOME_LEAKAGE,MASTER_FIELD_MAPPING
P021,10.1016/j.jallcom.2021.162765,P021_SERIES01,P021_MAT_FE50MN17p5CR12p5CO10NI5SI5,P021_MC_A900_25M_RT_G19,P021_OBS_A900_25M_RT_G19,P021_OBS_A900_25M_RT_G19,Replicate_n,3,minimum count,HIERARCHY_INTEGRATION,P021_Conditions verified sheet,Source-defined condition hierarchy and aggregate replicate scope,High_for_NA_decision,VERIFIED,EXPERIMENTAL,https://doi.org/10.1016/j.jallcom.2021.162765,AUDIT_SCOPE_DEPENDENT,MASTER_FIELD_MAPPING
P021,10.1016/j.jallcom.2021.162765,P021_SERIES01,P021_MAT_FE50MN17p5CR12p5CO10NI5SI5,P021_MC_A900_25M_RT_G19,P021_OBS_A900_25M_RT_G19,P021_OBS_A900_25M_RT_G19,Recovered_Bulk_Composition_at_pct,UNRESOLVED_NA,as reported,DIRECT_NOMINAL_TEXT_OR_VERIFIED_NA,"Abstract, Methods, and Fig.1",Nominal alloy design; EDS/BSE qualitative homogeneity review,High_for_NA_decision,VERIFIED_NA_NO_QUANTITATIVE_POSTMELT_BULK_ANALYSIS,EXPERIMENTAL,https://doi.org/10.1016/j.jallcom.2021.162765,AUDIT_SCOPE_DEPENDENT,MASTER_FIELD_MAPPING
P021,10.1016/j.jallcom.2021.162765,P021_SERIES01,P021_MAT_FE50MN17p5CR12p5CO10NI5SI5,P021_MC_A900_25M_RT_G19,P021_OBS_A900_25M_RT_G19,P021_OBS_A900_25M_RT_G19,Recovered_Initial_HCP_status,DIRECT_PRETEST_PHASE_ABSENCE,as reported,DIRECT_PRETEST_MICROSTRUCTURE,"Results pp.3,6 and Figs.2,3,7","BSE, EBSD, XRD, and pre-test TEM interpretation",High_for_NA_decision,VERIFIED,EXPERIMENTAL,https://doi.org/10.1016/j.jallcom.2021.162765,AUDIT_SCOPE_DEPENDENT,MASTER_FIELD_MAPPING
P021,10.1016/j.jallcom.2021.162765,P021_SERIES01,P021_MAT_FE50MN17p5CR12p5CO10NI5SI5,P021_MC_A900_25M_RT_G19,P021_OBS_A900_25M_RT_G19,P021_OBS_A900_25M_RT_G19,Independent_ML_sample,True,as reported,HIERARCHY_INTEGRATION,P021_Conditions verified sheet,Source-defined condition hierarchy and aggregate replicate scope,High_for_NA_decision,VERIFIED,EXPERIMENTAL,https://doi.org/10.1016/j.jallcom.2021.162765,AUDIT_SCOPE_DEPENDENT,MASTER_FIELD_MAPPING
P021,10.1016/j.jallcom.2021.162765,P021_SERIES01,P021_MAT_FE50MN17p5CR12p5CO10NI5SI5,P021_MC_A900_25M_RT_G19,P021_OBS_A900_25M_RT_G19,P021_OBS_A900_25M_RT_G19,Nominal_Composition_at_pct,Fe50Mn17.5Cr12.5Co10Ni5Si5,as reported,DIRECT_NOMINAL_TEXT_OR_VERIFIED_NA,"Abstract, Methods, and Fig.1",Nominal alloy design; EDS/BSE qualitative homogeneity review,High_for_NA_decision,VERIFIED,EXPERIMENTAL,https://doi.org/10.1016/j.jallcom.2021.162765,AUDIT_SCOPE_DEPENDENT,MASTER_FIELD_MAPPING
P021,10.1016/j.jallcom.2021.162765,P021_SERIES01,P021_MAT_FE50MN17p5CR12p5CO10NI5SI5,P021_MC_A900_25M_RT_G19,P021_OBS_A900_25M_RT_G19,P021_OBS_A900_25M_RT_G19,Measured_Composition_Status,NO_QUANTITATIVE_POSTMELT_BULK_ANALYSIS,as reported,DIRECT_NOMINAL_TEXT_OR_VERIFIED_NA,"Abstract, Methods, and Fig.1",Nominal alloy design; EDS/BSE qualitative homogeneity review,High_for_NA_decision,VERIFIED,EXPERIMENTAL,https://doi.org/10.1016/j.jallcom.2021.162765,AUDIT_SCOPE_DEPENDENT,MASTER_FIELD_MAPPING
P021,10.1016/j.jallcom.2021.162765,P021_SERIES01,P021_MAT_FE50MN17p5CR12p5CO10NI5SI5,P021_MC_A900_25M_RT_G19,P021_OBS_A900_25M_RT_G19,P021_OBS_A900_25M_RT_G19,Initial_Phase_State_Qualitative,SINGLE_FCC,as reported,DIRECT_PRETEST_MICROSTRUCTURE,"Results pp.3,6 and Figs.2,3,7","BSE, EBSD, XRD, and pre-test TEM interpretation",High_for_NA_decision,VERIFIED,EXPERIMENTAL,https://doi.org/10.1016/j.jallcom.2021.162765,AUDIT_SCOPE_DEPENDENT,MASTER_FIELD_MAPPING
P021,10.1016/j.jallcom.2021.162765,P021_SERIES01,P021_MAT_FE50MN17p5CR12p5CO10NI5SI5,P021_MC_A900_25M_RT_G19,P021_OBS_A900_25M_RT_G19,P021_OBS_A900_25M_RT_G19,Initial_Phase_Status,FULLY_RECRYSTALLIZED_SINGLE_FCC_BEFORE_TENSILE_LOADING,as reported,DIRECT_PRETEST_MICROSTRUCTURE,"Results pp.3,6 and Figs.2,3,7","BSE, EBSD, XRD, and pre-test TEM interpretation",High_for_NA_decision,VERIFIED,EXPERIMENTAL,https://doi.org/10.1016/j.jallcom.2021.162765,AUDIT_SCOPE_DEPENDENT,MASTER_FIELD_MAPPING
P021,10.1016/j.jallcom.2021.162765,P021_SERIES01,P021_MAT_FE50MN17p5CR12p5CO10NI5SI5,P021_MC_A900_25M_RT_G19,P021_OBS_A900_25M_RT_G19,P021_OBS_A900_25M_RT_G19,Initial_Twin_Type,ANNEALING_TWINS,as reported,DIRECT_PRETEST_MICROSTRUCTURE,"Results pp.3,6 and Figs.2,3,7","BSE, EBSD, XRD, and pre-test TEM interpretation",High_for_NA_decision,VERIFIED,EXPERIMENTAL,https://doi.org/10.1016/j.jallcom.2021.162765,AUDIT_SCOPE_DEPENDENT,MASTER_FIELD_MAPPING
P021,10.1016/j.jallcom.2021.162765,P021_SERIES01,P021_MAT_FE50MN17p5CR12p5CO10NI5SI5,P021_MC_A900_25M_RT_G19,P021_OBS_A900_25M_RT_G19,P021_OBS_A900_25M_RT_G19,Measured_Composition_at_pct,UNRESOLVED_NA,as reported,DIRECT_NOMINAL_TEXT_OR_VERIFIED_NA,"Abstract, Methods, and Fig.1",Nominal alloy design; EDS/BSE qualitative homogeneity review,High_for_NA_decision,VERIFIED_NA_NO_QUANTITATIVE_POSTMELT_BULK_ANALYSIS,EXPERIMENTAL,https://doi.org/10.1016/j.jallcom.2021.162765,AUDIT_SCOPE_DEPENDENT,MASTER_FIELD_MAPPING
P021,10.1016/j.jallcom.2021.162765,P021_SERIES01,P021_MAT_FE50MN17p5CR12p5CO10NI5SI5,P021_MC_A900_25M_RT_G19,P021_OBS_A900_25M_RT_G19,P021_OBS_A900_25M_RT_G19,Loading_Direction,Longitudinal / rolling direction,as reported,DIRECT_METHOD_OR_SCHEMA_UNIT_REPRESENTATION,"Methods pp.2-3 and Figs.2,4",Source methods; Celsius-to-Kelvin schema representation only,High_for_NA_decision,VERIFIED,EXPERIMENTAL,https://doi.org/10.1016/j.jallcom.2021.162765,AUDIT_SCOPE_DEPENDENT,MASTER_FIELD_MAPPING
P021,10.1016/j.jallcom.2021.162765,P021_SERIES01,P021_MAT_FE50MN17p5CR12p5CO10NI5SI5,P021_MC_A900_25M_RT_G19,P021_OBS_A900_25M_RT_G19,P021_OBS_A900_25M_RT_G19,Test_T_Raw,25 C,as reported,DIRECT_METHOD_OR_SCHEMA_UNIT_REPRESENTATION,"Methods pp.2-3 and Figs.2,4",Source methods; Celsius-to-Kelvin schema representation only,High_for_NA_decision,VERIFIED,EXPERIMENTAL,https://doi.org/10.1016/j.jallcom.2021.162765,AUDIT_SCOPE_DEPENDENT,MASTER_FIELD_MAPPING
P021,10.1016/j.jallcom.2021.162765,P021_SERIES01,P021_MAT_FE50MN17p5CR12p5CO10NI5SI5,P021_MC_A900_25M_RT_G19,P021_OBS_A900_25M_RT_G19,P021_OBS_A900_25M_RT_G19,Composition_Status,NOMINAL_ONLY_EDS_QUALITATIVE_HOMOGENEITY_NO_QUANTITATIVE_POSTMELT_BULK_ANALYSIS,as reported,DIRECT_NOMINAL_TEXT_OR_VERIFIED_NA,"Abstract, Methods, and Fig.1",Nominal alloy design; EDS/BSE qualitative homogeneity review,High_for_NA_decision,VERIFIED,EXPERIMENTAL,https://doi.org/10.1016/j.jallcom.2021.162765,AUDIT_SCOPE_DEPENDENT,MASTER_FIELD_MAPPING
P021,10.1016/j.jallcom.2021.162765,P021_SERIES01,P021_MAT_FE50MN17p5CR12p5CO10NI5SI5,P021_MC_A900_25M_RT_G19,P021_OBS_A900_25M_RT_G19,P021_OBS_A900_25M_RT_G19,Grain_Size_Scope,MATRIX_GRAINS_EXCLUDING_ANNEALING_TWIN_BOUNDARIES,as reported,DIRECT_PRETEST_MICROSTRUCTURE,"Results pp.3,6 and Figs.2,3,7","BSE, EBSD, XRD, and pre-test TEM interpretation",High_for_NA_decision,VERIFIED,EXPERIMENTAL,https://doi.org/10.1016/j.jallcom.2021.162765,AUDIT_SCOPE_DEPENDENT,MASTER_FIELD_MAPPING
P021,10.1016/j.jallcom.2021.162765,P021_SERIES01,P021_MAT_FE50MN17p5CR12p5CO10NI5SI5,P021_MC_A900_25M_RT_G19,P021_OBS_A900_25M_RT_G19,P021_OBS_A900_25M_RT_G19,Initial_HCP_Status,DIRECT_PRETEST_PHASE_ABSENCE,as reported,DIRECT_PRETEST_MICROSTRUCTURE,"Results pp.3,6 and Figs.2,3,7","BSE, EBSD, XRD, and pre-test TEM interpretation",High_for_NA_decision,VERIFIED,EXPERIMENTAL,https://doi.org/10.1016/j.jallcom.2021.162765,AUDIT_SCOPE_DEPENDENT,MASTER_FIELD_MAPPING
P021,10.1016/j.jallcom.2021.162765,P021_SERIES01,P021_MAT_FE50MN17p5CR12p5CO10NI5SI5,P021_MC_A900_25M_RT_G19,P021_OBS_A900_25M_RT_G19,P021_OBS_A900_25M_RT_G19,Initial_HCP_Origin,ABSENT_BEFORE_TENSILE_LOADING,as reported,DIRECT_PRETEST_MICROSTRUCTURE,"Results pp.3,6 and Figs.2,3,7","BSE, EBSD, XRD, and pre-test TEM interpretation",High_for_NA_decision,VERIFIED,EXPERIMENTAL,https://doi.org/10.1016/j.jallcom.2021.162765,AUDIT_SCOPE_DEPENDENT,MASTER_FIELD_MAPPING
P021,10.1016/j.jallcom.2021.162765,P021_SERIES01,P021_MAT_FE50MN17p5CR12p5CO10NI5SI5,P021_MC_A900_25M_RT_G19,P021_OBS_A900_25M_RT_G19,P021_OBS_A900_25M_RT_G19,Recrystallized_Status,FULLY_RECRYSTALLIZED_QUALITATIVE,as reported,DIRECT_PRETEST_MICROSTRUCTURE,"Results pp.3,6 and Figs.2,3,7","BSE, EBSD, XRD, and pre-test TEM interpretation",High_for_NA_decision,VERIFIED,EXPERIMENTAL,https://doi.org/10.1016/j.jallcom.2021.162765,AUDIT_SCOPE_DEPENDENT,MASTER_FIELD_MAPPING
P021,10.1016/j.jallcom.2021.162765,P021_SERIES01,P021_MAT_FE50MN17p5CR12p5CO10NI5SI5,P021_MC_A900_25M_RT_G19,P021_OBS_A900_25M_RT_G19,P021_OBS_A900_25M_RT_G19,Initial_Twin_Origin,ANNEALING_PRETEST,as reported,DIRECT_PRETEST_MICROSTRUCTURE,"Results pp.3,6 and Figs.2,3,7","BSE, EBSD, XRD, and pre-test TEM interpretation",High_for_NA_decision,VERIFIED,EXPERIMENTAL,https://doi.org/10.1016/j.jallcom.2021.162765,AUDIT_SCOPE_DEPENDENT,MASTER_FIELD_MAPPING
P021,10.1016/j.jallcom.2021.162765,P021_SERIES01,P021_MAT_FE50MN17p5CR12p5CO10NI5SI5,P021_MC_A900_25M_RT_G19,P021_OBS_A900_25M_RT_G19,P021_OBS_A900_25M_RT_G19,Raw_Material_Purity,>99.9%,as reported,DIRECT_METHOD_OR_SCHEMA_UNIT_REPRESENTATION,"Methods pp.2-3 and Figs.2,4",Source methods; Celsius-to-Kelvin schema representation only,High_for_NA_decision,VERIFIED,EXPERIMENTAL,https://doi.org/10.1016/j.jallcom.2021.162765,AUDIT_SCOPE_DEPENDENT,MASTER_FIELD_MAPPING
P021,10.1016/j.jallcom.2021.162765,P021_SERIES01,P021_MAT_FE50MN17p5CR12p5CO10NI5SI5,P021_MC_A900_25M_RT_G19,P021_OBS_A900_25M_RT_G19,P021_OBS_A900_25M_RT_G19,Grain_Size_Status,DIRECT_EBSD_BSE_TWIN_BOUNDARIES_EXCLUDED,as reported,DIRECT_PRETEST_MICROSTRUCTURE,"Results pp.3,6 and Figs.2,3,7","BSE, EBSD, XRD, and pre-test TEM interpretation",High_for_NA_decision,VERIFIED,EXPERIMENTAL,https://doi.org/10.1016/j.jallcom.2021.162765,AUDIT_SCOPE_DEPENDENT,MASTER_FIELD_MAPPING
P021,10.1016/j.jallcom.2021.162765,P021_SERIES01,P021_MAT_FE50MN17p5CR12p5CO10NI5SI5,P021_MC_A900_25M_RT_G19,P021_OBS_A900_25M_RT_G19,P021_OBS_A900_25M_RT_G19,Engineering_YS_MPa,292.0,MPa,DIRECT_AGGREGATE_TENSILE_OUTCOME,Fig.4 inset tables p.4,Average engineering tensile response from at least three specimens,High_for_NA_decision,VERIFIED,EXPERIMENTAL,https://doi.org/10.1016/j.jallcom.2021.162765,MECHANICAL_OUTCOME_LEAKAGE,MASTER_FIELD_MAPPING
P021,10.1016/j.jallcom.2021.162765,P021_SERIES01,P021_MAT_FE50MN17p5CR12p5CO10NI5SI5,P021_MC_A900_25M_RT_G19,P021_OBS_A900_25M_RT_G19,P021_OBS_A900_25M_RT_G19,Engineering_UTS_MPa,736.0,MPa,DIRECT_AGGREGATE_TENSILE_OUTCOME,Fig.4 inset tables p.4,Average engineering tensile response from at least three specimens,High_for_NA_decision,VERIFIED,EXPERIMENTAL,https://doi.org/10.1016/j.jallcom.2021.162765,MECHANICAL_OUTCOME_LEAKAGE,MASTER_FIELD_MAPPING
P021,10.1016/j.jallcom.2021.162765,P021_SERIES01,P021_MAT_FE50MN17p5CR12p5CO10NI5SI5,P021_MC_A900_25M_RT_G19,P021_OBS_A900_25M_RT_G19,P021_OBS_A900_25M_RT_G19,Engineering_Elongation_pct,64.0,%,DIRECT_AGGREGATE_TENSILE_OUTCOME,Fig.4 inset tables p.4,Average engineering tensile response from at least three specimens,High_for_NA_decision,VERIFIED,EXPERIMENTAL,https://doi.org/10.1016/j.jallcom.2021.162765,MECHANICAL_OUTCOME_LEAKAGE,MASTER_FIELD_MAPPING
P021,10.1016/j.jallcom.2021.162765,P021_SERIES01,P021_MAT_FE50MN17p5CR12p5CO10NI5SI5,P021_MC_A900_25M_RT_G19,P021_OBS_A900_25M_RT_G19,P021_OBS_A900_25M_RT_G19,Postfracture_HCP_fraction,UNRESOLVED_NA,fraction,DIRECT_POST_TEST_TARGET_EVIDENCE,"Figs.5,6b,7b,7d pp.5-8","Condition-specific XRD, EBSD, and TEM/SAD",High_for_NA_decision,VERIFIED_NA_NO_CONDITION_SPECIFIC_POSTFRACTURE_FRACTION,EXPERIMENTAL,https://doi.org/10.1016/j.jallcom.2021.162765,,MASTER_FIELD_MAPPING
P021,10.1016/j.jallcom.2021.162765,P021_SERIES01,P021_MAT_FE50MN17p5CR12p5CO10NI5SI5,P021_MC_A900_25M_RT_G19,P021_OBS_A900_25M_RT_G19,P021_OBS_A900_25M_RT_G19,SFE_Value_Status,NO_DIRECT_NUMERIC_ALLOY_SPECIFIC_SFE,as reported,AUTHOR_INFERENCE_OR_VERIFIED_GAP,Results pp.5-6 and whole-paper review,Source interpretation; no numeric conversion or cross-paper transfer,High_for_NA_decision,VERIFIED,EXPERIMENTAL,https://doi.org/10.1016/j.jallcom.2021.162765,NOT_SAFE_AS_DIRECT_NUMERIC_SFE,MASTER_FIELD_MAPPING
P021,10.1016/j.jallcom.2021.162765,P021_SERIES01,P021_MAT_FE50MN17p5CR12p5CO10NI5SI5,P021_MC_A900_25M_RT_G19,P021_OBS_A900_25M_RT_G19,P021_OBS_A900_25M_RT_G19,SFE_Data_Origin,AUTHOR_INFERENCE_OR_QUALITATIVE_DISCUSSION_ONLY,as reported,AUTHOR_INFERENCE_OR_VERIFIED_GAP,Results pp.5-6 and whole-paper review,Source interpretation; no numeric conversion or cross-paper transfer,High_for_NA_decision,VERIFIED,EXPERIMENTAL,https://doi.org/10.1016/j.jallcom.2021.162765,NOT_SAFE_AS_DIRECT_NUMERIC_SFE,MASTER_FIELD_MAPPING
P021,10.1016/j.jallcom.2021.162765,P021_SERIES01,P021_MAT_FE50MN17p5CR12p5CO10NI5SI5,P021_MC_A900_25M_RT_G19,P021_OBS_A900_25M_RT_G19,P021_OBS_A900_25M_RT_G19,Independent_Experimental_ML_sample,True,as reported,HIERARCHY_INTEGRATION,P021_Conditions verified sheet,Source-defined condition hierarchy and aggregate replicate scope,High_for_NA_decision,VERIFIED,EXPERIMENTAL,https://doi.org/10.1016/j.jallcom.2021.162765,AUDIT_SCOPE_DEPENDENT,MASTER_FIELD_MAPPING
P021,10.1016/j.jallcom.2021.162765,P021_SERIES01,P021_MAT_FE50MN17p5CR12p5CO10NI5SI5,P021_MC_A900_25M_RT_G19,P021_OBS_A900_25M_RT_G19,P021_OBS_A900_25M_RT_G19,Experimental_Target_Eligibility,True,as reported,HIERARCHY_INTEGRATION,P021_Conditions verified sheet,Source-defined condition hierarchy and aggregate replicate scope,High_for_NA_decision,VERIFIED,EXPERIMENTAL,https://doi.org/10.1016/j.jallcom.2021.162765,AUDIT_SCOPE_DEPENDENT,MASTER_FIELD_MAPPING
P021,10.1016/j.jallcom.2021.162765,P021_SERIES01,P021_MAT_FE50MN17p5CR12p5CO10NI5SI5,P021_MC_A900_25M_RT_G19,P021_OBS_A900_25M_RT_G19,P021_OBS_A900_25M_RT_G19,Measured_Bulk_Composition,UNRESOLVED_NA,as reported,DIRECT_NOMINAL_TEXT_OR_VERIFIED_NA,"Abstract, Methods, and Fig.1",Nominal alloy design; EDS/BSE qualitative homogeneity review,High_for_NA_decision,VERIFIED_NA_NO_QUANTITATIVE_POSTMELT_BULK_ANALYSIS,EXPERIMENTAL,https://doi.org/10.1016/j.jallcom.2021.162765,AUDIT_SCOPE_DEPENDENT,MASTER_FIELD_MAPPING
P021,10.1016/j.jallcom.2021.162765,P021_SERIES01,P021_MAT_FE50MN17p5CR12p5CO10NI5SI5,P021_MC_A900_25M_RT_G19,P021_OBS_A900_25M_RT_G19,P021_OBS_A900_25M_RT_G19,EDS_Qualitative_Homogeneity,QUALITATIVE_HOMOGENIZATION_ONLY_NOT_QUANTITATIVE_BULK_CHEMISTRY,as reported,DIRECT_NOMINAL_TEXT_OR_VERIFIED_NA,"Abstract, Methods, and Fig.1",Nominal alloy design; EDS/BSE qualitative homogeneity review,High_for_NA_decision,VERIFIED,EXPERIMENTAL,https://doi.org/10.1016/j.jallcom.2021.162765,AUDIT_SCOPE_DEPENDENT,MASTER_FIELD_MAPPING
P021,10.1016/j.jallcom.2021.162765,P021_SERIES01,P021_MAT_FE50MN17p5CR12p5CO10NI5SI5,P021_MC_A900_25M_RT_G19,P021_OBS_A900_25M_RT_G19,P021_OBS_A900_25M_RT_G19,Loading_Mode,Uniaxial tension,as reported,DIRECT_METHOD_OR_SCHEMA_UNIT_REPRESENTATION,"Methods pp.2-3 and Figs.2,4",Source methods; Celsius-to-Kelvin schema representation only,High_for_NA_decision,VERIFIED,EXPERIMENTAL,https://doi.org/10.1016/j.jallcom.2021.162765,AUDIT_SCOPE_DEPENDENT,MASTER_FIELD_MAPPING
P021,10.1016/j.jallcom.2021.162765,P021_SERIES01,P021_MAT_FE50MN17p5CR12p5CO10NI5SI5,P021_MC_A900_25M_RT_G19,P021_OBS_A900_25M_RT_G19,P021_OBS_A900_25M_RT_G19,Replicate_Scope,AVERAGE_MECHANICAL_VALUES_FROM_AT_LEAST_THREE_TENSILE_SPECIMENS,as reported,HIERARCHY_INTEGRATION,P021_Conditions verified sheet,Source-defined condition hierarchy and aggregate replicate scope,High_for_NA_decision,VERIFIED,EXPERIMENTAL,https://doi.org/10.1016/j.jallcom.2021.162765,AUDIT_SCOPE_DEPENDENT,MASTER_FIELD_MAPPING
P021,10.1016/j.jallcom.2021.162765,P021_SERIES01,P021_MAT_FE50MN17p5CR12p5CO10NI5SI5,P021_MC_A900_25M_RT_G19,P021_OBS_A900_25M_RT_G19,P021_OBS_A900_25M_RT_G19,Initial_Phase,SINGLE_FCC,as reported,DIRECT_PRETEST_MICROSTRUCTURE,"Results pp.3,6 and Figs.2,3,7","BSE, EBSD, XRD, and pre-test TEM interpretation",High_for_NA_decision,VERIFIED,EXPERIMENTAL,https://doi.org/10.1016/j.jallcom.2021.162765,AUDIT_SCOPE_DEPENDENT,MASTER_FIELD_MAPPING
P021,10.1016/j.jallcom.2021.162765,P021_SERIES01,P021_MAT_FE50MN17p5CR12p5CO10NI5SI5,P021_MC_A900_25M_RT_G19,P021_OBS_A900_25M_RT_G19,P021_OBS_A900_25M_RT_G19,PreTest_Twin_State,ABUNDANT_ANNEALING_TWINS,as reported,DIRECT_PRETEST_MICROSTRUCTURE,"Results pp.3,6 and Figs.2,3,7","BSE, EBSD, XRD, and pre-test TEM interpretation",High_for_NA_decision,VERIFIED,EXPERIMENTAL,https://doi.org/10.1016/j.jallcom.2021.162765,AUDIT_SCOPE_DEPENDENT,MASTER_FIELD_MAPPING
P021,10.1016/j.jallcom.2021.162765,P021_SERIES01,P021_MAT_FE50MN17p5CR12p5CO10NI5SI5,P021_MC_A900_25M_RT_G19,P021_OBS_A900_25M_RT_G19,P021_OBS_A900_25M_RT_G19,PreTest_Twin_Origin,ANNEALING_PRETEST,as reported,DIRECT_PRETEST_MICROSTRUCTURE,"Results pp.3,6 and Figs.2,3,7","BSE, EBSD, XRD, and pre-test TEM interpretation",High_for_NA_decision,VERIFIED,EXPERIMENTAL,https://doi.org/10.1016/j.jallcom.2021.162765,AUDIT_SCOPE_DEPENDENT,MASTER_FIELD_MAPPING
P021,10.1016/j.jallcom.2021.162765,P021_SERIES01,P021_MAT_FE50MN17p5CR12p5CO10NI5SI5,P021_MC_A900_25M_RT_G19,P021_OBS_A900_25M_RT_G19,P021_OBS_A900_25M_RT_G19,Initial_Dislocation_State,Few dislocations after annealing; room-temperature pre-test state contains stored dislocations qualitatively,as reported,DIRECT_PRETEST_MICROSTRUCTURE,"Results pp.3,6 and Figs.2,3,7","BSE, EBSD, XRD, and pre-test TEM interpretation",High_for_NA_decision,VERIFIED,EXPERIMENTAL,https://doi.org/10.1016/j.jallcom.2021.162765,AUDIT_SCOPE_DEPENDENT,MASTER_FIELD_MAPPING
P021,10.1016/j.jallcom.2021.162765,P021_SERIES01,P021_MAT_FE50MN17p5CR12p5CO10NI5SI5,P021_MC_A900_25M_RT_G19,P021_OBS_A900_25M_RT_G19,P021_OBS_A900_25M_RT_G19,Initial_Twin_Target_Guardrail,ANNEALING_TWINS_DO_NOT_GENERATE_TENSILE_TWIP,as reported,DIRECT_PRETEST_MICROSTRUCTURE,"Results pp.3,6 and Figs.2,3,7","BSE, EBSD, XRD, and pre-test TEM interpretation",High_for_NA_decision,VERIFIED,EXPERIMENTAL,https://doi.org/10.1016/j.jallcom.2021.162765,AUDIT_SCOPE_DEPENDENT,MASTER_FIELD_MAPPING
P021,10.1016/j.jallcom.2021.162765,P021_SERIES01,P021_MAT_FE50MN17p5CR12p5CO10NI5SI5,P021_MC_A900_25M_RT_G19,P021_OBS_A900_25M_RT_G19,P021_OBS_A900_25M_RT_G19,Mechanical_Value_Status,DIRECT_FIGURE_INSET_AVERAGE_AT_LEAST_THREE,as reported,DIRECT_AGGREGATE_TENSILE_OUTCOME,Fig.4 inset tables p.4,Average engineering tensile response from at least three specimens,High_for_NA_decision,VERIFIED,EXPERIMENTAL,https://doi.org/10.1016/j.jallcom.2021.162765,MECHANICAL_OUTCOME_LEAKAGE,MASTER_FIELD_MAPPING
P021,10.1016/j.jallcom.2021.162765,P021_SERIES01,P021_MAT_FE50MN17p5CR12p5CO10NI5SI5,P021_MC_A900_25M_RT_G19,P021_OBS_A900_25M_RT_G19,P021_OBS_A900_25M_RT_G19,Mechanical_Predictor_Eligibility,MECHANICAL_OUTCOME_LEAKAGE,as reported,DIRECT_AGGREGATE_TENSILE_OUTCOME,Fig.4 inset tables p.4,Average engineering tensile response from at least three specimens,High_for_NA_decision,VERIFIED,EXPERIMENTAL,https://doi.org/10.1016/j.jallcom.2021.162765,MECHANICAL_OUTCOME_LEAKAGE,MASTER_FIELD_MAPPING
P021,10.1016/j.jallcom.2021.162765,P021_SERIES01,P021_MAT_FE50MN17p5CR12p5CO10NI5SI5,P021_MC_A900_25M_RT_G19,P021_OBS_A900_25M_RT_G19,P021_OBS_A900_25M_RT_G19,TRIP_Evidence_Type,NO_CONDITION_SPECIFIC_POST_TEST_MECHANISM_CHARACTERIZATION,as reported,CONDITION_LEVEL_TARGET_DECISION,"Methods pp.2-3; Fig.2; Fig.4; Results pp.3,6; Figs.2,3,7; Fig.4 inset tables p.4; Mechanical curve is available, but the direct phase/twin characterization in the paper is not resolved to this 19.5 um condition.",Condition-specific EBSD/XRD/TEM evidence or conservative NA review,High_for_NA_decision,VERIFIED,EXPERIMENTAL,https://doi.org/10.1016/j.jallcom.2021.162765,AUDIT_SCOPE_DEPENDENT,MASTER_FIELD_MAPPING
P021,10.1016/j.jallcom.2021.162765,P021_SERIES01,P021_MAT_FE50MN17p5CR12p5CO10NI5SI5,P021_MC_A900_25M_RT_G19,P021_OBS_A900_25M_RT_G19,P021_OBS_A900_25M_RT_G19,TWIP_Evidence_Type,NO_CONDITION_SPECIFIC_POST_TEST_TWIN_CHARACTERIZATION,as reported,CONDITION_LEVEL_TARGET_DECISION,"Methods pp.2-3; Fig.2; Fig.4; Results pp.3,6; Figs.2,3,7; Fig.4 inset tables p.4; Mechanical curve is available, but the direct phase/twin characterization in the paper is not resolved to this 19.5 um condition.",Condition-specific EBSD/XRD/TEM evidence or conservative NA review,High_for_NA_decision,VERIFIED,EXPERIMENTAL,https://doi.org/10.1016/j.jallcom.2021.162765,AUDIT_SCOPE_DEPENDENT,MASTER_FIELD_MAPPING
P021,10.1016/j.jallcom.2021.162765,P021_SERIES01,P021_MAT_FE50MN17p5CR12p5CO10NI5SI5,P021_MC_A900_25M_RT_G19,P021_OBS_A900_25M_RT_G19,P021_OBS_A900_25M_RT_G19,Negative_Evidence_Status,INSUFFICIENT_FOR_ZERO,as reported,CONDITION_LEVEL_TARGET_DECISION,"Methods pp.2-3; Fig.2; Fig.4; Results pp.3,6; Figs.2,3,7; Fig.4 inset tables p.4; Mechanical curve is available, but the direct phase/twin characterization in the paper is not resolved to this 19.5 um condition.",Condition-specific EBSD/XRD/TEM evidence or conservative NA review,High_for_NA_decision,VERIFIED,EXPERIMENTAL,https://doi.org/10.1016/j.jallcom.2021.162765,AUDIT_SCOPE_DEPENDENT,MASTER_FIELD_MAPPING
P021,10.1016/j.jallcom.2021.162765,P021_SERIES01,P021_MAT_FE50MN17p5CR12p5CO10NI5SI5,P021_MC_A900_25M_RT_G19,P021_OBS_A900_25M_RT_G19,P021_OBS_A900_25M_RT_G19,Condition_Level_Target_Evidence,"Mechanical curve is available, but the direct phase/twin characterization in the paper is not resolved to this 19.5 um condition.",as reported,CONDITION_LEVEL_TARGET_DECISION,"Methods pp.2-3; Fig.2; Fig.4; Results pp.3,6; Figs.2,3,7; Fig.4 inset tables p.4; Mechanical curve is available, but the direct phase/twin characterization in the paper is not resolved to this 19.5 um condition.",Condition-specific EBSD/XRD/TEM evidence or conservative NA review,High_for_NA_decision,VERIFIED,EXPERIMENTAL,https://doi.org/10.1016/j.jallcom.2021.162765,AUDIT_SCOPE_DEPENDENT,MASTER_FIELD_MAPPING
P021,10.1016/j.jallcom.2021.162765,P021_SERIES01,P021_MAT_FE50MN17p5CR12p5CO10NI5SI5,P021_MC_A900_25M_RT_G19,P021_OBS_A900_25M_RT_G19,P021_OBS_A900_25M_RT_G19,Target_Evidence_Confidence,High_for_NA_decision,as reported,CONDITION_LEVEL_TARGET_DECISION,"Methods pp.2-3; Fig.2; Fig.4; Results pp.3,6; Figs.2,3,7; Fig.4 inset tables p.4; Mechanical curve is available, but the direct phase/twin characterization in the paper is not resolved to this 19.5 um condition.",Condition-specific EBSD/XRD/TEM evidence or conservative NA review,High_for_NA_decision,VERIFIED,EXPERIMENTAL,https://doi.org/10.1016/j.jallcom.2021.162765,AUDIT_SCOPE_DEPENDENT,MASTER_FIELD_MAPPING
P021,10.1016/j.jallcom.2021.162765,P021_SERIES01,P021_MAT_FE50MN17p5CR12p5CO10NI5SI5,P021_MC_A900_25M_RT_G19,P021_OBS_A900_25M_RT_G19,P021_OBS_A900_25M_RT_G19,DeltaG_Value_Status,NOT_REPORTED_IN_CURRENT_PAPER,as reported,AUTHOR_INFERENCE_OR_VERIFIED_GAP,Results pp.5-6 and whole-paper review,Source interpretation; no numeric conversion or cross-paper transfer,High_for_NA_decision,VERIFIED,EXPERIMENTAL,https://doi.org/10.1016/j.jallcom.2021.162765,NOT_SAFE_AS_DIRECT_NUMERIC_SFE,MASTER_FIELD_MAPPING
P021,10.1016/j.jallcom.2021.162765,P021_SERIES01,P021_MAT_FE50MN17p5CR12p5CO10NI5SI5,P021_MC_A900_25M_RT_G19,P021_OBS_A900_25M_RT_G19,P021_OBS_A900_25M_RT_G19,DeltaG_Data_Origin,UNRESOLVED_NO_P021_VALUE,as reported,AUTHOR_INFERENCE_OR_VERIFIED_GAP,Results pp.5-6 and whole-paper review,Source interpretation; no numeric conversion or cross-paper transfer,High_for_NA_decision,VERIFIED,EXPERIMENTAL,https://doi.org/10.1016/j.jallcom.2021.162765,NOT_SAFE_AS_DIRECT_NUMERIC_SFE,MASTER_FIELD_MAPPING
P021,10.1016/j.jallcom.2021.162765,P021_SERIES01,P021_MAT_FE50MN17p5CR12p5CO10NI5SI5,P021_MC_A900_25M_RT_G19,P021_OBS_A900_25M_RT_G19,P021_OBS_A900_25M_RT_G19,Journal,Journal of Alloys and Compounds,as reported,SOURCE_IDENTITY,Verified article identity / whole paper,Verified workbook and publisher DOI match,High_for_NA_decision,VERIFIED,EXPERIMENTAL,https://doi.org/10.1016/j.jallcom.2021.162765,AUDIT_SCOPE_DEPENDENT,MASTER_FIELD_MAPPING
P021,10.1016/j.jallcom.2021.162765,P021_SERIES01,P021_MAT_FE50MN17p5CR12p5CO10NI5SI5,P021_MC_A900_25M_RT_G19,P021_OBS_A900_25M_RT_G19,P021_OBS_A900_25M_RT_G19,Volume,898,as reported,SOURCE_IDENTITY,Verified article identity / whole paper,Verified workbook and publisher DOI match,High_for_NA_decision,VERIFIED,EXPERIMENTAL,https://doi.org/10.1016/j.jallcom.2021.162765,AUDIT_SCOPE_DEPENDENT,MASTER_FIELD_MAPPING
P021,10.1016/j.jallcom.2021.162765,P021_SERIES01,P021_MAT_FE50MN17p5CR12p5CO10NI5SI5,P021_MC_A900_25M_RT_G19,P021_OBS_A900_25M_RT_G19,P021_OBS_A900_25M_RT_G19,Publication_Year,2022,as reported,SOURCE_IDENTITY,Verified article identity / whole paper,Verified workbook and publisher DOI match,High_for_NA_decision,VERIFIED,EXPERIMENTAL,https://doi.org/10.1016/j.jallcom.2021.162765,AUDIT_SCOPE_DEPENDENT,MASTER_FIELD_MAPPING
P021,10.1016/j.jallcom.2021.162765,P021_SERIES01,P021_MAT_FE50MN17p5CR12p5CO10NI5SI5,P021_MC_A900_25M_RT_G19,P021_OBS_A900_25M_RT_G19,P021_OBS_A900_25M_RT_G19,Source_URL,https://doi.org/10.1016/j.jallcom.2021.162765,as reported,SOURCE_IDENTITY,Verified article identity / whole paper,Verified workbook and publisher DOI match,High_for_NA_decision,VERIFIED,EXPERIMENTAL,https://doi.org/10.1016/j.jallcom.2021.162765,AUDIT_SCOPE_DEPENDENT,MASTER_FIELD_MAPPING
P021,10.1016/j.jallcom.2021.162765,P021_SERIES01,P021_MAT_FE50MN17p5CR12p5CO10NI5SI5,P021_MC_A900_25M_RT_G19,P021_OBS_A900_25M_RT_G19,P021_OBS_A900_25M_RT_G19,Alloy_Family_Text,Fe50Mn17.5Cr12.5Co10Ni5Si5,as reported,DIRECT_NOMINAL_TEXT_OR_VERIFIED_NA,"Abstract, Methods, and Fig.1",Nominal alloy design; EDS/BSE qualitative homogeneity review,High_for_NA_decision,VERIFIED,EXPERIMENTAL,https://doi.org/10.1016/j.jallcom.2021.162765,AUDIT_SCOPE_DEPENDENT,MASTER_FIELD_MAPPING
P021,10.1016/j.jallcom.2021.162765,P021_SERIES01,P021_MAT_FE50MN17p5CR12p5CO10NI5SI5,P021_MC_A900_25M_RT_G19,P021_OBS_A900_25M_RT_G19,P021_OBS_A900_25M_RT_G19,Alloy_Family_Use,GROUPING_AUDIT_ONLY_NOT_SAMPLE_OR_BATCH_IDENTITY,as reported,DIRECT_NOMINAL_TEXT_OR_VERIFIED_NA,"Abstract, Methods, and Fig.1",Nominal alloy design; EDS/BSE qualitative homogeneity review,High_for_NA_decision,VERIFIED,EXPERIMENTAL,https://doi.org/10.1016/j.jallcom.2021.162765,AUDIT_SCOPE_DEPENDENT,MASTER_FIELD_MAPPING
P021,10.1016/j.jallcom.2021.162765,P021_SERIES01,P021_MAT_FE50MN17p5CR12p5CO10NI5SI5,P021_MC_A900_25M_RT_G19,P021_OBS_A900_25M_RT_G19,P021_OBS_A900_25M_RT_G19,Melting_Route,Vacuum arc melting under Ar,as reported,DIRECT_METHOD_OR_SCHEMA_UNIT_REPRESENTATION,"Methods pp.2-3 and Figs.2,4",Source methods; Celsius-to-Kelvin schema representation only,High_for_NA_decision,VERIFIED,EXPERIMENTAL,https://doi.org/10.1016/j.jallcom.2021.162765,AUDIT_SCOPE_DEPENDENT,MASTER_FIELD_MAPPING
P021,10.1016/j.jallcom.2021.162765,P021_SERIES01,P021_MAT_FE50MN17p5CR12p5CO10NI5SI5,P021_MC_A900_25M_RT_G19,P021_OBS_A900_25M_RT_G19,P021_OBS_A900_25M_RT_G19,Initial_TRIP_Target_Guardrail,INITIAL_SINGLE_FCC_AND_HCP_ZERO_DO_NOT_ALONE_ASSIGN_TRIP,as reported,DIRECT_PRETEST_MICROSTRUCTURE,"Results pp.3,6 and Figs.2,3,7","BSE, EBSD, XRD, and pre-test TEM interpretation",High_for_NA_decision,VERIFIED,EXPERIMENTAL,https://doi.org/10.1016/j.jallcom.2021.162765,AUDIT_SCOPE_DEPENDENT,MASTER_FIELD_MAPPING
P021,10.1016/j.jallcom.2021.162765,P021_SERIES01,P021_MAT_FE50MN17p5CR12p5CO10NI5SI5,P021_MC_A900_25M_RT_G19,P021_OBS_A900_25M_RT_G19,P021_OBS_A900_25M_RT_G19,Target_Status,TARGETS_UNRESOLVED,as reported,CONDITION_LEVEL_TARGET_DECISION,"Methods pp.2-3; Fig.2; Fig.4; Results pp.3,6; Figs.2,3,7; Fig.4 inset tables p.4; Mechanical curve is available, but the direct phase/twin characterization in the paper is not resolved to this 19.5 um condition.",Condition-specific EBSD/XRD/TEM evidence or conservative NA review,High_for_NA_decision,VERIFIED,EXPERIMENTAL,https://doi.org/10.1016/j.jallcom.2021.162765,AUDIT_SCOPE_DEPENDENT,MASTER_FIELD_MAPPING
P021,10.1016/j.jallcom.2021.162765,P021_SERIES01,P021_MAT_FE50MN17p5CR12p5CO10NI5SI5,P021_MC_A900_25M_RT_G19,P021_OBS_A900_25M_RT_G19,P021_OBS_A900_25M_RT_G19,TRIP_Parent_Phase,FCC,as reported,CONDITION_LEVEL_TARGET_DECISION,"Methods pp.2-3; Fig.2; Fig.4; Results pp.3,6; Figs.2,3,7; Fig.4 inset tables p.4; Mechanical curve is available, but the direct phase/twin characterization in the paper is not resolved to this 19.5 um condition.",Condition-specific EBSD/XRD/TEM evidence or conservative NA review,High_for_NA_decision,VERIFIED,EXPERIMENTAL,https://doi.org/10.1016/j.jallcom.2021.162765,AUDIT_SCOPE_DEPENDENT,MASTER_FIELD_MAPPING
P021,10.1016/j.jallcom.2021.162765,P021_SERIES01,P021_MAT_FE50MN17p5CR12p5CO10NI5SI5,P021_MC_A900_25M_RT_G19,P021_OBS_A900_25M_RT_G19,P021_OBS_A900_25M_RT_G19,TRIP_Product_Phase,HCP_EPSILON,as reported,CONDITION_LEVEL_TARGET_DECISION,"Methods pp.2-3; Fig.2; Fig.4; Results pp.3,6; Figs.2,3,7; Fig.4 inset tables p.4; Mechanical curve is available, but the direct phase/twin characterization in the paper is not resolved to this 19.5 um condition.",Condition-specific EBSD/XRD/TEM evidence or conservative NA review,High_for_NA_decision,VERIFIED,EXPERIMENTAL,https://doi.org/10.1016/j.jallcom.2021.162765,AUDIT_SCOPE_DEPENDENT,MASTER_FIELD_MAPPING
P021,10.1016/j.jallcom.2021.162765,P021_SERIES01,P021_MAT_FE50MN17p5CR12p5CO10NI5SI5,P021_MC_A900_25M_RT_G19,P021_OBS_A900_25M_RT_G19,P021_OBS_A900_25M_RT_G19,P021_Record_Role,RECOVERED_EXACT_PRIMARY_CONDITION,as reported,HIERARCHY_INTEGRATION,P021_Conditions verified sheet,Source-defined condition hierarchy and aggregate replicate scope,High_for_NA_decision,VERIFIED,EXPERIMENTAL,https://doi.org/10.1016/j.jallcom.2021.162765,AUDIT_SCOPE_DEPENDENT,MASTER_FIELD_MAPPING
P021,10.1016/j.jallcom.2021.162765,P021_SERIES01,P021_MAT_FE50MN17p5CR12p5CO10NI5SI5,P021_MC_A900_25M_RT_G19,P021_OBS_A900_25M_RT_G19,P021_OBS_A900_25M_RT_G19,P021_Target_Status,TARGETS_UNRESOLVED,as reported,CONDITION_LEVEL_TARGET_DECISION,"Methods pp.2-3; Fig.2; Fig.4; Results pp.3,6; Figs.2,3,7; Fig.4 inset tables p.4; Mechanical curve is available, but the direct phase/twin characterization in the paper is not resolved to this 19.5 um condition.",Condition-specific EBSD/XRD/TEM evidence or conservative NA review,High_for_NA_decision,VERIFIED,EXPERIMENTAL,https://doi.org/10.1016/j.jallcom.2021.162765,AUDIT_SCOPE_DEPENDENT,MASTER_FIELD_MAPPING
P021,10.1016/j.jallcom.2021.162765,P021_SERIES01,P021_MAT_FE50MN17p5CR12p5CO10NI5SI5,P021_MC_A900_25M_RT_G19,P021_OBS_A900_25M_RT_G19,P021_OBS_A900_25M_RT_G19,P021_Source_Identity_Status,VERIFIED_PDF_AND_PUBLISHER_DOI_MATCH,as reported,SOURCE_IDENTITY,Verified article identity / whole paper,Verified workbook and publisher DOI match,High_for_NA_decision,VERIFIED,EXPERIMENTAL,https://doi.org/10.1016/j.jallcom.2021.162765,AUDIT_SCOPE_DEPENDENT,MASTER_FIELD_MAPPING
P021,10.1016/j.jallcom.2021.162765,P021_SERIES01,P021_MAT_FE50MN17p5CR12p5CO10NI5SI5,P021_MC_A900_25M_RT_G19,P021_OBS_A900_25M_RT_G19,P021_OBS_A900_25M_RT_G19,P021_QC_Status,PENDING_GLOBAL_QC_SCHEMA_SPLIT_REFRESH_AFTER_COLLECTION,as reported,HIERARCHY_INTEGRATION,P021_Conditions verified sheet,Source-defined condition hierarchy and aggregate replicate scope,High_for_NA_decision,VERIFIED,EXPERIMENTAL,https://doi.org/10.1016/j.jallcom.2021.162765,AUDIT_SCOPE_DEPENDENT,MASTER_FIELD_MAPPING
P021,10.1016/j.jallcom.2021.162765,P021_SERIES01,P021_MAT_FE50MN17p5CR12p5CO10NI5SI5,P021_MC_A900_25M_RT_G19,P021_OBS_A900_25M_RT_G19,P021_OBS_A900_25M_RT_G19,Article_Number,162765,as reported,SOURCE_IDENTITY,Verified article identity / whole paper,Verified workbook and publisher DOI match,High_for_NA_decision,VERIFIED,EXPERIMENTAL,https://doi.org/10.1016/j.jallcom.2021.162765,AUDIT_SCOPE_DEPENDENT,MASTER_FIELD_MAPPING
P021,10.1016/j.jallcom.2021.162765,P021_SERIES01,P021_MAT_FE50MN17p5CR12p5CO10NI5SI5,P021_MC_A900_25M_RT_G19,P021_OBS_A900_25M_RT_G19,P021_OBS_A900_25M_RT_G19,Replicate_n_Status,MINIMUM_REPORTED_AT_LEAST_THREE,as reported,HIERARCHY_INTEGRATION,P021_Conditions verified sheet,Source-defined condition hierarchy and aggregate replicate scope,High_for_NA_decision,VERIFIED,EXPERIMENTAL,https://doi.org/10.1016/j.jallcom.2021.162765,AUDIT_SCOPE_DEPENDENT,MASTER_FIELD_MAPPING
P021,10.1016/j.jallcom.2021.162765,P021_SERIES01,P021_MAT_FE50MN17p5CR12p5CO10NI5SI5,P021_MC_A900_25M_RT_G19,P021_OBS_A900_25M_RT_G19,P021_OBS_A900_25M_RT_G19,Remelt_Count_Min,5,count,DIRECT_METHOD_OR_SCHEMA_UNIT_REPRESENTATION,"Methods pp.2-3 and Figs.2,4",Source methods; Celsius-to-Kelvin schema representation only,High_for_NA_decision,VERIFIED,EXPERIMENTAL,https://doi.org/10.1016/j.jallcom.2021.162765,AUDIT_SCOPE_DEPENDENT,MASTER_FIELD_MAPPING
P021,10.1016/j.jallcom.2021.162765,P021_SERIES01,P021_MAT_FE50MN17p5CR12p5CO10NI5SI5,P021_MC_A900_25M_RT_G19,P021_OBS_A900_25M_RT_G19,P021_OBS_A900_25M_RT_G19,Remelt_Count_Status,AT_LEAST_FIVE,as reported,DIRECT_METHOD_OR_SCHEMA_UNIT_REPRESENTATION,"Methods pp.2-3 and Figs.2,4",Source methods; Celsius-to-Kelvin schema representation only,High_for_NA_decision,VERIFIED,EXPERIMENTAL,https://doi.org/10.1016/j.jallcom.2021.162765,AUDIT_SCOPE_DEPENDENT,MASTER_FIELD_MAPPING
P021,10.1016/j.jallcom.2021.162765,P021_SERIES01,P021_MAT_FE50MN17p5CR12p5CO10NI5SI5,P021_MC_A900_25M_RT_G19,P021_OBS_A900_25M_RT_G19,P021_OBS_A900_25M_RT_G19,Alloy_Mass_g_Approx,150.0,g,DIRECT_METHOD_OR_SCHEMA_UNIT_REPRESENTATION,"Methods pp.2-3 and Figs.2,4",Source methods; Celsius-to-Kelvin schema representation only,High_for_NA_decision,VERIFIED,EXPERIMENTAL,https://doi.org/10.1016/j.jallcom.2021.162765,AUDIT_SCOPE_DEPENDENT,MASTER_FIELD_MAPPING
P021,10.1016/j.jallcom.2021.162765,P021_SERIES01,P021_MAT_FE50MN17p5CR12p5CO10NI5SI5,P021_MC_A900_25M_RT_G19,P021_OBS_A900_25M_RT_G19,P021_OBS_A900_25M_RT_G19,Remolded_Ingot_Dimensions_mm,65 x 40 x 10,as reported,DIRECT_METHOD_OR_SCHEMA_UNIT_REPRESENTATION,"Methods pp.2-3 and Figs.2,4",Source methods; Celsius-to-Kelvin schema representation only,High_for_NA_decision,VERIFIED,EXPERIMENTAL,https://doi.org/10.1016/j.jallcom.2021.162765,AUDIT_SCOPE_DEPENDENT,MASTER_FIELD_MAPPING
P021,10.1016/j.jallcom.2021.162765,P021_SERIES01,P021_MAT_FE50MN17p5CR12p5CO10NI5SI5,P021_MC_A900_25M_RT_G19,P021_OBS_A900_25M_RT_G19,P021_OBS_A900_25M_RT_G19,Homogenization_T_C_Raw,1150.0,C,DIRECT_METHOD_OR_SCHEMA_UNIT_REPRESENTATION,"Methods pp.2-3 and Figs.2,4",Source methods; Celsius-to-Kelvin schema representation only,High_for_NA_decision,VERIFIED,EXPERIMENTAL,https://doi.org/10.1016/j.jallcom.2021.162765,AUDIT_SCOPE_DEPENDENT,MASTER_FIELD_MAPPING
P021,10.1016/j.jallcom.2021.162765,P021_SERIES01,P021_MAT_FE50MN17p5CR12p5CO10NI5SI5,P021_MC_A900_25M_RT_G19,P021_OBS_A900_25M_RT_G19,P021_OBS_A900_25M_RT_G19,Hot_Roll_T_C_Raw,1100.0,C,DIRECT_METHOD_OR_SCHEMA_UNIT_REPRESENTATION,"Methods pp.2-3 and Figs.2,4",Source methods; Celsius-to-Kelvin schema representation only,High_for_NA_decision,VERIFIED,EXPERIMENTAL,https://doi.org/10.1016/j.jallcom.2021.162765,AUDIT_SCOPE_DEPENDENT,MASTER_FIELD_MAPPING
P021,10.1016/j.jallcom.2021.162765,P021_SERIES01,P021_MAT_FE50MN17p5CR12p5CO10NI5SI5,P021_MC_A900_25M_RT_G19,P021_OBS_A900_25M_RT_G19,P021_OBS_A900_25M_RT_G19,Hot_Roll_Final_Thickness_mm,3.0,mm,DIRECT_METHOD_OR_SCHEMA_UNIT_REPRESENTATION,"Methods pp.2-3 and Figs.2,4",Source methods; Celsius-to-Kelvin schema representation only,High_for_NA_decision,VERIFIED,EXPERIMENTAL,https://doi.org/10.1016/j.jallcom.2021.162765,AUDIT_SCOPE_DEPENDENT,MASTER_FIELD_MAPPING
P021,10.1016/j.jallcom.2021.162765,P021_SERIES01,P021_MAT_FE50MN17p5CR12p5CO10NI5SI5,P021_MC_A900_25M_RT_G19,P021_OBS_A900_25M_RT_G19,P021_OBS_A900_25M_RT_G19,Anneal_T_C_Raw,900.0,C,DIRECT_METHOD_OR_SCHEMA_UNIT_REPRESENTATION,"Methods pp.2-3 and Figs.2,4",Source methods; Celsius-to-Kelvin schema representation only,High_for_NA_decision,VERIFIED,EXPERIMENTAL,https://doi.org/10.1016/j.jallcom.2021.162765,AUDIT_SCOPE_DEPENDENT,MASTER_FIELD_MAPPING
P021,10.1016/j.jallcom.2021.162765,P021_SERIES01,P021_MAT_FE50MN17p5CR12p5CO10NI5SI5,P021_MC_A900_25M_RT_G19,P021_OBS_A900_25M_RT_G19,P021_OBS_A900_25M_RT_G19,Post_Anneal_Quench,Water quench,as reported,DIRECT_METHOD_OR_SCHEMA_UNIT_REPRESENTATION,"Methods pp.2-3 and Figs.2,4",Source methods; Celsius-to-Kelvin schema representation only,High_for_NA_decision,VERIFIED,EXPERIMENTAL,https://doi.org/10.1016/j.jallcom.2021.162765,AUDIT_SCOPE_DEPENDENT,MASTER_FIELD_MAPPING
P021,10.1016/j.jallcom.2021.162765,P021_SERIES01,P021_MAT_FE50MN17p5CR12p5CO10NI5SI5,P021_MC_A900_25M_RT_G19,P021_OBS_A900_25M_RT_G19,P021_OBS_A900_25M_RT_G19,Test_T_C,25.0,C,DIRECT_METHOD_OR_SCHEMA_UNIT_REPRESENTATION,"Methods pp.2-3 and Figs.2,4",Source methods; Celsius-to-Kelvin schema representation only,High_for_NA_decision,VERIFIED,EXPERIMENTAL,https://doi.org/10.1016/j.jallcom.2021.162765,AUDIT_SCOPE_DEPENDENT,MASTER_FIELD_MAPPING
P021,10.1016/j.jallcom.2021.162765,P021_SERIES01,P021_MAT_FE50MN17p5CR12p5CO10NI5SI5,P021_MC_A900_25M_RT_G19,P021_OBS_A900_25M_RT_G19,P021_OBS_A900_25M_RT_G19,Specimen_Orientation,Longitudinal / rolling direction,as reported,DIRECT_METHOD_OR_SCHEMA_UNIT_REPRESENTATION,"Methods pp.2-3 and Figs.2,4",Source methods; Celsius-to-Kelvin schema representation only,High_for_NA_decision,VERIFIED,EXPERIMENTAL,https://doi.org/10.1016/j.jallcom.2021.162765,AUDIT_SCOPE_DEPENDENT,MASTER_FIELD_MAPPING
P021,10.1016/j.jallcom.2021.162765,P021_SERIES01,P021_MAT_FE50MN17p5CR12p5CO10NI5SI5,P021_MC_A900_25M_RT_G19,P021_OBS_A900_25M_RT_G19,P021_OBS_A900_25M_RT_G19,Specimen_Standard,ASTM E8/E8M sub-size,as reported,DIRECT_METHOD_OR_SCHEMA_UNIT_REPRESENTATION,"Methods pp.2-3 and Figs.2,4",Source methods; Celsius-to-Kelvin schema representation only,High_for_NA_decision,VERIFIED,EXPERIMENTAL,https://doi.org/10.1016/j.jallcom.2021.162765,AUDIT_SCOPE_DEPENDENT,MASTER_FIELD_MAPPING
P021,10.1016/j.jallcom.2021.162765,P021_SERIES01,P021_MAT_FE50MN17p5CR12p5CO10NI5SI5,P021_MC_A900_25M_RT_G19,P021_OBS_A900_25M_RT_G19,P021_OBS_A900_25M_RT_G19,Initial_Alpha_BCT_fraction,0.0,fraction,DIRECT_PRETEST_MICROSTRUCTURE,"Results pp.3,6 and Figs.2,3,7","BSE, EBSD, XRD, and pre-test TEM interpretation",High_for_NA_decision,VERIFIED,EXPERIMENTAL,https://doi.org/10.1016/j.jallcom.2021.162765,AUDIT_SCOPE_DEPENDENT,MASTER_FIELD_MAPPING
P021,10.1016/j.jallcom.2021.162765,P021_SERIES01,P021_MAT_FE50MN17p5CR12p5CO10NI5SI5,P021_MC_A900_25M_RT_G19,P021_OBS_A900_25M_RT_G19,P021_OBS_A900_25M_RT_G19,Initial_Secondary_Phase_Status,NO_OBVIOUS_PRECIPITATES_OR_OTHER_PHASES,as reported,DIRECT_PRETEST_MICROSTRUCTURE,"Results pp.3,6 and Figs.2,3,7","BSE, EBSD, XRD, and pre-test TEM interpretation",High_for_NA_decision,VERIFIED,EXPERIMENTAL,https://doi.org/10.1016/j.jallcom.2021.162765,AUDIT_SCOPE_DEPENDENT,MASTER_FIELD_MAPPING
P021,10.1016/j.jallcom.2021.162765,P021_SERIES01,P021_MAT_FE50MN17p5CR12p5CO10NI5SI5,P021_MC_A900_25M_RT_G19,P021_OBS_A900_25M_RT_G19,P021_OBS_A900_25M_RT_G19,Fully_Recrystallized,True,as reported,DIRECT_PRETEST_MICROSTRUCTURE,"Results pp.3,6 and Figs.2,3,7","BSE, EBSD, XRD, and pre-test TEM interpretation",High_for_NA_decision,VERIFIED,EXPERIMENTAL,https://doi.org/10.1016/j.jallcom.2021.162765,AUDIT_SCOPE_DEPENDENT,MASTER_FIELD_MAPPING
P021,10.1016/j.jallcom.2021.162765,P021_SERIES01,P021_MAT_FE50MN17p5CR12p5CO10NI5SI5,P021_MC_A900_25M_RT_G19,P021_OBS_A900_25M_RT_G19,P021_OBS_A900_25M_RT_G19,Grain_Size_Method,EBSD/BSE; twin boundaries excluded from grain-size calculation,as reported,DIRECT_PRETEST_MICROSTRUCTURE,"Results pp.3,6 and Figs.2,3,7","BSE, EBSD, XRD, and pre-test TEM interpretation",High_for_NA_decision,VERIFIED,EXPERIMENTAL,https://doi.org/10.1016/j.jallcom.2021.162765,AUDIT_SCOPE_DEPENDENT,MASTER_FIELD_MAPPING
P021,10.1016/j.jallcom.2021.162765,P021_SERIES01,P021_MAT_FE50MN17p5CR12p5CO10NI5SI5,P021_MC_A900_25M_RT_G19,P021_OBS_A900_25M_RT_G19,P021_OBS_A900_25M_RT_G19,Grain_Size_Twin_Boundary_Exclusion,True,as reported,DIRECT_PRETEST_MICROSTRUCTURE,"Results pp.3,6 and Figs.2,3,7","BSE, EBSD, XRD, and pre-test TEM interpretation",High_for_NA_decision,VERIFIED,EXPERIMENTAL,https://doi.org/10.1016/j.jallcom.2021.162765,AUDIT_SCOPE_DEPENDENT,MASTER_FIELD_MAPPING
P021,10.1016/j.jallcom.2021.162765,P021_SERIES01,P021_MAT_FE50MN17p5CR12p5CO10NI5SI5,P021_MC_A900_25M_RT_G19,P021_OBS_A900_25M_RT_G19,P021_OBS_A900_25M_RT_G19,Initial_Stacking_Fault_State,NO_QUANTITATIVE_INITIAL_STACKING_FAULT_METRIC_REPORTED,as reported,DIRECT_PRETEST_MICROSTRUCTURE,"Results pp.3,6 and Figs.2,3,7","BSE, EBSD, XRD, and pre-test TEM interpretation",High_for_NA_decision,VERIFIED,EXPERIMENTAL,https://doi.org/10.1016/j.jallcom.2021.162765,AUDIT_SCOPE_DEPENDENT,MASTER_FIELD_MAPPING
P021,10.1016/j.jallcom.2021.162765,P021_SERIES01,P021_MAT_FE50MN17p5CR12p5CO10NI5SI5,P021_MC_A900_25M_RT_G19,P021_OBS_A900_25M_RT_G19,P021_OBS_A900_25M_RT_G19,Initial_Stacking_Fault_State_Raw,No quantitative initial stacking-fault metric reported,as reported,DIRECT_PRETEST_MICROSTRUCTURE,"Results pp.3,6 and Figs.2,3,7","BSE, EBSD, XRD, and pre-test TEM interpretation",High_for_NA_decision,VERIFIED,EXPERIMENTAL,https://doi.org/10.1016/j.jallcom.2021.162765,AUDIT_SCOPE_DEPENDENT,MASTER_FIELD_MAPPING
P021,10.1016/j.jallcom.2021.162765,P021_SERIES01,P021_MAT_FE50MN17p5CR12p5CO10NI5SI5,P021_MC_A900_25M_RT_G19,P021_OBS_A900_25M_RT_G19,P021_OBS_A900_25M_RT_G19,PreTest_Cryogenic_Immersion,False,as reported,DIRECT_PRETEST_MICROSTRUCTURE,"Results pp.3,6 and Figs.2,3,7","BSE, EBSD, XRD, and pre-test TEM interpretation",High_for_NA_decision,VERIFIED,EXPERIMENTAL,https://doi.org/10.1016/j.jallcom.2021.162765,AUDIT_SCOPE_DEPENDENT,MASTER_FIELD_MAPPING
P021,10.1016/j.jallcom.2021.162765,P021_SERIES01,P021_MAT_FE50MN17p5CR12p5CO10NI5SI5,P021_MC_A900_25M_RT_G19,P021_OBS_A900_25M_RT_G19,P021_OBS_A900_25M_RT_G19,PreTest_State_Timing,BEFORE_TENSILE_LOADING,as reported,DIRECT_PRETEST_MICROSTRUCTURE,"Results pp.3,6 and Figs.2,3,7","BSE, EBSD, XRD, and pre-test TEM interpretation",High_for_NA_decision,VERIFIED,EXPERIMENTAL,https://doi.org/10.1016/j.jallcom.2021.162765,AUDIT_SCOPE_DEPENDENT,MASTER_FIELD_MAPPING
P021,10.1016/j.jallcom.2021.162765,P021_SERIES01,P021_MAT_FE50MN17p5CR12p5CO10NI5SI5,P021_MC_A900_25M_RT_G19,P021_OBS_A900_25M_RT_G19,P021_OBS_A900_25M_RT_G19,SFE_Predictor_Eligibility,NOT_SAFE_AS_DIRECT_NUMERIC_SFE,as reported,AUTHOR_INFERENCE_OR_VERIFIED_GAP,Results pp.5-6 and whole-paper review,Source interpretation; no numeric conversion or cross-paper transfer,High_for_NA_decision,VERIFIED,EXPERIMENTAL,https://doi.org/10.1016/j.jallcom.2021.162765,NOT_SAFE_AS_DIRECT_NUMERIC_SFE,MASTER_FIELD_MAPPING
P021,10.1016/j.jallcom.2021.162765,P021_SERIES01,P021_MAT_FE50MN17p5CR12p5CO10NI5SI5,P021_MC_A1000_20M_RT_G41,P021_OBS_A1000_20M_RT_G41,P021_OBS_A1000_20M_RT_G41,Paper_ID,P021,as reported,SOURCE_IDENTITY,Verified article identity / whole paper,Verified workbook and publisher DOI match,High_TRIP_Medium_TWIP,VERIFIED,EXPERIMENTAL,https://doi.org/10.1016/j.jallcom.2021.162765,AUDIT_SCOPE_DEPENDENT,MASTER_FIELD_MAPPING
P021,10.1016/j.jallcom.2021.162765,P021_SERIES01,P021_MAT_FE50MN17p5CR12p5CO10NI5SI5,P021_MC_A1000_20M_RT_G41,P021_OBS_A1000_20M_RT_G41,P021_OBS_A1000_20M_RT_G41,DOI,10.1016/j.jallcom.2021.162765,as reported,SOURCE_IDENTITY,Verified article identity / whole paper,Verified workbook and publisher DOI match,High_TRIP_Medium_TWIP,VERIFIED,EXPERIMENTAL,https://doi.org/10.1016/j.jallcom.2021.162765,AUDIT_SCOPE_DEPENDENT,MASTER_FIELD_MAPPING
P021,10.1016/j.jallcom.2021.162765,P021_SERIES01,P021_MAT_FE50MN17p5CR12p5CO10NI5SI5,P021_MC_A1000_20M_RT_G41,P021_OBS_A1000_20M_RT_G41,P021_OBS_A1000_20M_RT_G41,Paper_Title,Enhancement in mechanical properties through an FCC-to-HCP phase transformation in an Fe-17.5Mn-10Co-12.5Cr-5Ni-5Si (in at%) medium-entropy alloy,as reported,SOURCE_IDENTITY,Verified article identity / whole paper,Verified workbook and publisher DOI match,High_TRIP_Medium_TWIP,VERIFIED,EXPERIMENTAL,https://doi.org/10.1016/j.jallcom.2021.162765,AUDIT_SCOPE_DEPENDENT,MASTER_FIELD_MAPPING
P021,10.1016/j.jallcom.2021.162765,P021_SERIES01,P021_MAT_FE50MN17p5CR12p5CO10NI5SI5,P021_MC_A1000_20M_RT_G41,P021_OBS_A1000_20M_RT_G41,P021_OBS_A1000_20M_RT_G41,Condition_ID,P021_MC_A1000_20M_RT_G41,as reported,HIERARCHY_INTEGRATION,P021_Conditions verified sheet,Source-defined condition hierarchy and aggregate replicate scope,High_TRIP_Medium_TWIP,VERIFIED,EXPERIMENTAL,https://doi.org/10.1016/j.jallcom.2021.162765,AUDIT_SCOPE_DEPENDENT,MASTER_FIELD_MAPPING
P021,10.1016/j.jallcom.2021.162765,P021_SERIES01,P021_MAT_FE50MN17p5CR12p5CO10NI5SI5,P021_MC_A1000_20M_RT_G41,P021_OBS_A1000_20M_RT_G41,P021_OBS_A1000_20M_RT_G41,Experiment_Group_ID,P021_SERIES01,as reported,HIERARCHY_INTEGRATION,P021_Conditions verified sheet,Source-defined condition hierarchy and aggregate replicate scope,High_TRIP_Medium_TWIP,VERIFIED,EXPERIMENTAL,https://doi.org/10.1016/j.jallcom.2021.162765,AUDIT_SCOPE_DEPENDENT,MASTER_FIELD_MAPPING
P021,10.1016/j.jallcom.2021.162765,P021_SERIES01,P021_MAT_FE50MN17p5CR12p5CO10NI5SI5,P021_MC_A1000_20M_RT_G41,P021_OBS_A1000_20M_RT_G41,P021_OBS_A1000_20M_RT_G41,Row_Type,Primary experimental tensile condition,as reported,HIERARCHY_INTEGRATION,P021_Conditions verified sheet,Source-defined condition hierarchy and aggregate replicate scope,High_TRIP_Medium_TWIP,VERIFIED,EXPERIMENTAL,https://doi.org/10.1016/j.jallcom.2021.162765,AUDIT_SCOPE_DEPENDENT,MASTER_FIELD_MAPPING
P021,10.1016/j.jallcom.2021.162765,P021_SERIES01,P021_MAT_FE50MN17p5CR12p5CO10NI5SI5,P021_MC_A1000_20M_RT_G41,P021_OBS_A1000_20M_RT_G41,P021_OBS_A1000_20M_RT_G41,Alloy_ID,Fe50Mn17.5Cr12.5Co10Ni5Si5,as reported,DIRECT_NOMINAL_TEXT_OR_VERIFIED_NA,"Abstract, Methods, and Fig.1",Nominal alloy design; EDS/BSE qualitative homogeneity review,High_TRIP_Medium_TWIP,VERIFIED,EXPERIMENTAL,https://doi.org/10.1016/j.jallcom.2021.162765,AUDIT_SCOPE_DEPENDENT,MASTER_FIELD_MAPPING
P021,10.1016/j.jallcom.2021.162765,P021_SERIES01,P021_MAT_FE50MN17p5CR12p5CO10NI5SI5,P021_MC_A1000_20M_RT_G41,P021_OBS_A1000_20M_RT_G41,P021_OBS_A1000_20M_RT_G41,Original_Composition,Fe50Mn17.5Cr12.5Co10Ni5Si5,as reported,DIRECT_NOMINAL_TEXT_OR_VERIFIED_NA,"Abstract, Methods, and Fig.1",Nominal alloy design; EDS/BSE qualitative homogeneity review,High_TRIP_Medium_TWIP,VERIFIED,EXPERIMENTAL,https://doi.org/10.1016/j.jallcom.2021.162765,AUDIT_SCOPE_DEPENDENT,MASTER_FIELD_MAPPING
P021,10.1016/j.jallcom.2021.162765,P021_SERIES01,P021_MAT_FE50MN17p5CR12p5CO10NI5SI5,P021_MC_A1000_20M_RT_G41,P021_OBS_A1000_20M_RT_G41,P021_OBS_A1000_20M_RT_G41,Composition_basis,at.% nominal,as reported,DIRECT_NOMINAL_TEXT_OR_VERIFIED_NA,"Abstract, Methods, and Fig.1",Nominal alloy design; EDS/BSE qualitative homogeneity review,High_TRIP_Medium_TWIP,VERIFIED,EXPERIMENTAL,https://doi.org/10.1016/j.jallcom.2021.162765,AUDIT_SCOPE_DEPENDENT,MASTER_FIELD_MAPPING
P021,10.1016/j.jallcom.2021.162765,P021_SERIES01,P021_MAT_FE50MN17p5CR12p5CO10NI5SI5,P021_MC_A1000_20M_RT_G41,P021_OBS_A1000_20M_RT_G41,P021_OBS_A1000_20M_RT_G41,Fe_at%,50.0,at.%,DIRECT_NOMINAL_TEXT_OR_VERIFIED_NA,"Abstract, Methods, and Fig.1",Nominal alloy design; EDS/BSE qualitative homogeneity review,High_TRIP_Medium_TWIP,VERIFIED,EXPERIMENTAL,https://doi.org/10.1016/j.jallcom.2021.162765,AUDIT_SCOPE_DEPENDENT,MASTER_FIELD_MAPPING
P021,10.1016/j.jallcom.2021.162765,P021_SERIES01,P021_MAT_FE50MN17p5CR12p5CO10NI5SI5,P021_MC_A1000_20M_RT_G41,P021_OBS_A1000_20M_RT_G41,P021_OBS_A1000_20M_RT_G41,Mn_at%,17.5,at.%,DIRECT_NOMINAL_TEXT_OR_VERIFIED_NA,"Abstract, Methods, and Fig.1",Nominal alloy design; EDS/BSE qualitative homogeneity review,High_TRIP_Medium_TWIP,VERIFIED,EXPERIMENTAL,https://doi.org/10.1016/j.jallcom.2021.162765,AUDIT_SCOPE_DEPENDENT,MASTER_FIELD_MAPPING
P021,10.1016/j.jallcom.2021.162765,P021_SERIES01,P021_MAT_FE50MN17p5CR12p5CO10NI5SI5,P021_MC_A1000_20M_RT_G41,P021_OBS_A1000_20M_RT_G41,P021_OBS_A1000_20M_RT_G41,Co_at%,10.0,at.%,DIRECT_NOMINAL_TEXT_OR_VERIFIED_NA,"Abstract, Methods, and Fig.1",Nominal alloy design; EDS/BSE qualitative homogeneity review,High_TRIP_Medium_TWIP,VERIFIED,EXPERIMENTAL,https://doi.org/10.1016/j.jallcom.2021.162765,AUDIT_SCOPE_DEPENDENT,MASTER_FIELD_MAPPING
P021,10.1016/j.jallcom.2021.162765,P021_SERIES01,P021_MAT_FE50MN17p5CR12p5CO10NI5SI5,P021_MC_A1000_20M_RT_G41,P021_OBS_A1000_20M_RT_G41,P021_OBS_A1000_20M_RT_G41,Cr_at%,12.5,at.%,DIRECT_NOMINAL_TEXT_OR_VERIFIED_NA,"Abstract, Methods, and Fig.1",Nominal alloy design; EDS/BSE qualitative homogeneity review,High_TRIP_Medium_TWIP,VERIFIED,EXPERIMENTAL,https://doi.org/10.1016/j.jallcom.2021.162765,AUDIT_SCOPE_DEPENDENT,MASTER_FIELD_MAPPING
P021,10.1016/j.jallcom.2021.162765,P021_SERIES01,P021_MAT_FE50MN17p5CR12p5CO10NI5SI5,P021_MC_A1000_20M_RT_G41,P021_OBS_A1000_20M_RT_G41,P021_OBS_A1000_20M_RT_G41,Ni_at%,5.0,at.%,DIRECT_NOMINAL_TEXT_OR_VERIFIED_NA,"Abstract, Methods, and Fig.1",Nominal alloy design; EDS/BSE qualitative homogeneity review,High_TRIP_Medium_TWIP,VERIFIED,EXPERIMENTAL,https://doi.org/10.1016/j.jallcom.2021.162765,AUDIT_SCOPE_DEPENDENT,MASTER_FIELD_MAPPING
P021,10.1016/j.jallcom.2021.162765,P021_SERIES01,P021_MAT_FE50MN17p5CR12p5CO10NI5SI5,P021_MC_A1000_20M_RT_G41,P021_OBS_A1000_20M_RT_G41,P021_OBS_A1000_20M_RT_G41,Si_at%,5.0,at.%,DIRECT_NOMINAL_TEXT_OR_VERIFIED_NA,"Abstract, Methods, and Fig.1",Nominal alloy design; EDS/BSE qualitative homogeneity review,High_TRIP_Medium_TWIP,VERIFIED,EXPERIMENTAL,https://doi.org/10.1016/j.jallcom.2021.162765,AUDIT_SCOPE_DEPENDENT,MASTER_FIELD_MAPPING
P021,10.1016/j.jallcom.2021.162765,P021_SERIES01,P021_MAT_FE50MN17p5CR12p5CO10NI5SI5,P021_MC_A1000_20M_RT_G41,P021_OBS_A1000_20M_RT_G41,P021_OBS_A1000_20M_RT_G41,Processing_route,Vacuum arc melted under Ar from >99.9% raw materials; flipped/remelted at least five times; approximately 150 g alloy remolded to 65 x 40 x 10 mm; homogenized 1150 C/24 h; hot rolled at 1100 C to 3 mm; cold rolled 30%; final anneal 1000 C/20 min; water quenched,as reported,DIRECT_METHOD_OR_SCHEMA_UNIT_REPRESENTATION,"Methods pp.2-3 and Figs.2,4",Source methods; Celsius-to-Kelvin schema representation only,High_TRIP_Medium_TWIP,VERIFIED,EXPERIMENTAL,https://doi.org/10.1016/j.jallcom.2021.162765,AUDIT_SCOPE_DEPENDENT,MASTER_FIELD_MAPPING
P021,10.1016/j.jallcom.2021.162765,P021_SERIES01,P021_MAT_FE50MN17p5CR12p5CO10NI5SI5,P021_MC_A1000_20M_RT_G41,P021_OBS_A1000_20M_RT_G41,P021_OBS_A1000_20M_RT_G41,Cast_method,Vacuum arc melting under Ar; flipped/remelted at least five times; remolded rectangular ingot,as reported,DIRECT_METHOD_OR_SCHEMA_UNIT_REPRESENTATION,"Methods pp.2-3 and Figs.2,4",Source methods; Celsius-to-Kelvin schema representation only,High_TRIP_Medium_TWIP,VERIFIED,EXPERIMENTAL,https://doi.org/10.1016/j.jallcom.2021.162765,AUDIT_SCOPE_DEPENDENT,MASTER_FIELD_MAPPING
P021,10.1016/j.jallcom.2021.162765,P021_SERIES01,P021_MAT_FE50MN17p5CR12p5CO10NI5SI5,P021_MC_A1000_20M_RT_G41,P021_OBS_A1000_20M_RT_G41,P021_OBS_A1000_20M_RT_G41,Homogenization_T_K,1423.15,K,DIRECT_METHOD_OR_SCHEMA_UNIT_REPRESENTATION,"Methods pp.2-3 and Figs.2,4",Source methods; Celsius-to-Kelvin schema representation only,High_TRIP_Medium_TWIP,VERIFIED,EXPERIMENTAL,https://doi.org/10.1016/j.jallcom.2021.162765,AUDIT_SCOPE_DEPENDENT,MASTER_FIELD_MAPPING
P021,10.1016/j.jallcom.2021.162765,P021_SERIES01,P021_MAT_FE50MN17p5CR12p5CO10NI5SI5,P021_MC_A1000_20M_RT_G41,P021_OBS_A1000_20M_RT_G41,P021_OBS_A1000_20M_RT_G41,Homogenization_time_h,24.0,h,DIRECT_METHOD_OR_SCHEMA_UNIT_REPRESENTATION,"Methods pp.2-3 and Figs.2,4",Source methods; Celsius-to-Kelvin schema representation only,High_TRIP_Medium_TWIP,VERIFIED,EXPERIMENTAL,https://doi.org/10.1016/j.jallcom.2021.162765,AUDIT_SCOPE_DEPENDENT,MASTER_FIELD_MAPPING
P021,10.1016/j.jallcom.2021.162765,P021_SERIES01,P021_MAT_FE50MN17p5CR12p5CO10NI5SI5,P021_MC_A1000_20M_RT_G41,P021_OBS_A1000_20M_RT_G41,P021_OBS_A1000_20M_RT_G41,Hot_rolling_T_K,1373.15,K,DIRECT_METHOD_OR_SCHEMA_UNIT_REPRESENTATION,"Methods pp.2-3 and Figs.2,4",Source methods; Celsius-to-Kelvin schema representation only,High_TRIP_Medium_TWIP,VERIFIED,EXPERIMENTAL,https://doi.org/10.1016/j.jallcom.2021.162765,AUDIT_SCOPE_DEPENDENT,MASTER_FIELD_MAPPING
P021,10.1016/j.jallcom.2021.162765,P021_SERIES01,P021_MAT_FE50MN17p5CR12p5CO10NI5SI5,P021_MC_A1000_20M_RT_G41,P021_OBS_A1000_20M_RT_G41,P021_OBS_A1000_20M_RT_G41,Cold_rolling_reduction_pct,30.0,%,DIRECT_METHOD_OR_SCHEMA_UNIT_REPRESENTATION,"Methods pp.2-3 and Figs.2,4",Source methods; Celsius-to-Kelvin schema representation only,High_TRIP_Medium_TWIP,VERIFIED,EXPERIMENTAL,https://doi.org/10.1016/j.jallcom.2021.162765,AUDIT_SCOPE_DEPENDENT,MASTER_FIELD_MAPPING
P021,10.1016/j.jallcom.2021.162765,P021_SERIES01,P021_MAT_FE50MN17p5CR12p5CO10NI5SI5,P021_MC_A1000_20M_RT_G41,P021_OBS_A1000_20M_RT_G41,P021_OBS_A1000_20M_RT_G41,Annealing_T_K,1273.15,K,DIRECT_METHOD_OR_SCHEMA_UNIT_REPRESENTATION,"Methods pp.2-3 and Figs.2,4",Source methods; Celsius-to-Kelvin schema representation only,High_TRIP_Medium_TWIP,VERIFIED,EXPERIMENTAL,https://doi.org/10.1016/j.jallcom.2021.162765,AUDIT_SCOPE_DEPENDENT,MASTER_FIELD_MAPPING
P021,10.1016/j.jallcom.2021.162765,P021_SERIES01,P021_MAT_FE50MN17p5CR12p5CO10NI5SI5,P021_MC_A1000_20M_RT_G41,P021_OBS_A1000_20M_RT_G41,P021_OBS_A1000_20M_RT_G41,Annealing_time_min,20.0,min,DIRECT_METHOD_OR_SCHEMA_UNIT_REPRESENTATION,"Methods pp.2-3 and Figs.2,4",Source methods; Celsius-to-Kelvin schema representation only,High_TRIP_Medium_TWIP,VERIFIED,EXPERIMENTAL,https://doi.org/10.1016/j.jallcom.2021.162765,AUDIT_SCOPE_DEPENDENT,MASTER_FIELD_MAPPING
P021,10.1016/j.jallcom.2021.162765,P021_SERIES01,P021_MAT_FE50MN17p5CR12p5CO10NI5SI5,P021_MC_A1000_20M_RT_G41,P021_OBS_A1000_20M_RT_G41,P021_OBS_A1000_20M_RT_G41,Cooling_route,Water quench,as reported,DIRECT_METHOD_OR_SCHEMA_UNIT_REPRESENTATION,"Methods pp.2-3 and Figs.2,4",Source methods; Celsius-to-Kelvin schema representation only,High_TRIP_Medium_TWIP,VERIFIED,EXPERIMENTAL,https://doi.org/10.1016/j.jallcom.2021.162765,AUDIT_SCOPE_DEPENDENT,MASTER_FIELD_MAPPING
P021,10.1016/j.jallcom.2021.162765,P021_SERIES01,P021_MAT_FE50MN17p5CR12p5CO10NI5SI5,P021_MC_A1000_20M_RT_G41,P021_OBS_A1000_20M_RT_G41,P021_OBS_A1000_20M_RT_G41,Test_T_K,298.0,K,DIRECT_METHOD_OR_SCHEMA_UNIT_REPRESENTATION,"Methods pp.2-3 and Figs.2,4",Source methods; Celsius-to-Kelvin schema representation only,High_TRIP_Medium_TWIP,VERIFIED,EXPERIMENTAL,https://doi.org/10.1016/j.jallcom.2021.162765,AUDIT_SCOPE_DEPENDENT,MASTER_FIELD_MAPPING
P021,10.1016/j.jallcom.2021.162765,P021_SERIES01,P021_MAT_FE50MN17p5CR12p5CO10NI5SI5,P021_MC_A1000_20M_RT_G41,P021_OBS_A1000_20M_RT_G41,P021_OBS_A1000_20M_RT_G41,Strain_rate_s-1,0.001,s^-1,DIRECT_METHOD_OR_SCHEMA_UNIT_REPRESENTATION,"Methods pp.2-3 and Figs.2,4",Source methods; Celsius-to-Kelvin schema representation only,High_TRIP_Medium_TWIP,VERIFIED,EXPERIMENTAL,https://doi.org/10.1016/j.jallcom.2021.162765,AUDIT_SCOPE_DEPENDENT,MASTER_FIELD_MAPPING
P021,10.1016/j.jallcom.2021.162765,P021_SERIES01,P021_MAT_FE50MN17p5CR12p5CO10NI5SI5,P021_MC_A1000_20M_RT_G41,P021_OBS_A1000_20M_RT_G41,P021_OBS_A1000_20M_RT_G41,Grain_size_um,40.9,um,DIRECT_PRETEST_MICROSTRUCTURE,"Results pp.3,6 and Figs.2,3,7","BSE, EBSD, XRD, and pre-test TEM interpretation",High_TRIP_Medium_TWIP,VERIFIED,EXPERIMENTAL,https://doi.org/10.1016/j.jallcom.2021.162765,AUDIT_SCOPE_DEPENDENT,MASTER_FIELD_MAPPING
P021,10.1016/j.jallcom.2021.162765,P021_SERIES01,P021_MAT_FE50MN17p5CR12p5CO10NI5SI5,P021_MC_A1000_20M_RT_G41,P021_OBS_A1000_20M_RT_G41,P021_OBS_A1000_20M_RT_G41,Initial_FCC_fraction,UNRESOLVED_NA,fraction,DIRECT_PRETEST_MICROSTRUCTURE,"Results pp.3,6 and Figs.2,3,7","BSE, EBSD, XRD, and pre-test TEM interpretation",High_TRIP_Medium_TWIP,VERIFIED_NA_EXACT_NUMERIC_FCC_FRACTION_NOT_REPORTED,EXPERIMENTAL,https://doi.org/10.1016/j.jallcom.2021.162765,AUDIT_SCOPE_DEPENDENT,MASTER_FIELD_MAPPING
P021,10.1016/j.jallcom.2021.162765,P021_SERIES01,P021_MAT_FE50MN17p5CR12p5CO10NI5SI5,P021_MC_A1000_20M_RT_G41,P021_OBS_A1000_20M_RT_G41,P021_OBS_A1000_20M_RT_G41,Initial_HCP_fraction,0.0,fraction,DIRECT_PRETEST_MICROSTRUCTURE,"Results pp.3,6 and Figs.2,3,7","BSE, EBSD, XRD, and pre-test TEM interpretation",High_TRIP_Medium_TWIP,VERIFIED,EXPERIMENTAL,https://doi.org/10.1016/j.jallcom.2021.162765,AUDIT_SCOPE_DEPENDENT,MASTER_FIELD_MAPPING
P021,10.1016/j.jallcom.2021.162765,P021_SERIES01,P021_MAT_FE50MN17p5CR12p5CO10NI5SI5,P021_MC_A1000_20M_RT_G41,P021_OBS_A1000_20M_RT_G41,P021_OBS_A1000_20M_RT_G41,Initial_twin_boundary_status,Abundant annealing twins,as reported,DIRECT_PRETEST_MICROSTRUCTURE,"Results pp.3,6 and Figs.2,3,7","BSE, EBSD, XRD, and pre-test TEM interpretation",High_TRIP_Medium_TWIP,VERIFIED,EXPERIMENTAL,https://doi.org/10.1016/j.jallcom.2021.162765,AUDIT_SCOPE_DEPENDENT,MASTER_FIELD_MAPPING
P021,10.1016/j.jallcom.2021.162765,P021_SERIES01,P021_MAT_FE50MN17p5CR12p5CO10NI5SI5,P021_MC_A1000_20M_RT_G41,P021_OBS_A1000_20M_RT_G41,P021_OBS_A1000_20M_RT_G41,SFE_mJ_m2,UNRESOLVED_NA,mJ/m2,AUTHOR_INFERENCE_OR_VERIFIED_GAP,Results pp.5-6 and whole-paper review,Source interpretation; no numeric conversion or cross-paper transfer,High_TRIP_Medium_TWIP,VERIFIED_NA_NO_DIRECT_NUMERIC_ALLOY_SPECIFIC_SFE,EXPERIMENTAL,https://doi.org/10.1016/j.jallcom.2021.162765,NOT_SAFE_AS_DIRECT_NUMERIC_SFE,MASTER_FIELD_MAPPING
P021,10.1016/j.jallcom.2021.162765,P021_SERIES01,P021_MAT_FE50MN17p5CR12p5CO10NI5SI5,P021_MC_A1000_20M_RT_G41,P021_OBS_A1000_20M_RT_G41,P021_OBS_A1000_20M_RT_G41,SFE_method,UNRESOLVED_NA,as reported,AUTHOR_INFERENCE_OR_VERIFIED_GAP,Results pp.5-6 and whole-paper review,Source interpretation; no numeric conversion or cross-paper transfer,High_TRIP_Medium_TWIP,VERIFIED_NA_NO_DIRECT_NUMERIC_ALLOY_SPECIFIC_SFE,EXPERIMENTAL,https://doi.org/10.1016/j.jallcom.2021.162765,NOT_SAFE_AS_DIRECT_NUMERIC_SFE,MASTER_FIELD_MAPPING
P021,10.1016/j.jallcom.2021.162765,P021_SERIES01,P021_MAT_FE50MN17p5CR12p5CO10NI5SI5,P021_MC_A1000_20M_RT_G41,P021_OBS_A1000_20M_RT_G41,P021_OBS_A1000_20M_RT_G41,DeltaG_FCC_HCP_J_mol,UNRESOLVED_NA,J/mol,AUTHOR_INFERENCE_OR_VERIFIED_GAP,Results pp.5-6 and whole-paper review,Source interpretation; no numeric conversion or cross-paper transfer,High_TRIP_Medium_TWIP,VERIFIED_NA_NOT_REPORTED_NO_CROSS_PAPER_TRANSFER,EXPERIMENTAL,https://doi.org/10.1016/j.jallcom.2021.162765,NOT_SAFE_AS_DIRECT_NUMERIC_SFE,MASTER_FIELD_MAPPING
P021,10.1016/j.jallcom.2021.162765,P021_SERIES01,P021_MAT_FE50MN17p5CR12p5CO10NI5SI5,P021_MC_A1000_20M_RT_G41,P021_OBS_A1000_20M_RT_G41,P021_OBS_A1000_20M_RT_G41,DeltaG_method,UNRESOLVED_NA,as reported,AUTHOR_INFERENCE_OR_VERIFIED_GAP,Results pp.5-6 and whole-paper review,Source interpretation; no numeric conversion or cross-paper transfer,High_TRIP_Medium_TWIP,VERIFIED_NA_NOT_REPORTED_NO_CROSS_PAPER_TRANSFER,EXPERIMENTAL,https://doi.org/10.1016/j.jallcom.2021.162765,NOT_SAFE_AS_DIRECT_NUMERIC_SFE,MASTER_FIELD_MAPPING
P021,10.1016/j.jallcom.2021.162765,P021_SERIES01,P021_MAT_FE50MN17p5CR12p5CO10NI5SI5,P021_MC_A1000_20M_RT_G41,P021_OBS_A1000_20M_RT_G41,P021_OBS_A1000_20M_RT_G41,Lattice_parameter_nm,0.358,nm,DIRECT_PRETEST_MICROSTRUCTURE,"Results pp.3,6 and Figs.2,3,7","BSE, EBSD, XRD, and pre-test TEM interpretation",High_TRIP_Medium_TWIP,VERIFIED,EXPERIMENTAL,https://doi.org/10.1016/j.jallcom.2021.162765,AUDIT_SCOPE_DEPENDENT,MASTER_FIELD_MAPPING
P021,10.1016/j.jallcom.2021.162765,P021_SERIES01,P021_MAT_FE50MN17p5CR12p5CO10NI5SI5,P021_MC_A1000_20M_RT_G41,P021_OBS_A1000_20M_RT_G41,P021_OBS_A1000_20M_RT_G41,Slip,1,binary,CONDITION_LEVEL_TARGET_DECISION,"Methods pp.2-3; Fig.2; Fig.4; Results pp.3,6; Figs.2,3,7; Fig.4 inset tables p.4; Initial state is single FCC with HCP=0. After room-temperature tensile deformation, EBSD reports 14.9% HCP epsilon-martensite and TEM/SAD shows HCP laths. The paper explicitly reports 'few mechanical twins' in the deformed specimen.",Condition-specific EBSD/XRD/TEM evidence or conservative NA review,High_TRIP_Medium_TWIP,VERIFIED,EXPERIMENTAL,https://doi.org/10.1016/j.jallcom.2021.162765,AUDIT_SCOPE_DEPENDENT,MASTER_FIELD_MAPPING
P021,10.1016/j.jallcom.2021.162765,P021_SERIES01,P021_MAT_FE50MN17p5CR12p5CO10NI5SI5,P021_MC_A1000_20M_RT_G41,P021_OBS_A1000_20M_RT_G41,P021_OBS_A1000_20M_RT_G41,HCP_fraction_at_condition,0.149,fraction,DIRECT_POST_TEST_TARGET_EVIDENCE,"Figs.6a,7c pp.5-7","Condition-specific XRD, EBSD, and TEM/SAD",High_TRIP_Medium_TWIP,VERIFIED,EXPERIMENTAL,https://doi.org/10.1016/j.jallcom.2021.162765,POST_TEST_TARGET_EVIDENCE,MASTER_FIELD_MAPPING
P021,10.1016/j.jallcom.2021.162765,P021_SERIES01,P021_MAT_FE50MN17p5CR12p5CO10NI5SI5,P021_MC_A1000_20M_RT_G41,P021_OBS_A1000_20M_RT_G41,P021_OBS_A1000_20M_RT_G41,HCP_lath_or_lamella_note,"EBSD HCP fraction 14.9%, excluding non-indexed regions. TEM directly shows well-developed HCP epsilon-martensite laths and few mechanical twins. No alpha-BCT diffraction spots are detected.",as reported,DIRECT_POST_TEST_TARGET_EVIDENCE,"Figs.6a,7c pp.5-7","Condition-specific XRD, EBSD, and TEM/SAD",High_TRIP_Medium_TWIP,VERIFIED,EXPERIMENTAL,https://doi.org/10.1016/j.jallcom.2021.162765,POST_TEST_TARGET_EVIDENCE,MASTER_FIELD_MAPPING
P021,10.1016/j.jallcom.2021.162765,P021_SERIES01,P021_MAT_FE50MN17p5CR12p5CO10NI5SI5,P021_MC_A1000_20M_RT_G41,P021_OBS_A1000_20M_RT_G41,P021_OBS_A1000_20M_RT_G41,YS_MPa,249.0,MPa,DIRECT_AGGREGATE_TENSILE_OUTCOME,Fig.4 inset tables p.4,Average engineering tensile response from at least three specimens,High_TRIP_Medium_TWIP,VERIFIED,EXPERIMENTAL,https://doi.org/10.1016/j.jallcom.2021.162765,MECHANICAL_OUTCOME_LEAKAGE,MASTER_FIELD_MAPPING
P021,10.1016/j.jallcom.2021.162765,P021_SERIES01,P021_MAT_FE50MN17p5CR12p5CO10NI5SI5,P021_MC_A1000_20M_RT_G41,P021_OBS_A1000_20M_RT_G41,P021_OBS_A1000_20M_RT_G41,UTS_MPa,688.0,MPa,DIRECT_AGGREGATE_TENSILE_OUTCOME,Fig.4 inset tables p.4,Average engineering tensile response from at least three specimens,High_TRIP_Medium_TWIP,VERIFIED,EXPERIMENTAL,https://doi.org/10.1016/j.jallcom.2021.162765,MECHANICAL_OUTCOME_LEAKAGE,MASTER_FIELD_MAPPING
P021,10.1016/j.jallcom.2021.162765,P021_SERIES01,P021_MAT_FE50MN17p5CR12p5CO10NI5SI5,P021_MC_A1000_20M_RT_G41,P021_OBS_A1000_20M_RT_G41,P021_OBS_A1000_20M_RT_G41,Elongation_pct,58.0,%,DIRECT_AGGREGATE_TENSILE_OUTCOME,Fig.4 inset tables p.4,Average engineering tensile response from at least three specimens,High_TRIP_Medium_TWIP,VERIFIED,EXPERIMENTAL,https://doi.org/10.1016/j.jallcom.2021.162765,MECHANICAL_OUTCOME_LEAKAGE,MASTER_FIELD_MAPPING
P021,10.1016/j.jallcom.2021.162765,P021_SERIES01,P021_MAT_FE50MN17p5CR12p5CO10NI5SI5,P021_MC_A1000_20M_RT_G41,P021_OBS_A1000_20M_RT_G41,P021_OBS_A1000_20M_RT_G41,Evidence_TRIP,"Initial state is single FCC with HCP=0. After room-temperature tensile deformation, EBSD reports 14.9% HCP epsilon-martensite and TEM/SAD shows HCP laths. The paper explicitly reports 'few mechanical twins' in the deformed specimen.",as reported,CONDITION_LEVEL_TARGET_DECISION,"Methods pp.2-3; Fig.2; Fig.4; Results pp.3,6; Figs.2,3,7; Fig.4 inset tables p.4; Initial state is single FCC with HCP=0. After room-temperature tensile deformation, EBSD reports 14.9% HCP epsilon-martensite and TEM/SAD shows HCP laths. The paper explicitly reports 'few mechanical twins' in the deformed specimen.",Condition-specific EBSD/XRD/TEM evidence or conservative NA review,High_TRIP_Medium_TWIP,VERIFIED,EXPERIMENTAL,https://doi.org/10.1016/j.jallcom.2021.162765,AUDIT_SCOPE_DEPENDENT,MASTER_FIELD_MAPPING
P021,10.1016/j.jallcom.2021.162765,P021_SERIES01,P021_MAT_FE50MN17p5CR12p5CO10NI5SI5,P021_MC_A1000_20M_RT_G41,P021_OBS_A1000_20M_RT_G41,P021_OBS_A1000_20M_RT_G41,Evidence_TWIP,"TRIP=1 is direct and quantitative. TWIP=1 reflects observed occurrence, not dominance; preserve low-abundance evidence and do not confuse abundant annealing twins with deformation twins.",as reported,CONDITION_LEVEL_TARGET_DECISION,"Methods pp.2-3; Fig.2; Fig.4; Results pp.3,6; Figs.2,3,7; Fig.4 inset tables p.4; Initial state is single FCC with HCP=0. After room-temperature tensile deformation, EBSD reports 14.9% HCP epsilon-martensite and TEM/SAD shows HCP laths. The paper explicitly reports 'few mechanical twins' in the deformed specimen.",Condition-specific EBSD/XRD/TEM evidence or conservative NA review,High_TRIP_Medium_TWIP,VERIFIED,EXPERIMENTAL,https://doi.org/10.1016/j.jallcom.2021.162765,AUDIT_SCOPE_DEPENDENT,MASTER_FIELD_MAPPING
P021,10.1016/j.jallcom.2021.162765,P021_SERIES01,P021_MAT_FE50MN17p5CR12p5CO10NI5SI5,P021_MC_A1000_20M_RT_G41,P021_OBS_A1000_20M_RT_G41,P021_OBS_A1000_20M_RT_G41,Characterization_methods,BSE; EBSD; XRD; TEM/SAD,as reported,VERIFIED_MASTER_FIELD_MAPPING,"Methods pp.2-3; Fig.2; Fig.4; Results pp.3,6; Figs.2,3,7; Fig.4 inset tables p.4; Initial state is single FCC with HCP=0. After room-temperature tensile deformation, EBSD reports 14.9% HCP epsilon-martensite and TEM/SAD shows HCP laths. The paper explicitly reports 'few mechanical twins' in the deformed specimen.",Verified workbook-to-master mapping,High_TRIP_Medium_TWIP,VERIFIED,EXPERIMENTAL,https://doi.org/10.1016/j.jallcom.2021.162765,AUDIT_SCOPE_DEPENDENT,MASTER_FIELD_MAPPING
P021,10.1016/j.jallcom.2021.162765,P021_SERIES01,P021_MAT_FE50MN17p5CR12p5CO10NI5SI5,P021_MC_A1000_20M_RT_G41,P021_OBS_A1000_20M_RT_G41,P021_OBS_A1000_20M_RT_G41,Source_location,"Methods pp.2-3; Fig.2; Fig.4; Results pp.3,6; Figs.2,3,7; Fig.4 inset tables p.4; Initial state is single FCC with HCP=0. After room-temperature tensile deformation, EBSD reports 14.9% HCP epsilon-martensite and TEM/SAD shows HCP laths. The paper explicitly reports 'few mechanical twins' in the deformed specimen.",as reported,VERIFIED_MASTER_FIELD_MAPPING,"Methods pp.2-3; Fig.2; Fig.4; Results pp.3,6; Figs.2,3,7; Fig.4 inset tables p.4; Initial state is single FCC with HCP=0. After room-temperature tensile deformation, EBSD reports 14.9% HCP epsilon-martensite and TEM/SAD shows HCP laths. The paper explicitly reports 'few mechanical twins' in the deformed specimen.",Verified workbook-to-master mapping,High_TRIP_Medium_TWIP,VERIFIED,EXPERIMENTAL,https://doi.org/10.1016/j.jallcom.2021.162765,AUDIT_SCOPE_DEPENDENT,MASTER_FIELD_MAPPING
P021,10.1016/j.jallcom.2021.162765,P021_SERIES01,P021_MAT_FE50MN17p5CR12p5CO10NI5SI5,P021_MC_A1000_20M_RT_G41,P021_OBS_A1000_20M_RT_G41,P021_OBS_A1000_20M_RT_G41,Label_confidence,High_TRIP_Medium_TWIP,as reported,CONDITION_LEVEL_TARGET_DECISION,"Methods pp.2-3; Fig.2; Fig.4; Results pp.3,6; Figs.2,3,7; Fig.4 inset tables p.4; Initial state is single FCC with HCP=0. After room-temperature tensile deformation, EBSD reports 14.9% HCP epsilon-martensite and TEM/SAD shows HCP laths. The paper explicitly reports 'few mechanical twins' in the deformed specimen.",Condition-specific EBSD/XRD/TEM evidence or conservative NA review,High_TRIP_Medium_TWIP,VERIFIED,EXPERIMENTAL,https://doi.org/10.1016/j.jallcom.2021.162765,AUDIT_SCOPE_DEPENDENT,MASTER_FIELD_MAPPING
P021,10.1016/j.jallcom.2021.162765,P021_SERIES01,P021_MAT_FE50MN17p5CR12p5CO10NI5SI5,P021_MC_A1000_20M_RT_G41,P021_OBS_A1000_20M_RT_G41,P021_OBS_A1000_20M_RT_G41,Parent_Experiment_ID,P021_MC_A1000_20M_RT_G41,as reported,HIERARCHY_INTEGRATION,P021_Conditions verified sheet,Source-defined condition hierarchy and aggregate replicate scope,High_TRIP_Medium_TWIP,VERIFIED,EXPERIMENTAL,https://doi.org/10.1016/j.jallcom.2021.162765,AUDIT_SCOPE_DEPENDENT,MASTER_FIELD_MAPPING
P021,10.1016/j.jallcom.2021.162765,P021_SERIES01,P021_MAT_FE50MN17p5CR12p5CO10NI5SI5,P021_MC_A1000_20M_RT_G41,P021_OBS_A1000_20M_RT_G41,P021_OBS_A1000_20M_RT_G41,ML_Condition_ID,P021_MC_A1000_20M_RT_G41,as reported,HIERARCHY_INTEGRATION,P021_Conditions verified sheet,Source-defined condition hierarchy and aggregate replicate scope,High_TRIP_Medium_TWIP,VERIFIED,EXPERIMENTAL,https://doi.org/10.1016/j.jallcom.2021.162765,AUDIT_SCOPE_DEPENDENT,MASTER_FIELD_MAPPING
P021,10.1016/j.jallcom.2021.162765,P021_SERIES01,P021_MAT_FE50MN17p5CR12p5CO10NI5SI5,P021_MC_A1000_20M_RT_G41,P021_OBS_A1000_20M_RT_G41,P021_OBS_A1000_20M_RT_G41,Observation_ID,P021_OBS_A1000_20M_RT_G41,as reported,HIERARCHY_INTEGRATION,P021_Conditions verified sheet,Source-defined condition hierarchy and aggregate replicate scope,High_TRIP_Medium_TWIP,VERIFIED,EXPERIMENTAL,https://doi.org/10.1016/j.jallcom.2021.162765,AUDIT_SCOPE_DEPENDENT,MASTER_FIELD_MAPPING
P021,10.1016/j.jallcom.2021.162765,P021_SERIES01,P021_MAT_FE50MN17p5CR12p5CO10NI5SI5,P021_MC_A1000_20M_RT_G41,P021_OBS_A1000_20M_RT_G41,P021_OBS_A1000_20M_RT_G41,Data_Origin,EXPERIMENTAL,as reported,SOURCE_IDENTITY,Verified article identity / whole paper,Verified workbook and publisher DOI match,High_TRIP_Medium_TWIP,VERIFIED,EXPERIMENTAL,https://doi.org/10.1016/j.jallcom.2021.162765,AUDIT_SCOPE_DEPENDENT,MASTER_FIELD_MAPPING
P021,10.1016/j.jallcom.2021.162765,P021_SERIES01,P021_MAT_FE50MN17p5CR12p5CO10NI5SI5,P021_MC_A1000_20M_RT_G41,P021_OBS_A1000_20M_RT_G41,P021_OBS_A1000_20M_RT_G41,Observation_Role,INDEPENDENT_CONDITION,as reported,HIERARCHY_INTEGRATION,P021_Conditions verified sheet,Source-defined condition hierarchy and aggregate replicate scope,High_TRIP_Medium_TWIP,VERIFIED,EXPERIMENTAL,https://doi.org/10.1016/j.jallcom.2021.162765,AUDIT_SCOPE_DEPENDENT,MASTER_FIELD_MAPPING
P021,10.1016/j.jallcom.2021.162765,P021_SERIES01,P021_MAT_FE50MN17p5CR12p5CO10NI5SI5,P021_MC_A1000_20M_RT_G41,P021_OBS_A1000_20M_RT_G41,P021_OBS_A1000_20M_RT_G41,Grouping_Review_Required,False,as reported,HIERARCHY_INTEGRATION,P021_Conditions verified sheet,Source-defined condition hierarchy and aggregate replicate scope,High_TRIP_Medium_TWIP,VERIFIED,EXPERIMENTAL,https://doi.org/10.1016/j.jallcom.2021.162765,AUDIT_SCOPE_DEPENDENT,MASTER_FIELD_MAPPING
P021,10.1016/j.jallcom.2021.162765,P021_SERIES01,P021_MAT_FE50MN17p5CR12p5CO10NI5SI5,P021_MC_A1000_20M_RT_G41,P021_OBS_A1000_20M_RT_G41,P021_OBS_A1000_20M_RT_G41,Grouping_Confidence,HIGH,as reported,HIERARCHY_INTEGRATION,P021_Conditions verified sheet,Source-defined condition hierarchy and aggregate replicate scope,High_TRIP_Medium_TWIP,VERIFIED,EXPERIMENTAL,https://doi.org/10.1016/j.jallcom.2021.162765,AUDIT_SCOPE_DEPENDENT,MASTER_FIELD_MAPPING
P021,10.1016/j.jallcom.2021.162765,P021_SERIES01,P021_MAT_FE50MN17p5CR12p5CO10NI5SI5,P021_MC_A1000_20M_RT_G41,P021_OBS_A1000_20M_RT_G41,P021_OBS_A1000_20M_RT_G41,Grouping_Reason,Verified source-defined anneal/grain-size/test-temperature condition; five siblings remain in one strict study group,as reported,HIERARCHY_INTEGRATION,P021_Conditions verified sheet,Source-defined condition hierarchy and aggregate replicate scope,High_TRIP_Medium_TWIP,VERIFIED,EXPERIMENTAL,https://doi.org/10.1016/j.jallcom.2021.162765,AUDIT_SCOPE_DEPENDENT,MASTER_FIELD_MAPPING
P021,10.1016/j.jallcom.2021.162765,P021_SERIES01,P021_MAT_FE50MN17p5CR12p5CO10NI5SI5,P021_MC_A1000_20M_RT_G41,P021_OBS_A1000_20M_RT_G41,P021_OBS_A1000_20M_RT_G41,Recovered_Initial_FCC_fraction,UNRESOLVED_NA,fraction,DIRECT_PRETEST_MICROSTRUCTURE,"Results pp.3,6 and Figs.2,3,7","BSE, EBSD, XRD, and pre-test TEM interpretation",High_TRIP_Medium_TWIP,VERIFIED_NA_EXACT_NUMERIC_FCC_FRACTION_NOT_REPORTED,EXPERIMENTAL,https://doi.org/10.1016/j.jallcom.2021.162765,AUDIT_SCOPE_DEPENDENT,MASTER_FIELD_MAPPING
P021,10.1016/j.jallcom.2021.162765,P021_SERIES01,P021_MAT_FE50MN17p5CR12p5CO10NI5SI5,P021_MC_A1000_20M_RT_G41,P021_OBS_A1000_20M_RT_G41,P021_OBS_A1000_20M_RT_G41,Recovered_Initial_HCP_fraction,0.0,fraction,DIRECT_PRETEST_MICROSTRUCTURE,"Results pp.3,6 and Figs.2,3,7","BSE, EBSD, XRD, and pre-test TEM interpretation",High_TRIP_Medium_TWIP,VERIFIED,EXPERIMENTAL,https://doi.org/10.1016/j.jallcom.2021.162765,AUDIT_SCOPE_DEPENDENT,MASTER_FIELD_MAPPING
P021,10.1016/j.jallcom.2021.162765,P021_SERIES01,P021_MAT_FE50MN17p5CR12p5CO10NI5SI5,P021_MC_A1000_20M_RT_G41,P021_OBS_A1000_20M_RT_G41,P021_OBS_A1000_20M_RT_G41,Recovered_TRIP,1,binary,CONDITION_LEVEL_TARGET_DECISION,"Methods pp.2-3; Fig.2; Fig.4; Results pp.3,6; Figs.2,3,7; Fig.4 inset tables p.4; Initial state is single FCC with HCP=0. After room-temperature tensile deformation, EBSD reports 14.9% HCP epsilon-martensite and TEM/SAD shows HCP laths. The paper explicitly reports 'few mechanical twins' in the deformed specimen.",Condition-specific EBSD/XRD/TEM evidence or conservative NA review,High_TRIP_Medium_TWIP,VERIFIED,EXPERIMENTAL,https://doi.org/10.1016/j.jallcom.2021.162765,AUDIT_SCOPE_DEPENDENT,MASTER_FIELD_MAPPING
P021,10.1016/j.jallcom.2021.162765,P021_SERIES01,P021_MAT_FE50MN17p5CR12p5CO10NI5SI5,P021_MC_A1000_20M_RT_G41,P021_OBS_A1000_20M_RT_G41,P021_OBS_A1000_20M_RT_G41,Recovered_TWIP,1,binary,CONDITION_LEVEL_TARGET_DECISION,"Methods pp.2-3; Fig.2; Fig.4; Results pp.3,6; Figs.2,3,7; Fig.4 inset tables p.4; Initial state is single FCC with HCP=0. After room-temperature tensile deformation, EBSD reports 14.9% HCP epsilon-martensite and TEM/SAD shows HCP laths. The paper explicitly reports 'few mechanical twins' in the deformed specimen.",Condition-specific EBSD/XRD/TEM evidence or conservative NA review,High_TRIP_Medium_TWIP,VERIFIED,EXPERIMENTAL,https://doi.org/10.1016/j.jallcom.2021.162765,AUDIT_SCOPE_DEPENDENT,MASTER_FIELD_MAPPING
P021,10.1016/j.jallcom.2021.162765,P021_SERIES01,P021_MAT_FE50MN17p5CR12p5CO10NI5SI5,P021_MC_A1000_20M_RT_G41,P021_OBS_A1000_20M_RT_G41,P021_OBS_A1000_20M_RT_G41,Effective_TRIP,1,binary,CONDITION_LEVEL_TARGET_DECISION,"Methods pp.2-3; Fig.2; Fig.4; Results pp.3,6; Figs.2,3,7; Fig.4 inset tables p.4; Initial state is single FCC with HCP=0. After room-temperature tensile deformation, EBSD reports 14.9% HCP epsilon-martensite and TEM/SAD shows HCP laths. The paper explicitly reports 'few mechanical twins' in the deformed specimen.",Condition-specific EBSD/XRD/TEM evidence or conservative NA review,High_TRIP_Medium_TWIP,VERIFIED,EXPERIMENTAL,https://doi.org/10.1016/j.jallcom.2021.162765,AUDIT_SCOPE_DEPENDENT,MASTER_FIELD_MAPPING
P021,10.1016/j.jallcom.2021.162765,P021_SERIES01,P021_MAT_FE50MN17p5CR12p5CO10NI5SI5,P021_MC_A1000_20M_RT_G41,P021_OBS_A1000_20M_RT_G41,P021_OBS_A1000_20M_RT_G41,Effective_TWIP,1,binary,CONDITION_LEVEL_TARGET_DECISION,"Methods pp.2-3; Fig.2; Fig.4; Results pp.3,6; Figs.2,3,7; Fig.4 inset tables p.4; Initial state is single FCC with HCP=0. After room-temperature tensile deformation, EBSD reports 14.9% HCP epsilon-martensite and TEM/SAD shows HCP laths. The paper explicitly reports 'few mechanical twins' in the deformed specimen.",Condition-specific EBSD/XRD/TEM evidence or conservative NA review,High_TRIP_Medium_TWIP,VERIFIED,EXPERIMENTAL,https://doi.org/10.1016/j.jallcom.2021.162765,AUDIT_SCOPE_DEPENDENT,MASTER_FIELD_MAPPING
P021,10.1016/j.jallcom.2021.162765,P021_SERIES01,P021_MAT_FE50MN17p5CR12p5CO10NI5SI5,P021_MC_A1000_20M_RT_G41,P021_OBS_A1000_20M_RT_G41,P021_OBS_A1000_20M_RT_G41,Study_Series_ID,P021_SERIES01,as reported,HIERARCHY_INTEGRATION,P021_Conditions verified sheet,Source-defined condition hierarchy and aggregate replicate scope,High_TRIP_Medium_TWIP,VERIFIED,EXPERIMENTAL,https://doi.org/10.1016/j.jallcom.2021.162765,AUDIT_SCOPE_DEPENDENT,MASTER_FIELD_MAPPING
P021,10.1016/j.jallcom.2021.162765,P021_SERIES01,P021_MAT_FE50MN17p5CR12p5CO10NI5SI5,P021_MC_A1000_20M_RT_G41,P021_OBS_A1000_20M_RT_G41,P021_OBS_A1000_20M_RT_G41,Material_Parent_ID,P021_MAT_FE50MN17p5CR12p5CO10NI5SI5,as reported,HIERARCHY_INTEGRATION,P021_Conditions verified sheet,Source-defined condition hierarchy and aggregate replicate scope,High_TRIP_Medium_TWIP,VERIFIED,EXPERIMENTAL,https://doi.org/10.1016/j.jallcom.2021.162765,AUDIT_SCOPE_DEPENDENT,MASTER_FIELD_MAPPING
P021,10.1016/j.jallcom.2021.162765,P021_SERIES01,P021_MAT_FE50MN17p5CR12p5CO10NI5SI5,P021_MC_A1000_20M_RT_G41,P021_OBS_A1000_20M_RT_G41,P021_OBS_A1000_20M_RT_G41,Physical_Batch_ID,UNRESOLVED_NA,as reported,HIERARCHY_INTEGRATION,P021_Conditions verified sheet,Source-defined condition hierarchy and aggregate replicate scope,High_TRIP_Medium_TWIP,VERIFIED_NA_NOT_SOURCE_SUPPORTED,EXPERIMENTAL,https://doi.org/10.1016/j.jallcom.2021.162765,AUDIT_SCOPE_DEPENDENT,MASTER_FIELD_MAPPING
P021,10.1016/j.jallcom.2021.162765,P021_SERIES01,P021_MAT_FE50MN17p5CR12p5CO10NI5SI5,P021_MC_A1000_20M_RT_G41,P021_OBS_A1000_20M_RT_G41,P021_OBS_A1000_20M_RT_G41,Replicate_ID,UNRESOLVED_NA,as reported,HIERARCHY_INTEGRATION,P021_Conditions verified sheet,Source-defined condition hierarchy and aggregate replicate scope,High_TRIP_Medium_TWIP,VERIFIED_NA_NOT_SOURCE_SUPPORTED,EXPERIMENTAL,https://doi.org/10.1016/j.jallcom.2021.162765,AUDIT_SCOPE_DEPENDENT,MASTER_FIELD_MAPPING
P021,10.1016/j.jallcom.2021.162765,P021_SERIES01,P021_MAT_FE50MN17p5CR12p5CO10NI5SI5,P021_MC_A1000_20M_RT_G41,P021_OBS_A1000_20M_RT_G41,P021_OBS_A1000_20M_RT_G41,Leakage_Group_Strict,P021_SERIES01,as reported,HIERARCHY_INTEGRATION,P021_Conditions verified sheet,Source-defined condition hierarchy and aggregate replicate scope,High_TRIP_Medium_TWIP,VERIFIED,EXPERIMENTAL,https://doi.org/10.1016/j.jallcom.2021.162765,AUDIT_SCOPE_DEPENDENT,MASTER_FIELD_MAPPING
P021,10.1016/j.jallcom.2021.162765,P021_SERIES01,P021_MAT_FE50MN17p5CR12p5CO10NI5SI5,P021_MC_A1000_20M_RT_G41,P021_OBS_A1000_20M_RT_G41,P021_OBS_A1000_20M_RT_G41,Leakage_Group_Material,P021_MAT_FE50MN17p5CR12p5CO10NI5SI5,as reported,HIERARCHY_INTEGRATION,P021_Conditions verified sheet,Source-defined condition hierarchy and aggregate replicate scope,High_TRIP_Medium_TWIP,VERIFIED,EXPERIMENTAL,https://doi.org/10.1016/j.jallcom.2021.162765,AUDIT_SCOPE_DEPENDENT,MASTER_FIELD_MAPPING
P021,10.1016/j.jallcom.2021.162765,P021_SERIES01,P021_MAT_FE50MN17p5CR12p5CO10NI5SI5,P021_MC_A1000_20M_RT_G41,P021_OBS_A1000_20M_RT_G41,P021_OBS_A1000_20M_RT_G41,Parent_ML_Condition_ID,P021_MC_A1000_20M_RT_G41,as reported,HIERARCHY_INTEGRATION,P021_Conditions verified sheet,Source-defined condition hierarchy and aggregate replicate scope,High_TRIP_Medium_TWIP,VERIFIED,EXPERIMENTAL,https://doi.org/10.1016/j.jallcom.2021.162765,AUDIT_SCOPE_DEPENDENT,MASTER_FIELD_MAPPING
P021,10.1016/j.jallcom.2021.162765,P021_SERIES01,P021_MAT_FE50MN17p5CR12p5CO10NI5SI5,P021_MC_A1000_20M_RT_G41,P021_OBS_A1000_20M_RT_G41,P021_OBS_A1000_20M_RT_G41,YS_mean,249.0,MPa,DIRECT_AGGREGATE_TENSILE_OUTCOME,Fig.4 inset tables p.4,Average engineering tensile response from at least three specimens,High_TRIP_Medium_TWIP,VERIFIED,EXPERIMENTAL,https://doi.org/10.1016/j.jallcom.2021.162765,MECHANICAL_OUTCOME_LEAKAGE,MASTER_FIELD_MAPPING
P021,10.1016/j.jallcom.2021.162765,P021_SERIES01,P021_MAT_FE50MN17p5CR12p5CO10NI5SI5,P021_MC_A1000_20M_RT_G41,P021_OBS_A1000_20M_RT_G41,P021_OBS_A1000_20M_RT_G41,UTS_mean,688.0,MPa,DIRECT_AGGREGATE_TENSILE_OUTCOME,Fig.4 inset tables p.4,Average engineering tensile response from at least three specimens,High_TRIP_Medium_TWIP,VERIFIED,EXPERIMENTAL,https://doi.org/10.1016/j.jallcom.2021.162765,MECHANICAL_OUTCOME_LEAKAGE,MASTER_FIELD_MAPPING
P021,10.1016/j.jallcom.2021.162765,P021_SERIES01,P021_MAT_FE50MN17p5CR12p5CO10NI5SI5,P021_MC_A1000_20M_RT_G41,P021_OBS_A1000_20M_RT_G41,P021_OBS_A1000_20M_RT_G41,TE_mean,58.0,%,DIRECT_AGGREGATE_TENSILE_OUTCOME,Fig.4 inset tables p.4,Average engineering tensile response from at least three specimens,High_TRIP_Medium_TWIP,VERIFIED,EXPERIMENTAL,https://doi.org/10.1016/j.jallcom.2021.162765,MECHANICAL_OUTCOME_LEAKAGE,MASTER_FIELD_MAPPING
P021,10.1016/j.jallcom.2021.162765,P021_SERIES01,P021_MAT_FE50MN17p5CR12p5CO10NI5SI5,P021_MC_A1000_20M_RT_G41,P021_OBS_A1000_20M_RT_G41,P021_OBS_A1000_20M_RT_G41,Replicate_n,3,minimum count,HIERARCHY_INTEGRATION,P021_Conditions verified sheet,Source-defined condition hierarchy and aggregate replicate scope,High_TRIP_Medium_TWIP,VERIFIED,EXPERIMENTAL,https://doi.org/10.1016/j.jallcom.2021.162765,AUDIT_SCOPE_DEPENDENT,MASTER_FIELD_MAPPING
P021,10.1016/j.jallcom.2021.162765,P021_SERIES01,P021_MAT_FE50MN17p5CR12p5CO10NI5SI5,P021_MC_A1000_20M_RT_G41,P021_OBS_A1000_20M_RT_G41,P021_OBS_A1000_20M_RT_G41,Recovered_Bulk_Composition_at_pct,UNRESOLVED_NA,as reported,DIRECT_NOMINAL_TEXT_OR_VERIFIED_NA,"Abstract, Methods, and Fig.1",Nominal alloy design; EDS/BSE qualitative homogeneity review,High_TRIP_Medium_TWIP,VERIFIED_NA_NO_QUANTITATIVE_POSTMELT_BULK_ANALYSIS,EXPERIMENTAL,https://doi.org/10.1016/j.jallcom.2021.162765,AUDIT_SCOPE_DEPENDENT,MASTER_FIELD_MAPPING
P021,10.1016/j.jallcom.2021.162765,P021_SERIES01,P021_MAT_FE50MN17p5CR12p5CO10NI5SI5,P021_MC_A1000_20M_RT_G41,P021_OBS_A1000_20M_RT_G41,P021_OBS_A1000_20M_RT_G41,Recovered_Initial_HCP_status,DIRECT_PRETEST_PHASE_ABSENCE,as reported,DIRECT_PRETEST_MICROSTRUCTURE,"Results pp.3,6 and Figs.2,3,7","BSE, EBSD, XRD, and pre-test TEM interpretation",High_TRIP_Medium_TWIP,VERIFIED,EXPERIMENTAL,https://doi.org/10.1016/j.jallcom.2021.162765,AUDIT_SCOPE_DEPENDENT,MASTER_FIELD_MAPPING
P021,10.1016/j.jallcom.2021.162765,P021_SERIES01,P021_MAT_FE50MN17p5CR12p5CO10NI5SI5,P021_MC_A1000_20M_RT_G41,P021_OBS_A1000_20M_RT_G41,P021_OBS_A1000_20M_RT_G41,Independent_ML_sample,True,as reported,HIERARCHY_INTEGRATION,P021_Conditions verified sheet,Source-defined condition hierarchy and aggregate replicate scope,High_TRIP_Medium_TWIP,VERIFIED,EXPERIMENTAL,https://doi.org/10.1016/j.jallcom.2021.162765,AUDIT_SCOPE_DEPENDENT,MASTER_FIELD_MAPPING
P021,10.1016/j.jallcom.2021.162765,P021_SERIES01,P021_MAT_FE50MN17p5CR12p5CO10NI5SI5,P021_MC_A1000_20M_RT_G41,P021_OBS_A1000_20M_RT_G41,P021_OBS_A1000_20M_RT_G41,Nominal_Composition_at_pct,Fe50Mn17.5Cr12.5Co10Ni5Si5,as reported,DIRECT_NOMINAL_TEXT_OR_VERIFIED_NA,"Abstract, Methods, and Fig.1",Nominal alloy design; EDS/BSE qualitative homogeneity review,High_TRIP_Medium_TWIP,VERIFIED,EXPERIMENTAL,https://doi.org/10.1016/j.jallcom.2021.162765,AUDIT_SCOPE_DEPENDENT,MASTER_FIELD_MAPPING
P021,10.1016/j.jallcom.2021.162765,P021_SERIES01,P021_MAT_FE50MN17p5CR12p5CO10NI5SI5,P021_MC_A1000_20M_RT_G41,P021_OBS_A1000_20M_RT_G41,P021_OBS_A1000_20M_RT_G41,Measured_Composition_Status,NO_QUANTITATIVE_POSTMELT_BULK_ANALYSIS,as reported,DIRECT_NOMINAL_TEXT_OR_VERIFIED_NA,"Abstract, Methods, and Fig.1",Nominal alloy design; EDS/BSE qualitative homogeneity review,High_TRIP_Medium_TWIP,VERIFIED,EXPERIMENTAL,https://doi.org/10.1016/j.jallcom.2021.162765,AUDIT_SCOPE_DEPENDENT,MASTER_FIELD_MAPPING
P021,10.1016/j.jallcom.2021.162765,P021_SERIES01,P021_MAT_FE50MN17p5CR12p5CO10NI5SI5,P021_MC_A1000_20M_RT_G41,P021_OBS_A1000_20M_RT_G41,P021_OBS_A1000_20M_RT_G41,Initial_Phase_State_Qualitative,SINGLE_FCC,as reported,DIRECT_PRETEST_MICROSTRUCTURE,"Results pp.3,6 and Figs.2,3,7","BSE, EBSD, XRD, and pre-test TEM interpretation",High_TRIP_Medium_TWIP,VERIFIED,EXPERIMENTAL,https://doi.org/10.1016/j.jallcom.2021.162765,AUDIT_SCOPE_DEPENDENT,MASTER_FIELD_MAPPING
P021,10.1016/j.jallcom.2021.162765,P021_SERIES01,P021_MAT_FE50MN17p5CR12p5CO10NI5SI5,P021_MC_A1000_20M_RT_G41,P021_OBS_A1000_20M_RT_G41,P021_OBS_A1000_20M_RT_G41,Initial_Phase_Status,FULLY_RECRYSTALLIZED_SINGLE_FCC_BEFORE_TENSILE_LOADING,as reported,DIRECT_PRETEST_MICROSTRUCTURE,"Results pp.3,6 and Figs.2,3,7","BSE, EBSD, XRD, and pre-test TEM interpretation",High_TRIP_Medium_TWIP,VERIFIED,EXPERIMENTAL,https://doi.org/10.1016/j.jallcom.2021.162765,AUDIT_SCOPE_DEPENDENT,MASTER_FIELD_MAPPING
P021,10.1016/j.jallcom.2021.162765,P021_SERIES01,P021_MAT_FE50MN17p5CR12p5CO10NI5SI5,P021_MC_A1000_20M_RT_G41,P021_OBS_A1000_20M_RT_G41,P021_OBS_A1000_20M_RT_G41,Initial_Twin_Type,ANNEALING_TWINS,as reported,DIRECT_PRETEST_MICROSTRUCTURE,"Results pp.3,6 and Figs.2,3,7","BSE, EBSD, XRD, and pre-test TEM interpretation",High_TRIP_Medium_TWIP,VERIFIED,EXPERIMENTAL,https://doi.org/10.1016/j.jallcom.2021.162765,AUDIT_SCOPE_DEPENDENT,MASTER_FIELD_MAPPING
P021,10.1016/j.jallcom.2021.162765,P021_SERIES01,P021_MAT_FE50MN17p5CR12p5CO10NI5SI5,P021_MC_A1000_20M_RT_G41,P021_OBS_A1000_20M_RT_G41,P021_OBS_A1000_20M_RT_G41,Measured_Composition_at_pct,UNRESOLVED_NA,as reported,DIRECT_NOMINAL_TEXT_OR_VERIFIED_NA,"Abstract, Methods, and Fig.1",Nominal alloy design; EDS/BSE qualitative homogeneity review,High_TRIP_Medium_TWIP,VERIFIED_NA_NO_QUANTITATIVE_POSTMELT_BULK_ANALYSIS,EXPERIMENTAL,https://doi.org/10.1016/j.jallcom.2021.162765,AUDIT_SCOPE_DEPENDENT,MASTER_FIELD_MAPPING
P021,10.1016/j.jallcom.2021.162765,P021_SERIES01,P021_MAT_FE50MN17p5CR12p5CO10NI5SI5,P021_MC_A1000_20M_RT_G41,P021_OBS_A1000_20M_RT_G41,P021_OBS_A1000_20M_RT_G41,Loading_Direction,Longitudinal / rolling direction,as reported,DIRECT_METHOD_OR_SCHEMA_UNIT_REPRESENTATION,"Methods pp.2-3 and Figs.2,4",Source methods; Celsius-to-Kelvin schema representation only,High_TRIP_Medium_TWIP,VERIFIED,EXPERIMENTAL,https://doi.org/10.1016/j.jallcom.2021.162765,AUDIT_SCOPE_DEPENDENT,MASTER_FIELD_MAPPING
P021,10.1016/j.jallcom.2021.162765,P021_SERIES01,P021_MAT_FE50MN17p5CR12p5CO10NI5SI5,P021_MC_A1000_20M_RT_G41,P021_OBS_A1000_20M_RT_G41,P021_OBS_A1000_20M_RT_G41,Test_T_Raw,25 C,as reported,DIRECT_METHOD_OR_SCHEMA_UNIT_REPRESENTATION,"Methods pp.2-3 and Figs.2,4",Source methods; Celsius-to-Kelvin schema representation only,High_TRIP_Medium_TWIP,VERIFIED,EXPERIMENTAL,https://doi.org/10.1016/j.jallcom.2021.162765,AUDIT_SCOPE_DEPENDENT,MASTER_FIELD_MAPPING
P021,10.1016/j.jallcom.2021.162765,P021_SERIES01,P021_MAT_FE50MN17p5CR12p5CO10NI5SI5,P021_MC_A1000_20M_RT_G41,P021_OBS_A1000_20M_RT_G41,P021_OBS_A1000_20M_RT_G41,Composition_Status,NOMINAL_ONLY_EDS_QUALITATIVE_HOMOGENEITY_NO_QUANTITATIVE_POSTMELT_BULK_ANALYSIS,as reported,DIRECT_NOMINAL_TEXT_OR_VERIFIED_NA,"Abstract, Methods, and Fig.1",Nominal alloy design; EDS/BSE qualitative homogeneity review,High_TRIP_Medium_TWIP,VERIFIED,EXPERIMENTAL,https://doi.org/10.1016/j.jallcom.2021.162765,AUDIT_SCOPE_DEPENDENT,MASTER_FIELD_MAPPING
P021,10.1016/j.jallcom.2021.162765,P021_SERIES01,P021_MAT_FE50MN17p5CR12p5CO10NI5SI5,P021_MC_A1000_20M_RT_G41,P021_OBS_A1000_20M_RT_G41,P021_OBS_A1000_20M_RT_G41,Grain_Size_Scope,MATRIX_GRAINS_EXCLUDING_ANNEALING_TWIN_BOUNDARIES,as reported,DIRECT_PRETEST_MICROSTRUCTURE,"Results pp.3,6 and Figs.2,3,7","BSE, EBSD, XRD, and pre-test TEM interpretation",High_TRIP_Medium_TWIP,VERIFIED,EXPERIMENTAL,https://doi.org/10.1016/j.jallcom.2021.162765,AUDIT_SCOPE_DEPENDENT,MASTER_FIELD_MAPPING
P021,10.1016/j.jallcom.2021.162765,P021_SERIES01,P021_MAT_FE50MN17p5CR12p5CO10NI5SI5,P021_MC_A1000_20M_RT_G41,P021_OBS_A1000_20M_RT_G41,P021_OBS_A1000_20M_RT_G41,Initial_HCP_Status,DIRECT_PRETEST_PHASE_ABSENCE,as reported,DIRECT_PRETEST_MICROSTRUCTURE,"Results pp.3,6 and Figs.2,3,7","BSE, EBSD, XRD, and pre-test TEM interpretation",High_TRIP_Medium_TWIP,VERIFIED,EXPERIMENTAL,https://doi.org/10.1016/j.jallcom.2021.162765,AUDIT_SCOPE_DEPENDENT,MASTER_FIELD_MAPPING
P021,10.1016/j.jallcom.2021.162765,P021_SERIES01,P021_MAT_FE50MN17p5CR12p5CO10NI5SI5,P021_MC_A1000_20M_RT_G41,P021_OBS_A1000_20M_RT_G41,P021_OBS_A1000_20M_RT_G41,Initial_HCP_Origin,ABSENT_BEFORE_TENSILE_LOADING,as reported,DIRECT_PRETEST_MICROSTRUCTURE,"Results pp.3,6 and Figs.2,3,7","BSE, EBSD, XRD, and pre-test TEM interpretation",High_TRIP_Medium_TWIP,VERIFIED,EXPERIMENTAL,https://doi.org/10.1016/j.jallcom.2021.162765,AUDIT_SCOPE_DEPENDENT,MASTER_FIELD_MAPPING
P021,10.1016/j.jallcom.2021.162765,P021_SERIES01,P021_MAT_FE50MN17p5CR12p5CO10NI5SI5,P021_MC_A1000_20M_RT_G41,P021_OBS_A1000_20M_RT_G41,P021_OBS_A1000_20M_RT_G41,HCP_fraction_status,POST_TEST_TARGET_EVIDENCE_EBSD_INDEXED_PIXELS_ONLY,as reported,DIRECT_POST_TEST_TARGET_EVIDENCE,"Figs.6a,7c pp.5-7","Condition-specific XRD, EBSD, and TEM/SAD",High_TRIP_Medium_TWIP,VERIFIED,EXPERIMENTAL,https://doi.org/10.1016/j.jallcom.2021.162765,POST_TEST_TARGET_EVIDENCE,MASTER_FIELD_MAPPING
P021,10.1016/j.jallcom.2021.162765,P021_SERIES01,P021_MAT_FE50MN17p5CR12p5CO10NI5SI5,P021_MC_A1000_20M_RT_G41,P021_OBS_A1000_20M_RT_G41,P021_OBS_A1000_20M_RT_G41,Recrystallized_Status,FULLY_RECRYSTALLIZED_QUALITATIVE,as reported,DIRECT_PRETEST_MICROSTRUCTURE,"Results pp.3,6 and Figs.2,3,7","BSE, EBSD, XRD, and pre-test TEM interpretation",High_TRIP_Medium_TWIP,VERIFIED,EXPERIMENTAL,https://doi.org/10.1016/j.jallcom.2021.162765,AUDIT_SCOPE_DEPENDENT,MASTER_FIELD_MAPPING
P021,10.1016/j.jallcom.2021.162765,P021_SERIES01,P021_MAT_FE50MN17p5CR12p5CO10NI5SI5,P021_MC_A1000_20M_RT_G41,P021_OBS_A1000_20M_RT_G41,P021_OBS_A1000_20M_RT_G41,Initial_Twin_Origin,ANNEALING_PRETEST,as reported,DIRECT_PRETEST_MICROSTRUCTURE,"Results pp.3,6 and Figs.2,3,7","BSE, EBSD, XRD, and pre-test TEM interpretation",High_TRIP_Medium_TWIP,VERIFIED,EXPERIMENTAL,https://doi.org/10.1016/j.jallcom.2021.162765,AUDIT_SCOPE_DEPENDENT,MASTER_FIELD_MAPPING
P021,10.1016/j.jallcom.2021.162765,P021_SERIES01,P021_MAT_FE50MN17p5CR12p5CO10NI5SI5,P021_MC_A1000_20M_RT_G41,P021_OBS_A1000_20M_RT_G41,P021_OBS_A1000_20M_RT_G41,Raw_Material_Purity,>99.9%,as reported,DIRECT_METHOD_OR_SCHEMA_UNIT_REPRESENTATION,"Methods pp.2-3 and Figs.2,4",Source methods; Celsius-to-Kelvin schema representation only,High_TRIP_Medium_TWIP,VERIFIED,EXPERIMENTAL,https://doi.org/10.1016/j.jallcom.2021.162765,AUDIT_SCOPE_DEPENDENT,MASTER_FIELD_MAPPING
P021,10.1016/j.jallcom.2021.162765,P021_SERIES01,P021_MAT_FE50MN17p5CR12p5CO10NI5SI5,P021_MC_A1000_20M_RT_G41,P021_OBS_A1000_20M_RT_G41,P021_OBS_A1000_20M_RT_G41,Grain_Size_Status,DIRECT_EBSD_BSE_TWIN_BOUNDARIES_EXCLUDED,as reported,DIRECT_PRETEST_MICROSTRUCTURE,"Results pp.3,6 and Figs.2,3,7","BSE, EBSD, XRD, and pre-test TEM interpretation",High_TRIP_Medium_TWIP,VERIFIED,EXPERIMENTAL,https://doi.org/10.1016/j.jallcom.2021.162765,AUDIT_SCOPE_DEPENDENT,MASTER_FIELD_MAPPING
P021,10.1016/j.jallcom.2021.162765,P021_SERIES01,P021_MAT_FE50MN17p5CR12p5CO10NI5SI5,P021_MC_A1000_20M_RT_G41,P021_OBS_A1000_20M_RT_G41,P021_OBS_A1000_20M_RT_G41,Engineering_YS_MPa,249.0,MPa,DIRECT_AGGREGATE_TENSILE_OUTCOME,Fig.4 inset tables p.4,Average engineering tensile response from at least three specimens,High_TRIP_Medium_TWIP,VERIFIED,EXPERIMENTAL,https://doi.org/10.1016/j.jallcom.2021.162765,MECHANICAL_OUTCOME_LEAKAGE,MASTER_FIELD_MAPPING
P021,10.1016/j.jallcom.2021.162765,P021_SERIES01,P021_MAT_FE50MN17p5CR12p5CO10NI5SI5,P021_MC_A1000_20M_RT_G41,P021_OBS_A1000_20M_RT_G41,P021_OBS_A1000_20M_RT_G41,Engineering_UTS_MPa,688.0,MPa,DIRECT_AGGREGATE_TENSILE_OUTCOME,Fig.4 inset tables p.4,Average engineering tensile response from at least three specimens,High_TRIP_Medium_TWIP,VERIFIED,EXPERIMENTAL,https://doi.org/10.1016/j.jallcom.2021.162765,MECHANICAL_OUTCOME_LEAKAGE,MASTER_FIELD_MAPPING
P021,10.1016/j.jallcom.2021.162765,P021_SERIES01,P021_MAT_FE50MN17p5CR12p5CO10NI5SI5,P021_MC_A1000_20M_RT_G41,P021_OBS_A1000_20M_RT_G41,P021_OBS_A1000_20M_RT_G41,Engineering_Elongation_pct,58.0,%,DIRECT_AGGREGATE_TENSILE_OUTCOME,Fig.4 inset tables p.4,Average engineering tensile response from at least three specimens,High_TRIP_Medium_TWIP,VERIFIED,EXPERIMENTAL,https://doi.org/10.1016/j.jallcom.2021.162765,MECHANICAL_OUTCOME_LEAKAGE,MASTER_FIELD_MAPPING
P021,10.1016/j.jallcom.2021.162765,P021_SERIES01,P021_MAT_FE50MN17p5CR12p5CO10NI5SI5,P021_MC_A1000_20M_RT_G41,P021_OBS_A1000_20M_RT_G41,P021_OBS_A1000_20M_RT_G41,Postfracture_Phase_State,FCC_PLUS_EPSILON_HCP_AFTER_TENSILE_FRACTURE,as reported,DIRECT_POST_TEST_TARGET_EVIDENCE,"Figs.6a,7c pp.5-7","Condition-specific XRD, EBSD, and TEM/SAD",High_TRIP_Medium_TWIP,VERIFIED,EXPERIMENTAL,https://doi.org/10.1016/j.jallcom.2021.162765,POST_TEST_TARGET_EVIDENCE,MASTER_FIELD_MAPPING
P021,10.1016/j.jallcom.2021.162765,P021_SERIES01,P021_MAT_FE50MN17p5CR12p5CO10NI5SI5,P021_MC_A1000_20M_RT_G41,P021_OBS_A1000_20M_RT_G41,P021_OBS_A1000_20M_RT_G41,Postfracture_HCP_fraction,0.149,fraction,DIRECT_POST_TEST_TARGET_EVIDENCE,"Figs.6a,7c pp.5-7","Condition-specific XRD, EBSD, and TEM/SAD",High_TRIP_Medium_TWIP,VERIFIED,EXPERIMENTAL,https://doi.org/10.1016/j.jallcom.2021.162765,POST_TEST_TARGET_EVIDENCE,MASTER_FIELD_MAPPING
P021,10.1016/j.jallcom.2021.162765,P021_SERIES01,P021_MAT_FE50MN17p5CR12p5CO10NI5SI5,P021_MC_A1000_20M_RT_G41,P021_OBS_A1000_20M_RT_G41,P021_OBS_A1000_20M_RT_G41,Postfracture_HCP_fraction_Status,DIRECT_EBSD_EXCLUDES_NON_INDEXED_REGIONS,as reported,DIRECT_POST_TEST_TARGET_EVIDENCE,"Figs.6a,7c pp.5-7","Condition-specific XRD, EBSD, and TEM/SAD",High_TRIP_Medium_TWIP,VERIFIED,EXPERIMENTAL,https://doi.org/10.1016/j.jallcom.2021.162765,POST_TEST_TARGET_EVIDENCE,MASTER_FIELD_MAPPING
P021,10.1016/j.jallcom.2021.162765,P021_SERIES01,P021_MAT_FE50MN17p5CR12p5CO10NI5SI5,P021_MC_A1000_20M_RT_G41,P021_OBS_A1000_20M_RT_G41,P021_OBS_A1000_20M_RT_G41,SFE_Value_Status,NO_DIRECT_NUMERIC_ALLOY_SPECIFIC_SFE,as reported,AUTHOR_INFERENCE_OR_VERIFIED_GAP,Results pp.5-6 and whole-paper review,Source interpretation; no numeric conversion or cross-paper transfer,High_TRIP_Medium_TWIP,VERIFIED,EXPERIMENTAL,https://doi.org/10.1016/j.jallcom.2021.162765,NOT_SAFE_AS_DIRECT_NUMERIC_SFE,MASTER_FIELD_MAPPING
P021,10.1016/j.jallcom.2021.162765,P021_SERIES01,P021_MAT_FE50MN17p5CR12p5CO10NI5SI5,P021_MC_A1000_20M_RT_G41,P021_OBS_A1000_20M_RT_G41,P021_OBS_A1000_20M_RT_G41,SFE_Data_Origin,AUTHOR_INFERENCE_OR_QUALITATIVE_DISCUSSION_ONLY,as reported,AUTHOR_INFERENCE_OR_VERIFIED_GAP,Results pp.5-6 and whole-paper review,Source interpretation; no numeric conversion or cross-paper transfer,High_TRIP_Medium_TWIP,VERIFIED,EXPERIMENTAL,https://doi.org/10.1016/j.jallcom.2021.162765,NOT_SAFE_AS_DIRECT_NUMERIC_SFE,MASTER_FIELD_MAPPING
P021,10.1016/j.jallcom.2021.162765,P021_SERIES01,P021_MAT_FE50MN17p5CR12p5CO10NI5SI5,P021_MC_A1000_20M_RT_G41,P021_OBS_A1000_20M_RT_G41,P021_OBS_A1000_20M_RT_G41,Independent_Experimental_ML_sample,True,as reported,HIERARCHY_INTEGRATION,P021_Conditions verified sheet,Source-defined condition hierarchy and aggregate replicate scope,High_TRIP_Medium_TWIP,VERIFIED,EXPERIMENTAL,https://doi.org/10.1016/j.jallcom.2021.162765,AUDIT_SCOPE_DEPENDENT,MASTER_FIELD_MAPPING
P021,10.1016/j.jallcom.2021.162765,P021_SERIES01,P021_MAT_FE50MN17p5CR12p5CO10NI5SI5,P021_MC_A1000_20M_RT_G41,P021_OBS_A1000_20M_RT_G41,P021_OBS_A1000_20M_RT_G41,Experimental_Target_Eligibility,True,as reported,HIERARCHY_INTEGRATION,P021_Conditions verified sheet,Source-defined condition hierarchy and aggregate replicate scope,High_TRIP_Medium_TWIP,VERIFIED,EXPERIMENTAL,https://doi.org/10.1016/j.jallcom.2021.162765,AUDIT_SCOPE_DEPENDENT,MASTER_FIELD_MAPPING
P021,10.1016/j.jallcom.2021.162765,P021_SERIES01,P021_MAT_FE50MN17p5CR12p5CO10NI5SI5,P021_MC_A1000_20M_RT_G41,P021_OBS_A1000_20M_RT_G41,P021_OBS_A1000_20M_RT_G41,Measured_Bulk_Composition,UNRESOLVED_NA,as reported,DIRECT_NOMINAL_TEXT_OR_VERIFIED_NA,"Abstract, Methods, and Fig.1",Nominal alloy design; EDS/BSE qualitative homogeneity review,High_TRIP_Medium_TWIP,VERIFIED_NA_NO_QUANTITATIVE_POSTMELT_BULK_ANALYSIS,EXPERIMENTAL,https://doi.org/10.1016/j.jallcom.2021.162765,AUDIT_SCOPE_DEPENDENT,MASTER_FIELD_MAPPING
P021,10.1016/j.jallcom.2021.162765,P021_SERIES01,P021_MAT_FE50MN17p5CR12p5CO10NI5SI5,P021_MC_A1000_20M_RT_G41,P021_OBS_A1000_20M_RT_G41,P021_OBS_A1000_20M_RT_G41,EDS_Qualitative_Homogeneity,QUALITATIVE_HOMOGENIZATION_ONLY_NOT_QUANTITATIVE_BULK_CHEMISTRY,as reported,DIRECT_NOMINAL_TEXT_OR_VERIFIED_NA,"Abstract, Methods, and Fig.1",Nominal alloy design; EDS/BSE qualitative homogeneity review,High_TRIP_Medium_TWIP,VERIFIED,EXPERIMENTAL,https://doi.org/10.1016/j.jallcom.2021.162765,AUDIT_SCOPE_DEPENDENT,MASTER_FIELD_MAPPING
P021,10.1016/j.jallcom.2021.162765,P021_SERIES01,P021_MAT_FE50MN17p5CR12p5CO10NI5SI5,P021_MC_A1000_20M_RT_G41,P021_OBS_A1000_20M_RT_G41,P021_OBS_A1000_20M_RT_G41,Loading_Mode,Uniaxial tension,as reported,DIRECT_METHOD_OR_SCHEMA_UNIT_REPRESENTATION,"Methods pp.2-3 and Figs.2,4",Source methods; Celsius-to-Kelvin schema representation only,High_TRIP_Medium_TWIP,VERIFIED,EXPERIMENTAL,https://doi.org/10.1016/j.jallcom.2021.162765,AUDIT_SCOPE_DEPENDENT,MASTER_FIELD_MAPPING
P021,10.1016/j.jallcom.2021.162765,P021_SERIES01,P021_MAT_FE50MN17p5CR12p5CO10NI5SI5,P021_MC_A1000_20M_RT_G41,P021_OBS_A1000_20M_RT_G41,P021_OBS_A1000_20M_RT_G41,Replicate_Scope,AVERAGE_MECHANICAL_VALUES_FROM_AT_LEAST_THREE_TENSILE_SPECIMENS,as reported,HIERARCHY_INTEGRATION,P021_Conditions verified sheet,Source-defined condition hierarchy and aggregate replicate scope,High_TRIP_Medium_TWIP,VERIFIED,EXPERIMENTAL,https://doi.org/10.1016/j.jallcom.2021.162765,AUDIT_SCOPE_DEPENDENT,MASTER_FIELD_MAPPING
P021,10.1016/j.jallcom.2021.162765,P021_SERIES01,P021_MAT_FE50MN17p5CR12p5CO10NI5SI5,P021_MC_A1000_20M_RT_G41,P021_OBS_A1000_20M_RT_G41,P021_OBS_A1000_20M_RT_G41,Initial_Phase,SINGLE_FCC,as reported,DIRECT_PRETEST_MICROSTRUCTURE,"Results pp.3,6 and Figs.2,3,7","BSE, EBSD, XRD, and pre-test TEM interpretation",High_TRIP_Medium_TWIP,VERIFIED,EXPERIMENTAL,https://doi.org/10.1016/j.jallcom.2021.162765,AUDIT_SCOPE_DEPENDENT,MASTER_FIELD_MAPPING
P021,10.1016/j.jallcom.2021.162765,P021_SERIES01,P021_MAT_FE50MN17p5CR12p5CO10NI5SI5,P021_MC_A1000_20M_RT_G41,P021_OBS_A1000_20M_RT_G41,P021_OBS_A1000_20M_RT_G41,PreTest_Twin_State,ABUNDANT_ANNEALING_TWINS,as reported,DIRECT_PRETEST_MICROSTRUCTURE,"Results pp.3,6 and Figs.2,3,7","BSE, EBSD, XRD, and pre-test TEM interpretation",High_TRIP_Medium_TWIP,VERIFIED,EXPERIMENTAL,https://doi.org/10.1016/j.jallcom.2021.162765,AUDIT_SCOPE_DEPENDENT,MASTER_FIELD_MAPPING
P021,10.1016/j.jallcom.2021.162765,P021_SERIES01,P021_MAT_FE50MN17p5CR12p5CO10NI5SI5,P021_MC_A1000_20M_RT_G41,P021_OBS_A1000_20M_RT_G41,P021_OBS_A1000_20M_RT_G41,PreTest_Twin_Origin,ANNEALING_PRETEST,as reported,DIRECT_PRETEST_MICROSTRUCTURE,"Results pp.3,6 and Figs.2,3,7","BSE, EBSD, XRD, and pre-test TEM interpretation",High_TRIP_Medium_TWIP,VERIFIED,EXPERIMENTAL,https://doi.org/10.1016/j.jallcom.2021.162765,AUDIT_SCOPE_DEPENDENT,MASTER_FIELD_MAPPING
P021,10.1016/j.jallcom.2021.162765,P021_SERIES01,P021_MAT_FE50MN17p5CR12p5CO10NI5SI5,P021_MC_A1000_20M_RT_G41,P021_OBS_A1000_20M_RT_G41,P021_OBS_A1000_20M_RT_G41,Initial_Dislocation_State,Few dislocations after annealing; room-temperature pre-test state contains stored dislocations qualitatively,as reported,DIRECT_PRETEST_MICROSTRUCTURE,"Results pp.3,6 and Figs.2,3,7","BSE, EBSD, XRD, and pre-test TEM interpretation",High_TRIP_Medium_TWIP,VERIFIED,EXPERIMENTAL,https://doi.org/10.1016/j.jallcom.2021.162765,AUDIT_SCOPE_DEPENDENT,MASTER_FIELD_MAPPING
P021,10.1016/j.jallcom.2021.162765,P021_SERIES01,P021_MAT_FE50MN17p5CR12p5CO10NI5SI5,P021_MC_A1000_20M_RT_G41,P021_OBS_A1000_20M_RT_G41,P021_OBS_A1000_20M_RT_G41,Initial_Twin_Target_Guardrail,ANNEALING_TWINS_DO_NOT_GENERATE_TENSILE_TWIP,as reported,DIRECT_PRETEST_MICROSTRUCTURE,"Results pp.3,6 and Figs.2,3,7","BSE, EBSD, XRD, and pre-test TEM interpretation",High_TRIP_Medium_TWIP,VERIFIED,EXPERIMENTAL,https://doi.org/10.1016/j.jallcom.2021.162765,AUDIT_SCOPE_DEPENDENT,MASTER_FIELD_MAPPING
P021,10.1016/j.jallcom.2021.162765,P021_SERIES01,P021_MAT_FE50MN17p5CR12p5CO10NI5SI5,P021_MC_A1000_20M_RT_G41,P021_OBS_A1000_20M_RT_G41,P021_OBS_A1000_20M_RT_G41,Mechanical_Value_Status,DIRECT_FIGURE_INSET_AVERAGE_AT_LEAST_THREE,as reported,DIRECT_AGGREGATE_TENSILE_OUTCOME,Fig.4 inset tables p.4,Average engineering tensile response from at least three specimens,High_TRIP_Medium_TWIP,VERIFIED,EXPERIMENTAL,https://doi.org/10.1016/j.jallcom.2021.162765,MECHANICAL_OUTCOME_LEAKAGE,MASTER_FIELD_MAPPING
P021,10.1016/j.jallcom.2021.162765,P021_SERIES01,P021_MAT_FE50MN17p5CR12p5CO10NI5SI5,P021_MC_A1000_20M_RT_G41,P021_OBS_A1000_20M_RT_G41,P021_OBS_A1000_20M_RT_G41,Mechanical_Predictor_Eligibility,MECHANICAL_OUTCOME_LEAKAGE,as reported,DIRECT_AGGREGATE_TENSILE_OUTCOME,Fig.4 inset tables p.4,Average engineering tensile response from at least three specimens,High_TRIP_Medium_TWIP,VERIFIED,EXPERIMENTAL,https://doi.org/10.1016/j.jallcom.2021.162765,MECHANICAL_OUTCOME_LEAKAGE,MASTER_FIELD_MAPPING
P021,10.1016/j.jallcom.2021.162765,P021_SERIES01,P021_MAT_FE50MN17p5CR12p5CO10NI5SI5,P021_MC_A1000_20M_RT_G41,P021_OBS_A1000_20M_RT_G41,P021_OBS_A1000_20M_RT_G41,TRIP_Evidence_Type,DIRECT_POSTFRACTURE_EBSD_PLUS_TEM_HCP_EPSILON,as reported,CONDITION_LEVEL_TARGET_DECISION,"Methods pp.2-3; Fig.2; Fig.4; Results pp.3,6; Figs.2,3,7; Fig.4 inset tables p.4; Initial state is single FCC with HCP=0. After room-temperature tensile deformation, EBSD reports 14.9% HCP epsilon-martensite and TEM/SAD shows HCP laths. The paper explicitly reports 'few mechanical twins' in the deformed specimen.",Condition-specific EBSD/XRD/TEM evidence or conservative NA review,High_TRIP_Medium_TWIP,VERIFIED,EXPERIMENTAL,https://doi.org/10.1016/j.jallcom.2021.162765,AUDIT_SCOPE_DEPENDENT,MASTER_FIELD_MAPPING
P021,10.1016/j.jallcom.2021.162765,P021_SERIES01,P021_MAT_FE50MN17p5CR12p5CO10NI5SI5,P021_MC_A1000_20M_RT_G41,P021_OBS_A1000_20M_RT_G41,P021_OBS_A1000_20M_RT_G41,TWIP_Evidence_Type,DIRECT_TEM_TEXT_FEW_MECHANICAL_TWINS,as reported,CONDITION_LEVEL_TARGET_DECISION,"Methods pp.2-3; Fig.2; Fig.4; Results pp.3,6; Figs.2,3,7; Fig.4 inset tables p.4; Initial state is single FCC with HCP=0. After room-temperature tensile deformation, EBSD reports 14.9% HCP epsilon-martensite and TEM/SAD shows HCP laths. The paper explicitly reports 'few mechanical twins' in the deformed specimen.",Condition-specific EBSD/XRD/TEM evidence or conservative NA review,High_TRIP_Medium_TWIP,VERIFIED,EXPERIMENTAL,https://doi.org/10.1016/j.jallcom.2021.162765,AUDIT_SCOPE_DEPENDENT,MASTER_FIELD_MAPPING
P021,10.1016/j.jallcom.2021.162765,P021_SERIES01,P021_MAT_FE50MN17p5CR12p5CO10NI5SI5,P021_MC_A1000_20M_RT_G41,P021_OBS_A1000_20M_RT_G41,P021_OBS_A1000_20M_RT_G41,Negative_Evidence_Status,NOT_APPLICABLE_POSITIVE_TARGET,as reported,CONDITION_LEVEL_TARGET_DECISION,"Methods pp.2-3; Fig.2; Fig.4; Results pp.3,6; Figs.2,3,7; Fig.4 inset tables p.4; Initial state is single FCC with HCP=0. After room-temperature tensile deformation, EBSD reports 14.9% HCP epsilon-martensite and TEM/SAD shows HCP laths. The paper explicitly reports 'few mechanical twins' in the deformed specimen.",Condition-specific EBSD/XRD/TEM evidence or conservative NA review,High_TRIP_Medium_TWIP,VERIFIED,EXPERIMENTAL,https://doi.org/10.1016/j.jallcom.2021.162765,AUDIT_SCOPE_DEPENDENT,MASTER_FIELD_MAPPING
P021,10.1016/j.jallcom.2021.162765,P021_SERIES01,P021_MAT_FE50MN17p5CR12p5CO10NI5SI5,P021_MC_A1000_20M_RT_G41,P021_OBS_A1000_20M_RT_G41,P021_OBS_A1000_20M_RT_G41,Condition_Level_Target_Evidence,"Initial state is single FCC with HCP=0. After room-temperature tensile deformation, EBSD reports 14.9% HCP epsilon-martensite and TEM/SAD shows HCP laths. The paper explicitly reports 'few mechanical twins' in the deformed specimen.",as reported,CONDITION_LEVEL_TARGET_DECISION,"Methods pp.2-3; Fig.2; Fig.4; Results pp.3,6; Figs.2,3,7; Fig.4 inset tables p.4; Initial state is single FCC with HCP=0. After room-temperature tensile deformation, EBSD reports 14.9% HCP epsilon-martensite and TEM/SAD shows HCP laths. The paper explicitly reports 'few mechanical twins' in the deformed specimen.",Condition-specific EBSD/XRD/TEM evidence or conservative NA review,High_TRIP_Medium_TWIP,VERIFIED,EXPERIMENTAL,https://doi.org/10.1016/j.jallcom.2021.162765,AUDIT_SCOPE_DEPENDENT,MASTER_FIELD_MAPPING
P021,10.1016/j.jallcom.2021.162765,P021_SERIES01,P021_MAT_FE50MN17p5CR12p5CO10NI5SI5,P021_MC_A1000_20M_RT_G41,P021_OBS_A1000_20M_RT_G41,P021_OBS_A1000_20M_RT_G41,Target_Evidence_Confidence,High_TRIP_Medium_TWIP,as reported,CONDITION_LEVEL_TARGET_DECISION,"Methods pp.2-3; Fig.2; Fig.4; Results pp.3,6; Figs.2,3,7; Fig.4 inset tables p.4; Initial state is single FCC with HCP=0. After room-temperature tensile deformation, EBSD reports 14.9% HCP epsilon-martensite and TEM/SAD shows HCP laths. The paper explicitly reports 'few mechanical twins' in the deformed specimen.",Condition-specific EBSD/XRD/TEM evidence or conservative NA review,High_TRIP_Medium_TWIP,VERIFIED,EXPERIMENTAL,https://doi.org/10.1016/j.jallcom.2021.162765,AUDIT_SCOPE_DEPENDENT,MASTER_FIELD_MAPPING
P021,10.1016/j.jallcom.2021.162765,P021_SERIES01,P021_MAT_FE50MN17p5CR12p5CO10NI5SI5,P021_MC_A1000_20M_RT_G41,P021_OBS_A1000_20M_RT_G41,P021_OBS_A1000_20M_RT_G41,DeltaG_Value_Status,NOT_REPORTED_IN_CURRENT_PAPER,as reported,AUTHOR_INFERENCE_OR_VERIFIED_GAP,Results pp.5-6 and whole-paper review,Source interpretation; no numeric conversion or cross-paper transfer,High_TRIP_Medium_TWIP,VERIFIED,EXPERIMENTAL,https://doi.org/10.1016/j.jallcom.2021.162765,NOT_SAFE_AS_DIRECT_NUMERIC_SFE,MASTER_FIELD_MAPPING
P021,10.1016/j.jallcom.2021.162765,P021_SERIES01,P021_MAT_FE50MN17p5CR12p5CO10NI5SI5,P021_MC_A1000_20M_RT_G41,P021_OBS_A1000_20M_RT_G41,P021_OBS_A1000_20M_RT_G41,DeltaG_Data_Origin,UNRESOLVED_NO_P021_VALUE,as reported,AUTHOR_INFERENCE_OR_VERIFIED_GAP,Results pp.5-6 and whole-paper review,Source interpretation; no numeric conversion or cross-paper transfer,High_TRIP_Medium_TWIP,VERIFIED,EXPERIMENTAL,https://doi.org/10.1016/j.jallcom.2021.162765,NOT_SAFE_AS_DIRECT_NUMERIC_SFE,MASTER_FIELD_MAPPING
P021,10.1016/j.jallcom.2021.162765,P021_SERIES01,P021_MAT_FE50MN17p5CR12p5CO10NI5SI5,P021_MC_A1000_20M_RT_G41,P021_OBS_A1000_20M_RT_G41,P021_OBS_A1000_20M_RT_G41,Journal,Journal of Alloys and Compounds,as reported,SOURCE_IDENTITY,Verified article identity / whole paper,Verified workbook and publisher DOI match,High_TRIP_Medium_TWIP,VERIFIED,EXPERIMENTAL,https://doi.org/10.1016/j.jallcom.2021.162765,AUDIT_SCOPE_DEPENDENT,MASTER_FIELD_MAPPING
P021,10.1016/j.jallcom.2021.162765,P021_SERIES01,P021_MAT_FE50MN17p5CR12p5CO10NI5SI5,P021_MC_A1000_20M_RT_G41,P021_OBS_A1000_20M_RT_G41,P021_OBS_A1000_20M_RT_G41,Volume,898,as reported,SOURCE_IDENTITY,Verified article identity / whole paper,Verified workbook and publisher DOI match,High_TRIP_Medium_TWIP,VERIFIED,EXPERIMENTAL,https://doi.org/10.1016/j.jallcom.2021.162765,AUDIT_SCOPE_DEPENDENT,MASTER_FIELD_MAPPING
P021,10.1016/j.jallcom.2021.162765,P021_SERIES01,P021_MAT_FE50MN17p5CR12p5CO10NI5SI5,P021_MC_A1000_20M_RT_G41,P021_OBS_A1000_20M_RT_G41,P021_OBS_A1000_20M_RT_G41,Publication_Year,2022,as reported,SOURCE_IDENTITY,Verified article identity / whole paper,Verified workbook and publisher DOI match,High_TRIP_Medium_TWIP,VERIFIED,EXPERIMENTAL,https://doi.org/10.1016/j.jallcom.2021.162765,AUDIT_SCOPE_DEPENDENT,MASTER_FIELD_MAPPING
P021,10.1016/j.jallcom.2021.162765,P021_SERIES01,P021_MAT_FE50MN17p5CR12p5CO10NI5SI5,P021_MC_A1000_20M_RT_G41,P021_OBS_A1000_20M_RT_G41,P021_OBS_A1000_20M_RT_G41,Source_URL,https://doi.org/10.1016/j.jallcom.2021.162765,as reported,SOURCE_IDENTITY,Verified article identity / whole paper,Verified workbook and publisher DOI match,High_TRIP_Medium_TWIP,VERIFIED,EXPERIMENTAL,https://doi.org/10.1016/j.jallcom.2021.162765,AUDIT_SCOPE_DEPENDENT,MASTER_FIELD_MAPPING
P021,10.1016/j.jallcom.2021.162765,P021_SERIES01,P021_MAT_FE50MN17p5CR12p5CO10NI5SI5,P021_MC_A1000_20M_RT_G41,P021_OBS_A1000_20M_RT_G41,P021_OBS_A1000_20M_RT_G41,Alloy_Family_Text,Fe50Mn17.5Cr12.5Co10Ni5Si5,as reported,DIRECT_NOMINAL_TEXT_OR_VERIFIED_NA,"Abstract, Methods, and Fig.1",Nominal alloy design; EDS/BSE qualitative homogeneity review,High_TRIP_Medium_TWIP,VERIFIED,EXPERIMENTAL,https://doi.org/10.1016/j.jallcom.2021.162765,AUDIT_SCOPE_DEPENDENT,MASTER_FIELD_MAPPING
P021,10.1016/j.jallcom.2021.162765,P021_SERIES01,P021_MAT_FE50MN17p5CR12p5CO10NI5SI5,P021_MC_A1000_20M_RT_G41,P021_OBS_A1000_20M_RT_G41,P021_OBS_A1000_20M_RT_G41,Alloy_Family_Use,GROUPING_AUDIT_ONLY_NOT_SAMPLE_OR_BATCH_IDENTITY,as reported,DIRECT_NOMINAL_TEXT_OR_VERIFIED_NA,"Abstract, Methods, and Fig.1",Nominal alloy design; EDS/BSE qualitative homogeneity review,High_TRIP_Medium_TWIP,VERIFIED,EXPERIMENTAL,https://doi.org/10.1016/j.jallcom.2021.162765,AUDIT_SCOPE_DEPENDENT,MASTER_FIELD_MAPPING
P021,10.1016/j.jallcom.2021.162765,P021_SERIES01,P021_MAT_FE50MN17p5CR12p5CO10NI5SI5,P021_MC_A1000_20M_RT_G41,P021_OBS_A1000_20M_RT_G41,P021_OBS_A1000_20M_RT_G41,Melting_Route,Vacuum arc melting under Ar,as reported,DIRECT_METHOD_OR_SCHEMA_UNIT_REPRESENTATION,"Methods pp.2-3 and Figs.2,4",Source methods; Celsius-to-Kelvin schema representation only,High_TRIP_Medium_TWIP,VERIFIED,EXPERIMENTAL,https://doi.org/10.1016/j.jallcom.2021.162765,AUDIT_SCOPE_DEPENDENT,MASTER_FIELD_MAPPING
P021,10.1016/j.jallcom.2021.162765,P021_SERIES01,P021_MAT_FE50MN17p5CR12p5CO10NI5SI5,P021_MC_A1000_20M_RT_G41,P021_OBS_A1000_20M_RT_G41,P021_OBS_A1000_20M_RT_G41,Initial_TRIP_Target_Guardrail,INITIAL_SINGLE_FCC_AND_HCP_ZERO_DO_NOT_ALONE_ASSIGN_TRIP,as reported,DIRECT_PRETEST_MICROSTRUCTURE,"Results pp.3,6 and Figs.2,3,7","BSE, EBSD, XRD, and pre-test TEM interpretation",High_TRIP_Medium_TWIP,VERIFIED,EXPERIMENTAL,https://doi.org/10.1016/j.jallcom.2021.162765,AUDIT_SCOPE_DEPENDENT,MASTER_FIELD_MAPPING
P021,10.1016/j.jallcom.2021.162765,P021_SERIES01,P021_MAT_FE50MN17p5CR12p5CO10NI5SI5,P021_MC_A1000_20M_RT_G41,P021_OBS_A1000_20M_RT_G41,P021_OBS_A1000_20M_RT_G41,Target_Status,VERIFIED_JOINT,as reported,CONDITION_LEVEL_TARGET_DECISION,"Methods pp.2-3; Fig.2; Fig.4; Results pp.3,6; Figs.2,3,7; Fig.4 inset tables p.4; Initial state is single FCC with HCP=0. After room-temperature tensile deformation, EBSD reports 14.9% HCP epsilon-martensite and TEM/SAD shows HCP laths. The paper explicitly reports 'few mechanical twins' in the deformed specimen.",Condition-specific EBSD/XRD/TEM evidence or conservative NA review,High_TRIP_Medium_TWIP,VERIFIED,EXPERIMENTAL,https://doi.org/10.1016/j.jallcom.2021.162765,AUDIT_SCOPE_DEPENDENT,MASTER_FIELD_MAPPING
P021,10.1016/j.jallcom.2021.162765,P021_SERIES01,P021_MAT_FE50MN17p5CR12p5CO10NI5SI5,P021_MC_A1000_20M_RT_G41,P021_OBS_A1000_20M_RT_G41,P021_OBS_A1000_20M_RT_G41,TRIP_Parent_Phase,FCC,as reported,CONDITION_LEVEL_TARGET_DECISION,"Methods pp.2-3; Fig.2; Fig.4; Results pp.3,6; Figs.2,3,7; Fig.4 inset tables p.4; Initial state is single FCC with HCP=0. After room-temperature tensile deformation, EBSD reports 14.9% HCP epsilon-martensite and TEM/SAD shows HCP laths. The paper explicitly reports 'few mechanical twins' in the deformed specimen.",Condition-specific EBSD/XRD/TEM evidence or conservative NA review,High_TRIP_Medium_TWIP,VERIFIED,EXPERIMENTAL,https://doi.org/10.1016/j.jallcom.2021.162765,AUDIT_SCOPE_DEPENDENT,MASTER_FIELD_MAPPING
P021,10.1016/j.jallcom.2021.162765,P021_SERIES01,P021_MAT_FE50MN17p5CR12p5CO10NI5SI5,P021_MC_A1000_20M_RT_G41,P021_OBS_A1000_20M_RT_G41,P021_OBS_A1000_20M_RT_G41,TRIP_Product_Phase,HCP_EPSILON,as reported,CONDITION_LEVEL_TARGET_DECISION,"Methods pp.2-3; Fig.2; Fig.4; Results pp.3,6; Figs.2,3,7; Fig.4 inset tables p.4; Initial state is single FCC with HCP=0. After room-temperature tensile deformation, EBSD reports 14.9% HCP epsilon-martensite and TEM/SAD shows HCP laths. The paper explicitly reports 'few mechanical twins' in the deformed specimen.",Condition-specific EBSD/XRD/TEM evidence or conservative NA review,High_TRIP_Medium_TWIP,VERIFIED,EXPERIMENTAL,https://doi.org/10.1016/j.jallcom.2021.162765,AUDIT_SCOPE_DEPENDENT,MASTER_FIELD_MAPPING
P021,10.1016/j.jallcom.2021.162765,P021_SERIES01,P021_MAT_FE50MN17p5CR12p5CO10NI5SI5,P021_MC_A1000_20M_RT_G41,P021_OBS_A1000_20M_RT_G41,P021_OBS_A1000_20M_RT_G41,TWIP_Phase,UNRESOLVED_PHASE_DIRECT_MECHANICAL_TWIN_TEXT,as reported,CONDITION_LEVEL_TARGET_DECISION,"Methods pp.2-3; Fig.2; Fig.4; Results pp.3,6; Figs.2,3,7; Fig.4 inset tables p.4; Initial state is single FCC with HCP=0. After room-temperature tensile deformation, EBSD reports 14.9% HCP epsilon-martensite and TEM/SAD shows HCP laths. The paper explicitly reports 'few mechanical twins' in the deformed specimen.",Condition-specific EBSD/XRD/TEM evidence or conservative NA review,High_TRIP_Medium_TWIP,VERIFIED,EXPERIMENTAL,https://doi.org/10.1016/j.jallcom.2021.162765,AUDIT_SCOPE_DEPENDENT,MASTER_FIELD_MAPPING
P021,10.1016/j.jallcom.2021.162765,P021_SERIES01,P021_MAT_FE50MN17p5CR12p5CO10NI5SI5,P021_MC_A1000_20M_RT_G41,P021_OBS_A1000_20M_RT_G41,P021_OBS_A1000_20M_RT_G41,TWIP_Mode,DIRECT_MECHANICAL_TWIN_OCCURRENCE_PHASE_UNRESOLVED,as reported,CONDITION_LEVEL_TARGET_DECISION,"Methods pp.2-3; Fig.2; Fig.4; Results pp.3,6; Figs.2,3,7; Fig.4 inset tables p.4; Initial state is single FCC with HCP=0. After room-temperature tensile deformation, EBSD reports 14.9% HCP epsilon-martensite and TEM/SAD shows HCP laths. The paper explicitly reports 'few mechanical twins' in the deformed specimen.",Condition-specific EBSD/XRD/TEM evidence or conservative NA review,High_TRIP_Medium_TWIP,VERIFIED,EXPERIMENTAL,https://doi.org/10.1016/j.jallcom.2021.162765,AUDIT_SCOPE_DEPENDENT,MASTER_FIELD_MAPPING
P021,10.1016/j.jallcom.2021.162765,P021_SERIES01,P021_MAT_FE50MN17p5CR12p5CO10NI5SI5,P021_MC_A1000_20M_RT_G41,P021_OBS_A1000_20M_RT_G41,P021_OBS_A1000_20M_RT_G41,Slip_Evidence_Type,DIRECT_TEM_PARTIAL_DISLOCATION_STACKING_FAULT_ACTIVITY,as reported,CONDITION_LEVEL_TARGET_DECISION,"Methods pp.2-3; Fig.2; Fig.4; Results pp.3,6; Figs.2,3,7; Fig.4 inset tables p.4; Initial state is single FCC with HCP=0. After room-temperature tensile deformation, EBSD reports 14.9% HCP epsilon-martensite and TEM/SAD shows HCP laths. The paper explicitly reports 'few mechanical twins' in the deformed specimen.",Condition-specific EBSD/XRD/TEM evidence or conservative NA review,High_TRIP_Medium_TWIP,VERIFIED,EXPERIMENTAL,https://doi.org/10.1016/j.jallcom.2021.162765,AUDIT_SCOPE_DEPENDENT,MASTER_FIELD_MAPPING
P021,10.1016/j.jallcom.2021.162765,P021_SERIES01,P021_MAT_FE50MN17p5CR12p5CO10NI5SI5,P021_MC_A1000_20M_RT_G41,P021_OBS_A1000_20M_RT_G41,P021_OBS_A1000_20M_RT_G41,P021_Record_Role,RECOVERED_EXACT_PRIMARY_CONDITION,as reported,HIERARCHY_INTEGRATION,P021_Conditions verified sheet,Source-defined condition hierarchy and aggregate replicate scope,High_TRIP_Medium_TWIP,VERIFIED,EXPERIMENTAL,https://doi.org/10.1016/j.jallcom.2021.162765,AUDIT_SCOPE_DEPENDENT,MASTER_FIELD_MAPPING
P021,10.1016/j.jallcom.2021.162765,P021_SERIES01,P021_MAT_FE50MN17p5CR12p5CO10NI5SI5,P021_MC_A1000_20M_RT_G41,P021_OBS_A1000_20M_RT_G41,P021_OBS_A1000_20M_RT_G41,P021_Target_Status,VERIFIED_JOINT,as reported,CONDITION_LEVEL_TARGET_DECISION,"Methods pp.2-3; Fig.2; Fig.4; Results pp.3,6; Figs.2,3,7; Fig.4 inset tables p.4; Initial state is single FCC with HCP=0. After room-temperature tensile deformation, EBSD reports 14.9% HCP epsilon-martensite and TEM/SAD shows HCP laths. The paper explicitly reports 'few mechanical twins' in the deformed specimen.",Condition-specific EBSD/XRD/TEM evidence or conservative NA review,High_TRIP_Medium_TWIP,VERIFIED,EXPERIMENTAL,https://doi.org/10.1016/j.jallcom.2021.162765,AUDIT_SCOPE_DEPENDENT,MASTER_FIELD_MAPPING
P021,10.1016/j.jallcom.2021.162765,P021_SERIES01,P021_MAT_FE50MN17p5CR12p5CO10NI5SI5,P021_MC_A1000_20M_RT_G41,P021_OBS_A1000_20M_RT_G41,P021_OBS_A1000_20M_RT_G41,P021_Source_Identity_Status,VERIFIED_PDF_AND_PUBLISHER_DOI_MATCH,as reported,SOURCE_IDENTITY,Verified article identity / whole paper,Verified workbook and publisher DOI match,High_TRIP_Medium_TWIP,VERIFIED,EXPERIMENTAL,https://doi.org/10.1016/j.jallcom.2021.162765,AUDIT_SCOPE_DEPENDENT,MASTER_FIELD_MAPPING
P021,10.1016/j.jallcom.2021.162765,P021_SERIES01,P021_MAT_FE50MN17p5CR12p5CO10NI5SI5,P021_MC_A1000_20M_RT_G41,P021_OBS_A1000_20M_RT_G41,P021_OBS_A1000_20M_RT_G41,P021_QC_Status,PENDING_GLOBAL_QC_SCHEMA_SPLIT_REFRESH_AFTER_COLLECTION,as reported,HIERARCHY_INTEGRATION,P021_Conditions verified sheet,Source-defined condition hierarchy and aggregate replicate scope,High_TRIP_Medium_TWIP,VERIFIED,EXPERIMENTAL,https://doi.org/10.1016/j.jallcom.2021.162765,AUDIT_SCOPE_DEPENDENT,MASTER_FIELD_MAPPING
P021,10.1016/j.jallcom.2021.162765,P021_SERIES01,P021_MAT_FE50MN17p5CR12p5CO10NI5SI5,P021_MC_A1000_20M_RT_G41,P021_OBS_A1000_20M_RT_G41,P021_OBS_A1000_20M_RT_G41,Article_Number,162765,as reported,SOURCE_IDENTITY,Verified article identity / whole paper,Verified workbook and publisher DOI match,High_TRIP_Medium_TWIP,VERIFIED,EXPERIMENTAL,https://doi.org/10.1016/j.jallcom.2021.162765,AUDIT_SCOPE_DEPENDENT,MASTER_FIELD_MAPPING
P021,10.1016/j.jallcom.2021.162765,P021_SERIES01,P021_MAT_FE50MN17p5CR12p5CO10NI5SI5,P021_MC_A1000_20M_RT_G41,P021_OBS_A1000_20M_RT_G41,P021_OBS_A1000_20M_RT_G41,Replicate_n_Status,MINIMUM_REPORTED_AT_LEAST_THREE,as reported,HIERARCHY_INTEGRATION,P021_Conditions verified sheet,Source-defined condition hierarchy and aggregate replicate scope,High_TRIP_Medium_TWIP,VERIFIED,EXPERIMENTAL,https://doi.org/10.1016/j.jallcom.2021.162765,AUDIT_SCOPE_DEPENDENT,MASTER_FIELD_MAPPING
P021,10.1016/j.jallcom.2021.162765,P021_SERIES01,P021_MAT_FE50MN17p5CR12p5CO10NI5SI5,P021_MC_A1000_20M_RT_G41,P021_OBS_A1000_20M_RT_G41,P021_OBS_A1000_20M_RT_G41,Remelt_Count_Min,5,count,DIRECT_METHOD_OR_SCHEMA_UNIT_REPRESENTATION,"Methods pp.2-3 and Figs.2,4",Source methods; Celsius-to-Kelvin schema representation only,High_TRIP_Medium_TWIP,VERIFIED,EXPERIMENTAL,https://doi.org/10.1016/j.jallcom.2021.162765,AUDIT_SCOPE_DEPENDENT,MASTER_FIELD_MAPPING
P021,10.1016/j.jallcom.2021.162765,P021_SERIES01,P021_MAT_FE50MN17p5CR12p5CO10NI5SI5,P021_MC_A1000_20M_RT_G41,P021_OBS_A1000_20M_RT_G41,P021_OBS_A1000_20M_RT_G41,Remelt_Count_Status,AT_LEAST_FIVE,as reported,DIRECT_METHOD_OR_SCHEMA_UNIT_REPRESENTATION,"Methods pp.2-3 and Figs.2,4",Source methods; Celsius-to-Kelvin schema representation only,High_TRIP_Medium_TWIP,VERIFIED,EXPERIMENTAL,https://doi.org/10.1016/j.jallcom.2021.162765,AUDIT_SCOPE_DEPENDENT,MASTER_FIELD_MAPPING
P021,10.1016/j.jallcom.2021.162765,P021_SERIES01,P021_MAT_FE50MN17p5CR12p5CO10NI5SI5,P021_MC_A1000_20M_RT_G41,P021_OBS_A1000_20M_RT_G41,P021_OBS_A1000_20M_RT_G41,Alloy_Mass_g_Approx,150.0,g,DIRECT_METHOD_OR_SCHEMA_UNIT_REPRESENTATION,"Methods pp.2-3 and Figs.2,4",Source methods; Celsius-to-Kelvin schema representation only,High_TRIP_Medium_TWIP,VERIFIED,EXPERIMENTAL,https://doi.org/10.1016/j.jallcom.2021.162765,AUDIT_SCOPE_DEPENDENT,MASTER_FIELD_MAPPING
P021,10.1016/j.jallcom.2021.162765,P021_SERIES01,P021_MAT_FE50MN17p5CR12p5CO10NI5SI5,P021_MC_A1000_20M_RT_G41,P021_OBS_A1000_20M_RT_G41,P021_OBS_A1000_20M_RT_G41,Remolded_Ingot_Dimensions_mm,65 x 40 x 10,as reported,DIRECT_METHOD_OR_SCHEMA_UNIT_REPRESENTATION,"Methods pp.2-3 and Figs.2,4",Source methods; Celsius-to-Kelvin schema representation only,High_TRIP_Medium_TWIP,VERIFIED,EXPERIMENTAL,https://doi.org/10.1016/j.jallcom.2021.162765,AUDIT_SCOPE_DEPENDENT,MASTER_FIELD_MAPPING
P021,10.1016/j.jallcom.2021.162765,P021_SERIES01,P021_MAT_FE50MN17p5CR12p5CO10NI5SI5,P021_MC_A1000_20M_RT_G41,P021_OBS_A1000_20M_RT_G41,P021_OBS_A1000_20M_RT_G41,Homogenization_T_C_Raw,1150.0,C,DIRECT_METHOD_OR_SCHEMA_UNIT_REPRESENTATION,"Methods pp.2-3 and Figs.2,4",Source methods; Celsius-to-Kelvin schema representation only,High_TRIP_Medium_TWIP,VERIFIED,EXPERIMENTAL,https://doi.org/10.1016/j.jallcom.2021.162765,AUDIT_SCOPE_DEPENDENT,MASTER_FIELD_MAPPING
P021,10.1016/j.jallcom.2021.162765,P021_SERIES01,P021_MAT_FE50MN17p5CR12p5CO10NI5SI5,P021_MC_A1000_20M_RT_G41,P021_OBS_A1000_20M_RT_G41,P021_OBS_A1000_20M_RT_G41,Hot_Roll_T_C_Raw,1100.0,C,DIRECT_METHOD_OR_SCHEMA_UNIT_REPRESENTATION,"Methods pp.2-3 and Figs.2,4",Source methods; Celsius-to-Kelvin schema representation only,High_TRIP_Medium_TWIP,VERIFIED,EXPERIMENTAL,https://doi.org/10.1016/j.jallcom.2021.162765,AUDIT_SCOPE_DEPENDENT,MASTER_FIELD_MAPPING
P021,10.1016/j.jallcom.2021.162765,P021_SERIES01,P021_MAT_FE50MN17p5CR12p5CO10NI5SI5,P021_MC_A1000_20M_RT_G41,P021_OBS_A1000_20M_RT_G41,P021_OBS_A1000_20M_RT_G41,Hot_Roll_Final_Thickness_mm,3.0,mm,DIRECT_METHOD_OR_SCHEMA_UNIT_REPRESENTATION,"Methods pp.2-3 and Figs.2,4",Source methods; Celsius-to-Kelvin schema representation only,High_TRIP_Medium_TWIP,VERIFIED,EXPERIMENTAL,https://doi.org/10.1016/j.jallcom.2021.162765,AUDIT_SCOPE_DEPENDENT,MASTER_FIELD_MAPPING
P021,10.1016/j.jallcom.2021.162765,P021_SERIES01,P021_MAT_FE50MN17p5CR12p5CO10NI5SI5,P021_MC_A1000_20M_RT_G41,P021_OBS_A1000_20M_RT_G41,P021_OBS_A1000_20M_RT_G41,Anneal_T_C_Raw,1000.0,C,DIRECT_METHOD_OR_SCHEMA_UNIT_REPRESENTATION,"Methods pp.2-3 and Figs.2,4",Source methods; Celsius-to-Kelvin schema representation only,High_TRIP_Medium_TWIP,VERIFIED,EXPERIMENTAL,https://doi.org/10.1016/j.jallcom.2021.162765,AUDIT_SCOPE_DEPENDENT,MASTER_FIELD_MAPPING
P021,10.1016/j.jallcom.2021.162765,P021_SERIES01,P021_MAT_FE50MN17p5CR12p5CO10NI5SI5,P021_MC_A1000_20M_RT_G41,P021_OBS_A1000_20M_RT_G41,P021_OBS_A1000_20M_RT_G41,Post_Anneal_Quench,Water quench,as reported,DIRECT_METHOD_OR_SCHEMA_UNIT_REPRESENTATION,"Methods pp.2-3 and Figs.2,4",Source methods; Celsius-to-Kelvin schema representation only,High_TRIP_Medium_TWIP,VERIFIED,EXPERIMENTAL,https://doi.org/10.1016/j.jallcom.2021.162765,AUDIT_SCOPE_DEPENDENT,MASTER_FIELD_MAPPING
P021,10.1016/j.jallcom.2021.162765,P021_SERIES01,P021_MAT_FE50MN17p5CR12p5CO10NI5SI5,P021_MC_A1000_20M_RT_G41,P021_OBS_A1000_20M_RT_G41,P021_OBS_A1000_20M_RT_G41,Test_T_C,25.0,C,DIRECT_METHOD_OR_SCHEMA_UNIT_REPRESENTATION,"Methods pp.2-3 and Figs.2,4",Source methods; Celsius-to-Kelvin schema representation only,High_TRIP_Medium_TWIP,VERIFIED,EXPERIMENTAL,https://doi.org/10.1016/j.jallcom.2021.162765,AUDIT_SCOPE_DEPENDENT,MASTER_FIELD_MAPPING
P021,10.1016/j.jallcom.2021.162765,P021_SERIES01,P021_MAT_FE50MN17p5CR12p5CO10NI5SI5,P021_MC_A1000_20M_RT_G41,P021_OBS_A1000_20M_RT_G41,P021_OBS_A1000_20M_RT_G41,Specimen_Orientation,Longitudinal / rolling direction,as reported,DIRECT_METHOD_OR_SCHEMA_UNIT_REPRESENTATION,"Methods pp.2-3 and Figs.2,4",Source methods; Celsius-to-Kelvin schema representation only,High_TRIP_Medium_TWIP,VERIFIED,EXPERIMENTAL,https://doi.org/10.1016/j.jallcom.2021.162765,AUDIT_SCOPE_DEPENDENT,MASTER_FIELD_MAPPING
P021,10.1016/j.jallcom.2021.162765,P021_SERIES01,P021_MAT_FE50MN17p5CR12p5CO10NI5SI5,P021_MC_A1000_20M_RT_G41,P021_OBS_A1000_20M_RT_G41,P021_OBS_A1000_20M_RT_G41,Specimen_Standard,ASTM E8/E8M sub-size,as reported,DIRECT_METHOD_OR_SCHEMA_UNIT_REPRESENTATION,"Methods pp.2-3 and Figs.2,4",Source methods; Celsius-to-Kelvin schema representation only,High_TRIP_Medium_TWIP,VERIFIED,EXPERIMENTAL,https://doi.org/10.1016/j.jallcom.2021.162765,AUDIT_SCOPE_DEPENDENT,MASTER_FIELD_MAPPING
P021,10.1016/j.jallcom.2021.162765,P021_SERIES01,P021_MAT_FE50MN17p5CR12p5CO10NI5SI5,P021_MC_A1000_20M_RT_G41,P021_OBS_A1000_20M_RT_G41,P021_OBS_A1000_20M_RT_G41,Initial_Alpha_BCT_fraction,0.0,fraction,DIRECT_PRETEST_MICROSTRUCTURE,"Results pp.3,6 and Figs.2,3,7","BSE, EBSD, XRD, and pre-test TEM interpretation",High_TRIP_Medium_TWIP,VERIFIED,EXPERIMENTAL,https://doi.org/10.1016/j.jallcom.2021.162765,AUDIT_SCOPE_DEPENDENT,MASTER_FIELD_MAPPING
P021,10.1016/j.jallcom.2021.162765,P021_SERIES01,P021_MAT_FE50MN17p5CR12p5CO10NI5SI5,P021_MC_A1000_20M_RT_G41,P021_OBS_A1000_20M_RT_G41,P021_OBS_A1000_20M_RT_G41,Initial_Secondary_Phase_Status,NO_OBVIOUS_PRECIPITATES_OR_OTHER_PHASES,as reported,DIRECT_PRETEST_MICROSTRUCTURE,"Results pp.3,6 and Figs.2,3,7","BSE, EBSD, XRD, and pre-test TEM interpretation",High_TRIP_Medium_TWIP,VERIFIED,EXPERIMENTAL,https://doi.org/10.1016/j.jallcom.2021.162765,AUDIT_SCOPE_DEPENDENT,MASTER_FIELD_MAPPING
P021,10.1016/j.jallcom.2021.162765,P021_SERIES01,P021_MAT_FE50MN17p5CR12p5CO10NI5SI5,P021_MC_A1000_20M_RT_G41,P021_OBS_A1000_20M_RT_G41,P021_OBS_A1000_20M_RT_G41,Fully_Recrystallized,True,as reported,DIRECT_PRETEST_MICROSTRUCTURE,"Results pp.3,6 and Figs.2,3,7","BSE, EBSD, XRD, and pre-test TEM interpretation",High_TRIP_Medium_TWIP,VERIFIED,EXPERIMENTAL,https://doi.org/10.1016/j.jallcom.2021.162765,AUDIT_SCOPE_DEPENDENT,MASTER_FIELD_MAPPING
P021,10.1016/j.jallcom.2021.162765,P021_SERIES01,P021_MAT_FE50MN17p5CR12p5CO10NI5SI5,P021_MC_A1000_20M_RT_G41,P021_OBS_A1000_20M_RT_G41,P021_OBS_A1000_20M_RT_G41,Grain_Size_Method,EBSD/BSE; twin boundaries excluded from grain-size calculation,as reported,DIRECT_PRETEST_MICROSTRUCTURE,"Results pp.3,6 and Figs.2,3,7","BSE, EBSD, XRD, and pre-test TEM interpretation",High_TRIP_Medium_TWIP,VERIFIED,EXPERIMENTAL,https://doi.org/10.1016/j.jallcom.2021.162765,AUDIT_SCOPE_DEPENDENT,MASTER_FIELD_MAPPING
P021,10.1016/j.jallcom.2021.162765,P021_SERIES01,P021_MAT_FE50MN17p5CR12p5CO10NI5SI5,P021_MC_A1000_20M_RT_G41,P021_OBS_A1000_20M_RT_G41,P021_OBS_A1000_20M_RT_G41,Grain_Size_Twin_Boundary_Exclusion,True,as reported,DIRECT_PRETEST_MICROSTRUCTURE,"Results pp.3,6 and Figs.2,3,7","BSE, EBSD, XRD, and pre-test TEM interpretation",High_TRIP_Medium_TWIP,VERIFIED,EXPERIMENTAL,https://doi.org/10.1016/j.jallcom.2021.162765,AUDIT_SCOPE_DEPENDENT,MASTER_FIELD_MAPPING
P021,10.1016/j.jallcom.2021.162765,P021_SERIES01,P021_MAT_FE50MN17p5CR12p5CO10NI5SI5,P021_MC_A1000_20M_RT_G41,P021_OBS_A1000_20M_RT_G41,P021_OBS_A1000_20M_RT_G41,Initial_Stacking_Fault_State,NO_QUANTITATIVE_INITIAL_STACKING_FAULT_METRIC_REPORTED,as reported,DIRECT_PRETEST_MICROSTRUCTURE,"Results pp.3,6 and Figs.2,3,7","BSE, EBSD, XRD, and pre-test TEM interpretation",High_TRIP_Medium_TWIP,VERIFIED,EXPERIMENTAL,https://doi.org/10.1016/j.jallcom.2021.162765,AUDIT_SCOPE_DEPENDENT,MASTER_FIELD_MAPPING
P021,10.1016/j.jallcom.2021.162765,P021_SERIES01,P021_MAT_FE50MN17p5CR12p5CO10NI5SI5,P021_MC_A1000_20M_RT_G41,P021_OBS_A1000_20M_RT_G41,P021_OBS_A1000_20M_RT_G41,Initial_Stacking_Fault_State_Raw,No quantitative initial stacking-fault metric reported,as reported,DIRECT_PRETEST_MICROSTRUCTURE,"Results pp.3,6 and Figs.2,3,7","BSE, EBSD, XRD, and pre-test TEM interpretation",High_TRIP_Medium_TWIP,VERIFIED,EXPERIMENTAL,https://doi.org/10.1016/j.jallcom.2021.162765,AUDIT_SCOPE_DEPENDENT,MASTER_FIELD_MAPPING
P021,10.1016/j.jallcom.2021.162765,P021_SERIES01,P021_MAT_FE50MN17p5CR12p5CO10NI5SI5,P021_MC_A1000_20M_RT_G41,P021_OBS_A1000_20M_RT_G41,P021_OBS_A1000_20M_RT_G41,PreTest_Cryogenic_Immersion,False,as reported,DIRECT_PRETEST_MICROSTRUCTURE,"Results pp.3,6 and Figs.2,3,7","BSE, EBSD, XRD, and pre-test TEM interpretation",High_TRIP_Medium_TWIP,VERIFIED,EXPERIMENTAL,https://doi.org/10.1016/j.jallcom.2021.162765,AUDIT_SCOPE_DEPENDENT,MASTER_FIELD_MAPPING
P021,10.1016/j.jallcom.2021.162765,P021_SERIES01,P021_MAT_FE50MN17p5CR12p5CO10NI5SI5,P021_MC_A1000_20M_RT_G41,P021_OBS_A1000_20M_RT_G41,P021_OBS_A1000_20M_RT_G41,PreTest_State_Timing,BEFORE_TENSILE_LOADING,as reported,DIRECT_PRETEST_MICROSTRUCTURE,"Results pp.3,6 and Figs.2,3,7","BSE, EBSD, XRD, and pre-test TEM interpretation",High_TRIP_Medium_TWIP,VERIFIED,EXPERIMENTAL,https://doi.org/10.1016/j.jallcom.2021.162765,AUDIT_SCOPE_DEPENDENT,MASTER_FIELD_MAPPING
P021,10.1016/j.jallcom.2021.162765,P021_SERIES01,P021_MAT_FE50MN17p5CR12p5CO10NI5SI5,P021_MC_A1000_20M_RT_G41,P021_OBS_A1000_20M_RT_G41,P021_OBS_A1000_20M_RT_G41,Postfracture_Evidence_Method,EBSD + TEM/SAD,as reported,DIRECT_POST_TEST_TARGET_EVIDENCE,"Figs.6a,7c pp.5-7","Condition-specific XRD, EBSD, and TEM/SAD",High_TRIP_Medium_TWIP,VERIFIED,EXPERIMENTAL,https://doi.org/10.1016/j.jallcom.2021.162765,POST_TEST_TARGET_EVIDENCE,MASTER_FIELD_MAPPING
P021,10.1016/j.jallcom.2021.162765,P021_SERIES01,P021_MAT_FE50MN17p5CR12p5CO10NI5SI5,P021_MC_A1000_20M_RT_G41,P021_OBS_A1000_20M_RT_G41,P021_OBS_A1000_20M_RT_G41,Postfracture_HCP_fraction_scope,EBSD_INDEXED_PIXELS_ONLY_EXCLUDES_NON_INDEXED_REGIONS,as reported,DIRECT_POST_TEST_TARGET_EVIDENCE,"Figs.6a,7c pp.5-7","Condition-specific XRD, EBSD, and TEM/SAD",High_TRIP_Medium_TWIP,VERIFIED,EXPERIMENTAL,https://doi.org/10.1016/j.jallcom.2021.162765,POST_TEST_TARGET_EVIDENCE,MASTER_FIELD_MAPPING
P021,10.1016/j.jallcom.2021.162765,P021_SERIES01,P021_MAT_FE50MN17p5CR12p5CO10NI5SI5,P021_MC_A1000_20M_RT_G41,P021_OBS_A1000_20M_RT_G41,P021_OBS_A1000_20M_RT_G41,Postfracture_Predictor_Eligibility,POST_TEST_TARGET_EVIDENCE,as reported,DIRECT_POST_TEST_TARGET_EVIDENCE,"Figs.6a,7c pp.5-7","Condition-specific XRD, EBSD, and TEM/SAD",High_TRIP_Medium_TWIP,VERIFIED,EXPERIMENTAL,https://doi.org/10.1016/j.jallcom.2021.162765,POST_TEST_TARGET_EVIDENCE,MASTER_FIELD_MAPPING
P021,10.1016/j.jallcom.2021.162765,P021_SERIES01,P021_MAT_FE50MN17p5CR12p5CO10NI5SI5,P021_MC_A1000_20M_RT_G41,P021_OBS_A1000_20M_RT_G41,P021_OBS_A1000_20M_RT_G41,Postfracture_Mechanical_Twin_Status,FEW_MECHANICAL_TWINS_DIRECT_TEXT,as reported,DIRECT_POST_TEST_TARGET_EVIDENCE,"Figs.6a,7c pp.5-7","Condition-specific XRD, EBSD, and TEM/SAD",High_TRIP_Medium_TWIP,VERIFIED,EXPERIMENTAL,https://doi.org/10.1016/j.jallcom.2021.162765,POST_TEST_TARGET_EVIDENCE,MASTER_FIELD_MAPPING
P021,10.1016/j.jallcom.2021.162765,P021_SERIES01,P021_MAT_FE50MN17p5CR12p5CO10NI5SI5,P021_MC_A1000_20M_RT_G41,P021_OBS_A1000_20M_RT_G41,P021_OBS_A1000_20M_RT_G41,Slip_StackingFault_Status,STACKING_FAULTS_AND_DISLOCATION_DISSOCIATION_SUPPORT,as reported,DIRECT_POST_TEST_TARGET_EVIDENCE,"Figs.6a,7c pp.5-7","Condition-specific XRD, EBSD, and TEM/SAD",High_TRIP_Medium_TWIP,VERIFIED,EXPERIMENTAL,https://doi.org/10.1016/j.jallcom.2021.162765,POST_TEST_TARGET_EVIDENCE,MASTER_FIELD_MAPPING
P021,10.1016/j.jallcom.2021.162765,P021_SERIES01,P021_MAT_FE50MN17p5CR12p5CO10NI5SI5,P021_MC_A1000_20M_RT_G41,P021_OBS_A1000_20M_RT_G41,P021_OBS_A1000_20M_RT_G41,Alpha_BCT_Transformation_Status,NOT_DETECTED,as reported,DIRECT_POST_TEST_TARGET_EVIDENCE,"Figs.6a,7c pp.5-7","Condition-specific XRD, EBSD, and TEM/SAD",High_TRIP_Medium_TWIP,VERIFIED,EXPERIMENTAL,https://doi.org/10.1016/j.jallcom.2021.162765,POST_TEST_TARGET_EVIDENCE,MASTER_FIELD_MAPPING
P021,10.1016/j.jallcom.2021.162765,P021_SERIES01,P021_MAT_FE50MN17p5CR12p5CO10NI5SI5,P021_MC_A1000_20M_RT_G41,P021_OBS_A1000_20M_RT_G41,P021_OBS_A1000_20M_RT_G41,Alpha_BCT_Transformation_Evidence,NOT_DETECTED_DIRECT_TEM_DIFFRACTION,as reported,DIRECT_POST_TEST_TARGET_EVIDENCE,"Figs.6a,7c pp.5-7","Condition-specific XRD, EBSD, and TEM/SAD",High_TRIP_Medium_TWIP,VERIFIED,EXPERIMENTAL,https://doi.org/10.1016/j.jallcom.2021.162765,POST_TEST_TARGET_EVIDENCE,MASTER_FIELD_MAPPING
P021,10.1016/j.jallcom.2021.162765,P021_SERIES01,P021_MAT_FE50MN17p5CR12p5CO10NI5SI5,P021_MC_A1000_20M_RT_G41,P021_OBS_A1000_20M_RT_G41,P021_OBS_A1000_20M_RT_G41,Alpha_BCT_Target_Safeguard,ALPHA_BCT_ABSENCE_IS_SEPARATE_FROM_POSITIVE_FCC_TO_HCP_TRIP,as reported,DIRECT_POST_TEST_TARGET_EVIDENCE,"Figs.6a,7c pp.5-7","Condition-specific XRD, EBSD, and TEM/SAD",High_TRIP_Medium_TWIP,VERIFIED,EXPERIMENTAL,https://doi.org/10.1016/j.jallcom.2021.162765,POST_TEST_TARGET_EVIDENCE,MASTER_FIELD_MAPPING
P021,10.1016/j.jallcom.2021.162765,P021_SERIES01,P021_MAT_FE50MN17p5CR12p5CO10NI5SI5,P021_MC_A1000_20M_RT_G41,P021_OBS_A1000_20M_RT_G41,P021_OBS_A1000_20M_RT_G41,TWIP_Evidence_Abundance,LOW,as reported,CONDITION_LEVEL_TARGET_DECISION,"Methods pp.2-3; Fig.2; Fig.4; Results pp.3,6; Figs.2,3,7; Fig.4 inset tables p.4; Initial state is single FCC with HCP=0. After room-temperature tensile deformation, EBSD reports 14.9% HCP epsilon-martensite and TEM/SAD shows HCP laths. The paper explicitly reports 'few mechanical twins' in the deformed specimen.",Condition-specific EBSD/XRD/TEM evidence or conservative NA review,High_TRIP_Medium_TWIP,VERIFIED,EXPERIMENTAL,https://doi.org/10.1016/j.jallcom.2021.162765,AUDIT_SCOPE_DEPENDENT,MASTER_FIELD_MAPPING
P021,10.1016/j.jallcom.2021.162765,P021_SERIES01,P021_MAT_FE50MN17p5CR12p5CO10NI5SI5,P021_MC_A1000_20M_RT_G41,P021_OBS_A1000_20M_RT_G41,P021_OBS_A1000_20M_RT_G41,TWIP_Evidence_Strength,MEDIUM_RELATIVE_TO_TRIP,as reported,CONDITION_LEVEL_TARGET_DECISION,"Methods pp.2-3; Fig.2; Fig.4; Results pp.3,6; Figs.2,3,7; Fig.4 inset tables p.4; Initial state is single FCC with HCP=0. After room-temperature tensile deformation, EBSD reports 14.9% HCP epsilon-martensite and TEM/SAD shows HCP laths. The paper explicitly reports 'few mechanical twins' in the deformed specimen.",Condition-specific EBSD/XRD/TEM evidence or conservative NA review,High_TRIP_Medium_TWIP,VERIFIED,EXPERIMENTAL,https://doi.org/10.1016/j.jallcom.2021.162765,AUDIT_SCOPE_DEPENDENT,MASTER_FIELD_MAPPING
P021,10.1016/j.jallcom.2021.162765,P021_SERIES01,P021_MAT_FE50MN17p5CR12p5CO10NI5SI5,P021_MC_A1000_20M_RT_G41,P021_OBS_A1000_20M_RT_G41,P021_OBS_A1000_20M_RT_G41,SFE_Raw_Bound,<23 mJ/m2,mJ/m2,AUTHOR_INFERENCE_OR_VERIFIED_GAP,Results pp.5-6 and whole-paper review,Source interpretation; no numeric conversion or cross-paper transfer,High_TRIP_Medium_TWIP,VERIFIED,EXPERIMENTAL,https://doi.org/10.1016/j.jallcom.2021.162765,NOT_SAFE_AS_DIRECT_NUMERIC_SFE,MASTER_FIELD_MAPPING
P021,10.1016/j.jallcom.2021.162765,P021_SERIES01,P021_MAT_FE50MN17p5CR12p5CO10NI5SI5,P021_MC_A1000_20M_RT_G41,P021_OBS_A1000_20M_RT_G41,P021_OBS_A1000_20M_RT_G41,SFE_Bound_Status,AUTHOR_INFERRED_UPPER_BOUND_NOT_DIRECT_MEASUREMENT,as reported,AUTHOR_INFERENCE_OR_VERIFIED_GAP,Results pp.5-6 and whole-paper review,Source interpretation; no numeric conversion or cross-paper transfer,High_TRIP_Medium_TWIP,VERIFIED,EXPERIMENTAL,https://doi.org/10.1016/j.jallcom.2021.162765,NOT_SAFE_AS_DIRECT_NUMERIC_SFE,MASTER_FIELD_MAPPING
P021,10.1016/j.jallcom.2021.162765,P021_SERIES01,P021_MAT_FE50MN17p5CR12p5CO10NI5SI5,P021_MC_A1000_20M_RT_G41,P021_OBS_A1000_20M_RT_G41,P021_OBS_A1000_20M_RT_G41,SFE_Predictor_Eligibility,NOT_SAFE_AS_DIRECT_NUMERIC_SFE,as reported,AUTHOR_INFERENCE_OR_VERIFIED_GAP,Results pp.5-6 and whole-paper review,Source interpretation; no numeric conversion or cross-paper transfer,High_TRIP_Medium_TWIP,VERIFIED,EXPERIMENTAL,https://doi.org/10.1016/j.jallcom.2021.162765,NOT_SAFE_AS_DIRECT_NUMERIC_SFE,MASTER_FIELD_MAPPING
P021,10.1016/j.jallcom.2021.162765,P021_SERIES01,P021_MAT_FE50MN17p5CR12p5CO10NI5SI5,P021_MC_A1000_150M_RT_G150,P021_OBS_A1000_150M_RT_G150,P021_OBS_A1000_150M_RT_G150,Paper_ID,P021,as reported,SOURCE_IDENTITY,Verified article identity / whole paper,Verified workbook and publisher DOI match,High_for_NA_decision,VERIFIED,EXPERIMENTAL,https://doi.org/10.1016/j.jallcom.2021.162765,AUDIT_SCOPE_DEPENDENT,MASTER_FIELD_MAPPING
P021,10.1016/j.jallcom.2021.162765,P021_SERIES01,P021_MAT_FE50MN17p5CR12p5CO10NI5SI5,P021_MC_A1000_150M_RT_G150,P021_OBS_A1000_150M_RT_G150,P021_OBS_A1000_150M_RT_G150,DOI,10.1016/j.jallcom.2021.162765,as reported,SOURCE_IDENTITY,Verified article identity / whole paper,Verified workbook and publisher DOI match,High_for_NA_decision,VERIFIED,EXPERIMENTAL,https://doi.org/10.1016/j.jallcom.2021.162765,AUDIT_SCOPE_DEPENDENT,MASTER_FIELD_MAPPING
P021,10.1016/j.jallcom.2021.162765,P021_SERIES01,P021_MAT_FE50MN17p5CR12p5CO10NI5SI5,P021_MC_A1000_150M_RT_G150,P021_OBS_A1000_150M_RT_G150,P021_OBS_A1000_150M_RT_G150,Paper_Title,Enhancement in mechanical properties through an FCC-to-HCP phase transformation in an Fe-17.5Mn-10Co-12.5Cr-5Ni-5Si (in at%) medium-entropy alloy,as reported,SOURCE_IDENTITY,Verified article identity / whole paper,Verified workbook and publisher DOI match,High_for_NA_decision,VERIFIED,EXPERIMENTAL,https://doi.org/10.1016/j.jallcom.2021.162765,AUDIT_SCOPE_DEPENDENT,MASTER_FIELD_MAPPING
P021,10.1016/j.jallcom.2021.162765,P021_SERIES01,P021_MAT_FE50MN17p5CR12p5CO10NI5SI5,P021_MC_A1000_150M_RT_G150,P021_OBS_A1000_150M_RT_G150,P021_OBS_A1000_150M_RT_G150,Condition_ID,P021_MC_A1000_150M_RT_G150,as reported,HIERARCHY_INTEGRATION,P021_Conditions verified sheet,Source-defined condition hierarchy and aggregate replicate scope,High_for_NA_decision,VERIFIED,EXPERIMENTAL,https://doi.org/10.1016/j.jallcom.2021.162765,AUDIT_SCOPE_DEPENDENT,MASTER_FIELD_MAPPING
P021,10.1016/j.jallcom.2021.162765,P021_SERIES01,P021_MAT_FE50MN17p5CR12p5CO10NI5SI5,P021_MC_A1000_150M_RT_G150,P021_OBS_A1000_150M_RT_G150,P021_OBS_A1000_150M_RT_G150,Experiment_Group_ID,P021_SERIES01,as reported,HIERARCHY_INTEGRATION,P021_Conditions verified sheet,Source-defined condition hierarchy and aggregate replicate scope,High_for_NA_decision,VERIFIED,EXPERIMENTAL,https://doi.org/10.1016/j.jallcom.2021.162765,AUDIT_SCOPE_DEPENDENT,MASTER_FIELD_MAPPING
P021,10.1016/j.jallcom.2021.162765,P021_SERIES01,P021_MAT_FE50MN17p5CR12p5CO10NI5SI5,P021_MC_A1000_150M_RT_G150,P021_OBS_A1000_150M_RT_G150,P021_OBS_A1000_150M_RT_G150,Row_Type,Primary experimental tensile condition,as reported,HIERARCHY_INTEGRATION,P021_Conditions verified sheet,Source-defined condition hierarchy and aggregate replicate scope,High_for_NA_decision,VERIFIED,EXPERIMENTAL,https://doi.org/10.1016/j.jallcom.2021.162765,AUDIT_SCOPE_DEPENDENT,MASTER_FIELD_MAPPING
P021,10.1016/j.jallcom.2021.162765,P021_SERIES01,P021_MAT_FE50MN17p5CR12p5CO10NI5SI5,P021_MC_A1000_150M_RT_G150,P021_OBS_A1000_150M_RT_G150,P021_OBS_A1000_150M_RT_G150,Alloy_ID,Fe50Mn17.5Cr12.5Co10Ni5Si5,as reported,DIRECT_NOMINAL_TEXT_OR_VERIFIED_NA,"Abstract, Methods, and Fig.1",Nominal alloy design; EDS/BSE qualitative homogeneity review,High_for_NA_decision,VERIFIED,EXPERIMENTAL,https://doi.org/10.1016/j.jallcom.2021.162765,AUDIT_SCOPE_DEPENDENT,MASTER_FIELD_MAPPING
P021,10.1016/j.jallcom.2021.162765,P021_SERIES01,P021_MAT_FE50MN17p5CR12p5CO10NI5SI5,P021_MC_A1000_150M_RT_G150,P021_OBS_A1000_150M_RT_G150,P021_OBS_A1000_150M_RT_G150,Original_Composition,Fe50Mn17.5Cr12.5Co10Ni5Si5,as reported,DIRECT_NOMINAL_TEXT_OR_VERIFIED_NA,"Abstract, Methods, and Fig.1",Nominal alloy design; EDS/BSE qualitative homogeneity review,High_for_NA_decision,VERIFIED,EXPERIMENTAL,https://doi.org/10.1016/j.jallcom.2021.162765,AUDIT_SCOPE_DEPENDENT,MASTER_FIELD_MAPPING
P021,10.1016/j.jallcom.2021.162765,P021_SERIES01,P021_MAT_FE50MN17p5CR12p5CO10NI5SI5,P021_MC_A1000_150M_RT_G150,P021_OBS_A1000_150M_RT_G150,P021_OBS_A1000_150M_RT_G150,Composition_basis,at.% nominal,as reported,DIRECT_NOMINAL_TEXT_OR_VERIFIED_NA,"Abstract, Methods, and Fig.1",Nominal alloy design; EDS/BSE qualitative homogeneity review,High_for_NA_decision,VERIFIED,EXPERIMENTAL,https://doi.org/10.1016/j.jallcom.2021.162765,AUDIT_SCOPE_DEPENDENT,MASTER_FIELD_MAPPING
P021,10.1016/j.jallcom.2021.162765,P021_SERIES01,P021_MAT_FE50MN17p5CR12p5CO10NI5SI5,P021_MC_A1000_150M_RT_G150,P021_OBS_A1000_150M_RT_G150,P021_OBS_A1000_150M_RT_G150,Fe_at%,50.0,at.%,DIRECT_NOMINAL_TEXT_OR_VERIFIED_NA,"Abstract, Methods, and Fig.1",Nominal alloy design; EDS/BSE qualitative homogeneity review,High_for_NA_decision,VERIFIED,EXPERIMENTAL,https://doi.org/10.1016/j.jallcom.2021.162765,AUDIT_SCOPE_DEPENDENT,MASTER_FIELD_MAPPING
P021,10.1016/j.jallcom.2021.162765,P021_SERIES01,P021_MAT_FE50MN17p5CR12p5CO10NI5SI5,P021_MC_A1000_150M_RT_G150,P021_OBS_A1000_150M_RT_G150,P021_OBS_A1000_150M_RT_G150,Mn_at%,17.5,at.%,DIRECT_NOMINAL_TEXT_OR_VERIFIED_NA,"Abstract, Methods, and Fig.1",Nominal alloy design; EDS/BSE qualitative homogeneity review,High_for_NA_decision,VERIFIED,EXPERIMENTAL,https://doi.org/10.1016/j.jallcom.2021.162765,AUDIT_SCOPE_DEPENDENT,MASTER_FIELD_MAPPING
P021,10.1016/j.jallcom.2021.162765,P021_SERIES01,P021_MAT_FE50MN17p5CR12p5CO10NI5SI5,P021_MC_A1000_150M_RT_G150,P021_OBS_A1000_150M_RT_G150,P021_OBS_A1000_150M_RT_G150,Co_at%,10.0,at.%,DIRECT_NOMINAL_TEXT_OR_VERIFIED_NA,"Abstract, Methods, and Fig.1",Nominal alloy design; EDS/BSE qualitative homogeneity review,High_for_NA_decision,VERIFIED,EXPERIMENTAL,https://doi.org/10.1016/j.jallcom.2021.162765,AUDIT_SCOPE_DEPENDENT,MASTER_FIELD_MAPPING
P021,10.1016/j.jallcom.2021.162765,P021_SERIES01,P021_MAT_FE50MN17p5CR12p5CO10NI5SI5,P021_MC_A1000_150M_RT_G150,P021_OBS_A1000_150M_RT_G150,P021_OBS_A1000_150M_RT_G150,Cr_at%,12.5,at.%,DIRECT_NOMINAL_TEXT_OR_VERIFIED_NA,"Abstract, Methods, and Fig.1",Nominal alloy design; EDS/BSE qualitative homogeneity review,High_for_NA_decision,VERIFIED,EXPERIMENTAL,https://doi.org/10.1016/j.jallcom.2021.162765,AUDIT_SCOPE_DEPENDENT,MASTER_FIELD_MAPPING
P021,10.1016/j.jallcom.2021.162765,P021_SERIES01,P021_MAT_FE50MN17p5CR12p5CO10NI5SI5,P021_MC_A1000_150M_RT_G150,P021_OBS_A1000_150M_RT_G150,P021_OBS_A1000_150M_RT_G150,Ni_at%,5.0,at.%,DIRECT_NOMINAL_TEXT_OR_VERIFIED_NA,"Abstract, Methods, and Fig.1",Nominal alloy design; EDS/BSE qualitative homogeneity review,High_for_NA_decision,VERIFIED,EXPERIMENTAL,https://doi.org/10.1016/j.jallcom.2021.162765,AUDIT_SCOPE_DEPENDENT,MASTER_FIELD_MAPPING
P021,10.1016/j.jallcom.2021.162765,P021_SERIES01,P021_MAT_FE50MN17p5CR12p5CO10NI5SI5,P021_MC_A1000_150M_RT_G150,P021_OBS_A1000_150M_RT_G150,P021_OBS_A1000_150M_RT_G150,Si_at%,5.0,at.%,DIRECT_NOMINAL_TEXT_OR_VERIFIED_NA,"Abstract, Methods, and Fig.1",Nominal alloy design; EDS/BSE qualitative homogeneity review,High_for_NA_decision,VERIFIED,EXPERIMENTAL,https://doi.org/10.1016/j.jallcom.2021.162765,AUDIT_SCOPE_DEPENDENT,MASTER_FIELD_MAPPING
P021,10.1016/j.jallcom.2021.162765,P021_SERIES01,P021_MAT_FE50MN17p5CR12p5CO10NI5SI5,P021_MC_A1000_150M_RT_G150,P021_OBS_A1000_150M_RT_G150,P021_OBS_A1000_150M_RT_G150,Processing_route,Vacuum arc melted under Ar from >99.9% raw materials; flipped/remelted at least five times; approximately 150 g alloy remolded to 65 x 40 x 10 mm; homogenized 1150 C/24 h; hot rolled at 1100 C to 3 mm; cold rolled 30%; final anneal 1000 C/150 min; water quenched,as reported,DIRECT_METHOD_OR_SCHEMA_UNIT_REPRESENTATION,"Methods pp.2-3 and Figs.2,4",Source methods; Celsius-to-Kelvin schema representation only,High_for_NA_decision,VERIFIED,EXPERIMENTAL,https://doi.org/10.1016/j.jallcom.2021.162765,AUDIT_SCOPE_DEPENDENT,MASTER_FIELD_MAPPING
P021,10.1016/j.jallcom.2021.162765,P021_SERIES01,P021_MAT_FE50MN17p5CR12p5CO10NI5SI5,P021_MC_A1000_150M_RT_G150,P021_OBS_A1000_150M_RT_G150,P021_OBS_A1000_150M_RT_G150,Cast_method,Vacuum arc melting under Ar; flipped/remelted at least five times; remolded rectangular ingot,as reported,DIRECT_METHOD_OR_SCHEMA_UNIT_REPRESENTATION,"Methods pp.2-3 and Figs.2,4",Source methods; Celsius-to-Kelvin schema representation only,High_for_NA_decision,VERIFIED,EXPERIMENTAL,https://doi.org/10.1016/j.jallcom.2021.162765,AUDIT_SCOPE_DEPENDENT,MASTER_FIELD_MAPPING
P021,10.1016/j.jallcom.2021.162765,P021_SERIES01,P021_MAT_FE50MN17p5CR12p5CO10NI5SI5,P021_MC_A1000_150M_RT_G150,P021_OBS_A1000_150M_RT_G150,P021_OBS_A1000_150M_RT_G150,Homogenization_T_K,1423.15,K,DIRECT_METHOD_OR_SCHEMA_UNIT_REPRESENTATION,"Methods pp.2-3 and Figs.2,4",Source methods; Celsius-to-Kelvin schema representation only,High_for_NA_decision,VERIFIED,EXPERIMENTAL,https://doi.org/10.1016/j.jallcom.2021.162765,AUDIT_SCOPE_DEPENDENT,MASTER_FIELD_MAPPING
P021,10.1016/j.jallcom.2021.162765,P021_SERIES01,P021_MAT_FE50MN17p5CR12p5CO10NI5SI5,P021_MC_A1000_150M_RT_G150,P021_OBS_A1000_150M_RT_G150,P021_OBS_A1000_150M_RT_G150,Homogenization_time_h,24.0,h,DIRECT_METHOD_OR_SCHEMA_UNIT_REPRESENTATION,"Methods pp.2-3 and Figs.2,4",Source methods; Celsius-to-Kelvin schema representation only,High_for_NA_decision,VERIFIED,EXPERIMENTAL,https://doi.org/10.1016/j.jallcom.2021.162765,AUDIT_SCOPE_DEPENDENT,MASTER_FIELD_MAPPING
P021,10.1016/j.jallcom.2021.162765,P021_SERIES01,P021_MAT_FE50MN17p5CR12p5CO10NI5SI5,P021_MC_A1000_150M_RT_G150,P021_OBS_A1000_150M_RT_G150,P021_OBS_A1000_150M_RT_G150,Hot_rolling_T_K,1373.15,K,DIRECT_METHOD_OR_SCHEMA_UNIT_REPRESENTATION,"Methods pp.2-3 and Figs.2,4",Source methods; Celsius-to-Kelvin schema representation only,High_for_NA_decision,VERIFIED,EXPERIMENTAL,https://doi.org/10.1016/j.jallcom.2021.162765,AUDIT_SCOPE_DEPENDENT,MASTER_FIELD_MAPPING
P021,10.1016/j.jallcom.2021.162765,P021_SERIES01,P021_MAT_FE50MN17p5CR12p5CO10NI5SI5,P021_MC_A1000_150M_RT_G150,P021_OBS_A1000_150M_RT_G150,P021_OBS_A1000_150M_RT_G150,Cold_rolling_reduction_pct,30.0,%,DIRECT_METHOD_OR_SCHEMA_UNIT_REPRESENTATION,"Methods pp.2-3 and Figs.2,4",Source methods; Celsius-to-Kelvin schema representation only,High_for_NA_decision,VERIFIED,EXPERIMENTAL,https://doi.org/10.1016/j.jallcom.2021.162765,AUDIT_SCOPE_DEPENDENT,MASTER_FIELD_MAPPING
P021,10.1016/j.jallcom.2021.162765,P021_SERIES01,P021_MAT_FE50MN17p5CR12p5CO10NI5SI5,P021_MC_A1000_150M_RT_G150,P021_OBS_A1000_150M_RT_G150,P021_OBS_A1000_150M_RT_G150,Annealing_T_K,1273.15,K,DIRECT_METHOD_OR_SCHEMA_UNIT_REPRESENTATION,"Methods pp.2-3 and Figs.2,4",Source methods; Celsius-to-Kelvin schema representation only,High_for_NA_decision,VERIFIED,EXPERIMENTAL,https://doi.org/10.1016/j.jallcom.2021.162765,AUDIT_SCOPE_DEPENDENT,MASTER_FIELD_MAPPING
P021,10.1016/j.jallcom.2021.162765,P021_SERIES01,P021_MAT_FE50MN17p5CR12p5CO10NI5SI5,P021_MC_A1000_150M_RT_G150,P021_OBS_A1000_150M_RT_G150,P021_OBS_A1000_150M_RT_G150,Annealing_time_min,150.0,min,DIRECT_METHOD_OR_SCHEMA_UNIT_REPRESENTATION,"Methods pp.2-3 and Figs.2,4",Source methods; Celsius-to-Kelvin schema representation only,High_for_NA_decision,VERIFIED,EXPERIMENTAL,https://doi.org/10.1016/j.jallcom.2021.162765,AUDIT_SCOPE_DEPENDENT,MASTER_FIELD_MAPPING
P021,10.1016/j.jallcom.2021.162765,P021_SERIES01,P021_MAT_FE50MN17p5CR12p5CO10NI5SI5,P021_MC_A1000_150M_RT_G150,P021_OBS_A1000_150M_RT_G150,P021_OBS_A1000_150M_RT_G150,Cooling_route,Water quench,as reported,DIRECT_METHOD_OR_SCHEMA_UNIT_REPRESENTATION,"Methods pp.2-3 and Figs.2,4",Source methods; Celsius-to-Kelvin schema representation only,High_for_NA_decision,VERIFIED,EXPERIMENTAL,https://doi.org/10.1016/j.jallcom.2021.162765,AUDIT_SCOPE_DEPENDENT,MASTER_FIELD_MAPPING
P021,10.1016/j.jallcom.2021.162765,P021_SERIES01,P021_MAT_FE50MN17p5CR12p5CO10NI5SI5,P021_MC_A1000_150M_RT_G150,P021_OBS_A1000_150M_RT_G150,P021_OBS_A1000_150M_RT_G150,Test_T_K,298.0,K,DIRECT_METHOD_OR_SCHEMA_UNIT_REPRESENTATION,"Methods pp.2-3 and Figs.2,4",Source methods; Celsius-to-Kelvin schema representation only,High_for_NA_decision,VERIFIED,EXPERIMENTAL,https://doi.org/10.1016/j.jallcom.2021.162765,AUDIT_SCOPE_DEPENDENT,MASTER_FIELD_MAPPING
P021,10.1016/j.jallcom.2021.162765,P021_SERIES01,P021_MAT_FE50MN17p5CR12p5CO10NI5SI5,P021_MC_A1000_150M_RT_G150,P021_OBS_A1000_150M_RT_G150,P021_OBS_A1000_150M_RT_G150,Strain_rate_s-1,0.001,s^-1,DIRECT_METHOD_OR_SCHEMA_UNIT_REPRESENTATION,"Methods pp.2-3 and Figs.2,4",Source methods; Celsius-to-Kelvin schema representation only,High_for_NA_decision,VERIFIED,EXPERIMENTAL,https://doi.org/10.1016/j.jallcom.2021.162765,AUDIT_SCOPE_DEPENDENT,MASTER_FIELD_MAPPING
P021,10.1016/j.jallcom.2021.162765,P021_SERIES01,P021_MAT_FE50MN17p5CR12p5CO10NI5SI5,P021_MC_A1000_150M_RT_G150,P021_OBS_A1000_150M_RT_G150,P021_OBS_A1000_150M_RT_G150,Grain_size_um,149.6,um,DIRECT_PRETEST_MICROSTRUCTURE,"Results pp.3,6 and Figs.2,3,7","BSE, EBSD, XRD, and pre-test TEM interpretation",High_for_NA_decision,VERIFIED,EXPERIMENTAL,https://doi.org/10.1016/j.jallcom.2021.162765,AUDIT_SCOPE_DEPENDENT,MASTER_FIELD_MAPPING
P021,10.1016/j.jallcom.2021.162765,P021_SERIES01,P021_MAT_FE50MN17p5CR12p5CO10NI5SI5,P021_MC_A1000_150M_RT_G150,P021_OBS_A1000_150M_RT_G150,P021_OBS_A1000_150M_RT_G150,Initial_FCC_fraction,UNRESOLVED_NA,fraction,DIRECT_PRETEST_MICROSTRUCTURE,"Results pp.3,6 and Figs.2,3,7","BSE, EBSD, XRD, and pre-test TEM interpretation",High_for_NA_decision,VERIFIED_NA_EXACT_NUMERIC_FCC_FRACTION_NOT_REPORTED,EXPERIMENTAL,https://doi.org/10.1016/j.jallcom.2021.162765,AUDIT_SCOPE_DEPENDENT,MASTER_FIELD_MAPPING
P021,10.1016/j.jallcom.2021.162765,P021_SERIES01,P021_MAT_FE50MN17p5CR12p5CO10NI5SI5,P021_MC_A1000_150M_RT_G150,P021_OBS_A1000_150M_RT_G150,P021_OBS_A1000_150M_RT_G150,Initial_HCP_fraction,0.0,fraction,DIRECT_PRETEST_MICROSTRUCTURE,"Results pp.3,6 and Figs.2,3,7","BSE, EBSD, XRD, and pre-test TEM interpretation",High_for_NA_decision,VERIFIED,EXPERIMENTAL,https://doi.org/10.1016/j.jallcom.2021.162765,AUDIT_SCOPE_DEPENDENT,MASTER_FIELD_MAPPING
P021,10.1016/j.jallcom.2021.162765,P021_SERIES01,P021_MAT_FE50MN17p5CR12p5CO10NI5SI5,P021_MC_A1000_150M_RT_G150,P021_OBS_A1000_150M_RT_G150,P021_OBS_A1000_150M_RT_G150,Initial_twin_boundary_status,Abundant annealing twins,as reported,DIRECT_PRETEST_MICROSTRUCTURE,"Results pp.3,6 and Figs.2,3,7","BSE, EBSD, XRD, and pre-test TEM interpretation",High_for_NA_decision,VERIFIED,EXPERIMENTAL,https://doi.org/10.1016/j.jallcom.2021.162765,AUDIT_SCOPE_DEPENDENT,MASTER_FIELD_MAPPING
P021,10.1016/j.jallcom.2021.162765,P021_SERIES01,P021_MAT_FE50MN17p5CR12p5CO10NI5SI5,P021_MC_A1000_150M_RT_G150,P021_OBS_A1000_150M_RT_G150,P021_OBS_A1000_150M_RT_G150,SFE_mJ_m2,UNRESOLVED_NA,mJ/m2,AUTHOR_INFERENCE_OR_VERIFIED_GAP,Results pp.5-6 and whole-paper review,Source interpretation; no numeric conversion or cross-paper transfer,High_for_NA_decision,VERIFIED_NA_NO_DIRECT_NUMERIC_ALLOY_SPECIFIC_SFE,EXPERIMENTAL,https://doi.org/10.1016/j.jallcom.2021.162765,NOT_SAFE_AS_DIRECT_NUMERIC_SFE,MASTER_FIELD_MAPPING
P021,10.1016/j.jallcom.2021.162765,P021_SERIES01,P021_MAT_FE50MN17p5CR12p5CO10NI5SI5,P021_MC_A1000_150M_RT_G150,P021_OBS_A1000_150M_RT_G150,P021_OBS_A1000_150M_RT_G150,SFE_method,UNRESOLVED_NA,as reported,AUTHOR_INFERENCE_OR_VERIFIED_GAP,Results pp.5-6 and whole-paper review,Source interpretation; no numeric conversion or cross-paper transfer,High_for_NA_decision,VERIFIED_NA_NO_DIRECT_NUMERIC_ALLOY_SPECIFIC_SFE,EXPERIMENTAL,https://doi.org/10.1016/j.jallcom.2021.162765,NOT_SAFE_AS_DIRECT_NUMERIC_SFE,MASTER_FIELD_MAPPING
P021,10.1016/j.jallcom.2021.162765,P021_SERIES01,P021_MAT_FE50MN17p5CR12p5CO10NI5SI5,P021_MC_A1000_150M_RT_G150,P021_OBS_A1000_150M_RT_G150,P021_OBS_A1000_150M_RT_G150,DeltaG_FCC_HCP_J_mol,UNRESOLVED_NA,J/mol,AUTHOR_INFERENCE_OR_VERIFIED_GAP,Results pp.5-6 and whole-paper review,Source interpretation; no numeric conversion or cross-paper transfer,High_for_NA_decision,VERIFIED_NA_NOT_REPORTED_NO_CROSS_PAPER_TRANSFER,EXPERIMENTAL,https://doi.org/10.1016/j.jallcom.2021.162765,NOT_SAFE_AS_DIRECT_NUMERIC_SFE,MASTER_FIELD_MAPPING
P021,10.1016/j.jallcom.2021.162765,P021_SERIES01,P021_MAT_FE50MN17p5CR12p5CO10NI5SI5,P021_MC_A1000_150M_RT_G150,P021_OBS_A1000_150M_RT_G150,P021_OBS_A1000_150M_RT_G150,DeltaG_method,UNRESOLVED_NA,as reported,AUTHOR_INFERENCE_OR_VERIFIED_GAP,Results pp.5-6 and whole-paper review,Source interpretation; no numeric conversion or cross-paper transfer,High_for_NA_decision,VERIFIED_NA_NOT_REPORTED_NO_CROSS_PAPER_TRANSFER,EXPERIMENTAL,https://doi.org/10.1016/j.jallcom.2021.162765,NOT_SAFE_AS_DIRECT_NUMERIC_SFE,MASTER_FIELD_MAPPING
P021,10.1016/j.jallcom.2021.162765,P021_SERIES01,P021_MAT_FE50MN17p5CR12p5CO10NI5SI5,P021_MC_A1000_150M_RT_G150,P021_OBS_A1000_150M_RT_G150,P021_OBS_A1000_150M_RT_G150,Lattice_parameter_nm,0.358,nm,DIRECT_PRETEST_MICROSTRUCTURE,"Results pp.3,6 and Figs.2,3,7","BSE, EBSD, XRD, and pre-test TEM interpretation",High_for_NA_decision,VERIFIED,EXPERIMENTAL,https://doi.org/10.1016/j.jallcom.2021.162765,AUDIT_SCOPE_DEPENDENT,MASTER_FIELD_MAPPING
P021,10.1016/j.jallcom.2021.162765,P021_SERIES01,P021_MAT_FE50MN17p5CR12p5CO10NI5SI5,P021_MC_A1000_150M_RT_G150,P021_OBS_A1000_150M_RT_G150,P021_OBS_A1000_150M_RT_G150,Slip,UNRESOLVED_NA,binary,CONDITION_LEVEL_TARGET_DECISION,"Methods pp.2-3; Fig.2; Fig.4; Results pp.3,6; Figs.2,3,7; Fig.4 inset tables p.4; Mechanical curve is available, but direct phase/twin characterization is not resolved to this 149.6 um condition.",Condition-specific EBSD/XRD/TEM evidence or conservative NA review,High_for_NA_decision,VERIFIED_NA_INSUFFICIENT_CONDITION_LEVEL_TARGET_EVIDENCE,EXPERIMENTAL,https://doi.org/10.1016/j.jallcom.2021.162765,AUDIT_SCOPE_DEPENDENT,MASTER_FIELD_MAPPING
P021,10.1016/j.jallcom.2021.162765,P021_SERIES01,P021_MAT_FE50MN17p5CR12p5CO10NI5SI5,P021_MC_A1000_150M_RT_G150,P021_OBS_A1000_150M_RT_G150,P021_OBS_A1000_150M_RT_G150,HCP_fraction_at_condition,UNRESOLVED_NA,fraction,DIRECT_POST_TEST_TARGET_EVIDENCE,"Figs.5,6b,7b,7d pp.5-8","Condition-specific XRD, EBSD, and TEM/SAD",High_for_NA_decision,VERIFIED_NA_NO_CONDITION_SPECIFIC_POSTFRACTURE_FRACTION,EXPERIMENTAL,https://doi.org/10.1016/j.jallcom.2021.162765,,MASTER_FIELD_MAPPING
P021,10.1016/j.jallcom.2021.162765,P021_SERIES01,P021_MAT_FE50MN17p5CR12p5CO10NI5SI5,P021_MC_A1000_150M_RT_G150,P021_OBS_A1000_150M_RT_G150,P021_OBS_A1000_150M_RT_G150,YS_MPa,228.0,MPa,DIRECT_AGGREGATE_TENSILE_OUTCOME,Fig.4 inset tables p.4,Average engineering tensile response from at least three specimens,High_for_NA_decision,VERIFIED,EXPERIMENTAL,https://doi.org/10.1016/j.jallcom.2021.162765,MECHANICAL_OUTCOME_LEAKAGE,MASTER_FIELD_MAPPING
P021,10.1016/j.jallcom.2021.162765,P021_SERIES01,P021_MAT_FE50MN17p5CR12p5CO10NI5SI5,P021_MC_A1000_150M_RT_G150,P021_OBS_A1000_150M_RT_G150,P021_OBS_A1000_150M_RT_G150,UTS_MPa,643.0,MPa,DIRECT_AGGREGATE_TENSILE_OUTCOME,Fig.4 inset tables p.4,Average engineering tensile response from at least three specimens,High_for_NA_decision,VERIFIED,EXPERIMENTAL,https://doi.org/10.1016/j.jallcom.2021.162765,MECHANICAL_OUTCOME_LEAKAGE,MASTER_FIELD_MAPPING
P021,10.1016/j.jallcom.2021.162765,P021_SERIES01,P021_MAT_FE50MN17p5CR12p5CO10NI5SI5,P021_MC_A1000_150M_RT_G150,P021_OBS_A1000_150M_RT_G150,P021_OBS_A1000_150M_RT_G150,Elongation_pct,59.0,%,DIRECT_AGGREGATE_TENSILE_OUTCOME,Fig.4 inset tables p.4,Average engineering tensile response from at least three specimens,High_for_NA_decision,VERIFIED,EXPERIMENTAL,https://doi.org/10.1016/j.jallcom.2021.162765,MECHANICAL_OUTCOME_LEAKAGE,MASTER_FIELD_MAPPING
P021,10.1016/j.jallcom.2021.162765,P021_SERIES01,P021_MAT_FE50MN17p5CR12p5CO10NI5SI5,P021_MC_A1000_150M_RT_G150,P021_OBS_A1000_150M_RT_G150,P021_OBS_A1000_150M_RT_G150,Evidence_TRIP,"Mechanical curve is available, but direct phase/twin characterization is not resolved to this 149.6 um condition.",as reported,CONDITION_LEVEL_TARGET_DECISION,"Methods pp.2-3; Fig.2; Fig.4; Results pp.3,6; Figs.2,3,7; Fig.4 inset tables p.4; Mechanical curve is available, but direct phase/twin characterization is not resolved to this 149.6 um condition.",Condition-specific EBSD/XRD/TEM evidence or conservative NA review,High_for_NA_decision,VERIFIED,EXPERIMENTAL,https://doi.org/10.1016/j.jallcom.2021.162765,AUDIT_SCOPE_DEPENDENT,MASTER_FIELD_MAPPING
P021,10.1016/j.jallcom.2021.162765,P021_SERIES01,P021_MAT_FE50MN17p5CR12p5CO10NI5SI5,P021_MC_A1000_150M_RT_G150,P021_OBS_A1000_150M_RT_G150,P021_OBS_A1000_150M_RT_G150,Evidence_TWIP,Do not infer mechanism target from mechanical response alone.,as reported,CONDITION_LEVEL_TARGET_DECISION,"Methods pp.2-3; Fig.2; Fig.4; Results pp.3,6; Figs.2,3,7; Fig.4 inset tables p.4; Mechanical curve is available, but direct phase/twin characterization is not resolved to this 149.6 um condition.",Condition-specific EBSD/XRD/TEM evidence or conservative NA review,High_for_NA_decision,VERIFIED,EXPERIMENTAL,https://doi.org/10.1016/j.jallcom.2021.162765,AUDIT_SCOPE_DEPENDENT,MASTER_FIELD_MAPPING
P021,10.1016/j.jallcom.2021.162765,P021_SERIES01,P021_MAT_FE50MN17p5CR12p5CO10NI5SI5,P021_MC_A1000_150M_RT_G150,P021_OBS_A1000_150M_RT_G150,P021_OBS_A1000_150M_RT_G150,Characterization_methods,BSE; EBSD; XRD,as reported,VERIFIED_MASTER_FIELD_MAPPING,"Methods pp.2-3; Fig.2; Fig.4; Results pp.3,6; Figs.2,3,7; Fig.4 inset tables p.4; Mechanical curve is available, but direct phase/twin characterization is not resolved to this 149.6 um condition.",Verified workbook-to-master mapping,High_for_NA_decision,VERIFIED,EXPERIMENTAL,https://doi.org/10.1016/j.jallcom.2021.162765,AUDIT_SCOPE_DEPENDENT,MASTER_FIELD_MAPPING
P021,10.1016/j.jallcom.2021.162765,P021_SERIES01,P021_MAT_FE50MN17p5CR12p5CO10NI5SI5,P021_MC_A1000_150M_RT_G150,P021_OBS_A1000_150M_RT_G150,P021_OBS_A1000_150M_RT_G150,Source_location,"Methods pp.2-3; Fig.2; Fig.4; Results pp.3,6; Figs.2,3,7; Fig.4 inset tables p.4; Mechanical curve is available, but direct phase/twin characterization is not resolved to this 149.6 um condition.",as reported,VERIFIED_MASTER_FIELD_MAPPING,"Methods pp.2-3; Fig.2; Fig.4; Results pp.3,6; Figs.2,3,7; Fig.4 inset tables p.4; Mechanical curve is available, but direct phase/twin characterization is not resolved to this 149.6 um condition.",Verified workbook-to-master mapping,High_for_NA_decision,VERIFIED,EXPERIMENTAL,https://doi.org/10.1016/j.jallcom.2021.162765,AUDIT_SCOPE_DEPENDENT,MASTER_FIELD_MAPPING
P021,10.1016/j.jallcom.2021.162765,P021_SERIES01,P021_MAT_FE50MN17p5CR12p5CO10NI5SI5,P021_MC_A1000_150M_RT_G150,P021_OBS_A1000_150M_RT_G150,P021_OBS_A1000_150M_RT_G150,Label_confidence,High_for_NA_decision,as reported,CONDITION_LEVEL_TARGET_DECISION,"Methods pp.2-3; Fig.2; Fig.4; Results pp.3,6; Figs.2,3,7; Fig.4 inset tables p.4; Mechanical curve is available, but direct phase/twin characterization is not resolved to this 149.6 um condition.",Condition-specific EBSD/XRD/TEM evidence or conservative NA review,High_for_NA_decision,VERIFIED,EXPERIMENTAL,https://doi.org/10.1016/j.jallcom.2021.162765,AUDIT_SCOPE_DEPENDENT,MASTER_FIELD_MAPPING
P021,10.1016/j.jallcom.2021.162765,P021_SERIES01,P021_MAT_FE50MN17p5CR12p5CO10NI5SI5,P021_MC_A1000_150M_RT_G150,P021_OBS_A1000_150M_RT_G150,P021_OBS_A1000_150M_RT_G150,Parent_Experiment_ID,P021_MC_A1000_150M_RT_G150,as reported,HIERARCHY_INTEGRATION,P021_Conditions verified sheet,Source-defined condition hierarchy and aggregate replicate scope,High_for_NA_decision,VERIFIED,EXPERIMENTAL,https://doi.org/10.1016/j.jallcom.2021.162765,AUDIT_SCOPE_DEPENDENT,MASTER_FIELD_MAPPING
P021,10.1016/j.jallcom.2021.162765,P021_SERIES01,P021_MAT_FE50MN17p5CR12p5CO10NI5SI5,P021_MC_A1000_150M_RT_G150,P021_OBS_A1000_150M_RT_G150,P021_OBS_A1000_150M_RT_G150,ML_Condition_ID,P021_MC_A1000_150M_RT_G150,as reported,HIERARCHY_INTEGRATION,P021_Conditions verified sheet,Source-defined condition hierarchy and aggregate replicate scope,High_for_NA_decision,VERIFIED,EXPERIMENTAL,https://doi.org/10.1016/j.jallcom.2021.162765,AUDIT_SCOPE_DEPENDENT,MASTER_FIELD_MAPPING
P021,10.1016/j.jallcom.2021.162765,P021_SERIES01,P021_MAT_FE50MN17p5CR12p5CO10NI5SI5,P021_MC_A1000_150M_RT_G150,P021_OBS_A1000_150M_RT_G150,P021_OBS_A1000_150M_RT_G150,Observation_ID,P021_OBS_A1000_150M_RT_G150,as reported,HIERARCHY_INTEGRATION,P021_Conditions verified sheet,Source-defined condition hierarchy and aggregate replicate scope,High_for_NA_decision,VERIFIED,EXPERIMENTAL,https://doi.org/10.1016/j.jallcom.2021.162765,AUDIT_SCOPE_DEPENDENT,MASTER_FIELD_MAPPING
P021,10.1016/j.jallcom.2021.162765,P021_SERIES01,P021_MAT_FE50MN17p5CR12p5CO10NI5SI5,P021_MC_A1000_150M_RT_G150,P021_OBS_A1000_150M_RT_G150,P021_OBS_A1000_150M_RT_G150,Data_Origin,EXPERIMENTAL,as reported,SOURCE_IDENTITY,Verified article identity / whole paper,Verified workbook and publisher DOI match,High_for_NA_decision,VERIFIED,EXPERIMENTAL,https://doi.org/10.1016/j.jallcom.2021.162765,AUDIT_SCOPE_DEPENDENT,MASTER_FIELD_MAPPING
P021,10.1016/j.jallcom.2021.162765,P021_SERIES01,P021_MAT_FE50MN17p5CR12p5CO10NI5SI5,P021_MC_A1000_150M_RT_G150,P021_OBS_A1000_150M_RT_G150,P021_OBS_A1000_150M_RT_G150,Observation_Role,INDEPENDENT_CONDITION,as reported,HIERARCHY_INTEGRATION,P021_Conditions verified sheet,Source-defined condition hierarchy and aggregate replicate scope,High_for_NA_decision,VERIFIED,EXPERIMENTAL,https://doi.org/10.1016/j.jallcom.2021.162765,AUDIT_SCOPE_DEPENDENT,MASTER_FIELD_MAPPING
P021,10.1016/j.jallcom.2021.162765,P021_SERIES01,P021_MAT_FE50MN17p5CR12p5CO10NI5SI5,P021_MC_A1000_150M_RT_G150,P021_OBS_A1000_150M_RT_G150,P021_OBS_A1000_150M_RT_G150,Grouping_Review_Required,False,as reported,HIERARCHY_INTEGRATION,P021_Conditions verified sheet,Source-defined condition hierarchy and aggregate replicate scope,High_for_NA_decision,VERIFIED,EXPERIMENTAL,https://doi.org/10.1016/j.jallcom.2021.162765,AUDIT_SCOPE_DEPENDENT,MASTER_FIELD_MAPPING
P021,10.1016/j.jallcom.2021.162765,P021_SERIES01,P021_MAT_FE50MN17p5CR12p5CO10NI5SI5,P021_MC_A1000_150M_RT_G150,P021_OBS_A1000_150M_RT_G150,P021_OBS_A1000_150M_RT_G150,Grouping_Confidence,HIGH,as reported,HIERARCHY_INTEGRATION,P021_Conditions verified sheet,Source-defined condition hierarchy and aggregate replicate scope,High_for_NA_decision,VERIFIED,EXPERIMENTAL,https://doi.org/10.1016/j.jallcom.2021.162765,AUDIT_SCOPE_DEPENDENT,MASTER_FIELD_MAPPING
P021,10.1016/j.jallcom.2021.162765,P021_SERIES01,P021_MAT_FE50MN17p5CR12p5CO10NI5SI5,P021_MC_A1000_150M_RT_G150,P021_OBS_A1000_150M_RT_G150,P021_OBS_A1000_150M_RT_G150,Grouping_Reason,Verified source-defined anneal/grain-size/test-temperature condition; five siblings remain in one strict study group,as reported,HIERARCHY_INTEGRATION,P021_Conditions verified sheet,Source-defined condition hierarchy and aggregate replicate scope,High_for_NA_decision,VERIFIED,EXPERIMENTAL,https://doi.org/10.1016/j.jallcom.2021.162765,AUDIT_SCOPE_DEPENDENT,MASTER_FIELD_MAPPING
P021,10.1016/j.jallcom.2021.162765,P021_SERIES01,P021_MAT_FE50MN17p5CR12p5CO10NI5SI5,P021_MC_A1000_150M_RT_G150,P021_OBS_A1000_150M_RT_G150,P021_OBS_A1000_150M_RT_G150,Recovered_Initial_FCC_fraction,UNRESOLVED_NA,fraction,DIRECT_PRETEST_MICROSTRUCTURE,"Results pp.3,6 and Figs.2,3,7","BSE, EBSD, XRD, and pre-test TEM interpretation",High_for_NA_decision,VERIFIED_NA_EXACT_NUMERIC_FCC_FRACTION_NOT_REPORTED,EXPERIMENTAL,https://doi.org/10.1016/j.jallcom.2021.162765,AUDIT_SCOPE_DEPENDENT,MASTER_FIELD_MAPPING
P021,10.1016/j.jallcom.2021.162765,P021_SERIES01,P021_MAT_FE50MN17p5CR12p5CO10NI5SI5,P021_MC_A1000_150M_RT_G150,P021_OBS_A1000_150M_RT_G150,P021_OBS_A1000_150M_RT_G150,Recovered_Initial_HCP_fraction,0.0,fraction,DIRECT_PRETEST_MICROSTRUCTURE,"Results pp.3,6 and Figs.2,3,7","BSE, EBSD, XRD, and pre-test TEM interpretation",High_for_NA_decision,VERIFIED,EXPERIMENTAL,https://doi.org/10.1016/j.jallcom.2021.162765,AUDIT_SCOPE_DEPENDENT,MASTER_FIELD_MAPPING
P021,10.1016/j.jallcom.2021.162765,P021_SERIES01,P021_MAT_FE50MN17p5CR12p5CO10NI5SI5,P021_MC_A1000_150M_RT_G150,P021_OBS_A1000_150M_RT_G150,P021_OBS_A1000_150M_RT_G150,Effective_TRIP,UNRESOLVED_NA,binary,CONDITION_LEVEL_TARGET_DECISION,"Methods pp.2-3; Fig.2; Fig.4; Results pp.3,6; Figs.2,3,7; Fig.4 inset tables p.4; Mechanical curve is available, but direct phase/twin characterization is not resolved to this 149.6 um condition.",Condition-specific EBSD/XRD/TEM evidence or conservative NA review,High_for_NA_decision,VERIFIED_NA_INSUFFICIENT_CONDITION_LEVEL_TARGET_EVIDENCE,EXPERIMENTAL,https://doi.org/10.1016/j.jallcom.2021.162765,AUDIT_SCOPE_DEPENDENT,MASTER_FIELD_MAPPING
P021,10.1016/j.jallcom.2021.162765,P021_SERIES01,P021_MAT_FE50MN17p5CR12p5CO10NI5SI5,P021_MC_A1000_150M_RT_G150,P021_OBS_A1000_150M_RT_G150,P021_OBS_A1000_150M_RT_G150,Effective_TWIP,UNRESOLVED_NA,binary,CONDITION_LEVEL_TARGET_DECISION,"Methods pp.2-3; Fig.2; Fig.4; Results pp.3,6; Figs.2,3,7; Fig.4 inset tables p.4; Mechanical curve is available, but direct phase/twin characterization is not resolved to this 149.6 um condition.",Condition-specific EBSD/XRD/TEM evidence or conservative NA review,High_for_NA_decision,VERIFIED_NA_INSUFFICIENT_CONDITION_LEVEL_TARGET_EVIDENCE,EXPERIMENTAL,https://doi.org/10.1016/j.jallcom.2021.162765,AUDIT_SCOPE_DEPENDENT,MASTER_FIELD_MAPPING
P021,10.1016/j.jallcom.2021.162765,P021_SERIES01,P021_MAT_FE50MN17p5CR12p5CO10NI5SI5,P021_MC_A1000_150M_RT_G150,P021_OBS_A1000_150M_RT_G150,P021_OBS_A1000_150M_RT_G150,Study_Series_ID,P021_SERIES01,as reported,HIERARCHY_INTEGRATION,P021_Conditions verified sheet,Source-defined condition hierarchy and aggregate replicate scope,High_for_NA_decision,VERIFIED,EXPERIMENTAL,https://doi.org/10.1016/j.jallcom.2021.162765,AUDIT_SCOPE_DEPENDENT,MASTER_FIELD_MAPPING
P021,10.1016/j.jallcom.2021.162765,P021_SERIES01,P021_MAT_FE50MN17p5CR12p5CO10NI5SI5,P021_MC_A1000_150M_RT_G150,P021_OBS_A1000_150M_RT_G150,P021_OBS_A1000_150M_RT_G150,Material_Parent_ID,P021_MAT_FE50MN17p5CR12p5CO10NI5SI5,as reported,HIERARCHY_INTEGRATION,P021_Conditions verified sheet,Source-defined condition hierarchy and aggregate replicate scope,High_for_NA_decision,VERIFIED,EXPERIMENTAL,https://doi.org/10.1016/j.jallcom.2021.162765,AUDIT_SCOPE_DEPENDENT,MASTER_FIELD_MAPPING
P021,10.1016/j.jallcom.2021.162765,P021_SERIES01,P021_MAT_FE50MN17p5CR12p5CO10NI5SI5,P021_MC_A1000_150M_RT_G150,P021_OBS_A1000_150M_RT_G150,P021_OBS_A1000_150M_RT_G150,Physical_Batch_ID,UNRESOLVED_NA,as reported,HIERARCHY_INTEGRATION,P021_Conditions verified sheet,Source-defined condition hierarchy and aggregate replicate scope,High_for_NA_decision,VERIFIED_NA_NOT_SOURCE_SUPPORTED,EXPERIMENTAL,https://doi.org/10.1016/j.jallcom.2021.162765,AUDIT_SCOPE_DEPENDENT,MASTER_FIELD_MAPPING
P021,10.1016/j.jallcom.2021.162765,P021_SERIES01,P021_MAT_FE50MN17p5CR12p5CO10NI5SI5,P021_MC_A1000_150M_RT_G150,P021_OBS_A1000_150M_RT_G150,P021_OBS_A1000_150M_RT_G150,Replicate_ID,UNRESOLVED_NA,as reported,HIERARCHY_INTEGRATION,P021_Conditions verified sheet,Source-defined condition hierarchy and aggregate replicate scope,High_for_NA_decision,VERIFIED_NA_NOT_SOURCE_SUPPORTED,EXPERIMENTAL,https://doi.org/10.1016/j.jallcom.2021.162765,AUDIT_SCOPE_DEPENDENT,MASTER_FIELD_MAPPING
P021,10.1016/j.jallcom.2021.162765,P021_SERIES01,P021_MAT_FE50MN17p5CR12p5CO10NI5SI5,P021_MC_A1000_150M_RT_G150,P021_OBS_A1000_150M_RT_G150,P021_OBS_A1000_150M_RT_G150,Leakage_Group_Strict,P021_SERIES01,as reported,HIERARCHY_INTEGRATION,P021_Conditions verified sheet,Source-defined condition hierarchy and aggregate replicate scope,High_for_NA_decision,VERIFIED,EXPERIMENTAL,https://doi.org/10.1016/j.jallcom.2021.162765,AUDIT_SCOPE_DEPENDENT,MASTER_FIELD_MAPPING
P021,10.1016/j.jallcom.2021.162765,P021_SERIES01,P021_MAT_FE50MN17p5CR12p5CO10NI5SI5,P021_MC_A1000_150M_RT_G150,P021_OBS_A1000_150M_RT_G150,P021_OBS_A1000_150M_RT_G150,Leakage_Group_Material,P021_MAT_FE50MN17p5CR12p5CO10NI5SI5,as reported,HIERARCHY_INTEGRATION,P021_Conditions verified sheet,Source-defined condition hierarchy and aggregate replicate scope,High_for_NA_decision,VERIFIED,EXPERIMENTAL,https://doi.org/10.1016/j.jallcom.2021.162765,AUDIT_SCOPE_DEPENDENT,MASTER_FIELD_MAPPING
P021,10.1016/j.jallcom.2021.162765,P021_SERIES01,P021_MAT_FE50MN17p5CR12p5CO10NI5SI5,P021_MC_A1000_150M_RT_G150,P021_OBS_A1000_150M_RT_G150,P021_OBS_A1000_150M_RT_G150,Parent_ML_Condition_ID,P021_MC_A1000_150M_RT_G150,as reported,HIERARCHY_INTEGRATION,P021_Conditions verified sheet,Source-defined condition hierarchy and aggregate replicate scope,High_for_NA_decision,VERIFIED,EXPERIMENTAL,https://doi.org/10.1016/j.jallcom.2021.162765,AUDIT_SCOPE_DEPENDENT,MASTER_FIELD_MAPPING
P021,10.1016/j.jallcom.2021.162765,P021_SERIES01,P021_MAT_FE50MN17p5CR12p5CO10NI5SI5,P021_MC_A1000_150M_RT_G150,P021_OBS_A1000_150M_RT_G150,P021_OBS_A1000_150M_RT_G150,YS_mean,228.0,MPa,DIRECT_AGGREGATE_TENSILE_OUTCOME,Fig.4 inset tables p.4,Average engineering tensile response from at least three specimens,High_for_NA_decision,VERIFIED,EXPERIMENTAL,https://doi.org/10.1016/j.jallcom.2021.162765,MECHANICAL_OUTCOME_LEAKAGE,MASTER_FIELD_MAPPING
P021,10.1016/j.jallcom.2021.162765,P021_SERIES01,P021_MAT_FE50MN17p5CR12p5CO10NI5SI5,P021_MC_A1000_150M_RT_G150,P021_OBS_A1000_150M_RT_G150,P021_OBS_A1000_150M_RT_G150,UTS_mean,643.0,MPa,DIRECT_AGGREGATE_TENSILE_OUTCOME,Fig.4 inset tables p.4,Average engineering tensile response from at least three specimens,High_for_NA_decision,VERIFIED,EXPERIMENTAL,https://doi.org/10.1016/j.jallcom.2021.162765,MECHANICAL_OUTCOME_LEAKAGE,MASTER_FIELD_MAPPING
P021,10.1016/j.jallcom.2021.162765,P021_SERIES01,P021_MAT_FE50MN17p5CR12p5CO10NI5SI5,P021_MC_A1000_150M_RT_G150,P021_OBS_A1000_150M_RT_G150,P021_OBS_A1000_150M_RT_G150,TE_mean,59.0,%,DIRECT_AGGREGATE_TENSILE_OUTCOME,Fig.4 inset tables p.4,Average engineering tensile response from at least three specimens,High_for_NA_decision,VERIFIED,EXPERIMENTAL,https://doi.org/10.1016/j.jallcom.2021.162765,MECHANICAL_OUTCOME_LEAKAGE,MASTER_FIELD_MAPPING
P021,10.1016/j.jallcom.2021.162765,P021_SERIES01,P021_MAT_FE50MN17p5CR12p5CO10NI5SI5,P021_MC_A1000_150M_RT_G150,P021_OBS_A1000_150M_RT_G150,P021_OBS_A1000_150M_RT_G150,Replicate_n,3,minimum count,HIERARCHY_INTEGRATION,P021_Conditions verified sheet,Source-defined condition hierarchy and aggregate replicate scope,High_for_NA_decision,VERIFIED,EXPERIMENTAL,https://doi.org/10.1016/j.jallcom.2021.162765,AUDIT_SCOPE_DEPENDENT,MASTER_FIELD_MAPPING
P021,10.1016/j.jallcom.2021.162765,P021_SERIES01,P021_MAT_FE50MN17p5CR12p5CO10NI5SI5,P021_MC_A1000_150M_RT_G150,P021_OBS_A1000_150M_RT_G150,P021_OBS_A1000_150M_RT_G150,Recovered_Bulk_Composition_at_pct,UNRESOLVED_NA,as reported,DIRECT_NOMINAL_TEXT_OR_VERIFIED_NA,"Abstract, Methods, and Fig.1",Nominal alloy design; EDS/BSE qualitative homogeneity review,High_for_NA_decision,VERIFIED_NA_NO_QUANTITATIVE_POSTMELT_BULK_ANALYSIS,EXPERIMENTAL,https://doi.org/10.1016/j.jallcom.2021.162765,AUDIT_SCOPE_DEPENDENT,MASTER_FIELD_MAPPING
P021,10.1016/j.jallcom.2021.162765,P021_SERIES01,P021_MAT_FE50MN17p5CR12p5CO10NI5SI5,P021_MC_A1000_150M_RT_G150,P021_OBS_A1000_150M_RT_G150,P021_OBS_A1000_150M_RT_G150,Recovered_Initial_HCP_status,DIRECT_PRETEST_PHASE_ABSENCE,as reported,DIRECT_PRETEST_MICROSTRUCTURE,"Results pp.3,6 and Figs.2,3,7","BSE, EBSD, XRD, and pre-test TEM interpretation",High_for_NA_decision,VERIFIED,EXPERIMENTAL,https://doi.org/10.1016/j.jallcom.2021.162765,AUDIT_SCOPE_DEPENDENT,MASTER_FIELD_MAPPING
P021,10.1016/j.jallcom.2021.162765,P021_SERIES01,P021_MAT_FE50MN17p5CR12p5CO10NI5SI5,P021_MC_A1000_150M_RT_G150,P021_OBS_A1000_150M_RT_G150,P021_OBS_A1000_150M_RT_G150,Independent_ML_sample,True,as reported,HIERARCHY_INTEGRATION,P021_Conditions verified sheet,Source-defined condition hierarchy and aggregate replicate scope,High_for_NA_decision,VERIFIED,EXPERIMENTAL,https://doi.org/10.1016/j.jallcom.2021.162765,AUDIT_SCOPE_DEPENDENT,MASTER_FIELD_MAPPING
P021,10.1016/j.jallcom.2021.162765,P021_SERIES01,P021_MAT_FE50MN17p5CR12p5CO10NI5SI5,P021_MC_A1000_150M_RT_G150,P021_OBS_A1000_150M_RT_G150,P021_OBS_A1000_150M_RT_G150,Nominal_Composition_at_pct,Fe50Mn17.5Cr12.5Co10Ni5Si5,as reported,DIRECT_NOMINAL_TEXT_OR_VERIFIED_NA,"Abstract, Methods, and Fig.1",Nominal alloy design; EDS/BSE qualitative homogeneity review,High_for_NA_decision,VERIFIED,EXPERIMENTAL,https://doi.org/10.1016/j.jallcom.2021.162765,AUDIT_SCOPE_DEPENDENT,MASTER_FIELD_MAPPING
P021,10.1016/j.jallcom.2021.162765,P021_SERIES01,P021_MAT_FE50MN17p5CR12p5CO10NI5SI5,P021_MC_A1000_150M_RT_G150,P021_OBS_A1000_150M_RT_G150,P021_OBS_A1000_150M_RT_G150,Measured_Composition_Status,NO_QUANTITATIVE_POSTMELT_BULK_ANALYSIS,as reported,DIRECT_NOMINAL_TEXT_OR_VERIFIED_NA,"Abstract, Methods, and Fig.1",Nominal alloy design; EDS/BSE qualitative homogeneity review,High_for_NA_decision,VERIFIED,EXPERIMENTAL,https://doi.org/10.1016/j.jallcom.2021.162765,AUDIT_SCOPE_DEPENDENT,MASTER_FIELD_MAPPING
P021,10.1016/j.jallcom.2021.162765,P021_SERIES01,P021_MAT_FE50MN17p5CR12p5CO10NI5SI5,P021_MC_A1000_150M_RT_G150,P021_OBS_A1000_150M_RT_G150,P021_OBS_A1000_150M_RT_G150,Initial_Phase_State_Qualitative,SINGLE_FCC,as reported,DIRECT_PRETEST_MICROSTRUCTURE,"Results pp.3,6 and Figs.2,3,7","BSE, EBSD, XRD, and pre-test TEM interpretation",High_for_NA_decision,VERIFIED,EXPERIMENTAL,https://doi.org/10.1016/j.jallcom.2021.162765,AUDIT_SCOPE_DEPENDENT,MASTER_FIELD_MAPPING
P021,10.1016/j.jallcom.2021.162765,P021_SERIES01,P021_MAT_FE50MN17p5CR12p5CO10NI5SI5,P021_MC_A1000_150M_RT_G150,P021_OBS_A1000_150M_RT_G150,P021_OBS_A1000_150M_RT_G150,Initial_Phase_Status,FULLY_RECRYSTALLIZED_SINGLE_FCC_BEFORE_TENSILE_LOADING,as reported,DIRECT_PRETEST_MICROSTRUCTURE,"Results pp.3,6 and Figs.2,3,7","BSE, EBSD, XRD, and pre-test TEM interpretation",High_for_NA_decision,VERIFIED,EXPERIMENTAL,https://doi.org/10.1016/j.jallcom.2021.162765,AUDIT_SCOPE_DEPENDENT,MASTER_FIELD_MAPPING
P021,10.1016/j.jallcom.2021.162765,P021_SERIES01,P021_MAT_FE50MN17p5CR12p5CO10NI5SI5,P021_MC_A1000_150M_RT_G150,P021_OBS_A1000_150M_RT_G150,P021_OBS_A1000_150M_RT_G150,Initial_Twin_Type,ANNEALING_TWINS,as reported,DIRECT_PRETEST_MICROSTRUCTURE,"Results pp.3,6 and Figs.2,3,7","BSE, EBSD, XRD, and pre-test TEM interpretation",High_for_NA_decision,VERIFIED,EXPERIMENTAL,https://doi.org/10.1016/j.jallcom.2021.162765,AUDIT_SCOPE_DEPENDENT,MASTER_FIELD_MAPPING
P021,10.1016/j.jallcom.2021.162765,P021_SERIES01,P021_MAT_FE50MN17p5CR12p5CO10NI5SI5,P021_MC_A1000_150M_RT_G150,P021_OBS_A1000_150M_RT_G150,P021_OBS_A1000_150M_RT_G150,Measured_Composition_at_pct,UNRESOLVED_NA,as reported,DIRECT_NOMINAL_TEXT_OR_VERIFIED_NA,"Abstract, Methods, and Fig.1",Nominal alloy design; EDS/BSE qualitative homogeneity review,High_for_NA_decision,VERIFIED_NA_NO_QUANTITATIVE_POSTMELT_BULK_ANALYSIS,EXPERIMENTAL,https://doi.org/10.1016/j.jallcom.2021.162765,AUDIT_SCOPE_DEPENDENT,MASTER_FIELD_MAPPING
P021,10.1016/j.jallcom.2021.162765,P021_SERIES01,P021_MAT_FE50MN17p5CR12p5CO10NI5SI5,P021_MC_A1000_150M_RT_G150,P021_OBS_A1000_150M_RT_G150,P021_OBS_A1000_150M_RT_G150,Loading_Direction,Longitudinal / rolling direction,as reported,DIRECT_METHOD_OR_SCHEMA_UNIT_REPRESENTATION,"Methods pp.2-3 and Figs.2,4",Source methods; Celsius-to-Kelvin schema representation only,High_for_NA_decision,VERIFIED,EXPERIMENTAL,https://doi.org/10.1016/j.jallcom.2021.162765,AUDIT_SCOPE_DEPENDENT,MASTER_FIELD_MAPPING
P021,10.1016/j.jallcom.2021.162765,P021_SERIES01,P021_MAT_FE50MN17p5CR12p5CO10NI5SI5,P021_MC_A1000_150M_RT_G150,P021_OBS_A1000_150M_RT_G150,P021_OBS_A1000_150M_RT_G150,Test_T_Raw,25 C,as reported,DIRECT_METHOD_OR_SCHEMA_UNIT_REPRESENTATION,"Methods pp.2-3 and Figs.2,4",Source methods; Celsius-to-Kelvin schema representation only,High_for_NA_decision,VERIFIED,EXPERIMENTAL,https://doi.org/10.1016/j.jallcom.2021.162765,AUDIT_SCOPE_DEPENDENT,MASTER_FIELD_MAPPING
P021,10.1016/j.jallcom.2021.162765,P021_SERIES01,P021_MAT_FE50MN17p5CR12p5CO10NI5SI5,P021_MC_A1000_150M_RT_G150,P021_OBS_A1000_150M_RT_G150,P021_OBS_A1000_150M_RT_G150,Composition_Status,NOMINAL_ONLY_EDS_QUALITATIVE_HOMOGENEITY_NO_QUANTITATIVE_POSTMELT_BULK_ANALYSIS,as reported,DIRECT_NOMINAL_TEXT_OR_VERIFIED_NA,"Abstract, Methods, and Fig.1",Nominal alloy design; EDS/BSE qualitative homogeneity review,High_for_NA_decision,VERIFIED,EXPERIMENTAL,https://doi.org/10.1016/j.jallcom.2021.162765,AUDIT_SCOPE_DEPENDENT,MASTER_FIELD_MAPPING
P021,10.1016/j.jallcom.2021.162765,P021_SERIES01,P021_MAT_FE50MN17p5CR12p5CO10NI5SI5,P021_MC_A1000_150M_RT_G150,P021_OBS_A1000_150M_RT_G150,P021_OBS_A1000_150M_RT_G150,Grain_Size_Scope,MATRIX_GRAINS_EXCLUDING_ANNEALING_TWIN_BOUNDARIES,as reported,DIRECT_PRETEST_MICROSTRUCTURE,"Results pp.3,6 and Figs.2,3,7","BSE, EBSD, XRD, and pre-test TEM interpretation",High_for_NA_decision,VERIFIED,EXPERIMENTAL,https://doi.org/10.1016/j.jallcom.2021.162765,AUDIT_SCOPE_DEPENDENT,MASTER_FIELD_MAPPING
P021,10.1016/j.jallcom.2021.162765,P021_SERIES01,P021_MAT_FE50MN17p5CR12p5CO10NI5SI5,P021_MC_A1000_150M_RT_G150,P021_OBS_A1000_150M_RT_G150,P021_OBS_A1000_150M_RT_G150,Initial_HCP_Status,DIRECT_PRETEST_PHASE_ABSENCE,as reported,DIRECT_PRETEST_MICROSTRUCTURE,"Results pp.3,6 and Figs.2,3,7","BSE, EBSD, XRD, and pre-test TEM interpretation",High_for_NA_decision,VERIFIED,EXPERIMENTAL,https://doi.org/10.1016/j.jallcom.2021.162765,AUDIT_SCOPE_DEPENDENT,MASTER_FIELD_MAPPING
P021,10.1016/j.jallcom.2021.162765,P021_SERIES01,P021_MAT_FE50MN17p5CR12p5CO10NI5SI5,P021_MC_A1000_150M_RT_G150,P021_OBS_A1000_150M_RT_G150,P021_OBS_A1000_150M_RT_G150,Initial_HCP_Origin,ABSENT_BEFORE_TENSILE_LOADING,as reported,DIRECT_PRETEST_MICROSTRUCTURE,"Results pp.3,6 and Figs.2,3,7","BSE, EBSD, XRD, and pre-test TEM interpretation",High_for_NA_decision,VERIFIED,EXPERIMENTAL,https://doi.org/10.1016/j.jallcom.2021.162765,AUDIT_SCOPE_DEPENDENT,MASTER_FIELD_MAPPING
P021,10.1016/j.jallcom.2021.162765,P021_SERIES01,P021_MAT_FE50MN17p5CR12p5CO10NI5SI5,P021_MC_A1000_150M_RT_G150,P021_OBS_A1000_150M_RT_G150,P021_OBS_A1000_150M_RT_G150,Recrystallized_Status,FULLY_RECRYSTALLIZED_QUALITATIVE,as reported,DIRECT_PRETEST_MICROSTRUCTURE,"Results pp.3,6 and Figs.2,3,7","BSE, EBSD, XRD, and pre-test TEM interpretation",High_for_NA_decision,VERIFIED,EXPERIMENTAL,https://doi.org/10.1016/j.jallcom.2021.162765,AUDIT_SCOPE_DEPENDENT,MASTER_FIELD_MAPPING
P021,10.1016/j.jallcom.2021.162765,P021_SERIES01,P021_MAT_FE50MN17p5CR12p5CO10NI5SI5,P021_MC_A1000_150M_RT_G150,P021_OBS_A1000_150M_RT_G150,P021_OBS_A1000_150M_RT_G150,Initial_Twin_Origin,ANNEALING_PRETEST,as reported,DIRECT_PRETEST_MICROSTRUCTURE,"Results pp.3,6 and Figs.2,3,7","BSE, EBSD, XRD, and pre-test TEM interpretation",High_for_NA_decision,VERIFIED,EXPERIMENTAL,https://doi.org/10.1016/j.jallcom.2021.162765,AUDIT_SCOPE_DEPENDENT,MASTER_FIELD_MAPPING
P021,10.1016/j.jallcom.2021.162765,P021_SERIES01,P021_MAT_FE50MN17p5CR12p5CO10NI5SI5,P021_MC_A1000_150M_RT_G150,P021_OBS_A1000_150M_RT_G150,P021_OBS_A1000_150M_RT_G150,Raw_Material_Purity,>99.9%,as reported,DIRECT_METHOD_OR_SCHEMA_UNIT_REPRESENTATION,"Methods pp.2-3 and Figs.2,4",Source methods; Celsius-to-Kelvin schema representation only,High_for_NA_decision,VERIFIED,EXPERIMENTAL,https://doi.org/10.1016/j.jallcom.2021.162765,AUDIT_SCOPE_DEPENDENT,MASTER_FIELD_MAPPING
P021,10.1016/j.jallcom.2021.162765,P021_SERIES01,P021_MAT_FE50MN17p5CR12p5CO10NI5SI5,P021_MC_A1000_150M_RT_G150,P021_OBS_A1000_150M_RT_G150,P021_OBS_A1000_150M_RT_G150,Grain_Size_Status,DIRECT_EBSD_BSE_TWIN_BOUNDARIES_EXCLUDED,as reported,DIRECT_PRETEST_MICROSTRUCTURE,"Results pp.3,6 and Figs.2,3,7","BSE, EBSD, XRD, and pre-test TEM interpretation",High_for_NA_decision,VERIFIED,EXPERIMENTAL,https://doi.org/10.1016/j.jallcom.2021.162765,AUDIT_SCOPE_DEPENDENT,MASTER_FIELD_MAPPING
P021,10.1016/j.jallcom.2021.162765,P021_SERIES01,P021_MAT_FE50MN17p5CR12p5CO10NI5SI5,P021_MC_A1000_150M_RT_G150,P021_OBS_A1000_150M_RT_G150,P021_OBS_A1000_150M_RT_G150,Engineering_YS_MPa,228.0,MPa,DIRECT_AGGREGATE_TENSILE_OUTCOME,Fig.4 inset tables p.4,Average engineering tensile response from at least three specimens,High_for_NA_decision,VERIFIED,EXPERIMENTAL,https://doi.org/10.1016/j.jallcom.2021.162765,MECHANICAL_OUTCOME_LEAKAGE,MASTER_FIELD_MAPPING
P021,10.1016/j.jallcom.2021.162765,P021_SERIES01,P021_MAT_FE50MN17p5CR12p5CO10NI5SI5,P021_MC_A1000_150M_RT_G150,P021_OBS_A1000_150M_RT_G150,P021_OBS_A1000_150M_RT_G150,Engineering_UTS_MPa,643.0,MPa,DIRECT_AGGREGATE_TENSILE_OUTCOME,Fig.4 inset tables p.4,Average engineering tensile response from at least three specimens,High_for_NA_decision,VERIFIED,EXPERIMENTAL,https://doi.org/10.1016/j.jallcom.2021.162765,MECHANICAL_OUTCOME_LEAKAGE,MASTER_FIELD_MAPPING
P021,10.1016/j.jallcom.2021.162765,P021_SERIES01,P021_MAT_FE50MN17p5CR12p5CO10NI5SI5,P021_MC_A1000_150M_RT_G150,P021_OBS_A1000_150M_RT_G150,P021_OBS_A1000_150M_RT_G150,Engineering_Elongation_pct,59.0,%,DIRECT_AGGREGATE_TENSILE_OUTCOME,Fig.4 inset tables p.4,Average engineering tensile response from at least three specimens,High_for_NA_decision,VERIFIED,EXPERIMENTAL,https://doi.org/10.1016/j.jallcom.2021.162765,MECHANICAL_OUTCOME_LEAKAGE,MASTER_FIELD_MAPPING
P021,10.1016/j.jallcom.2021.162765,P021_SERIES01,P021_MAT_FE50MN17p5CR12p5CO10NI5SI5,P021_MC_A1000_150M_RT_G150,P021_OBS_A1000_150M_RT_G150,P021_OBS_A1000_150M_RT_G150,Postfracture_HCP_fraction,UNRESOLVED_NA,fraction,DIRECT_POST_TEST_TARGET_EVIDENCE,"Figs.5,6b,7b,7d pp.5-8","Condition-specific XRD, EBSD, and TEM/SAD",High_for_NA_decision,VERIFIED_NA_NO_CONDITION_SPECIFIC_POSTFRACTURE_FRACTION,EXPERIMENTAL,https://doi.org/10.1016/j.jallcom.2021.162765,,MASTER_FIELD_MAPPING
P021,10.1016/j.jallcom.2021.162765,P021_SERIES01,P021_MAT_FE50MN17p5CR12p5CO10NI5SI5,P021_MC_A1000_150M_RT_G150,P021_OBS_A1000_150M_RT_G150,P021_OBS_A1000_150M_RT_G150,SFE_Value_Status,NO_DIRECT_NUMERIC_ALLOY_SPECIFIC_SFE,as reported,AUTHOR_INFERENCE_OR_VERIFIED_GAP,Results pp.5-6 and whole-paper review,Source interpretation; no numeric conversion or cross-paper transfer,High_for_NA_decision,VERIFIED,EXPERIMENTAL,https://doi.org/10.1016/j.jallcom.2021.162765,NOT_SAFE_AS_DIRECT_NUMERIC_SFE,MASTER_FIELD_MAPPING
P021,10.1016/j.jallcom.2021.162765,P021_SERIES01,P021_MAT_FE50MN17p5CR12p5CO10NI5SI5,P021_MC_A1000_150M_RT_G150,P021_OBS_A1000_150M_RT_G150,P021_OBS_A1000_150M_RT_G150,SFE_Data_Origin,AUTHOR_INFERENCE_OR_QUALITATIVE_DISCUSSION_ONLY,as reported,AUTHOR_INFERENCE_OR_VERIFIED_GAP,Results pp.5-6 and whole-paper review,Source interpretation; no numeric conversion or cross-paper transfer,High_for_NA_decision,VERIFIED,EXPERIMENTAL,https://doi.org/10.1016/j.jallcom.2021.162765,NOT_SAFE_AS_DIRECT_NUMERIC_SFE,MASTER_FIELD_MAPPING
P021,10.1016/j.jallcom.2021.162765,P021_SERIES01,P021_MAT_FE50MN17p5CR12p5CO10NI5SI5,P021_MC_A1000_150M_RT_G150,P021_OBS_A1000_150M_RT_G150,P021_OBS_A1000_150M_RT_G150,Independent_Experimental_ML_sample,True,as reported,HIERARCHY_INTEGRATION,P021_Conditions verified sheet,Source-defined condition hierarchy and aggregate replicate scope,High_for_NA_decision,VERIFIED,EXPERIMENTAL,https://doi.org/10.1016/j.jallcom.2021.162765,AUDIT_SCOPE_DEPENDENT,MASTER_FIELD_MAPPING
P021,10.1016/j.jallcom.2021.162765,P021_SERIES01,P021_MAT_FE50MN17p5CR12p5CO10NI5SI5,P021_MC_A1000_150M_RT_G150,P021_OBS_A1000_150M_RT_G150,P021_OBS_A1000_150M_RT_G150,Experimental_Target_Eligibility,True,as reported,HIERARCHY_INTEGRATION,P021_Conditions verified sheet,Source-defined condition hierarchy and aggregate replicate scope,High_for_NA_decision,VERIFIED,EXPERIMENTAL,https://doi.org/10.1016/j.jallcom.2021.162765,AUDIT_SCOPE_DEPENDENT,MASTER_FIELD_MAPPING
P021,10.1016/j.jallcom.2021.162765,P021_SERIES01,P021_MAT_FE50MN17p5CR12p5CO10NI5SI5,P021_MC_A1000_150M_RT_G150,P021_OBS_A1000_150M_RT_G150,P021_OBS_A1000_150M_RT_G150,Measured_Bulk_Composition,UNRESOLVED_NA,as reported,DIRECT_NOMINAL_TEXT_OR_VERIFIED_NA,"Abstract, Methods, and Fig.1",Nominal alloy design; EDS/BSE qualitative homogeneity review,High_for_NA_decision,VERIFIED_NA_NO_QUANTITATIVE_POSTMELT_BULK_ANALYSIS,EXPERIMENTAL,https://doi.org/10.1016/j.jallcom.2021.162765,AUDIT_SCOPE_DEPENDENT,MASTER_FIELD_MAPPING
P021,10.1016/j.jallcom.2021.162765,P021_SERIES01,P021_MAT_FE50MN17p5CR12p5CO10NI5SI5,P021_MC_A1000_150M_RT_G150,P021_OBS_A1000_150M_RT_G150,P021_OBS_A1000_150M_RT_G150,EDS_Qualitative_Homogeneity,QUALITATIVE_HOMOGENIZATION_ONLY_NOT_QUANTITATIVE_BULK_CHEMISTRY,as reported,DIRECT_NOMINAL_TEXT_OR_VERIFIED_NA,"Abstract, Methods, and Fig.1",Nominal alloy design; EDS/BSE qualitative homogeneity review,High_for_NA_decision,VERIFIED,EXPERIMENTAL,https://doi.org/10.1016/j.jallcom.2021.162765,AUDIT_SCOPE_DEPENDENT,MASTER_FIELD_MAPPING
P021,10.1016/j.jallcom.2021.162765,P021_SERIES01,P021_MAT_FE50MN17p5CR12p5CO10NI5SI5,P021_MC_A1000_150M_RT_G150,P021_OBS_A1000_150M_RT_G150,P021_OBS_A1000_150M_RT_G150,Loading_Mode,Uniaxial tension,as reported,DIRECT_METHOD_OR_SCHEMA_UNIT_REPRESENTATION,"Methods pp.2-3 and Figs.2,4",Source methods; Celsius-to-Kelvin schema representation only,High_for_NA_decision,VERIFIED,EXPERIMENTAL,https://doi.org/10.1016/j.jallcom.2021.162765,AUDIT_SCOPE_DEPENDENT,MASTER_FIELD_MAPPING
P021,10.1016/j.jallcom.2021.162765,P021_SERIES01,P021_MAT_FE50MN17p5CR12p5CO10NI5SI5,P021_MC_A1000_150M_RT_G150,P021_OBS_A1000_150M_RT_G150,P021_OBS_A1000_150M_RT_G150,Replicate_Scope,AVERAGE_MECHANICAL_VALUES_FROM_AT_LEAST_THREE_TENSILE_SPECIMENS,as reported,HIERARCHY_INTEGRATION,P021_Conditions verified sheet,Source-defined condition hierarchy and aggregate replicate scope,High_for_NA_decision,VERIFIED,EXPERIMENTAL,https://doi.org/10.1016/j.jallcom.2021.162765,AUDIT_SCOPE_DEPENDENT,MASTER_FIELD_MAPPING
P021,10.1016/j.jallcom.2021.162765,P021_SERIES01,P021_MAT_FE50MN17p5CR12p5CO10NI5SI5,P021_MC_A1000_150M_RT_G150,P021_OBS_A1000_150M_RT_G150,P021_OBS_A1000_150M_RT_G150,Initial_Phase,SINGLE_FCC,as reported,DIRECT_PRETEST_MICROSTRUCTURE,"Results pp.3,6 and Figs.2,3,7","BSE, EBSD, XRD, and pre-test TEM interpretation",High_for_NA_decision,VERIFIED,EXPERIMENTAL,https://doi.org/10.1016/j.jallcom.2021.162765,AUDIT_SCOPE_DEPENDENT,MASTER_FIELD_MAPPING
P021,10.1016/j.jallcom.2021.162765,P021_SERIES01,P021_MAT_FE50MN17p5CR12p5CO10NI5SI5,P021_MC_A1000_150M_RT_G150,P021_OBS_A1000_150M_RT_G150,P021_OBS_A1000_150M_RT_G150,PreTest_Twin_State,ABUNDANT_ANNEALING_TWINS,as reported,DIRECT_PRETEST_MICROSTRUCTURE,"Results pp.3,6 and Figs.2,3,7","BSE, EBSD, XRD, and pre-test TEM interpretation",High_for_NA_decision,VERIFIED,EXPERIMENTAL,https://doi.org/10.1016/j.jallcom.2021.162765,AUDIT_SCOPE_DEPENDENT,MASTER_FIELD_MAPPING
P021,10.1016/j.jallcom.2021.162765,P021_SERIES01,P021_MAT_FE50MN17p5CR12p5CO10NI5SI5,P021_MC_A1000_150M_RT_G150,P021_OBS_A1000_150M_RT_G150,P021_OBS_A1000_150M_RT_G150,PreTest_Twin_Origin,ANNEALING_PRETEST,as reported,DIRECT_PRETEST_MICROSTRUCTURE,"Results pp.3,6 and Figs.2,3,7","BSE, EBSD, XRD, and pre-test TEM interpretation",High_for_NA_decision,VERIFIED,EXPERIMENTAL,https://doi.org/10.1016/j.jallcom.2021.162765,AUDIT_SCOPE_DEPENDENT,MASTER_FIELD_MAPPING
P021,10.1016/j.jallcom.2021.162765,P021_SERIES01,P021_MAT_FE50MN17p5CR12p5CO10NI5SI5,P021_MC_A1000_150M_RT_G150,P021_OBS_A1000_150M_RT_G150,P021_OBS_A1000_150M_RT_G150,Initial_Dislocation_State,Few dislocations after annealing; room-temperature pre-test state contains stored dislocations qualitatively,as reported,DIRECT_PRETEST_MICROSTRUCTURE,"Results pp.3,6 and Figs.2,3,7","BSE, EBSD, XRD, and pre-test TEM interpretation",High_for_NA_decision,VERIFIED,EXPERIMENTAL,https://doi.org/10.1016/j.jallcom.2021.162765,AUDIT_SCOPE_DEPENDENT,MASTER_FIELD_MAPPING
P021,10.1016/j.jallcom.2021.162765,P021_SERIES01,P021_MAT_FE50MN17p5CR12p5CO10NI5SI5,P021_MC_A1000_150M_RT_G150,P021_OBS_A1000_150M_RT_G150,P021_OBS_A1000_150M_RT_G150,Initial_Twin_Target_Guardrail,ANNEALING_TWINS_DO_NOT_GENERATE_TENSILE_TWIP,as reported,DIRECT_PRETEST_MICROSTRUCTURE,"Results pp.3,6 and Figs.2,3,7","BSE, EBSD, XRD, and pre-test TEM interpretation",High_for_NA_decision,VERIFIED,EXPERIMENTAL,https://doi.org/10.1016/j.jallcom.2021.162765,AUDIT_SCOPE_DEPENDENT,MASTER_FIELD_MAPPING
P021,10.1016/j.jallcom.2021.162765,P021_SERIES01,P021_MAT_FE50MN17p5CR12p5CO10NI5SI5,P021_MC_A1000_150M_RT_G150,P021_OBS_A1000_150M_RT_G150,P021_OBS_A1000_150M_RT_G150,Mechanical_Value_Status,DIRECT_FIGURE_INSET_AVERAGE_AT_LEAST_THREE,as reported,DIRECT_AGGREGATE_TENSILE_OUTCOME,Fig.4 inset tables p.4,Average engineering tensile response from at least three specimens,High_for_NA_decision,VERIFIED,EXPERIMENTAL,https://doi.org/10.1016/j.jallcom.2021.162765,MECHANICAL_OUTCOME_LEAKAGE,MASTER_FIELD_MAPPING
P021,10.1016/j.jallcom.2021.162765,P021_SERIES01,P021_MAT_FE50MN17p5CR12p5CO10NI5SI5,P021_MC_A1000_150M_RT_G150,P021_OBS_A1000_150M_RT_G150,P021_OBS_A1000_150M_RT_G150,Mechanical_Predictor_Eligibility,MECHANICAL_OUTCOME_LEAKAGE,as reported,DIRECT_AGGREGATE_TENSILE_OUTCOME,Fig.4 inset tables p.4,Average engineering tensile response from at least three specimens,High_for_NA_decision,VERIFIED,EXPERIMENTAL,https://doi.org/10.1016/j.jallcom.2021.162765,MECHANICAL_OUTCOME_LEAKAGE,MASTER_FIELD_MAPPING
P021,10.1016/j.jallcom.2021.162765,P021_SERIES01,P021_MAT_FE50MN17p5CR12p5CO10NI5SI5,P021_MC_A1000_150M_RT_G150,P021_OBS_A1000_150M_RT_G150,P021_OBS_A1000_150M_RT_G150,TRIP_Evidence_Type,NO_CONDITION_SPECIFIC_POST_TEST_MECHANISM_CHARACTERIZATION,as reported,CONDITION_LEVEL_TARGET_DECISION,"Methods pp.2-3; Fig.2; Fig.4; Results pp.3,6; Figs.2,3,7; Fig.4 inset tables p.4; Mechanical curve is available, but direct phase/twin characterization is not resolved to this 149.6 um condition.",Condition-specific EBSD/XRD/TEM evidence or conservative NA review,High_for_NA_decision,VERIFIED,EXPERIMENTAL,https://doi.org/10.1016/j.jallcom.2021.162765,AUDIT_SCOPE_DEPENDENT,MASTER_FIELD_MAPPING
P021,10.1016/j.jallcom.2021.162765,P021_SERIES01,P021_MAT_FE50MN17p5CR12p5CO10NI5SI5,P021_MC_A1000_150M_RT_G150,P021_OBS_A1000_150M_RT_G150,P021_OBS_A1000_150M_RT_G150,TWIP_Evidence_Type,NO_CONDITION_SPECIFIC_POST_TEST_TWIN_CHARACTERIZATION,as reported,CONDITION_LEVEL_TARGET_DECISION,"Methods pp.2-3; Fig.2; Fig.4; Results pp.3,6; Figs.2,3,7; Fig.4 inset tables p.4; Mechanical curve is available, but direct phase/twin characterization is not resolved to this 149.6 um condition.",Condition-specific EBSD/XRD/TEM evidence or conservative NA review,High_for_NA_decision,VERIFIED,EXPERIMENTAL,https://doi.org/10.1016/j.jallcom.2021.162765,AUDIT_SCOPE_DEPENDENT,MASTER_FIELD_MAPPING
P021,10.1016/j.jallcom.2021.162765,P021_SERIES01,P021_MAT_FE50MN17p5CR12p5CO10NI5SI5,P021_MC_A1000_150M_RT_G150,P021_OBS_A1000_150M_RT_G150,P021_OBS_A1000_150M_RT_G150,Negative_Evidence_Status,INSUFFICIENT_FOR_ZERO,as reported,CONDITION_LEVEL_TARGET_DECISION,"Methods pp.2-3; Fig.2; Fig.4; Results pp.3,6; Figs.2,3,7; Fig.4 inset tables p.4; Mechanical curve is available, but direct phase/twin characterization is not resolved to this 149.6 um condition.",Condition-specific EBSD/XRD/TEM evidence or conservative NA review,High_for_NA_decision,VERIFIED,EXPERIMENTAL,https://doi.org/10.1016/j.jallcom.2021.162765,AUDIT_SCOPE_DEPENDENT,MASTER_FIELD_MAPPING
P021,10.1016/j.jallcom.2021.162765,P021_SERIES01,P021_MAT_FE50MN17p5CR12p5CO10NI5SI5,P021_MC_A1000_150M_RT_G150,P021_OBS_A1000_150M_RT_G150,P021_OBS_A1000_150M_RT_G150,Condition_Level_Target_Evidence,"Mechanical curve is available, but direct phase/twin characterization is not resolved to this 149.6 um condition.",as reported,CONDITION_LEVEL_TARGET_DECISION,"Methods pp.2-3; Fig.2; Fig.4; Results pp.3,6; Figs.2,3,7; Fig.4 inset tables p.4; Mechanical curve is available, but direct phase/twin characterization is not resolved to this 149.6 um condition.",Condition-specific EBSD/XRD/TEM evidence or conservative NA review,High_for_NA_decision,VERIFIED,EXPERIMENTAL,https://doi.org/10.1016/j.jallcom.2021.162765,AUDIT_SCOPE_DEPENDENT,MASTER_FIELD_MAPPING
P021,10.1016/j.jallcom.2021.162765,P021_SERIES01,P021_MAT_FE50MN17p5CR12p5CO10NI5SI5,P021_MC_A1000_150M_RT_G150,P021_OBS_A1000_150M_RT_G150,P021_OBS_A1000_150M_RT_G150,Target_Evidence_Confidence,High_for_NA_decision,as reported,CONDITION_LEVEL_TARGET_DECISION,"Methods pp.2-3; Fig.2; Fig.4; Results pp.3,6; Figs.2,3,7; Fig.4 inset tables p.4; Mechanical curve is available, but direct phase/twin characterization is not resolved to this 149.6 um condition.",Condition-specific EBSD/XRD/TEM evidence or conservative NA review,High_for_NA_decision,VERIFIED,EXPERIMENTAL,https://doi.org/10.1016/j.jallcom.2021.162765,AUDIT_SCOPE_DEPENDENT,MASTER_FIELD_MAPPING
P021,10.1016/j.jallcom.2021.162765,P021_SERIES01,P021_MAT_FE50MN17p5CR12p5CO10NI5SI5,P021_MC_A1000_150M_RT_G150,P021_OBS_A1000_150M_RT_G150,P021_OBS_A1000_150M_RT_G150,DeltaG_Value_Status,NOT_REPORTED_IN_CURRENT_PAPER,as reported,AUTHOR_INFERENCE_OR_VERIFIED_GAP,Results pp.5-6 and whole-paper review,Source interpretation; no numeric conversion or cross-paper transfer,High_for_NA_decision,VERIFIED,EXPERIMENTAL,https://doi.org/10.1016/j.jallcom.2021.162765,NOT_SAFE_AS_DIRECT_NUMERIC_SFE,MASTER_FIELD_MAPPING
P021,10.1016/j.jallcom.2021.162765,P021_SERIES01,P021_MAT_FE50MN17p5CR12p5CO10NI5SI5,P021_MC_A1000_150M_RT_G150,P021_OBS_A1000_150M_RT_G150,P021_OBS_A1000_150M_RT_G150,DeltaG_Data_Origin,UNRESOLVED_NO_P021_VALUE,as reported,AUTHOR_INFERENCE_OR_VERIFIED_GAP,Results pp.5-6 and whole-paper review,Source interpretation; no numeric conversion or cross-paper transfer,High_for_NA_decision,VERIFIED,EXPERIMENTAL,https://doi.org/10.1016/j.jallcom.2021.162765,NOT_SAFE_AS_DIRECT_NUMERIC_SFE,MASTER_FIELD_MAPPING
P021,10.1016/j.jallcom.2021.162765,P021_SERIES01,P021_MAT_FE50MN17p5CR12p5CO10NI5SI5,P021_MC_A1000_150M_RT_G150,P021_OBS_A1000_150M_RT_G150,P021_OBS_A1000_150M_RT_G150,Journal,Journal of Alloys and Compounds,as reported,SOURCE_IDENTITY,Verified article identity / whole paper,Verified workbook and publisher DOI match,High_for_NA_decision,VERIFIED,EXPERIMENTAL,https://doi.org/10.1016/j.jallcom.2021.162765,AUDIT_SCOPE_DEPENDENT,MASTER_FIELD_MAPPING
P021,10.1016/j.jallcom.2021.162765,P021_SERIES01,P021_MAT_FE50MN17p5CR12p5CO10NI5SI5,P021_MC_A1000_150M_RT_G150,P021_OBS_A1000_150M_RT_G150,P021_OBS_A1000_150M_RT_G150,Volume,898,as reported,SOURCE_IDENTITY,Verified article identity / whole paper,Verified workbook and publisher DOI match,High_for_NA_decision,VERIFIED,EXPERIMENTAL,https://doi.org/10.1016/j.jallcom.2021.162765,AUDIT_SCOPE_DEPENDENT,MASTER_FIELD_MAPPING
P021,10.1016/j.jallcom.2021.162765,P021_SERIES01,P021_MAT_FE50MN17p5CR12p5CO10NI5SI5,P021_MC_A1000_150M_RT_G150,P021_OBS_A1000_150M_RT_G150,P021_OBS_A1000_150M_RT_G150,Publication_Year,2022,as reported,SOURCE_IDENTITY,Verified article identity / whole paper,Verified workbook and publisher DOI match,High_for_NA_decision,VERIFIED,EXPERIMENTAL,https://doi.org/10.1016/j.jallcom.2021.162765,AUDIT_SCOPE_DEPENDENT,MASTER_FIELD_MAPPING
P021,10.1016/j.jallcom.2021.162765,P021_SERIES01,P021_MAT_FE50MN17p5CR12p5CO10NI5SI5,P021_MC_A1000_150M_RT_G150,P021_OBS_A1000_150M_RT_G150,P021_OBS_A1000_150M_RT_G150,Source_URL,https://doi.org/10.1016/j.jallcom.2021.162765,as reported,SOURCE_IDENTITY,Verified article identity / whole paper,Verified workbook and publisher DOI match,High_for_NA_decision,VERIFIED,EXPERIMENTAL,https://doi.org/10.1016/j.jallcom.2021.162765,AUDIT_SCOPE_DEPENDENT,MASTER_FIELD_MAPPING
P021,10.1016/j.jallcom.2021.162765,P021_SERIES01,P021_MAT_FE50MN17p5CR12p5CO10NI5SI5,P021_MC_A1000_150M_RT_G150,P021_OBS_A1000_150M_RT_G150,P021_OBS_A1000_150M_RT_G150,Alloy_Family_Text,Fe50Mn17.5Cr12.5Co10Ni5Si5,as reported,DIRECT_NOMINAL_TEXT_OR_VERIFIED_NA,"Abstract, Methods, and Fig.1",Nominal alloy design; EDS/BSE qualitative homogeneity review,High_for_NA_decision,VERIFIED,EXPERIMENTAL,https://doi.org/10.1016/j.jallcom.2021.162765,AUDIT_SCOPE_DEPENDENT,MASTER_FIELD_MAPPING
P021,10.1016/j.jallcom.2021.162765,P021_SERIES01,P021_MAT_FE50MN17p5CR12p5CO10NI5SI5,P021_MC_A1000_150M_RT_G150,P021_OBS_A1000_150M_RT_G150,P021_OBS_A1000_150M_RT_G150,Alloy_Family_Use,GROUPING_AUDIT_ONLY_NOT_SAMPLE_OR_BATCH_IDENTITY,as reported,DIRECT_NOMINAL_TEXT_OR_VERIFIED_NA,"Abstract, Methods, and Fig.1",Nominal alloy design; EDS/BSE qualitative homogeneity review,High_for_NA_decision,VERIFIED,EXPERIMENTAL,https://doi.org/10.1016/j.jallcom.2021.162765,AUDIT_SCOPE_DEPENDENT,MASTER_FIELD_MAPPING
P021,10.1016/j.jallcom.2021.162765,P021_SERIES01,P021_MAT_FE50MN17p5CR12p5CO10NI5SI5,P021_MC_A1000_150M_RT_G150,P021_OBS_A1000_150M_RT_G150,P021_OBS_A1000_150M_RT_G150,Melting_Route,Vacuum arc melting under Ar,as reported,DIRECT_METHOD_OR_SCHEMA_UNIT_REPRESENTATION,"Methods pp.2-3 and Figs.2,4",Source methods; Celsius-to-Kelvin schema representation only,High_for_NA_decision,VERIFIED,EXPERIMENTAL,https://doi.org/10.1016/j.jallcom.2021.162765,AUDIT_SCOPE_DEPENDENT,MASTER_FIELD_MAPPING
P021,10.1016/j.jallcom.2021.162765,P021_SERIES01,P021_MAT_FE50MN17p5CR12p5CO10NI5SI5,P021_MC_A1000_150M_RT_G150,P021_OBS_A1000_150M_RT_G150,P021_OBS_A1000_150M_RT_G150,Initial_TRIP_Target_Guardrail,INITIAL_SINGLE_FCC_AND_HCP_ZERO_DO_NOT_ALONE_ASSIGN_TRIP,as reported,DIRECT_PRETEST_MICROSTRUCTURE,"Results pp.3,6 and Figs.2,3,7","BSE, EBSD, XRD, and pre-test TEM interpretation",High_for_NA_decision,VERIFIED,EXPERIMENTAL,https://doi.org/10.1016/j.jallcom.2021.162765,AUDIT_SCOPE_DEPENDENT,MASTER_FIELD_MAPPING
P021,10.1016/j.jallcom.2021.162765,P021_SERIES01,P021_MAT_FE50MN17p5CR12p5CO10NI5SI5,P021_MC_A1000_150M_RT_G150,P021_OBS_A1000_150M_RT_G150,P021_OBS_A1000_150M_RT_G150,Target_Status,TARGETS_UNRESOLVED,as reported,CONDITION_LEVEL_TARGET_DECISION,"Methods pp.2-3; Fig.2; Fig.4; Results pp.3,6; Figs.2,3,7; Fig.4 inset tables p.4; Mechanical curve is available, but direct phase/twin characterization is not resolved to this 149.6 um condition.",Condition-specific EBSD/XRD/TEM evidence or conservative NA review,High_for_NA_decision,VERIFIED,EXPERIMENTAL,https://doi.org/10.1016/j.jallcom.2021.162765,AUDIT_SCOPE_DEPENDENT,MASTER_FIELD_MAPPING
P021,10.1016/j.jallcom.2021.162765,P021_SERIES01,P021_MAT_FE50MN17p5CR12p5CO10NI5SI5,P021_MC_A1000_150M_RT_G150,P021_OBS_A1000_150M_RT_G150,P021_OBS_A1000_150M_RT_G150,TRIP_Parent_Phase,FCC,as reported,CONDITION_LEVEL_TARGET_DECISION,"Methods pp.2-3; Fig.2; Fig.4; Results pp.3,6; Figs.2,3,7; Fig.4 inset tables p.4; Mechanical curve is available, but direct phase/twin characterization is not resolved to this 149.6 um condition.",Condition-specific EBSD/XRD/TEM evidence or conservative NA review,High_for_NA_decision,VERIFIED,EXPERIMENTAL,https://doi.org/10.1016/j.jallcom.2021.162765,AUDIT_SCOPE_DEPENDENT,MASTER_FIELD_MAPPING
P021,10.1016/j.jallcom.2021.162765,P021_SERIES01,P021_MAT_FE50MN17p5CR12p5CO10NI5SI5,P021_MC_A1000_150M_RT_G150,P021_OBS_A1000_150M_RT_G150,P021_OBS_A1000_150M_RT_G150,TRIP_Product_Phase,HCP_EPSILON,as reported,CONDITION_LEVEL_TARGET_DECISION,"Methods pp.2-3; Fig.2; Fig.4; Results pp.3,6; Figs.2,3,7; Fig.4 inset tables p.4; Mechanical curve is available, but direct phase/twin characterization is not resolved to this 149.6 um condition.",Condition-specific EBSD/XRD/TEM evidence or conservative NA review,High_for_NA_decision,VERIFIED,EXPERIMENTAL,https://doi.org/10.1016/j.jallcom.2021.162765,AUDIT_SCOPE_DEPENDENT,MASTER_FIELD_MAPPING
P021,10.1016/j.jallcom.2021.162765,P021_SERIES01,P021_MAT_FE50MN17p5CR12p5CO10NI5SI5,P021_MC_A1000_150M_RT_G150,P021_OBS_A1000_150M_RT_G150,P021_OBS_A1000_150M_RT_G150,P021_Record_Role,RECOVERED_EXACT_PRIMARY_CONDITION,as reported,HIERARCHY_INTEGRATION,P021_Conditions verified sheet,Source-defined condition hierarchy and aggregate replicate scope,High_for_NA_decision,VERIFIED,EXPERIMENTAL,https://doi.org/10.1016/j.jallcom.2021.162765,AUDIT_SCOPE_DEPENDENT,MASTER_FIELD_MAPPING
P021,10.1016/j.jallcom.2021.162765,P021_SERIES01,P021_MAT_FE50MN17p5CR12p5CO10NI5SI5,P021_MC_A1000_150M_RT_G150,P021_OBS_A1000_150M_RT_G150,P021_OBS_A1000_150M_RT_G150,P021_Target_Status,TARGETS_UNRESOLVED,as reported,CONDITION_LEVEL_TARGET_DECISION,"Methods pp.2-3; Fig.2; Fig.4; Results pp.3,6; Figs.2,3,7; Fig.4 inset tables p.4; Mechanical curve is available, but direct phase/twin characterization is not resolved to this 149.6 um condition.",Condition-specific EBSD/XRD/TEM evidence or conservative NA review,High_for_NA_decision,VERIFIED,EXPERIMENTAL,https://doi.org/10.1016/j.jallcom.2021.162765,AUDIT_SCOPE_DEPENDENT,MASTER_FIELD_MAPPING
P021,10.1016/j.jallcom.2021.162765,P021_SERIES01,P021_MAT_FE50MN17p5CR12p5CO10NI5SI5,P021_MC_A1000_150M_RT_G150,P021_OBS_A1000_150M_RT_G150,P021_OBS_A1000_150M_RT_G150,P021_Source_Identity_Status,VERIFIED_PDF_AND_PUBLISHER_DOI_MATCH,as reported,SOURCE_IDENTITY,Verified article identity / whole paper,Verified workbook and publisher DOI match,High_for_NA_decision,VERIFIED,EXPERIMENTAL,https://doi.org/10.1016/j.jallcom.2021.162765,AUDIT_SCOPE_DEPENDENT,MASTER_FIELD_MAPPING
P021,10.1016/j.jallcom.2021.162765,P021_SERIES01,P021_MAT_FE50MN17p5CR12p5CO10NI5SI5,P021_MC_A1000_150M_RT_G150,P021_OBS_A1000_150M_RT_G150,P021_OBS_A1000_150M_RT_G150,P021_QC_Status,PENDING_GLOBAL_QC_SCHEMA_SPLIT_REFRESH_AFTER_COLLECTION,as reported,HIERARCHY_INTEGRATION,P021_Conditions verified sheet,Source-defined condition hierarchy and aggregate replicate scope,High_for_NA_decision,VERIFIED,EXPERIMENTAL,https://doi.org/10.1016/j.jallcom.2021.162765,AUDIT_SCOPE_DEPENDENT,MASTER_FIELD_MAPPING
P021,10.1016/j.jallcom.2021.162765,P021_SERIES01,P021_MAT_FE50MN17p5CR12p5CO10NI5SI5,P021_MC_A1000_150M_RT_G150,P021_OBS_A1000_150M_RT_G150,P021_OBS_A1000_150M_RT_G150,Article_Number,162765,as reported,SOURCE_IDENTITY,Verified article identity / whole paper,Verified workbook and publisher DOI match,High_for_NA_decision,VERIFIED,EXPERIMENTAL,https://doi.org/10.1016/j.jallcom.2021.162765,AUDIT_SCOPE_DEPENDENT,MASTER_FIELD_MAPPING
P021,10.1016/j.jallcom.2021.162765,P021_SERIES01,P021_MAT_FE50MN17p5CR12p5CO10NI5SI5,P021_MC_A1000_150M_RT_G150,P021_OBS_A1000_150M_RT_G150,P021_OBS_A1000_150M_RT_G150,Replicate_n_Status,MINIMUM_REPORTED_AT_LEAST_THREE,as reported,HIERARCHY_INTEGRATION,P021_Conditions verified sheet,Source-defined condition hierarchy and aggregate replicate scope,High_for_NA_decision,VERIFIED,EXPERIMENTAL,https://doi.org/10.1016/j.jallcom.2021.162765,AUDIT_SCOPE_DEPENDENT,MASTER_FIELD_MAPPING
P021,10.1016/j.jallcom.2021.162765,P021_SERIES01,P021_MAT_FE50MN17p5CR12p5CO10NI5SI5,P021_MC_A1000_150M_RT_G150,P021_OBS_A1000_150M_RT_G150,P021_OBS_A1000_150M_RT_G150,Remelt_Count_Min,5,count,DIRECT_METHOD_OR_SCHEMA_UNIT_REPRESENTATION,"Methods pp.2-3 and Figs.2,4",Source methods; Celsius-to-Kelvin schema representation only,High_for_NA_decision,VERIFIED,EXPERIMENTAL,https://doi.org/10.1016/j.jallcom.2021.162765,AUDIT_SCOPE_DEPENDENT,MASTER_FIELD_MAPPING
P021,10.1016/j.jallcom.2021.162765,P021_SERIES01,P021_MAT_FE50MN17p5CR12p5CO10NI5SI5,P021_MC_A1000_150M_RT_G150,P021_OBS_A1000_150M_RT_G150,P021_OBS_A1000_150M_RT_G150,Remelt_Count_Status,AT_LEAST_FIVE,as reported,DIRECT_METHOD_OR_SCHEMA_UNIT_REPRESENTATION,"Methods pp.2-3 and Figs.2,4",Source methods; Celsius-to-Kelvin schema representation only,High_for_NA_decision,VERIFIED,EXPERIMENTAL,https://doi.org/10.1016/j.jallcom.2021.162765,AUDIT_SCOPE_DEPENDENT,MASTER_FIELD_MAPPING
P021,10.1016/j.jallcom.2021.162765,P021_SERIES01,P021_MAT_FE50MN17p5CR12p5CO10NI5SI5,P021_MC_A1000_150M_RT_G150,P021_OBS_A1000_150M_RT_G150,P021_OBS_A1000_150M_RT_G150,Alloy_Mass_g_Approx,150.0,g,DIRECT_METHOD_OR_SCHEMA_UNIT_REPRESENTATION,"Methods pp.2-3 and Figs.2,4",Source methods; Celsius-to-Kelvin schema representation only,High_for_NA_decision,VERIFIED,EXPERIMENTAL,https://doi.org/10.1016/j.jallcom.2021.162765,AUDIT_SCOPE_DEPENDENT,MASTER_FIELD_MAPPING
P021,10.1016/j.jallcom.2021.162765,P021_SERIES01,P021_MAT_FE50MN17p5CR12p5CO10NI5SI5,P021_MC_A1000_150M_RT_G150,P021_OBS_A1000_150M_RT_G150,P021_OBS_A1000_150M_RT_G150,Remolded_Ingot_Dimensions_mm,65 x 40 x 10,as reported,DIRECT_METHOD_OR_SCHEMA_UNIT_REPRESENTATION,"Methods pp.2-3 and Figs.2,4",Source methods; Celsius-to-Kelvin schema representation only,High_for_NA_decision,VERIFIED,EXPERIMENTAL,https://doi.org/10.1016/j.jallcom.2021.162765,AUDIT_SCOPE_DEPENDENT,MASTER_FIELD_MAPPING
P021,10.1016/j.jallcom.2021.162765,P021_SERIES01,P021_MAT_FE50MN17p5CR12p5CO10NI5SI5,P021_MC_A1000_150M_RT_G150,P021_OBS_A1000_150M_RT_G150,P021_OBS_A1000_150M_RT_G150,Homogenization_T_C_Raw,1150.0,C,DIRECT_METHOD_OR_SCHEMA_UNIT_REPRESENTATION,"Methods pp.2-3 and Figs.2,4",Source methods; Celsius-to-Kelvin schema representation only,High_for_NA_decision,VERIFIED,EXPERIMENTAL,https://doi.org/10.1016/j.jallcom.2021.162765,AUDIT_SCOPE_DEPENDENT,MASTER_FIELD_MAPPING
P021,10.1016/j.jallcom.2021.162765,P021_SERIES01,P021_MAT_FE50MN17p5CR12p5CO10NI5SI5,P021_MC_A1000_150M_RT_G150,P021_OBS_A1000_150M_RT_G150,P021_OBS_A1000_150M_RT_G150,Hot_Roll_T_C_Raw,1100.0,C,DIRECT_METHOD_OR_SCHEMA_UNIT_REPRESENTATION,"Methods pp.2-3 and Figs.2,4",Source methods; Celsius-to-Kelvin schema representation only,High_for_NA_decision,VERIFIED,EXPERIMENTAL,https://doi.org/10.1016/j.jallcom.2021.162765,AUDIT_SCOPE_DEPENDENT,MASTER_FIELD_MAPPING
P021,10.1016/j.jallcom.2021.162765,P021_SERIES01,P021_MAT_FE50MN17p5CR12p5CO10NI5SI5,P021_MC_A1000_150M_RT_G150,P021_OBS_A1000_150M_RT_G150,P021_OBS_A1000_150M_RT_G150,Hot_Roll_Final_Thickness_mm,3.0,mm,DIRECT_METHOD_OR_SCHEMA_UNIT_REPRESENTATION,"Methods pp.2-3 and Figs.2,4",Source methods; Celsius-to-Kelvin schema representation only,High_for_NA_decision,VERIFIED,EXPERIMENTAL,https://doi.org/10.1016/j.jallcom.2021.162765,AUDIT_SCOPE_DEPENDENT,MASTER_FIELD_MAPPING
P021,10.1016/j.jallcom.2021.162765,P021_SERIES01,P021_MAT_FE50MN17p5CR12p5CO10NI5SI5,P021_MC_A1000_150M_RT_G150,P021_OBS_A1000_150M_RT_G150,P021_OBS_A1000_150M_RT_G150,Anneal_T_C_Raw,1000.0,C,DIRECT_METHOD_OR_SCHEMA_UNIT_REPRESENTATION,"Methods pp.2-3 and Figs.2,4",Source methods; Celsius-to-Kelvin schema representation only,High_for_NA_decision,VERIFIED,EXPERIMENTAL,https://doi.org/10.1016/j.jallcom.2021.162765,AUDIT_SCOPE_DEPENDENT,MASTER_FIELD_MAPPING
P021,10.1016/j.jallcom.2021.162765,P021_SERIES01,P021_MAT_FE50MN17p5CR12p5CO10NI5SI5,P021_MC_A1000_150M_RT_G150,P021_OBS_A1000_150M_RT_G150,P021_OBS_A1000_150M_RT_G150,Post_Anneal_Quench,Water quench,as reported,DIRECT_METHOD_OR_SCHEMA_UNIT_REPRESENTATION,"Methods pp.2-3 and Figs.2,4",Source methods; Celsius-to-Kelvin schema representation only,High_for_NA_decision,VERIFIED,EXPERIMENTAL,https://doi.org/10.1016/j.jallcom.2021.162765,AUDIT_SCOPE_DEPENDENT,MASTER_FIELD_MAPPING
P021,10.1016/j.jallcom.2021.162765,P021_SERIES01,P021_MAT_FE50MN17p5CR12p5CO10NI5SI5,P021_MC_A1000_150M_RT_G150,P021_OBS_A1000_150M_RT_G150,P021_OBS_A1000_150M_RT_G150,Test_T_C,25.0,C,DIRECT_METHOD_OR_SCHEMA_UNIT_REPRESENTATION,"Methods pp.2-3 and Figs.2,4",Source methods; Celsius-to-Kelvin schema representation only,High_for_NA_decision,VERIFIED,EXPERIMENTAL,https://doi.org/10.1016/j.jallcom.2021.162765,AUDIT_SCOPE_DEPENDENT,MASTER_FIELD_MAPPING
P021,10.1016/j.jallcom.2021.162765,P021_SERIES01,P021_MAT_FE50MN17p5CR12p5CO10NI5SI5,P021_MC_A1000_150M_RT_G150,P021_OBS_A1000_150M_RT_G150,P021_OBS_A1000_150M_RT_G150,Specimen_Orientation,Longitudinal / rolling direction,as reported,DIRECT_METHOD_OR_SCHEMA_UNIT_REPRESENTATION,"Methods pp.2-3 and Figs.2,4",Source methods; Celsius-to-Kelvin schema representation only,High_for_NA_decision,VERIFIED,EXPERIMENTAL,https://doi.org/10.1016/j.jallcom.2021.162765,AUDIT_SCOPE_DEPENDENT,MASTER_FIELD_MAPPING
P021,10.1016/j.jallcom.2021.162765,P021_SERIES01,P021_MAT_FE50MN17p5CR12p5CO10NI5SI5,P021_MC_A1000_150M_RT_G150,P021_OBS_A1000_150M_RT_G150,P021_OBS_A1000_150M_RT_G150,Specimen_Standard,ASTM E8/E8M sub-size,as reported,DIRECT_METHOD_OR_SCHEMA_UNIT_REPRESENTATION,"Methods pp.2-3 and Figs.2,4",Source methods; Celsius-to-Kelvin schema representation only,High_for_NA_decision,VERIFIED,EXPERIMENTAL,https://doi.org/10.1016/j.jallcom.2021.162765,AUDIT_SCOPE_DEPENDENT,MASTER_FIELD_MAPPING
P021,10.1016/j.jallcom.2021.162765,P021_SERIES01,P021_MAT_FE50MN17p5CR12p5CO10NI5SI5,P021_MC_A1000_150M_RT_G150,P021_OBS_A1000_150M_RT_G150,P021_OBS_A1000_150M_RT_G150,Initial_Alpha_BCT_fraction,0.0,fraction,DIRECT_PRETEST_MICROSTRUCTURE,"Results pp.3,6 and Figs.2,3,7","BSE, EBSD, XRD, and pre-test TEM interpretation",High_for_NA_decision,VERIFIED,EXPERIMENTAL,https://doi.org/10.1016/j.jallcom.2021.162765,AUDIT_SCOPE_DEPENDENT,MASTER_FIELD_MAPPING
P021,10.1016/j.jallcom.2021.162765,P021_SERIES01,P021_MAT_FE50MN17p5CR12p5CO10NI5SI5,P021_MC_A1000_150M_RT_G150,P021_OBS_A1000_150M_RT_G150,P021_OBS_A1000_150M_RT_G150,Initial_Secondary_Phase_Status,NO_OBVIOUS_PRECIPITATES_OR_OTHER_PHASES,as reported,DIRECT_PRETEST_MICROSTRUCTURE,"Results pp.3,6 and Figs.2,3,7","BSE, EBSD, XRD, and pre-test TEM interpretation",High_for_NA_decision,VERIFIED,EXPERIMENTAL,https://doi.org/10.1016/j.jallcom.2021.162765,AUDIT_SCOPE_DEPENDENT,MASTER_FIELD_MAPPING
P021,10.1016/j.jallcom.2021.162765,P021_SERIES01,P021_MAT_FE50MN17p5CR12p5CO10NI5SI5,P021_MC_A1000_150M_RT_G150,P021_OBS_A1000_150M_RT_G150,P021_OBS_A1000_150M_RT_G150,Fully_Recrystallized,True,as reported,DIRECT_PRETEST_MICROSTRUCTURE,"Results pp.3,6 and Figs.2,3,7","BSE, EBSD, XRD, and pre-test TEM interpretation",High_for_NA_decision,VERIFIED,EXPERIMENTAL,https://doi.org/10.1016/j.jallcom.2021.162765,AUDIT_SCOPE_DEPENDENT,MASTER_FIELD_MAPPING
P021,10.1016/j.jallcom.2021.162765,P021_SERIES01,P021_MAT_FE50MN17p5CR12p5CO10NI5SI5,P021_MC_A1000_150M_RT_G150,P021_OBS_A1000_150M_RT_G150,P021_OBS_A1000_150M_RT_G150,Grain_Size_Method,EBSD/BSE; twin boundaries excluded from grain-size calculation,as reported,DIRECT_PRETEST_MICROSTRUCTURE,"Results pp.3,6 and Figs.2,3,7","BSE, EBSD, XRD, and pre-test TEM interpretation",High_for_NA_decision,VERIFIED,EXPERIMENTAL,https://doi.org/10.1016/j.jallcom.2021.162765,AUDIT_SCOPE_DEPENDENT,MASTER_FIELD_MAPPING
P021,10.1016/j.jallcom.2021.162765,P021_SERIES01,P021_MAT_FE50MN17p5CR12p5CO10NI5SI5,P021_MC_A1000_150M_RT_G150,P021_OBS_A1000_150M_RT_G150,P021_OBS_A1000_150M_RT_G150,Grain_Size_Twin_Boundary_Exclusion,True,as reported,DIRECT_PRETEST_MICROSTRUCTURE,"Results pp.3,6 and Figs.2,3,7","BSE, EBSD, XRD, and pre-test TEM interpretation",High_for_NA_decision,VERIFIED,EXPERIMENTAL,https://doi.org/10.1016/j.jallcom.2021.162765,AUDIT_SCOPE_DEPENDENT,MASTER_FIELD_MAPPING
P021,10.1016/j.jallcom.2021.162765,P021_SERIES01,P021_MAT_FE50MN17p5CR12p5CO10NI5SI5,P021_MC_A1000_150M_RT_G150,P021_OBS_A1000_150M_RT_G150,P021_OBS_A1000_150M_RT_G150,Initial_Stacking_Fault_State,NO_QUANTITATIVE_INITIAL_STACKING_FAULT_METRIC_REPORTED,as reported,DIRECT_PRETEST_MICROSTRUCTURE,"Results pp.3,6 and Figs.2,3,7","BSE, EBSD, XRD, and pre-test TEM interpretation",High_for_NA_decision,VERIFIED,EXPERIMENTAL,https://doi.org/10.1016/j.jallcom.2021.162765,AUDIT_SCOPE_DEPENDENT,MASTER_FIELD_MAPPING
P021,10.1016/j.jallcom.2021.162765,P021_SERIES01,P021_MAT_FE50MN17p5CR12p5CO10NI5SI5,P021_MC_A1000_150M_RT_G150,P021_OBS_A1000_150M_RT_G150,P021_OBS_A1000_150M_RT_G150,Initial_Stacking_Fault_State_Raw,No quantitative initial stacking-fault metric reported,as reported,DIRECT_PRETEST_MICROSTRUCTURE,"Results pp.3,6 and Figs.2,3,7","BSE, EBSD, XRD, and pre-test TEM interpretation",High_for_NA_decision,VERIFIED,EXPERIMENTAL,https://doi.org/10.1016/j.jallcom.2021.162765,AUDIT_SCOPE_DEPENDENT,MASTER_FIELD_MAPPING
P021,10.1016/j.jallcom.2021.162765,P021_SERIES01,P021_MAT_FE50MN17p5CR12p5CO10NI5SI5,P021_MC_A1000_150M_RT_G150,P021_OBS_A1000_150M_RT_G150,P021_OBS_A1000_150M_RT_G150,PreTest_Cryogenic_Immersion,False,as reported,DIRECT_PRETEST_MICROSTRUCTURE,"Results pp.3,6 and Figs.2,3,7","BSE, EBSD, XRD, and pre-test TEM interpretation",High_for_NA_decision,VERIFIED,EXPERIMENTAL,https://doi.org/10.1016/j.jallcom.2021.162765,AUDIT_SCOPE_DEPENDENT,MASTER_FIELD_MAPPING
P021,10.1016/j.jallcom.2021.162765,P021_SERIES01,P021_MAT_FE50MN17p5CR12p5CO10NI5SI5,P021_MC_A1000_150M_RT_G150,P021_OBS_A1000_150M_RT_G150,P021_OBS_A1000_150M_RT_G150,PreTest_State_Timing,BEFORE_TENSILE_LOADING,as reported,DIRECT_PRETEST_MICROSTRUCTURE,"Results pp.3,6 and Figs.2,3,7","BSE, EBSD, XRD, and pre-test TEM interpretation",High_for_NA_decision,VERIFIED,EXPERIMENTAL,https://doi.org/10.1016/j.jallcom.2021.162765,AUDIT_SCOPE_DEPENDENT,MASTER_FIELD_MAPPING
P021,10.1016/j.jallcom.2021.162765,P021_SERIES01,P021_MAT_FE50MN17p5CR12p5CO10NI5SI5,P021_MC_A1000_150M_RT_G150,P021_OBS_A1000_150M_RT_G150,P021_OBS_A1000_150M_RT_G150,SFE_Predictor_Eligibility,NOT_SAFE_AS_DIRECT_NUMERIC_SFE,as reported,AUTHOR_INFERENCE_OR_VERIFIED_GAP,Results pp.5-6 and whole-paper review,Source interpretation; no numeric conversion or cross-paper transfer,High_for_NA_decision,VERIFIED,EXPERIMENTAL,https://doi.org/10.1016/j.jallcom.2021.162765,NOT_SAFE_AS_DIRECT_NUMERIC_SFE,MASTER_FIELD_MAPPING
P021,10.1016/j.jallcom.2021.162765,P021_SERIES01,P021_MAT_FE50MN17p5CR12p5CO10NI5SI5,P021_MC_A1000_20M_77K_G41,P021_OBS_A1000_20M_77K_G41,P021_OBS_A1000_20M_77K_G41,Paper_ID,P021,as reported,SOURCE_IDENTITY,Verified article identity / whole paper,Verified workbook and publisher DOI match,High_TRIP_High_for_TWIP_NA,VERIFIED,EXPERIMENTAL,https://doi.org/10.1016/j.jallcom.2021.162765,AUDIT_SCOPE_DEPENDENT,MASTER_FIELD_MAPPING
P021,10.1016/j.jallcom.2021.162765,P021_SERIES01,P021_MAT_FE50MN17p5CR12p5CO10NI5SI5,P021_MC_A1000_20M_77K_G41,P021_OBS_A1000_20M_77K_G41,P021_OBS_A1000_20M_77K_G41,DOI,10.1016/j.jallcom.2021.162765,as reported,SOURCE_IDENTITY,Verified article identity / whole paper,Verified workbook and publisher DOI match,High_TRIP_High_for_TWIP_NA,VERIFIED,EXPERIMENTAL,https://doi.org/10.1016/j.jallcom.2021.162765,AUDIT_SCOPE_DEPENDENT,MASTER_FIELD_MAPPING
P021,10.1016/j.jallcom.2021.162765,P021_SERIES01,P021_MAT_FE50MN17p5CR12p5CO10NI5SI5,P021_MC_A1000_20M_77K_G41,P021_OBS_A1000_20M_77K_G41,P021_OBS_A1000_20M_77K_G41,Paper_Title,Enhancement in mechanical properties through an FCC-to-HCP phase transformation in an Fe-17.5Mn-10Co-12.5Cr-5Ni-5Si (in at%) medium-entropy alloy,as reported,SOURCE_IDENTITY,Verified article identity / whole paper,Verified workbook and publisher DOI match,High_TRIP_High_for_TWIP_NA,VERIFIED,EXPERIMENTAL,https://doi.org/10.1016/j.jallcom.2021.162765,AUDIT_SCOPE_DEPENDENT,MASTER_FIELD_MAPPING
P021,10.1016/j.jallcom.2021.162765,P021_SERIES01,P021_MAT_FE50MN17p5CR12p5CO10NI5SI5,P021_MC_A1000_20M_77K_G41,P021_OBS_A1000_20M_77K_G41,P021_OBS_A1000_20M_77K_G41,Condition_ID,P021_MC_A1000_20M_77K_G41,as reported,HIERARCHY_INTEGRATION,P021_Conditions verified sheet,Source-defined condition hierarchy and aggregate replicate scope,High_TRIP_High_for_TWIP_NA,VERIFIED,EXPERIMENTAL,https://doi.org/10.1016/j.jallcom.2021.162765,AUDIT_SCOPE_DEPENDENT,MASTER_FIELD_MAPPING
P021,10.1016/j.jallcom.2021.162765,P021_SERIES01,P021_MAT_FE50MN17p5CR12p5CO10NI5SI5,P021_MC_A1000_20M_77K_G41,P021_OBS_A1000_20M_77K_G41,P021_OBS_A1000_20M_77K_G41,Experiment_Group_ID,P021_SERIES01,as reported,HIERARCHY_INTEGRATION,P021_Conditions verified sheet,Source-defined condition hierarchy and aggregate replicate scope,High_TRIP_High_for_TWIP_NA,VERIFIED,EXPERIMENTAL,https://doi.org/10.1016/j.jallcom.2021.162765,AUDIT_SCOPE_DEPENDENT,MASTER_FIELD_MAPPING
P021,10.1016/j.jallcom.2021.162765,P021_SERIES01,P021_MAT_FE50MN17p5CR12p5CO10NI5SI5,P021_MC_A1000_20M_77K_G41,P021_OBS_A1000_20M_77K_G41,P021_OBS_A1000_20M_77K_G41,Row_Type,Primary experimental tensile condition,as reported,HIERARCHY_INTEGRATION,P021_Conditions verified sheet,Source-defined condition hierarchy and aggregate replicate scope,High_TRIP_High_for_TWIP_NA,VERIFIED,EXPERIMENTAL,https://doi.org/10.1016/j.jallcom.2021.162765,AUDIT_SCOPE_DEPENDENT,MASTER_FIELD_MAPPING
P021,10.1016/j.jallcom.2021.162765,P021_SERIES01,P021_MAT_FE50MN17p5CR12p5CO10NI5SI5,P021_MC_A1000_20M_77K_G41,P021_OBS_A1000_20M_77K_G41,P021_OBS_A1000_20M_77K_G41,Alloy_ID,Fe50Mn17.5Cr12.5Co10Ni5Si5,as reported,DIRECT_NOMINAL_TEXT_OR_VERIFIED_NA,"Abstract, Methods, and Fig.1",Nominal alloy design; EDS/BSE qualitative homogeneity review,High_TRIP_High_for_TWIP_NA,VERIFIED,EXPERIMENTAL,https://doi.org/10.1016/j.jallcom.2021.162765,AUDIT_SCOPE_DEPENDENT,MASTER_FIELD_MAPPING
P021,10.1016/j.jallcom.2021.162765,P021_SERIES01,P021_MAT_FE50MN17p5CR12p5CO10NI5SI5,P021_MC_A1000_20M_77K_G41,P021_OBS_A1000_20M_77K_G41,P021_OBS_A1000_20M_77K_G41,Original_Composition,Fe50Mn17.5Cr12.5Co10Ni5Si5,as reported,DIRECT_NOMINAL_TEXT_OR_VERIFIED_NA,"Abstract, Methods, and Fig.1",Nominal alloy design; EDS/BSE qualitative homogeneity review,High_TRIP_High_for_TWIP_NA,VERIFIED,EXPERIMENTAL,https://doi.org/10.1016/j.jallcom.2021.162765,AUDIT_SCOPE_DEPENDENT,MASTER_FIELD_MAPPING
P021,10.1016/j.jallcom.2021.162765,P021_SERIES01,P021_MAT_FE50MN17p5CR12p5CO10NI5SI5,P021_MC_A1000_20M_77K_G41,P021_OBS_A1000_20M_77K_G41,P021_OBS_A1000_20M_77K_G41,Composition_basis,at.% nominal,as reported,DIRECT_NOMINAL_TEXT_OR_VERIFIED_NA,"Abstract, Methods, and Fig.1",Nominal alloy design; EDS/BSE qualitative homogeneity review,High_TRIP_High_for_TWIP_NA,VERIFIED,EXPERIMENTAL,https://doi.org/10.1016/j.jallcom.2021.162765,AUDIT_SCOPE_DEPENDENT,MASTER_FIELD_MAPPING
P021,10.1016/j.jallcom.2021.162765,P021_SERIES01,P021_MAT_FE50MN17p5CR12p5CO10NI5SI5,P021_MC_A1000_20M_77K_G41,P021_OBS_A1000_20M_77K_G41,P021_OBS_A1000_20M_77K_G41,Fe_at%,50.0,at.%,DIRECT_NOMINAL_TEXT_OR_VERIFIED_NA,"Abstract, Methods, and Fig.1",Nominal alloy design; EDS/BSE qualitative homogeneity review,High_TRIP_High_for_TWIP_NA,VERIFIED,EXPERIMENTAL,https://doi.org/10.1016/j.jallcom.2021.162765,AUDIT_SCOPE_DEPENDENT,MASTER_FIELD_MAPPING
P021,10.1016/j.jallcom.2021.162765,P021_SERIES01,P021_MAT_FE50MN17p5CR12p5CO10NI5SI5,P021_MC_A1000_20M_77K_G41,P021_OBS_A1000_20M_77K_G41,P021_OBS_A1000_20M_77K_G41,Mn_at%,17.5,at.%,DIRECT_NOMINAL_TEXT_OR_VERIFIED_NA,"Abstract, Methods, and Fig.1",Nominal alloy design; EDS/BSE qualitative homogeneity review,High_TRIP_High_for_TWIP_NA,VERIFIED,EXPERIMENTAL,https://doi.org/10.1016/j.jallcom.2021.162765,AUDIT_SCOPE_DEPENDENT,MASTER_FIELD_MAPPING
P021,10.1016/j.jallcom.2021.162765,P021_SERIES01,P021_MAT_FE50MN17p5CR12p5CO10NI5SI5,P021_MC_A1000_20M_77K_G41,P021_OBS_A1000_20M_77K_G41,P021_OBS_A1000_20M_77K_G41,Co_at%,10.0,at.%,DIRECT_NOMINAL_TEXT_OR_VERIFIED_NA,"Abstract, Methods, and Fig.1",Nominal alloy design; EDS/BSE qualitative homogeneity review,High_TRIP_High_for_TWIP_NA,VERIFIED,EXPERIMENTAL,https://doi.org/10.1016/j.jallcom.2021.162765,AUDIT_SCOPE_DEPENDENT,MASTER_FIELD_MAPPING
P021,10.1016/j.jallcom.2021.162765,P021_SERIES01,P021_MAT_FE50MN17p5CR12p5CO10NI5SI5,P021_MC_A1000_20M_77K_G41,P021_OBS_A1000_20M_77K_G41,P021_OBS_A1000_20M_77K_G41,Cr_at%,12.5,at.%,DIRECT_NOMINAL_TEXT_OR_VERIFIED_NA,"Abstract, Methods, and Fig.1",Nominal alloy design; EDS/BSE qualitative homogeneity review,High_TRIP_High_for_TWIP_NA,VERIFIED,EXPERIMENTAL,https://doi.org/10.1016/j.jallcom.2021.162765,AUDIT_SCOPE_DEPENDENT,MASTER_FIELD_MAPPING
P021,10.1016/j.jallcom.2021.162765,P021_SERIES01,P021_MAT_FE50MN17p5CR12p5CO10NI5SI5,P021_MC_A1000_20M_77K_G41,P021_OBS_A1000_20M_77K_G41,P021_OBS_A1000_20M_77K_G41,Ni_at%,5.0,at.%,DIRECT_NOMINAL_TEXT_OR_VERIFIED_NA,"Abstract, Methods, and Fig.1",Nominal alloy design; EDS/BSE qualitative homogeneity review,High_TRIP_High_for_TWIP_NA,VERIFIED,EXPERIMENTAL,https://doi.org/10.1016/j.jallcom.2021.162765,AUDIT_SCOPE_DEPENDENT,MASTER_FIELD_MAPPING
P021,10.1016/j.jallcom.2021.162765,P021_SERIES01,P021_MAT_FE50MN17p5CR12p5CO10NI5SI5,P021_MC_A1000_20M_77K_G41,P021_OBS_A1000_20M_77K_G41,P021_OBS_A1000_20M_77K_G41,Si_at%,5.0,at.%,DIRECT_NOMINAL_TEXT_OR_VERIFIED_NA,"Abstract, Methods, and Fig.1",Nominal alloy design; EDS/BSE qualitative homogeneity review,High_TRIP_High_for_TWIP_NA,VERIFIED,EXPERIMENTAL,https://doi.org/10.1016/j.jallcom.2021.162765,AUDIT_SCOPE_DEPENDENT,MASTER_FIELD_MAPPING
P021,10.1016/j.jallcom.2021.162765,P021_SERIES01,P021_MAT_FE50MN17p5CR12p5CO10NI5SI5,P021_MC_A1000_20M_77K_G41,P021_OBS_A1000_20M_77K_G41,P021_OBS_A1000_20M_77K_G41,Processing_route,Vacuum arc melted under Ar from >99.9% raw materials; flipped/remelted at least five times; approximately 150 g alloy remolded to 65 x 40 x 10 mm; homogenized 1150 C/24 h; hot rolled at 1100 C to 3 mm; cold rolled 30%; final anneal 1000 C/20 min; water quenched,as reported,DIRECT_METHOD_OR_SCHEMA_UNIT_REPRESENTATION,"Methods pp.2-3 and Figs.2,4",Source methods; Celsius-to-Kelvin schema representation only,High_TRIP_High_for_TWIP_NA,VERIFIED,EXPERIMENTAL,https://doi.org/10.1016/j.jallcom.2021.162765,AUDIT_SCOPE_DEPENDENT,MASTER_FIELD_MAPPING
P021,10.1016/j.jallcom.2021.162765,P021_SERIES01,P021_MAT_FE50MN17p5CR12p5CO10NI5SI5,P021_MC_A1000_20M_77K_G41,P021_OBS_A1000_20M_77K_G41,P021_OBS_A1000_20M_77K_G41,Cast_method,Vacuum arc melting under Ar; flipped/remelted at least five times; remolded rectangular ingot,as reported,DIRECT_METHOD_OR_SCHEMA_UNIT_REPRESENTATION,"Methods pp.2-3 and Figs.2,4",Source methods; Celsius-to-Kelvin schema representation only,High_TRIP_High_for_TWIP_NA,VERIFIED,EXPERIMENTAL,https://doi.org/10.1016/j.jallcom.2021.162765,AUDIT_SCOPE_DEPENDENT,MASTER_FIELD_MAPPING
P021,10.1016/j.jallcom.2021.162765,P021_SERIES01,P021_MAT_FE50MN17p5CR12p5CO10NI5SI5,P021_MC_A1000_20M_77K_G41,P021_OBS_A1000_20M_77K_G41,P021_OBS_A1000_20M_77K_G41,Homogenization_T_K,1423.15,K,DIRECT_METHOD_OR_SCHEMA_UNIT_REPRESENTATION,"Methods pp.2-3 and Figs.2,4",Source methods; Celsius-to-Kelvin schema representation only,High_TRIP_High_for_TWIP_NA,VERIFIED,EXPERIMENTAL,https://doi.org/10.1016/j.jallcom.2021.162765,AUDIT_SCOPE_DEPENDENT,MASTER_FIELD_MAPPING
P021,10.1016/j.jallcom.2021.162765,P021_SERIES01,P021_MAT_FE50MN17p5CR12p5CO10NI5SI5,P021_MC_A1000_20M_77K_G41,P021_OBS_A1000_20M_77K_G41,P021_OBS_A1000_20M_77K_G41,Homogenization_time_h,24.0,h,DIRECT_METHOD_OR_SCHEMA_UNIT_REPRESENTATION,"Methods pp.2-3 and Figs.2,4",Source methods; Celsius-to-Kelvin schema representation only,High_TRIP_High_for_TWIP_NA,VERIFIED,EXPERIMENTAL,https://doi.org/10.1016/j.jallcom.2021.162765,AUDIT_SCOPE_DEPENDENT,MASTER_FIELD_MAPPING
P021,10.1016/j.jallcom.2021.162765,P021_SERIES01,P021_MAT_FE50MN17p5CR12p5CO10NI5SI5,P021_MC_A1000_20M_77K_G41,P021_OBS_A1000_20M_77K_G41,P021_OBS_A1000_20M_77K_G41,Hot_rolling_T_K,1373.15,K,DIRECT_METHOD_OR_SCHEMA_UNIT_REPRESENTATION,"Methods pp.2-3 and Figs.2,4",Source methods; Celsius-to-Kelvin schema representation only,High_TRIP_High_for_TWIP_NA,VERIFIED,EXPERIMENTAL,https://doi.org/10.1016/j.jallcom.2021.162765,AUDIT_SCOPE_DEPENDENT,MASTER_FIELD_MAPPING
P021,10.1016/j.jallcom.2021.162765,P021_SERIES01,P021_MAT_FE50MN17p5CR12p5CO10NI5SI5,P021_MC_A1000_20M_77K_G41,P021_OBS_A1000_20M_77K_G41,P021_OBS_A1000_20M_77K_G41,Cold_rolling_reduction_pct,30.0,%,DIRECT_METHOD_OR_SCHEMA_UNIT_REPRESENTATION,"Methods pp.2-3 and Figs.2,4",Source methods; Celsius-to-Kelvin schema representation only,High_TRIP_High_for_TWIP_NA,VERIFIED,EXPERIMENTAL,https://doi.org/10.1016/j.jallcom.2021.162765,AUDIT_SCOPE_DEPENDENT,MASTER_FIELD_MAPPING
P021,10.1016/j.jallcom.2021.162765,P021_SERIES01,P021_MAT_FE50MN17p5CR12p5CO10NI5SI5,P021_MC_A1000_20M_77K_G41,P021_OBS_A1000_20M_77K_G41,P021_OBS_A1000_20M_77K_G41,Annealing_T_K,1273.15,K,DIRECT_METHOD_OR_SCHEMA_UNIT_REPRESENTATION,"Methods pp.2-3 and Figs.2,4",Source methods; Celsius-to-Kelvin schema representation only,High_TRIP_High_for_TWIP_NA,VERIFIED,EXPERIMENTAL,https://doi.org/10.1016/j.jallcom.2021.162765,AUDIT_SCOPE_DEPENDENT,MASTER_FIELD_MAPPING
P021,10.1016/j.jallcom.2021.162765,P021_SERIES01,P021_MAT_FE50MN17p5CR12p5CO10NI5SI5,P021_MC_A1000_20M_77K_G41,P021_OBS_A1000_20M_77K_G41,P021_OBS_A1000_20M_77K_G41,Annealing_time_min,20.0,min,DIRECT_METHOD_OR_SCHEMA_UNIT_REPRESENTATION,"Methods pp.2-3 and Figs.2,4",Source methods; Celsius-to-Kelvin schema representation only,High_TRIP_High_for_TWIP_NA,VERIFIED,EXPERIMENTAL,https://doi.org/10.1016/j.jallcom.2021.162765,AUDIT_SCOPE_DEPENDENT,MASTER_FIELD_MAPPING
P021,10.1016/j.jallcom.2021.162765,P021_SERIES01,P021_MAT_FE50MN17p5CR12p5CO10NI5SI5,P021_MC_A1000_20M_77K_G41,P021_OBS_A1000_20M_77K_G41,P021_OBS_A1000_20M_77K_G41,Cooling_route,Water quench,as reported,DIRECT_METHOD_OR_SCHEMA_UNIT_REPRESENTATION,"Methods pp.2-3 and Figs.2,4",Source methods; Celsius-to-Kelvin schema representation only,High_TRIP_High_for_TWIP_NA,VERIFIED,EXPERIMENTAL,https://doi.org/10.1016/j.jallcom.2021.162765,AUDIT_SCOPE_DEPENDENT,MASTER_FIELD_MAPPING
P021,10.1016/j.jallcom.2021.162765,P021_SERIES01,P021_MAT_FE50MN17p5CR12p5CO10NI5SI5,P021_MC_A1000_20M_77K_G41,P021_OBS_A1000_20M_77K_G41,P021_OBS_A1000_20M_77K_G41,Test_T_K,77.0,K,DIRECT_METHOD_OR_SCHEMA_UNIT_REPRESENTATION,"Methods pp.2-3 and Figs.2,4",Source methods; Celsius-to-Kelvin schema representation only,High_TRIP_High_for_TWIP_NA,VERIFIED,EXPERIMENTAL,https://doi.org/10.1016/j.jallcom.2021.162765,AUDIT_SCOPE_DEPENDENT,MASTER_FIELD_MAPPING
P021,10.1016/j.jallcom.2021.162765,P021_SERIES01,P021_MAT_FE50MN17p5CR12p5CO10NI5SI5,P021_MC_A1000_20M_77K_G41,P021_OBS_A1000_20M_77K_G41,P021_OBS_A1000_20M_77K_G41,Strain_rate_s-1,0.001,s^-1,DIRECT_METHOD_OR_SCHEMA_UNIT_REPRESENTATION,"Methods pp.2-3 and Figs.2,4",Source methods; Celsius-to-Kelvin schema representation only,High_TRIP_High_for_TWIP_NA,VERIFIED,EXPERIMENTAL,https://doi.org/10.1016/j.jallcom.2021.162765,AUDIT_SCOPE_DEPENDENT,MASTER_FIELD_MAPPING
P021,10.1016/j.jallcom.2021.162765,P021_SERIES01,P021_MAT_FE50MN17p5CR12p5CO10NI5SI5,P021_MC_A1000_20M_77K_G41,P021_OBS_A1000_20M_77K_G41,P021_OBS_A1000_20M_77K_G41,Grain_size_um,40.9,um,DIRECT_PRETEST_MICROSTRUCTURE,"Results pp.3,6 and Figs.2,3,7","BSE, EBSD, XRD, and pre-test TEM interpretation",High_TRIP_High_for_TWIP_NA,VERIFIED,EXPERIMENTAL,https://doi.org/10.1016/j.jallcom.2021.162765,AUDIT_SCOPE_DEPENDENT,MASTER_FIELD_MAPPING
P021,10.1016/j.jallcom.2021.162765,P021_SERIES01,P021_MAT_FE50MN17p5CR12p5CO10NI5SI5,P021_MC_A1000_20M_77K_G41,P021_OBS_A1000_20M_77K_G41,P021_OBS_A1000_20M_77K_G41,Initial_FCC_fraction,UNRESOLVED_NA,fraction,DIRECT_PRETEST_MICROSTRUCTURE,"Results pp.3,6 and Figs.2,3,7","BSE, EBSD, XRD, and pre-test TEM interpretation",High_TRIP_High_for_TWIP_NA,VERIFIED_NA_EXACT_NUMERIC_FCC_FRACTION_NOT_REPORTED,EXPERIMENTAL,https://doi.org/10.1016/j.jallcom.2021.162765,AUDIT_SCOPE_DEPENDENT,MASTER_FIELD_MAPPING
P021,10.1016/j.jallcom.2021.162765,P021_SERIES01,P021_MAT_FE50MN17p5CR12p5CO10NI5SI5,P021_MC_A1000_20M_77K_G41,P021_OBS_A1000_20M_77K_G41,P021_OBS_A1000_20M_77K_G41,Initial_HCP_fraction,0.0,fraction,DIRECT_PRETEST_MICROSTRUCTURE,"Results pp.3,6 and Figs.2,3,7","BSE, EBSD, XRD, and pre-test TEM interpretation",High_TRIP_High_for_TWIP_NA,VERIFIED,EXPERIMENTAL,https://doi.org/10.1016/j.jallcom.2021.162765,AUDIT_SCOPE_DEPENDENT,MASTER_FIELD_MAPPING
P021,10.1016/j.jallcom.2021.162765,P021_SERIES01,P021_MAT_FE50MN17p5CR12p5CO10NI5SI5,P021_MC_A1000_20M_77K_G41,P021_OBS_A1000_20M_77K_G41,P021_OBS_A1000_20M_77K_G41,Initial_twin_boundary_status,Abundant annealing twins,as reported,DIRECT_PRETEST_MICROSTRUCTURE,"Results pp.3,6 and Figs.2,3,7","BSE, EBSD, XRD, and pre-test TEM interpretation",High_TRIP_High_for_TWIP_NA,VERIFIED,EXPERIMENTAL,https://doi.org/10.1016/j.jallcom.2021.162765,AUDIT_SCOPE_DEPENDENT,MASTER_FIELD_MAPPING
P021,10.1016/j.jallcom.2021.162765,P021_SERIES01,P021_MAT_FE50MN17p5CR12p5CO10NI5SI5,P021_MC_A1000_20M_77K_G41,P021_OBS_A1000_20M_77K_G41,P021_OBS_A1000_20M_77K_G41,SFE_mJ_m2,UNRESOLVED_NA,mJ/m2,AUTHOR_INFERENCE_OR_VERIFIED_GAP,Results pp.5-6 and whole-paper review,Source interpretation; no numeric conversion or cross-paper transfer,High_TRIP_High_for_TWIP_NA,VERIFIED_NA_NO_DIRECT_NUMERIC_ALLOY_SPECIFIC_SFE,EXPERIMENTAL,https://doi.org/10.1016/j.jallcom.2021.162765,NOT_SAFE_AS_DIRECT_NUMERIC_SFE,MASTER_FIELD_MAPPING
P021,10.1016/j.jallcom.2021.162765,P021_SERIES01,P021_MAT_FE50MN17p5CR12p5CO10NI5SI5,P021_MC_A1000_20M_77K_G41,P021_OBS_A1000_20M_77K_G41,P021_OBS_A1000_20M_77K_G41,SFE_method,UNRESOLVED_NA,as reported,AUTHOR_INFERENCE_OR_VERIFIED_GAP,Results pp.5-6 and whole-paper review,Source interpretation; no numeric conversion or cross-paper transfer,High_TRIP_High_for_TWIP_NA,VERIFIED_NA_NO_DIRECT_NUMERIC_ALLOY_SPECIFIC_SFE,EXPERIMENTAL,https://doi.org/10.1016/j.jallcom.2021.162765,NOT_SAFE_AS_DIRECT_NUMERIC_SFE,MASTER_FIELD_MAPPING
P021,10.1016/j.jallcom.2021.162765,P021_SERIES01,P021_MAT_FE50MN17p5CR12p5CO10NI5SI5,P021_MC_A1000_20M_77K_G41,P021_OBS_A1000_20M_77K_G41,P021_OBS_A1000_20M_77K_G41,DeltaG_FCC_HCP_J_mol,UNRESOLVED_NA,J/mol,AUTHOR_INFERENCE_OR_VERIFIED_GAP,Results pp.5-6 and whole-paper review,Source interpretation; no numeric conversion or cross-paper transfer,High_TRIP_High_for_TWIP_NA,VERIFIED_NA_NOT_REPORTED_NO_CROSS_PAPER_TRANSFER,EXPERIMENTAL,https://doi.org/10.1016/j.jallcom.2021.162765,NOT_SAFE_AS_DIRECT_NUMERIC_SFE,MASTER_FIELD_MAPPING
P021,10.1016/j.jallcom.2021.162765,P021_SERIES01,P021_MAT_FE50MN17p5CR12p5CO10NI5SI5,P021_MC_A1000_20M_77K_G41,P021_OBS_A1000_20M_77K_G41,P021_OBS_A1000_20M_77K_G41,DeltaG_method,UNRESOLVED_NA,as reported,AUTHOR_INFERENCE_OR_VERIFIED_GAP,Results pp.5-6 and whole-paper review,Source interpretation; no numeric conversion or cross-paper transfer,High_TRIP_High_for_TWIP_NA,VERIFIED_NA_NOT_REPORTED_NO_CROSS_PAPER_TRANSFER,EXPERIMENTAL,https://doi.org/10.1016/j.jallcom.2021.162765,NOT_SAFE_AS_DIRECT_NUMERIC_SFE,MASTER_FIELD_MAPPING
P021,10.1016/j.jallcom.2021.162765,P021_SERIES01,P021_MAT_FE50MN17p5CR12p5CO10NI5SI5,P021_MC_A1000_20M_77K_G41,P021_OBS_A1000_20M_77K_G41,P021_OBS_A1000_20M_77K_G41,Lattice_parameter_nm,0.358,nm,DIRECT_PRETEST_MICROSTRUCTURE,"Results pp.3,6 and Figs.2,3,7","BSE, EBSD, XRD, and pre-test TEM interpretation",High_TRIP_High_for_TWIP_NA,VERIFIED,EXPERIMENTAL,https://doi.org/10.1016/j.jallcom.2021.162765,AUDIT_SCOPE_DEPENDENT,MASTER_FIELD_MAPPING
P021,10.1016/j.jallcom.2021.162765,P021_SERIES01,P021_MAT_FE50MN17p5CR12p5CO10NI5SI5,P021_MC_A1000_20M_77K_G41,P021_OBS_A1000_20M_77K_G41,P021_OBS_A1000_20M_77K_G41,Slip,1,binary,CONDITION_LEVEL_TARGET_DECISION,"Methods pp.2-3; Fig.2; Fig.4; Results pp.3,6; Figs.2,3,7; Fig.4 inset tables p.4; Initial state remains FCC before tensile loading, with pre-generated stacking faults after 77 K immersion. Post-fracture HCP epsilon-martensite reaches 56.2% by EBSD and is confirmed by XRD/TEM. TWIP is not assigned because the paper does not provide sufficiently specific condition-level twin evidence for the 77 K condition.",Condition-specific EBSD/XRD/TEM evidence or conservative NA review,High_TRIP_High_for_TWIP_NA,VERIFIED,EXPERIMENTAL,https://doi.org/10.1016/j.jallcom.2021.162765,AUDIT_SCOPE_DEPENDENT,MASTER_FIELD_MAPPING
P021,10.1016/j.jallcom.2021.162765,P021_SERIES01,P021_MAT_FE50MN17p5CR12p5CO10NI5SI5,P021_MC_A1000_20M_77K_G41,P021_OBS_A1000_20M_77K_G41,P021_OBS_A1000_20M_77K_G41,HCP_fraction_at_condition,0.562,fraction,DIRECT_POST_TEST_TARGET_EVIDENCE,"Figs.5,6b,7b,7d pp.5-8","Condition-specific XRD, EBSD, and TEM/SAD",High_TRIP_High_for_TWIP_NA,VERIFIED,EXPERIMENTAL,https://doi.org/10.1016/j.jallcom.2021.162765,POST_TEST_TARGET_EVIDENCE,MASTER_FIELD_MAPPING
P021,10.1016/j.jallcom.2021.162765,P021_SERIES01,P021_MAT_FE50MN17p5CR12p5CO10NI5SI5,P021_MC_A1000_20M_77K_G41,P021_OBS_A1000_20M_77K_G41,P021_OBS_A1000_20M_77K_G41,HCP_lath_or_lamella_note,"EBSD HCP fraction 56.2%, excluding non-indexed regions. Cryogenic TEM shows extensive epsilon-HCP laths on two non-coplanar systems. The source does not provide sufficiently condition-wide direct evidence to assign TWIP=0 or 1 for the 77 K tensile condition.",as reported,DIRECT_POST_TEST_TARGET_EVIDENCE,"Figs.5,6b,7b,7d pp.5-8","Condition-specific XRD, EBSD, and TEM/SAD",High_TRIP_High_for_TWIP_NA,VERIFIED,EXPERIMENTAL,https://doi.org/10.1016/j.jallcom.2021.162765,POST_TEST_TARGET_EVIDENCE,MASTER_FIELD_MAPPING
P021,10.1016/j.jallcom.2021.162765,P021_SERIES01,P021_MAT_FE50MN17p5CR12p5CO10NI5SI5,P021_MC_A1000_20M_77K_G41,P021_OBS_A1000_20M_77K_G41,P021_OBS_A1000_20M_77K_G41,YS_MPa,540.0,MPa,DIRECT_AGGREGATE_TENSILE_OUTCOME,Fig.4 inset tables p.4,Average engineering tensile response from at least three specimens,High_TRIP_High_for_TWIP_NA,VERIFIED,EXPERIMENTAL,https://doi.org/10.1016/j.jallcom.2021.162765,MECHANICAL_OUTCOME_LEAKAGE,MASTER_FIELD_MAPPING
P021,10.1016/j.jallcom.2021.162765,P021_SERIES01,P021_MAT_FE50MN17p5CR12p5CO10NI5SI5,P021_MC_A1000_20M_77K_G41,P021_OBS_A1000_20M_77K_G41,P021_OBS_A1000_20M_77K_G41,UTS_MPa,1410.0,MPa,DIRECT_AGGREGATE_TENSILE_OUTCOME,Fig.4 inset tables p.4,Average engineering tensile response from at least three specimens,High_TRIP_High_for_TWIP_NA,VERIFIED,EXPERIMENTAL,https://doi.org/10.1016/j.jallcom.2021.162765,MECHANICAL_OUTCOME_LEAKAGE,MASTER_FIELD_MAPPING
P021,10.1016/j.jallcom.2021.162765,P021_SERIES01,P021_MAT_FE50MN17p5CR12p5CO10NI5SI5,P021_MC_A1000_20M_77K_G41,P021_OBS_A1000_20M_77K_G41,P021_OBS_A1000_20M_77K_G41,Elongation_pct,51.0,%,DIRECT_AGGREGATE_TENSILE_OUTCOME,Fig.4 inset tables p.4,Average engineering tensile response from at least three specimens,High_TRIP_High_for_TWIP_NA,VERIFIED,EXPERIMENTAL,https://doi.org/10.1016/j.jallcom.2021.162765,MECHANICAL_OUTCOME_LEAKAGE,MASTER_FIELD_MAPPING
P021,10.1016/j.jallcom.2021.162765,P021_SERIES01,P021_MAT_FE50MN17p5CR12p5CO10NI5SI5,P021_MC_A1000_20M_77K_G41,P021_OBS_A1000_20M_77K_G41,P021_OBS_A1000_20M_77K_G41,Evidence_TRIP,"Initial state remains FCC before tensile loading, with pre-generated stacking faults after 77 K immersion. Post-fracture HCP epsilon-martensite reaches 56.2% by EBSD and is confirmed by XRD/TEM. TWIP is not assigned because the paper does not provide sufficiently specific condition-level twin evidence for the 77 K condition.",as reported,CONDITION_LEVEL_TARGET_DECISION,"Methods pp.2-3; Fig.2; Fig.4; Results pp.3,6; Figs.2,3,7; Fig.4 inset tables p.4; Initial state remains FCC before tensile loading, with pre-generated stacking faults after 77 K immersion. Post-fracture HCP epsilon-martensite reaches 56.2% by EBSD and is confirmed by XRD/TEM. TWIP is not assigned because the paper does not provide sufficiently specific condition-level twin evidence for the 77 K condition.",Condition-specific EBSD/XRD/TEM evidence or conservative NA review,High_TRIP_High_for_TWIP_NA,VERIFIED,EXPERIMENTAL,https://doi.org/10.1016/j.jallcom.2021.162765,AUDIT_SCOPE_DEPENDENT,MASTER_FIELD_MAPPING
P021,10.1016/j.jallcom.2021.162765,P021_SERIES01,P021_MAT_FE50MN17p5CR12p5CO10NI5SI5,P021_MC_A1000_20M_77K_G41,P021_OBS_A1000_20M_77K_G41,P021_OBS_A1000_20M_77K_G41,Evidence_TWIP,Do not convert the paper's discussion of absent/reduced deformation twins into TWIP=0 because observation scope is not condition-wide and the RT specimen explicitly contains a few mechanical twins.,as reported,CONDITION_LEVEL_TARGET_DECISION,"Methods pp.2-3; Fig.2; Fig.4; Results pp.3,6; Figs.2,3,7; Fig.4 inset tables p.4; Initial state remains FCC before tensile loading, with pre-generated stacking faults after 77 K immersion. Post-fracture HCP epsilon-martensite reaches 56.2% by EBSD and is confirmed by XRD/TEM. TWIP is not assigned because the paper does not provide sufficiently specific condition-level twin evidence for the 77 K condition.",Condition-specific EBSD/XRD/TEM evidence or conservative NA review,High_TRIP_High_for_TWIP_NA,VERIFIED,EXPERIMENTAL,https://doi.org/10.1016/j.jallcom.2021.162765,AUDIT_SCOPE_DEPENDENT,MASTER_FIELD_MAPPING
P021,10.1016/j.jallcom.2021.162765,P021_SERIES01,P021_MAT_FE50MN17p5CR12p5CO10NI5SI5,P021_MC_A1000_20M_77K_G41,P021_OBS_A1000_20M_77K_G41,P021_OBS_A1000_20M_77K_G41,Characterization_methods,BSE; EBSD; XRD; TEM/SAD,as reported,VERIFIED_MASTER_FIELD_MAPPING,"Methods pp.2-3; Fig.2; Fig.4; Results pp.3,6; Figs.2,3,7; Fig.4 inset tables p.4; Initial state remains FCC before tensile loading, with pre-generated stacking faults after 77 K immersion. Post-fracture HCP epsilon-martensite reaches 56.2% by EBSD and is confirmed by XRD/TEM. TWIP is not assigned because the paper does not provide sufficiently specific condition-level twin evidence for the 77 K condition.",Verified workbook-to-master mapping,High_TRIP_High_for_TWIP_NA,VERIFIED,EXPERIMENTAL,https://doi.org/10.1016/j.jallcom.2021.162765,AUDIT_SCOPE_DEPENDENT,MASTER_FIELD_MAPPING
P021,10.1016/j.jallcom.2021.162765,P021_SERIES01,P021_MAT_FE50MN17p5CR12p5CO10NI5SI5,P021_MC_A1000_20M_77K_G41,P021_OBS_A1000_20M_77K_G41,P021_OBS_A1000_20M_77K_G41,Source_location,"Methods pp.2-3; Fig.2; Fig.4; Results pp.3,6; Figs.2,3,7; Fig.4 inset tables p.4; Initial state remains FCC before tensile loading, with pre-generated stacking faults after 77 K immersion. Post-fracture HCP epsilon-martensite reaches 56.2% by EBSD and is confirmed by XRD/TEM. TWIP is not assigned because the paper does not provide sufficiently specific condition-level twin evidence for the 77 K condition.",as reported,VERIFIED_MASTER_FIELD_MAPPING,"Methods pp.2-3; Fig.2; Fig.4; Results pp.3,6; Figs.2,3,7; Fig.4 inset tables p.4; Initial state remains FCC before tensile loading, with pre-generated stacking faults after 77 K immersion. Post-fracture HCP epsilon-martensite reaches 56.2% by EBSD and is confirmed by XRD/TEM. TWIP is not assigned because the paper does not provide sufficiently specific condition-level twin evidence for the 77 K condition.",Verified workbook-to-master mapping,High_TRIP_High_for_TWIP_NA,VERIFIED,EXPERIMENTAL,https://doi.org/10.1016/j.jallcom.2021.162765,AUDIT_SCOPE_DEPENDENT,MASTER_FIELD_MAPPING
P021,10.1016/j.jallcom.2021.162765,P021_SERIES01,P021_MAT_FE50MN17p5CR12p5CO10NI5SI5,P021_MC_A1000_20M_77K_G41,P021_OBS_A1000_20M_77K_G41,P021_OBS_A1000_20M_77K_G41,Label_confidence,High_TRIP_High_for_TWIP_NA,as reported,CONDITION_LEVEL_TARGET_DECISION,"Methods pp.2-3; Fig.2; Fig.4; Results pp.3,6; Figs.2,3,7; Fig.4 inset tables p.4; Initial state remains FCC before tensile loading, with pre-generated stacking faults after 77 K immersion. Post-fracture HCP epsilon-martensite reaches 56.2% by EBSD and is confirmed by XRD/TEM. TWIP is not assigned because the paper does not provide sufficiently specific condition-level twin evidence for the 77 K condition.",Condition-specific EBSD/XRD/TEM evidence or conservative NA review,High_TRIP_High_for_TWIP_NA,VERIFIED,EXPERIMENTAL,https://doi.org/10.1016/j.jallcom.2021.162765,AUDIT_SCOPE_DEPENDENT,MASTER_FIELD_MAPPING
P021,10.1016/j.jallcom.2021.162765,P021_SERIES01,P021_MAT_FE50MN17p5CR12p5CO10NI5SI5,P021_MC_A1000_20M_77K_G41,P021_OBS_A1000_20M_77K_G41,P021_OBS_A1000_20M_77K_G41,Parent_Experiment_ID,P021_MC_A1000_20M_77K_G41,as reported,HIERARCHY_INTEGRATION,P021_Conditions verified sheet,Source-defined condition hierarchy and aggregate replicate scope,High_TRIP_High_for_TWIP_NA,VERIFIED,EXPERIMENTAL,https://doi.org/10.1016/j.jallcom.2021.162765,AUDIT_SCOPE_DEPENDENT,MASTER_FIELD_MAPPING
P021,10.1016/j.jallcom.2021.162765,P021_SERIES01,P021_MAT_FE50MN17p5CR12p5CO10NI5SI5,P021_MC_A1000_20M_77K_G41,P021_OBS_A1000_20M_77K_G41,P021_OBS_A1000_20M_77K_G41,ML_Condition_ID,P021_MC_A1000_20M_77K_G41,as reported,HIERARCHY_INTEGRATION,P021_Conditions verified sheet,Source-defined condition hierarchy and aggregate replicate scope,High_TRIP_High_for_TWIP_NA,VERIFIED,EXPERIMENTAL,https://doi.org/10.1016/j.jallcom.2021.162765,AUDIT_SCOPE_DEPENDENT,MASTER_FIELD_MAPPING
P021,10.1016/j.jallcom.2021.162765,P021_SERIES01,P021_MAT_FE50MN17p5CR12p5CO10NI5SI5,P021_MC_A1000_20M_77K_G41,P021_OBS_A1000_20M_77K_G41,P021_OBS_A1000_20M_77K_G41,Observation_ID,P021_OBS_A1000_20M_77K_G41,as reported,HIERARCHY_INTEGRATION,P021_Conditions verified sheet,Source-defined condition hierarchy and aggregate replicate scope,High_TRIP_High_for_TWIP_NA,VERIFIED,EXPERIMENTAL,https://doi.org/10.1016/j.jallcom.2021.162765,AUDIT_SCOPE_DEPENDENT,MASTER_FIELD_MAPPING
P021,10.1016/j.jallcom.2021.162765,P021_SERIES01,P021_MAT_FE50MN17p5CR12p5CO10NI5SI5,P021_MC_A1000_20M_77K_G41,P021_OBS_A1000_20M_77K_G41,P021_OBS_A1000_20M_77K_G41,Data_Origin,EXPERIMENTAL,as reported,SOURCE_IDENTITY,Verified article identity / whole paper,Verified workbook and publisher DOI match,High_TRIP_High_for_TWIP_NA,VERIFIED,EXPERIMENTAL,https://doi.org/10.1016/j.jallcom.2021.162765,AUDIT_SCOPE_DEPENDENT,MASTER_FIELD_MAPPING
P021,10.1016/j.jallcom.2021.162765,P021_SERIES01,P021_MAT_FE50MN17p5CR12p5CO10NI5SI5,P021_MC_A1000_20M_77K_G41,P021_OBS_A1000_20M_77K_G41,P021_OBS_A1000_20M_77K_G41,Observation_Role,INDEPENDENT_CONDITION,as reported,HIERARCHY_INTEGRATION,P021_Conditions verified sheet,Source-defined condition hierarchy and aggregate replicate scope,High_TRIP_High_for_TWIP_NA,VERIFIED,EXPERIMENTAL,https://doi.org/10.1016/j.jallcom.2021.162765,AUDIT_SCOPE_DEPENDENT,MASTER_FIELD_MAPPING
P021,10.1016/j.jallcom.2021.162765,P021_SERIES01,P021_MAT_FE50MN17p5CR12p5CO10NI5SI5,P021_MC_A1000_20M_77K_G41,P021_OBS_A1000_20M_77K_G41,P021_OBS_A1000_20M_77K_G41,Grouping_Review_Required,False,as reported,HIERARCHY_INTEGRATION,P021_Conditions verified sheet,Source-defined condition hierarchy and aggregate replicate scope,High_TRIP_High_for_TWIP_NA,VERIFIED,EXPERIMENTAL,https://doi.org/10.1016/j.jallcom.2021.162765,AUDIT_SCOPE_DEPENDENT,MASTER_FIELD_MAPPING
P021,10.1016/j.jallcom.2021.162765,P021_SERIES01,P021_MAT_FE50MN17p5CR12p5CO10NI5SI5,P021_MC_A1000_20M_77K_G41,P021_OBS_A1000_20M_77K_G41,P021_OBS_A1000_20M_77K_G41,Grouping_Confidence,HIGH,as reported,HIERARCHY_INTEGRATION,P021_Conditions verified sheet,Source-defined condition hierarchy and aggregate replicate scope,High_TRIP_High_for_TWIP_NA,VERIFIED,EXPERIMENTAL,https://doi.org/10.1016/j.jallcom.2021.162765,AUDIT_SCOPE_DEPENDENT,MASTER_FIELD_MAPPING
P021,10.1016/j.jallcom.2021.162765,P021_SERIES01,P021_MAT_FE50MN17p5CR12p5CO10NI5SI5,P021_MC_A1000_20M_77K_G41,P021_OBS_A1000_20M_77K_G41,P021_OBS_A1000_20M_77K_G41,Grouping_Reason,Verified source-defined anneal/grain-size/test-temperature condition; five siblings remain in one strict study group,as reported,HIERARCHY_INTEGRATION,P021_Conditions verified sheet,Source-defined condition hierarchy and aggregate replicate scope,High_TRIP_High_for_TWIP_NA,VERIFIED,EXPERIMENTAL,https://doi.org/10.1016/j.jallcom.2021.162765,AUDIT_SCOPE_DEPENDENT,MASTER_FIELD_MAPPING
P021,10.1016/j.jallcom.2021.162765,P021_SERIES01,P021_MAT_FE50MN17p5CR12p5CO10NI5SI5,P021_MC_A1000_20M_77K_G41,P021_OBS_A1000_20M_77K_G41,P021_OBS_A1000_20M_77K_G41,Recovered_Initial_FCC_fraction,UNRESOLVED_NA,fraction,DIRECT_PRETEST_MICROSTRUCTURE,"Results pp.3,6 and Figs.2,3,7","BSE, EBSD, XRD, and pre-test TEM interpretation",High_TRIP_High_for_TWIP_NA,VERIFIED_NA_EXACT_NUMERIC_FCC_FRACTION_NOT_REPORTED,EXPERIMENTAL,https://doi.org/10.1016/j.jallcom.2021.162765,AUDIT_SCOPE_DEPENDENT,MASTER_FIELD_MAPPING
P021,10.1016/j.jallcom.2021.162765,P021_SERIES01,P021_MAT_FE50MN17p5CR12p5CO10NI5SI5,P021_MC_A1000_20M_77K_G41,P021_OBS_A1000_20M_77K_G41,P021_OBS_A1000_20M_77K_G41,Recovered_Initial_HCP_fraction,0.0,fraction,DIRECT_PRETEST_MICROSTRUCTURE,"Results pp.3,6 and Figs.2,3,7","BSE, EBSD, XRD, and pre-test TEM interpretation",High_TRIP_High_for_TWIP_NA,VERIFIED,EXPERIMENTAL,https://doi.org/10.1016/j.jallcom.2021.162765,AUDIT_SCOPE_DEPENDENT,MASTER_FIELD_MAPPING
P021,10.1016/j.jallcom.2021.162765,P021_SERIES01,P021_MAT_FE50MN17p5CR12p5CO10NI5SI5,P021_MC_A1000_20M_77K_G41,P021_OBS_A1000_20M_77K_G41,P021_OBS_A1000_20M_77K_G41,Recovered_TRIP,1,binary,CONDITION_LEVEL_TARGET_DECISION,"Methods pp.2-3; Fig.2; Fig.4; Results pp.3,6; Figs.2,3,7; Fig.4 inset tables p.4; Initial state remains FCC before tensile loading, with pre-generated stacking faults after 77 K immersion. Post-fracture HCP epsilon-martensite reaches 56.2% by EBSD and is confirmed by XRD/TEM. TWIP is not assigned because the paper does not provide sufficiently specific condition-level twin evidence for the 77 K condition.",Condition-specific EBSD/XRD/TEM evidence or conservative NA review,High_TRIP_High_for_TWIP_NA,VERIFIED,EXPERIMENTAL,https://doi.org/10.1016/j.jallcom.2021.162765,AUDIT_SCOPE_DEPENDENT,MASTER_FIELD_MAPPING
P021,10.1016/j.jallcom.2021.162765,P021_SERIES01,P021_MAT_FE50MN17p5CR12p5CO10NI5SI5,P021_MC_A1000_20M_77K_G41,P021_OBS_A1000_20M_77K_G41,P021_OBS_A1000_20M_77K_G41,Effective_TRIP,1,binary,CONDITION_LEVEL_TARGET_DECISION,"Methods pp.2-3; Fig.2; Fig.4; Results pp.3,6; Figs.2,3,7; Fig.4 inset tables p.4; Initial state remains FCC before tensile loading, with pre-generated stacking faults after 77 K immersion. Post-fracture HCP epsilon-martensite reaches 56.2% by EBSD and is confirmed by XRD/TEM. TWIP is not assigned because the paper does not provide sufficiently specific condition-level twin evidence for the 77 K condition.",Condition-specific EBSD/XRD/TEM evidence or conservative NA review,High_TRIP_High_for_TWIP_NA,VERIFIED,EXPERIMENTAL,https://doi.org/10.1016/j.jallcom.2021.162765,AUDIT_SCOPE_DEPENDENT,MASTER_FIELD_MAPPING
P021,10.1016/j.jallcom.2021.162765,P021_SERIES01,P021_MAT_FE50MN17p5CR12p5CO10NI5SI5,P021_MC_A1000_20M_77K_G41,P021_OBS_A1000_20M_77K_G41,P021_OBS_A1000_20M_77K_G41,Effective_TWIP,UNRESOLVED_NA,binary,CONDITION_LEVEL_TARGET_DECISION,"Methods pp.2-3; Fig.2; Fig.4; Results pp.3,6; Figs.2,3,7; Fig.4 inset tables p.4; Initial state remains FCC before tensile loading, with pre-generated stacking faults after 77 K immersion. Post-fracture HCP epsilon-martensite reaches 56.2% by EBSD and is confirmed by XRD/TEM. TWIP is not assigned because the paper does not provide sufficiently specific condition-level twin evidence for the 77 K condition.",Condition-specific EBSD/XRD/TEM evidence or conservative NA review,High_TRIP_High_for_TWIP_NA,VERIFIED_NA_INSUFFICIENT_CONDITION_LEVEL_TARGET_EVIDENCE,EXPERIMENTAL,https://doi.org/10.1016/j.jallcom.2021.162765,AUDIT_SCOPE_DEPENDENT,MASTER_FIELD_MAPPING
P021,10.1016/j.jallcom.2021.162765,P021_SERIES01,P021_MAT_FE50MN17p5CR12p5CO10NI5SI5,P021_MC_A1000_20M_77K_G41,P021_OBS_A1000_20M_77K_G41,P021_OBS_A1000_20M_77K_G41,Study_Series_ID,P021_SERIES01,as reported,HIERARCHY_INTEGRATION,P021_Conditions verified sheet,Source-defined condition hierarchy and aggregate replicate scope,High_TRIP_High_for_TWIP_NA,VERIFIED,EXPERIMENTAL,https://doi.org/10.1016/j.jallcom.2021.162765,AUDIT_SCOPE_DEPENDENT,MASTER_FIELD_MAPPING
P021,10.1016/j.jallcom.2021.162765,P021_SERIES01,P021_MAT_FE50MN17p5CR12p5CO10NI5SI5,P021_MC_A1000_20M_77K_G41,P021_OBS_A1000_20M_77K_G41,P021_OBS_A1000_20M_77K_G41,Material_Parent_ID,P021_MAT_FE50MN17p5CR12p5CO10NI5SI5,as reported,HIERARCHY_INTEGRATION,P021_Conditions verified sheet,Source-defined condition hierarchy and aggregate replicate scope,High_TRIP_High_for_TWIP_NA,VERIFIED,EXPERIMENTAL,https://doi.org/10.1016/j.jallcom.2021.162765,AUDIT_SCOPE_DEPENDENT,MASTER_FIELD_MAPPING
P021,10.1016/j.jallcom.2021.162765,P021_SERIES01,P021_MAT_FE50MN17p5CR12p5CO10NI5SI5,P021_MC_A1000_20M_77K_G41,P021_OBS_A1000_20M_77K_G41,P021_OBS_A1000_20M_77K_G41,Physical_Batch_ID,UNRESOLVED_NA,as reported,HIERARCHY_INTEGRATION,P021_Conditions verified sheet,Source-defined condition hierarchy and aggregate replicate scope,High_TRIP_High_for_TWIP_NA,VERIFIED_NA_NOT_SOURCE_SUPPORTED,EXPERIMENTAL,https://doi.org/10.1016/j.jallcom.2021.162765,AUDIT_SCOPE_DEPENDENT,MASTER_FIELD_MAPPING
P021,10.1016/j.jallcom.2021.162765,P021_SERIES01,P021_MAT_FE50MN17p5CR12p5CO10NI5SI5,P021_MC_A1000_20M_77K_G41,P021_OBS_A1000_20M_77K_G41,P021_OBS_A1000_20M_77K_G41,Replicate_ID,UNRESOLVED_NA,as reported,HIERARCHY_INTEGRATION,P021_Conditions verified sheet,Source-defined condition hierarchy and aggregate replicate scope,High_TRIP_High_for_TWIP_NA,VERIFIED_NA_NOT_SOURCE_SUPPORTED,EXPERIMENTAL,https://doi.org/10.1016/j.jallcom.2021.162765,AUDIT_SCOPE_DEPENDENT,MASTER_FIELD_MAPPING
P021,10.1016/j.jallcom.2021.162765,P021_SERIES01,P021_MAT_FE50MN17p5CR12p5CO10NI5SI5,P021_MC_A1000_20M_77K_G41,P021_OBS_A1000_20M_77K_G41,P021_OBS_A1000_20M_77K_G41,Leakage_Group_Strict,P021_SERIES01,as reported,HIERARCHY_INTEGRATION,P021_Conditions verified sheet,Source-defined condition hierarchy and aggregate replicate scope,High_TRIP_High_for_TWIP_NA,VERIFIED,EXPERIMENTAL,https://doi.org/10.1016/j.jallcom.2021.162765,AUDIT_SCOPE_DEPENDENT,MASTER_FIELD_MAPPING
P021,10.1016/j.jallcom.2021.162765,P021_SERIES01,P021_MAT_FE50MN17p5CR12p5CO10NI5SI5,P021_MC_A1000_20M_77K_G41,P021_OBS_A1000_20M_77K_G41,P021_OBS_A1000_20M_77K_G41,Leakage_Group_Material,P021_MAT_FE50MN17p5CR12p5CO10NI5SI5,as reported,HIERARCHY_INTEGRATION,P021_Conditions verified sheet,Source-defined condition hierarchy and aggregate replicate scope,High_TRIP_High_for_TWIP_NA,VERIFIED,EXPERIMENTAL,https://doi.org/10.1016/j.jallcom.2021.162765,AUDIT_SCOPE_DEPENDENT,MASTER_FIELD_MAPPING
P021,10.1016/j.jallcom.2021.162765,P021_SERIES01,P021_MAT_FE50MN17p5CR12p5CO10NI5SI5,P021_MC_A1000_20M_77K_G41,P021_OBS_A1000_20M_77K_G41,P021_OBS_A1000_20M_77K_G41,Parent_ML_Condition_ID,P021_MC_A1000_20M_77K_G41,as reported,HIERARCHY_INTEGRATION,P021_Conditions verified sheet,Source-defined condition hierarchy and aggregate replicate scope,High_TRIP_High_for_TWIP_NA,VERIFIED,EXPERIMENTAL,https://doi.org/10.1016/j.jallcom.2021.162765,AUDIT_SCOPE_DEPENDENT,MASTER_FIELD_MAPPING
P021,10.1016/j.jallcom.2021.162765,P021_SERIES01,P021_MAT_FE50MN17p5CR12p5CO10NI5SI5,P021_MC_A1000_20M_77K_G41,P021_OBS_A1000_20M_77K_G41,P021_OBS_A1000_20M_77K_G41,YS_mean,540.0,MPa,DIRECT_AGGREGATE_TENSILE_OUTCOME,Fig.4 inset tables p.4,Average engineering tensile response from at least three specimens,High_TRIP_High_for_TWIP_NA,VERIFIED,EXPERIMENTAL,https://doi.org/10.1016/j.jallcom.2021.162765,MECHANICAL_OUTCOME_LEAKAGE,MASTER_FIELD_MAPPING
P021,10.1016/j.jallcom.2021.162765,P021_SERIES01,P021_MAT_FE50MN17p5CR12p5CO10NI5SI5,P021_MC_A1000_20M_77K_G41,P021_OBS_A1000_20M_77K_G41,P021_OBS_A1000_20M_77K_G41,UTS_mean,1410.0,MPa,DIRECT_AGGREGATE_TENSILE_OUTCOME,Fig.4 inset tables p.4,Average engineering tensile response from at least three specimens,High_TRIP_High_for_TWIP_NA,VERIFIED,EXPERIMENTAL,https://doi.org/10.1016/j.jallcom.2021.162765,MECHANICAL_OUTCOME_LEAKAGE,MASTER_FIELD_MAPPING
P021,10.1016/j.jallcom.2021.162765,P021_SERIES01,P021_MAT_FE50MN17p5CR12p5CO10NI5SI5,P021_MC_A1000_20M_77K_G41,P021_OBS_A1000_20M_77K_G41,P021_OBS_A1000_20M_77K_G41,TE_mean,51.0,%,DIRECT_AGGREGATE_TENSILE_OUTCOME,Fig.4 inset tables p.4,Average engineering tensile response from at least three specimens,High_TRIP_High_for_TWIP_NA,VERIFIED,EXPERIMENTAL,https://doi.org/10.1016/j.jallcom.2021.162765,MECHANICAL_OUTCOME_LEAKAGE,MASTER_FIELD_MAPPING
P021,10.1016/j.jallcom.2021.162765,P021_SERIES01,P021_MAT_FE50MN17p5CR12p5CO10NI5SI5,P021_MC_A1000_20M_77K_G41,P021_OBS_A1000_20M_77K_G41,P021_OBS_A1000_20M_77K_G41,Replicate_n,3,minimum count,HIERARCHY_INTEGRATION,P021_Conditions verified sheet,Source-defined condition hierarchy and aggregate replicate scope,High_TRIP_High_for_TWIP_NA,VERIFIED,EXPERIMENTAL,https://doi.org/10.1016/j.jallcom.2021.162765,AUDIT_SCOPE_DEPENDENT,MASTER_FIELD_MAPPING
P021,10.1016/j.jallcom.2021.162765,P021_SERIES01,P021_MAT_FE50MN17p5CR12p5CO10NI5SI5,P021_MC_A1000_20M_77K_G41,P021_OBS_A1000_20M_77K_G41,P021_OBS_A1000_20M_77K_G41,Recovered_Bulk_Composition_at_pct,UNRESOLVED_NA,as reported,DIRECT_NOMINAL_TEXT_OR_VERIFIED_NA,"Abstract, Methods, and Fig.1",Nominal alloy design; EDS/BSE qualitative homogeneity review,High_TRIP_High_for_TWIP_NA,VERIFIED_NA_NO_QUANTITATIVE_POSTMELT_BULK_ANALYSIS,EXPERIMENTAL,https://doi.org/10.1016/j.jallcom.2021.162765,AUDIT_SCOPE_DEPENDENT,MASTER_FIELD_MAPPING
P021,10.1016/j.jallcom.2021.162765,P021_SERIES01,P021_MAT_FE50MN17p5CR12p5CO10NI5SI5,P021_MC_A1000_20M_77K_G41,P021_OBS_A1000_20M_77K_G41,P021_OBS_A1000_20M_77K_G41,Recovered_Initial_HCP_status,DIRECT_PRETEST_PHASE_ABSENCE,as reported,DIRECT_PRETEST_MICROSTRUCTURE,"Results pp.3,6 and Figs.2,3,7","BSE, EBSD, XRD, and pre-test TEM interpretation",High_TRIP_High_for_TWIP_NA,VERIFIED,EXPERIMENTAL,https://doi.org/10.1016/j.jallcom.2021.162765,AUDIT_SCOPE_DEPENDENT,MASTER_FIELD_MAPPING
P021,10.1016/j.jallcom.2021.162765,P021_SERIES01,P021_MAT_FE50MN17p5CR12p5CO10NI5SI5,P021_MC_A1000_20M_77K_G41,P021_OBS_A1000_20M_77K_G41,P021_OBS_A1000_20M_77K_G41,Independent_ML_sample,True,as reported,HIERARCHY_INTEGRATION,P021_Conditions verified sheet,Source-defined condition hierarchy and aggregate replicate scope,High_TRIP_High_for_TWIP_NA,VERIFIED,EXPERIMENTAL,https://doi.org/10.1016/j.jallcom.2021.162765,AUDIT_SCOPE_DEPENDENT,MASTER_FIELD_MAPPING
P021,10.1016/j.jallcom.2021.162765,P021_SERIES01,P021_MAT_FE50MN17p5CR12p5CO10NI5SI5,P021_MC_A1000_20M_77K_G41,P021_OBS_A1000_20M_77K_G41,P021_OBS_A1000_20M_77K_G41,Nominal_Composition_at_pct,Fe50Mn17.5Cr12.5Co10Ni5Si5,as reported,DIRECT_NOMINAL_TEXT_OR_VERIFIED_NA,"Abstract, Methods, and Fig.1",Nominal alloy design; EDS/BSE qualitative homogeneity review,High_TRIP_High_for_TWIP_NA,VERIFIED,EXPERIMENTAL,https://doi.org/10.1016/j.jallcom.2021.162765,AUDIT_SCOPE_DEPENDENT,MASTER_FIELD_MAPPING
P021,10.1016/j.jallcom.2021.162765,P021_SERIES01,P021_MAT_FE50MN17p5CR12p5CO10NI5SI5,P021_MC_A1000_20M_77K_G41,P021_OBS_A1000_20M_77K_G41,P021_OBS_A1000_20M_77K_G41,Measured_Composition_Status,NO_QUANTITATIVE_POSTMELT_BULK_ANALYSIS,as reported,DIRECT_NOMINAL_TEXT_OR_VERIFIED_NA,"Abstract, Methods, and Fig.1",Nominal alloy design; EDS/BSE qualitative homogeneity review,High_TRIP_High_for_TWIP_NA,VERIFIED,EXPERIMENTAL,https://doi.org/10.1016/j.jallcom.2021.162765,AUDIT_SCOPE_DEPENDENT,MASTER_FIELD_MAPPING
P021,10.1016/j.jallcom.2021.162765,P021_SERIES01,P021_MAT_FE50MN17p5CR12p5CO10NI5SI5,P021_MC_A1000_20M_77K_G41,P021_OBS_A1000_20M_77K_G41,P021_OBS_A1000_20M_77K_G41,Initial_Phase_State_Qualitative,SINGLE_FCC,as reported,DIRECT_PRETEST_MICROSTRUCTURE,"Results pp.3,6 and Figs.2,3,7","BSE, EBSD, XRD, and pre-test TEM interpretation",High_TRIP_High_for_TWIP_NA,VERIFIED,EXPERIMENTAL,https://doi.org/10.1016/j.jallcom.2021.162765,AUDIT_SCOPE_DEPENDENT,MASTER_FIELD_MAPPING
P021,10.1016/j.jallcom.2021.162765,P021_SERIES01,P021_MAT_FE50MN17p5CR12p5CO10NI5SI5,P021_MC_A1000_20M_77K_G41,P021_OBS_A1000_20M_77K_G41,P021_OBS_A1000_20M_77K_G41,Initial_Phase_Status,FULLY_RECRYSTALLIZED_SINGLE_FCC_BEFORE_TENSILE_LOADING,as reported,DIRECT_PRETEST_MICROSTRUCTURE,"Results pp.3,6 and Figs.2,3,7","BSE, EBSD, XRD, and pre-test TEM interpretation",High_TRIP_High_for_TWIP_NA,VERIFIED,EXPERIMENTAL,https://doi.org/10.1016/j.jallcom.2021.162765,AUDIT_SCOPE_DEPENDENT,MASTER_FIELD_MAPPING
P021,10.1016/j.jallcom.2021.162765,P021_SERIES01,P021_MAT_FE50MN17p5CR12p5CO10NI5SI5,P021_MC_A1000_20M_77K_G41,P021_OBS_A1000_20M_77K_G41,P021_OBS_A1000_20M_77K_G41,Initial_Twin_Type,ANNEALING_TWINS,as reported,DIRECT_PRETEST_MICROSTRUCTURE,"Results pp.3,6 and Figs.2,3,7","BSE, EBSD, XRD, and pre-test TEM interpretation",High_TRIP_High_for_TWIP_NA,VERIFIED,EXPERIMENTAL,https://doi.org/10.1016/j.jallcom.2021.162765,AUDIT_SCOPE_DEPENDENT,MASTER_FIELD_MAPPING
P021,10.1016/j.jallcom.2021.162765,P021_SERIES01,P021_MAT_FE50MN17p5CR12p5CO10NI5SI5,P021_MC_A1000_20M_77K_G41,P021_OBS_A1000_20M_77K_G41,P021_OBS_A1000_20M_77K_G41,Measured_Composition_at_pct,UNRESOLVED_NA,as reported,DIRECT_NOMINAL_TEXT_OR_VERIFIED_NA,"Abstract, Methods, and Fig.1",Nominal alloy design; EDS/BSE qualitative homogeneity review,High_TRIP_High_for_TWIP_NA,VERIFIED_NA_NO_QUANTITATIVE_POSTMELT_BULK_ANALYSIS,EXPERIMENTAL,https://doi.org/10.1016/j.jallcom.2021.162765,AUDIT_SCOPE_DEPENDENT,MASTER_FIELD_MAPPING
P021,10.1016/j.jallcom.2021.162765,P021_SERIES01,P021_MAT_FE50MN17p5CR12p5CO10NI5SI5,P021_MC_A1000_20M_77K_G41,P021_OBS_A1000_20M_77K_G41,P021_OBS_A1000_20M_77K_G41,Loading_Direction,Longitudinal / rolling direction,as reported,DIRECT_METHOD_OR_SCHEMA_UNIT_REPRESENTATION,"Methods pp.2-3 and Figs.2,4",Source methods; Celsius-to-Kelvin schema representation only,High_TRIP_High_for_TWIP_NA,VERIFIED,EXPERIMENTAL,https://doi.org/10.1016/j.jallcom.2021.162765,AUDIT_SCOPE_DEPENDENT,MASTER_FIELD_MAPPING
P021,10.1016/j.jallcom.2021.162765,P021_SERIES01,P021_MAT_FE50MN17p5CR12p5CO10NI5SI5,P021_MC_A1000_20M_77K_G41,P021_OBS_A1000_20M_77K_G41,P021_OBS_A1000_20M_77K_G41,Test_T_Raw,liquid nitrogen / 77 K,as reported,DIRECT_METHOD_OR_SCHEMA_UNIT_REPRESENTATION,"Methods pp.2-3 and Figs.2,4",Source methods; Celsius-to-Kelvin schema representation only,High_TRIP_High_for_TWIP_NA,VERIFIED,EXPERIMENTAL,https://doi.org/10.1016/j.jallcom.2021.162765,AUDIT_SCOPE_DEPENDENT,MASTER_FIELD_MAPPING
P021,10.1016/j.jallcom.2021.162765,P021_SERIES01,P021_MAT_FE50MN17p5CR12p5CO10NI5SI5,P021_MC_A1000_20M_77K_G41,P021_OBS_A1000_20M_77K_G41,P021_OBS_A1000_20M_77K_G41,Composition_Status,NOMINAL_ONLY_EDS_QUALITATIVE_HOMOGENEITY_NO_QUANTITATIVE_POSTMELT_BULK_ANALYSIS,as reported,DIRECT_NOMINAL_TEXT_OR_VERIFIED_NA,"Abstract, Methods, and Fig.1",Nominal alloy design; EDS/BSE qualitative homogeneity review,High_TRIP_High_for_TWIP_NA,VERIFIED,EXPERIMENTAL,https://doi.org/10.1016/j.jallcom.2021.162765,AUDIT_SCOPE_DEPENDENT,MASTER_FIELD_MAPPING
P021,10.1016/j.jallcom.2021.162765,P021_SERIES01,P021_MAT_FE50MN17p5CR12p5CO10NI5SI5,P021_MC_A1000_20M_77K_G41,P021_OBS_A1000_20M_77K_G41,P021_OBS_A1000_20M_77K_G41,Grain_Size_Scope,MATRIX_GRAINS_EXCLUDING_ANNEALING_TWIN_BOUNDARIES,as reported,DIRECT_PRETEST_MICROSTRUCTURE,"Results pp.3,6 and Figs.2,3,7","BSE, EBSD, XRD, and pre-test TEM interpretation",High_TRIP_High_for_TWIP_NA,VERIFIED,EXPERIMENTAL,https://doi.org/10.1016/j.jallcom.2021.162765,AUDIT_SCOPE_DEPENDENT,MASTER_FIELD_MAPPING
P021,10.1016/j.jallcom.2021.162765,P021_SERIES01,P021_MAT_FE50MN17p5CR12p5CO10NI5SI5,P021_MC_A1000_20M_77K_G41,P021_OBS_A1000_20M_77K_G41,P021_OBS_A1000_20M_77K_G41,Initial_HCP_Status,DIRECT_PRETEST_PHASE_ABSENCE,as reported,DIRECT_PRETEST_MICROSTRUCTURE,"Results pp.3,6 and Figs.2,3,7","BSE, EBSD, XRD, and pre-test TEM interpretation",High_TRIP_High_for_TWIP_NA,VERIFIED,EXPERIMENTAL,https://doi.org/10.1016/j.jallcom.2021.162765,AUDIT_SCOPE_DEPENDENT,MASTER_FIELD_MAPPING
P021,10.1016/j.jallcom.2021.162765,P021_SERIES01,P021_MAT_FE50MN17p5CR12p5CO10NI5SI5,P021_MC_A1000_20M_77K_G41,P021_OBS_A1000_20M_77K_G41,P021_OBS_A1000_20M_77K_G41,Initial_HCP_Origin,ABSENT_BEFORE_TENSILE_LOADING,as reported,DIRECT_PRETEST_MICROSTRUCTURE,"Results pp.3,6 and Figs.2,3,7","BSE, EBSD, XRD, and pre-test TEM interpretation",High_TRIP_High_for_TWIP_NA,VERIFIED,EXPERIMENTAL,https://doi.org/10.1016/j.jallcom.2021.162765,AUDIT_SCOPE_DEPENDENT,MASTER_FIELD_MAPPING
P021,10.1016/j.jallcom.2021.162765,P021_SERIES01,P021_MAT_FE50MN17p5CR12p5CO10NI5SI5,P021_MC_A1000_20M_77K_G41,P021_OBS_A1000_20M_77K_G41,P021_OBS_A1000_20M_77K_G41,HCP_fraction_status,POST_TEST_TARGET_EVIDENCE_EBSD_INDEXED_PIXELS_ONLY,as reported,DIRECT_POST_TEST_TARGET_EVIDENCE,"Figs.5,6b,7b,7d pp.5-8","Condition-specific XRD, EBSD, and TEM/SAD",High_TRIP_High_for_TWIP_NA,VERIFIED,EXPERIMENTAL,https://doi.org/10.1016/j.jallcom.2021.162765,POST_TEST_TARGET_EVIDENCE,MASTER_FIELD_MAPPING
P021,10.1016/j.jallcom.2021.162765,P021_SERIES01,P021_MAT_FE50MN17p5CR12p5CO10NI5SI5,P021_MC_A1000_20M_77K_G41,P021_OBS_A1000_20M_77K_G41,P021_OBS_A1000_20M_77K_G41,Recrystallized_Status,FULLY_RECRYSTALLIZED_QUALITATIVE,as reported,DIRECT_PRETEST_MICROSTRUCTURE,"Results pp.3,6 and Figs.2,3,7","BSE, EBSD, XRD, and pre-test TEM interpretation",High_TRIP_High_for_TWIP_NA,VERIFIED,EXPERIMENTAL,https://doi.org/10.1016/j.jallcom.2021.162765,AUDIT_SCOPE_DEPENDENT,MASTER_FIELD_MAPPING
P021,10.1016/j.jallcom.2021.162765,P021_SERIES01,P021_MAT_FE50MN17p5CR12p5CO10NI5SI5,P021_MC_A1000_20M_77K_G41,P021_OBS_A1000_20M_77K_G41,P021_OBS_A1000_20M_77K_G41,Initial_Twin_Origin,ANNEALING_PRETEST,as reported,DIRECT_PRETEST_MICROSTRUCTURE,"Results pp.3,6 and Figs.2,3,7","BSE, EBSD, XRD, and pre-test TEM interpretation",High_TRIP_High_for_TWIP_NA,VERIFIED,EXPERIMENTAL,https://doi.org/10.1016/j.jallcom.2021.162765,AUDIT_SCOPE_DEPENDENT,MASTER_FIELD_MAPPING
P021,10.1016/j.jallcom.2021.162765,P021_SERIES01,P021_MAT_FE50MN17p5CR12p5CO10NI5SI5,P021_MC_A1000_20M_77K_G41,P021_OBS_A1000_20M_77K_G41,P021_OBS_A1000_20M_77K_G41,Raw_Material_Purity,>99.9%,as reported,DIRECT_METHOD_OR_SCHEMA_UNIT_REPRESENTATION,"Methods pp.2-3 and Figs.2,4",Source methods; Celsius-to-Kelvin schema representation only,High_TRIP_High_for_TWIP_NA,VERIFIED,EXPERIMENTAL,https://doi.org/10.1016/j.jallcom.2021.162765,AUDIT_SCOPE_DEPENDENT,MASTER_FIELD_MAPPING
P021,10.1016/j.jallcom.2021.162765,P021_SERIES01,P021_MAT_FE50MN17p5CR12p5CO10NI5SI5,P021_MC_A1000_20M_77K_G41,P021_OBS_A1000_20M_77K_G41,P021_OBS_A1000_20M_77K_G41,Grain_Size_Status,DIRECT_EBSD_BSE_TWIN_BOUNDARIES_EXCLUDED,as reported,DIRECT_PRETEST_MICROSTRUCTURE,"Results pp.3,6 and Figs.2,3,7","BSE, EBSD, XRD, and pre-test TEM interpretation",High_TRIP_High_for_TWIP_NA,VERIFIED,EXPERIMENTAL,https://doi.org/10.1016/j.jallcom.2021.162765,AUDIT_SCOPE_DEPENDENT,MASTER_FIELD_MAPPING
P021,10.1016/j.jallcom.2021.162765,P021_SERIES01,P021_MAT_FE50MN17p5CR12p5CO10NI5SI5,P021_MC_A1000_20M_77K_G41,P021_OBS_A1000_20M_77K_G41,P021_OBS_A1000_20M_77K_G41,Engineering_YS_MPa,540.0,MPa,DIRECT_AGGREGATE_TENSILE_OUTCOME,Fig.4 inset tables p.4,Average engineering tensile response from at least three specimens,High_TRIP_High_for_TWIP_NA,VERIFIED,EXPERIMENTAL,https://doi.org/10.1016/j.jallcom.2021.162765,MECHANICAL_OUTCOME_LEAKAGE,MASTER_FIELD_MAPPING
P021,10.1016/j.jallcom.2021.162765,P021_SERIES01,P021_MAT_FE50MN17p5CR12p5CO10NI5SI5,P021_MC_A1000_20M_77K_G41,P021_OBS_A1000_20M_77K_G41,P021_OBS_A1000_20M_77K_G41,Engineering_UTS_MPa,1410.0,MPa,DIRECT_AGGREGATE_TENSILE_OUTCOME,Fig.4 inset tables p.4,Average engineering tensile response from at least three specimens,High_TRIP_High_for_TWIP_NA,VERIFIED,EXPERIMENTAL,https://doi.org/10.1016/j.jallcom.2021.162765,MECHANICAL_OUTCOME_LEAKAGE,MASTER_FIELD_MAPPING
P021,10.1016/j.jallcom.2021.162765,P021_SERIES01,P021_MAT_FE50MN17p5CR12p5CO10NI5SI5,P021_MC_A1000_20M_77K_G41,P021_OBS_A1000_20M_77K_G41,P021_OBS_A1000_20M_77K_G41,Engineering_Elongation_pct,51.0,%,DIRECT_AGGREGATE_TENSILE_OUTCOME,Fig.4 inset tables p.4,Average engineering tensile response from at least three specimens,High_TRIP_High_for_TWIP_NA,VERIFIED,EXPERIMENTAL,https://doi.org/10.1016/j.jallcom.2021.162765,MECHANICAL_OUTCOME_LEAKAGE,MASTER_FIELD_MAPPING
P021,10.1016/j.jallcom.2021.162765,P021_SERIES01,P021_MAT_FE50MN17p5CR12p5CO10NI5SI5,P021_MC_A1000_20M_77K_G41,P021_OBS_A1000_20M_77K_G41,P021_OBS_A1000_20M_77K_G41,Postfracture_Phase_State,FCC_PLUS_EPSILON_HCP_AFTER_TENSILE_FRACTURE,as reported,DIRECT_POST_TEST_TARGET_EVIDENCE,"Figs.5,6b,7b,7d pp.5-8","Condition-specific XRD, EBSD, and TEM/SAD",High_TRIP_High_for_TWIP_NA,VERIFIED,EXPERIMENTAL,https://doi.org/10.1016/j.jallcom.2021.162765,POST_TEST_TARGET_EVIDENCE,MASTER_FIELD_MAPPING
P021,10.1016/j.jallcom.2021.162765,P021_SERIES01,P021_MAT_FE50MN17p5CR12p5CO10NI5SI5,P021_MC_A1000_20M_77K_G41,P021_OBS_A1000_20M_77K_G41,P021_OBS_A1000_20M_77K_G41,Postfracture_HCP_fraction,0.562,fraction,DIRECT_POST_TEST_TARGET_EVIDENCE,"Figs.5,6b,7b,7d pp.5-8","Condition-specific XRD, EBSD, and TEM/SAD",High_TRIP_High_for_TWIP_NA,VERIFIED,EXPERIMENTAL,https://doi.org/10.1016/j.jallcom.2021.162765,POST_TEST_TARGET_EVIDENCE,MASTER_FIELD_MAPPING
P021,10.1016/j.jallcom.2021.162765,P021_SERIES01,P021_MAT_FE50MN17p5CR12p5CO10NI5SI5,P021_MC_A1000_20M_77K_G41,P021_OBS_A1000_20M_77K_G41,P021_OBS_A1000_20M_77K_G41,Postfracture_HCP_fraction_Status,DIRECT_EBSD_EXCLUDES_NON_INDEXED_REGIONS,as reported,DIRECT_POST_TEST_TARGET_EVIDENCE,"Figs.5,6b,7b,7d pp.5-8","Condition-specific XRD, EBSD, and TEM/SAD",High_TRIP_High_for_TWIP_NA,VERIFIED,EXPERIMENTAL,https://doi.org/10.1016/j.jallcom.2021.162765,POST_TEST_TARGET_EVIDENCE,MASTER_FIELD_MAPPING
P021,10.1016/j.jallcom.2021.162765,P021_SERIES01,P021_MAT_FE50MN17p5CR12p5CO10NI5SI5,P021_MC_A1000_20M_77K_G41,P021_OBS_A1000_20M_77K_G41,P021_OBS_A1000_20M_77K_G41,SFE_Value_Status,NO_DIRECT_NUMERIC_ALLOY_SPECIFIC_SFE,as reported,AUTHOR_INFERENCE_OR_VERIFIED_GAP,Results pp.5-6 and whole-paper review,Source interpretation; no numeric conversion or cross-paper transfer,High_TRIP_High_for_TWIP_NA,VERIFIED,EXPERIMENTAL,https://doi.org/10.1016/j.jallcom.2021.162765,NOT_SAFE_AS_DIRECT_NUMERIC_SFE,MASTER_FIELD_MAPPING
P021,10.1016/j.jallcom.2021.162765,P021_SERIES01,P021_MAT_FE50MN17p5CR12p5CO10NI5SI5,P021_MC_A1000_20M_77K_G41,P021_OBS_A1000_20M_77K_G41,P021_OBS_A1000_20M_77K_G41,SFE_Data_Origin,AUTHOR_INFERENCE_OR_QUALITATIVE_DISCUSSION_ONLY,as reported,AUTHOR_INFERENCE_OR_VERIFIED_GAP,Results pp.5-6 and whole-paper review,Source interpretation; no numeric conversion or cross-paper transfer,High_TRIP_High_for_TWIP_NA,VERIFIED,EXPERIMENTAL,https://doi.org/10.1016/j.jallcom.2021.162765,NOT_SAFE_AS_DIRECT_NUMERIC_SFE,MASTER_FIELD_MAPPING
P021,10.1016/j.jallcom.2021.162765,P021_SERIES01,P021_MAT_FE50MN17p5CR12p5CO10NI5SI5,P021_MC_A1000_20M_77K_G41,P021_OBS_A1000_20M_77K_G41,P021_OBS_A1000_20M_77K_G41,Independent_Experimental_ML_sample,True,as reported,HIERARCHY_INTEGRATION,P021_Conditions verified sheet,Source-defined condition hierarchy and aggregate replicate scope,High_TRIP_High_for_TWIP_NA,VERIFIED,EXPERIMENTAL,https://doi.org/10.1016/j.jallcom.2021.162765,AUDIT_SCOPE_DEPENDENT,MASTER_FIELD_MAPPING
P021,10.1016/j.jallcom.2021.162765,P021_SERIES01,P021_MAT_FE50MN17p5CR12p5CO10NI5SI5,P021_MC_A1000_20M_77K_G41,P021_OBS_A1000_20M_77K_G41,P021_OBS_A1000_20M_77K_G41,Experimental_Target_Eligibility,True,as reported,HIERARCHY_INTEGRATION,P021_Conditions verified sheet,Source-defined condition hierarchy and aggregate replicate scope,High_TRIP_High_for_TWIP_NA,VERIFIED,EXPERIMENTAL,https://doi.org/10.1016/j.jallcom.2021.162765,AUDIT_SCOPE_DEPENDENT,MASTER_FIELD_MAPPING
P021,10.1016/j.jallcom.2021.162765,P021_SERIES01,P021_MAT_FE50MN17p5CR12p5CO10NI5SI5,P021_MC_A1000_20M_77K_G41,P021_OBS_A1000_20M_77K_G41,P021_OBS_A1000_20M_77K_G41,Measured_Bulk_Composition,UNRESOLVED_NA,as reported,DIRECT_NOMINAL_TEXT_OR_VERIFIED_NA,"Abstract, Methods, and Fig.1",Nominal alloy design; EDS/BSE qualitative homogeneity review,High_TRIP_High_for_TWIP_NA,VERIFIED_NA_NO_QUANTITATIVE_POSTMELT_BULK_ANALYSIS,EXPERIMENTAL,https://doi.org/10.1016/j.jallcom.2021.162765,AUDIT_SCOPE_DEPENDENT,MASTER_FIELD_MAPPING
P021,10.1016/j.jallcom.2021.162765,P021_SERIES01,P021_MAT_FE50MN17p5CR12p5CO10NI5SI5,P021_MC_A1000_20M_77K_G41,P021_OBS_A1000_20M_77K_G41,P021_OBS_A1000_20M_77K_G41,EDS_Qualitative_Homogeneity,QUALITATIVE_HOMOGENIZATION_ONLY_NOT_QUANTITATIVE_BULK_CHEMISTRY,as reported,DIRECT_NOMINAL_TEXT_OR_VERIFIED_NA,"Abstract, Methods, and Fig.1",Nominal alloy design; EDS/BSE qualitative homogeneity review,High_TRIP_High_for_TWIP_NA,VERIFIED,EXPERIMENTAL,https://doi.org/10.1016/j.jallcom.2021.162765,AUDIT_SCOPE_DEPENDENT,MASTER_FIELD_MAPPING
P021,10.1016/j.jallcom.2021.162765,P021_SERIES01,P021_MAT_FE50MN17p5CR12p5CO10NI5SI5,P021_MC_A1000_20M_77K_G41,P021_OBS_A1000_20M_77K_G41,P021_OBS_A1000_20M_77K_G41,Loading_Mode,Uniaxial tension,as reported,DIRECT_METHOD_OR_SCHEMA_UNIT_REPRESENTATION,"Methods pp.2-3 and Figs.2,4",Source methods; Celsius-to-Kelvin schema representation only,High_TRIP_High_for_TWIP_NA,VERIFIED,EXPERIMENTAL,https://doi.org/10.1016/j.jallcom.2021.162765,AUDIT_SCOPE_DEPENDENT,MASTER_FIELD_MAPPING
P021,10.1016/j.jallcom.2021.162765,P021_SERIES01,P021_MAT_FE50MN17p5CR12p5CO10NI5SI5,P021_MC_A1000_20M_77K_G41,P021_OBS_A1000_20M_77K_G41,P021_OBS_A1000_20M_77K_G41,Replicate_Scope,AVERAGE_MECHANICAL_VALUES_FROM_AT_LEAST_THREE_TENSILE_SPECIMENS,as reported,HIERARCHY_INTEGRATION,P021_Conditions verified sheet,Source-defined condition hierarchy and aggregate replicate scope,High_TRIP_High_for_TWIP_NA,VERIFIED,EXPERIMENTAL,https://doi.org/10.1016/j.jallcom.2021.162765,AUDIT_SCOPE_DEPENDENT,MASTER_FIELD_MAPPING
P021,10.1016/j.jallcom.2021.162765,P021_SERIES01,P021_MAT_FE50MN17p5CR12p5CO10NI5SI5,P021_MC_A1000_20M_77K_G41,P021_OBS_A1000_20M_77K_G41,P021_OBS_A1000_20M_77K_G41,Initial_Phase,SINGLE_FCC,as reported,DIRECT_PRETEST_MICROSTRUCTURE,"Results pp.3,6 and Figs.2,3,7","BSE, EBSD, XRD, and pre-test TEM interpretation",High_TRIP_High_for_TWIP_NA,VERIFIED,EXPERIMENTAL,https://doi.org/10.1016/j.jallcom.2021.162765,AUDIT_SCOPE_DEPENDENT,MASTER_FIELD_MAPPING
P021,10.1016/j.jallcom.2021.162765,P021_SERIES01,P021_MAT_FE50MN17p5CR12p5CO10NI5SI5,P021_MC_A1000_20M_77K_G41,P021_OBS_A1000_20M_77K_G41,P021_OBS_A1000_20M_77K_G41,PreTest_Twin_State,ABUNDANT_ANNEALING_TWINS,as reported,DIRECT_PRETEST_MICROSTRUCTURE,"Results pp.3,6 and Figs.2,3,7","BSE, EBSD, XRD, and pre-test TEM interpretation",High_TRIP_High_for_TWIP_NA,VERIFIED,EXPERIMENTAL,https://doi.org/10.1016/j.jallcom.2021.162765,AUDIT_SCOPE_DEPENDENT,MASTER_FIELD_MAPPING
P021,10.1016/j.jallcom.2021.162765,P021_SERIES01,P021_MAT_FE50MN17p5CR12p5CO10NI5SI5,P021_MC_A1000_20M_77K_G41,P021_OBS_A1000_20M_77K_G41,P021_OBS_A1000_20M_77K_G41,PreTest_Twin_Origin,ANNEALING_PRETEST,as reported,DIRECT_PRETEST_MICROSTRUCTURE,"Results pp.3,6 and Figs.2,3,7","BSE, EBSD, XRD, and pre-test TEM interpretation",High_TRIP_High_for_TWIP_NA,VERIFIED,EXPERIMENTAL,https://doi.org/10.1016/j.jallcom.2021.162765,AUDIT_SCOPE_DEPENDENT,MASTER_FIELD_MAPPING
P021,10.1016/j.jallcom.2021.162765,P021_SERIES01,P021_MAT_FE50MN17p5CR12p5CO10NI5SI5,P021_MC_A1000_20M_77K_G41,P021_OBS_A1000_20M_77K_G41,P021_OBS_A1000_20M_77K_G41,Initial_Dislocation_State,Initial annealed dislocations dissociate during 77 K immersion,as reported,DIRECT_PRETEST_MICROSTRUCTURE,"Results pp.3,6 and Figs.2,3,7","BSE, EBSD, XRD, and pre-test TEM interpretation",High_TRIP_High_for_TWIP_NA,VERIFIED,EXPERIMENTAL,https://doi.org/10.1016/j.jallcom.2021.162765,AUDIT_SCOPE_DEPENDENT,MASTER_FIELD_MAPPING
P021,10.1016/j.jallcom.2021.162765,P021_SERIES01,P021_MAT_FE50MN17p5CR12p5CO10NI5SI5,P021_MC_A1000_20M_77K_G41,P021_OBS_A1000_20M_77K_G41,P021_OBS_A1000_20M_77K_G41,Initial_Twin_Target_Guardrail,ANNEALING_TWINS_DO_NOT_GENERATE_TENSILE_TWIP,as reported,DIRECT_PRETEST_MICROSTRUCTURE,"Results pp.3,6 and Figs.2,3,7","BSE, EBSD, XRD, and pre-test TEM interpretation",High_TRIP_High_for_TWIP_NA,VERIFIED,EXPERIMENTAL,https://doi.org/10.1016/j.jallcom.2021.162765,AUDIT_SCOPE_DEPENDENT,MASTER_FIELD_MAPPING
P021,10.1016/j.jallcom.2021.162765,P021_SERIES01,P021_MAT_FE50MN17p5CR12p5CO10NI5SI5,P021_MC_A1000_20M_77K_G41,P021_OBS_A1000_20M_77K_G41,P021_OBS_A1000_20M_77K_G41,Mechanical_Value_Status,DIRECT_FIGURE_INSET_AVERAGE_AT_LEAST_THREE,as reported,DIRECT_AGGREGATE_TENSILE_OUTCOME,Fig.4 inset tables p.4,Average engineering tensile response from at least three specimens,High_TRIP_High_for_TWIP_NA,VERIFIED,EXPERIMENTAL,https://doi.org/10.1016/j.jallcom.2021.162765,MECHANICAL_OUTCOME_LEAKAGE,MASTER_FIELD_MAPPING
P021,10.1016/j.jallcom.2021.162765,P021_SERIES01,P021_MAT_FE50MN17p5CR12p5CO10NI5SI5,P021_MC_A1000_20M_77K_G41,P021_OBS_A1000_20M_77K_G41,P021_OBS_A1000_20M_77K_G41,Mechanical_Predictor_Eligibility,MECHANICAL_OUTCOME_LEAKAGE,as reported,DIRECT_AGGREGATE_TENSILE_OUTCOME,Fig.4 inset tables p.4,Average engineering tensile response from at least three specimens,High_TRIP_High_for_TWIP_NA,VERIFIED,EXPERIMENTAL,https://doi.org/10.1016/j.jallcom.2021.162765,MECHANICAL_OUTCOME_LEAKAGE,MASTER_FIELD_MAPPING
P021,10.1016/j.jallcom.2021.162765,P021_SERIES01,P021_MAT_FE50MN17p5CR12p5CO10NI5SI5,P021_MC_A1000_20M_77K_G41,P021_OBS_A1000_20M_77K_G41,P021_OBS_A1000_20M_77K_G41,TRIP_Evidence_Type,DIRECT_XRD_EBSD_TEM_HCP_EPSILON,as reported,CONDITION_LEVEL_TARGET_DECISION,"Methods pp.2-3; Fig.2; Fig.4; Results pp.3,6; Figs.2,3,7; Fig.4 inset tables p.4; Initial state remains FCC before tensile loading, with pre-generated stacking faults after 77 K immersion. Post-fracture HCP epsilon-martensite reaches 56.2% by EBSD and is confirmed by XRD/TEM. TWIP is not assigned because the paper does not provide sufficiently specific condition-level twin evidence for the 77 K condition.",Condition-specific EBSD/XRD/TEM evidence or conservative NA review,High_TRIP_High_for_TWIP_NA,VERIFIED,EXPERIMENTAL,https://doi.org/10.1016/j.jallcom.2021.162765,AUDIT_SCOPE_DEPENDENT,MASTER_FIELD_MAPPING
P021,10.1016/j.jallcom.2021.162765,P021_SERIES01,P021_MAT_FE50MN17p5CR12p5CO10NI5SI5,P021_MC_A1000_20M_77K_G41,P021_OBS_A1000_20M_77K_G41,P021_OBS_A1000_20M_77K_G41,TWIP_Evidence_Type,INSUFFICIENT_CONDITION_LEVEL_TWIN_EVIDENCE,as reported,CONDITION_LEVEL_TARGET_DECISION,"Methods pp.2-3; Fig.2; Fig.4; Results pp.3,6; Figs.2,3,7; Fig.4 inset tables p.4; Initial state remains FCC before tensile loading, with pre-generated stacking faults after 77 K immersion. Post-fracture HCP epsilon-martensite reaches 56.2% by EBSD and is confirmed by XRD/TEM. TWIP is not assigned because the paper does not provide sufficiently specific condition-level twin evidence for the 77 K condition.",Condition-specific EBSD/XRD/TEM evidence or conservative NA review,High_TRIP_High_for_TWIP_NA,VERIFIED,EXPERIMENTAL,https://doi.org/10.1016/j.jallcom.2021.162765,AUDIT_SCOPE_DEPENDENT,MASTER_FIELD_MAPPING
P021,10.1016/j.jallcom.2021.162765,P021_SERIES01,P021_MAT_FE50MN17p5CR12p5CO10NI5SI5,P021_MC_A1000_20M_77K_G41,P021_OBS_A1000_20M_77K_G41,P021_OBS_A1000_20M_77K_G41,Negative_Evidence_Status,INSUFFICIENT_FOR_ZERO,as reported,CONDITION_LEVEL_TARGET_DECISION,"Methods pp.2-3; Fig.2; Fig.4; Results pp.3,6; Figs.2,3,7; Fig.4 inset tables p.4; Initial state remains FCC before tensile loading, with pre-generated stacking faults after 77 K immersion. Post-fracture HCP epsilon-martensite reaches 56.2% by EBSD and is confirmed by XRD/TEM. TWIP is not assigned because the paper does not provide sufficiently specific condition-level twin evidence for the 77 K condition.",Condition-specific EBSD/XRD/TEM evidence or conservative NA review,High_TRIP_High_for_TWIP_NA,VERIFIED,EXPERIMENTAL,https://doi.org/10.1016/j.jallcom.2021.162765,AUDIT_SCOPE_DEPENDENT,MASTER_FIELD_MAPPING
P021,10.1016/j.jallcom.2021.162765,P021_SERIES01,P021_MAT_FE50MN17p5CR12p5CO10NI5SI5,P021_MC_A1000_20M_77K_G41,P021_OBS_A1000_20M_77K_G41,P021_OBS_A1000_20M_77K_G41,Condition_Level_Target_Evidence,"Initial state remains FCC before tensile loading, with pre-generated stacking faults after 77 K immersion. Post-fracture HCP epsilon-martensite reaches 56.2% by EBSD and is confirmed by XRD/TEM. TWIP is not assigned because the paper does not provide sufficiently specific condition-level twin evidence for the 77 K condition.",as reported,CONDITION_LEVEL_TARGET_DECISION,"Methods pp.2-3; Fig.2; Fig.4; Results pp.3,6; Figs.2,3,7; Fig.4 inset tables p.4; Initial state remains FCC before tensile loading, with pre-generated stacking faults after 77 K immersion. Post-fracture HCP epsilon-martensite reaches 56.2% by EBSD and is confirmed by XRD/TEM. TWIP is not assigned because the paper does not provide sufficiently specific condition-level twin evidence for the 77 K condition.",Condition-specific EBSD/XRD/TEM evidence or conservative NA review,High_TRIP_High_for_TWIP_NA,VERIFIED,EXPERIMENTAL,https://doi.org/10.1016/j.jallcom.2021.162765,AUDIT_SCOPE_DEPENDENT,MASTER_FIELD_MAPPING
P021,10.1016/j.jallcom.2021.162765,P021_SERIES01,P021_MAT_FE50MN17p5CR12p5CO10NI5SI5,P021_MC_A1000_20M_77K_G41,P021_OBS_A1000_20M_77K_G41,P021_OBS_A1000_20M_77K_G41,Target_Evidence_Confidence,High_TRIP_High_for_TWIP_NA,as reported,CONDITION_LEVEL_TARGET_DECISION,"Methods pp.2-3; Fig.2; Fig.4; Results pp.3,6; Figs.2,3,7; Fig.4 inset tables p.4; Initial state remains FCC before tensile loading, with pre-generated stacking faults after 77 K immersion. Post-fracture HCP epsilon-martensite reaches 56.2% by EBSD and is confirmed by XRD/TEM. TWIP is not assigned because the paper does not provide sufficiently specific condition-level twin evidence for the 77 K condition.",Condition-specific EBSD/XRD/TEM evidence or conservative NA review,High_TRIP_High_for_TWIP_NA,VERIFIED,EXPERIMENTAL,https://doi.org/10.1016/j.jallcom.2021.162765,AUDIT_SCOPE_DEPENDENT,MASTER_FIELD_MAPPING
P021,10.1016/j.jallcom.2021.162765,P021_SERIES01,P021_MAT_FE50MN17p5CR12p5CO10NI5SI5,P021_MC_A1000_20M_77K_G41,P021_OBS_A1000_20M_77K_G41,P021_OBS_A1000_20M_77K_G41,DeltaG_Value_Status,NOT_REPORTED_IN_CURRENT_PAPER,as reported,AUTHOR_INFERENCE_OR_VERIFIED_GAP,Results pp.5-6 and whole-paper review,Source interpretation; no numeric conversion or cross-paper transfer,High_TRIP_High_for_TWIP_NA,VERIFIED,EXPERIMENTAL,https://doi.org/10.1016/j.jallcom.2021.162765,NOT_SAFE_AS_DIRECT_NUMERIC_SFE,MASTER_FIELD_MAPPING
P021,10.1016/j.jallcom.2021.162765,P021_SERIES01,P021_MAT_FE50MN17p5CR12p5CO10NI5SI5,P021_MC_A1000_20M_77K_G41,P021_OBS_A1000_20M_77K_G41,P021_OBS_A1000_20M_77K_G41,DeltaG_Data_Origin,UNRESOLVED_NO_P021_VALUE,as reported,AUTHOR_INFERENCE_OR_VERIFIED_GAP,Results pp.5-6 and whole-paper review,Source interpretation; no numeric conversion or cross-paper transfer,High_TRIP_High_for_TWIP_NA,VERIFIED,EXPERIMENTAL,https://doi.org/10.1016/j.jallcom.2021.162765,NOT_SAFE_AS_DIRECT_NUMERIC_SFE,MASTER_FIELD_MAPPING
P021,10.1016/j.jallcom.2021.162765,P021_SERIES01,P021_MAT_FE50MN17p5CR12p5CO10NI5SI5,P021_MC_A1000_20M_77K_G41,P021_OBS_A1000_20M_77K_G41,P021_OBS_A1000_20M_77K_G41,Journal,Journal of Alloys and Compounds,as reported,SOURCE_IDENTITY,Verified article identity / whole paper,Verified workbook and publisher DOI match,High_TRIP_High_for_TWIP_NA,VERIFIED,EXPERIMENTAL,https://doi.org/10.1016/j.jallcom.2021.162765,AUDIT_SCOPE_DEPENDENT,MASTER_FIELD_MAPPING
P021,10.1016/j.jallcom.2021.162765,P021_SERIES01,P021_MAT_FE50MN17p5CR12p5CO10NI5SI5,P021_MC_A1000_20M_77K_G41,P021_OBS_A1000_20M_77K_G41,P021_OBS_A1000_20M_77K_G41,Volume,898,as reported,SOURCE_IDENTITY,Verified article identity / whole paper,Verified workbook and publisher DOI match,High_TRIP_High_for_TWIP_NA,VERIFIED,EXPERIMENTAL,https://doi.org/10.1016/j.jallcom.2021.162765,AUDIT_SCOPE_DEPENDENT,MASTER_FIELD_MAPPING
P021,10.1016/j.jallcom.2021.162765,P021_SERIES01,P021_MAT_FE50MN17p5CR12p5CO10NI5SI5,P021_MC_A1000_20M_77K_G41,P021_OBS_A1000_20M_77K_G41,P021_OBS_A1000_20M_77K_G41,Publication_Year,2022,as reported,SOURCE_IDENTITY,Verified article identity / whole paper,Verified workbook and publisher DOI match,High_TRIP_High_for_TWIP_NA,VERIFIED,EXPERIMENTAL,https://doi.org/10.1016/j.jallcom.2021.162765,AUDIT_SCOPE_DEPENDENT,MASTER_FIELD_MAPPING
P021,10.1016/j.jallcom.2021.162765,P021_SERIES01,P021_MAT_FE50MN17p5CR12p5CO10NI5SI5,P021_MC_A1000_20M_77K_G41,P021_OBS_A1000_20M_77K_G41,P021_OBS_A1000_20M_77K_G41,Source_URL,https://doi.org/10.1016/j.jallcom.2021.162765,as reported,SOURCE_IDENTITY,Verified article identity / whole paper,Verified workbook and publisher DOI match,High_TRIP_High_for_TWIP_NA,VERIFIED,EXPERIMENTAL,https://doi.org/10.1016/j.jallcom.2021.162765,AUDIT_SCOPE_DEPENDENT,MASTER_FIELD_MAPPING
P021,10.1016/j.jallcom.2021.162765,P021_SERIES01,P021_MAT_FE50MN17p5CR12p5CO10NI5SI5,P021_MC_A1000_20M_77K_G41,P021_OBS_A1000_20M_77K_G41,P021_OBS_A1000_20M_77K_G41,Alloy_Family_Text,Fe50Mn17.5Cr12.5Co10Ni5Si5,as reported,DIRECT_NOMINAL_TEXT_OR_VERIFIED_NA,"Abstract, Methods, and Fig.1",Nominal alloy design; EDS/BSE qualitative homogeneity review,High_TRIP_High_for_TWIP_NA,VERIFIED,EXPERIMENTAL,https://doi.org/10.1016/j.jallcom.2021.162765,AUDIT_SCOPE_DEPENDENT,MASTER_FIELD_MAPPING
P021,10.1016/j.jallcom.2021.162765,P021_SERIES01,P021_MAT_FE50MN17p5CR12p5CO10NI5SI5,P021_MC_A1000_20M_77K_G41,P021_OBS_A1000_20M_77K_G41,P021_OBS_A1000_20M_77K_G41,Alloy_Family_Use,GROUPING_AUDIT_ONLY_NOT_SAMPLE_OR_BATCH_IDENTITY,as reported,DIRECT_NOMINAL_TEXT_OR_VERIFIED_NA,"Abstract, Methods, and Fig.1",Nominal alloy design; EDS/BSE qualitative homogeneity review,High_TRIP_High_for_TWIP_NA,VERIFIED,EXPERIMENTAL,https://doi.org/10.1016/j.jallcom.2021.162765,AUDIT_SCOPE_DEPENDENT,MASTER_FIELD_MAPPING
P021,10.1016/j.jallcom.2021.162765,P021_SERIES01,P021_MAT_FE50MN17p5CR12p5CO10NI5SI5,P021_MC_A1000_20M_77K_G41,P021_OBS_A1000_20M_77K_G41,P021_OBS_A1000_20M_77K_G41,Melting_Route,Vacuum arc melting under Ar,as reported,DIRECT_METHOD_OR_SCHEMA_UNIT_REPRESENTATION,"Methods pp.2-3 and Figs.2,4",Source methods; Celsius-to-Kelvin schema representation only,High_TRIP_High_for_TWIP_NA,VERIFIED,EXPERIMENTAL,https://doi.org/10.1016/j.jallcom.2021.162765,AUDIT_SCOPE_DEPENDENT,MASTER_FIELD_MAPPING
P021,10.1016/j.jallcom.2021.162765,P021_SERIES01,P021_MAT_FE50MN17p5CR12p5CO10NI5SI5,P021_MC_A1000_20M_77K_G41,P021_OBS_A1000_20M_77K_G41,P021_OBS_A1000_20M_77K_G41,Initial_TRIP_Target_Guardrail,INITIAL_SINGLE_FCC_AND_HCP_ZERO_DO_NOT_ALONE_ASSIGN_TRIP,as reported,DIRECT_PRETEST_MICROSTRUCTURE,"Results pp.3,6 and Figs.2,3,7","BSE, EBSD, XRD, and pre-test TEM interpretation",High_TRIP_High_for_TWIP_NA,VERIFIED,EXPERIMENTAL,https://doi.org/10.1016/j.jallcom.2021.162765,AUDIT_SCOPE_DEPENDENT,MASTER_FIELD_MAPPING
P021,10.1016/j.jallcom.2021.162765,P021_SERIES01,P021_MAT_FE50MN17p5CR12p5CO10NI5SI5,P021_MC_A1000_20M_77K_G41,P021_OBS_A1000_20M_77K_G41,P021_OBS_A1000_20M_77K_G41,Target_Status,TRIP_VERIFIED_TWIP_UNRESOLVED,as reported,CONDITION_LEVEL_TARGET_DECISION,"Methods pp.2-3; Fig.2; Fig.4; Results pp.3,6; Figs.2,3,7; Fig.4 inset tables p.4; Initial state remains FCC before tensile loading, with pre-generated stacking faults after 77 K immersion. Post-fracture HCP epsilon-martensite reaches 56.2% by EBSD and is confirmed by XRD/TEM. TWIP is not assigned because the paper does not provide sufficiently specific condition-level twin evidence for the 77 K condition.",Condition-specific EBSD/XRD/TEM evidence or conservative NA review,High_TRIP_High_for_TWIP_NA,VERIFIED,EXPERIMENTAL,https://doi.org/10.1016/j.jallcom.2021.162765,AUDIT_SCOPE_DEPENDENT,MASTER_FIELD_MAPPING
P021,10.1016/j.jallcom.2021.162765,P021_SERIES01,P021_MAT_FE50MN17p5CR12p5CO10NI5SI5,P021_MC_A1000_20M_77K_G41,P021_OBS_A1000_20M_77K_G41,P021_OBS_A1000_20M_77K_G41,TRIP_Parent_Phase,FCC,as reported,CONDITION_LEVEL_TARGET_DECISION,"Methods pp.2-3; Fig.2; Fig.4; Results pp.3,6; Figs.2,3,7; Fig.4 inset tables p.4; Initial state remains FCC before tensile loading, with pre-generated stacking faults after 77 K immersion. Post-fracture HCP epsilon-martensite reaches 56.2% by EBSD and is confirmed by XRD/TEM. TWIP is not assigned because the paper does not provide sufficiently specific condition-level twin evidence for the 77 K condition.",Condition-specific EBSD/XRD/TEM evidence or conservative NA review,High_TRIP_High_for_TWIP_NA,VERIFIED,EXPERIMENTAL,https://doi.org/10.1016/j.jallcom.2021.162765,AUDIT_SCOPE_DEPENDENT,MASTER_FIELD_MAPPING
P021,10.1016/j.jallcom.2021.162765,P021_SERIES01,P021_MAT_FE50MN17p5CR12p5CO10NI5SI5,P021_MC_A1000_20M_77K_G41,P021_OBS_A1000_20M_77K_G41,P021_OBS_A1000_20M_77K_G41,TRIP_Product_Phase,HCP_EPSILON,as reported,CONDITION_LEVEL_TARGET_DECISION,"Methods pp.2-3; Fig.2; Fig.4; Results pp.3,6; Figs.2,3,7; Fig.4 inset tables p.4; Initial state remains FCC before tensile loading, with pre-generated stacking faults after 77 K immersion. Post-fracture HCP epsilon-martensite reaches 56.2% by EBSD and is confirmed by XRD/TEM. TWIP is not assigned because the paper does not provide sufficiently specific condition-level twin evidence for the 77 K condition.",Condition-specific EBSD/XRD/TEM evidence or conservative NA review,High_TRIP_High_for_TWIP_NA,VERIFIED,EXPERIMENTAL,https://doi.org/10.1016/j.jallcom.2021.162765,AUDIT_SCOPE_DEPENDENT,MASTER_FIELD_MAPPING
P021,10.1016/j.jallcom.2021.162765,P021_SERIES01,P021_MAT_FE50MN17p5CR12p5CO10NI5SI5,P021_MC_A1000_20M_77K_G41,P021_OBS_A1000_20M_77K_G41,P021_OBS_A1000_20M_77K_G41,Slip_Evidence_Type,DIRECT_TEM_PARTIAL_DISLOCATION_STACKING_FAULT_ACTIVITY,as reported,CONDITION_LEVEL_TARGET_DECISION,"Methods pp.2-3; Fig.2; Fig.4; Results pp.3,6; Figs.2,3,7; Fig.4 inset tables p.4; Initial state remains FCC before tensile loading, with pre-generated stacking faults after 77 K immersion. Post-fracture HCP epsilon-martensite reaches 56.2% by EBSD and is confirmed by XRD/TEM. TWIP is not assigned because the paper does not provide sufficiently specific condition-level twin evidence for the 77 K condition.",Condition-specific EBSD/XRD/TEM evidence or conservative NA review,High_TRIP_High_for_TWIP_NA,VERIFIED,EXPERIMENTAL,https://doi.org/10.1016/j.jallcom.2021.162765,AUDIT_SCOPE_DEPENDENT,MASTER_FIELD_MAPPING
P021,10.1016/j.jallcom.2021.162765,P021_SERIES01,P021_MAT_FE50MN17p5CR12p5CO10NI5SI5,P021_MC_A1000_20M_77K_G41,P021_OBS_A1000_20M_77K_G41,P021_OBS_A1000_20M_77K_G41,P021_Record_Role,RECOVERED_EXACT_PRIMARY_CONDITION,as reported,HIERARCHY_INTEGRATION,P021_Conditions verified sheet,Source-defined condition hierarchy and aggregate replicate scope,High_TRIP_High_for_TWIP_NA,VERIFIED,EXPERIMENTAL,https://doi.org/10.1016/j.jallcom.2021.162765,AUDIT_SCOPE_DEPENDENT,MASTER_FIELD_MAPPING
P021,10.1016/j.jallcom.2021.162765,P021_SERIES01,P021_MAT_FE50MN17p5CR12p5CO10NI5SI5,P021_MC_A1000_20M_77K_G41,P021_OBS_A1000_20M_77K_G41,P021_OBS_A1000_20M_77K_G41,P021_Target_Status,TRIP_VERIFIED_TWIP_UNRESOLVED,as reported,CONDITION_LEVEL_TARGET_DECISION,"Methods pp.2-3; Fig.2; Fig.4; Results pp.3,6; Figs.2,3,7; Fig.4 inset tables p.4; Initial state remains FCC before tensile loading, with pre-generated stacking faults after 77 K immersion. Post-fracture HCP epsilon-martensite reaches 56.2% by EBSD and is confirmed by XRD/TEM. TWIP is not assigned because the paper does not provide sufficiently specific condition-level twin evidence for the 77 K condition.",Condition-specific EBSD/XRD/TEM evidence or conservative NA review,High_TRIP_High_for_TWIP_NA,VERIFIED,EXPERIMENTAL,https://doi.org/10.1016/j.jallcom.2021.162765,AUDIT_SCOPE_DEPENDENT,MASTER_FIELD_MAPPING
P021,10.1016/j.jallcom.2021.162765,P021_SERIES01,P021_MAT_FE50MN17p5CR12p5CO10NI5SI5,P021_MC_A1000_20M_77K_G41,P021_OBS_A1000_20M_77K_G41,P021_OBS_A1000_20M_77K_G41,P021_Source_Identity_Status,VERIFIED_PDF_AND_PUBLISHER_DOI_MATCH,as reported,SOURCE_IDENTITY,Verified article identity / whole paper,Verified workbook and publisher DOI match,High_TRIP_High_for_TWIP_NA,VERIFIED,EXPERIMENTAL,https://doi.org/10.1016/j.jallcom.2021.162765,AUDIT_SCOPE_DEPENDENT,MASTER_FIELD_MAPPING
P021,10.1016/j.jallcom.2021.162765,P021_SERIES01,P021_MAT_FE50MN17p5CR12p5CO10NI5SI5,P021_MC_A1000_20M_77K_G41,P021_OBS_A1000_20M_77K_G41,P021_OBS_A1000_20M_77K_G41,P021_QC_Status,PENDING_GLOBAL_QC_SCHEMA_SPLIT_REFRESH_AFTER_COLLECTION,as reported,HIERARCHY_INTEGRATION,P021_Conditions verified sheet,Source-defined condition hierarchy and aggregate replicate scope,High_TRIP_High_for_TWIP_NA,VERIFIED,EXPERIMENTAL,https://doi.org/10.1016/j.jallcom.2021.162765,AUDIT_SCOPE_DEPENDENT,MASTER_FIELD_MAPPING
P021,10.1016/j.jallcom.2021.162765,P021_SERIES01,P021_MAT_FE50MN17p5CR12p5CO10NI5SI5,P021_MC_A1000_20M_77K_G41,P021_OBS_A1000_20M_77K_G41,P021_OBS_A1000_20M_77K_G41,Article_Number,162765,as reported,SOURCE_IDENTITY,Verified article identity / whole paper,Verified workbook and publisher DOI match,High_TRIP_High_for_TWIP_NA,VERIFIED,EXPERIMENTAL,https://doi.org/10.1016/j.jallcom.2021.162765,AUDIT_SCOPE_DEPENDENT,MASTER_FIELD_MAPPING
P021,10.1016/j.jallcom.2021.162765,P021_SERIES01,P021_MAT_FE50MN17p5CR12p5CO10NI5SI5,P021_MC_A1000_20M_77K_G41,P021_OBS_A1000_20M_77K_G41,P021_OBS_A1000_20M_77K_G41,Replicate_n_Status,MINIMUM_REPORTED_AT_LEAST_THREE,as reported,HIERARCHY_INTEGRATION,P021_Conditions verified sheet,Source-defined condition hierarchy and aggregate replicate scope,High_TRIP_High_for_TWIP_NA,VERIFIED,EXPERIMENTAL,https://doi.org/10.1016/j.jallcom.2021.162765,AUDIT_SCOPE_DEPENDENT,MASTER_FIELD_MAPPING
P021,10.1016/j.jallcom.2021.162765,P021_SERIES01,P021_MAT_FE50MN17p5CR12p5CO10NI5SI5,P021_MC_A1000_20M_77K_G41,P021_OBS_A1000_20M_77K_G41,P021_OBS_A1000_20M_77K_G41,Remelt_Count_Min,5,count,DIRECT_METHOD_OR_SCHEMA_UNIT_REPRESENTATION,"Methods pp.2-3 and Figs.2,4",Source methods; Celsius-to-Kelvin schema representation only,High_TRIP_High_for_TWIP_NA,VERIFIED,EXPERIMENTAL,https://doi.org/10.1016/j.jallcom.2021.162765,AUDIT_SCOPE_DEPENDENT,MASTER_FIELD_MAPPING
P021,10.1016/j.jallcom.2021.162765,P021_SERIES01,P021_MAT_FE50MN17p5CR12p5CO10NI5SI5,P021_MC_A1000_20M_77K_G41,P021_OBS_A1000_20M_77K_G41,P021_OBS_A1000_20M_77K_G41,Remelt_Count_Status,AT_LEAST_FIVE,as reported,DIRECT_METHOD_OR_SCHEMA_UNIT_REPRESENTATION,"Methods pp.2-3 and Figs.2,4",Source methods; Celsius-to-Kelvin schema representation only,High_TRIP_High_for_TWIP_NA,VERIFIED,EXPERIMENTAL,https://doi.org/10.1016/j.jallcom.2021.162765,AUDIT_SCOPE_DEPENDENT,MASTER_FIELD_MAPPING
P021,10.1016/j.jallcom.2021.162765,P021_SERIES01,P021_MAT_FE50MN17p5CR12p5CO10NI5SI5,P021_MC_A1000_20M_77K_G41,P021_OBS_A1000_20M_77K_G41,P021_OBS_A1000_20M_77K_G41,Alloy_Mass_g_Approx,150.0,g,DIRECT_METHOD_OR_SCHEMA_UNIT_REPRESENTATION,"Methods pp.2-3 and Figs.2,4",Source methods; Celsius-to-Kelvin schema representation only,High_TRIP_High_for_TWIP_NA,VERIFIED,EXPERIMENTAL,https://doi.org/10.1016/j.jallcom.2021.162765,AUDIT_SCOPE_DEPENDENT,MASTER_FIELD_MAPPING
P021,10.1016/j.jallcom.2021.162765,P021_SERIES01,P021_MAT_FE50MN17p5CR12p5CO10NI5SI5,P021_MC_A1000_20M_77K_G41,P021_OBS_A1000_20M_77K_G41,P021_OBS_A1000_20M_77K_G41,Remolded_Ingot_Dimensions_mm,65 x 40 x 10,as reported,DIRECT_METHOD_OR_SCHEMA_UNIT_REPRESENTATION,"Methods pp.2-3 and Figs.2,4",Source methods; Celsius-to-Kelvin schema representation only,High_TRIP_High_for_TWIP_NA,VERIFIED,EXPERIMENTAL,https://doi.org/10.1016/j.jallcom.2021.162765,AUDIT_SCOPE_DEPENDENT,MASTER_FIELD_MAPPING
P021,10.1016/j.jallcom.2021.162765,P021_SERIES01,P021_MAT_FE50MN17p5CR12p5CO10NI5SI5,P021_MC_A1000_20M_77K_G41,P021_OBS_A1000_20M_77K_G41,P021_OBS_A1000_20M_77K_G41,Homogenization_T_C_Raw,1150.0,C,DIRECT_METHOD_OR_SCHEMA_UNIT_REPRESENTATION,"Methods pp.2-3 and Figs.2,4",Source methods; Celsius-to-Kelvin schema representation only,High_TRIP_High_for_TWIP_NA,VERIFIED,EXPERIMENTAL,https://doi.org/10.1016/j.jallcom.2021.162765,AUDIT_SCOPE_DEPENDENT,MASTER_FIELD_MAPPING
P021,10.1016/j.jallcom.2021.162765,P021_SERIES01,P021_MAT_FE50MN17p5CR12p5CO10NI5SI5,P021_MC_A1000_20M_77K_G41,P021_OBS_A1000_20M_77K_G41,P021_OBS_A1000_20M_77K_G41,Hot_Roll_T_C_Raw,1100.0,C,DIRECT_METHOD_OR_SCHEMA_UNIT_REPRESENTATION,"Methods pp.2-3 and Figs.2,4",Source methods; Celsius-to-Kelvin schema representation only,High_TRIP_High_for_TWIP_NA,VERIFIED,EXPERIMENTAL,https://doi.org/10.1016/j.jallcom.2021.162765,AUDIT_SCOPE_DEPENDENT,MASTER_FIELD_MAPPING
P021,10.1016/j.jallcom.2021.162765,P021_SERIES01,P021_MAT_FE50MN17p5CR12p5CO10NI5SI5,P021_MC_A1000_20M_77K_G41,P021_OBS_A1000_20M_77K_G41,P021_OBS_A1000_20M_77K_G41,Hot_Roll_Final_Thickness_mm,3.0,mm,DIRECT_METHOD_OR_SCHEMA_UNIT_REPRESENTATION,"Methods pp.2-3 and Figs.2,4",Source methods; Celsius-to-Kelvin schema representation only,High_TRIP_High_for_TWIP_NA,VERIFIED,EXPERIMENTAL,https://doi.org/10.1016/j.jallcom.2021.162765,AUDIT_SCOPE_DEPENDENT,MASTER_FIELD_MAPPING
P021,10.1016/j.jallcom.2021.162765,P021_SERIES01,P021_MAT_FE50MN17p5CR12p5CO10NI5SI5,P021_MC_A1000_20M_77K_G41,P021_OBS_A1000_20M_77K_G41,P021_OBS_A1000_20M_77K_G41,Anneal_T_C_Raw,1000.0,C,DIRECT_METHOD_OR_SCHEMA_UNIT_REPRESENTATION,"Methods pp.2-3 and Figs.2,4",Source methods; Celsius-to-Kelvin schema representation only,High_TRIP_High_for_TWIP_NA,VERIFIED,EXPERIMENTAL,https://doi.org/10.1016/j.jallcom.2021.162765,AUDIT_SCOPE_DEPENDENT,MASTER_FIELD_MAPPING
P021,10.1016/j.jallcom.2021.162765,P021_SERIES01,P021_MAT_FE50MN17p5CR12p5CO10NI5SI5,P021_MC_A1000_20M_77K_G41,P021_OBS_A1000_20M_77K_G41,P021_OBS_A1000_20M_77K_G41,Post_Anneal_Quench,Water quench,as reported,DIRECT_METHOD_OR_SCHEMA_UNIT_REPRESENTATION,"Methods pp.2-3 and Figs.2,4",Source methods; Celsius-to-Kelvin schema representation only,High_TRIP_High_for_TWIP_NA,VERIFIED,EXPERIMENTAL,https://doi.org/10.1016/j.jallcom.2021.162765,AUDIT_SCOPE_DEPENDENT,MASTER_FIELD_MAPPING
P021,10.1016/j.jallcom.2021.162765,P021_SERIES01,P021_MAT_FE50MN17p5CR12p5CO10NI5SI5,P021_MC_A1000_20M_77K_G41,P021_OBS_A1000_20M_77K_G41,P021_OBS_A1000_20M_77K_G41,Test_Atmosphere,LIQUID_NITROGEN_ATMOSPHERE,as reported,DIRECT_METHOD_OR_SCHEMA_UNIT_REPRESENTATION,"Methods pp.2-3 and Figs.2,4",Source methods; Celsius-to-Kelvin schema representation only,High_TRIP_High_for_TWIP_NA,VERIFIED,EXPERIMENTAL,https://doi.org/10.1016/j.jallcom.2021.162765,AUDIT_SCOPE_DEPENDENT,MASTER_FIELD_MAPPING
P021,10.1016/j.jallcom.2021.162765,P021_SERIES01,P021_MAT_FE50MN17p5CR12p5CO10NI5SI5,P021_MC_A1000_20M_77K_G41,P021_OBS_A1000_20M_77K_G41,P021_OBS_A1000_20M_77K_G41,Specimen_Orientation,Longitudinal / rolling direction,as reported,DIRECT_METHOD_OR_SCHEMA_UNIT_REPRESENTATION,"Methods pp.2-3 and Figs.2,4",Source methods; Celsius-to-Kelvin schema representation only,High_TRIP_High_for_TWIP_NA,VERIFIED,EXPERIMENTAL,https://doi.org/10.1016/j.jallcom.2021.162765,AUDIT_SCOPE_DEPENDENT,MASTER_FIELD_MAPPING
P021,10.1016/j.jallcom.2021.162765,P021_SERIES01,P021_MAT_FE50MN17p5CR12p5CO10NI5SI5,P021_MC_A1000_20M_77K_G41,P021_OBS_A1000_20M_77K_G41,P021_OBS_A1000_20M_77K_G41,Specimen_Standard,ASTM E8/E8M sub-size,as reported,DIRECT_METHOD_OR_SCHEMA_UNIT_REPRESENTATION,"Methods pp.2-3 and Figs.2,4",Source methods; Celsius-to-Kelvin schema representation only,High_TRIP_High_for_TWIP_NA,VERIFIED,EXPERIMENTAL,https://doi.org/10.1016/j.jallcom.2021.162765,AUDIT_SCOPE_DEPENDENT,MASTER_FIELD_MAPPING
P021,10.1016/j.jallcom.2021.162765,P021_SERIES01,P021_MAT_FE50MN17p5CR12p5CO10NI5SI5,P021_MC_A1000_20M_77K_G41,P021_OBS_A1000_20M_77K_G41,P021_OBS_A1000_20M_77K_G41,Initial_Alpha_BCT_fraction,0.0,fraction,DIRECT_PRETEST_MICROSTRUCTURE,"Results pp.3,6 and Figs.2,3,7","BSE, EBSD, XRD, and pre-test TEM interpretation",High_TRIP_High_for_TWIP_NA,VERIFIED,EXPERIMENTAL,https://doi.org/10.1016/j.jallcom.2021.162765,AUDIT_SCOPE_DEPENDENT,MASTER_FIELD_MAPPING
P021,10.1016/j.jallcom.2021.162765,P021_SERIES01,P021_MAT_FE50MN17p5CR12p5CO10NI5SI5,P021_MC_A1000_20M_77K_G41,P021_OBS_A1000_20M_77K_G41,P021_OBS_A1000_20M_77K_G41,Initial_Secondary_Phase_Status,NO_OBVIOUS_PRECIPITATES_OR_OTHER_PHASES,as reported,DIRECT_PRETEST_MICROSTRUCTURE,"Results pp.3,6 and Figs.2,3,7","BSE, EBSD, XRD, and pre-test TEM interpretation",High_TRIP_High_for_TWIP_NA,VERIFIED,EXPERIMENTAL,https://doi.org/10.1016/j.jallcom.2021.162765,AUDIT_SCOPE_DEPENDENT,MASTER_FIELD_MAPPING
P021,10.1016/j.jallcom.2021.162765,P021_SERIES01,P021_MAT_FE50MN17p5CR12p5CO10NI5SI5,P021_MC_A1000_20M_77K_G41,P021_OBS_A1000_20M_77K_G41,P021_OBS_A1000_20M_77K_G41,Fully_Recrystallized,True,as reported,DIRECT_PRETEST_MICROSTRUCTURE,"Results pp.3,6 and Figs.2,3,7","BSE, EBSD, XRD, and pre-test TEM interpretation",High_TRIP_High_for_TWIP_NA,VERIFIED,EXPERIMENTAL,https://doi.org/10.1016/j.jallcom.2021.162765,AUDIT_SCOPE_DEPENDENT,MASTER_FIELD_MAPPING
P021,10.1016/j.jallcom.2021.162765,P021_SERIES01,P021_MAT_FE50MN17p5CR12p5CO10NI5SI5,P021_MC_A1000_20M_77K_G41,P021_OBS_A1000_20M_77K_G41,P021_OBS_A1000_20M_77K_G41,Grain_Size_Method,EBSD/BSE; twin boundaries excluded from grain-size calculation,as reported,DIRECT_PRETEST_MICROSTRUCTURE,"Results pp.3,6 and Figs.2,3,7","BSE, EBSD, XRD, and pre-test TEM interpretation",High_TRIP_High_for_TWIP_NA,VERIFIED,EXPERIMENTAL,https://doi.org/10.1016/j.jallcom.2021.162765,AUDIT_SCOPE_DEPENDENT,MASTER_FIELD_MAPPING
P021,10.1016/j.jallcom.2021.162765,P021_SERIES01,P021_MAT_FE50MN17p5CR12p5CO10NI5SI5,P021_MC_A1000_20M_77K_G41,P021_OBS_A1000_20M_77K_G41,P021_OBS_A1000_20M_77K_G41,Grain_Size_Twin_Boundary_Exclusion,True,as reported,DIRECT_PRETEST_MICROSTRUCTURE,"Results pp.3,6 and Figs.2,3,7","BSE, EBSD, XRD, and pre-test TEM interpretation",High_TRIP_High_for_TWIP_NA,VERIFIED,EXPERIMENTAL,https://doi.org/10.1016/j.jallcom.2021.162765,AUDIT_SCOPE_DEPENDENT,MASTER_FIELD_MAPPING
P021,10.1016/j.jallcom.2021.162765,P021_SERIES01,P021_MAT_FE50MN17p5CR12p5CO10NI5SI5,P021_MC_A1000_20M_77K_G41,P021_OBS_A1000_20M_77K_G41,P021_OBS_A1000_20M_77K_G41,Initial_Stacking_Fault_State,PROFUSE_PRETEST_STACKING_FAULTS,as reported,DIRECT_PRETEST_MICROSTRUCTURE,"Results pp.3,6 and Figs.2,3,7","BSE, EBSD, XRD, and pre-test TEM interpretation",High_TRIP_High_for_TWIP_NA,VERIFIED,EXPERIMENTAL,https://doi.org/10.1016/j.jallcom.2021.162765,AUDIT_SCOPE_DEPENDENT,MASTER_FIELD_MAPPING
P021,10.1016/j.jallcom.2021.162765,P021_SERIES01,P021_MAT_FE50MN17p5CR12p5CO10NI5SI5,P021_MC_A1000_20M_77K_G41,P021_OBS_A1000_20M_77K_G41,P021_OBS_A1000_20M_77K_G41,Initial_Stacking_Fault_State_Raw,Numerous pre-generated stacking faults before tensile test,as reported,DIRECT_PRETEST_MICROSTRUCTURE,"Results pp.3,6 and Figs.2,3,7","BSE, EBSD, XRD, and pre-test TEM interpretation",High_TRIP_High_for_TWIP_NA,VERIFIED,EXPERIMENTAL,https://doi.org/10.1016/j.jallcom.2021.162765,AUDIT_SCOPE_DEPENDENT,MASTER_FIELD_MAPPING
P021,10.1016/j.jallcom.2021.162765,P021_SERIES01,P021_MAT_FE50MN17p5CR12p5CO10NI5SI5,P021_MC_A1000_20M_77K_G41,P021_OBS_A1000_20M_77K_G41,P021_OBS_A1000_20M_77K_G41,PreTest_Cryogenic_Immersion,True,as reported,DIRECT_PRETEST_MICROSTRUCTURE,"Results pp.3,6 and Figs.2,3,7","BSE, EBSD, XRD, and pre-test TEM interpretation",High_TRIP_High_for_TWIP_NA,VERIFIED,EXPERIMENTAL,https://doi.org/10.1016/j.jallcom.2021.162765,AUDIT_SCOPE_DEPENDENT,MASTER_FIELD_MAPPING
P021,10.1016/j.jallcom.2021.162765,P021_SERIES01,P021_MAT_FE50MN17p5CR12p5CO10NI5SI5,P021_MC_A1000_20M_77K_G41,P021_OBS_A1000_20M_77K_G41,P021_OBS_A1000_20M_77K_G41,PreTest_State_Timing,BEFORE_TENSILE_LOADING,as reported,DIRECT_PRETEST_MICROSTRUCTURE,"Results pp.3,6 and Figs.2,3,7","BSE, EBSD, XRD, and pre-test TEM interpretation",High_TRIP_High_for_TWIP_NA,VERIFIED,EXPERIMENTAL,https://doi.org/10.1016/j.jallcom.2021.162765,AUDIT_SCOPE_DEPENDENT,MASTER_FIELD_MAPPING
P021,10.1016/j.jallcom.2021.162765,P021_SERIES01,P021_MAT_FE50MN17p5CR12p5CO10NI5SI5,P021_MC_A1000_20M_77K_G41,P021_OBS_A1000_20M_77K_G41,P021_OBS_A1000_20M_77K_G41,Postfracture_Evidence_Method,XRD + EBSD + TEM/SAD,as reported,DIRECT_POST_TEST_TARGET_EVIDENCE,"Figs.5,6b,7b,7d pp.5-8","Condition-specific XRD, EBSD, and TEM/SAD",High_TRIP_High_for_TWIP_NA,VERIFIED,EXPERIMENTAL,https://doi.org/10.1016/j.jallcom.2021.162765,POST_TEST_TARGET_EVIDENCE,MASTER_FIELD_MAPPING
P021,10.1016/j.jallcom.2021.162765,P021_SERIES01,P021_MAT_FE50MN17p5CR12p5CO10NI5SI5,P021_MC_A1000_20M_77K_G41,P021_OBS_A1000_20M_77K_G41,P021_OBS_A1000_20M_77K_G41,Postfracture_HCP_fraction_scope,EBSD_INDEXED_PIXELS_ONLY_EXCLUDES_NON_INDEXED_REGIONS,as reported,DIRECT_POST_TEST_TARGET_EVIDENCE,"Figs.5,6b,7b,7d pp.5-8","Condition-specific XRD, EBSD, and TEM/SAD",High_TRIP_High_for_TWIP_NA,VERIFIED,EXPERIMENTAL,https://doi.org/10.1016/j.jallcom.2021.162765,POST_TEST_TARGET_EVIDENCE,MASTER_FIELD_MAPPING
P021,10.1016/j.jallcom.2021.162765,P021_SERIES01,P021_MAT_FE50MN17p5CR12p5CO10NI5SI5,P021_MC_A1000_20M_77K_G41,P021_OBS_A1000_20M_77K_G41,P021_OBS_A1000_20M_77K_G41,Postfracture_Predictor_Eligibility,POST_TEST_TARGET_EVIDENCE,as reported,DIRECT_POST_TEST_TARGET_EVIDENCE,"Figs.5,6b,7b,7d pp.5-8","Condition-specific XRD, EBSD, and TEM/SAD",High_TRIP_High_for_TWIP_NA,VERIFIED,EXPERIMENTAL,https://doi.org/10.1016/j.jallcom.2021.162765,POST_TEST_TARGET_EVIDENCE,MASTER_FIELD_MAPPING
P021,10.1016/j.jallcom.2021.162765,P021_SERIES01,P021_MAT_FE50MN17p5CR12p5CO10NI5SI5,P021_MC_A1000_20M_77K_G41,P021_OBS_A1000_20M_77K_G41,P021_OBS_A1000_20M_77K_G41,Postfracture_Mechanical_Twin_Status,TWIP_CONDITION_STATUS_UNRESOLVED,as reported,DIRECT_POST_TEST_TARGET_EVIDENCE,"Figs.5,6b,7b,7d pp.5-8","Condition-specific XRD, EBSD, and TEM/SAD",High_TRIP_High_for_TWIP_NA,VERIFIED,EXPERIMENTAL,https://doi.org/10.1016/j.jallcom.2021.162765,POST_TEST_TARGET_EVIDENCE,MASTER_FIELD_MAPPING
P021,10.1016/j.jallcom.2021.162765,P021_SERIES01,P021_MAT_FE50MN17p5CR12p5CO10NI5SI5,P021_MC_A1000_20M_77K_G41,P021_OBS_A1000_20M_77K_G41,P021_OBS_A1000_20M_77K_G41,Slip_StackingFault_Status,PROFUSE_PRETEST_STACKING_FAULTS_AND_PARTIAL_DISLOCATION_ACTIVITY,as reported,DIRECT_POST_TEST_TARGET_EVIDENCE,"Figs.5,6b,7b,7d pp.5-8","Condition-specific XRD, EBSD, and TEM/SAD",High_TRIP_High_for_TWIP_NA,VERIFIED,EXPERIMENTAL,https://doi.org/10.1016/j.jallcom.2021.162765,POST_TEST_TARGET_EVIDENCE,MASTER_FIELD_MAPPING
P021,10.1016/j.jallcom.2021.162765,P021_SERIES01,P021_MAT_FE50MN17p5CR12p5CO10NI5SI5,P021_MC_A1000_20M_77K_G41,P021_OBS_A1000_20M_77K_G41,P021_OBS_A1000_20M_77K_G41,Alpha_BCT_Transformation_Status,NOT_DETECTED,as reported,DIRECT_POST_TEST_TARGET_EVIDENCE,"Figs.5,6b,7b,7d pp.5-8","Condition-specific XRD, EBSD, and TEM/SAD",High_TRIP_High_for_TWIP_NA,VERIFIED,EXPERIMENTAL,https://doi.org/10.1016/j.jallcom.2021.162765,POST_TEST_TARGET_EVIDENCE,MASTER_FIELD_MAPPING
P021,10.1016/j.jallcom.2021.162765,P021_SERIES01,P021_MAT_FE50MN17p5CR12p5CO10NI5SI5,P021_MC_A1000_20M_77K_G41,P021_OBS_A1000_20M_77K_G41,P021_OBS_A1000_20M_77K_G41,Alpha_BCT_Transformation_Evidence,NOT_DETECTED_SOURCE_CONCLUSION,as reported,DIRECT_POST_TEST_TARGET_EVIDENCE,"Figs.5,6b,7b,7d pp.5-8","Condition-specific XRD, EBSD, and TEM/SAD",High_TRIP_High_for_TWIP_NA,VERIFIED,EXPERIMENTAL,https://doi.org/10.1016/j.jallcom.2021.162765,POST_TEST_TARGET_EVIDENCE,MASTER_FIELD_MAPPING
P021,10.1016/j.jallcom.2021.162765,P021_SERIES01,P021_MAT_FE50MN17p5CR12p5CO10NI5SI5,P021_MC_A1000_20M_77K_G41,P021_OBS_A1000_20M_77K_G41,P021_OBS_A1000_20M_77K_G41,Alpha_BCT_Target_Safeguard,ALPHA_BCT_ABSENCE_IS_SEPARATE_FROM_POSITIVE_FCC_TO_HCP_TRIP,as reported,DIRECT_POST_TEST_TARGET_EVIDENCE,"Figs.5,6b,7b,7d pp.5-8","Condition-specific XRD, EBSD, and TEM/SAD",High_TRIP_High_for_TWIP_NA,VERIFIED,EXPERIMENTAL,https://doi.org/10.1016/j.jallcom.2021.162765,POST_TEST_TARGET_EVIDENCE,MASTER_FIELD_MAPPING
P021,10.1016/j.jallcom.2021.162765,P021_SERIES01,P021_MAT_FE50MN17p5CR12p5CO10NI5SI5,P021_MC_A1000_20M_77K_G41,P021_OBS_A1000_20M_77K_G41,P021_OBS_A1000_20M_77K_G41,SFE_Predictor_Eligibility,NOT_SAFE_AS_DIRECT_NUMERIC_SFE,as reported,AUTHOR_INFERENCE_OR_VERIFIED_GAP,Results pp.5-6 and whole-paper review,Source interpretation; no numeric conversion or cross-paper transfer,High_TRIP_High_for_TWIP_NA,VERIFIED,EXPERIMENTAL,https://doi.org/10.1016/j.jallcom.2021.162765,NOT_SAFE_AS_DIRECT_NUMERIC_SFE,MASTER_FIELD_MAPPING
P021,10.1016/j.jallcom.2021.162765,P021_SERIES01,P021_MAT_FE50MN17p5CR12p5CO10NI5SI5,P021_MC_A1000_20M_77K_G41,P021_OBS_A1000_20M_77K_G41,P021_OBS_A1000_20M_77K_G41,SFE_Qualitative_Temperature_Status,FURTHER_REDUCTION_DISCUSSION_ONLY_NO_NUMERIC_VALUE,as reported,AUTHOR_INFERENCE_OR_VERIFIED_GAP,Results pp.5-6 and whole-paper review,Source interpretation; no numeric conversion or cross-paper transfer,High_TRIP_High_for_TWIP_NA,VERIFIED,EXPERIMENTAL,https://doi.org/10.1016/j.jallcom.2021.162765,NOT_SAFE_AS_DIRECT_NUMERIC_SFE,MASTER_FIELD_MAPPING
P021,10.1016/j.jallcom.2021.162765,P021_SERIES01,P021_MAT_FE50MN17p5CR12p5CO10NI5SI5,P021_MC_A900_5M_RT_G10,P021_OBS_A900_5M_RT_G10,P021_MAT_FE50MN17p5CR12p5CO10NI5SI5,Nominal_Composition,Fe50Mn17.5Cr12.5Co10Ni5Si5,at.%,DIRECT_TEXT,Abstract/Methods,Nominal alloy design,High,VERIFIED,EXPERIMENTAL,https://doi.org/10.1016/j.jallcom.2021.162765,SOURCE_LEDGER_SCOPE_DEPENDENT,VERIFIED_WORKBOOK_LEDGER
P021,10.1016/j.jallcom.2021.162765,P021_SERIES01,P021_MAT_FE50MN17p5CR12p5CO10NI5SI5,P021_MC_A900_25M_RT_G19,P021_OBS_A900_25M_RT_G19,P021_MAT_FE50MN17p5CR12p5CO10NI5SI5,Nominal_Composition,Fe50Mn17.5Cr12.5Co10Ni5Si5,at.%,DIRECT_TEXT,Abstract/Methods,Nominal alloy design,High,VERIFIED,EXPERIMENTAL,https://doi.org/10.1016/j.jallcom.2021.162765,SOURCE_LEDGER_SCOPE_DEPENDENT,VERIFIED_WORKBOOK_LEDGER
P021,10.1016/j.jallcom.2021.162765,P021_SERIES01,P021_MAT_FE50MN17p5CR12p5CO10NI5SI5,P021_MC_A1000_20M_RT_G41,P021_OBS_A1000_20M_RT_G41,P021_MAT_FE50MN17p5CR12p5CO10NI5SI5,Nominal_Composition,Fe50Mn17.5Cr12.5Co10Ni5Si5,at.%,DIRECT_TEXT,Abstract/Methods,Nominal alloy design,High,VERIFIED,EXPERIMENTAL,https://doi.org/10.1016/j.jallcom.2021.162765,SOURCE_LEDGER_SCOPE_DEPENDENT,VERIFIED_WORKBOOK_LEDGER
P021,10.1016/j.jallcom.2021.162765,P021_SERIES01,P021_MAT_FE50MN17p5CR12p5CO10NI5SI5,P021_MC_A1000_150M_RT_G150,P021_OBS_A1000_150M_RT_G150,P021_MAT_FE50MN17p5CR12p5CO10NI5SI5,Nominal_Composition,Fe50Mn17.5Cr12.5Co10Ni5Si5,at.%,DIRECT_TEXT,Abstract/Methods,Nominal alloy design,High,VERIFIED,EXPERIMENTAL,https://doi.org/10.1016/j.jallcom.2021.162765,SOURCE_LEDGER_SCOPE_DEPENDENT,VERIFIED_WORKBOOK_LEDGER
P021,10.1016/j.jallcom.2021.162765,P021_SERIES01,P021_MAT_FE50MN17p5CR12p5CO10NI5SI5,P021_MC_A1000_20M_77K_G41,P021_OBS_A1000_20M_77K_G41,P021_MAT_FE50MN17p5CR12p5CO10NI5SI5,Nominal_Composition,Fe50Mn17.5Cr12.5Co10Ni5Si5,at.%,DIRECT_TEXT,Abstract/Methods,Nominal alloy design,High,VERIFIED,EXPERIMENTAL,https://doi.org/10.1016/j.jallcom.2021.162765,SOURCE_LEDGER_SCOPE_DEPENDENT,VERIFIED_WORKBOOK_LEDGER
P021,10.1016/j.jallcom.2021.162765,P021_SERIES01,P021_MAT_FE50MN17p5CR12p5CO10NI5SI5,P021_MC_A900_5M_RT_G10,P021_OBS_A900_5M_RT_G10,P021_MAT_FE50MN17p5CR12p5CO10NI5SI5,Measured_Bulk_Composition,UNRESOLVED_NA,not applicable,NOT_REPORTED,Methods/Fig.1,Source review,High,VERIFIED_NA,EXPERIMENTAL,https://doi.org/10.1016/j.jallcom.2021.162765,SOURCE_LEDGER_SCOPE_DEPENDENT,VERIFIED_WORKBOOK_LEDGER
P021,10.1016/j.jallcom.2021.162765,P021_SERIES01,P021_MAT_FE50MN17p5CR12p5CO10NI5SI5,P021_MC_A900_25M_RT_G19,P021_OBS_A900_25M_RT_G19,P021_MAT_FE50MN17p5CR12p5CO10NI5SI5,Measured_Bulk_Composition,UNRESOLVED_NA,not applicable,NOT_REPORTED,Methods/Fig.1,Source review,High,VERIFIED_NA,EXPERIMENTAL,https://doi.org/10.1016/j.jallcom.2021.162765,SOURCE_LEDGER_SCOPE_DEPENDENT,VERIFIED_WORKBOOK_LEDGER
P021,10.1016/j.jallcom.2021.162765,P021_SERIES01,P021_MAT_FE50MN17p5CR12p5CO10NI5SI5,P021_MC_A1000_20M_RT_G41,P021_OBS_A1000_20M_RT_G41,P021_MAT_FE50MN17p5CR12p5CO10NI5SI5,Measured_Bulk_Composition,UNRESOLVED_NA,not applicable,NOT_REPORTED,Methods/Fig.1,Source review,High,VERIFIED_NA,EXPERIMENTAL,https://doi.org/10.1016/j.jallcom.2021.162765,SOURCE_LEDGER_SCOPE_DEPENDENT,VERIFIED_WORKBOOK_LEDGER
P021,10.1016/j.jallcom.2021.162765,P021_SERIES01,P021_MAT_FE50MN17p5CR12p5CO10NI5SI5,P021_MC_A1000_150M_RT_G150,P021_OBS_A1000_150M_RT_G150,P021_MAT_FE50MN17p5CR12p5CO10NI5SI5,Measured_Bulk_Composition,UNRESOLVED_NA,not applicable,NOT_REPORTED,Methods/Fig.1,Source review,High,VERIFIED_NA,EXPERIMENTAL,https://doi.org/10.1016/j.jallcom.2021.162765,SOURCE_LEDGER_SCOPE_DEPENDENT,VERIFIED_WORKBOOK_LEDGER
P021,10.1016/j.jallcom.2021.162765,P021_SERIES01,P021_MAT_FE50MN17p5CR12p5CO10NI5SI5,P021_MC_A1000_20M_77K_G41,P021_OBS_A1000_20M_77K_G41,P021_MAT_FE50MN17p5CR12p5CO10NI5SI5,Measured_Bulk_Composition,UNRESOLVED_NA,not applicable,NOT_REPORTED,Methods/Fig.1,Source review,High,VERIFIED_NA,EXPERIMENTAL,https://doi.org/10.1016/j.jallcom.2021.162765,SOURCE_LEDGER_SCOPE_DEPENDENT,VERIFIED_WORKBOOK_LEDGER
P021,10.1016/j.jallcom.2021.162765,P021_SERIES01,P021_MAT_FE50MN17p5CR12p5CO10NI5SI5,P021_MC_A900_5M_RT_G10,P021_OBS_A900_5M_RT_G10,P021_MC_A900_5M_RT_G10,Anneal_T_C,900,C,DIRECT_TEXT,Methods/Fig.2,Heat treatment,High,VERIFIED,EXPERIMENTAL,https://doi.org/10.1016/j.jallcom.2021.162765,SOURCE_LEDGER_SCOPE_DEPENDENT,VERIFIED_WORKBOOK_LEDGER
P021,10.1016/j.jallcom.2021.162765,P021_SERIES01,P021_MAT_FE50MN17p5CR12p5CO10NI5SI5,P021_MC_A900_5M_RT_G10,P021_OBS_A900_5M_RT_G10,P021_MC_A900_5M_RT_G10,Anneal_Time,5,min,DIRECT_TEXT,Methods/Fig.2,Heat treatment,High,VERIFIED,EXPERIMENTAL,https://doi.org/10.1016/j.jallcom.2021.162765,SOURCE_LEDGER_SCOPE_DEPENDENT,VERIFIED_WORKBOOK_LEDGER
P021,10.1016/j.jallcom.2021.162765,P021_SERIES01,P021_MAT_FE50MN17p5CR12p5CO10NI5SI5,P021_MC_A900_5M_RT_G10,P021_OBS_A900_5M_RT_G10,P021_MC_A900_5M_RT_G10,Test_T_K,298,K,DIRECT_TEXT_FIGURE,Methods/Fig.4,Tensile test,High,VERIFIED,EXPERIMENTAL,https://doi.org/10.1016/j.jallcom.2021.162765,SOURCE_LEDGER_SCOPE_DEPENDENT,VERIFIED_WORKBOOK_LEDGER
P021,10.1016/j.jallcom.2021.162765,P021_SERIES01,P021_MAT_FE50MN17p5CR12p5CO10NI5SI5,P021_MC_A900_5M_RT_G10,P021_OBS_A900_5M_RT_G10,P021_MC_A900_5M_RT_G10,Strain_Rate,0.001,s^-1,DIRECT_METHOD,Methods p.2,Tensile test,High,VERIFIED,EXPERIMENTAL,https://doi.org/10.1016/j.jallcom.2021.162765,SOURCE_LEDGER_SCOPE_DEPENDENT,VERIFIED_WORKBOOK_LEDGER
P021,10.1016/j.jallcom.2021.162765,P021_SERIES01,P021_MAT_FE50MN17p5CR12p5CO10NI5SI5,P021_MC_A900_5M_RT_G10,P021_OBS_A900_5M_RT_G10,P021_MC_A900_5M_RT_G10,Grain_Size,10,um,DIRECT_FIGURE_LABEL,Fig.2,EBSD/BSE,High,VERIFIED,EXPERIMENTAL,https://doi.org/10.1016/j.jallcom.2021.162765,SOURCE_LEDGER_SCOPE_DEPENDENT,VERIFIED_WORKBOOK_LEDGER
P021,10.1016/j.jallcom.2021.162765,P021_SERIES01,P021_MAT_FE50MN17p5CR12p5CO10NI5SI5,P021_MC_A900_5M_RT_G10,P021_OBS_A900_5M_RT_G10,P021_MC_A900_5M_RT_G10,Initial_HCP_fraction,0,fraction,DIRECT_PHASE_ABSENCE,Results/Figs.2-3,BSE/EBSD/XRD + text,High,VERIFIED,EXPERIMENTAL,https://doi.org/10.1016/j.jallcom.2021.162765,SOURCE_LEDGER_SCOPE_DEPENDENT,VERIFIED_WORKBOOK_LEDGER
P021,10.1016/j.jallcom.2021.162765,P021_SERIES01,P021_MAT_FE50MN17p5CR12p5CO10NI5SI5,P021_MC_A900_25M_RT_G19,P021_OBS_A900_25M_RT_G19,P021_MC_A900_25M_RT_G19,Anneal_T_C,900,C,DIRECT_TEXT,Methods/Fig.2,Heat treatment,High,VERIFIED,EXPERIMENTAL,https://doi.org/10.1016/j.jallcom.2021.162765,SOURCE_LEDGER_SCOPE_DEPENDENT,VERIFIED_WORKBOOK_LEDGER
P021,10.1016/j.jallcom.2021.162765,P021_SERIES01,P021_MAT_FE50MN17p5CR12p5CO10NI5SI5,P021_MC_A900_25M_RT_G19,P021_OBS_A900_25M_RT_G19,P021_MC_A900_25M_RT_G19,Anneal_Time,25,min,DIRECT_TEXT,Methods/Fig.2,Heat treatment,High,VERIFIED,EXPERIMENTAL,https://doi.org/10.1016/j.jallcom.2021.162765,SOURCE_LEDGER_SCOPE_DEPENDENT,VERIFIED_WORKBOOK_LEDGER
P021,10.1016/j.jallcom.2021.162765,P021_SERIES01,P021_MAT_FE50MN17p5CR12p5CO10NI5SI5,P021_MC_A900_25M_RT_G19,P021_OBS_A900_25M_RT_G19,P021_MC_A900_25M_RT_G19,Test_T_K,298,K,DIRECT_TEXT_FIGURE,Methods/Fig.4,Tensile test,High,VERIFIED,EXPERIMENTAL,https://doi.org/10.1016/j.jallcom.2021.162765,SOURCE_LEDGER_SCOPE_DEPENDENT,VERIFIED_WORKBOOK_LEDGER
P021,10.1016/j.jallcom.2021.162765,P021_SERIES01,P021_MAT_FE50MN17p5CR12p5CO10NI5SI5,P021_MC_A900_25M_RT_G19,P021_OBS_A900_25M_RT_G19,P021_MC_A900_25M_RT_G19,Strain_Rate,0.001,s^-1,DIRECT_METHOD,Methods p.2,Tensile test,High,VERIFIED,EXPERIMENTAL,https://doi.org/10.1016/j.jallcom.2021.162765,SOURCE_LEDGER_SCOPE_DEPENDENT,VERIFIED_WORKBOOK_LEDGER
P021,10.1016/j.jallcom.2021.162765,P021_SERIES01,P021_MAT_FE50MN17p5CR12p5CO10NI5SI5,P021_MC_A900_25M_RT_G19,P021_OBS_A900_25M_RT_G19,P021_MC_A900_25M_RT_G19,Grain_Size,19.5,um,DIRECT_FIGURE_LABEL,Fig.2,EBSD/BSE,High,VERIFIED,EXPERIMENTAL,https://doi.org/10.1016/j.jallcom.2021.162765,SOURCE_LEDGER_SCOPE_DEPENDENT,VERIFIED_WORKBOOK_LEDGER
P021,10.1016/j.jallcom.2021.162765,P021_SERIES01,P021_MAT_FE50MN17p5CR12p5CO10NI5SI5,P021_MC_A900_25M_RT_G19,P021_OBS_A900_25M_RT_G19,P021_MC_A900_25M_RT_G19,Initial_HCP_fraction,0,fraction,DIRECT_PHASE_ABSENCE,Results/Figs.2-3,BSE/EBSD/XRD + text,High,VERIFIED,EXPERIMENTAL,https://doi.org/10.1016/j.jallcom.2021.162765,SOURCE_LEDGER_SCOPE_DEPENDENT,VERIFIED_WORKBOOK_LEDGER
P021,10.1016/j.jallcom.2021.162765,P021_SERIES01,P021_MAT_FE50MN17p5CR12p5CO10NI5SI5,P021_MC_A1000_20M_RT_G41,P021_OBS_A1000_20M_RT_G41,P021_MC_A1000_20M_RT_G41,Anneal_T_C,1000,C,DIRECT_TEXT,Methods/Fig.2,Heat treatment,High,VERIFIED,EXPERIMENTAL,https://doi.org/10.1016/j.jallcom.2021.162765,SOURCE_LEDGER_SCOPE_DEPENDENT,VERIFIED_WORKBOOK_LEDGER
P021,10.1016/j.jallcom.2021.162765,P021_SERIES01,P021_MAT_FE50MN17p5CR12p5CO10NI5SI5,P021_MC_A1000_20M_RT_G41,P021_OBS_A1000_20M_RT_G41,P021_MC_A1000_20M_RT_G41,Anneal_Time,20,min,DIRECT_TEXT,Methods/Fig.2,Heat treatment,High,VERIFIED,EXPERIMENTAL,https://doi.org/10.1016/j.jallcom.2021.162765,SOURCE_LEDGER_SCOPE_DEPENDENT,VERIFIED_WORKBOOK_LEDGER
P021,10.1016/j.jallcom.2021.162765,P021_SERIES01,P021_MAT_FE50MN17p5CR12p5CO10NI5SI5,P021_MC_A1000_20M_RT_G41,P021_OBS_A1000_20M_RT_G41,P021_MC_A1000_20M_RT_G41,Test_T_K,298,K,DIRECT_TEXT_FIGURE,Methods/Fig.4,Tensile test,High,VERIFIED,EXPERIMENTAL,https://doi.org/10.1016/j.jallcom.2021.162765,SOURCE_LEDGER_SCOPE_DEPENDENT,VERIFIED_WORKBOOK_LEDGER
P021,10.1016/j.jallcom.2021.162765,P021_SERIES01,P021_MAT_FE50MN17p5CR12p5CO10NI5SI5,P021_MC_A1000_20M_RT_G41,P021_OBS_A1000_20M_RT_G41,P021_MC_A1000_20M_RT_G41,Strain_Rate,0.001,s^-1,DIRECT_METHOD,Methods p.2,Tensile test,High,VERIFIED,EXPERIMENTAL,https://doi.org/10.1016/j.jallcom.2021.162765,SOURCE_LEDGER_SCOPE_DEPENDENT,VERIFIED_WORKBOOK_LEDGER
P021,10.1016/j.jallcom.2021.162765,P021_SERIES01,P021_MAT_FE50MN17p5CR12p5CO10NI5SI5,P021_MC_A1000_20M_RT_G41,P021_OBS_A1000_20M_RT_G41,P021_MC_A1000_20M_RT_G41,Grain_Size,40.9,um,DIRECT_FIGURE_LABEL,Fig.2,EBSD/BSE,High,VERIFIED,EXPERIMENTAL,https://doi.org/10.1016/j.jallcom.2021.162765,SOURCE_LEDGER_SCOPE_DEPENDENT,VERIFIED_WORKBOOK_LEDGER
P021,10.1016/j.jallcom.2021.162765,P021_SERIES01,P021_MAT_FE50MN17p5CR12p5CO10NI5SI5,P021_MC_A1000_20M_RT_G41,P021_OBS_A1000_20M_RT_G41,P021_MC_A1000_20M_RT_G41,Initial_HCP_fraction,0,fraction,DIRECT_PHASE_ABSENCE,Results/Figs.2-3,BSE/EBSD/XRD + text,High,VERIFIED,EXPERIMENTAL,https://doi.org/10.1016/j.jallcom.2021.162765,SOURCE_LEDGER_SCOPE_DEPENDENT,VERIFIED_WORKBOOK_LEDGER
P021,10.1016/j.jallcom.2021.162765,P021_SERIES01,P021_MAT_FE50MN17p5CR12p5CO10NI5SI5,P021_MC_A1000_150M_RT_G150,P021_OBS_A1000_150M_RT_G150,P021_MC_A1000_150M_RT_G150,Anneal_T_C,1000,C,DIRECT_TEXT,Methods/Fig.2,Heat treatment,High,VERIFIED,EXPERIMENTAL,https://doi.org/10.1016/j.jallcom.2021.162765,SOURCE_LEDGER_SCOPE_DEPENDENT,VERIFIED_WORKBOOK_LEDGER
P021,10.1016/j.jallcom.2021.162765,P021_SERIES01,P021_MAT_FE50MN17p5CR12p5CO10NI5SI5,P021_MC_A1000_150M_RT_G150,P021_OBS_A1000_150M_RT_G150,P021_MC_A1000_150M_RT_G150,Anneal_Time,150,min,DIRECT_TEXT,Methods/Fig.2,Heat treatment,High,VERIFIED,EXPERIMENTAL,https://doi.org/10.1016/j.jallcom.2021.162765,SOURCE_LEDGER_SCOPE_DEPENDENT,VERIFIED_WORKBOOK_LEDGER
P021,10.1016/j.jallcom.2021.162765,P021_SERIES01,P021_MAT_FE50MN17p5CR12p5CO10NI5SI5,P021_MC_A1000_150M_RT_G150,P021_OBS_A1000_150M_RT_G150,P021_MC_A1000_150M_RT_G150,Test_T_K,298,K,DIRECT_TEXT_FIGURE,Methods/Fig.4,Tensile test,High,VERIFIED,EXPERIMENTAL,https://doi.org/10.1016/j.jallcom.2021.162765,SOURCE_LEDGER_SCOPE_DEPENDENT,VERIFIED_WORKBOOK_LEDGER
P021,10.1016/j.jallcom.2021.162765,P021_SERIES01,P021_MAT_FE50MN17p5CR12p5CO10NI5SI5,P021_MC_A1000_150M_RT_G150,P021_OBS_A1000_150M_RT_G150,P021_MC_A1000_150M_RT_G150,Strain_Rate,0.001,s^-1,DIRECT_METHOD,Methods p.2,Tensile test,High,VERIFIED,EXPERIMENTAL,https://doi.org/10.1016/j.jallcom.2021.162765,SOURCE_LEDGER_SCOPE_DEPENDENT,VERIFIED_WORKBOOK_LEDGER
P021,10.1016/j.jallcom.2021.162765,P021_SERIES01,P021_MAT_FE50MN17p5CR12p5CO10NI5SI5,P021_MC_A1000_150M_RT_G150,P021_OBS_A1000_150M_RT_G150,P021_MC_A1000_150M_RT_G150,Grain_Size,149.6,um,DIRECT_FIGURE_LABEL,Fig.2,EBSD/BSE,High,VERIFIED,EXPERIMENTAL,https://doi.org/10.1016/j.jallcom.2021.162765,SOURCE_LEDGER_SCOPE_DEPENDENT,VERIFIED_WORKBOOK_LEDGER
P021,10.1016/j.jallcom.2021.162765,P021_SERIES01,P021_MAT_FE50MN17p5CR12p5CO10NI5SI5,P021_MC_A1000_150M_RT_G150,P021_OBS_A1000_150M_RT_G150,P021_MC_A1000_150M_RT_G150,Initial_HCP_fraction,0,fraction,DIRECT_PHASE_ABSENCE,Results/Figs.2-3,BSE/EBSD/XRD + text,High,VERIFIED,EXPERIMENTAL,https://doi.org/10.1016/j.jallcom.2021.162765,SOURCE_LEDGER_SCOPE_DEPENDENT,VERIFIED_WORKBOOK_LEDGER
P021,10.1016/j.jallcom.2021.162765,P021_SERIES01,P021_MAT_FE50MN17p5CR12p5CO10NI5SI5,P021_MC_A1000_20M_77K_G41,P021_OBS_A1000_20M_77K_G41,P021_MC_A1000_20M_77K_G41,Anneal_T_C,1000,C,DIRECT_TEXT,Methods/Fig.2,Heat treatment,High,VERIFIED,EXPERIMENTAL,https://doi.org/10.1016/j.jallcom.2021.162765,SOURCE_LEDGER_SCOPE_DEPENDENT,VERIFIED_WORKBOOK_LEDGER
P021,10.1016/j.jallcom.2021.162765,P021_SERIES01,P021_MAT_FE50MN17p5CR12p5CO10NI5SI5,P021_MC_A1000_20M_77K_G41,P021_OBS_A1000_20M_77K_G41,P021_MC_A1000_20M_77K_G41,Anneal_Time,20,min,DIRECT_TEXT,Methods/Fig.2,Heat treatment,High,VERIFIED,EXPERIMENTAL,https://doi.org/10.1016/j.jallcom.2021.162765,SOURCE_LEDGER_SCOPE_DEPENDENT,VERIFIED_WORKBOOK_LEDGER
P021,10.1016/j.jallcom.2021.162765,P021_SERIES01,P021_MAT_FE50MN17p5CR12p5CO10NI5SI5,P021_MC_A1000_20M_77K_G41,P021_OBS_A1000_20M_77K_G41,P021_MC_A1000_20M_77K_G41,Test_T_K,77,K,DIRECT_TEXT_FIGURE,Methods/Fig.4,Tensile test,High,VERIFIED,EXPERIMENTAL,https://doi.org/10.1016/j.jallcom.2021.162765,SOURCE_LEDGER_SCOPE_DEPENDENT,VERIFIED_WORKBOOK_LEDGER
P021,10.1016/j.jallcom.2021.162765,P021_SERIES01,P021_MAT_FE50MN17p5CR12p5CO10NI5SI5,P021_MC_A1000_20M_77K_G41,P021_OBS_A1000_20M_77K_G41,P021_MC_A1000_20M_77K_G41,Strain_Rate,0.001,s^-1,DIRECT_METHOD,Methods p.2,Tensile test,High,VERIFIED,EXPERIMENTAL,https://doi.org/10.1016/j.jallcom.2021.162765,SOURCE_LEDGER_SCOPE_DEPENDENT,VERIFIED_WORKBOOK_LEDGER
P021,10.1016/j.jallcom.2021.162765,P021_SERIES01,P021_MAT_FE50MN17p5CR12p5CO10NI5SI5,P021_MC_A1000_20M_77K_G41,P021_OBS_A1000_20M_77K_G41,P021_MC_A1000_20M_77K_G41,Grain_Size,40.9,um,DIRECT_FIGURE_LABEL,Fig.2,EBSD/BSE,High,VERIFIED,EXPERIMENTAL,https://doi.org/10.1016/j.jallcom.2021.162765,SOURCE_LEDGER_SCOPE_DEPENDENT,VERIFIED_WORKBOOK_LEDGER
P021,10.1016/j.jallcom.2021.162765,P021_SERIES01,P021_MAT_FE50MN17p5CR12p5CO10NI5SI5,P021_MC_A1000_20M_77K_G41,P021_OBS_A1000_20M_77K_G41,P021_MC_A1000_20M_77K_G41,Initial_HCP_fraction,0,fraction,DIRECT_PHASE_ABSENCE,Results/Figs.2-3,BSE/EBSD/XRD + text,High,VERIFIED,EXPERIMENTAL,https://doi.org/10.1016/j.jallcom.2021.162765,SOURCE_LEDGER_SCOPE_DEPENDENT,VERIFIED_WORKBOOK_LEDGER
P021,10.1016/j.jallcom.2021.162765,P021_SERIES01,P021_MAT_FE50MN17p5CR12p5CO10NI5SI5,P021_MC_A900_5M_RT_G10,P021_OBS_A900_5M_RT_G10,P021_MC_A900_5M_RT_G10,Engineering_YS,310,MPa,DIRECT_FIGURE_INSET,Fig.4,Tensile test,High,VERIFIED,EXPERIMENTAL,https://doi.org/10.1016/j.jallcom.2021.162765,SOURCE_LEDGER_SCOPE_DEPENDENT,VERIFIED_WORKBOOK_LEDGER
P021,10.1016/j.jallcom.2021.162765,P021_SERIES01,P021_MAT_FE50MN17p5CR12p5CO10NI5SI5,P021_MC_A900_5M_RT_G10,P021_OBS_A900_5M_RT_G10,P021_MC_A900_5M_RT_G10,Engineering_UTS,769,MPa,DIRECT_FIGURE_INSET,Fig.4,Tensile test,High,VERIFIED,EXPERIMENTAL,https://doi.org/10.1016/j.jallcom.2021.162765,SOURCE_LEDGER_SCOPE_DEPENDENT,VERIFIED_WORKBOOK_LEDGER
P021,10.1016/j.jallcom.2021.162765,P021_SERIES01,P021_MAT_FE50MN17p5CR12p5CO10NI5SI5,P021_MC_A900_5M_RT_G10,P021_OBS_A900_5M_RT_G10,P021_MC_A900_5M_RT_G10,Engineering_Elongation,63,%,DIRECT_FIGURE_INSET,Fig.4,Tensile test,High,VERIFIED,EXPERIMENTAL,https://doi.org/10.1016/j.jallcom.2021.162765,SOURCE_LEDGER_SCOPE_DEPENDENT,VERIFIED_WORKBOOK_LEDGER
P021,10.1016/j.jallcom.2021.162765,P021_SERIES01,P021_MAT_FE50MN17p5CR12p5CO10NI5SI5,P021_MC_A900_25M_RT_G19,P021_OBS_A900_25M_RT_G19,P021_MC_A900_25M_RT_G19,Engineering_YS,292,MPa,DIRECT_FIGURE_INSET,Fig.4,Tensile test,High,VERIFIED,EXPERIMENTAL,https://doi.org/10.1016/j.jallcom.2021.162765,SOURCE_LEDGER_SCOPE_DEPENDENT,VERIFIED_WORKBOOK_LEDGER
P021,10.1016/j.jallcom.2021.162765,P021_SERIES01,P021_MAT_FE50MN17p5CR12p5CO10NI5SI5,P021_MC_A900_25M_RT_G19,P021_OBS_A900_25M_RT_G19,P021_MC_A900_25M_RT_G19,Engineering_UTS,736,MPa,DIRECT_FIGURE_INSET,Fig.4,Tensile test,High,VERIFIED,EXPERIMENTAL,https://doi.org/10.1016/j.jallcom.2021.162765,SOURCE_LEDGER_SCOPE_DEPENDENT,VERIFIED_WORKBOOK_LEDGER
P021,10.1016/j.jallcom.2021.162765,P021_SERIES01,P021_MAT_FE50MN17p5CR12p5CO10NI5SI5,P021_MC_A900_25M_RT_G19,P021_OBS_A900_25M_RT_G19,P021_MC_A900_25M_RT_G19,Engineering_Elongation,64,%,DIRECT_FIGURE_INSET,Fig.4,Tensile test,High,VERIFIED,EXPERIMENTAL,https://doi.org/10.1016/j.jallcom.2021.162765,SOURCE_LEDGER_SCOPE_DEPENDENT,VERIFIED_WORKBOOK_LEDGER
P021,10.1016/j.jallcom.2021.162765,P021_SERIES01,P021_MAT_FE50MN17p5CR12p5CO10NI5SI5,P021_MC_A1000_20M_RT_G41,P021_OBS_A1000_20M_RT_G41,P021_MC_A1000_20M_RT_G41,Engineering_YS,249,MPa,DIRECT_FIGURE_INSET,Fig.4,Tensile test,High,VERIFIED,EXPERIMENTAL,https://doi.org/10.1016/j.jallcom.2021.162765,SOURCE_LEDGER_SCOPE_DEPENDENT,VERIFIED_WORKBOOK_LEDGER
P021,10.1016/j.jallcom.2021.162765,P021_SERIES01,P021_MAT_FE50MN17p5CR12p5CO10NI5SI5,P021_MC_A1000_20M_RT_G41,P021_OBS_A1000_20M_RT_G41,P021_MC_A1000_20M_RT_G41,Engineering_UTS,688,MPa,DIRECT_FIGURE_INSET,Fig.4,Tensile test,High,VERIFIED,EXPERIMENTAL,https://doi.org/10.1016/j.jallcom.2021.162765,SOURCE_LEDGER_SCOPE_DEPENDENT,VERIFIED_WORKBOOK_LEDGER
P021,10.1016/j.jallcom.2021.162765,P021_SERIES01,P021_MAT_FE50MN17p5CR12p5CO10NI5SI5,P021_MC_A1000_20M_RT_G41,P021_OBS_A1000_20M_RT_G41,P021_MC_A1000_20M_RT_G41,Engineering_Elongation,58,%,DIRECT_FIGURE_INSET,Fig.4,Tensile test,High,VERIFIED,EXPERIMENTAL,https://doi.org/10.1016/j.jallcom.2021.162765,SOURCE_LEDGER_SCOPE_DEPENDENT,VERIFIED_WORKBOOK_LEDGER
P021,10.1016/j.jallcom.2021.162765,P021_SERIES01,P021_MAT_FE50MN17p5CR12p5CO10NI5SI5,P021_MC_A1000_150M_RT_G150,P021_OBS_A1000_150M_RT_G150,P021_MC_A1000_150M_RT_G150,Engineering_YS,228,MPa,DIRECT_FIGURE_INSET,Fig.4,Tensile test,High,VERIFIED,EXPERIMENTAL,https://doi.org/10.1016/j.jallcom.2021.162765,SOURCE_LEDGER_SCOPE_DEPENDENT,VERIFIED_WORKBOOK_LEDGER
P021,10.1016/j.jallcom.2021.162765,P021_SERIES01,P021_MAT_FE50MN17p5CR12p5CO10NI5SI5,P021_MC_A1000_150M_RT_G150,P021_OBS_A1000_150M_RT_G150,P021_MC_A1000_150M_RT_G150,Engineering_UTS,643,MPa,DIRECT_FIGURE_INSET,Fig.4,Tensile test,High,VERIFIED,EXPERIMENTAL,https://doi.org/10.1016/j.jallcom.2021.162765,SOURCE_LEDGER_SCOPE_DEPENDENT,VERIFIED_WORKBOOK_LEDGER
P021,10.1016/j.jallcom.2021.162765,P021_SERIES01,P021_MAT_FE50MN17p5CR12p5CO10NI5SI5,P021_MC_A1000_150M_RT_G150,P021_OBS_A1000_150M_RT_G150,P021_MC_A1000_150M_RT_G150,Engineering_Elongation,59,%,DIRECT_FIGURE_INSET,Fig.4,Tensile test,High,VERIFIED,EXPERIMENTAL,https://doi.org/10.1016/j.jallcom.2021.162765,SOURCE_LEDGER_SCOPE_DEPENDENT,VERIFIED_WORKBOOK_LEDGER
P021,10.1016/j.jallcom.2021.162765,P021_SERIES01,P021_MAT_FE50MN17p5CR12p5CO10NI5SI5,P021_MC_A1000_20M_77K_G41,P021_OBS_A1000_20M_77K_G41,P021_MC_A1000_20M_77K_G41,Engineering_YS,540,MPa,DIRECT_FIGURE_INSET,Fig.4,Tensile test,High,VERIFIED,EXPERIMENTAL,https://doi.org/10.1016/j.jallcom.2021.162765,SOURCE_LEDGER_SCOPE_DEPENDENT,VERIFIED_WORKBOOK_LEDGER
P021,10.1016/j.jallcom.2021.162765,P021_SERIES01,P021_MAT_FE50MN17p5CR12p5CO10NI5SI5,P021_MC_A1000_20M_77K_G41,P021_OBS_A1000_20M_77K_G41,P021_MC_A1000_20M_77K_G41,Engineering_UTS,1410,MPa,DIRECT_FIGURE_INSET,Fig.4,Tensile test,High,VERIFIED,EXPERIMENTAL,https://doi.org/10.1016/j.jallcom.2021.162765,SOURCE_LEDGER_SCOPE_DEPENDENT,VERIFIED_WORKBOOK_LEDGER
P021,10.1016/j.jallcom.2021.162765,P021_SERIES01,P021_MAT_FE50MN17p5CR12p5CO10NI5SI5,P021_MC_A1000_20M_77K_G41,P021_OBS_A1000_20M_77K_G41,P021_MC_A1000_20M_77K_G41,Engineering_Elongation,51,%,DIRECT_FIGURE_INSET,Fig.4,Tensile test,High,VERIFIED,EXPERIMENTAL,https://doi.org/10.1016/j.jallcom.2021.162765,SOURCE_LEDGER_SCOPE_DEPENDENT,VERIFIED_WORKBOOK_LEDGER
P021,10.1016/j.jallcom.2021.162765,P021_SERIES01,P021_MAT_FE50MN17p5CR12p5CO10NI5SI5,P021_MC_A1000_20M_RT_G41,P021_OBS_A1000_20M_RT_G41,P021_MC_A1000_20M_RT_G41,Effective_TRIP,1,binary,DIRECT_EBSD_TEM,"Figs.6a,7c",EBSD/TEM,High,VERIFIED,EXPERIMENTAL,https://doi.org/10.1016/j.jallcom.2021.162765,SOURCE_LEDGER_SCOPE_DEPENDENT,VERIFIED_WORKBOOK_LEDGER
P021,10.1016/j.jallcom.2021.162765,P021_SERIES01,P021_MAT_FE50MN17p5CR12p5CO10NI5SI5,P021_MC_A1000_20M_RT_G41,P021_OBS_A1000_20M_RT_G41,P021_MC_A1000_20M_RT_G41,Effective_TWIP,1,binary,DIRECT_TEM_TEXT_LOW_ABUNDANCE,Fig.7c / p.6,TEM,Medium,VERIFIED_LOW_ABUNDANCE,EXPERIMENTAL,https://doi.org/10.1016/j.jallcom.2021.162765,SOURCE_LEDGER_SCOPE_DEPENDENT,VERIFIED_WORKBOOK_LEDGER
P021,10.1016/j.jallcom.2021.162765,P021_SERIES01,P021_MAT_FE50MN17p5CR12p5CO10NI5SI5,P021_MC_A1000_20M_RT_G41,P021_OBS_A1000_20M_RT_G41,P021_MC_A1000_20M_RT_G41,Postfracture_HCP_fraction,0.149,fraction,DIRECT_EBSD_NUMERIC,Fig.6a / p.5,EBSD,High,VERIFIED,EXPERIMENTAL,https://doi.org/10.1016/j.jallcom.2021.162765,SOURCE_LEDGER_SCOPE_DEPENDENT,VERIFIED_WORKBOOK_LEDGER
P021,10.1016/j.jallcom.2021.162765,P021_SERIES01,P021_MAT_FE50MN17p5CR12p5CO10NI5SI5,P021_MC_A1000_20M_77K_G41,P021_OBS_A1000_20M_77K_G41,P021_MC_A1000_20M_77K_G41,Effective_TRIP,1,binary,DIRECT_XRD_EBSD_TEM,"Figs.5,6b,7d",XRD/EBSD/TEM,High,VERIFIED,EXPERIMENTAL,https://doi.org/10.1016/j.jallcom.2021.162765,SOURCE_LEDGER_SCOPE_DEPENDENT,VERIFIED_WORKBOOK_LEDGER
P021,10.1016/j.jallcom.2021.162765,P021_SERIES01,P021_MAT_FE50MN17p5CR12p5CO10NI5SI5,P021_MC_A1000_20M_77K_G41,P021_OBS_A1000_20M_77K_G41,P021_MC_A1000_20M_77K_G41,Effective_TWIP,UNRESOLVED_NA,binary,INSUFFICIENT_CONDITION_LEVEL_EVIDENCE,pp.6-7,Source review,High,VERIFIED_NA,EXPERIMENTAL,https://doi.org/10.1016/j.jallcom.2021.162765,SOURCE_LEDGER_SCOPE_DEPENDENT,VERIFIED_WORKBOOK_LEDGER
P021,10.1016/j.jallcom.2021.162765,P021_SERIES01,P021_MAT_FE50MN17p5CR12p5CO10NI5SI5,P021_MC_A1000_20M_77K_G41,P021_OBS_A1000_20M_77K_G41,P021_MC_A1000_20M_77K_G41,Postfracture_HCP_fraction,0.562,fraction,DIRECT_EBSD_NUMERIC,Fig.6b / p.5,EBSD,High,VERIFIED,EXPERIMENTAL,https://doi.org/10.1016/j.jallcom.2021.162765,SOURCE_LEDGER_SCOPE_DEPENDENT,VERIFIED_WORKBOOK_LEDGER
P021,10.1016/j.jallcom.2021.162765,P021_SERIES01,P021_MAT_FE50MN17p5CR12p5CO10NI5SI5,P021_MC_A1000_20M_RT_G41,P021_OBS_A1000_20M_RT_G41,P021_MAT_FE50MN17p5CR12p5CO10NI5SI5,SFE_numeric,UNRESOLVED_NA,mJ/m2,AUTHOR_INFERRED_BOUND_ONLY,p.5,Source review,High,VERIFIED_NA_NOT_DIRECT,EXPERIMENTAL,https://doi.org/10.1016/j.jallcom.2021.162765,SOURCE_LEDGER_SCOPE_DEPENDENT,VERIFIED_WORKBOOK_LEDGER
P021,10.1016/j.jallcom.2021.162765,P021_SERIES01,P021_MAT_FE50MN17p5CR12p5CO10NI5SI5,P021_MC_A1000_20M_RT_G41,P021_OBS_A1000_20M_RT_G41,P021_MAT_FE50MN17p5CR12p5CO10NI5SI5,SFE_raw_bound,<23,mJ/m2,AUTHOR_INFERRED_FROM_MECHANISM,p.5,Mechanism + literature comparison,Medium,VERIFIED_RAW_BOUND,EXPERIMENTAL,https://doi.org/10.1016/j.jallcom.2021.162765,SOURCE_LEDGER_SCOPE_DEPENDENT,VERIFIED_WORKBOOK_LEDGER
P021,10.1016/j.jallcom.2021.162765,P021_SERIES01,P021_MAT_FE50MN17p5CR12p5CO10NI5SI5,P021_MC_A900_5M_RT_G10,P021_OBS_A900_5M_RT_G10,P021_MAT_FE50MN17p5CR12p5CO10NI5SI5,DeltaG_FCC_to_HCP,UNRESOLVED_NA,J/mol,NOT_REPORTED,Whole paper,Source review,High,VERIFIED_NA,EXPERIMENTAL,https://doi.org/10.1016/j.jallcom.2021.162765,SOURCE_LEDGER_SCOPE_DEPENDENT,VERIFIED_WORKBOOK_LEDGER
P021,10.1016/j.jallcom.2021.162765,P021_SERIES01,P021_MAT_FE50MN17p5CR12p5CO10NI5SI5,P021_MC_A900_25M_RT_G19,P021_OBS_A900_25M_RT_G19,P021_MAT_FE50MN17p5CR12p5CO10NI5SI5,DeltaG_FCC_to_HCP,UNRESOLVED_NA,J/mol,NOT_REPORTED,Whole paper,Source review,High,VERIFIED_NA,EXPERIMENTAL,https://doi.org/10.1016/j.jallcom.2021.162765,SOURCE_LEDGER_SCOPE_DEPENDENT,VERIFIED_WORKBOOK_LEDGER
P021,10.1016/j.jallcom.2021.162765,P021_SERIES01,P021_MAT_FE50MN17p5CR12p5CO10NI5SI5,P021_MC_A1000_20M_RT_G41,P021_OBS_A1000_20M_RT_G41,P021_MAT_FE50MN17p5CR12p5CO10NI5SI5,DeltaG_FCC_to_HCP,UNRESOLVED_NA,J/mol,NOT_REPORTED,Whole paper,Source review,High,VERIFIED_NA,EXPERIMENTAL,https://doi.org/10.1016/j.jallcom.2021.162765,SOURCE_LEDGER_SCOPE_DEPENDENT,VERIFIED_WORKBOOK_LEDGER
P021,10.1016/j.jallcom.2021.162765,P021_SERIES01,P021_MAT_FE50MN17p5CR12p5CO10NI5SI5,P021_MC_A1000_150M_RT_G150,P021_OBS_A1000_150M_RT_G150,P021_MAT_FE50MN17p5CR12p5CO10NI5SI5,DeltaG_FCC_to_HCP,UNRESOLVED_NA,J/mol,NOT_REPORTED,Whole paper,Source review,High,VERIFIED_NA,EXPERIMENTAL,https://doi.org/10.1016/j.jallcom.2021.162765,SOURCE_LEDGER_SCOPE_DEPENDENT,VERIFIED_WORKBOOK_LEDGER
P021,10.1016/j.jallcom.2021.162765,P021_SERIES01,P021_MAT_FE50MN17p5CR12p5CO10NI5SI5,P021_MC_A1000_20M_77K_G41,P021_OBS_A1000_20M_77K_G41,P021_MAT_FE50MN17p5CR12p5CO10NI5SI5,DeltaG_FCC_to_HCP,UNRESOLVED_NA,J/mol,NOT_REPORTED,Whole paper,Source review,High,VERIFIED_NA,EXPERIMENTAL,https://doi.org/10.1016/j.jallcom.2021.162765,SOURCE_LEDGER_SCOPE_DEPENDENT,VERIFIED_WORKBOOK_LEDGER
P021,10.1016/j.jallcom.2021.162765,P021_SERIES01,P021_MAT_FE50MN17p5CR12p5CO10NI5SI5,P021_MC_A1000_20M_RT_G41,P021_OBS_A1000_20M_RT_G41,P021_MAT_FE50MN17p5CR12p5CO10NI5SI5_PHYSICS,SFE_Raw_Bound_298K,<23 mJ/m2,mJ/m2,AUTHOR_INFERRED_UPPER_BOUND_NOT_DIRECT_MEASUREMENT,Results p.5,Author inference from observed FCC->HCP transformation combined with literature mechanism thresholds,Medium,AUTHOR_INFERRED_UPPER_BOUND_NOT_DIRECT_MEASUREMENT,EXPERIMENTAL,https://doi.org/10.1016/j.jallcom.2021.162765,NOT_SAFE_AS_DIRECT_NUMERIC_SFE,PHYSICS_SUPPORT_MAPPING
P021,10.1016/j.jallcom.2021.162765,P021_SERIES01,P021_MAT_FE50MN17p5CR12p5CO10NI5SI5,P021_MC_A1000_20M_77K_G41,P021_OBS_A1000_20M_77K_G41,P021_MAT_FE50MN17p5CR12p5CO10NI5SI5_PHYSICS,SFE_Qualitative_State_77K,lower than room-temperature state; no numeric value,mJ/m2,QUALITATIVE_ONLY_NO_NUMERIC_VALUE,Results pp.5-6,Qualitative temperature-effect interpretation,Medium,QUALITATIVE_ONLY_NO_NUMERIC_VALUE,EXPERIMENTAL,https://doi.org/10.1016/j.jallcom.2021.162765,NOT_SAFE_AS_DIRECT_NUMERIC_SFE,PHYSICS_SUPPORT_MAPPING
P021,10.1016/j.jallcom.2021.162765,P021_SERIES01,P021_MAT_FE50MN17p5CR12p5CO10NI5SI5,P021_MC_A900_5M_RT_G10,P021_OBS_A900_5M_RT_G10,P021_MAT_FE50MN17p5CR12p5CO10NI5SI5_PHYSICS,DeltaG_FCC_HCP_J_mol,UNRESOLVED_NA,J/mol,NOT_REPORTED,Whole paper,Not reported,High,VERIFIED_NA_NOT_REPORTED,EXPERIMENTAL,https://doi.org/10.1016/j.jallcom.2021.162765,,PHYSICS_SUPPORT_MAPPING
P021,10.1016/j.jallcom.2021.162765,P021_SERIES01,P021_MAT_FE50MN17p5CR12p5CO10NI5SI5,P021_MC_A900_25M_RT_G19,P021_OBS_A900_25M_RT_G19,P021_MAT_FE50MN17p5CR12p5CO10NI5SI5_PHYSICS,DeltaG_FCC_HCP_J_mol,UNRESOLVED_NA,J/mol,NOT_REPORTED,Whole paper,Not reported,High,VERIFIED_NA_NOT_REPORTED,EXPERIMENTAL,https://doi.org/10.1016/j.jallcom.2021.162765,,PHYSICS_SUPPORT_MAPPING
P021,10.1016/j.jallcom.2021.162765,P021_SERIES01,P021_MAT_FE50MN17p5CR12p5CO10NI5SI5,P021_MC_A1000_20M_RT_G41,P021_OBS_A1000_20M_RT_G41,P021_MAT_FE50MN17p5CR12p5CO10NI5SI5_PHYSICS,DeltaG_FCC_HCP_J_mol,UNRESOLVED_NA,J/mol,NOT_REPORTED,Whole paper,Not reported,High,VERIFIED_NA_NOT_REPORTED,EXPERIMENTAL,https://doi.org/10.1016/j.jallcom.2021.162765,,PHYSICS_SUPPORT_MAPPING
P021,10.1016/j.jallcom.2021.162765,P021_SERIES01,P021_MAT_FE50MN17p5CR12p5CO10NI5SI5,P021_MC_A1000_150M_RT_G150,P021_OBS_A1000_150M_RT_G150,P021_MAT_FE50MN17p5CR12p5CO10NI5SI5_PHYSICS,DeltaG_FCC_HCP_J_mol,UNRESOLVED_NA,J/mol,NOT_REPORTED,Whole paper,Not reported,High,VERIFIED_NA_NOT_REPORTED,EXPERIMENTAL,https://doi.org/10.1016/j.jallcom.2021.162765,,PHYSICS_SUPPORT_MAPPING
P021,10.1016/j.jallcom.2021.162765,P021_SERIES01,P021_MAT_FE50MN17p5CR12p5CO10NI5SI5,P021_MC_A1000_20M_77K_G41,P021_OBS_A1000_20M_77K_G41,P021_MAT_FE50MN17p5CR12p5CO10NI5SI5_PHYSICS,DeltaG_FCC_HCP_J_mol,UNRESOLVED_NA,J/mol,NOT_REPORTED,Whole paper,Not reported,High,VERIFIED_NA_NOT_REPORTED,EXPERIMENTAL,https://doi.org/10.1016/j.jallcom.2021.162765,,PHYSICS_SUPPORT_MAPPING
P021,10.1016/j.jallcom.2021.162765,P021_SERIES01,P021_MAT_FE50MN17p5CR12p5CO10NI5SI5,P021_MC_A900_5M_RT_G10,P021_OBS_A900_5M_RT_G10,P021_HP_SIGMA0,Hall_Petch_sigma0,198,MPa,CURRENT_PAPER_FIT_FROM_TENSILE_YIELD_RESPONSE,Table 1 p.5,Current-paper Hall-Petch fit from tensile yield response,High,VERIFIED_MODEL_DERIVED_SUPPORT,EXPERIMENTAL,https://doi.org/10.1016/j.jallcom.2021.162765,MODEL_DERIVED_LEAKAGE,HALL_PETCH_SUPPORT_MAPPING
P021,10.1016/j.jallcom.2021.162765,P021_SERIES01,P021_MAT_FE50MN17p5CR12p5CO10NI5SI5,P021_MC_A900_25M_RT_G19,P021_OBS_A900_25M_RT_G19,P021_HP_SIGMA0,Hall_Petch_sigma0,198,MPa,CURRENT_PAPER_FIT_FROM_TENSILE_YIELD_RESPONSE,Table 1 p.5,Current-paper Hall-Petch fit from tensile yield response,High,VERIFIED_MODEL_DERIVED_SUPPORT,EXPERIMENTAL,https://doi.org/10.1016/j.jallcom.2021.162765,MODEL_DERIVED_LEAKAGE,HALL_PETCH_SUPPORT_MAPPING
P021,10.1016/j.jallcom.2021.162765,P021_SERIES01,P021_MAT_FE50MN17p5CR12p5CO10NI5SI5,P021_MC_A1000_20M_RT_G41,P021_OBS_A1000_20M_RT_G41,P021_HP_SIGMA0,Hall_Petch_sigma0,198,MPa,CURRENT_PAPER_FIT_FROM_TENSILE_YIELD_RESPONSE,Table 1 p.5,Current-paper Hall-Petch fit from tensile yield response,High,VERIFIED_MODEL_DERIVED_SUPPORT,EXPERIMENTAL,https://doi.org/10.1016/j.jallcom.2021.162765,MODEL_DERIVED_LEAKAGE,HALL_PETCH_SUPPORT_MAPPING
P021,10.1016/j.jallcom.2021.162765,P021_SERIES01,P021_MAT_FE50MN17p5CR12p5CO10NI5SI5,P021_MC_A1000_150M_RT_G150,P021_OBS_A1000_150M_RT_G150,P021_HP_SIGMA0,Hall_Petch_sigma0,198,MPa,CURRENT_PAPER_FIT_FROM_TENSILE_YIELD_RESPONSE,Table 1 p.5,Current-paper Hall-Petch fit from tensile yield response,High,VERIFIED_MODEL_DERIVED_SUPPORT,EXPERIMENTAL,https://doi.org/10.1016/j.jallcom.2021.162765,MODEL_DERIVED_LEAKAGE,HALL_PETCH_SUPPORT_MAPPING
P021,10.1016/j.jallcom.2021.162765,P021_SERIES01,P021_MAT_FE50MN17p5CR12p5CO10NI5SI5,P021_MC_A900_5M_RT_G10,P021_OBS_A900_5M_RT_G10,P021_HP_K,Hall_Petch_k,368,MPa um^0.5,CURRENT_PAPER_FIT_FROM_TENSILE_YIELD_RESPONSE,Table 1 p.5,Current-paper Hall-Petch fit from tensile yield response,High,VERIFIED_MODEL_DERIVED_SUPPORT,EXPERIMENTAL,https://doi.org/10.1016/j.jallcom.2021.162765,MODEL_DERIVED_LEAKAGE,HALL_PETCH_SUPPORT_MAPPING
P021,10.1016/j.jallcom.2021.162765,P021_SERIES01,P021_MAT_FE50MN17p5CR12p5CO10NI5SI5,P021_MC_A900_25M_RT_G19,P021_OBS_A900_25M_RT_G19,P021_HP_K,Hall_Petch_k,368,MPa um^0.5,CURRENT_PAPER_FIT_FROM_TENSILE_YIELD_RESPONSE,Table 1 p.5,Current-paper Hall-Petch fit from tensile yield response,High,VERIFIED_MODEL_DERIVED_SUPPORT,EXPERIMENTAL,https://doi.org/10.1016/j.jallcom.2021.162765,MODEL_DERIVED_LEAKAGE,HALL_PETCH_SUPPORT_MAPPING
P021,10.1016/j.jallcom.2021.162765,P021_SERIES01,P021_MAT_FE50MN17p5CR12p5CO10NI5SI5,P021_MC_A1000_20M_RT_G41,P021_OBS_A1000_20M_RT_G41,P021_HP_K,Hall_Petch_k,368,MPa um^0.5,CURRENT_PAPER_FIT_FROM_TENSILE_YIELD_RESPONSE,Table 1 p.5,Current-paper Hall-Petch fit from tensile yield response,High,VERIFIED_MODEL_DERIVED_SUPPORT,EXPERIMENTAL,https://doi.org/10.1016/j.jallcom.2021.162765,MODEL_DERIVED_LEAKAGE,HALL_PETCH_SUPPORT_MAPPING
P021,10.1016/j.jallcom.2021.162765,P021_SERIES01,P021_MAT_FE50MN17p5CR12p5CO10NI5SI5,P021_MC_A1000_150M_RT_G150,P021_OBS_A1000_150M_RT_G150,P021_HP_K,Hall_Petch_k,368,MPa um^0.5,CURRENT_PAPER_FIT_FROM_TENSILE_YIELD_RESPONSE,Table 1 p.5,Current-paper Hall-Petch fit from tensile yield response,High,VERIFIED_MODEL_DERIVED_SUPPORT,EXPERIMENTAL,https://doi.org/10.1016/j.jallcom.2021.162765,MODEL_DERIVED_LEAKAGE,HALL_PETCH_SUPPORT_MAPPING
