Paper_ID,DOI,Study_Series_ID,Material_Parent_ID,ML_Condition_ID,Observation_ID,Record_ID,Feature_Name,Recovered_Value,Units,Evidence_Type,Evidence_Location,Method,Confidence,Recovery_Status,Data_Origin,Source_URL,Predictor_Eligibility,Provenance_Layer
P022,10.1007/s10853-019-04064-9,P022_SERIES01,P022_MAT_C0,P022_MC_C0_ASCAST_RT,P022_OBS_C0_ASCAST_RT,P022_OBS_C0_ASCAST_RT,Paper_ID,P022,as reported,SOURCE_IDENTITY,Verified article identity / whole paper,Verified PDF and bibliographic DOI identity,MEDIUM,VERIFIED,EXPERIMENTAL,https://doi.org/10.1007/s10853-019-04064-9,AUDIT_SCOPE_DEPENDENT,MASTER_FIELD_MAPPING
P022,10.1007/s10853-019-04064-9,P022_SERIES01,P022_MAT_C0,P022_MC_C0_ASCAST_RT,P022_OBS_C0_ASCAST_RT,P022_OBS_C0_ASCAST_RT,DOI,10.1007/s10853-019-04064-9,as reported,SOURCE_IDENTITY,Verified article identity / whole paper,Verified PDF and bibliographic DOI identity,MEDIUM,VERIFIED,EXPERIMENTAL,https://doi.org/10.1007/s10853-019-04064-9,AUDIT_SCOPE_DEPENDENT,MASTER_FIELD_MAPPING
P022,10.1007/s10853-019-04064-9,P022_SERIES01,P022_MAT_C0,P022_MC_C0_ASCAST_RT,P022_OBS_C0_ASCAST_RT,P022_OBS_C0_ASCAST_RT,Paper_Title,Excellent room temperature ductility of as-cast TRIP high-entropy alloy via Mo and C alloying,as reported,SOURCE_IDENTITY,Verified article identity / whole paper,Verified PDF and bibliographic DOI identity,MEDIUM,VERIFIED,EXPERIMENTAL,https://doi.org/10.1007/s10853-019-04064-9,AUDIT_SCOPE_DEPENDENT,MASTER_FIELD_MAPPING
P022,10.1007/s10853-019-04064-9,P022_SERIES01,P022_MAT_C0,P022_MC_C0_ASCAST_RT,P022_OBS_C0_ASCAST_RT,P022_OBS_C0_ASCAST_RT,Condition_ID,P022_MC_C0_ASCAST_RT,as reported,HIERARCHY_INTEGRATION,"Verified material-parent, condition, and stage sheets",Source-defined hierarchy with correlated stage-child control,MEDIUM,VERIFIED,EXPERIMENTAL,https://doi.org/10.1007/s10853-019-04064-9,AUDIT_SCOPE_DEPENDENT,MASTER_FIELD_MAPPING
P022,10.1007/s10853-019-04064-9,P022_SERIES01,P022_MAT_C0,P022_MC_C0_ASCAST_RT,P022_OBS_C0_ASCAST_RT,P022_OBS_C0_ASCAST_RT,Experiment_Group_ID,P022_SERIES01,as reported,HIERARCHY_INTEGRATION,"Verified material-parent, condition, and stage sheets",Source-defined hierarchy with correlated stage-child control,MEDIUM,VERIFIED,EXPERIMENTAL,https://doi.org/10.1007/s10853-019-04064-9,AUDIT_SCOPE_DEPENDENT,MASTER_FIELD_MAPPING
P022,10.1007/s10853-019-04064-9,P022_SERIES01,P022_MAT_C0,P022_MC_C0_ASCAST_RT,P022_OBS_C0_ASCAST_RT,P022_OBS_C0_ASCAST_RT,Row_Type,Primary as-cast experimental tensile condition,as reported,HIERARCHY_INTEGRATION,"Verified material-parent, condition, and stage sheets",Source-defined hierarchy with correlated stage-child control,MEDIUM,VERIFIED,EXPERIMENTAL,https://doi.org/10.1007/s10853-019-04064-9,AUDIT_SCOPE_DEPENDENT,MASTER_FIELD_MAPPING
P022,10.1007/s10853-019-04064-9,P022_SERIES01,P022_MAT_C0,P022_MC_C0_ASCAST_RT,P022_OBS_C0_ASCAST_RT,P022_OBS_C0_ASCAST_RT,Alloy_ID,C0,as reported,DIRECT_TEXT_OR_VERIFIED_NA,Materials and methods p.2; tensile condition p.3,Source text without chemistry normalization or temperature/rate inference,MEDIUM,VERIFIED,EXPERIMENTAL,https://doi.org/10.1007/s10853-019-04064-9,AUDIT_SCOPE_DEPENDENT,MASTER_FIELD_MAPPING
P022,10.1007/s10853-019-04064-9,P022_SERIES01,P022_MAT_C0,P022_MC_C0_ASCAST_RT,P022_OBS_C0_ASCAST_RT,P022_OBS_C0_ASCAST_RT,Original_Composition,Fe50Mn30Co10Cr10,as reported,DIRECT_TEXT_OR_VERIFIED_NA,Materials and methods p.2; tensile condition p.3,Source text without chemistry normalization or temperature/rate inference,MEDIUM,VERIFIED,EXPERIMENTAL,https://doi.org/10.1007/s10853-019-04064-9,AUDIT_SCOPE_DEPENDENT,MASTER_FIELD_MAPPING
P022,10.1007/s10853-019-04064-9,P022_SERIES01,P022_MAT_C0,P022_MC_C0_ASCAST_RT,P022_OBS_C0_ASCAST_RT,P022_OBS_C0_ASCAST_RT,Composition_basis,ATOMIC_RATIO_AS_REPORTED,as reported,DIRECT_TEXT_OR_VERIFIED_NA,Materials and methods p.2; tensile condition p.3,Source text without chemistry normalization or temperature/rate inference,MEDIUM,VERIFIED,EXPERIMENTAL,https://doi.org/10.1007/s10853-019-04064-9,AUDIT_SCOPE_DEPENDENT,MASTER_FIELD_MAPPING
P022,10.1007/s10853-019-04064-9,P022_SERIES01,P022_MAT_C0,P022_MC_C0_ASCAST_RT,P022_OBS_C0_ASCAST_RT,P022_OBS_C0_ASCAST_RT,Fe_at%,UNRESOLVED_NA,as reported,DIRECT_TEXT_OR_VERIFIED_NA,Materials and methods p.2; tensile condition p.3,Source text without chemistry normalization or temperature/rate inference,MEDIUM,VERIFIED_NA_ATOMIC_RATIO_FORMULA_NOT_NORMALIZED_TO_ATPCT,EXPERIMENTAL,https://doi.org/10.1007/s10853-019-04064-9,AUDIT_SCOPE_DEPENDENT,MASTER_FIELD_MAPPING
P022,10.1007/s10853-019-04064-9,P022_SERIES01,P022_MAT_C0,P022_MC_C0_ASCAST_RT,P022_OBS_C0_ASCAST_RT,P022_OBS_C0_ASCAST_RT,Mn_at%,UNRESOLVED_NA,as reported,DIRECT_TEXT_OR_VERIFIED_NA,Materials and methods p.2; tensile condition p.3,Source text without chemistry normalization or temperature/rate inference,MEDIUM,VERIFIED_NA_ATOMIC_RATIO_FORMULA_NOT_NORMALIZED_TO_ATPCT,EXPERIMENTAL,https://doi.org/10.1007/s10853-019-04064-9,AUDIT_SCOPE_DEPENDENT,MASTER_FIELD_MAPPING
P022,10.1007/s10853-019-04064-9,P022_SERIES01,P022_MAT_C0,P022_MC_C0_ASCAST_RT,P022_OBS_C0_ASCAST_RT,P022_OBS_C0_ASCAST_RT,Co_at%,UNRESOLVED_NA,as reported,DIRECT_TEXT_OR_VERIFIED_NA,Materials and methods p.2; tensile condition p.3,Source text without chemistry normalization or temperature/rate inference,MEDIUM,VERIFIED_NA_ATOMIC_RATIO_FORMULA_NOT_NORMALIZED_TO_ATPCT,EXPERIMENTAL,https://doi.org/10.1007/s10853-019-04064-9,AUDIT_SCOPE_DEPENDENT,MASTER_FIELD_MAPPING
P022,10.1007/s10853-019-04064-9,P022_SERIES01,P022_MAT_C0,P022_MC_C0_ASCAST_RT,P022_OBS_C0_ASCAST_RT,P022_OBS_C0_ASCAST_RT,Cr_at%,UNRESOLVED_NA,as reported,DIRECT_TEXT_OR_VERIFIED_NA,Materials and methods p.2; tensile condition p.3,Source text without chemistry normalization or temperature/rate inference,MEDIUM,VERIFIED_NA_ATOMIC_RATIO_FORMULA_NOT_NORMALIZED_TO_ATPCT,EXPERIMENTAL,https://doi.org/10.1007/s10853-019-04064-9,AUDIT_SCOPE_DEPENDENT,MASTER_FIELD_MAPPING
P022,10.1007/s10853-019-04064-9,P022_SERIES01,P022_MAT_C0,P022_MC_C0_ASCAST_RT,P022_OBS_C0_ASCAST_RT,P022_OBS_C0_ASCAST_RT,C_at%,UNRESOLVED_NA,as reported,DIRECT_TEXT_OR_VERIFIED_NA,Materials and methods p.2; tensile condition p.3,Source text without chemistry normalization or temperature/rate inference,MEDIUM,VERIFIED_NA_ATOMIC_RATIO_FORMULA_NOT_NORMALIZED_TO_ATPCT,EXPERIMENTAL,https://doi.org/10.1007/s10853-019-04064-9,AUDIT_SCOPE_DEPENDENT,MASTER_FIELD_MAPPING
P022,10.1007/s10853-019-04064-9,P022_SERIES01,P022_MAT_C0,P022_MC_C0_ASCAST_RT,P022_OBS_C0_ASCAST_RT,P022_OBS_C0_ASCAST_RT,Mo_at%,UNRESOLVED_NA,as reported,DIRECT_TEXT_OR_VERIFIED_NA,Materials and methods p.2; tensile condition p.3,Source text without chemistry normalization or temperature/rate inference,MEDIUM,VERIFIED_NA_ATOMIC_RATIO_FORMULA_NOT_NORMALIZED_TO_ATPCT,EXPERIMENTAL,https://doi.org/10.1007/s10853-019-04064-9,AUDIT_SCOPE_DEPENDENT,MASTER_FIELD_MAPPING
P022,10.1007/s10853-019-04064-9,P022_SERIES01,P022_MAT_C0,P022_MC_C0_ASCAST_RT,P022_OBS_C0_ASCAST_RT,P022_OBS_C0_ASCAST_RT,Processing_route,AS_CAST_ARC_MELTED_NO_REPORTED_HOMOGENIZATION_ROLLING_OR_ANNEALING,as reported,DIRECT_TEXT_OR_VERIFIED_NA,Materials and methods p.2; tensile condition p.3,Source text without chemistry normalization or temperature/rate inference,MEDIUM,VERIFIED,EXPERIMENTAL,https://doi.org/10.1007/s10853-019-04064-9,AUDIT_SCOPE_DEPENDENT,MASTER_FIELD_MAPPING
P022,10.1007/s10853-019-04064-9,P022_SERIES01,P022_MAT_C0,P022_MC_C0_ASCAST_RT,P022_OBS_C0_ASCAST_RT,P022_OBS_C0_ASCAST_RT,Cast_method,Arc melting; Ti-gettered high-purity Ar; water-cooled Cu crucible,as reported,DIRECT_TEXT_OR_VERIFIED_NA,Materials and methods p.2; tensile condition p.3,Source text without chemistry normalization or temperature/rate inference,MEDIUM,VERIFIED,EXPERIMENTAL,https://doi.org/10.1007/s10853-019-04064-9,AUDIT_SCOPE_DEPENDENT,MASTER_FIELD_MAPPING
P022,10.1007/s10853-019-04064-9,P022_SERIES01,P022_MAT_C0,P022_MC_C0_ASCAST_RT,P022_OBS_C0_ASCAST_RT,P022_OBS_C0_ASCAST_RT,Homogenization_T_K,UNRESOLVED_NA,as reported,DIRECT_TEXT_OR_VERIFIED_NA,Materials and methods p.2; tensile condition p.3,Source text without chemistry normalization or temperature/rate inference,MEDIUM,VERIFIED_NA_NO_POSTCAST_TREATMENT_REPORTED,EXPERIMENTAL,https://doi.org/10.1007/s10853-019-04064-9,AUDIT_SCOPE_DEPENDENT,MASTER_FIELD_MAPPING
P022,10.1007/s10853-019-04064-9,P022_SERIES01,P022_MAT_C0,P022_MC_C0_ASCAST_RT,P022_OBS_C0_ASCAST_RT,P022_OBS_C0_ASCAST_RT,Homogenization_time_h,UNRESOLVED_NA,as reported,DIRECT_TEXT_OR_VERIFIED_NA,Materials and methods p.2; tensile condition p.3,Source text without chemistry normalization or temperature/rate inference,MEDIUM,VERIFIED_NA_NO_POSTCAST_TREATMENT_REPORTED,EXPERIMENTAL,https://doi.org/10.1007/s10853-019-04064-9,AUDIT_SCOPE_DEPENDENT,MASTER_FIELD_MAPPING
P022,10.1007/s10853-019-04064-9,P022_SERIES01,P022_MAT_C0,P022_MC_C0_ASCAST_RT,P022_OBS_C0_ASCAST_RT,P022_OBS_C0_ASCAST_RT,Hot_rolling_T_K,UNRESOLVED_NA,as reported,DIRECT_TEXT_OR_VERIFIED_NA,Materials and methods p.2; tensile condition p.3,Source text without chemistry normalization or temperature/rate inference,MEDIUM,VERIFIED_NA_NO_POSTCAST_TREATMENT_REPORTED,EXPERIMENTAL,https://doi.org/10.1007/s10853-019-04064-9,AUDIT_SCOPE_DEPENDENT,MASTER_FIELD_MAPPING
P022,10.1007/s10853-019-04064-9,P022_SERIES01,P022_MAT_C0,P022_MC_C0_ASCAST_RT,P022_OBS_C0_ASCAST_RT,P022_OBS_C0_ASCAST_RT,Hot_rolling_reduction_pct,UNRESOLVED_NA,as reported,DIRECT_TEXT_OR_VERIFIED_NA,Materials and methods p.2; tensile condition p.3,Source text without chemistry normalization or temperature/rate inference,MEDIUM,VERIFIED_NA_NO_POSTCAST_TREATMENT_REPORTED,EXPERIMENTAL,https://doi.org/10.1007/s10853-019-04064-9,AUDIT_SCOPE_DEPENDENT,MASTER_FIELD_MAPPING
P022,10.1007/s10853-019-04064-9,P022_SERIES01,P022_MAT_C0,P022_MC_C0_ASCAST_RT,P022_OBS_C0_ASCAST_RT,P022_OBS_C0_ASCAST_RT,Cold_rolling_reduction_pct,UNRESOLVED_NA,as reported,DIRECT_TEXT_OR_VERIFIED_NA,Materials and methods p.2; tensile condition p.3,Source text without chemistry normalization or temperature/rate inference,MEDIUM,VERIFIED_NA_NO_POSTCAST_TREATMENT_REPORTED,EXPERIMENTAL,https://doi.org/10.1007/s10853-019-04064-9,AUDIT_SCOPE_DEPENDENT,MASTER_FIELD_MAPPING
P022,10.1007/s10853-019-04064-9,P022_SERIES01,P022_MAT_C0,P022_MC_C0_ASCAST_RT,P022_OBS_C0_ASCAST_RT,P022_OBS_C0_ASCAST_RT,Annealing_T_K,UNRESOLVED_NA,as reported,DIRECT_TEXT_OR_VERIFIED_NA,Materials and methods p.2; tensile condition p.3,Source text without chemistry normalization or temperature/rate inference,MEDIUM,VERIFIED_NA_NO_POSTCAST_TREATMENT_REPORTED,EXPERIMENTAL,https://doi.org/10.1007/s10853-019-04064-9,AUDIT_SCOPE_DEPENDENT,MASTER_FIELD_MAPPING
P022,10.1007/s10853-019-04064-9,P022_SERIES01,P022_MAT_C0,P022_MC_C0_ASCAST_RT,P022_OBS_C0_ASCAST_RT,P022_OBS_C0_ASCAST_RT,Annealing_time_min,UNRESOLVED_NA,as reported,DIRECT_TEXT_OR_VERIFIED_NA,Materials and methods p.2; tensile condition p.3,Source text without chemistry normalization or temperature/rate inference,MEDIUM,VERIFIED_NA_NO_POSTCAST_TREATMENT_REPORTED,EXPERIMENTAL,https://doi.org/10.1007/s10853-019-04064-9,AUDIT_SCOPE_DEPENDENT,MASTER_FIELD_MAPPING
P022,10.1007/s10853-019-04064-9,P022_SERIES01,P022_MAT_C0,P022_MC_C0_ASCAST_RT,P022_OBS_C0_ASCAST_RT,P022_OBS_C0_ASCAST_RT,Cooling_route,AS_CAST_IN_WATER_COOLED_CU_CRUCIBLE,as reported,DIRECT_TEXT_OR_VERIFIED_NA,Materials and methods p.2; tensile condition p.3,Source text without chemistry normalization or temperature/rate inference,MEDIUM,VERIFIED,EXPERIMENTAL,https://doi.org/10.1007/s10853-019-04064-9,AUDIT_SCOPE_DEPENDENT,MASTER_FIELD_MAPPING
P022,10.1007/s10853-019-04064-9,P022_SERIES01,P022_MAT_C0,P022_MC_C0_ASCAST_RT,P022_OBS_C0_ASCAST_RT,P022_OBS_C0_ASCAST_RT,Test_T_K,UNRESOLVED_NA,K,DIRECT_TEXT_OR_VERIFIED_NA,Materials and methods p.2; tensile condition p.3,Source text without chemistry normalization or temperature/rate inference,MEDIUM,VERIFIED_NA_ROOM_TEMPERATURE_NOT_NUMERICALLY_REPORTED,EXPERIMENTAL,https://doi.org/10.1007/s10853-019-04064-9,AUDIT_SCOPE_DEPENDENT,MASTER_FIELD_MAPPING
P022,10.1007/s10853-019-04064-9,P022_SERIES01,P022_MAT_C0,P022_MC_C0_ASCAST_RT,P022_OBS_C0_ASCAST_RT,P022_OBS_C0_ASCAST_RT,Strain_rate_s-1,UNRESOLVED_NA,s^-1,DIRECT_TEXT_OR_VERIFIED_NA,Materials and methods p.2; tensile condition p.3,Source text without chemistry normalization or temperature/rate inference,MEDIUM,VERIFIED_NA_TENSILE_STRAIN_RATE_NOT_REPORTED,EXPERIMENTAL,https://doi.org/10.1007/s10853-019-04064-9,AUDIT_SCOPE_DEPENDENT,MASTER_FIELD_MAPPING
P022,10.1007/s10853-019-04064-9,P022_SERIES01,P022_MAT_C0,P022_MC_C0_ASCAST_RT,P022_OBS_C0_ASCAST_RT,P022_OBS_C0_ASCAST_RT,Gauge_length_mm,UNRESOLVED_NA,mm,DIRECT_TEXT_OR_VERIFIED_NA,Materials and methods p.2; tensile condition p.3,Source text without chemistry normalization or temperature/rate inference,MEDIUM,VERIFIED_NA_SOURCE_DIMENSIONS_NOT_PROMOTED_TO_GAUGE_FIELDS,EXPERIMENTAL,https://doi.org/10.1007/s10853-019-04064-9,AUDIT_SCOPE_DEPENDENT,MASTER_FIELD_MAPPING
P022,10.1007/s10853-019-04064-9,P022_SERIES01,P022_MAT_C0,P022_MC_C0_ASCAST_RT,P022_OBS_C0_ASCAST_RT,P022_OBS_C0_ASCAST_RT,Gauge_width_mm,UNRESOLVED_NA,mm,DIRECT_TEXT_OR_VERIFIED_NA,Materials and methods p.2; tensile condition p.3,Source text without chemistry normalization or temperature/rate inference,MEDIUM,VERIFIED_NA_SOURCE_DIMENSIONS_NOT_PROMOTED_TO_GAUGE_FIELDS,EXPERIMENTAL,https://doi.org/10.1007/s10853-019-04064-9,AUDIT_SCOPE_DEPENDENT,MASTER_FIELD_MAPPING
P022,10.1007/s10853-019-04064-9,P022_SERIES01,P022_MAT_C0,P022_MC_C0_ASCAST_RT,P022_OBS_C0_ASCAST_RT,P022_OBS_C0_ASCAST_RT,Specimen_thickness_mm,UNRESOLVED_NA,mm,DIRECT_TEXT_OR_VERIFIED_NA,Materials and methods p.2; tensile condition p.3,Source text without chemistry normalization or temperature/rate inference,MEDIUM,VERIFIED_NA_SOURCE_DIMENSIONS_NOT_PROMOTED_TO_GAUGE_FIELDS,EXPERIMENTAL,https://doi.org/10.1007/s10853-019-04064-9,AUDIT_SCOPE_DEPENDENT,MASTER_FIELD_MAPPING
P022,10.1007/s10853-019-04064-9,P022_SERIES01,P022_MAT_C0,P022_MC_C0_ASCAST_RT,P022_OBS_C0_ASCAST_RT,P022_OBS_C0_ASCAST_RT,Grain_size_um,UNRESOLVED_NA,um,DIRECT_XRD_OM_SEM_OR_VERIFIED_NA,Figs.1-2 pp.2-3,XRD plus OM/SEM with phase-scope safeguards,MEDIUM,VERIFIED_NA_NUMERIC_GRAIN_SIZE_NOT_REPORTED_NO_DIGITIZATION,EXPERIMENTAL,https://doi.org/10.1007/s10853-019-04064-9,AUDIT_SCOPE_DEPENDENT,MASTER_FIELD_MAPPING
P022,10.1007/s10853-019-04064-9,P022_SERIES01,P022_MAT_C0,P022_MC_C0_ASCAST_RT,P022_OBS_C0_ASCAST_RT,P022_OBS_C0_ASCAST_RT,Initial_FCC_fraction,UNRESOLVED_NA,fraction,DIRECT_XRD_OM_SEM_OR_VERIFIED_NA,Figs.1-2 pp.2-3,XRD plus OM/SEM with phase-scope safeguards,MEDIUM,VERIFIED_NA_EXACT_NUMERIC_FCC_FRACTION_NOT_REPORTED,EXPERIMENTAL,https://doi.org/10.1007/s10853-019-04064-9,AUDIT_SCOPE_DEPENDENT,MASTER_FIELD_MAPPING
P022,10.1007/s10853-019-04064-9,P022_SERIES01,P022_MAT_C0,P022_MC_C0_ASCAST_RT,P022_OBS_C0_ASCAST_RT,P022_OBS_C0_ASCAST_RT,Initial_HCP_fraction,UNRESOLVED_NA,fraction,DIRECT_XRD_OM_SEM_OR_VERIFIED_NA,Figs.1-2 pp.2-3,XRD plus OM/SEM with phase-scope safeguards,MEDIUM,VERIFIED_NA_C0_INITIAL_FCC_HCP_FRACTIONS_NOT_REPORTED,EXPERIMENTAL,https://doi.org/10.1007/s10853-019-04064-9,AUDIT_SCOPE_DEPENDENT,MASTER_FIELD_MAPPING
P022,10.1007/s10853-019-04064-9,P022_SERIES01,P022_MAT_C0,P022_MC_C0_ASCAST_RT,P022_OBS_C0_ASCAST_RT,P022_OBS_C0_ASCAST_RT,SFE_mJ_m2,UNRESOLVED_NA,mJ/m2,QUALITATIVE_DIRECTION_OR_VERIFIED_GAP,Introduction/results and whole-paper review,No current-alloy numeric SFE or DeltaG; no cross-paper transfer,MEDIUM,VERIFIED_NA_NO_CURRENT_ALLOY_NUMERIC_SFE,EXPERIMENTAL,https://doi.org/10.1007/s10853-019-04064-9,NOT_SAFE_AS_DIRECT_NUMERIC_SFE_OR_DELTAG,MASTER_FIELD_MAPPING
P022,10.1007/s10853-019-04064-9,P022_SERIES01,P022_MAT_C0,P022_MC_C0_ASCAST_RT,P022_OBS_C0_ASCAST_RT,P022_OBS_C0_ASCAST_RT,SFE_method,UNRESOLVED_NA,as reported,QUALITATIVE_DIRECTION_OR_VERIFIED_GAP,Introduction/results and whole-paper review,No current-alloy numeric SFE or DeltaG; no cross-paper transfer,MEDIUM,VERIFIED_NA_NO_CURRENT_ALLOY_NUMERIC_SFE,EXPERIMENTAL,https://doi.org/10.1007/s10853-019-04064-9,NOT_SAFE_AS_DIRECT_NUMERIC_SFE_OR_DELTAG,MASTER_FIELD_MAPPING
P022,10.1007/s10853-019-04064-9,P022_SERIES01,P022_MAT_C0,P022_MC_C0_ASCAST_RT,P022_OBS_C0_ASCAST_RT,P022_OBS_C0_ASCAST_RT,DeltaG_FCC_HCP_J_mol,UNRESOLVED_NA,J/mol,QUALITATIVE_DIRECTION_OR_VERIFIED_GAP,Introduction/results and whole-paper review,No current-alloy numeric SFE or DeltaG; no cross-paper transfer,MEDIUM,VERIFIED_NA_NOT_REPORTED_NO_CROSS_PAPER_TRANSFER,EXPERIMENTAL,https://doi.org/10.1007/s10853-019-04064-9,NOT_SAFE_AS_DIRECT_NUMERIC_SFE_OR_DELTAG,MASTER_FIELD_MAPPING
P022,10.1007/s10853-019-04064-9,P022_SERIES01,P022_MAT_C0,P022_MC_C0_ASCAST_RT,P022_OBS_C0_ASCAST_RT,P022_OBS_C0_ASCAST_RT,DeltaG_method,UNRESOLVED_NA,as reported,QUALITATIVE_DIRECTION_OR_VERIFIED_GAP,Introduction/results and whole-paper review,No current-alloy numeric SFE or DeltaG; no cross-paper transfer,MEDIUM,VERIFIED_NA_NOT_REPORTED_NO_CROSS_PAPER_TRANSFER,EXPERIMENTAL,https://doi.org/10.1007/s10853-019-04064-9,NOT_SAFE_AS_DIRECT_NUMERIC_SFE_OR_DELTAG,MASTER_FIELD_MAPPING
P022,10.1007/s10853-019-04064-9,P022_SERIES01,P022_MAT_C0,P022_MC_C0_ASCAST_RT,P022_OBS_C0_ASCAST_RT,P022_OBS_C0_ASCAST_RT,Slip,UNRESOLVED_NA,binary,CONDITION_OR_STAGE_TARGET_EVIDENCE,Methods p.2; Figs.1-4 pp.2-5,Condition-level evidence grading from verified workbook,MEDIUM,VERIFIED_NA_INSUFFICIENT_CONDITION_LEVEL_EVIDENCE,EXPERIMENTAL,https://doi.org/10.1007/s10853-019-04064-9,TARGET_OR_TARGET_EVIDENCE_NOT_PREDICTOR,MASTER_FIELD_MAPPING
P022,10.1007/s10853-019-04064-9,P022_SERIES01,P022_MAT_C0,P022_MC_C0_ASCAST_RT,P022_OBS_C0_ASCAST_RT,P022_OBS_C0_ASCAST_RT,Evidence_TRIP,"The current paper explicitly treats C0 as the TRIP reference condition and compares the TWIP behavior of C/Mo-alloyed conditions against the 'TRIP effect in C0 HEA'. Initial C0 is FCC+HCP, so initial HCP alone is not the basis of the positive label.",as reported,CONDITION_OR_STAGE_TARGET_EVIDENCE,Methods p.2; Figs.1-4 pp.2-5,Condition-level evidence grading from verified workbook,MEDIUM,VERIFIED,EXPERIMENTAL,https://doi.org/10.1007/s10853-019-04064-9,TARGET_OR_TARGET_EVIDENCE_NOT_PREDICTOR,MASTER_FIELD_MAPPING
P022,10.1007/s10853-019-04064-9,P022_SERIES01,P022_MAT_C0,P022_MC_C0_ASCAST_RT,P022_OBS_C0_ASCAST_RT,P022_OBS_C0_ASCAST_RT,Evidence_TWIP,NO_CURRENT_PAPER_POST_TEST_TWIN_CHARACTERIZATION,as reported,CONDITION_OR_STAGE_TARGET_EVIDENCE,Methods p.2; Figs.1-4 pp.2-5,Condition-level evidence grading from verified workbook,MEDIUM,VERIFIED,EXPERIMENTAL,https://doi.org/10.1007/s10853-019-04064-9,TARGET_OR_TARGET_EVIDENCE_NOT_PREDICTOR,MASTER_FIELD_MAPPING
P022,10.1007/s10853-019-04064-9,P022_SERIES01,P022_MAT_C0,P022_MC_C0_ASCAST_RT,P022_OBS_C0_ASCAST_RT,P022_OBS_C0_ASCAST_RT,Characterization_methods,XRD; OM/SEM,as reported,VERIFIED_MASTER_FIELD_MAPPING,Methods p.2; Figs.1-4 pp.2-5,Verified workbook-to-master mapping,MEDIUM,VERIFIED,EXPERIMENTAL,https://doi.org/10.1007/s10853-019-04064-9,AUDIT_SCOPE_DEPENDENT,MASTER_FIELD_MAPPING
P022,10.1007/s10853-019-04064-9,P022_SERIES01,P022_MAT_C0,P022_MC_C0_ASCAST_RT,P022_OBS_C0_ASCAST_RT,P022_OBS_C0_ASCAST_RT,Source_location,Methods p.2; Figs.1-4 pp.2-5,as reported,VERIFIED_MASTER_FIELD_MAPPING,Methods p.2; Figs.1-4 pp.2-5,Verified workbook-to-master mapping,MEDIUM,VERIFIED,EXPERIMENTAL,https://doi.org/10.1007/s10853-019-04064-9,AUDIT_SCOPE_DEPENDENT,MASTER_FIELD_MAPPING
P022,10.1007/s10853-019-04064-9,P022_SERIES01,P022_MAT_C0,P022_MC_C0_ASCAST_RT,P022_OBS_C0_ASCAST_RT,P022_OBS_C0_ASCAST_RT,Label_confidence,MEDIUM,as reported,CONDITION_OR_STAGE_TARGET_EVIDENCE,Methods p.2; Figs.1-4 pp.2-5,Condition-level evidence grading from verified workbook,MEDIUM,VERIFIED,EXPERIMENTAL,https://doi.org/10.1007/s10853-019-04064-9,TARGET_OR_TARGET_EVIDENCE_NOT_PREDICTOR,MASTER_FIELD_MAPPING
P022,10.1007/s10853-019-04064-9,P022_SERIES01,P022_MAT_C0,P022_MC_C0_ASCAST_RT,P022_OBS_C0_ASCAST_RT,P022_OBS_C0_ASCAST_RT,Notes,Retain TRIP=1 as author-attributed condition-level mechanism with lower evidence grade than direct post-test phase measurements. TWIP remains NA.,as reported,VERIFIED_MASTER_FIELD_MAPPING,Methods p.2; Figs.1-4 pp.2-5,Verified workbook-to-master mapping,MEDIUM,VERIFIED,EXPERIMENTAL,https://doi.org/10.1007/s10853-019-04064-9,AUDIT_SCOPE_DEPENDENT,MASTER_FIELD_MAPPING
P022,10.1007/s10853-019-04064-9,P022_SERIES01,P022_MAT_C0,P022_MC_C0_ASCAST_RT,P022_OBS_C0_ASCAST_RT,P022_OBS_C0_ASCAST_RT,Parent_Experiment_ID,P022_MC_C0_ASCAST_RT,as reported,HIERARCHY_INTEGRATION,"Verified material-parent, condition, and stage sheets",Source-defined hierarchy with correlated stage-child control,MEDIUM,VERIFIED,EXPERIMENTAL,https://doi.org/10.1007/s10853-019-04064-9,AUDIT_SCOPE_DEPENDENT,MASTER_FIELD_MAPPING
P022,10.1007/s10853-019-04064-9,P022_SERIES01,P022_MAT_C0,P022_MC_C0_ASCAST_RT,P022_OBS_C0_ASCAST_RT,P022_OBS_C0_ASCAST_RT,ML_Condition_ID,P022_MC_C0_ASCAST_RT,as reported,HIERARCHY_INTEGRATION,"Verified material-parent, condition, and stage sheets",Source-defined hierarchy with correlated stage-child control,MEDIUM,VERIFIED,EXPERIMENTAL,https://doi.org/10.1007/s10853-019-04064-9,AUDIT_SCOPE_DEPENDENT,MASTER_FIELD_MAPPING
P022,10.1007/s10853-019-04064-9,P022_SERIES01,P022_MAT_C0,P022_MC_C0_ASCAST_RT,P022_OBS_C0_ASCAST_RT,P022_OBS_C0_ASCAST_RT,Observation_ID,P022_OBS_C0_ASCAST_RT,as reported,HIERARCHY_INTEGRATION,"Verified material-parent, condition, and stage sheets",Source-defined hierarchy with correlated stage-child control,MEDIUM,VERIFIED,EXPERIMENTAL,https://doi.org/10.1007/s10853-019-04064-9,AUDIT_SCOPE_DEPENDENT,MASTER_FIELD_MAPPING
P022,10.1007/s10853-019-04064-9,P022_SERIES01,P022_MAT_C0,P022_MC_C0_ASCAST_RT,P022_OBS_C0_ASCAST_RT,P022_OBS_C0_ASCAST_RT,Data_Origin,EXPERIMENTAL,as reported,SOURCE_IDENTITY,Verified article identity / whole paper,Verified PDF and bibliographic DOI identity,MEDIUM,VERIFIED,EXPERIMENTAL,https://doi.org/10.1007/s10853-019-04064-9,AUDIT_SCOPE_DEPENDENT,MASTER_FIELD_MAPPING
P022,10.1007/s10853-019-04064-9,P022_SERIES01,P022_MAT_C0,P022_MC_C0_ASCAST_RT,P022_OBS_C0_ASCAST_RT,P022_OBS_C0_ASCAST_RT,Observation_Role,INDEPENDENT_CONDITION,as reported,HIERARCHY_INTEGRATION,"Verified material-parent, condition, and stage sheets",Source-defined hierarchy with correlated stage-child control,MEDIUM,VERIFIED,EXPERIMENTAL,https://doi.org/10.1007/s10853-019-04064-9,AUDIT_SCOPE_DEPENDENT,MASTER_FIELD_MAPPING
P022,10.1007/s10853-019-04064-9,P022_SERIES01,P022_MAT_C0,P022_MC_C0_ASCAST_RT,P022_OBS_C0_ASCAST_RT,P022_OBS_C0_ASCAST_RT,Grouping_Review_Required,False,as reported,HIERARCHY_INTEGRATION,"Verified material-parent, condition, and stage sheets",Source-defined hierarchy with correlated stage-child control,MEDIUM,VERIFIED,EXPERIMENTAL,https://doi.org/10.1007/s10853-019-04064-9,AUDIT_SCOPE_DEPENDENT,MASTER_FIELD_MAPPING
P022,10.1007/s10853-019-04064-9,P022_SERIES01,P022_MAT_C0,P022_MC_C0_ASCAST_RT,P022_OBS_C0_ASCAST_RT,P022_OBS_C0_ASCAST_RT,Grouping_Confidence,HIGH,as reported,HIERARCHY_INTEGRATION,"Verified material-parent, condition, and stage sheets",Source-defined hierarchy with correlated stage-child control,MEDIUM,VERIFIED,EXPERIMENTAL,https://doi.org/10.1007/s10853-019-04064-9,AUDIT_SCOPE_DEPENDENT,MASTER_FIELD_MAPPING
P022,10.1007/s10853-019-04064-9,P022_SERIES01,P022_MAT_C0,P022_MC_C0_ASCAST_RT,P022_OBS_C0_ASCAST_RT,P022_OBS_C0_ASCAST_RT,Grouping_Reason,Source-defined separately fabricated chemistry variant; one primary room-temperature tensile condition,as reported,HIERARCHY_INTEGRATION,"Verified material-parent, condition, and stage sheets",Source-defined hierarchy with correlated stage-child control,MEDIUM,VERIFIED,EXPERIMENTAL,https://doi.org/10.1007/s10853-019-04064-9,AUDIT_SCOPE_DEPENDENT,MASTER_FIELD_MAPPING
P022,10.1007/s10853-019-04064-9,P022_SERIES01,P022_MAT_C0,P022_MC_C0_ASCAST_RT,P022_OBS_C0_ASCAST_RT,P022_OBS_C0_ASCAST_RT,Recovered_Initial_FCC_fraction,UNRESOLVED_NA,fraction,DIRECT_XRD_OM_SEM_OR_VERIFIED_NA,Figs.1-2 pp.2-3,XRD plus OM/SEM with phase-scope safeguards,MEDIUM,VERIFIED_NA_EXACT_NUMERIC_FCC_FRACTION_NOT_REPORTED,EXPERIMENTAL,https://doi.org/10.1007/s10853-019-04064-9,AUDIT_SCOPE_DEPENDENT,MASTER_FIELD_MAPPING
P022,10.1007/s10853-019-04064-9,P022_SERIES01,P022_MAT_C0,P022_MC_C0_ASCAST_RT,P022_OBS_C0_ASCAST_RT,P022_OBS_C0_ASCAST_RT,Recovered_TRIP,1,binary,CONDITION_OR_STAGE_TARGET_EVIDENCE,Methods p.2; Figs.1-4 pp.2-5,Condition-level evidence grading from verified workbook,MEDIUM,VERIFIED,EXPERIMENTAL,https://doi.org/10.1007/s10853-019-04064-9,TARGET_OR_TARGET_EVIDENCE_NOT_PREDICTOR,MASTER_FIELD_MAPPING
P022,10.1007/s10853-019-04064-9,P022_SERIES01,P022_MAT_C0,P022_MC_C0_ASCAST_RT,P022_OBS_C0_ASCAST_RT,P022_OBS_C0_ASCAST_RT,Effective_TRIP,1,binary,CONDITION_OR_STAGE_TARGET_EVIDENCE,Methods p.2; Figs.1-4 pp.2-5,Condition-level evidence grading from verified workbook,MEDIUM,VERIFIED,EXPERIMENTAL,https://doi.org/10.1007/s10853-019-04064-9,TARGET_OR_TARGET_EVIDENCE_NOT_PREDICTOR,MASTER_FIELD_MAPPING
P022,10.1007/s10853-019-04064-9,P022_SERIES01,P022_MAT_C0,P022_MC_C0_ASCAST_RT,P022_OBS_C0_ASCAST_RT,P022_OBS_C0_ASCAST_RT,Effective_TWIP,UNRESOLVED_NA,binary,CONDITION_OR_STAGE_TARGET_EVIDENCE,Methods p.2; Figs.1-4 pp.2-5,Condition-level evidence grading from verified workbook,MEDIUM,VERIFIED_NA_INSUFFICIENT_CONDITION_LEVEL_EVIDENCE,EXPERIMENTAL,https://doi.org/10.1007/s10853-019-04064-9,TARGET_OR_TARGET_EVIDENCE_NOT_PREDICTOR,MASTER_FIELD_MAPPING
P022,10.1007/s10853-019-04064-9,P022_SERIES01,P022_MAT_C0,P022_MC_C0_ASCAST_RT,P022_OBS_C0_ASCAST_RT,P022_OBS_C0_ASCAST_RT,Study_Series_ID,P022_SERIES01,as reported,HIERARCHY_INTEGRATION,"Verified material-parent, condition, and stage sheets",Source-defined hierarchy with correlated stage-child control,MEDIUM,VERIFIED,EXPERIMENTAL,https://doi.org/10.1007/s10853-019-04064-9,AUDIT_SCOPE_DEPENDENT,MASTER_FIELD_MAPPING
P022,10.1007/s10853-019-04064-9,P022_SERIES01,P022_MAT_C0,P022_MC_C0_ASCAST_RT,P022_OBS_C0_ASCAST_RT,P022_OBS_C0_ASCAST_RT,Material_Parent_ID,P022_MAT_C0,as reported,HIERARCHY_INTEGRATION,"Verified material-parent, condition, and stage sheets",Source-defined hierarchy with correlated stage-child control,MEDIUM,VERIFIED,EXPERIMENTAL,https://doi.org/10.1007/s10853-019-04064-9,AUDIT_SCOPE_DEPENDENT,MASTER_FIELD_MAPPING
P022,10.1007/s10853-019-04064-9,P022_SERIES01,P022_MAT_C0,P022_MC_C0_ASCAST_RT,P022_OBS_C0_ASCAST_RT,P022_OBS_C0_ASCAST_RT,Physical_Batch_ID,UNRESOLVED_NA,as reported,HIERARCHY_INTEGRATION,"Verified material-parent, condition, and stage sheets",Source-defined hierarchy with correlated stage-child control,MEDIUM,VERIFIED_NA_NOT_SOURCE_SUPPORTED_NO_PSEUDOREPLICATION,EXPERIMENTAL,https://doi.org/10.1007/s10853-019-04064-9,AUDIT_SCOPE_DEPENDENT,MASTER_FIELD_MAPPING
P022,10.1007/s10853-019-04064-9,P022_SERIES01,P022_MAT_C0,P022_MC_C0_ASCAST_RT,P022_OBS_C0_ASCAST_RT,P022_OBS_C0_ASCAST_RT,Replicate_ID,UNRESOLVED_NA,as reported,HIERARCHY_INTEGRATION,"Verified material-parent, condition, and stage sheets",Source-defined hierarchy with correlated stage-child control,MEDIUM,VERIFIED_NA_NOT_SOURCE_SUPPORTED_NO_PSEUDOREPLICATION,EXPERIMENTAL,https://doi.org/10.1007/s10853-019-04064-9,AUDIT_SCOPE_DEPENDENT,MASTER_FIELD_MAPPING
P022,10.1007/s10853-019-04064-9,P022_SERIES01,P022_MAT_C0,P022_MC_C0_ASCAST_RT,P022_OBS_C0_ASCAST_RT,P022_OBS_C0_ASCAST_RT,Leakage_Group_Strict,P022_SERIES01,as reported,HIERARCHY_INTEGRATION,"Verified material-parent, condition, and stage sheets",Source-defined hierarchy with correlated stage-child control,MEDIUM,VERIFIED,EXPERIMENTAL,https://doi.org/10.1007/s10853-019-04064-9,AUDIT_SCOPE_DEPENDENT,MASTER_FIELD_MAPPING
P022,10.1007/s10853-019-04064-9,P022_SERIES01,P022_MAT_C0,P022_MC_C0_ASCAST_RT,P022_OBS_C0_ASCAST_RT,P022_OBS_C0_ASCAST_RT,Leakage_Group_Material,P022_MAT_C0,as reported,HIERARCHY_INTEGRATION,"Verified material-parent, condition, and stage sheets",Source-defined hierarchy with correlated stage-child control,MEDIUM,VERIFIED,EXPERIMENTAL,https://doi.org/10.1007/s10853-019-04064-9,AUDIT_SCOPE_DEPENDENT,MASTER_FIELD_MAPPING
P022,10.1007/s10853-019-04064-9,P022_SERIES01,P022_MAT_C0,P022_MC_C0_ASCAST_RT,P022_OBS_C0_ASCAST_RT,P022_OBS_C0_ASCAST_RT,Parent_ML_Condition_ID,P022_MC_C0_ASCAST_RT,as reported,HIERARCHY_INTEGRATION,"Verified material-parent, condition, and stage sheets",Source-defined hierarchy with correlated stage-child control,MEDIUM,VERIFIED,EXPERIMENTAL,https://doi.org/10.1007/s10853-019-04064-9,AUDIT_SCOPE_DEPENDENT,MASTER_FIELD_MAPPING
P022,10.1007/s10853-019-04064-9,P022_SERIES01,P022_MAT_C0,P022_MC_C0_ASCAST_RT,P022_OBS_C0_ASCAST_RT,P022_OBS_C0_ASCAST_RT,Replicate_n,UNRESOLVED_NA,as reported,HIERARCHY_INTEGRATION,"Verified material-parent, condition, and stage sheets",Source-defined hierarchy with correlated stage-child control,MEDIUM,VERIFIED_NA_NOT_SOURCE_SUPPORTED_NO_PSEUDOREPLICATION,EXPERIMENTAL,https://doi.org/10.1007/s10853-019-04064-9,AUDIT_SCOPE_DEPENDENT,MASTER_FIELD_MAPPING
P022,10.1007/s10853-019-04064-9,P022_SERIES01,P022_MAT_C0,P022_MC_C0_ASCAST_RT,P022_OBS_C0_ASCAST_RT,P022_OBS_C0_ASCAST_RT,Recovered_Bulk_Composition_at_pct,UNRESOLVED_NA,as reported,DIRECT_TEXT_OR_VERIFIED_NA,Materials and methods p.2; tensile condition p.3,Source text without chemistry normalization or temperature/rate inference,MEDIUM,VERIFIED_NA_NO_QUANTITATIVE_POSTMELT_BULK_CHEMISTRY,EXPERIMENTAL,https://doi.org/10.1007/s10853-019-04064-9,AUDIT_SCOPE_DEPENDENT,MASTER_FIELD_MAPPING
P022,10.1007/s10853-019-04064-9,P022_SERIES01,P022_MAT_C0,P022_MC_C0_ASCAST_RT,P022_OBS_C0_ASCAST_RT,P022_OBS_C0_ASCAST_RT,Recovered_Composition_Status,NOMINAL_ORIGINAL_ATOMIC_RATIO_ONLY_NO_QUANTITATIVE_POSTMELT_BULK_CHEMISTRY_REPORTED,as reported,DIRECT_TEXT_OR_VERIFIED_NA,Materials and methods p.2; tensile condition p.3,Source text without chemistry normalization or temperature/rate inference,MEDIUM,VERIFIED,EXPERIMENTAL,https://doi.org/10.1007/s10853-019-04064-9,AUDIT_SCOPE_DEPENDENT,MASTER_FIELD_MAPPING
P022,10.1007/s10853-019-04064-9,P022_SERIES01,P022_MAT_C0,P022_MC_C0_ASCAST_RT,P022_OBS_C0_ASCAST_RT,P022_OBS_C0_ASCAST_RT,Recovered_Initial_HCP_status,QUALITATIVE_FCC_PLUS_HCP_NO_NUMERIC_FRACTION,as reported,DIRECT_XRD_OM_SEM_OR_VERIFIED_NA,Figs.1-2 pp.2-3,XRD plus OM/SEM with phase-scope safeguards,MEDIUM,VERIFIED,EXPERIMENTAL,https://doi.org/10.1007/s10853-019-04064-9,AUDIT_SCOPE_DEPENDENT,MASTER_FIELD_MAPPING
P022,10.1007/s10853-019-04064-9,P022_SERIES01,P022_MAT_C0,P022_MC_C0_ASCAST_RT,P022_OBS_C0_ASCAST_RT,P022_OBS_C0_ASCAST_RT,Independent_ML_sample,True,as reported,HIERARCHY_INTEGRATION,"Verified material-parent, condition, and stage sheets",Source-defined hierarchy with correlated stage-child control,MEDIUM,VERIFIED,EXPERIMENTAL,https://doi.org/10.1007/s10853-019-04064-9,AUDIT_SCOPE_DEPENDENT,MASTER_FIELD_MAPPING
P022,10.1007/s10853-019-04064-9,P022_SERIES01,P022_MAT_C0,P022_MC_C0_ASCAST_RT,P022_OBS_C0_ASCAST_RT,P022_OBS_C0_ASCAST_RT,Nominal_Composition_at_pct,UNRESOLVED_NA,as reported,DIRECT_TEXT_OR_VERIFIED_NA,Materials and methods p.2; tensile condition p.3,Source text without chemistry normalization or temperature/rate inference,MEDIUM,VERIFIED_NA_ATOMIC_RATIO_FORMULA_NOT_NORMALIZED_TO_ATPCT,EXPERIMENTAL,https://doi.org/10.1007/s10853-019-04064-9,AUDIT_SCOPE_DEPENDENT,MASTER_FIELD_MAPPING
P022,10.1007/s10853-019-04064-9,P022_SERIES01,P022_MAT_C0,P022_MC_C0_ASCAST_RT,P022_OBS_C0_ASCAST_RT,P022_OBS_C0_ASCAST_RT,Measured_Composition_Status,NO_QUANTITATIVE_POSTMELT_BULK_CHEMISTRY_REPORTED,as reported,DIRECT_TEXT_OR_VERIFIED_NA,Materials and methods p.2; tensile condition p.3,Source text without chemistry normalization or temperature/rate inference,MEDIUM,VERIFIED,EXPERIMENTAL,https://doi.org/10.1007/s10853-019-04064-9,AUDIT_SCOPE_DEPENDENT,MASTER_FIELD_MAPPING
P022,10.1007/s10853-019-04064-9,P022_SERIES01,P022_MAT_C0,P022_MC_C0_ASCAST_RT,P022_OBS_C0_ASCAST_RT,P022_OBS_C0_ASCAST_RT,Initial_Phase_State_Qualitative,FCC_PLUS_HCP,as reported,DIRECT_XRD_OM_SEM_OR_VERIFIED_NA,Figs.1-2 pp.2-3,XRD plus OM/SEM with phase-scope safeguards,MEDIUM,VERIFIED,EXPERIMENTAL,https://doi.org/10.1007/s10853-019-04064-9,AUDIT_SCOPE_DEPENDENT,MASTER_FIELD_MAPPING
P022,10.1007/s10853-019-04064-9,P022_SERIES01,P022_MAT_C0,P022_MC_C0_ASCAST_RT,P022_OBS_C0_ASCAST_RT,P022_OBS_C0_ASCAST_RT,Initial_Phase_Status,DIRECT_XRD_WITH_MICROSCOPY_CONTEXT,as reported,DIRECT_XRD_OM_SEM_OR_VERIFIED_NA,Figs.1-2 pp.2-3,XRD plus OM/SEM with phase-scope safeguards,MEDIUM,VERIFIED,EXPERIMENTAL,https://doi.org/10.1007/s10853-019-04064-9,AUDIT_SCOPE_DEPENDENT,MASTER_FIELD_MAPPING
P022,10.1007/s10853-019-04064-9,P022_SERIES01,P022_MAT_C0,P022_MC_C0_ASCAST_RT,P022_OBS_C0_ASCAST_RT,P022_OBS_C0_ASCAST_RT,Processing_State_ID,AS_CAST,as reported,DIRECT_TEXT_OR_VERIFIED_NA,Materials and methods p.2; tensile condition p.3,Source text without chemistry normalization or temperature/rate inference,MEDIUM,VERIFIED,EXPERIMENTAL,https://doi.org/10.1007/s10853-019-04064-9,AUDIT_SCOPE_DEPENDENT,MASTER_FIELD_MAPPING
P022,10.1007/s10853-019-04064-9,P022_SERIES01,P022_MAT_C0,P022_MC_C0_ASCAST_RT,P022_OBS_C0_ASCAST_RT,P022_OBS_C0_ASCAST_RT,Measured_Composition_at_pct,UNRESOLVED_NA,as reported,DIRECT_TEXT_OR_VERIFIED_NA,Materials and methods p.2; tensile condition p.3,Source text without chemistry normalization or temperature/rate inference,MEDIUM,VERIFIED_NA_NO_QUANTITATIVE_POSTMELT_BULK_CHEMISTRY,EXPERIMENTAL,https://doi.org/10.1007/s10853-019-04064-9,AUDIT_SCOPE_DEPENDENT,MASTER_FIELD_MAPPING
P022,10.1007/s10853-019-04064-9,P022_SERIES01,P022_MAT_C0,P022_MC_C0_ASCAST_RT,P022_OBS_C0_ASCAST_RT,P022_OBS_C0_ASCAST_RT,Test_T_Raw,room temperature,as reported,DIRECT_TEXT_OR_VERIFIED_NA,Materials and methods p.2; tensile condition p.3,Source text without chemistry normalization or temperature/rate inference,MEDIUM,VERIFIED,EXPERIMENTAL,https://doi.org/10.1007/s10853-019-04064-9,AUDIT_SCOPE_DEPENDENT,MASTER_FIELD_MAPPING
P022,10.1007/s10853-019-04064-9,P022_SERIES01,P022_MAT_C0,P022_MC_C0_ASCAST_RT,P022_OBS_C0_ASCAST_RT,P022_OBS_C0_ASCAST_RT,Composition_Status,NOMINAL_ORIGINAL_ATOMIC_RATIO_ONLY_NO_QUANTITATIVE_POSTMELT_BULK_CHEMISTRY_REPORTED,as reported,DIRECT_TEXT_OR_VERIFIED_NA,Materials and methods p.2; tensile condition p.3,Source text without chemistry normalization or temperature/rate inference,MEDIUM,VERIFIED,EXPERIMENTAL,https://doi.org/10.1007/s10853-019-04064-9,AUDIT_SCOPE_DEPENDENT,MASTER_FIELD_MAPPING
P022,10.1007/s10853-019-04064-9,P022_SERIES01,P022_MAT_C0,P022_MC_C0_ASCAST_RT,P022_OBS_C0_ASCAST_RT,P022_OBS_C0_ASCAST_RT,Initial_HCP_Status,PRE_EXISTING_AS_CAST_FCC_PLUS_HCP_FRACTIONS_NOT_REPORTED,as reported,DIRECT_XRD_OM_SEM_OR_VERIFIED_NA,Figs.1-2 pp.2-3,XRD plus OM/SEM with phase-scope safeguards,MEDIUM,VERIFIED,EXPERIMENTAL,https://doi.org/10.1007/s10853-019-04064-9,AUDIT_SCOPE_DEPENDENT,MASTER_FIELD_MAPPING
P022,10.1007/s10853-019-04064-9,P022_SERIES01,P022_MAT_C0,P022_MC_C0_ASCAST_RT,P022_OBS_C0_ASCAST_RT,P022_OBS_C0_ASCAST_RT,Initial_HCP_Origin,PRE_EXISTING_AS_CAST,as reported,DIRECT_XRD_OM_SEM_OR_VERIFIED_NA,Figs.1-2 pp.2-3,XRD plus OM/SEM with phase-scope safeguards,MEDIUM,VERIFIED,EXPERIMENTAL,https://doi.org/10.1007/s10853-019-04064-9,AUDIT_SCOPE_DEPENDENT,MASTER_FIELD_MAPPING
P022,10.1007/s10853-019-04064-9,P022_SERIES01,P022_MAT_C0,P022_MC_C0_ASCAST_RT,P022_OBS_C0_ASCAST_RT,P022_OBS_C0_ASCAST_RT,Test_T_Status,SOURCE_TEXT_ROOM_TEMPERATURE_EXACT_NUMERIC_K_NOT_REPORTED,as reported,DIRECT_TEXT_OR_VERIFIED_NA,Materials and methods p.2; tensile condition p.3,Source text without chemistry normalization or temperature/rate inference,MEDIUM,VERIFIED,EXPERIMENTAL,https://doi.org/10.1007/s10853-019-04064-9,AUDIT_SCOPE_DEPENDENT,MASTER_FIELD_MAPPING
P022,10.1007/s10853-019-04064-9,P022_SERIES01,P022_MAT_C0,P022_MC_C0_ASCAST_RT,P022_OBS_C0_ASCAST_RT,P022_OBS_C0_ASCAST_RT,Raw_Material_Purity,>99.9 wt.%,as reported,DIRECT_TEXT_OR_VERIFIED_NA,Materials and methods p.2; tensile condition p.3,Source text without chemistry normalization or temperature/rate inference,MEDIUM,VERIFIED,EXPERIMENTAL,https://doi.org/10.1007/s10853-019-04064-9,AUDIT_SCOPE_DEPENDENT,MASTER_FIELD_MAPPING
P022,10.1007/s10853-019-04064-9,P022_SERIES01,P022_MAT_C0,P022_MC_C0_ASCAST_RT,P022_OBS_C0_ASCAST_RT,P022_OBS_C0_ASCAST_RT,Grain_Size_Status,NOT_NUMERICALLY_REPORTED,as reported,DIRECT_XRD_OM_SEM_OR_VERIFIED_NA,Figs.1-2 pp.2-3,XRD plus OM/SEM with phase-scope safeguards,MEDIUM,VERIFIED,EXPERIMENTAL,https://doi.org/10.1007/s10853-019-04064-9,AUDIT_SCOPE_DEPENDENT,MASTER_FIELD_MAPPING
P022,10.1007/s10853-019-04064-9,P022_SERIES01,P022_MAT_C0,P022_MC_C0_ASCAST_RT,P022_OBS_C0_ASCAST_RT,P022_OBS_C0_ASCAST_RT,Engineering_YS_MPa,UNRESOLVED_NA,MPa,DIRECT_APPROX_TEXT_OR_VERIFIED_NA,Methods p.2; Figs.1-4 pp.2-5,Engineering tensile response; Figure 3 not digitized,MEDIUM,VERIFIED_NA_NOT_EXPLICIT_DIRECT_TEXT_NO_FIGURE_DIGITIZATION,EXPERIMENTAL,https://doi.org/10.1007/s10853-019-04064-9,MECHANICAL_OUTCOME_LEAKAGE,MASTER_FIELD_MAPPING
P022,10.1007/s10853-019-04064-9,P022_SERIES01,P022_MAT_C0,P022_MC_C0_ASCAST_RT,P022_OBS_C0_ASCAST_RT,P022_OBS_C0_ASCAST_RT,Engineering_UTS_MPa,UNRESOLVED_NA,MPa,DIRECT_APPROX_TEXT_OR_VERIFIED_NA,Methods p.2; Figs.1-4 pp.2-5,Engineering tensile response; Figure 3 not digitized,MEDIUM,VERIFIED_NA_NOT_EXPLICIT_DIRECT_TEXT_NO_FIGURE_DIGITIZATION,EXPERIMENTAL,https://doi.org/10.1007/s10853-019-04064-9,MECHANICAL_OUTCOME_LEAKAGE,MASTER_FIELD_MAPPING
P022,10.1007/s10853-019-04064-9,P022_SERIES01,P022_MAT_C0,P022_MC_C0_ASCAST_RT,P022_OBS_C0_ASCAST_RT,P022_OBS_C0_ASCAST_RT,Engineering_Elongation_pct,UNRESOLVED_NA,%,DIRECT_APPROX_TEXT_OR_VERIFIED_NA,Methods p.2; Figs.1-4 pp.2-5,Engineering tensile response; Figure 3 not digitized,MEDIUM,VERIFIED_NA_NOT_EXPLICIT_DIRECT_TEXT_NO_FIGURE_DIGITIZATION,EXPERIMENTAL,https://doi.org/10.1007/s10853-019-04064-9,MECHANICAL_OUTCOME_LEAKAGE,MASTER_FIELD_MAPPING
P022,10.1007/s10853-019-04064-9,P022_SERIES01,P022_MAT_C0,P022_MC_C0_ASCAST_RT,P022_OBS_C0_ASCAST_RT,P022_OBS_C0_ASCAST_RT,SFE_Value_Status,NOT_REPORTED_CURRENT_ALLOY_NUMERIC,as reported,QUALITATIVE_DIRECTION_OR_VERIFIED_GAP,Introduction/results and whole-paper review,No current-alloy numeric SFE or DeltaG; no cross-paper transfer,MEDIUM,VERIFIED,EXPERIMENTAL,https://doi.org/10.1007/s10853-019-04064-9,NOT_SAFE_AS_DIRECT_NUMERIC_SFE_OR_DELTAG,MASTER_FIELD_MAPPING
P022,10.1007/s10853-019-04064-9,P022_SERIES01,P022_MAT_C0,P022_MC_C0_ASCAST_RT,P022_OBS_C0_ASCAST_RT,P022_OBS_C0_ASCAST_RT,SFE_Data_Origin,CURRENT_PAPER_GAP,as reported,QUALITATIVE_DIRECTION_OR_VERIFIED_GAP,Introduction/results and whole-paper review,No current-alloy numeric SFE or DeltaG; no cross-paper transfer,MEDIUM,VERIFIED,EXPERIMENTAL,https://doi.org/10.1007/s10853-019-04064-9,NOT_SAFE_AS_DIRECT_NUMERIC_SFE_OR_DELTAG,MASTER_FIELD_MAPPING
P022,10.1007/s10853-019-04064-9,P022_SERIES01,P022_MAT_C0,P022_MC_C0_ASCAST_RT,P022_OBS_C0_ASCAST_RT,P022_OBS_C0_ASCAST_RT,Independent_Experimental_ML_sample,True,as reported,HIERARCHY_INTEGRATION,"Verified material-parent, condition, and stage sheets",Source-defined hierarchy with correlated stage-child control,MEDIUM,VERIFIED,EXPERIMENTAL,https://doi.org/10.1007/s10853-019-04064-9,AUDIT_SCOPE_DEPENDENT,MASTER_FIELD_MAPPING
P022,10.1007/s10853-019-04064-9,P022_SERIES01,P022_MAT_C0,P022_MC_C0_ASCAST_RT,P022_OBS_C0_ASCAST_RT,P022_OBS_C0_ASCAST_RT,Experimental_Target_Eligibility,True,as reported,HIERARCHY_INTEGRATION,"Verified material-parent, condition, and stage sheets",Source-defined hierarchy with correlated stage-child control,MEDIUM,VERIFIED,EXPERIMENTAL,https://doi.org/10.1007/s10853-019-04064-9,AUDIT_SCOPE_DEPENDENT,MASTER_FIELD_MAPPING
P022,10.1007/s10853-019-04064-9,P022_SERIES01,P022_MAT_C0,P022_MC_C0_ASCAST_RT,P022_OBS_C0_ASCAST_RT,P022_OBS_C0_ASCAST_RT,Measured_Bulk_Composition,UNRESOLVED_NA,as reported,DIRECT_TEXT_OR_VERIFIED_NA,Materials and methods p.2; tensile condition p.3,Source text without chemistry normalization or temperature/rate inference,MEDIUM,VERIFIED_NA_NO_QUANTITATIVE_POSTMELT_BULK_CHEMISTRY,EXPERIMENTAL,https://doi.org/10.1007/s10853-019-04064-9,AUDIT_SCOPE_DEPENDENT,MASTER_FIELD_MAPPING
P022,10.1007/s10853-019-04064-9,P022_SERIES01,P022_MAT_C0,P022_MC_C0_ASCAST_RT,P022_OBS_C0_ASCAST_RT,P022_OBS_C0_ASCAST_RT,Loading_Mode,Uniaxial tension,as reported,DIRECT_TEXT_OR_VERIFIED_NA,Materials and methods p.2; tensile condition p.3,Source text without chemistry normalization or temperature/rate inference,MEDIUM,VERIFIED,EXPERIMENTAL,https://doi.org/10.1007/s10853-019-04064-9,AUDIT_SCOPE_DEPENDENT,MASTER_FIELD_MAPPING
P022,10.1007/s10853-019-04064-9,P022_SERIES01,P022_MAT_C0,P022_MC_C0_ASCAST_RT,P022_OBS_C0_ASCAST_RT,P022_OBS_C0_ASCAST_RT,Initial_Phase,FCC_PLUS_HCP,as reported,DIRECT_XRD_OM_SEM_OR_VERIFIED_NA,Figs.1-2 pp.2-3,XRD plus OM/SEM with phase-scope safeguards,MEDIUM,VERIFIED,EXPERIMENTAL,https://doi.org/10.1007/s10853-019-04064-9,AUDIT_SCOPE_DEPENDENT,MASTER_FIELD_MAPPING
P022,10.1007/s10853-019-04064-9,P022_SERIES01,P022_MAT_C0,P022_MC_C0_ASCAST_RT,P022_OBS_C0_ASCAST_RT,P022_OBS_C0_ASCAST_RT,Mechanical_Value_Status,FIGURE_ONLY_NOT_DIGITIZED,as reported,DIRECT_APPROX_TEXT_OR_VERIFIED_NA,Methods p.2; Figs.1-4 pp.2-5,Engineering tensile response; Figure 3 not digitized,MEDIUM,VERIFIED,EXPERIMENTAL,https://doi.org/10.1007/s10853-019-04064-9,MECHANICAL_OUTCOME_LEAKAGE,MASTER_FIELD_MAPPING
P022,10.1007/s10853-019-04064-9,P022_SERIES01,P022_MAT_C0,P022_MC_C0_ASCAST_RT,P022_OBS_C0_ASCAST_RT,P022_OBS_C0_ASCAST_RT,Mechanical_Predictor_Eligibility,MECHANICAL_OUTCOME_LEAKAGE,as reported,DIRECT_APPROX_TEXT_OR_VERIFIED_NA,Methods p.2; Figs.1-4 pp.2-5,Engineering tensile response; Figure 3 not digitized,MEDIUM,VERIFIED,EXPERIMENTAL,https://doi.org/10.1007/s10853-019-04064-9,MECHANICAL_OUTCOME_LEAKAGE,MASTER_FIELD_MAPPING
P022,10.1007/s10853-019-04064-9,P022_SERIES01,P022_MAT_C0,P022_MC_C0_ASCAST_RT,P022_OBS_C0_ASCAST_RT,P022_OBS_C0_ASCAST_RT,TRIP_Evidence_Type,AUTHOR_CONDITION_ATTRIBUTION_CROSS_REFERENCED_TO_ESTABLISHED_BASE_ALLOY,as reported,CONDITION_OR_STAGE_TARGET_EVIDENCE,Methods p.2; Figs.1-4 pp.2-5,Condition-level evidence grading from verified workbook,MEDIUM,VERIFIED,EXPERIMENTAL,https://doi.org/10.1007/s10853-019-04064-9,TARGET_OR_TARGET_EVIDENCE_NOT_PREDICTOR,MASTER_FIELD_MAPPING
P022,10.1007/s10853-019-04064-9,P022_SERIES01,P022_MAT_C0,P022_MC_C0_ASCAST_RT,P022_OBS_C0_ASCAST_RT,P022_OBS_C0_ASCAST_RT,TWIP_Evidence_Type,NO_CURRENT_PAPER_POST_TEST_TWIN_CHARACTERIZATION,as reported,CONDITION_OR_STAGE_TARGET_EVIDENCE,Methods p.2; Figs.1-4 pp.2-5,Condition-level evidence grading from verified workbook,MEDIUM,VERIFIED,EXPERIMENTAL,https://doi.org/10.1007/s10853-019-04064-9,TARGET_OR_TARGET_EVIDENCE_NOT_PREDICTOR,MASTER_FIELD_MAPPING
P022,10.1007/s10853-019-04064-9,P022_SERIES01,P022_MAT_C0,P022_MC_C0_ASCAST_RT,P022_OBS_C0_ASCAST_RT,P022_OBS_C0_ASCAST_RT,Negative_Evidence_Status,INSUFFICIENT_FOR_ZERO,as reported,CONDITION_OR_STAGE_TARGET_EVIDENCE,Methods p.2; Figs.1-4 pp.2-5,Condition-level evidence grading from verified workbook,MEDIUM,VERIFIED,EXPERIMENTAL,https://doi.org/10.1007/s10853-019-04064-9,TARGET_OR_TARGET_EVIDENCE_NOT_PREDICTOR,MASTER_FIELD_MAPPING
P022,10.1007/s10853-019-04064-9,P022_SERIES01,P022_MAT_C0,P022_MC_C0_ASCAST_RT,P022_OBS_C0_ASCAST_RT,P022_OBS_C0_ASCAST_RT,Condition_Level_Target_Evidence,"The current paper explicitly treats C0 as the TRIP reference condition and compares the TWIP behavior of C/Mo-alloyed conditions against the 'TRIP effect in C0 HEA'. Initial C0 is FCC+HCP, so initial HCP alone is not the basis of the positive label.",as reported,CONDITION_OR_STAGE_TARGET_EVIDENCE,Methods p.2; Figs.1-4 pp.2-5,Condition-level evidence grading from verified workbook,MEDIUM,VERIFIED,EXPERIMENTAL,https://doi.org/10.1007/s10853-019-04064-9,TARGET_OR_TARGET_EVIDENCE_NOT_PREDICTOR,MASTER_FIELD_MAPPING
P022,10.1007/s10853-019-04064-9,P022_SERIES01,P022_MAT_C0,P022_MC_C0_ASCAST_RT,P022_OBS_C0_ASCAST_RT,P022_OBS_C0_ASCAST_RT,Target_Evidence_Confidence,MEDIUM,as reported,CONDITION_OR_STAGE_TARGET_EVIDENCE,Methods p.2; Figs.1-4 pp.2-5,Condition-level evidence grading from verified workbook,MEDIUM,VERIFIED,EXPERIMENTAL,https://doi.org/10.1007/s10853-019-04064-9,TARGET_OR_TARGET_EVIDENCE_NOT_PREDICTOR,MASTER_FIELD_MAPPING
P022,10.1007/s10853-019-04064-9,P022_SERIES01,P022_MAT_C0,P022_MC_C0_ASCAST_RT,P022_OBS_C0_ASCAST_RT,P022_OBS_C0_ASCAST_RT,DeltaG_Value_Status,NOT_REPORTED,as reported,QUALITATIVE_DIRECTION_OR_VERIFIED_GAP,Introduction/results and whole-paper review,No current-alloy numeric SFE or DeltaG; no cross-paper transfer,MEDIUM,VERIFIED,EXPERIMENTAL,https://doi.org/10.1007/s10853-019-04064-9,NOT_SAFE_AS_DIRECT_NUMERIC_SFE_OR_DELTAG,MASTER_FIELD_MAPPING
P022,10.1007/s10853-019-04064-9,P022_SERIES01,P022_MAT_C0,P022_MC_C0_ASCAST_RT,P022_OBS_C0_ASCAST_RT,P022_OBS_C0_ASCAST_RT,DeltaG_Data_Origin,CURRENT_PAPER_GAP,as reported,QUALITATIVE_DIRECTION_OR_VERIFIED_GAP,Introduction/results and whole-paper review,No current-alloy numeric SFE or DeltaG; no cross-paper transfer,MEDIUM,VERIFIED,EXPERIMENTAL,https://doi.org/10.1007/s10853-019-04064-9,NOT_SAFE_AS_DIRECT_NUMERIC_SFE_OR_DELTAG,MASTER_FIELD_MAPPING
P022,10.1007/s10853-019-04064-9,P022_SERIES01,P022_MAT_C0,P022_MC_C0_ASCAST_RT,P022_OBS_C0_ASCAST_RT,P022_OBS_C0_ASCAST_RT,Journal,Journal of Materials Science,as reported,SOURCE_IDENTITY,Verified article identity / whole paper,Verified PDF and bibliographic DOI identity,MEDIUM,VERIFIED,EXPERIMENTAL,https://doi.org/10.1007/s10853-019-04064-9,AUDIT_SCOPE_DEPENDENT,MASTER_FIELD_MAPPING
P022,10.1007/s10853-019-04064-9,P022_SERIES01,P022_MAT_C0,P022_MC_C0_ASCAST_RT,P022_OBS_C0_ASCAST_RT,P022_OBS_C0_ASCAST_RT,Volume,55,as reported,SOURCE_IDENTITY,Verified article identity / whole paper,Verified PDF and bibliographic DOI identity,MEDIUM,VERIFIED,EXPERIMENTAL,https://doi.org/10.1007/s10853-019-04064-9,AUDIT_SCOPE_DEPENDENT,MASTER_FIELD_MAPPING
P022,10.1007/s10853-019-04064-9,P022_SERIES01,P022_MAT_C0,P022_MC_C0_ASCAST_RT,P022_OBS_C0_ASCAST_RT,P022_OBS_C0_ASCAST_RT,Issue,5,as reported,SOURCE_IDENTITY,Verified article identity / whole paper,Verified PDF and bibliographic DOI identity,MEDIUM,VERIFIED,EXPERIMENTAL,https://doi.org/10.1007/s10853-019-04064-9,AUDIT_SCOPE_DEPENDENT,MASTER_FIELD_MAPPING
P022,10.1007/s10853-019-04064-9,P022_SERIES01,P022_MAT_C0,P022_MC_C0_ASCAST_RT,P022_OBS_C0_ASCAST_RT,P022_OBS_C0_ASCAST_RT,Pages,2239-2244,as reported,SOURCE_IDENTITY,Verified article identity / whole paper,Verified PDF and bibliographic DOI identity,MEDIUM,VERIFIED,EXPERIMENTAL,https://doi.org/10.1007/s10853-019-04064-9,AUDIT_SCOPE_DEPENDENT,MASTER_FIELD_MAPPING
P022,10.1007/s10853-019-04064-9,P022_SERIES01,P022_MAT_C0,P022_MC_C0_ASCAST_RT,P022_OBS_C0_ASCAST_RT,P022_OBS_C0_ASCAST_RT,Publication_Year,2020,as reported,SOURCE_IDENTITY,Verified article identity / whole paper,Verified PDF and bibliographic DOI identity,MEDIUM,VERIFIED,EXPERIMENTAL,https://doi.org/10.1007/s10853-019-04064-9,AUDIT_SCOPE_DEPENDENT,MASTER_FIELD_MAPPING
P022,10.1007/s10853-019-04064-9,P022_SERIES01,P022_MAT_C0,P022_MC_C0_ASCAST_RT,P022_OBS_C0_ASCAST_RT,P022_OBS_C0_ASCAST_RT,Source_URL,https://doi.org/10.1007/s10853-019-04064-9,as reported,SOURCE_IDENTITY,Verified article identity / whole paper,Verified PDF and bibliographic DOI identity,MEDIUM,VERIFIED,EXPERIMENTAL,https://doi.org/10.1007/s10853-019-04064-9,AUDIT_SCOPE_DEPENDENT,MASTER_FIELD_MAPPING
P022,10.1007/s10853-019-04064-9,P022_SERIES01,P022_MAT_C0,P022_MC_C0_ASCAST_RT,P022_OBS_C0_ASCAST_RT,P022_OBS_C0_ASCAST_RT,Melting_Route,Arc melting under Ti-gettered high-purity Ar in water-cooled Cu crucible,as reported,DIRECT_TEXT_OR_VERIFIED_NA,Materials and methods p.2; tensile condition p.3,Source text without chemistry normalization or temperature/rate inference,MEDIUM,VERIFIED,EXPERIMENTAL,https://doi.org/10.1007/s10853-019-04064-9,AUDIT_SCOPE_DEPENDENT,MASTER_FIELD_MAPPING
P022,10.1007/s10853-019-04064-9,P022_SERIES01,P022_MAT_C0,P022_MC_C0_ASCAST_RT,P022_OBS_C0_ASCAST_RT,P022_OBS_C0_ASCAST_RT,Casting_Route,WATER_COOLED_CU_CRUCIBLE,as reported,DIRECT_TEXT_OR_VERIFIED_NA,Materials and methods p.2; tensile condition p.3,Source text without chemistry normalization or temperature/rate inference,MEDIUM,VERIFIED,EXPERIMENTAL,https://doi.org/10.1007/s10853-019-04064-9,AUDIT_SCOPE_DEPENDENT,MASTER_FIELD_MAPPING
P022,10.1007/s10853-019-04064-9,P022_SERIES01,P022_MAT_C0,P022_MC_C0_ASCAST_RT,P022_OBS_C0_ASCAST_RT,P022_OBS_C0_ASCAST_RT,Test_Metadata_Status,ROOM_TEMPERATURE_RAW_ONLY_EXACT_K_AND_TENSILE_STRAIN_RATE_NOT_REPORTED,as reported,DIRECT_TEXT_OR_VERIFIED_NA,Materials and methods p.2; tensile condition p.3,Source text without chemistry normalization or temperature/rate inference,MEDIUM,VERIFIED,EXPERIMENTAL,https://doi.org/10.1007/s10853-019-04064-9,AUDIT_SCOPE_DEPENDENT,MASTER_FIELD_MAPPING
P022,10.1007/s10853-019-04064-9,P022_SERIES01,P022_MAT_C0,P022_MC_C0_ASCAST_RT,P022_OBS_C0_ASCAST_RT,P022_OBS_C0_ASCAST_RT,Initial_TRIP_Target_Guardrail,PRE_EXISTING_AS_CAST_HCP_DOES_NOT_GENERATE_DEFORMATION_INDUCED_TRIP,as reported,DIRECT_XRD_OM_SEM_OR_VERIFIED_NA,Figs.1-2 pp.2-3,XRD plus OM/SEM with phase-scope safeguards,MEDIUM,VERIFIED,EXPERIMENTAL,https://doi.org/10.1007/s10853-019-04064-9,AUDIT_SCOPE_DEPENDENT,MASTER_FIELD_MAPPING
P022,10.1007/s10853-019-04064-9,P022_SERIES01,P022_MAT_C0,P022_MC_C0_ASCAST_RT,P022_OBS_C0_ASCAST_RT,P022_OBS_C0_ASCAST_RT,Strain_Basis_Status,FIGURE_ONLY_NOT_DIGITIZED,as reported,DIRECT_APPROX_TEXT_OR_VERIFIED_NA,Methods p.2; Figs.1-4 pp.2-5,Engineering tensile response; Figure 3 not digitized,MEDIUM,VERIFIED,EXPERIMENTAL,https://doi.org/10.1007/s10853-019-04064-9,MECHANICAL_OUTCOME_LEAKAGE,MASTER_FIELD_MAPPING
P022,10.1007/s10853-019-04064-9,P022_SERIES01,P022_MAT_C0,P022_MC_C0_ASCAST_RT,P022_OBS_C0_ASCAST_RT,P022_OBS_C0_ASCAST_RT,Target_Status,TRIP_AUTHOR_ATTRIBUTED_TWIP_UNRESOLVED,as reported,CONDITION_OR_STAGE_TARGET_EVIDENCE,Methods p.2; Figs.1-4 pp.2-5,Condition-level evidence grading from verified workbook,MEDIUM,VERIFIED,EXPERIMENTAL,https://doi.org/10.1007/s10853-019-04064-9,TARGET_OR_TARGET_EVIDENCE_NOT_PREDICTOR,MASTER_FIELD_MAPPING
P022,10.1007/s10853-019-04064-9,P022_SERIES01,P022_MAT_C0,P022_MC_C0_ASCAST_RT,P022_OBS_C0_ASCAST_RT,P022_OBS_C0_ASCAST_RT,Remelt_Count_Min,5,minimum count,DIRECT_TEXT_OR_VERIFIED_NA,Materials and methods p.2; tensile condition p.3,Source text without chemistry normalization or temperature/rate inference,MEDIUM,VERIFIED,EXPERIMENTAL,https://doi.org/10.1007/s10853-019-04064-9,AUDIT_SCOPE_DEPENDENT,MASTER_FIELD_MAPPING
P022,10.1007/s10853-019-04064-9,P022_SERIES01,P022_MAT_C0,P022_MC_C0_ASCAST_RT,P022_OBS_C0_ASCAST_RT,P022_OBS_C0_ASCAST_RT,Remelt_Count_Status,AT_LEAST_FIVE,as reported,DIRECT_TEXT_OR_VERIFIED_NA,Materials and methods p.2; tensile condition p.3,Source text without chemistry normalization or temperature/rate inference,MEDIUM,VERIFIED,EXPERIMENTAL,https://doi.org/10.1007/s10853-019-04064-9,AUDIT_SCOPE_DEPENDENT,MASTER_FIELD_MAPPING
P022,10.1007/s10853-019-04064-9,P022_SERIES01,P022_MAT_C0,P022_MC_C0_ASCAST_RT,P022_OBS_C0_ASCAST_RT,P022_OBS_C0_ASCAST_RT,Test_T_C,UNRESOLVED_NA,C,DIRECT_TEXT_OR_VERIFIED_NA,Materials and methods p.2; tensile condition p.3,Source text without chemistry normalization or temperature/rate inference,MEDIUM,VERIFIED_NA_ROOM_TEMPERATURE_NOT_NUMERICALLY_REPORTED,EXPERIMENTAL,https://doi.org/10.1007/s10853-019-04064-9,AUDIT_SCOPE_DEPENDENT,MASTER_FIELD_MAPPING
P022,10.1007/s10853-019-04064-9,P022_SERIES01,P022_MAT_C0,P022_MC_C0_ASCAST_RT,P022_OBS_C0_ASCAST_RT,P022_OBS_C0_ASCAST_RT,SFE_Predictor_Eligibility,NOT_SAFE_AS_DIRECT_NUMERIC_SFE,as reported,QUALITATIVE_DIRECTION_OR_VERIFIED_GAP,Introduction/results and whole-paper review,No current-alloy numeric SFE or DeltaG; no cross-paper transfer,MEDIUM,VERIFIED,EXPERIMENTAL,https://doi.org/10.1007/s10853-019-04064-9,NOT_SAFE_AS_DIRECT_NUMERIC_SFE_OR_DELTAG,MASTER_FIELD_MAPPING
P022,10.1007/s10853-019-04064-9,P022_SERIES01,P022_MAT_C0,P022_MC_C0_ASCAST_RT,P022_OBS_C0_ASCAST_RT,P022_OBS_C0_ASCAST_RT,P022_Record_Role,RECOVERED_EXACT_PRIMARY_CONDITION,as reported,HIERARCHY_INTEGRATION,"Verified material-parent, condition, and stage sheets",Source-defined hierarchy with correlated stage-child control,MEDIUM,VERIFIED,EXPERIMENTAL,https://doi.org/10.1007/s10853-019-04064-9,AUDIT_SCOPE_DEPENDENT,MASTER_FIELD_MAPPING
P022,10.1007/s10853-019-04064-9,P022_SERIES01,P022_MAT_C0,P022_MC_C0_ASCAST_RT,P022_OBS_C0_ASCAST_RT,P022_OBS_C0_ASCAST_RT,P022_Target_Status,TRIP_AUTHOR_ATTRIBUTED_TWIP_UNRESOLVED,as reported,CONDITION_OR_STAGE_TARGET_EVIDENCE,Methods p.2; Figs.1-4 pp.2-5,Condition-level evidence grading from verified workbook,MEDIUM,VERIFIED,EXPERIMENTAL,https://doi.org/10.1007/s10853-019-04064-9,TARGET_OR_TARGET_EVIDENCE_NOT_PREDICTOR,MASTER_FIELD_MAPPING
P022,10.1007/s10853-019-04064-9,P022_SERIES01,P022_MAT_C0,P022_MC_C0_ASCAST_RT,P022_OBS_C0_ASCAST_RT,P022_OBS_C0_ASCAST_RT,P022_Source_Identity_Status,VERIFIED_PDF_AND_EXTERNAL_BIBLIOGRAPHIC_MATCH,as reported,SOURCE_IDENTITY,Verified article identity / whole paper,Verified PDF and bibliographic DOI identity,MEDIUM,VERIFIED,EXPERIMENTAL,https://doi.org/10.1007/s10853-019-04064-9,AUDIT_SCOPE_DEPENDENT,MASTER_FIELD_MAPPING
P022,10.1007/s10853-019-04064-9,P022_SERIES01,P022_MAT_C0,P022_MC_C0_ASCAST_RT,P022_OBS_C0_ASCAST_RT,P022_OBS_C0_ASCAST_RT,P022_QC_Status,PENDING_GLOBAL_QC_SCHEMA_SPLIT_REFRESH_AFTER_COLLECTION,as reported,HIERARCHY_INTEGRATION,"Verified material-parent, condition, and stage sheets",Source-defined hierarchy with correlated stage-child control,MEDIUM,VERIFIED,EXPERIMENTAL,https://doi.org/10.1007/s10853-019-04064-9,AUDIT_SCOPE_DEPENDENT,MASTER_FIELD_MAPPING
P022,10.1007/s10853-019-04064-9,P022_SERIES01,P022_MAT_C0,P022_MC_C0_ASCAST_RT,P022_OBS_C0_ASCAST_RT,P022_OBS_C0_ASCAST_RT,Original_Composition_Basis,ATOMIC_RATIO_AS_REPORTED,as reported,DIRECT_TEXT_OR_VERIFIED_NA,Materials and methods p.2; tensile condition p.3,Source text without chemistry normalization or temperature/rate inference,MEDIUM,VERIFIED,EXPERIMENTAL,https://doi.org/10.1007/s10853-019-04064-9,AUDIT_SCOPE_DEPENDENT,MASTER_FIELD_MAPPING
P022,10.1007/s10853-019-04064-9,P022_SERIES01,P022_MAT_C0,P022_MC_C0_ASCAST_RT,P022_OBS_C0_ASCAST_RT,P022_OBS_C0_ASCAST_RT,Normalized_Composition_at_pct,UNRESOLVED_NA,as reported,DIRECT_TEXT_OR_VERIFIED_NA,Materials and methods p.2; tensile condition p.3,Source text without chemistry normalization or temperature/rate inference,MEDIUM,VERIFIED_NA_ATOMIC_RATIO_FORMULA_NOT_NORMALIZED_TO_ATPCT,EXPERIMENTAL,https://doi.org/10.1007/s10853-019-04064-9,AUDIT_SCOPE_DEPENDENT,MASTER_FIELD_MAPPING
P022,10.1007/s10853-019-04064-9,P022_SERIES01,P022_MAT_C0,P022_MC_C0_ASCAST_RT,P022_OBS_C0_ASCAST_RT,P022_OBS_C0_ASCAST_RT,Composition_Normalization_Status,NOT_NORMALIZED_RECOVERY_PRESERVES_ATOMIC_RATIO_FORMULA,as reported,DIRECT_TEXT_OR_VERIFIED_NA,Materials and methods p.2; tensile condition p.3,Source text without chemistry normalization or temperature/rate inference,MEDIUM,VERIFIED,EXPERIMENTAL,https://doi.org/10.1007/s10853-019-04064-9,AUDIT_SCOPE_DEPENDENT,MASTER_FIELD_MAPPING
P022,10.1007/s10853-019-04064-9,P022_SERIES01,P022_MAT_C0,P022_MC_C0_ASCAST_RT,P022_OBS_C0_ASCAST_RT,P022_OBS_C0_ASCAST_RT,Atomic_Ratio_C_Addition_Raw,0.0,atomic-ratio addition,DIRECT_TEXT_OR_VERIFIED_NA,Materials and methods p.2; tensile condition p.3,Source text without chemistry normalization or temperature/rate inference,MEDIUM,VERIFIED,EXPERIMENTAL,https://doi.org/10.1007/s10853-019-04064-9,AUDIT_SCOPE_DEPENDENT,MASTER_FIELD_MAPPING
P022,10.1007/s10853-019-04064-9,P022_SERIES01,P022_MAT_C0,P022_MC_C0_ASCAST_RT,P022_OBS_C0_ASCAST_RT,P022_OBS_C0_ASCAST_RT,Atomic_Ratio_Mo_Addition_Raw,0.0,atomic-ratio addition,DIRECT_TEXT_OR_VERIFIED_NA,Materials and methods p.2; tensile condition p.3,Source text without chemistry normalization or temperature/rate inference,MEDIUM,VERIFIED,EXPERIMENTAL,https://doi.org/10.1007/s10853-019-04064-9,AUDIT_SCOPE_DEPENDENT,MASTER_FIELD_MAPPING
P022,10.1007/s10853-019-04064-9,P022_SERIES01,P022_MAT_C0,P022_MC_C0_ASCAST_RT,P022_OBS_C0_ASCAST_RT,P022_OBS_C0_ASCAST_RT,Processing_State,AS_CAST,as reported,DIRECT_TEXT_OR_VERIFIED_NA,Materials and methods p.2; tensile condition p.3,Source text without chemistry normalization or temperature/rate inference,MEDIUM,VERIFIED,EXPERIMENTAL,https://doi.org/10.1007/s10853-019-04064-9,AUDIT_SCOPE_DEPENDENT,MASTER_FIELD_MAPPING
P022,10.1007/s10853-019-04064-9,P022_SERIES01,P022_MAT_C0,P022_MC_C0_ASCAST_RT,P022_OBS_C0_ASCAST_RT,P022_OBS_C0_ASCAST_RT,Flat_Tensile_Specimen_Dimensions_mm,22 x 2.5 x 1.5,as reported,DIRECT_TEXT_OR_VERIFIED_NA,Materials and methods p.2; tensile condition p.3,Source text without chemistry normalization or temperature/rate inference,MEDIUM,VERIFIED,EXPERIMENTAL,https://doi.org/10.1007/s10853-019-04064-9,AUDIT_SCOPE_DEPENDENT,MASTER_FIELD_MAPPING
P022,10.1007/s10853-019-04064-9,P022_SERIES01,P022_MAT_C0,P022_MC_C0_ASCAST_RT,P022_OBS_C0_ASCAST_RT,P022_OBS_C0_ASCAST_RT,Strain_Rate_Status,NOT_REPORTED,as reported,DIRECT_TEXT_OR_VERIFIED_NA,Materials and methods p.2; tensile condition p.3,Source text without chemistry normalization or temperature/rate inference,MEDIUM,VERIFIED,EXPERIMENTAL,https://doi.org/10.1007/s10853-019-04064-9,AUDIT_SCOPE_DEPENDENT,MASTER_FIELD_MAPPING
P022,10.1007/s10853-019-04064-9,P022_SERIES01,P022_MAT_C0,P022_MC_C0_ASCAST_RT,P022_OBS_C0_ASCAST_RT,P022_OBS_C0_ASCAST_RT,Dendrite_Morphology,Typical dendritic as-cast microstructure,as reported,DIRECT_XRD_OM_SEM_OR_VERIFIED_NA,Figs.1-2 pp.2-3,XRD plus OM/SEM with phase-scope safeguards,MEDIUM,VERIFIED,EXPERIMENTAL,https://doi.org/10.1007/s10853-019-04064-9,AUDIT_SCOPE_DEPENDENT,MASTER_FIELD_MAPPING
P022,10.1007/s10853-019-04064-9,P022_SERIES01,P022_MAT_C0,P022_MC_C0_ASCAST_RT,P022_OBS_C0_ASCAST_RT,P022_OBS_C0_ASCAST_RT,Sigma_Phase_Evidence_Status,NO_SIGMA_PHASE_VALUE_ASSIGNED,as reported,DIRECT_XRD_OM_SEM_OR_VERIFIED_NA,Figs.1-2 pp.2-3,XRD plus OM/SEM with phase-scope safeguards,MEDIUM,VERIFIED,EXPERIMENTAL,https://doi.org/10.1007/s10853-019-04064-9,AUDIT_SCOPE_DEPENDENT,MASTER_FIELD_MAPPING
P022,10.1007/s10853-019-04064-9,P022_SERIES01,P022_MAT_C0,P022_MC_C0_ASCAST_RT,P022_OBS_C0_ASCAST_RT,P022_OBS_C0_ASCAST_RT,Initial_HCP_Target_Guardrail,INITIAL_HCP_IS_NOT_DEFORMATION_INDUCED_TRIP_EVIDENCE,as reported,DIRECT_XRD_OM_SEM_OR_VERIFIED_NA,Figs.1-2 pp.2-3,XRD plus OM/SEM with phase-scope safeguards,MEDIUM,VERIFIED,EXPERIMENTAL,https://doi.org/10.1007/s10853-019-04064-9,AUDIT_SCOPE_DEPENDENT,MASTER_FIELD_MAPPING
P022,10.1007/s10853-019-04064-9,P022_SERIES01,P022_MAT_C0,P022_MC_C0_ASCAST_RT,P022_OBS_C0_ASCAST_RT,P022_OBS_C0_ASCAST_RT,Paper_Native_Mechanism_Attribution,TRIP,as reported,CONDITION_OR_STAGE_TARGET_EVIDENCE,Methods p.2; Figs.1-4 pp.2-5,Condition-level evidence grading from verified workbook,MEDIUM,VERIFIED,EXPERIMENTAL,https://doi.org/10.1007/s10853-019-04064-9,TARGET_OR_TARGET_EVIDENCE_NOT_PREDICTOR,MASTER_FIELD_MAPPING
P022,10.1007/s10853-019-04064-9,P022_SERIES01,P022_MAT_C0,P022_MC_C0_ASCAST_RT,P022_OBS_C0_ASCAST_RT,P022_OBS_C0_ASCAST_RT,Author_Attributed_Target_Evidence_Grade,MEDIUM_AUTHOR_ATTRIBUTED_NOT_DIRECT_POSTTEST_PHASE_MAP,as reported,CONDITION_OR_STAGE_TARGET_EVIDENCE,Methods p.2; Figs.1-4 pp.2-5,Condition-level evidence grading from verified workbook,MEDIUM,VERIFIED,EXPERIMENTAL,https://doi.org/10.1007/s10853-019-04064-9,TARGET_OR_TARGET_EVIDENCE_NOT_PREDICTOR,MASTER_FIELD_MAPPING
P022,10.1007/s10853-019-04064-9,P022_SERIES01,P022_MAT_C0,P022_MC_C0_ASCAST_RT,P022_OBS_C0_ASCAST_RT,P022_OBS_C0_ASCAST_RT,TRIP_to_TWIP_Negative_Safeguard,MECHANISM_SHIFT_WORDING_DOES_NOT_GENERATE_TRIP_ZERO,as reported,CONDITION_OR_STAGE_TARGET_EVIDENCE,Methods p.2; Figs.1-4 pp.2-5,Condition-level evidence grading from verified workbook,MEDIUM,VERIFIED,EXPERIMENTAL,https://doi.org/10.1007/s10853-019-04064-9,TARGET_OR_TARGET_EVIDENCE_NOT_PREDICTOR,MASTER_FIELD_MAPPING
P022,10.1007/s10853-019-04064-9,P022_SERIES01,P022_MAT_C0,P022_MC_C0_ASCAST_RT,P022_OBS_C0_ASCAST_RT,P022_OBS_C0_ASCAST_RT,Figure3_Digitization_Status,NOT_DIGITIZED_TEXT_ONLY_VALUES_WHERE_EXPLICIT,as reported,DIRECT_APPROX_TEXT_OR_VERIFIED_NA,Methods p.2; Figs.1-4 pp.2-5,Engineering tensile response; Figure 3 not digitized,MEDIUM,VERIFIED,EXPERIMENTAL,https://doi.org/10.1007/s10853-019-04064-9,MECHANICAL_OUTCOME_LEAKAGE,MASTER_FIELD_MAPPING
P022,10.1007/s10853-019-04064-9,P022_SERIES01,P022_MAT_C0,P022_MC_C0_ASCAST_RT,P022_OBS_C0_ASCAST_RT,P022_OBS_C0_ASCAST_RT,SFE_General_Threshold_Status,SECONDARY_GENERAL_THRESHOLDS_NOT_ASSIGNED_TO_P022_CONDITIONS,as reported,QUALITATIVE_DIRECTION_OR_VERIFIED_GAP,Introduction/results and whole-paper review,No current-alloy numeric SFE or DeltaG; no cross-paper transfer,MEDIUM,VERIFIED,EXPERIMENTAL,https://doi.org/10.1007/s10853-019-04064-9,NOT_SAFE_AS_DIRECT_NUMERIC_SFE_OR_DELTAG,MASTER_FIELD_MAPPING
P022,10.1007/s10853-019-04064-9,P022_SERIES01,P022_MAT_C0,P022_MC_C0_ASCAST_RT,P022_OBS_C0_ASCAST_RT,P022_OBS_C0_ASCAST_RT,SFE_Qualitative_Trend,NO_CURRENT_ALLOY_NUMERIC_SFE_QUALITATIVE_REFERENCE_ONLY,as reported,QUALITATIVE_DIRECTION_OR_VERIFIED_GAP,Introduction/results and whole-paper review,No current-alloy numeric SFE or DeltaG; no cross-paper transfer,MEDIUM,VERIFIED,EXPERIMENTAL,https://doi.org/10.1007/s10853-019-04064-9,NOT_SAFE_AS_DIRECT_NUMERIC_SFE_OR_DELTAG,MASTER_FIELD_MAPPING
P022,10.1007/s10853-019-04064-9,P022_SERIES01,P022_MAT_C2,P022_MC_C2_ASCAST_RT,P022_OBS_C2_ASCAST_RT,P022_OBS_C2_ASCAST_RT,Paper_ID,P022,as reported,SOURCE_IDENTITY,Verified article identity / whole paper,Verified PDF and bibliographic DOI identity,HIGH,VERIFIED,EXPERIMENTAL,https://doi.org/10.1007/s10853-019-04064-9,AUDIT_SCOPE_DEPENDENT,MASTER_FIELD_MAPPING
P022,10.1007/s10853-019-04064-9,P022_SERIES01,P022_MAT_C2,P022_MC_C2_ASCAST_RT,P022_OBS_C2_ASCAST_RT,P022_OBS_C2_ASCAST_RT,DOI,10.1007/s10853-019-04064-9,as reported,SOURCE_IDENTITY,Verified article identity / whole paper,Verified PDF and bibliographic DOI identity,HIGH,VERIFIED,EXPERIMENTAL,https://doi.org/10.1007/s10853-019-04064-9,AUDIT_SCOPE_DEPENDENT,MASTER_FIELD_MAPPING
P022,10.1007/s10853-019-04064-9,P022_SERIES01,P022_MAT_C2,P022_MC_C2_ASCAST_RT,P022_OBS_C2_ASCAST_RT,P022_OBS_C2_ASCAST_RT,Paper_Title,Excellent room temperature ductility of as-cast TRIP high-entropy alloy via Mo and C alloying,as reported,SOURCE_IDENTITY,Verified article identity / whole paper,Verified PDF and bibliographic DOI identity,HIGH,VERIFIED,EXPERIMENTAL,https://doi.org/10.1007/s10853-019-04064-9,AUDIT_SCOPE_DEPENDENT,MASTER_FIELD_MAPPING
P022,10.1007/s10853-019-04064-9,P022_SERIES01,P022_MAT_C2,P022_MC_C2_ASCAST_RT,P022_OBS_C2_ASCAST_RT,P022_OBS_C2_ASCAST_RT,Condition_ID,P022_MC_C2_ASCAST_RT,as reported,HIERARCHY_INTEGRATION,"Verified material-parent, condition, and stage sheets",Source-defined hierarchy with correlated stage-child control,HIGH,VERIFIED,EXPERIMENTAL,https://doi.org/10.1007/s10853-019-04064-9,AUDIT_SCOPE_DEPENDENT,MASTER_FIELD_MAPPING
P022,10.1007/s10853-019-04064-9,P022_SERIES01,P022_MAT_C2,P022_MC_C2_ASCAST_RT,P022_OBS_C2_ASCAST_RT,P022_OBS_C2_ASCAST_RT,Experiment_Group_ID,P022_SERIES01,as reported,HIERARCHY_INTEGRATION,"Verified material-parent, condition, and stage sheets",Source-defined hierarchy with correlated stage-child control,HIGH,VERIFIED,EXPERIMENTAL,https://doi.org/10.1007/s10853-019-04064-9,AUDIT_SCOPE_DEPENDENT,MASTER_FIELD_MAPPING
P022,10.1007/s10853-019-04064-9,P022_SERIES01,P022_MAT_C2,P022_MC_C2_ASCAST_RT,P022_OBS_C2_ASCAST_RT,P022_OBS_C2_ASCAST_RT,Row_Type,Primary as-cast experimental tensile condition,as reported,HIERARCHY_INTEGRATION,"Verified material-parent, condition, and stage sheets",Source-defined hierarchy with correlated stage-child control,HIGH,VERIFIED,EXPERIMENTAL,https://doi.org/10.1007/s10853-019-04064-9,AUDIT_SCOPE_DEPENDENT,MASTER_FIELD_MAPPING
P022,10.1007/s10853-019-04064-9,P022_SERIES01,P022_MAT_C2,P022_MC_C2_ASCAST_RT,P022_OBS_C2_ASCAST_RT,P022_OBS_C2_ASCAST_RT,Alloy_ID,C2,as reported,DIRECT_TEXT_OR_VERIFIED_NA,Materials and methods p.2; tensile condition p.3,Source text without chemistry normalization or temperature/rate inference,HIGH,VERIFIED,EXPERIMENTAL,https://doi.org/10.1007/s10853-019-04064-9,AUDIT_SCOPE_DEPENDENT,MASTER_FIELD_MAPPING
P022,10.1007/s10853-019-04064-9,P022_SERIES01,P022_MAT_C2,P022_MC_C2_ASCAST_RT,P022_OBS_C2_ASCAST_RT,P022_OBS_C2_ASCAST_RT,Original_Composition,Fe50Mn30Co10Cr10C2,as reported,DIRECT_TEXT_OR_VERIFIED_NA,Materials and methods p.2; tensile condition p.3,Source text without chemistry normalization or temperature/rate inference,HIGH,VERIFIED,EXPERIMENTAL,https://doi.org/10.1007/s10853-019-04064-9,AUDIT_SCOPE_DEPENDENT,MASTER_FIELD_MAPPING
P022,10.1007/s10853-019-04064-9,P022_SERIES01,P022_MAT_C2,P022_MC_C2_ASCAST_RT,P022_OBS_C2_ASCAST_RT,P022_OBS_C2_ASCAST_RT,Composition_basis,ATOMIC_RATIO_AS_REPORTED,as reported,DIRECT_TEXT_OR_VERIFIED_NA,Materials and methods p.2; tensile condition p.3,Source text without chemistry normalization or temperature/rate inference,HIGH,VERIFIED,EXPERIMENTAL,https://doi.org/10.1007/s10853-019-04064-9,AUDIT_SCOPE_DEPENDENT,MASTER_FIELD_MAPPING
P022,10.1007/s10853-019-04064-9,P022_SERIES01,P022_MAT_C2,P022_MC_C2_ASCAST_RT,P022_OBS_C2_ASCAST_RT,P022_OBS_C2_ASCAST_RT,Fe_at%,UNRESOLVED_NA,as reported,DIRECT_TEXT_OR_VERIFIED_NA,Materials and methods p.2; tensile condition p.3,Source text without chemistry normalization or temperature/rate inference,HIGH,VERIFIED_NA_ATOMIC_RATIO_FORMULA_NOT_NORMALIZED_TO_ATPCT,EXPERIMENTAL,https://doi.org/10.1007/s10853-019-04064-9,AUDIT_SCOPE_DEPENDENT,MASTER_FIELD_MAPPING
P022,10.1007/s10853-019-04064-9,P022_SERIES01,P022_MAT_C2,P022_MC_C2_ASCAST_RT,P022_OBS_C2_ASCAST_RT,P022_OBS_C2_ASCAST_RT,Mn_at%,UNRESOLVED_NA,as reported,DIRECT_TEXT_OR_VERIFIED_NA,Materials and methods p.2; tensile condition p.3,Source text without chemistry normalization or temperature/rate inference,HIGH,VERIFIED_NA_ATOMIC_RATIO_FORMULA_NOT_NORMALIZED_TO_ATPCT,EXPERIMENTAL,https://doi.org/10.1007/s10853-019-04064-9,AUDIT_SCOPE_DEPENDENT,MASTER_FIELD_MAPPING
P022,10.1007/s10853-019-04064-9,P022_SERIES01,P022_MAT_C2,P022_MC_C2_ASCAST_RT,P022_OBS_C2_ASCAST_RT,P022_OBS_C2_ASCAST_RT,Co_at%,UNRESOLVED_NA,as reported,DIRECT_TEXT_OR_VERIFIED_NA,Materials and methods p.2; tensile condition p.3,Source text without chemistry normalization or temperature/rate inference,HIGH,VERIFIED_NA_ATOMIC_RATIO_FORMULA_NOT_NORMALIZED_TO_ATPCT,EXPERIMENTAL,https://doi.org/10.1007/s10853-019-04064-9,AUDIT_SCOPE_DEPENDENT,MASTER_FIELD_MAPPING
P022,10.1007/s10853-019-04064-9,P022_SERIES01,P022_MAT_C2,P022_MC_C2_ASCAST_RT,P022_OBS_C2_ASCAST_RT,P022_OBS_C2_ASCAST_RT,Cr_at%,UNRESOLVED_NA,as reported,DIRECT_TEXT_OR_VERIFIED_NA,Materials and methods p.2; tensile condition p.3,Source text without chemistry normalization or temperature/rate inference,HIGH,VERIFIED_NA_ATOMIC_RATIO_FORMULA_NOT_NORMALIZED_TO_ATPCT,EXPERIMENTAL,https://doi.org/10.1007/s10853-019-04064-9,AUDIT_SCOPE_DEPENDENT,MASTER_FIELD_MAPPING
P022,10.1007/s10853-019-04064-9,P022_SERIES01,P022_MAT_C2,P022_MC_C2_ASCAST_RT,P022_OBS_C2_ASCAST_RT,P022_OBS_C2_ASCAST_RT,C_at%,UNRESOLVED_NA,as reported,DIRECT_TEXT_OR_VERIFIED_NA,Materials and methods p.2; tensile condition p.3,Source text without chemistry normalization or temperature/rate inference,HIGH,VERIFIED_NA_ATOMIC_RATIO_FORMULA_NOT_NORMALIZED_TO_ATPCT,EXPERIMENTAL,https://doi.org/10.1007/s10853-019-04064-9,AUDIT_SCOPE_DEPENDENT,MASTER_FIELD_MAPPING
P022,10.1007/s10853-019-04064-9,P022_SERIES01,P022_MAT_C2,P022_MC_C2_ASCAST_RT,P022_OBS_C2_ASCAST_RT,P022_OBS_C2_ASCAST_RT,Mo_at%,UNRESOLVED_NA,as reported,DIRECT_TEXT_OR_VERIFIED_NA,Materials and methods p.2; tensile condition p.3,Source text without chemistry normalization or temperature/rate inference,HIGH,VERIFIED_NA_ATOMIC_RATIO_FORMULA_NOT_NORMALIZED_TO_ATPCT,EXPERIMENTAL,https://doi.org/10.1007/s10853-019-04064-9,AUDIT_SCOPE_DEPENDENT,MASTER_FIELD_MAPPING
P022,10.1007/s10853-019-04064-9,P022_SERIES01,P022_MAT_C2,P022_MC_C2_ASCAST_RT,P022_OBS_C2_ASCAST_RT,P022_OBS_C2_ASCAST_RT,Processing_route,AS_CAST_ARC_MELTED_NO_REPORTED_HOMOGENIZATION_ROLLING_OR_ANNEALING,as reported,DIRECT_TEXT_OR_VERIFIED_NA,Materials and methods p.2; tensile condition p.3,Source text without chemistry normalization or temperature/rate inference,HIGH,VERIFIED,EXPERIMENTAL,https://doi.org/10.1007/s10853-019-04064-9,AUDIT_SCOPE_DEPENDENT,MASTER_FIELD_MAPPING
P022,10.1007/s10853-019-04064-9,P022_SERIES01,P022_MAT_C2,P022_MC_C2_ASCAST_RT,P022_OBS_C2_ASCAST_RT,P022_OBS_C2_ASCAST_RT,Cast_method,Arc melting; Ti-gettered high-purity Ar; water-cooled Cu crucible,as reported,DIRECT_TEXT_OR_VERIFIED_NA,Materials and methods p.2; tensile condition p.3,Source text without chemistry normalization or temperature/rate inference,HIGH,VERIFIED,EXPERIMENTAL,https://doi.org/10.1007/s10853-019-04064-9,AUDIT_SCOPE_DEPENDENT,MASTER_FIELD_MAPPING
P022,10.1007/s10853-019-04064-9,P022_SERIES01,P022_MAT_C2,P022_MC_C2_ASCAST_RT,P022_OBS_C2_ASCAST_RT,P022_OBS_C2_ASCAST_RT,Homogenization_T_K,UNRESOLVED_NA,as reported,DIRECT_TEXT_OR_VERIFIED_NA,Materials and methods p.2; tensile condition p.3,Source text without chemistry normalization or temperature/rate inference,HIGH,VERIFIED_NA_NO_POSTCAST_TREATMENT_REPORTED,EXPERIMENTAL,https://doi.org/10.1007/s10853-019-04064-9,AUDIT_SCOPE_DEPENDENT,MASTER_FIELD_MAPPING
P022,10.1007/s10853-019-04064-9,P022_SERIES01,P022_MAT_C2,P022_MC_C2_ASCAST_RT,P022_OBS_C2_ASCAST_RT,P022_OBS_C2_ASCAST_RT,Homogenization_time_h,UNRESOLVED_NA,as reported,DIRECT_TEXT_OR_VERIFIED_NA,Materials and methods p.2; tensile condition p.3,Source text without chemistry normalization or temperature/rate inference,HIGH,VERIFIED_NA_NO_POSTCAST_TREATMENT_REPORTED,EXPERIMENTAL,https://doi.org/10.1007/s10853-019-04064-9,AUDIT_SCOPE_DEPENDENT,MASTER_FIELD_MAPPING
P022,10.1007/s10853-019-04064-9,P022_SERIES01,P022_MAT_C2,P022_MC_C2_ASCAST_RT,P022_OBS_C2_ASCAST_RT,P022_OBS_C2_ASCAST_RT,Hot_rolling_T_K,UNRESOLVED_NA,as reported,DIRECT_TEXT_OR_VERIFIED_NA,Materials and methods p.2; tensile condition p.3,Source text without chemistry normalization or temperature/rate inference,HIGH,VERIFIED_NA_NO_POSTCAST_TREATMENT_REPORTED,EXPERIMENTAL,https://doi.org/10.1007/s10853-019-04064-9,AUDIT_SCOPE_DEPENDENT,MASTER_FIELD_MAPPING
P022,10.1007/s10853-019-04064-9,P022_SERIES01,P022_MAT_C2,P022_MC_C2_ASCAST_RT,P022_OBS_C2_ASCAST_RT,P022_OBS_C2_ASCAST_RT,Hot_rolling_reduction_pct,UNRESOLVED_NA,as reported,DIRECT_TEXT_OR_VERIFIED_NA,Materials and methods p.2; tensile condition p.3,Source text without chemistry normalization or temperature/rate inference,HIGH,VERIFIED_NA_NO_POSTCAST_TREATMENT_REPORTED,EXPERIMENTAL,https://doi.org/10.1007/s10853-019-04064-9,AUDIT_SCOPE_DEPENDENT,MASTER_FIELD_MAPPING
P022,10.1007/s10853-019-04064-9,P022_SERIES01,P022_MAT_C2,P022_MC_C2_ASCAST_RT,P022_OBS_C2_ASCAST_RT,P022_OBS_C2_ASCAST_RT,Cold_rolling_reduction_pct,UNRESOLVED_NA,as reported,DIRECT_TEXT_OR_VERIFIED_NA,Materials and methods p.2; tensile condition p.3,Source text without chemistry normalization or temperature/rate inference,HIGH,VERIFIED_NA_NO_POSTCAST_TREATMENT_REPORTED,EXPERIMENTAL,https://doi.org/10.1007/s10853-019-04064-9,AUDIT_SCOPE_DEPENDENT,MASTER_FIELD_MAPPING
P022,10.1007/s10853-019-04064-9,P022_SERIES01,P022_MAT_C2,P022_MC_C2_ASCAST_RT,P022_OBS_C2_ASCAST_RT,P022_OBS_C2_ASCAST_RT,Annealing_T_K,UNRESOLVED_NA,as reported,DIRECT_TEXT_OR_VERIFIED_NA,Materials and methods p.2; tensile condition p.3,Source text without chemistry normalization or temperature/rate inference,HIGH,VERIFIED_NA_NO_POSTCAST_TREATMENT_REPORTED,EXPERIMENTAL,https://doi.org/10.1007/s10853-019-04064-9,AUDIT_SCOPE_DEPENDENT,MASTER_FIELD_MAPPING
P022,10.1007/s10853-019-04064-9,P022_SERIES01,P022_MAT_C2,P022_MC_C2_ASCAST_RT,P022_OBS_C2_ASCAST_RT,P022_OBS_C2_ASCAST_RT,Annealing_time_min,UNRESOLVED_NA,as reported,DIRECT_TEXT_OR_VERIFIED_NA,Materials and methods p.2; tensile condition p.3,Source text without chemistry normalization or temperature/rate inference,HIGH,VERIFIED_NA_NO_POSTCAST_TREATMENT_REPORTED,EXPERIMENTAL,https://doi.org/10.1007/s10853-019-04064-9,AUDIT_SCOPE_DEPENDENT,MASTER_FIELD_MAPPING
P022,10.1007/s10853-019-04064-9,P022_SERIES01,P022_MAT_C2,P022_MC_C2_ASCAST_RT,P022_OBS_C2_ASCAST_RT,P022_OBS_C2_ASCAST_RT,Cooling_route,AS_CAST_IN_WATER_COOLED_CU_CRUCIBLE,as reported,DIRECT_TEXT_OR_VERIFIED_NA,Materials and methods p.2; tensile condition p.3,Source text without chemistry normalization or temperature/rate inference,HIGH,VERIFIED,EXPERIMENTAL,https://doi.org/10.1007/s10853-019-04064-9,AUDIT_SCOPE_DEPENDENT,MASTER_FIELD_MAPPING
P022,10.1007/s10853-019-04064-9,P022_SERIES01,P022_MAT_C2,P022_MC_C2_ASCAST_RT,P022_OBS_C2_ASCAST_RT,P022_OBS_C2_ASCAST_RT,Test_T_K,UNRESOLVED_NA,K,DIRECT_TEXT_OR_VERIFIED_NA,Materials and methods p.2; tensile condition p.3,Source text without chemistry normalization or temperature/rate inference,HIGH,VERIFIED_NA_ROOM_TEMPERATURE_NOT_NUMERICALLY_REPORTED,EXPERIMENTAL,https://doi.org/10.1007/s10853-019-04064-9,AUDIT_SCOPE_DEPENDENT,MASTER_FIELD_MAPPING
P022,10.1007/s10853-019-04064-9,P022_SERIES01,P022_MAT_C2,P022_MC_C2_ASCAST_RT,P022_OBS_C2_ASCAST_RT,P022_OBS_C2_ASCAST_RT,Strain_rate_s-1,UNRESOLVED_NA,s^-1,DIRECT_TEXT_OR_VERIFIED_NA,Materials and methods p.2; tensile condition p.3,Source text without chemistry normalization or temperature/rate inference,HIGH,VERIFIED_NA_TENSILE_STRAIN_RATE_NOT_REPORTED,EXPERIMENTAL,https://doi.org/10.1007/s10853-019-04064-9,AUDIT_SCOPE_DEPENDENT,MASTER_FIELD_MAPPING
P022,10.1007/s10853-019-04064-9,P022_SERIES01,P022_MAT_C2,P022_MC_C2_ASCAST_RT,P022_OBS_C2_ASCAST_RT,P022_OBS_C2_ASCAST_RT,Gauge_length_mm,UNRESOLVED_NA,mm,DIRECT_TEXT_OR_VERIFIED_NA,Materials and methods p.2; tensile condition p.3,Source text without chemistry normalization or temperature/rate inference,HIGH,VERIFIED_NA_SOURCE_DIMENSIONS_NOT_PROMOTED_TO_GAUGE_FIELDS,EXPERIMENTAL,https://doi.org/10.1007/s10853-019-04064-9,AUDIT_SCOPE_DEPENDENT,MASTER_FIELD_MAPPING
P022,10.1007/s10853-019-04064-9,P022_SERIES01,P022_MAT_C2,P022_MC_C2_ASCAST_RT,P022_OBS_C2_ASCAST_RT,P022_OBS_C2_ASCAST_RT,Gauge_width_mm,UNRESOLVED_NA,mm,DIRECT_TEXT_OR_VERIFIED_NA,Materials and methods p.2; tensile condition p.3,Source text without chemistry normalization or temperature/rate inference,HIGH,VERIFIED_NA_SOURCE_DIMENSIONS_NOT_PROMOTED_TO_GAUGE_FIELDS,EXPERIMENTAL,https://doi.org/10.1007/s10853-019-04064-9,AUDIT_SCOPE_DEPENDENT,MASTER_FIELD_MAPPING
P022,10.1007/s10853-019-04064-9,P022_SERIES01,P022_MAT_C2,P022_MC_C2_ASCAST_RT,P022_OBS_C2_ASCAST_RT,P022_OBS_C2_ASCAST_RT,Specimen_thickness_mm,UNRESOLVED_NA,mm,DIRECT_TEXT_OR_VERIFIED_NA,Materials and methods p.2; tensile condition p.3,Source text without chemistry normalization or temperature/rate inference,HIGH,VERIFIED_NA_SOURCE_DIMENSIONS_NOT_PROMOTED_TO_GAUGE_FIELDS,EXPERIMENTAL,https://doi.org/10.1007/s10853-019-04064-9,AUDIT_SCOPE_DEPENDENT,MASTER_FIELD_MAPPING
P022,10.1007/s10853-019-04064-9,P022_SERIES01,P022_MAT_C2,P022_MC_C2_ASCAST_RT,P022_OBS_C2_ASCAST_RT,P022_OBS_C2_ASCAST_RT,Grain_size_um,UNRESOLVED_NA,um,DIRECT_XRD_OM_SEM_OR_VERIFIED_NA,Figs.1-2 pp.2-3,XRD plus OM/SEM with phase-scope safeguards,HIGH,VERIFIED_NA_NUMERIC_GRAIN_SIZE_NOT_REPORTED_NO_DIGITIZATION,EXPERIMENTAL,https://doi.org/10.1007/s10853-019-04064-9,AUDIT_SCOPE_DEPENDENT,MASTER_FIELD_MAPPING
P022,10.1007/s10853-019-04064-9,P022_SERIES01,P022_MAT_C2,P022_MC_C2_ASCAST_RT,P022_OBS_C2_ASCAST_RT,P022_OBS_C2_ASCAST_RT,Initial_FCC_fraction,UNRESOLVED_NA,fraction,DIRECT_XRD_OM_SEM_OR_VERIFIED_NA,Figs.1-2 pp.2-3,XRD plus OM/SEM with phase-scope safeguards,HIGH,VERIFIED_NA_EXACT_NUMERIC_FCC_FRACTION_NOT_REPORTED,EXPERIMENTAL,https://doi.org/10.1007/s10853-019-04064-9,AUDIT_SCOPE_DEPENDENT,MASTER_FIELD_MAPPING
P022,10.1007/s10853-019-04064-9,P022_SERIES01,P022_MAT_C2,P022_MC_C2_ASCAST_RT,P022_OBS_C2_ASCAST_RT,P022_OBS_C2_ASCAST_RT,Initial_HCP_fraction,0,fraction,DIRECT_XRD_OM_SEM_OR_VERIFIED_NA,Figs.1-2 pp.2-3,XRD plus OM/SEM with phase-scope safeguards,HIGH,VERIFIED,EXPERIMENTAL,https://doi.org/10.1007/s10853-019-04064-9,AUDIT_SCOPE_DEPENDENT,MASTER_FIELD_MAPPING
P022,10.1007/s10853-019-04064-9,P022_SERIES01,P022_MAT_C2,P022_MC_C2_ASCAST_RT,P022_OBS_C2_ASCAST_RT,P022_OBS_C2_ASCAST_RT,SFE_mJ_m2,UNRESOLVED_NA,mJ/m2,QUALITATIVE_DIRECTION_OR_VERIFIED_GAP,Introduction/results and whole-paper review,No current-alloy numeric SFE or DeltaG; no cross-paper transfer,HIGH,VERIFIED_NA_NO_CURRENT_ALLOY_NUMERIC_SFE,EXPERIMENTAL,https://doi.org/10.1007/s10853-019-04064-9,NOT_SAFE_AS_DIRECT_NUMERIC_SFE_OR_DELTAG,MASTER_FIELD_MAPPING
P022,10.1007/s10853-019-04064-9,P022_SERIES01,P022_MAT_C2,P022_MC_C2_ASCAST_RT,P022_OBS_C2_ASCAST_RT,P022_OBS_C2_ASCAST_RT,SFE_method,UNRESOLVED_NA,as reported,QUALITATIVE_DIRECTION_OR_VERIFIED_GAP,Introduction/results and whole-paper review,No current-alloy numeric SFE or DeltaG; no cross-paper transfer,HIGH,VERIFIED_NA_NO_CURRENT_ALLOY_NUMERIC_SFE,EXPERIMENTAL,https://doi.org/10.1007/s10853-019-04064-9,NOT_SAFE_AS_DIRECT_NUMERIC_SFE_OR_DELTAG,MASTER_FIELD_MAPPING
P022,10.1007/s10853-019-04064-9,P022_SERIES01,P022_MAT_C2,P022_MC_C2_ASCAST_RT,P022_OBS_C2_ASCAST_RT,P022_OBS_C2_ASCAST_RT,DeltaG_FCC_HCP_J_mol,UNRESOLVED_NA,J/mol,QUALITATIVE_DIRECTION_OR_VERIFIED_GAP,Introduction/results and whole-paper review,No current-alloy numeric SFE or DeltaG; no cross-paper transfer,HIGH,VERIFIED_NA_NOT_REPORTED_NO_CROSS_PAPER_TRANSFER,EXPERIMENTAL,https://doi.org/10.1007/s10853-019-04064-9,NOT_SAFE_AS_DIRECT_NUMERIC_SFE_OR_DELTAG,MASTER_FIELD_MAPPING
P022,10.1007/s10853-019-04064-9,P022_SERIES01,P022_MAT_C2,P022_MC_C2_ASCAST_RT,P022_OBS_C2_ASCAST_RT,P022_OBS_C2_ASCAST_RT,DeltaG_method,UNRESOLVED_NA,as reported,QUALITATIVE_DIRECTION_OR_VERIFIED_GAP,Introduction/results and whole-paper review,No current-alloy numeric SFE or DeltaG; no cross-paper transfer,HIGH,VERIFIED_NA_NOT_REPORTED_NO_CROSS_PAPER_TRANSFER,EXPERIMENTAL,https://doi.org/10.1007/s10853-019-04064-9,NOT_SAFE_AS_DIRECT_NUMERIC_SFE_OR_DELTAG,MASTER_FIELD_MAPPING
P022,10.1007/s10853-019-04064-9,P022_SERIES01,P022_MAT_C2,P022_MC_C2_ASCAST_RT,P022_OBS_C2_ASCAST_RT,P022_OBS_C2_ASCAST_RT,Slip,UNRESOLVED_NA,binary,CONDITION_OR_STAGE_TARGET_EVIDENCE,Methods p.2; Figs.1-4 pp.2-5; abstract/results/conclusions,Condition-level evidence grading from verified workbook,HIGH,VERIFIED_NA_INSUFFICIENT_CONDITION_LEVEL_EVIDENCE,EXPERIMENTAL,https://doi.org/10.1007/s10853-019-04064-9,TARGET_OR_TARGET_EVIDENCE_NOT_PREDICTOR,MASTER_FIELD_MAPPING
P022,10.1007/s10853-019-04064-9,P022_SERIES01,P022_MAT_C2,P022_MC_C2_ASCAST_RT,P022_OBS_C2_ASCAST_RT,P022_OBS_C2_ASCAST_RT,UTS_MPa,600,MPa,DIRECT_APPROX_TEXT_OR_VERIFIED_NA,Methods p.2; Figs.1-4 pp.2-5; abstract/results/conclusions,Engineering tensile response; Figure 3 not digitized,HIGH,VERIFIED,EXPERIMENTAL,https://doi.org/10.1007/s10853-019-04064-9,MECHANICAL_OUTCOME_LEAKAGE,MASTER_FIELD_MAPPING
P022,10.1007/s10853-019-04064-9,P022_SERIES01,P022_MAT_C2,P022_MC_C2_ASCAST_RT,P022_OBS_C2_ASCAST_RT,P022_OBS_C2_ASCAST_RT,Elongation_pct,67.4,%,DIRECT_APPROX_TEXT_OR_VERIFIED_NA,Methods p.2; Figs.1-4 pp.2-5; abstract/results/conclusions,Engineering tensile response; Figure 3 not digitized,HIGH,VERIFIED,EXPERIMENTAL,https://doi.org/10.1007/s10853-019-04064-9,MECHANICAL_OUTCOME_LEAKAGE,MASTER_FIELD_MAPPING
P022,10.1007/s10853-019-04064-9,P022_SERIES01,P022_MAT_C2,P022_MC_C2_ASCAST_RT,P022_OBS_C2_ASCAST_RT,P022_OBS_C2_ASCAST_RT,Evidence_TRIP,NO_CONDITION_SPECIFIC_POST_TEST_PHASE_CHARACTERIZATION,as reported,CONDITION_OR_STAGE_TARGET_EVIDENCE,Methods p.2; Figs.1-4 pp.2-5; abstract/results/conclusions,Condition-level evidence grading from verified workbook,HIGH,VERIFIED,EXPERIMENTAL,https://doi.org/10.1007/s10853-019-04064-9,TARGET_OR_TARGET_EVIDENCE_NOT_PREDICTOR,MASTER_FIELD_MAPPING
P022,10.1007/s10853-019-04064-9,P022_SERIES01,P022_MAT_C2,P022_MC_C2_ASCAST_RT,P022_OBS_C2_ASCAST_RT,P022_OBS_C2_ASCAST_RT,Evidence_TWIP,Direct EBSD at 40% strain shows deformation twins. No direct current-paper evidence establishes or excludes deformation-induced HCP transformation.,as reported,CONDITION_OR_STAGE_TARGET_EVIDENCE,Methods p.2; Figs.1-4 pp.2-5; abstract/results/conclusions,Condition-level evidence grading from verified workbook,HIGH,VERIFIED,EXPERIMENTAL,https://doi.org/10.1007/s10853-019-04064-9,TARGET_OR_TARGET_EVIDENCE_NOT_PREDICTOR,MASTER_FIELD_MAPPING
P022,10.1007/s10853-019-04064-9,P022_SERIES01,P022_MAT_C2,P022_MC_C2_ASCAST_RT,P022_OBS_C2_ASCAST_RT,P022_OBS_C2_ASCAST_RT,Characterization_methods,XRD; OM/SEM; EBSD/IPF and misorientation at 40% strain,as reported,VERIFIED_MASTER_FIELD_MAPPING,Methods p.2; Figs.1-4 pp.2-5; abstract/results/conclusions,Verified workbook-to-master mapping,HIGH,VERIFIED,EXPERIMENTAL,https://doi.org/10.1007/s10853-019-04064-9,AUDIT_SCOPE_DEPENDENT,MASTER_FIELD_MAPPING
P022,10.1007/s10853-019-04064-9,P022_SERIES01,P022_MAT_C2,P022_MC_C2_ASCAST_RT,P022_OBS_C2_ASCAST_RT,P022_OBS_C2_ASCAST_RT,Source_location,Methods p.2; Figs.1-4 pp.2-5; abstract/results/conclusions,as reported,VERIFIED_MASTER_FIELD_MAPPING,Methods p.2; Figs.1-4 pp.2-5; abstract/results/conclusions,Verified workbook-to-master mapping,HIGH,VERIFIED,EXPERIMENTAL,https://doi.org/10.1007/s10853-019-04064-9,AUDIT_SCOPE_DEPENDENT,MASTER_FIELD_MAPPING
P022,10.1007/s10853-019-04064-9,P022_SERIES01,P022_MAT_C2,P022_MC_C2_ASCAST_RT,P022_OBS_C2_ASCAST_RT,P022_OBS_C2_ASCAST_RT,Label_confidence,HIGH,as reported,CONDITION_OR_STAGE_TARGET_EVIDENCE,Methods p.2; Figs.1-4 pp.2-5; abstract/results/conclusions,Condition-level evidence grading from verified workbook,HIGH,VERIFIED,EXPERIMENTAL,https://doi.org/10.1007/s10853-019-04064-9,TARGET_OR_TARGET_EVIDENCE_NOT_PREDICTOR,MASTER_FIELD_MAPPING
P022,10.1007/s10853-019-04064-9,P022_SERIES01,P022_MAT_C2,P022_MC_C2_ASCAST_RT,P022_OBS_C2_ASCAST_RT,P022_OBS_C2_ASCAST_RT,Notes,TWIP=1; TRIP=NA. Do not infer TRIP from the article's generic TRIP-HEA terminology.,as reported,VERIFIED_MASTER_FIELD_MAPPING,Methods p.2; Figs.1-4 pp.2-5; abstract/results/conclusions,Verified workbook-to-master mapping,HIGH,VERIFIED,EXPERIMENTAL,https://doi.org/10.1007/s10853-019-04064-9,AUDIT_SCOPE_DEPENDENT,MASTER_FIELD_MAPPING
P022,10.1007/s10853-019-04064-9,P022_SERIES01,P022_MAT_C2,P022_MC_C2_ASCAST_RT,P022_OBS_C2_ASCAST_RT,P022_OBS_C2_ASCAST_RT,Parent_Experiment_ID,P022_MC_C2_ASCAST_RT,as reported,HIERARCHY_INTEGRATION,"Verified material-parent, condition, and stage sheets",Source-defined hierarchy with correlated stage-child control,HIGH,VERIFIED,EXPERIMENTAL,https://doi.org/10.1007/s10853-019-04064-9,AUDIT_SCOPE_DEPENDENT,MASTER_FIELD_MAPPING
P022,10.1007/s10853-019-04064-9,P022_SERIES01,P022_MAT_C2,P022_MC_C2_ASCAST_RT,P022_OBS_C2_ASCAST_RT,P022_OBS_C2_ASCAST_RT,ML_Condition_ID,P022_MC_C2_ASCAST_RT,as reported,HIERARCHY_INTEGRATION,"Verified material-parent, condition, and stage sheets",Source-defined hierarchy with correlated stage-child control,HIGH,VERIFIED,EXPERIMENTAL,https://doi.org/10.1007/s10853-019-04064-9,AUDIT_SCOPE_DEPENDENT,MASTER_FIELD_MAPPING
P022,10.1007/s10853-019-04064-9,P022_SERIES01,P022_MAT_C2,P022_MC_C2_ASCAST_RT,P022_OBS_C2_ASCAST_RT,P022_OBS_C2_ASCAST_RT,Observation_ID,P022_OBS_C2_ASCAST_RT,as reported,HIERARCHY_INTEGRATION,"Verified material-parent, condition, and stage sheets",Source-defined hierarchy with correlated stage-child control,HIGH,VERIFIED,EXPERIMENTAL,https://doi.org/10.1007/s10853-019-04064-9,AUDIT_SCOPE_DEPENDENT,MASTER_FIELD_MAPPING
P022,10.1007/s10853-019-04064-9,P022_SERIES01,P022_MAT_C2,P022_MC_C2_ASCAST_RT,P022_OBS_C2_ASCAST_RT,P022_OBS_C2_ASCAST_RT,Data_Origin,EXPERIMENTAL,as reported,SOURCE_IDENTITY,Verified article identity / whole paper,Verified PDF and bibliographic DOI identity,HIGH,VERIFIED,EXPERIMENTAL,https://doi.org/10.1007/s10853-019-04064-9,AUDIT_SCOPE_DEPENDENT,MASTER_FIELD_MAPPING
P022,10.1007/s10853-019-04064-9,P022_SERIES01,P022_MAT_C2,P022_MC_C2_ASCAST_RT,P022_OBS_C2_ASCAST_RT,P022_OBS_C2_ASCAST_RT,Observation_Role,INDEPENDENT_CONDITION,as reported,HIERARCHY_INTEGRATION,"Verified material-parent, condition, and stage sheets",Source-defined hierarchy with correlated stage-child control,HIGH,VERIFIED,EXPERIMENTAL,https://doi.org/10.1007/s10853-019-04064-9,AUDIT_SCOPE_DEPENDENT,MASTER_FIELD_MAPPING
P022,10.1007/s10853-019-04064-9,P022_SERIES01,P022_MAT_C2,P022_MC_C2_ASCAST_RT,P022_OBS_C2_ASCAST_RT,P022_OBS_C2_ASCAST_RT,Grouping_Review_Required,False,as reported,HIERARCHY_INTEGRATION,"Verified material-parent, condition, and stage sheets",Source-defined hierarchy with correlated stage-child control,HIGH,VERIFIED,EXPERIMENTAL,https://doi.org/10.1007/s10853-019-04064-9,AUDIT_SCOPE_DEPENDENT,MASTER_FIELD_MAPPING
P022,10.1007/s10853-019-04064-9,P022_SERIES01,P022_MAT_C2,P022_MC_C2_ASCAST_RT,P022_OBS_C2_ASCAST_RT,P022_OBS_C2_ASCAST_RT,Grouping_Confidence,HIGH,as reported,HIERARCHY_INTEGRATION,"Verified material-parent, condition, and stage sheets",Source-defined hierarchy with correlated stage-child control,HIGH,VERIFIED,EXPERIMENTAL,https://doi.org/10.1007/s10853-019-04064-9,AUDIT_SCOPE_DEPENDENT,MASTER_FIELD_MAPPING
P022,10.1007/s10853-019-04064-9,P022_SERIES01,P022_MAT_C2,P022_MC_C2_ASCAST_RT,P022_OBS_C2_ASCAST_RT,P022_OBS_C2_ASCAST_RT,Grouping_Reason,Source-defined separately fabricated chemistry variant; one primary room-temperature tensile condition,as reported,HIERARCHY_INTEGRATION,"Verified material-parent, condition, and stage sheets",Source-defined hierarchy with correlated stage-child control,HIGH,VERIFIED,EXPERIMENTAL,https://doi.org/10.1007/s10853-019-04064-9,AUDIT_SCOPE_DEPENDENT,MASTER_FIELD_MAPPING
P022,10.1007/s10853-019-04064-9,P022_SERIES01,P022_MAT_C2,P022_MC_C2_ASCAST_RT,P022_OBS_C2_ASCAST_RT,P022_OBS_C2_ASCAST_RT,Recovered_Initial_FCC_fraction,UNRESOLVED_NA,fraction,DIRECT_XRD_OM_SEM_OR_VERIFIED_NA,Figs.1-2 pp.2-3,XRD plus OM/SEM with phase-scope safeguards,HIGH,VERIFIED_NA_EXACT_NUMERIC_FCC_FRACTION_NOT_REPORTED,EXPERIMENTAL,https://doi.org/10.1007/s10853-019-04064-9,AUDIT_SCOPE_DEPENDENT,MASTER_FIELD_MAPPING
P022,10.1007/s10853-019-04064-9,P022_SERIES01,P022_MAT_C2,P022_MC_C2_ASCAST_RT,P022_OBS_C2_ASCAST_RT,P022_OBS_C2_ASCAST_RT,Recovered_Initial_HCP_fraction,0,fraction,DIRECT_XRD_OM_SEM_OR_VERIFIED_NA,Figs.1-2 pp.2-3,XRD plus OM/SEM with phase-scope safeguards,HIGH,VERIFIED,EXPERIMENTAL,https://doi.org/10.1007/s10853-019-04064-9,AUDIT_SCOPE_DEPENDENT,MASTER_FIELD_MAPPING
P022,10.1007/s10853-019-04064-9,P022_SERIES01,P022_MAT_C2,P022_MC_C2_ASCAST_RT,P022_OBS_C2_ASCAST_RT,P022_OBS_C2_ASCAST_RT,Recovered_TWIP,1,binary,CONDITION_OR_STAGE_TARGET_EVIDENCE,Methods p.2; Figs.1-4 pp.2-5; abstract/results/conclusions,Condition-level evidence grading from verified workbook,HIGH,VERIFIED,EXPERIMENTAL,https://doi.org/10.1007/s10853-019-04064-9,TARGET_OR_TARGET_EVIDENCE_NOT_PREDICTOR,MASTER_FIELD_MAPPING
P022,10.1007/s10853-019-04064-9,P022_SERIES01,P022_MAT_C2,P022_MC_C2_ASCAST_RT,P022_OBS_C2_ASCAST_RT,P022_OBS_C2_ASCAST_RT,Effective_TRIP,UNRESOLVED_NA,binary,CONDITION_OR_STAGE_TARGET_EVIDENCE,Methods p.2; Figs.1-4 pp.2-5; abstract/results/conclusions,Condition-level evidence grading from verified workbook,HIGH,VERIFIED_NA_INSUFFICIENT_CONDITION_LEVEL_EVIDENCE,EXPERIMENTAL,https://doi.org/10.1007/s10853-019-04064-9,TARGET_OR_TARGET_EVIDENCE_NOT_PREDICTOR,MASTER_FIELD_MAPPING
P022,10.1007/s10853-019-04064-9,P022_SERIES01,P022_MAT_C2,P022_MC_C2_ASCAST_RT,P022_OBS_C2_ASCAST_RT,P022_OBS_C2_ASCAST_RT,Effective_TWIP,1,binary,CONDITION_OR_STAGE_TARGET_EVIDENCE,Methods p.2; Figs.1-4 pp.2-5; abstract/results/conclusions,Condition-level evidence grading from verified workbook,HIGH,VERIFIED,EXPERIMENTAL,https://doi.org/10.1007/s10853-019-04064-9,TARGET_OR_TARGET_EVIDENCE_NOT_PREDICTOR,MASTER_FIELD_MAPPING
P022,10.1007/s10853-019-04064-9,P022_SERIES01,P022_MAT_C2,P022_MC_C2_ASCAST_RT,P022_OBS_C2_ASCAST_RT,P022_OBS_C2_ASCAST_RT,Study_Series_ID,P022_SERIES01,as reported,HIERARCHY_INTEGRATION,"Verified material-parent, condition, and stage sheets",Source-defined hierarchy with correlated stage-child control,HIGH,VERIFIED,EXPERIMENTAL,https://doi.org/10.1007/s10853-019-04064-9,AUDIT_SCOPE_DEPENDENT,MASTER_FIELD_MAPPING
P022,10.1007/s10853-019-04064-9,P022_SERIES01,P022_MAT_C2,P022_MC_C2_ASCAST_RT,P022_OBS_C2_ASCAST_RT,P022_OBS_C2_ASCAST_RT,Material_Parent_ID,P022_MAT_C2,as reported,HIERARCHY_INTEGRATION,"Verified material-parent, condition, and stage sheets",Source-defined hierarchy with correlated stage-child control,HIGH,VERIFIED,EXPERIMENTAL,https://doi.org/10.1007/s10853-019-04064-9,AUDIT_SCOPE_DEPENDENT,MASTER_FIELD_MAPPING
P022,10.1007/s10853-019-04064-9,P022_SERIES01,P022_MAT_C2,P022_MC_C2_ASCAST_RT,P022_OBS_C2_ASCAST_RT,P022_OBS_C2_ASCAST_RT,Physical_Batch_ID,UNRESOLVED_NA,as reported,HIERARCHY_INTEGRATION,"Verified material-parent, condition, and stage sheets",Source-defined hierarchy with correlated stage-child control,HIGH,VERIFIED_NA_NOT_SOURCE_SUPPORTED_NO_PSEUDOREPLICATION,EXPERIMENTAL,https://doi.org/10.1007/s10853-019-04064-9,AUDIT_SCOPE_DEPENDENT,MASTER_FIELD_MAPPING
P022,10.1007/s10853-019-04064-9,P022_SERIES01,P022_MAT_C2,P022_MC_C2_ASCAST_RT,P022_OBS_C2_ASCAST_RT,P022_OBS_C2_ASCAST_RT,Replicate_ID,UNRESOLVED_NA,as reported,HIERARCHY_INTEGRATION,"Verified material-parent, condition, and stage sheets",Source-defined hierarchy with correlated stage-child control,HIGH,VERIFIED_NA_NOT_SOURCE_SUPPORTED_NO_PSEUDOREPLICATION,EXPERIMENTAL,https://doi.org/10.1007/s10853-019-04064-9,AUDIT_SCOPE_DEPENDENT,MASTER_FIELD_MAPPING
P022,10.1007/s10853-019-04064-9,P022_SERIES01,P022_MAT_C2,P022_MC_C2_ASCAST_RT,P022_OBS_C2_ASCAST_RT,P022_OBS_C2_ASCAST_RT,Leakage_Group_Strict,P022_SERIES01,as reported,HIERARCHY_INTEGRATION,"Verified material-parent, condition, and stage sheets",Source-defined hierarchy with correlated stage-child control,HIGH,VERIFIED,EXPERIMENTAL,https://doi.org/10.1007/s10853-019-04064-9,AUDIT_SCOPE_DEPENDENT,MASTER_FIELD_MAPPING
P022,10.1007/s10853-019-04064-9,P022_SERIES01,P022_MAT_C2,P022_MC_C2_ASCAST_RT,P022_OBS_C2_ASCAST_RT,P022_OBS_C2_ASCAST_RT,Leakage_Group_Material,P022_MAT_C2,as reported,HIERARCHY_INTEGRATION,"Verified material-parent, condition, and stage sheets",Source-defined hierarchy with correlated stage-child control,HIGH,VERIFIED,EXPERIMENTAL,https://doi.org/10.1007/s10853-019-04064-9,AUDIT_SCOPE_DEPENDENT,MASTER_FIELD_MAPPING
P022,10.1007/s10853-019-04064-9,P022_SERIES01,P022_MAT_C2,P022_MC_C2_ASCAST_RT,P022_OBS_C2_ASCAST_RT,P022_OBS_C2_ASCAST_RT,Parent_ML_Condition_ID,P022_MC_C2_ASCAST_RT,as reported,HIERARCHY_INTEGRATION,"Verified material-parent, condition, and stage sheets",Source-defined hierarchy with correlated stage-child control,HIGH,VERIFIED,EXPERIMENTAL,https://doi.org/10.1007/s10853-019-04064-9,AUDIT_SCOPE_DEPENDENT,MASTER_FIELD_MAPPING
P022,10.1007/s10853-019-04064-9,P022_SERIES01,P022_MAT_C2,P022_MC_C2_ASCAST_RT,P022_OBS_C2_ASCAST_RT,P022_OBS_C2_ASCAST_RT,UTS_mean,600,MPa,DIRECT_APPROX_TEXT_OR_VERIFIED_NA,Methods p.2; Figs.1-4 pp.2-5; abstract/results/conclusions,Engineering tensile response; Figure 3 not digitized,HIGH,VERIFIED,EXPERIMENTAL,https://doi.org/10.1007/s10853-019-04064-9,MECHANICAL_OUTCOME_LEAKAGE,MASTER_FIELD_MAPPING
P022,10.1007/s10853-019-04064-9,P022_SERIES01,P022_MAT_C2,P022_MC_C2_ASCAST_RT,P022_OBS_C2_ASCAST_RT,P022_OBS_C2_ASCAST_RT,TE_mean,67.4,%,DIRECT_APPROX_TEXT_OR_VERIFIED_NA,Methods p.2; Figs.1-4 pp.2-5; abstract/results/conclusions,Engineering tensile response; Figure 3 not digitized,HIGH,VERIFIED,EXPERIMENTAL,https://doi.org/10.1007/s10853-019-04064-9,MECHANICAL_OUTCOME_LEAKAGE,MASTER_FIELD_MAPPING
P022,10.1007/s10853-019-04064-9,P022_SERIES01,P022_MAT_C2,P022_MC_C2_ASCAST_RT,P022_OBS_C2_ASCAST_RT,P022_OBS_C2_ASCAST_RT,Replicate_n,UNRESOLVED_NA,as reported,HIERARCHY_INTEGRATION,"Verified material-parent, condition, and stage sheets",Source-defined hierarchy with correlated stage-child control,HIGH,VERIFIED_NA_NOT_SOURCE_SUPPORTED_NO_PSEUDOREPLICATION,EXPERIMENTAL,https://doi.org/10.1007/s10853-019-04064-9,AUDIT_SCOPE_DEPENDENT,MASTER_FIELD_MAPPING
P022,10.1007/s10853-019-04064-9,P022_SERIES01,P022_MAT_C2,P022_MC_C2_ASCAST_RT,P022_OBS_C2_ASCAST_RT,P022_OBS_C2_ASCAST_RT,Recovered_Bulk_Composition_at_pct,UNRESOLVED_NA,as reported,DIRECT_TEXT_OR_VERIFIED_NA,Materials and methods p.2; tensile condition p.3,Source text without chemistry normalization or temperature/rate inference,HIGH,VERIFIED_NA_NO_QUANTITATIVE_POSTMELT_BULK_CHEMISTRY,EXPERIMENTAL,https://doi.org/10.1007/s10853-019-04064-9,AUDIT_SCOPE_DEPENDENT,MASTER_FIELD_MAPPING
P022,10.1007/s10853-019-04064-9,P022_SERIES01,P022_MAT_C2,P022_MC_C2_ASCAST_RT,P022_OBS_C2_ASCAST_RT,P022_OBS_C2_ASCAST_RT,Recovered_Composition_Status,NOMINAL_ORIGINAL_ATOMIC_RATIO_ONLY_NO_QUANTITATIVE_POSTMELT_BULK_CHEMISTRY_REPORTED,as reported,DIRECT_TEXT_OR_VERIFIED_NA,Materials and methods p.2; tensile condition p.3,Source text without chemistry normalization or temperature/rate inference,HIGH,VERIFIED,EXPERIMENTAL,https://doi.org/10.1007/s10853-019-04064-9,AUDIT_SCOPE_DEPENDENT,MASTER_FIELD_MAPPING
P022,10.1007/s10853-019-04064-9,P022_SERIES01,P022_MAT_C2,P022_MC_C2_ASCAST_RT,P022_OBS_C2_ASCAST_RT,P022_OBS_C2_ASCAST_RT,Recovered_Initial_HCP_status,DIRECT_XRD_HCP_FRACTION_ZERO,as reported,DIRECT_XRD_OM_SEM_OR_VERIFIED_NA,Figs.1-2 pp.2-3,XRD plus OM/SEM with phase-scope safeguards,HIGH,VERIFIED,EXPERIMENTAL,https://doi.org/10.1007/s10853-019-04064-9,AUDIT_SCOPE_DEPENDENT,MASTER_FIELD_MAPPING
P022,10.1007/s10853-019-04064-9,P022_SERIES01,P022_MAT_C2,P022_MC_C2_ASCAST_RT,P022_OBS_C2_ASCAST_RT,P022_OBS_C2_ASCAST_RT,Independent_ML_sample,True,as reported,HIERARCHY_INTEGRATION,"Verified material-parent, condition, and stage sheets",Source-defined hierarchy with correlated stage-child control,HIGH,VERIFIED,EXPERIMENTAL,https://doi.org/10.1007/s10853-019-04064-9,AUDIT_SCOPE_DEPENDENT,MASTER_FIELD_MAPPING
P022,10.1007/s10853-019-04064-9,P022_SERIES01,P022_MAT_C2,P022_MC_C2_ASCAST_RT,P022_OBS_C2_ASCAST_RT,P022_OBS_C2_ASCAST_RT,Nominal_Composition_at_pct,UNRESOLVED_NA,as reported,DIRECT_TEXT_OR_VERIFIED_NA,Materials and methods p.2; tensile condition p.3,Source text without chemistry normalization or temperature/rate inference,HIGH,VERIFIED_NA_ATOMIC_RATIO_FORMULA_NOT_NORMALIZED_TO_ATPCT,EXPERIMENTAL,https://doi.org/10.1007/s10853-019-04064-9,AUDIT_SCOPE_DEPENDENT,MASTER_FIELD_MAPPING
P022,10.1007/s10853-019-04064-9,P022_SERIES01,P022_MAT_C2,P022_MC_C2_ASCAST_RT,P022_OBS_C2_ASCAST_RT,P022_OBS_C2_ASCAST_RT,Measured_Composition_Status,NO_QUANTITATIVE_POSTMELT_BULK_CHEMISTRY_REPORTED,as reported,DIRECT_TEXT_OR_VERIFIED_NA,Materials and methods p.2; tensile condition p.3,Source text without chemistry normalization or temperature/rate inference,HIGH,VERIFIED,EXPERIMENTAL,https://doi.org/10.1007/s10853-019-04064-9,AUDIT_SCOPE_DEPENDENT,MASTER_FIELD_MAPPING
P022,10.1007/s10853-019-04064-9,P022_SERIES01,P022_MAT_C2,P022_MC_C2_ASCAST_RT,P022_OBS_C2_ASCAST_RT,P022_OBS_C2_ASCAST_RT,Initial_Phase_State_Qualitative,XRD_SINGLE_FCC,as reported,DIRECT_XRD_OM_SEM_OR_VERIFIED_NA,Figs.1-2 pp.2-3,XRD plus OM/SEM with phase-scope safeguards,HIGH,VERIFIED,EXPERIMENTAL,https://doi.org/10.1007/s10853-019-04064-9,AUDIT_SCOPE_DEPENDENT,MASTER_FIELD_MAPPING
P022,10.1007/s10853-019-04064-9,P022_SERIES01,P022_MAT_C2,P022_MC_C2_ASCAST_RT,P022_OBS_C2_ASCAST_RT,P022_OBS_C2_ASCAST_RT,Initial_Phase_Status,DIRECT_XRD_WITH_MICROSCOPY_CONTEXT,as reported,DIRECT_XRD_OM_SEM_OR_VERIFIED_NA,Figs.1-2 pp.2-3,XRD plus OM/SEM with phase-scope safeguards,HIGH,VERIFIED,EXPERIMENTAL,https://doi.org/10.1007/s10853-019-04064-9,AUDIT_SCOPE_DEPENDENT,MASTER_FIELD_MAPPING
P022,10.1007/s10853-019-04064-9,P022_SERIES01,P022_MAT_C2,P022_MC_C2_ASCAST_RT,P022_OBS_C2_ASCAST_RT,P022_OBS_C2_ASCAST_RT,Processing_State_ID,AS_CAST,as reported,DIRECT_TEXT_OR_VERIFIED_NA,Materials and methods p.2; tensile condition p.3,Source text without chemistry normalization or temperature/rate inference,HIGH,VERIFIED,EXPERIMENTAL,https://doi.org/10.1007/s10853-019-04064-9,AUDIT_SCOPE_DEPENDENT,MASTER_FIELD_MAPPING
P022,10.1007/s10853-019-04064-9,P022_SERIES01,P022_MAT_C2,P022_MC_C2_ASCAST_RT,P022_OBS_C2_ASCAST_RT,P022_OBS_C2_ASCAST_RT,Measured_Composition_at_pct,UNRESOLVED_NA,as reported,DIRECT_TEXT_OR_VERIFIED_NA,Materials and methods p.2; tensile condition p.3,Source text without chemistry normalization or temperature/rate inference,HIGH,VERIFIED_NA_NO_QUANTITATIVE_POSTMELT_BULK_CHEMISTRY,EXPERIMENTAL,https://doi.org/10.1007/s10853-019-04064-9,AUDIT_SCOPE_DEPENDENT,MASTER_FIELD_MAPPING
P022,10.1007/s10853-019-04064-9,P022_SERIES01,P022_MAT_C2,P022_MC_C2_ASCAST_RT,P022_OBS_C2_ASCAST_RT,P022_OBS_C2_ASCAST_RT,Test_T_Raw,room temperature,as reported,DIRECT_TEXT_OR_VERIFIED_NA,Materials and methods p.2; tensile condition p.3,Source text without chemistry normalization or temperature/rate inference,HIGH,VERIFIED,EXPERIMENTAL,https://doi.org/10.1007/s10853-019-04064-9,AUDIT_SCOPE_DEPENDENT,MASTER_FIELD_MAPPING
P022,10.1007/s10853-019-04064-9,P022_SERIES01,P022_MAT_C2,P022_MC_C2_ASCAST_RT,P022_OBS_C2_ASCAST_RT,P022_OBS_C2_ASCAST_RT,Composition_Status,NOMINAL_ORIGINAL_ATOMIC_RATIO_ONLY_NO_QUANTITATIVE_POSTMELT_BULK_CHEMISTRY_REPORTED,as reported,DIRECT_TEXT_OR_VERIFIED_NA,Materials and methods p.2; tensile condition p.3,Source text without chemistry normalization or temperature/rate inference,HIGH,VERIFIED,EXPERIMENTAL,https://doi.org/10.1007/s10853-019-04064-9,AUDIT_SCOPE_DEPENDENT,MASTER_FIELD_MAPPING
P022,10.1007/s10853-019-04064-9,P022_SERIES01,P022_MAT_C2,P022_MC_C2_ASCAST_RT,P022_OBS_C2_ASCAST_RT,P022_OBS_C2_ASCAST_RT,Initial_HCP_Status,DIRECT_XRD_SINGLE_FCC_HCP_ABSENT,as reported,DIRECT_XRD_OM_SEM_OR_VERIFIED_NA,Figs.1-2 pp.2-3,XRD plus OM/SEM with phase-scope safeguards,HIGH,VERIFIED,EXPERIMENTAL,https://doi.org/10.1007/s10853-019-04064-9,AUDIT_SCOPE_DEPENDENT,MASTER_FIELD_MAPPING
P022,10.1007/s10853-019-04064-9,P022_SERIES01,P022_MAT_C2,P022_MC_C2_ASCAST_RT,P022_OBS_C2_ASCAST_RT,P022_OBS_C2_ASCAST_RT,Initial_HCP_Origin,NOT_PRESENT_BY_XRD,as reported,DIRECT_XRD_OM_SEM_OR_VERIFIED_NA,Figs.1-2 pp.2-3,XRD plus OM/SEM with phase-scope safeguards,HIGH,VERIFIED,EXPERIMENTAL,https://doi.org/10.1007/s10853-019-04064-9,AUDIT_SCOPE_DEPENDENT,MASTER_FIELD_MAPPING
P022,10.1007/s10853-019-04064-9,P022_SERIES01,P022_MAT_C2,P022_MC_C2_ASCAST_RT,P022_OBS_C2_ASCAST_RT,P022_OBS_C2_ASCAST_RT,Test_T_Status,SOURCE_TEXT_ROOM_TEMPERATURE_EXACT_NUMERIC_K_NOT_REPORTED,as reported,DIRECT_TEXT_OR_VERIFIED_NA,Materials and methods p.2; tensile condition p.3,Source text without chemistry normalization or temperature/rate inference,HIGH,VERIFIED,EXPERIMENTAL,https://doi.org/10.1007/s10853-019-04064-9,AUDIT_SCOPE_DEPENDENT,MASTER_FIELD_MAPPING
P022,10.1007/s10853-019-04064-9,P022_SERIES01,P022_MAT_C2,P022_MC_C2_ASCAST_RT,P022_OBS_C2_ASCAST_RT,P022_OBS_C2_ASCAST_RT,Raw_Material_Purity,>99.9 wt.%,as reported,DIRECT_TEXT_OR_VERIFIED_NA,Materials and methods p.2; tensile condition p.3,Source text without chemistry normalization or temperature/rate inference,HIGH,VERIFIED,EXPERIMENTAL,https://doi.org/10.1007/s10853-019-04064-9,AUDIT_SCOPE_DEPENDENT,MASTER_FIELD_MAPPING
P022,10.1007/s10853-019-04064-9,P022_SERIES01,P022_MAT_C2,P022_MC_C2_ASCAST_RT,P022_OBS_C2_ASCAST_RT,P022_OBS_C2_ASCAST_RT,Grain_Size_Status,NOT_NUMERICALLY_REPORTED,as reported,DIRECT_XRD_OM_SEM_OR_VERIFIED_NA,Figs.1-2 pp.2-3,XRD plus OM/SEM with phase-scope safeguards,HIGH,VERIFIED,EXPERIMENTAL,https://doi.org/10.1007/s10853-019-04064-9,AUDIT_SCOPE_DEPENDENT,MASTER_FIELD_MAPPING
P022,10.1007/s10853-019-04064-9,P022_SERIES01,P022_MAT_C2,P022_MC_C2_ASCAST_RT,P022_OBS_C2_ASCAST_RT,P022_OBS_C2_ASCAST_RT,Engineering_YS_MPa,UNRESOLVED_NA,MPa,DIRECT_APPROX_TEXT_OR_VERIFIED_NA,Methods p.2; Figs.1-4 pp.2-5; abstract/results/conclusions,Engineering tensile response; Figure 3 not digitized,HIGH,VERIFIED_NA_NOT_EXPLICIT_DIRECT_TEXT_NO_FIGURE_DIGITIZATION,EXPERIMENTAL,https://doi.org/10.1007/s10853-019-04064-9,MECHANICAL_OUTCOME_LEAKAGE,MASTER_FIELD_MAPPING
P022,10.1007/s10853-019-04064-9,P022_SERIES01,P022_MAT_C2,P022_MC_C2_ASCAST_RT,P022_OBS_C2_ASCAST_RT,P022_OBS_C2_ASCAST_RT,Engineering_UTS_MPa,600,MPa,DIRECT_APPROX_TEXT_OR_VERIFIED_NA,Methods p.2; Figs.1-4 pp.2-5; abstract/results/conclusions,Engineering tensile response; Figure 3 not digitized,HIGH,VERIFIED,EXPERIMENTAL,https://doi.org/10.1007/s10853-019-04064-9,MECHANICAL_OUTCOME_LEAKAGE,MASTER_FIELD_MAPPING
P022,10.1007/s10853-019-04064-9,P022_SERIES01,P022_MAT_C2,P022_MC_C2_ASCAST_RT,P022_OBS_C2_ASCAST_RT,P022_OBS_C2_ASCAST_RT,Engineering_Elongation_pct,67.4,%,DIRECT_APPROX_TEXT_OR_VERIFIED_NA,Methods p.2; Figs.1-4 pp.2-5; abstract/results/conclusions,Engineering tensile response; Figure 3 not digitized,HIGH,VERIFIED,EXPERIMENTAL,https://doi.org/10.1007/s10853-019-04064-9,MECHANICAL_OUTCOME_LEAKAGE,MASTER_FIELD_MAPPING
P022,10.1007/s10853-019-04064-9,P022_SERIES01,P022_MAT_C2,P022_MC_C2_ASCAST_RT,P022_OBS_C2_ASCAST_RT,P022_OBS_C2_ASCAST_RT,SFE_Value_Status,NOT_REPORTED_CURRENT_ALLOY_NUMERIC,as reported,QUALITATIVE_DIRECTION_OR_VERIFIED_GAP,Introduction/results and whole-paper review,No current-alloy numeric SFE or DeltaG; no cross-paper transfer,HIGH,VERIFIED,EXPERIMENTAL,https://doi.org/10.1007/s10853-019-04064-9,NOT_SAFE_AS_DIRECT_NUMERIC_SFE_OR_DELTAG,MASTER_FIELD_MAPPING
P022,10.1007/s10853-019-04064-9,P022_SERIES01,P022_MAT_C2,P022_MC_C2_ASCAST_RT,P022_OBS_C2_ASCAST_RT,P022_OBS_C2_ASCAST_RT,SFE_Data_Origin,CURRENT_PAPER_GAP,as reported,QUALITATIVE_DIRECTION_OR_VERIFIED_GAP,Introduction/results and whole-paper review,No current-alloy numeric SFE or DeltaG; no cross-paper transfer,HIGH,VERIFIED,EXPERIMENTAL,https://doi.org/10.1007/s10853-019-04064-9,NOT_SAFE_AS_DIRECT_NUMERIC_SFE_OR_DELTAG,MASTER_FIELD_MAPPING
P022,10.1007/s10853-019-04064-9,P022_SERIES01,P022_MAT_C2,P022_MC_C2_ASCAST_RT,P022_OBS_C2_ASCAST_RT,P022_OBS_C2_ASCAST_RT,Independent_Experimental_ML_sample,True,as reported,HIERARCHY_INTEGRATION,"Verified material-parent, condition, and stage sheets",Source-defined hierarchy with correlated stage-child control,HIGH,VERIFIED,EXPERIMENTAL,https://doi.org/10.1007/s10853-019-04064-9,AUDIT_SCOPE_DEPENDENT,MASTER_FIELD_MAPPING
P022,10.1007/s10853-019-04064-9,P022_SERIES01,P022_MAT_C2,P022_MC_C2_ASCAST_RT,P022_OBS_C2_ASCAST_RT,P022_OBS_C2_ASCAST_RT,Experimental_Target_Eligibility,True,as reported,HIERARCHY_INTEGRATION,"Verified material-parent, condition, and stage sheets",Source-defined hierarchy with correlated stage-child control,HIGH,VERIFIED,EXPERIMENTAL,https://doi.org/10.1007/s10853-019-04064-9,AUDIT_SCOPE_DEPENDENT,MASTER_FIELD_MAPPING
P022,10.1007/s10853-019-04064-9,P022_SERIES01,P022_MAT_C2,P022_MC_C2_ASCAST_RT,P022_OBS_C2_ASCAST_RT,P022_OBS_C2_ASCAST_RT,Measured_Bulk_Composition,UNRESOLVED_NA,as reported,DIRECT_TEXT_OR_VERIFIED_NA,Materials and methods p.2; tensile condition p.3,Source text without chemistry normalization or temperature/rate inference,HIGH,VERIFIED_NA_NO_QUANTITATIVE_POSTMELT_BULK_CHEMISTRY,EXPERIMENTAL,https://doi.org/10.1007/s10853-019-04064-9,AUDIT_SCOPE_DEPENDENT,MASTER_FIELD_MAPPING
P022,10.1007/s10853-019-04064-9,P022_SERIES01,P022_MAT_C2,P022_MC_C2_ASCAST_RT,P022_OBS_C2_ASCAST_RT,P022_OBS_C2_ASCAST_RT,Loading_Mode,Uniaxial tension,as reported,DIRECT_TEXT_OR_VERIFIED_NA,Materials and methods p.2; tensile condition p.3,Source text without chemistry normalization or temperature/rate inference,HIGH,VERIFIED,EXPERIMENTAL,https://doi.org/10.1007/s10853-019-04064-9,AUDIT_SCOPE_DEPENDENT,MASTER_FIELD_MAPPING
P022,10.1007/s10853-019-04064-9,P022_SERIES01,P022_MAT_C2,P022_MC_C2_ASCAST_RT,P022_OBS_C2_ASCAST_RT,P022_OBS_C2_ASCAST_RT,Initial_Phase,XRD_SINGLE_FCC,as reported,DIRECT_XRD_OM_SEM_OR_VERIFIED_NA,Figs.1-2 pp.2-3,XRD plus OM/SEM with phase-scope safeguards,HIGH,VERIFIED,EXPERIMENTAL,https://doi.org/10.1007/s10853-019-04064-9,AUDIT_SCOPE_DEPENDENT,MASTER_FIELD_MAPPING
P022,10.1007/s10853-019-04064-9,P022_SERIES01,P022_MAT_C2,P022_MC_C2_ASCAST_RT,P022_OBS_C2_ASCAST_RT,P022_OBS_C2_ASCAST_RT,Mechanical_Value_Status,APPROX_DIRECT_TEXT,as reported,DIRECT_APPROX_TEXT_OR_VERIFIED_NA,Methods p.2; Figs.1-4 pp.2-5; abstract/results/conclusions,Engineering tensile response; Figure 3 not digitized,HIGH,VERIFIED,EXPERIMENTAL,https://doi.org/10.1007/s10853-019-04064-9,MECHANICAL_OUTCOME_LEAKAGE,MASTER_FIELD_MAPPING
P022,10.1007/s10853-019-04064-9,P022_SERIES01,P022_MAT_C2,P022_MC_C2_ASCAST_RT,P022_OBS_C2_ASCAST_RT,P022_OBS_C2_ASCAST_RT,Mechanical_Predictor_Eligibility,MECHANICAL_OUTCOME_LEAKAGE,as reported,DIRECT_APPROX_TEXT_OR_VERIFIED_NA,Methods p.2; Figs.1-4 pp.2-5; abstract/results/conclusions,Engineering tensile response; Figure 3 not digitized,HIGH,VERIFIED,EXPERIMENTAL,https://doi.org/10.1007/s10853-019-04064-9,MECHANICAL_OUTCOME_LEAKAGE,MASTER_FIELD_MAPPING
P022,10.1007/s10853-019-04064-9,P022_SERIES01,P022_MAT_C2,P022_MC_C2_ASCAST_RT,P022_OBS_C2_ASCAST_RT,P022_OBS_C2_ASCAST_RT,TRIP_Evidence_Type,NO_CONDITION_SPECIFIC_POST_TEST_PHASE_CHARACTERIZATION,as reported,CONDITION_OR_STAGE_TARGET_EVIDENCE,Methods p.2; Figs.1-4 pp.2-5; abstract/results/conclusions,Condition-level evidence grading from verified workbook,HIGH,VERIFIED,EXPERIMENTAL,https://doi.org/10.1007/s10853-019-04064-9,TARGET_OR_TARGET_EVIDENCE_NOT_PREDICTOR,MASTER_FIELD_MAPPING
P022,10.1007/s10853-019-04064-9,P022_SERIES01,P022_MAT_C2,P022_MC_C2_ASCAST_RT,P022_OBS_C2_ASCAST_RT,P022_OBS_C2_ASCAST_RT,TWIP_Evidence_Type,DIRECT_EBSD_DEFORMATION_TWIN_BOUNDARIES_AT_40PCT,as reported,CONDITION_OR_STAGE_TARGET_EVIDENCE,Methods p.2; Figs.1-4 pp.2-5; abstract/results/conclusions,Condition-level evidence grading from verified workbook,HIGH,VERIFIED,EXPERIMENTAL,https://doi.org/10.1007/s10853-019-04064-9,TARGET_OR_TARGET_EVIDENCE_NOT_PREDICTOR,MASTER_FIELD_MAPPING
P022,10.1007/s10853-019-04064-9,P022_SERIES01,P022_MAT_C2,P022_MC_C2_ASCAST_RT,P022_OBS_C2_ASCAST_RT,P022_OBS_C2_ASCAST_RT,Negative_Evidence_Status,INSUFFICIENT_FOR_ZERO,as reported,CONDITION_OR_STAGE_TARGET_EVIDENCE,Methods p.2; Figs.1-4 pp.2-5; abstract/results/conclusions,Condition-level evidence grading from verified workbook,HIGH,VERIFIED,EXPERIMENTAL,https://doi.org/10.1007/s10853-019-04064-9,TARGET_OR_TARGET_EVIDENCE_NOT_PREDICTOR,MASTER_FIELD_MAPPING
P022,10.1007/s10853-019-04064-9,P022_SERIES01,P022_MAT_C2,P022_MC_C2_ASCAST_RT,P022_OBS_C2_ASCAST_RT,P022_OBS_C2_ASCAST_RT,Condition_Level_Target_Evidence,Direct EBSD at 40% strain shows deformation twins. No direct current-paper evidence establishes or excludes deformation-induced HCP transformation.,as reported,CONDITION_OR_STAGE_TARGET_EVIDENCE,Methods p.2; Figs.1-4 pp.2-5; abstract/results/conclusions,Condition-level evidence grading from verified workbook,HIGH,VERIFIED,EXPERIMENTAL,https://doi.org/10.1007/s10853-019-04064-9,TARGET_OR_TARGET_EVIDENCE_NOT_PREDICTOR,MASTER_FIELD_MAPPING
P022,10.1007/s10853-019-04064-9,P022_SERIES01,P022_MAT_C2,P022_MC_C2_ASCAST_RT,P022_OBS_C2_ASCAST_RT,P022_OBS_C2_ASCAST_RT,Target_Evidence_Confidence,HIGH,as reported,CONDITION_OR_STAGE_TARGET_EVIDENCE,Methods p.2; Figs.1-4 pp.2-5; abstract/results/conclusions,Condition-level evidence grading from verified workbook,HIGH,VERIFIED,EXPERIMENTAL,https://doi.org/10.1007/s10853-019-04064-9,TARGET_OR_TARGET_EVIDENCE_NOT_PREDICTOR,MASTER_FIELD_MAPPING
P022,10.1007/s10853-019-04064-9,P022_SERIES01,P022_MAT_C2,P022_MC_C2_ASCAST_RT,P022_OBS_C2_ASCAST_RT,P022_OBS_C2_ASCAST_RT,DeltaG_Value_Status,NOT_REPORTED,as reported,QUALITATIVE_DIRECTION_OR_VERIFIED_GAP,Introduction/results and whole-paper review,No current-alloy numeric SFE or DeltaG; no cross-paper transfer,HIGH,VERIFIED,EXPERIMENTAL,https://doi.org/10.1007/s10853-019-04064-9,NOT_SAFE_AS_DIRECT_NUMERIC_SFE_OR_DELTAG,MASTER_FIELD_MAPPING
P022,10.1007/s10853-019-04064-9,P022_SERIES01,P022_MAT_C2,P022_MC_C2_ASCAST_RT,P022_OBS_C2_ASCAST_RT,P022_OBS_C2_ASCAST_RT,DeltaG_Data_Origin,CURRENT_PAPER_GAP,as reported,QUALITATIVE_DIRECTION_OR_VERIFIED_GAP,Introduction/results and whole-paper review,No current-alloy numeric SFE or DeltaG; no cross-paper transfer,HIGH,VERIFIED,EXPERIMENTAL,https://doi.org/10.1007/s10853-019-04064-9,NOT_SAFE_AS_DIRECT_NUMERIC_SFE_OR_DELTAG,MASTER_FIELD_MAPPING
P022,10.1007/s10853-019-04064-9,P022_SERIES01,P022_MAT_C2,P022_MC_C2_ASCAST_RT,P022_OBS_C2_ASCAST_RT,P022_OBS_C2_ASCAST_RT,Journal,Journal of Materials Science,as reported,SOURCE_IDENTITY,Verified article identity / whole paper,Verified PDF and bibliographic DOI identity,HIGH,VERIFIED,EXPERIMENTAL,https://doi.org/10.1007/s10853-019-04064-9,AUDIT_SCOPE_DEPENDENT,MASTER_FIELD_MAPPING
P022,10.1007/s10853-019-04064-9,P022_SERIES01,P022_MAT_C2,P022_MC_C2_ASCAST_RT,P022_OBS_C2_ASCAST_RT,P022_OBS_C2_ASCAST_RT,Volume,55,as reported,SOURCE_IDENTITY,Verified article identity / whole paper,Verified PDF and bibliographic DOI identity,HIGH,VERIFIED,EXPERIMENTAL,https://doi.org/10.1007/s10853-019-04064-9,AUDIT_SCOPE_DEPENDENT,MASTER_FIELD_MAPPING
P022,10.1007/s10853-019-04064-9,P022_SERIES01,P022_MAT_C2,P022_MC_C2_ASCAST_RT,P022_OBS_C2_ASCAST_RT,P022_OBS_C2_ASCAST_RT,Issue,5,as reported,SOURCE_IDENTITY,Verified article identity / whole paper,Verified PDF and bibliographic DOI identity,HIGH,VERIFIED,EXPERIMENTAL,https://doi.org/10.1007/s10853-019-04064-9,AUDIT_SCOPE_DEPENDENT,MASTER_FIELD_MAPPING
P022,10.1007/s10853-019-04064-9,P022_SERIES01,P022_MAT_C2,P022_MC_C2_ASCAST_RT,P022_OBS_C2_ASCAST_RT,P022_OBS_C2_ASCAST_RT,Pages,2239-2244,as reported,SOURCE_IDENTITY,Verified article identity / whole paper,Verified PDF and bibliographic DOI identity,HIGH,VERIFIED,EXPERIMENTAL,https://doi.org/10.1007/s10853-019-04064-9,AUDIT_SCOPE_DEPENDENT,MASTER_FIELD_MAPPING
P022,10.1007/s10853-019-04064-9,P022_SERIES01,P022_MAT_C2,P022_MC_C2_ASCAST_RT,P022_OBS_C2_ASCAST_RT,P022_OBS_C2_ASCAST_RT,Publication_Year,2020,as reported,SOURCE_IDENTITY,Verified article identity / whole paper,Verified PDF and bibliographic DOI identity,HIGH,VERIFIED,EXPERIMENTAL,https://doi.org/10.1007/s10853-019-04064-9,AUDIT_SCOPE_DEPENDENT,MASTER_FIELD_MAPPING
P022,10.1007/s10853-019-04064-9,P022_SERIES01,P022_MAT_C2,P022_MC_C2_ASCAST_RT,P022_OBS_C2_ASCAST_RT,P022_OBS_C2_ASCAST_RT,Source_URL,https://doi.org/10.1007/s10853-019-04064-9,as reported,SOURCE_IDENTITY,Verified article identity / whole paper,Verified PDF and bibliographic DOI identity,HIGH,VERIFIED,EXPERIMENTAL,https://doi.org/10.1007/s10853-019-04064-9,AUDIT_SCOPE_DEPENDENT,MASTER_FIELD_MAPPING
P022,10.1007/s10853-019-04064-9,P022_SERIES01,P022_MAT_C2,P022_MC_C2_ASCAST_RT,P022_OBS_C2_ASCAST_RT,P022_OBS_C2_ASCAST_RT,Melting_Route,Arc melting under Ti-gettered high-purity Ar in water-cooled Cu crucible,as reported,DIRECT_TEXT_OR_VERIFIED_NA,Materials and methods p.2; tensile condition p.3,Source text without chemistry normalization or temperature/rate inference,HIGH,VERIFIED,EXPERIMENTAL,https://doi.org/10.1007/s10853-019-04064-9,AUDIT_SCOPE_DEPENDENT,MASTER_FIELD_MAPPING
P022,10.1007/s10853-019-04064-9,P022_SERIES01,P022_MAT_C2,P022_MC_C2_ASCAST_RT,P022_OBS_C2_ASCAST_RT,P022_OBS_C2_ASCAST_RT,Casting_Route,WATER_COOLED_CU_CRUCIBLE,as reported,DIRECT_TEXT_OR_VERIFIED_NA,Materials and methods p.2; tensile condition p.3,Source text without chemistry normalization or temperature/rate inference,HIGH,VERIFIED,EXPERIMENTAL,https://doi.org/10.1007/s10853-019-04064-9,AUDIT_SCOPE_DEPENDENT,MASTER_FIELD_MAPPING
P022,10.1007/s10853-019-04064-9,P022_SERIES01,P022_MAT_C2,P022_MC_C2_ASCAST_RT,P022_OBS_C2_ASCAST_RT,P022_OBS_C2_ASCAST_RT,Test_Metadata_Status,ROOM_TEMPERATURE_RAW_ONLY_EXACT_K_AND_TENSILE_STRAIN_RATE_NOT_REPORTED,as reported,DIRECT_TEXT_OR_VERIFIED_NA,Materials and methods p.2; tensile condition p.3,Source text without chemistry normalization or temperature/rate inference,HIGH,VERIFIED,EXPERIMENTAL,https://doi.org/10.1007/s10853-019-04064-9,AUDIT_SCOPE_DEPENDENT,MASTER_FIELD_MAPPING
P022,10.1007/s10853-019-04064-9,P022_SERIES01,P022_MAT_C2,P022_MC_C2_ASCAST_RT,P022_OBS_C2_ASCAST_RT,P022_OBS_C2_ASCAST_RT,Initial_TRIP_Target_Guardrail,PRE_EXISTING_AS_CAST_HCP_DOES_NOT_GENERATE_DEFORMATION_INDUCED_TRIP,as reported,DIRECT_XRD_OM_SEM_OR_VERIFIED_NA,Figs.1-2 pp.2-3,XRD plus OM/SEM with phase-scope safeguards,HIGH,VERIFIED,EXPERIMENTAL,https://doi.org/10.1007/s10853-019-04064-9,AUDIT_SCOPE_DEPENDENT,MASTER_FIELD_MAPPING
P022,10.1007/s10853-019-04064-9,P022_SERIES01,P022_MAT_C2,P022_MC_C2_ASCAST_RT,P022_OBS_C2_ASCAST_RT,P022_OBS_C2_ASCAST_RT,Reported_Ultimate_Strength_MPa,600,MPa,DIRECT_APPROX_TEXT_OR_VERIFIED_NA,Methods p.2; Figs.1-4 pp.2-5; abstract/results/conclusions,Engineering tensile response; Figure 3 not digitized,HIGH,VERIFIED,EXPERIMENTAL,https://doi.org/10.1007/s10853-019-04064-9,MECHANICAL_OUTCOME_LEAKAGE,MASTER_FIELD_MAPPING
P022,10.1007/s10853-019-04064-9,P022_SERIES01,P022_MAT_C2,P022_MC_C2_ASCAST_RT,P022_OBS_C2_ASCAST_RT,P022_OBS_C2_ASCAST_RT,Reported_Elongation_pct,67.4,%,DIRECT_APPROX_TEXT_OR_VERIFIED_NA,Methods p.2; Figs.1-4 pp.2-5; abstract/results/conclusions,Engineering tensile response; Figure 3 not digitized,HIGH,VERIFIED,EXPERIMENTAL,https://doi.org/10.1007/s10853-019-04064-9,MECHANICAL_OUTCOME_LEAKAGE,MASTER_FIELD_MAPPING
P022,10.1007/s10853-019-04064-9,P022_SERIES01,P022_MAT_C2,P022_MC_C2_ASCAST_RT,P022_OBS_C2_ASCAST_RT,P022_OBS_C2_ASCAST_RT,Strain_Basis_Status,ENGINEERING_TENSILE_APPROXIMATE_DIRECT_TEXT,as reported,DIRECT_APPROX_TEXT_OR_VERIFIED_NA,Methods p.2; Figs.1-4 pp.2-5; abstract/results/conclusions,Engineering tensile response; Figure 3 not digitized,HIGH,VERIFIED,EXPERIMENTAL,https://doi.org/10.1007/s10853-019-04064-9,MECHANICAL_OUTCOME_LEAKAGE,MASTER_FIELD_MAPPING
P022,10.1007/s10853-019-04064-9,P022_SERIES01,P022_MAT_C2,P022_MC_C2_ASCAST_RT,P022_OBS_C2_ASCAST_RT,P022_OBS_C2_ASCAST_RT,Target_Status,TWIP_VERIFIED_TRIP_UNRESOLVED,as reported,CONDITION_OR_STAGE_TARGET_EVIDENCE,Methods p.2; Figs.1-4 pp.2-5; abstract/results/conclusions,Condition-level evidence grading from verified workbook,HIGH,VERIFIED,EXPERIMENTAL,https://doi.org/10.1007/s10853-019-04064-9,TARGET_OR_TARGET_EVIDENCE_NOT_PREDICTOR,MASTER_FIELD_MAPPING
P022,10.1007/s10853-019-04064-9,P022_SERIES01,P022_MAT_C2,P022_MC_C2_ASCAST_RT,P022_OBS_C2_ASCAST_RT,P022_OBS_C2_ASCAST_RT,TWIP_Mode,DEFORMATION_TWINNING_DIRECT_EBSD,as reported,CONDITION_OR_STAGE_TARGET_EVIDENCE,Methods p.2; Figs.1-4 pp.2-5; abstract/results/conclusions,Condition-level evidence grading from verified workbook,HIGH,VERIFIED,EXPERIMENTAL,https://doi.org/10.1007/s10853-019-04064-9,TARGET_OR_TARGET_EVIDENCE_NOT_PREDICTOR,MASTER_FIELD_MAPPING
P022,10.1007/s10853-019-04064-9,P022_SERIES01,P022_MAT_C2,P022_MC_C2_ASCAST_RT,P022_OBS_C2_ASCAST_RT,P022_OBS_C2_ASCAST_RT,Remelt_Count_Min,5,minimum count,DIRECT_TEXT_OR_VERIFIED_NA,Materials and methods p.2; tensile condition p.3,Source text without chemistry normalization or temperature/rate inference,HIGH,VERIFIED,EXPERIMENTAL,https://doi.org/10.1007/s10853-019-04064-9,AUDIT_SCOPE_DEPENDENT,MASTER_FIELD_MAPPING
P022,10.1007/s10853-019-04064-9,P022_SERIES01,P022_MAT_C2,P022_MC_C2_ASCAST_RT,P022_OBS_C2_ASCAST_RT,P022_OBS_C2_ASCAST_RT,Remelt_Count_Status,AT_LEAST_FIVE,as reported,DIRECT_TEXT_OR_VERIFIED_NA,Materials and methods p.2; tensile condition p.3,Source text without chemistry normalization or temperature/rate inference,HIGH,VERIFIED,EXPERIMENTAL,https://doi.org/10.1007/s10853-019-04064-9,AUDIT_SCOPE_DEPENDENT,MASTER_FIELD_MAPPING
P022,10.1007/s10853-019-04064-9,P022_SERIES01,P022_MAT_C2,P022_MC_C2_ASCAST_RT,P022_OBS_C2_ASCAST_RT,P022_OBS_C2_ASCAST_RT,Test_T_C,UNRESOLVED_NA,C,DIRECT_TEXT_OR_VERIFIED_NA,Materials and methods p.2; tensile condition p.3,Source text without chemistry normalization or temperature/rate inference,HIGH,VERIFIED_NA_ROOM_TEMPERATURE_NOT_NUMERICALLY_REPORTED,EXPERIMENTAL,https://doi.org/10.1007/s10853-019-04064-9,AUDIT_SCOPE_DEPENDENT,MASTER_FIELD_MAPPING
P022,10.1007/s10853-019-04064-9,P022_SERIES01,P022_MAT_C2,P022_MC_C2_ASCAST_RT,P022_OBS_C2_ASCAST_RT,P022_OBS_C2_ASCAST_RT,SFE_Predictor_Eligibility,NOT_SAFE_AS_DIRECT_NUMERIC_SFE,as reported,QUALITATIVE_DIRECTION_OR_VERIFIED_GAP,Introduction/results and whole-paper review,No current-alloy numeric SFE or DeltaG; no cross-paper transfer,HIGH,VERIFIED,EXPERIMENTAL,https://doi.org/10.1007/s10853-019-04064-9,NOT_SAFE_AS_DIRECT_NUMERIC_SFE_OR_DELTAG,MASTER_FIELD_MAPPING
P022,10.1007/s10853-019-04064-9,P022_SERIES01,P022_MAT_C2,P022_MC_C2_ASCAST_RT,P022_OBS_C2_ASCAST_RT,P022_OBS_C2_ASCAST_RT,P022_Record_Role,RECOVERED_EXACT_PRIMARY_CONDITION,as reported,HIERARCHY_INTEGRATION,"Verified material-parent, condition, and stage sheets",Source-defined hierarchy with correlated stage-child control,HIGH,VERIFIED,EXPERIMENTAL,https://doi.org/10.1007/s10853-019-04064-9,AUDIT_SCOPE_DEPENDENT,MASTER_FIELD_MAPPING
P022,10.1007/s10853-019-04064-9,P022_SERIES01,P022_MAT_C2,P022_MC_C2_ASCAST_RT,P022_OBS_C2_ASCAST_RT,P022_OBS_C2_ASCAST_RT,P022_Target_Status,TWIP_VERIFIED_TRIP_UNRESOLVED,as reported,CONDITION_OR_STAGE_TARGET_EVIDENCE,Methods p.2; Figs.1-4 pp.2-5; abstract/results/conclusions,Condition-level evidence grading from verified workbook,HIGH,VERIFIED,EXPERIMENTAL,https://doi.org/10.1007/s10853-019-04064-9,TARGET_OR_TARGET_EVIDENCE_NOT_PREDICTOR,MASTER_FIELD_MAPPING
P022,10.1007/s10853-019-04064-9,P022_SERIES01,P022_MAT_C2,P022_MC_C2_ASCAST_RT,P022_OBS_C2_ASCAST_RT,P022_OBS_C2_ASCAST_RT,P022_Source_Identity_Status,VERIFIED_PDF_AND_EXTERNAL_BIBLIOGRAPHIC_MATCH,as reported,SOURCE_IDENTITY,Verified article identity / whole paper,Verified PDF and bibliographic DOI identity,HIGH,VERIFIED,EXPERIMENTAL,https://doi.org/10.1007/s10853-019-04064-9,AUDIT_SCOPE_DEPENDENT,MASTER_FIELD_MAPPING
P022,10.1007/s10853-019-04064-9,P022_SERIES01,P022_MAT_C2,P022_MC_C2_ASCAST_RT,P022_OBS_C2_ASCAST_RT,P022_OBS_C2_ASCAST_RT,P022_QC_Status,PENDING_GLOBAL_QC_SCHEMA_SPLIT_REFRESH_AFTER_COLLECTION,as reported,HIERARCHY_INTEGRATION,"Verified material-parent, condition, and stage sheets",Source-defined hierarchy with correlated stage-child control,HIGH,VERIFIED,EXPERIMENTAL,https://doi.org/10.1007/s10853-019-04064-9,AUDIT_SCOPE_DEPENDENT,MASTER_FIELD_MAPPING
P022,10.1007/s10853-019-04064-9,P022_SERIES01,P022_MAT_C2,P022_MC_C2_ASCAST_RT,P022_OBS_C2_ASCAST_RT,P022_OBS_C2_ASCAST_RT,Original_Composition_Basis,ATOMIC_RATIO_AS_REPORTED,as reported,DIRECT_TEXT_OR_VERIFIED_NA,Materials and methods p.2; tensile condition p.3,Source text without chemistry normalization or temperature/rate inference,HIGH,VERIFIED,EXPERIMENTAL,https://doi.org/10.1007/s10853-019-04064-9,AUDIT_SCOPE_DEPENDENT,MASTER_FIELD_MAPPING
P022,10.1007/s10853-019-04064-9,P022_SERIES01,P022_MAT_C2,P022_MC_C2_ASCAST_RT,P022_OBS_C2_ASCAST_RT,P022_OBS_C2_ASCAST_RT,Normalized_Composition_at_pct,UNRESOLVED_NA,as reported,DIRECT_TEXT_OR_VERIFIED_NA,Materials and methods p.2; tensile condition p.3,Source text without chemistry normalization or temperature/rate inference,HIGH,VERIFIED_NA_ATOMIC_RATIO_FORMULA_NOT_NORMALIZED_TO_ATPCT,EXPERIMENTAL,https://doi.org/10.1007/s10853-019-04064-9,AUDIT_SCOPE_DEPENDENT,MASTER_FIELD_MAPPING
P022,10.1007/s10853-019-04064-9,P022_SERIES01,P022_MAT_C2,P022_MC_C2_ASCAST_RT,P022_OBS_C2_ASCAST_RT,P022_OBS_C2_ASCAST_RT,Composition_Normalization_Status,NOT_NORMALIZED_RECOVERY_PRESERVES_ATOMIC_RATIO_FORMULA,as reported,DIRECT_TEXT_OR_VERIFIED_NA,Materials and methods p.2; tensile condition p.3,Source text without chemistry normalization or temperature/rate inference,HIGH,VERIFIED,EXPERIMENTAL,https://doi.org/10.1007/s10853-019-04064-9,AUDIT_SCOPE_DEPENDENT,MASTER_FIELD_MAPPING
P022,10.1007/s10853-019-04064-9,P022_SERIES01,P022_MAT_C2,P022_MC_C2_ASCAST_RT,P022_OBS_C2_ASCAST_RT,P022_OBS_C2_ASCAST_RT,Atomic_Ratio_C_Addition_Raw,2.0,atomic-ratio addition,DIRECT_TEXT_OR_VERIFIED_NA,Materials and methods p.2; tensile condition p.3,Source text without chemistry normalization or temperature/rate inference,HIGH,VERIFIED,EXPERIMENTAL,https://doi.org/10.1007/s10853-019-04064-9,AUDIT_SCOPE_DEPENDENT,MASTER_FIELD_MAPPING
P022,10.1007/s10853-019-04064-9,P022_SERIES01,P022_MAT_C2,P022_MC_C2_ASCAST_RT,P022_OBS_C2_ASCAST_RT,P022_OBS_C2_ASCAST_RT,Atomic_Ratio_Mo_Addition_Raw,0.0,atomic-ratio addition,DIRECT_TEXT_OR_VERIFIED_NA,Materials and methods p.2; tensile condition p.3,Source text without chemistry normalization or temperature/rate inference,HIGH,VERIFIED,EXPERIMENTAL,https://doi.org/10.1007/s10853-019-04064-9,AUDIT_SCOPE_DEPENDENT,MASTER_FIELD_MAPPING
P022,10.1007/s10853-019-04064-9,P022_SERIES01,P022_MAT_C2,P022_MC_C2_ASCAST_RT,P022_OBS_C2_ASCAST_RT,P022_OBS_C2_ASCAST_RT,Processing_State,AS_CAST,as reported,DIRECT_TEXT_OR_VERIFIED_NA,Materials and methods p.2; tensile condition p.3,Source text without chemistry normalization or temperature/rate inference,HIGH,VERIFIED,EXPERIMENTAL,https://doi.org/10.1007/s10853-019-04064-9,AUDIT_SCOPE_DEPENDENT,MASTER_FIELD_MAPPING
P022,10.1007/s10853-019-04064-9,P022_SERIES01,P022_MAT_C2,P022_MC_C2_ASCAST_RT,P022_OBS_C2_ASCAST_RT,P022_OBS_C2_ASCAST_RT,Flat_Tensile_Specimen_Dimensions_mm,22 x 2.5 x 1.5,as reported,DIRECT_TEXT_OR_VERIFIED_NA,Materials and methods p.2; tensile condition p.3,Source text without chemistry normalization or temperature/rate inference,HIGH,VERIFIED,EXPERIMENTAL,https://doi.org/10.1007/s10853-019-04064-9,AUDIT_SCOPE_DEPENDENT,MASTER_FIELD_MAPPING
P022,10.1007/s10853-019-04064-9,P022_SERIES01,P022_MAT_C2,P022_MC_C2_ASCAST_RT,P022_OBS_C2_ASCAST_RT,P022_OBS_C2_ASCAST_RT,Strain_Rate_Status,NOT_REPORTED,as reported,DIRECT_TEXT_OR_VERIFIED_NA,Materials and methods p.2; tensile condition p.3,Source text without chemistry normalization or temperature/rate inference,HIGH,VERIFIED,EXPERIMENTAL,https://doi.org/10.1007/s10853-019-04064-9,AUDIT_SCOPE_DEPENDENT,MASTER_FIELD_MAPPING
P022,10.1007/s10853-019-04064-9,P022_SERIES01,P022_MAT_C2,P022_MC_C2_ASCAST_RT,P022_OBS_C2_ASCAST_RT,P022_OBS_C2_ASCAST_RT,Dendrite_Morphology,Equiaxed/columnar dendrite grains after 2 at.% C addition,as reported,DIRECT_XRD_OM_SEM_OR_VERIFIED_NA,Figs.1-2 pp.2-3,XRD plus OM/SEM with phase-scope safeguards,HIGH,VERIFIED,EXPERIMENTAL,https://doi.org/10.1007/s10853-019-04064-9,AUDIT_SCOPE_DEPENDENT,MASTER_FIELD_MAPPING
P022,10.1007/s10853-019-04064-9,P022_SERIES01,P022_MAT_C2,P022_MC_C2_ASCAST_RT,P022_OBS_C2_ASCAST_RT,P022_OBS_C2_ASCAST_RT,Sigma_Phase_Evidence_Status,NO_SIGMA_PHASE_VALUE_ASSIGNED,as reported,DIRECT_XRD_OM_SEM_OR_VERIFIED_NA,Figs.1-2 pp.2-3,XRD plus OM/SEM with phase-scope safeguards,HIGH,VERIFIED,EXPERIMENTAL,https://doi.org/10.1007/s10853-019-04064-9,AUDIT_SCOPE_DEPENDENT,MASTER_FIELD_MAPPING
P022,10.1007/s10853-019-04064-9,P022_SERIES01,P022_MAT_C2,P022_MC_C2_ASCAST_RT,P022_OBS_C2_ASCAST_RT,P022_OBS_C2_ASCAST_RT,Initial_HCP_Target_Guardrail,INITIAL_HCP_IS_NOT_DEFORMATION_INDUCED_TRIP_EVIDENCE,as reported,DIRECT_XRD_OM_SEM_OR_VERIFIED_NA,Figs.1-2 pp.2-3,XRD plus OM/SEM with phase-scope safeguards,HIGH,VERIFIED,EXPERIMENTAL,https://doi.org/10.1007/s10853-019-04064-9,AUDIT_SCOPE_DEPENDENT,MASTER_FIELD_MAPPING
P022,10.1007/s10853-019-04064-9,P022_SERIES01,P022_MAT_C2,P022_MC_C2_ASCAST_RT,P022_OBS_C2_ASCAST_RT,P022_OBS_C2_ASCAST_RT,Paper_Native_Mechanism_Attribution,TWIP,as reported,CONDITION_OR_STAGE_TARGET_EVIDENCE,Methods p.2; Figs.1-4 pp.2-5; abstract/results/conclusions,Condition-level evidence grading from verified workbook,HIGH,VERIFIED,EXPERIMENTAL,https://doi.org/10.1007/s10853-019-04064-9,TARGET_OR_TARGET_EVIDENCE_NOT_PREDICTOR,MASTER_FIELD_MAPPING
P022,10.1007/s10853-019-04064-9,P022_SERIES01,P022_MAT_C2,P022_MC_C2_ASCAST_RT,P022_OBS_C2_ASCAST_RT,P022_OBS_C2_ASCAST_RT,TRIP_to_TWIP_Negative_Safeguard,MECHANISM_SHIFT_WORDING_DOES_NOT_GENERATE_TRIP_ZERO,as reported,CONDITION_OR_STAGE_TARGET_EVIDENCE,Methods p.2; Figs.1-4 pp.2-5; abstract/results/conclusions,Condition-level evidence grading from verified workbook,HIGH,VERIFIED,EXPERIMENTAL,https://doi.org/10.1007/s10853-019-04064-9,TARGET_OR_TARGET_EVIDENCE_NOT_PREDICTOR,MASTER_FIELD_MAPPING
P022,10.1007/s10853-019-04064-9,P022_SERIES01,P022_MAT_C2,P022_MC_C2_ASCAST_RT,P022_OBS_C2_ASCAST_RT,P022_OBS_C2_ASCAST_RT,Twin_Boundary_Character,APPROXIMATELY_60_DEGREE_<111>_DEFORMATION_TWIN_BOUNDARIES,as reported,CONDITION_OR_STAGE_TARGET_EVIDENCE,Methods p.2; Figs.1-4 pp.2-5; abstract/results/conclusions,Condition-level evidence grading from verified workbook,HIGH,VERIFIED,EXPERIMENTAL,https://doi.org/10.1007/s10853-019-04064-9,TARGET_OR_TARGET_EVIDENCE_NOT_PREDICTOR,MASTER_FIELD_MAPPING
P022,10.1007/s10853-019-04064-9,P022_SERIES01,P022_MAT_C2,P022_MC_C2_ASCAST_RT,P022_OBS_C2_ASCAST_RT,P022_OBS_C2_ASCAST_RT,Twin_Population_Qualitative,LOWER_THAN_C2MO1_QUALITATIVE,as reported,CONDITION_OR_STAGE_TARGET_EVIDENCE,Methods p.2; Figs.1-4 pp.2-5; abstract/results/conclusions,Condition-level evidence grading from verified workbook,HIGH,VERIFIED,EXPERIMENTAL,https://doi.org/10.1007/s10853-019-04064-9,TARGET_OR_TARGET_EVIDENCE_NOT_PREDICTOR,MASTER_FIELD_MAPPING
P022,10.1007/s10853-019-04064-9,P022_SERIES01,P022_MAT_C2,P022_MC_C2_ASCAST_RT,P022_OBS_C2_ASCAST_RT,P022_OBS_C2_ASCAST_RT,Twin_Fraction_Status,QUALITATIVE_POPULATION_ONLY_NO_FRACTION_DIGITIZED,as reported,CONDITION_OR_STAGE_TARGET_EVIDENCE,Methods p.2; Figs.1-4 pp.2-5; abstract/results/conclusions,Condition-level evidence grading from verified workbook,HIGH,VERIFIED,EXPERIMENTAL,https://doi.org/10.1007/s10853-019-04064-9,TARGET_OR_TARGET_EVIDENCE_NOT_PREDICTOR,MASTER_FIELD_MAPPING
P022,10.1007/s10853-019-04064-9,P022_SERIES01,P022_MAT_C2,P022_MC_C2_ASCAST_RT,P022_OBS_C2_ASCAST_RT,P022_OBS_C2_ASCAST_RT,Figure3_Digitization_Status,NOT_DIGITIZED_TEXT_ONLY_VALUES_WHERE_EXPLICIT,as reported,DIRECT_APPROX_TEXT_OR_VERIFIED_NA,Methods p.2; Figs.1-4 pp.2-5; abstract/results/conclusions,Engineering tensile response; Figure 3 not digitized,HIGH,VERIFIED,EXPERIMENTAL,https://doi.org/10.1007/s10853-019-04064-9,MECHANICAL_OUTCOME_LEAKAGE,MASTER_FIELD_MAPPING
P022,10.1007/s10853-019-04064-9,P022_SERIES01,P022_MAT_C2,P022_MC_C2_ASCAST_RT,P022_OBS_C2_ASCAST_RT,P022_OBS_C2_ASCAST_RT,SFE_General_Threshold_Status,SECONDARY_GENERAL_THRESHOLDS_NOT_ASSIGNED_TO_P022_CONDITIONS,as reported,QUALITATIVE_DIRECTION_OR_VERIFIED_GAP,Introduction/results and whole-paper review,No current-alloy numeric SFE or DeltaG; no cross-paper transfer,HIGH,VERIFIED,EXPERIMENTAL,https://doi.org/10.1007/s10853-019-04064-9,NOT_SAFE_AS_DIRECT_NUMERIC_SFE_OR_DELTAG,MASTER_FIELD_MAPPING
P022,10.1007/s10853-019-04064-9,P022_SERIES01,P022_MAT_C2,P022_MC_C2_ASCAST_RT,P022_OBS_C2_ASCAST_RT,P022_OBS_C2_ASCAST_RT,SFE_Qualitative_Trend,C_TENDS_TO_INCREASE_SFE_QUALITATIVE_DIRECTION_ONLY,as reported,QUALITATIVE_DIRECTION_OR_VERIFIED_GAP,Introduction/results and whole-paper review,No current-alloy numeric SFE or DeltaG; no cross-paper transfer,HIGH,VERIFIED,EXPERIMENTAL,https://doi.org/10.1007/s10853-019-04064-9,NOT_SAFE_AS_DIRECT_NUMERIC_SFE_OR_DELTAG,MASTER_FIELD_MAPPING
P022,10.1007/s10853-019-04064-9,P022_SERIES01,P022_MAT_C4,P022_MC_C4_ASCAST_RT,P022_OBS_C4_ASCAST_RT,P022_OBS_C4_ASCAST_RT,Paper_ID,P022,as reported,SOURCE_IDENTITY,Verified article identity / whole paper,Verified PDF and bibliographic DOI identity,HIGH_FOR_NA_DECISION,VERIFIED,EXPERIMENTAL,https://doi.org/10.1007/s10853-019-04064-9,AUDIT_SCOPE_DEPENDENT,MASTER_FIELD_MAPPING
P022,10.1007/s10853-019-04064-9,P022_SERIES01,P022_MAT_C4,P022_MC_C4_ASCAST_RT,P022_OBS_C4_ASCAST_RT,P022_OBS_C4_ASCAST_RT,DOI,10.1007/s10853-019-04064-9,as reported,SOURCE_IDENTITY,Verified article identity / whole paper,Verified PDF and bibliographic DOI identity,HIGH_FOR_NA_DECISION,VERIFIED,EXPERIMENTAL,https://doi.org/10.1007/s10853-019-04064-9,AUDIT_SCOPE_DEPENDENT,MASTER_FIELD_MAPPING
P022,10.1007/s10853-019-04064-9,P022_SERIES01,P022_MAT_C4,P022_MC_C4_ASCAST_RT,P022_OBS_C4_ASCAST_RT,P022_OBS_C4_ASCAST_RT,Paper_Title,Excellent room temperature ductility of as-cast TRIP high-entropy alloy via Mo and C alloying,as reported,SOURCE_IDENTITY,Verified article identity / whole paper,Verified PDF and bibliographic DOI identity,HIGH_FOR_NA_DECISION,VERIFIED,EXPERIMENTAL,https://doi.org/10.1007/s10853-019-04064-9,AUDIT_SCOPE_DEPENDENT,MASTER_FIELD_MAPPING
P022,10.1007/s10853-019-04064-9,P022_SERIES01,P022_MAT_C4,P022_MC_C4_ASCAST_RT,P022_OBS_C4_ASCAST_RT,P022_OBS_C4_ASCAST_RT,Condition_ID,P022_MC_C4_ASCAST_RT,as reported,HIERARCHY_INTEGRATION,"Verified material-parent, condition, and stage sheets",Source-defined hierarchy with correlated stage-child control,HIGH_FOR_NA_DECISION,VERIFIED,EXPERIMENTAL,https://doi.org/10.1007/s10853-019-04064-9,AUDIT_SCOPE_DEPENDENT,MASTER_FIELD_MAPPING
P022,10.1007/s10853-019-04064-9,P022_SERIES01,P022_MAT_C4,P022_MC_C4_ASCAST_RT,P022_OBS_C4_ASCAST_RT,P022_OBS_C4_ASCAST_RT,Experiment_Group_ID,P022_SERIES01,as reported,HIERARCHY_INTEGRATION,"Verified material-parent, condition, and stage sheets",Source-defined hierarchy with correlated stage-child control,HIGH_FOR_NA_DECISION,VERIFIED,EXPERIMENTAL,https://doi.org/10.1007/s10853-019-04064-9,AUDIT_SCOPE_DEPENDENT,MASTER_FIELD_MAPPING
P022,10.1007/s10853-019-04064-9,P022_SERIES01,P022_MAT_C4,P022_MC_C4_ASCAST_RT,P022_OBS_C4_ASCAST_RT,P022_OBS_C4_ASCAST_RT,Row_Type,Primary as-cast experimental tensile condition,as reported,HIERARCHY_INTEGRATION,"Verified material-parent, condition, and stage sheets",Source-defined hierarchy with correlated stage-child control,HIGH_FOR_NA_DECISION,VERIFIED,EXPERIMENTAL,https://doi.org/10.1007/s10853-019-04064-9,AUDIT_SCOPE_DEPENDENT,MASTER_FIELD_MAPPING
P022,10.1007/s10853-019-04064-9,P022_SERIES01,P022_MAT_C4,P022_MC_C4_ASCAST_RT,P022_OBS_C4_ASCAST_RT,P022_OBS_C4_ASCAST_RT,Alloy_ID,C4,as reported,DIRECT_TEXT_OR_VERIFIED_NA,Materials and methods p.2; tensile condition p.3,Source text without chemistry normalization or temperature/rate inference,HIGH_FOR_NA_DECISION,VERIFIED,EXPERIMENTAL,https://doi.org/10.1007/s10853-019-04064-9,AUDIT_SCOPE_DEPENDENT,MASTER_FIELD_MAPPING
P022,10.1007/s10853-019-04064-9,P022_SERIES01,P022_MAT_C4,P022_MC_C4_ASCAST_RT,P022_OBS_C4_ASCAST_RT,P022_OBS_C4_ASCAST_RT,Original_Composition,Fe50Mn30Co10Cr10C4,as reported,DIRECT_TEXT_OR_VERIFIED_NA,Materials and methods p.2; tensile condition p.3,Source text without chemistry normalization or temperature/rate inference,HIGH_FOR_NA_DECISION,VERIFIED,EXPERIMENTAL,https://doi.org/10.1007/s10853-019-04064-9,AUDIT_SCOPE_DEPENDENT,MASTER_FIELD_MAPPING
P022,10.1007/s10853-019-04064-9,P022_SERIES01,P022_MAT_C4,P022_MC_C4_ASCAST_RT,P022_OBS_C4_ASCAST_RT,P022_OBS_C4_ASCAST_RT,Composition_basis,ATOMIC_RATIO_AS_REPORTED,as reported,DIRECT_TEXT_OR_VERIFIED_NA,Materials and methods p.2; tensile condition p.3,Source text without chemistry normalization or temperature/rate inference,HIGH_FOR_NA_DECISION,VERIFIED,EXPERIMENTAL,https://doi.org/10.1007/s10853-019-04064-9,AUDIT_SCOPE_DEPENDENT,MASTER_FIELD_MAPPING
P022,10.1007/s10853-019-04064-9,P022_SERIES01,P022_MAT_C4,P022_MC_C4_ASCAST_RT,P022_OBS_C4_ASCAST_RT,P022_OBS_C4_ASCAST_RT,Fe_at%,UNRESOLVED_NA,as reported,DIRECT_TEXT_OR_VERIFIED_NA,Materials and methods p.2; tensile condition p.3,Source text without chemistry normalization or temperature/rate inference,HIGH_FOR_NA_DECISION,VERIFIED_NA_ATOMIC_RATIO_FORMULA_NOT_NORMALIZED_TO_ATPCT,EXPERIMENTAL,https://doi.org/10.1007/s10853-019-04064-9,AUDIT_SCOPE_DEPENDENT,MASTER_FIELD_MAPPING
P022,10.1007/s10853-019-04064-9,P022_SERIES01,P022_MAT_C4,P022_MC_C4_ASCAST_RT,P022_OBS_C4_ASCAST_RT,P022_OBS_C4_ASCAST_RT,Mn_at%,UNRESOLVED_NA,as reported,DIRECT_TEXT_OR_VERIFIED_NA,Materials and methods p.2; tensile condition p.3,Source text without chemistry normalization or temperature/rate inference,HIGH_FOR_NA_DECISION,VERIFIED_NA_ATOMIC_RATIO_FORMULA_NOT_NORMALIZED_TO_ATPCT,EXPERIMENTAL,https://doi.org/10.1007/s10853-019-04064-9,AUDIT_SCOPE_DEPENDENT,MASTER_FIELD_MAPPING
P022,10.1007/s10853-019-04064-9,P022_SERIES01,P022_MAT_C4,P022_MC_C4_ASCAST_RT,P022_OBS_C4_ASCAST_RT,P022_OBS_C4_ASCAST_RT,Co_at%,UNRESOLVED_NA,as reported,DIRECT_TEXT_OR_VERIFIED_NA,Materials and methods p.2; tensile condition p.3,Source text without chemistry normalization or temperature/rate inference,HIGH_FOR_NA_DECISION,VERIFIED_NA_ATOMIC_RATIO_FORMULA_NOT_NORMALIZED_TO_ATPCT,EXPERIMENTAL,https://doi.org/10.1007/s10853-019-04064-9,AUDIT_SCOPE_DEPENDENT,MASTER_FIELD_MAPPING
P022,10.1007/s10853-019-04064-9,P022_SERIES01,P022_MAT_C4,P022_MC_C4_ASCAST_RT,P022_OBS_C4_ASCAST_RT,P022_OBS_C4_ASCAST_RT,Cr_at%,UNRESOLVED_NA,as reported,DIRECT_TEXT_OR_VERIFIED_NA,Materials and methods p.2; tensile condition p.3,Source text without chemistry normalization or temperature/rate inference,HIGH_FOR_NA_DECISION,VERIFIED_NA_ATOMIC_RATIO_FORMULA_NOT_NORMALIZED_TO_ATPCT,EXPERIMENTAL,https://doi.org/10.1007/s10853-019-04064-9,AUDIT_SCOPE_DEPENDENT,MASTER_FIELD_MAPPING
P022,10.1007/s10853-019-04064-9,P022_SERIES01,P022_MAT_C4,P022_MC_C4_ASCAST_RT,P022_OBS_C4_ASCAST_RT,P022_OBS_C4_ASCAST_RT,C_at%,UNRESOLVED_NA,as reported,DIRECT_TEXT_OR_VERIFIED_NA,Materials and methods p.2; tensile condition p.3,Source text without chemistry normalization or temperature/rate inference,HIGH_FOR_NA_DECISION,VERIFIED_NA_ATOMIC_RATIO_FORMULA_NOT_NORMALIZED_TO_ATPCT,EXPERIMENTAL,https://doi.org/10.1007/s10853-019-04064-9,AUDIT_SCOPE_DEPENDENT,MASTER_FIELD_MAPPING
P022,10.1007/s10853-019-04064-9,P022_SERIES01,P022_MAT_C4,P022_MC_C4_ASCAST_RT,P022_OBS_C4_ASCAST_RT,P022_OBS_C4_ASCAST_RT,Mo_at%,UNRESOLVED_NA,as reported,DIRECT_TEXT_OR_VERIFIED_NA,Materials and methods p.2; tensile condition p.3,Source text without chemistry normalization or temperature/rate inference,HIGH_FOR_NA_DECISION,VERIFIED_NA_ATOMIC_RATIO_FORMULA_NOT_NORMALIZED_TO_ATPCT,EXPERIMENTAL,https://doi.org/10.1007/s10853-019-04064-9,AUDIT_SCOPE_DEPENDENT,MASTER_FIELD_MAPPING
P022,10.1007/s10853-019-04064-9,P022_SERIES01,P022_MAT_C4,P022_MC_C4_ASCAST_RT,P022_OBS_C4_ASCAST_RT,P022_OBS_C4_ASCAST_RT,Processing_route,AS_CAST_ARC_MELTED_NO_REPORTED_HOMOGENIZATION_ROLLING_OR_ANNEALING,as reported,DIRECT_TEXT_OR_VERIFIED_NA,Materials and methods p.2; tensile condition p.3,Source text without chemistry normalization or temperature/rate inference,HIGH_FOR_NA_DECISION,VERIFIED,EXPERIMENTAL,https://doi.org/10.1007/s10853-019-04064-9,AUDIT_SCOPE_DEPENDENT,MASTER_FIELD_MAPPING
P022,10.1007/s10853-019-04064-9,P022_SERIES01,P022_MAT_C4,P022_MC_C4_ASCAST_RT,P022_OBS_C4_ASCAST_RT,P022_OBS_C4_ASCAST_RT,Cast_method,Arc melting; Ti-gettered high-purity Ar; water-cooled Cu crucible,as reported,DIRECT_TEXT_OR_VERIFIED_NA,Materials and methods p.2; tensile condition p.3,Source text without chemistry normalization or temperature/rate inference,HIGH_FOR_NA_DECISION,VERIFIED,EXPERIMENTAL,https://doi.org/10.1007/s10853-019-04064-9,AUDIT_SCOPE_DEPENDENT,MASTER_FIELD_MAPPING
P022,10.1007/s10853-019-04064-9,P022_SERIES01,P022_MAT_C4,P022_MC_C4_ASCAST_RT,P022_OBS_C4_ASCAST_RT,P022_OBS_C4_ASCAST_RT,Homogenization_T_K,UNRESOLVED_NA,as reported,DIRECT_TEXT_OR_VERIFIED_NA,Materials and methods p.2; tensile condition p.3,Source text without chemistry normalization or temperature/rate inference,HIGH_FOR_NA_DECISION,VERIFIED_NA_NO_POSTCAST_TREATMENT_REPORTED,EXPERIMENTAL,https://doi.org/10.1007/s10853-019-04064-9,AUDIT_SCOPE_DEPENDENT,MASTER_FIELD_MAPPING
P022,10.1007/s10853-019-04064-9,P022_SERIES01,P022_MAT_C4,P022_MC_C4_ASCAST_RT,P022_OBS_C4_ASCAST_RT,P022_OBS_C4_ASCAST_RT,Homogenization_time_h,UNRESOLVED_NA,as reported,DIRECT_TEXT_OR_VERIFIED_NA,Materials and methods p.2; tensile condition p.3,Source text without chemistry normalization or temperature/rate inference,HIGH_FOR_NA_DECISION,VERIFIED_NA_NO_POSTCAST_TREATMENT_REPORTED,EXPERIMENTAL,https://doi.org/10.1007/s10853-019-04064-9,AUDIT_SCOPE_DEPENDENT,MASTER_FIELD_MAPPING
P022,10.1007/s10853-019-04064-9,P022_SERIES01,P022_MAT_C4,P022_MC_C4_ASCAST_RT,P022_OBS_C4_ASCAST_RT,P022_OBS_C4_ASCAST_RT,Hot_rolling_T_K,UNRESOLVED_NA,as reported,DIRECT_TEXT_OR_VERIFIED_NA,Materials and methods p.2; tensile condition p.3,Source text without chemistry normalization or temperature/rate inference,HIGH_FOR_NA_DECISION,VERIFIED_NA_NO_POSTCAST_TREATMENT_REPORTED,EXPERIMENTAL,https://doi.org/10.1007/s10853-019-04064-9,AUDIT_SCOPE_DEPENDENT,MASTER_FIELD_MAPPING
P022,10.1007/s10853-019-04064-9,P022_SERIES01,P022_MAT_C4,P022_MC_C4_ASCAST_RT,P022_OBS_C4_ASCAST_RT,P022_OBS_C4_ASCAST_RT,Hot_rolling_reduction_pct,UNRESOLVED_NA,as reported,DIRECT_TEXT_OR_VERIFIED_NA,Materials and methods p.2; tensile condition p.3,Source text without chemistry normalization or temperature/rate inference,HIGH_FOR_NA_DECISION,VERIFIED_NA_NO_POSTCAST_TREATMENT_REPORTED,EXPERIMENTAL,https://doi.org/10.1007/s10853-019-04064-9,AUDIT_SCOPE_DEPENDENT,MASTER_FIELD_MAPPING
P022,10.1007/s10853-019-04064-9,P022_SERIES01,P022_MAT_C4,P022_MC_C4_ASCAST_RT,P022_OBS_C4_ASCAST_RT,P022_OBS_C4_ASCAST_RT,Cold_rolling_reduction_pct,UNRESOLVED_NA,as reported,DIRECT_TEXT_OR_VERIFIED_NA,Materials and methods p.2; tensile condition p.3,Source text without chemistry normalization or temperature/rate inference,HIGH_FOR_NA_DECISION,VERIFIED_NA_NO_POSTCAST_TREATMENT_REPORTED,EXPERIMENTAL,https://doi.org/10.1007/s10853-019-04064-9,AUDIT_SCOPE_DEPENDENT,MASTER_FIELD_MAPPING
P022,10.1007/s10853-019-04064-9,P022_SERIES01,P022_MAT_C4,P022_MC_C4_ASCAST_RT,P022_OBS_C4_ASCAST_RT,P022_OBS_C4_ASCAST_RT,Annealing_T_K,UNRESOLVED_NA,as reported,DIRECT_TEXT_OR_VERIFIED_NA,Materials and methods p.2; tensile condition p.3,Source text without chemistry normalization or temperature/rate inference,HIGH_FOR_NA_DECISION,VERIFIED_NA_NO_POSTCAST_TREATMENT_REPORTED,EXPERIMENTAL,https://doi.org/10.1007/s10853-019-04064-9,AUDIT_SCOPE_DEPENDENT,MASTER_FIELD_MAPPING
P022,10.1007/s10853-019-04064-9,P022_SERIES01,P022_MAT_C4,P022_MC_C4_ASCAST_RT,P022_OBS_C4_ASCAST_RT,P022_OBS_C4_ASCAST_RT,Annealing_time_min,UNRESOLVED_NA,as reported,DIRECT_TEXT_OR_VERIFIED_NA,Materials and methods p.2; tensile condition p.3,Source text without chemistry normalization or temperature/rate inference,HIGH_FOR_NA_DECISION,VERIFIED_NA_NO_POSTCAST_TREATMENT_REPORTED,EXPERIMENTAL,https://doi.org/10.1007/s10853-019-04064-9,AUDIT_SCOPE_DEPENDENT,MASTER_FIELD_MAPPING
P022,10.1007/s10853-019-04064-9,P022_SERIES01,P022_MAT_C4,P022_MC_C4_ASCAST_RT,P022_OBS_C4_ASCAST_RT,P022_OBS_C4_ASCAST_RT,Cooling_route,AS_CAST_IN_WATER_COOLED_CU_CRUCIBLE,as reported,DIRECT_TEXT_OR_VERIFIED_NA,Materials and methods p.2; tensile condition p.3,Source text without chemistry normalization or temperature/rate inference,HIGH_FOR_NA_DECISION,VERIFIED,EXPERIMENTAL,https://doi.org/10.1007/s10853-019-04064-9,AUDIT_SCOPE_DEPENDENT,MASTER_FIELD_MAPPING
P022,10.1007/s10853-019-04064-9,P022_SERIES01,P022_MAT_C4,P022_MC_C4_ASCAST_RT,P022_OBS_C4_ASCAST_RT,P022_OBS_C4_ASCAST_RT,Test_T_K,UNRESOLVED_NA,K,DIRECT_TEXT_OR_VERIFIED_NA,Materials and methods p.2; tensile condition p.3,Source text without chemistry normalization or temperature/rate inference,HIGH_FOR_NA_DECISION,VERIFIED_NA_ROOM_TEMPERATURE_NOT_NUMERICALLY_REPORTED,EXPERIMENTAL,https://doi.org/10.1007/s10853-019-04064-9,AUDIT_SCOPE_DEPENDENT,MASTER_FIELD_MAPPING
P022,10.1007/s10853-019-04064-9,P022_SERIES01,P022_MAT_C4,P022_MC_C4_ASCAST_RT,P022_OBS_C4_ASCAST_RT,P022_OBS_C4_ASCAST_RT,Strain_rate_s-1,UNRESOLVED_NA,s^-1,DIRECT_TEXT_OR_VERIFIED_NA,Materials and methods p.2; tensile condition p.3,Source text without chemistry normalization or temperature/rate inference,HIGH_FOR_NA_DECISION,VERIFIED_NA_TENSILE_STRAIN_RATE_NOT_REPORTED,EXPERIMENTAL,https://doi.org/10.1007/s10853-019-04064-9,AUDIT_SCOPE_DEPENDENT,MASTER_FIELD_MAPPING
P022,10.1007/s10853-019-04064-9,P022_SERIES01,P022_MAT_C4,P022_MC_C4_ASCAST_RT,P022_OBS_C4_ASCAST_RT,P022_OBS_C4_ASCAST_RT,Gauge_length_mm,UNRESOLVED_NA,mm,DIRECT_TEXT_OR_VERIFIED_NA,Materials and methods p.2; tensile condition p.3,Source text without chemistry normalization or temperature/rate inference,HIGH_FOR_NA_DECISION,VERIFIED_NA_SOURCE_DIMENSIONS_NOT_PROMOTED_TO_GAUGE_FIELDS,EXPERIMENTAL,https://doi.org/10.1007/s10853-019-04064-9,AUDIT_SCOPE_DEPENDENT,MASTER_FIELD_MAPPING
P022,10.1007/s10853-019-04064-9,P022_SERIES01,P022_MAT_C4,P022_MC_C4_ASCAST_RT,P022_OBS_C4_ASCAST_RT,P022_OBS_C4_ASCAST_RT,Gauge_width_mm,UNRESOLVED_NA,mm,DIRECT_TEXT_OR_VERIFIED_NA,Materials and methods p.2; tensile condition p.3,Source text without chemistry normalization or temperature/rate inference,HIGH_FOR_NA_DECISION,VERIFIED_NA_SOURCE_DIMENSIONS_NOT_PROMOTED_TO_GAUGE_FIELDS,EXPERIMENTAL,https://doi.org/10.1007/s10853-019-04064-9,AUDIT_SCOPE_DEPENDENT,MASTER_FIELD_MAPPING
P022,10.1007/s10853-019-04064-9,P022_SERIES01,P022_MAT_C4,P022_MC_C4_ASCAST_RT,P022_OBS_C4_ASCAST_RT,P022_OBS_C4_ASCAST_RT,Specimen_thickness_mm,UNRESOLVED_NA,mm,DIRECT_TEXT_OR_VERIFIED_NA,Materials and methods p.2; tensile condition p.3,Source text without chemistry normalization or temperature/rate inference,HIGH_FOR_NA_DECISION,VERIFIED_NA_SOURCE_DIMENSIONS_NOT_PROMOTED_TO_GAUGE_FIELDS,EXPERIMENTAL,https://doi.org/10.1007/s10853-019-04064-9,AUDIT_SCOPE_DEPENDENT,MASTER_FIELD_MAPPING
P022,10.1007/s10853-019-04064-9,P022_SERIES01,P022_MAT_C4,P022_MC_C4_ASCAST_RT,P022_OBS_C4_ASCAST_RT,P022_OBS_C4_ASCAST_RT,Grain_size_um,UNRESOLVED_NA,um,DIRECT_XRD_OM_SEM_OR_VERIFIED_NA,Figs.1-2 pp.2-3,XRD plus OM/SEM with phase-scope safeguards,HIGH_FOR_NA_DECISION,VERIFIED_NA_NUMERIC_GRAIN_SIZE_NOT_REPORTED_NO_DIGITIZATION,EXPERIMENTAL,https://doi.org/10.1007/s10853-019-04064-9,AUDIT_SCOPE_DEPENDENT,MASTER_FIELD_MAPPING
P022,10.1007/s10853-019-04064-9,P022_SERIES01,P022_MAT_C4,P022_MC_C4_ASCAST_RT,P022_OBS_C4_ASCAST_RT,P022_OBS_C4_ASCAST_RT,Initial_FCC_fraction,UNRESOLVED_NA,fraction,DIRECT_XRD_OM_SEM_OR_VERIFIED_NA,Figs.1-2 pp.2-3,XRD plus OM/SEM with phase-scope safeguards,HIGH_FOR_NA_DECISION,VERIFIED_NA_EXACT_NUMERIC_FCC_FRACTION_NOT_REPORTED,EXPERIMENTAL,https://doi.org/10.1007/s10853-019-04064-9,AUDIT_SCOPE_DEPENDENT,MASTER_FIELD_MAPPING
P022,10.1007/s10853-019-04064-9,P022_SERIES01,P022_MAT_C4,P022_MC_C4_ASCAST_RT,P022_OBS_C4_ASCAST_RT,P022_OBS_C4_ASCAST_RT,Initial_HCP_fraction,0,fraction,DIRECT_XRD_OM_SEM_OR_VERIFIED_NA,Figs.1-2 pp.2-3,XRD plus OM/SEM with phase-scope safeguards,HIGH_FOR_NA_DECISION,VERIFIED,EXPERIMENTAL,https://doi.org/10.1007/s10853-019-04064-9,AUDIT_SCOPE_DEPENDENT,MASTER_FIELD_MAPPING
P022,10.1007/s10853-019-04064-9,P022_SERIES01,P022_MAT_C4,P022_MC_C4_ASCAST_RT,P022_OBS_C4_ASCAST_RT,P022_OBS_C4_ASCAST_RT,SFE_mJ_m2,UNRESOLVED_NA,mJ/m2,QUALITATIVE_DIRECTION_OR_VERIFIED_GAP,Introduction/results and whole-paper review,No current-alloy numeric SFE or DeltaG; no cross-paper transfer,HIGH_FOR_NA_DECISION,VERIFIED_NA_NO_CURRENT_ALLOY_NUMERIC_SFE,EXPERIMENTAL,https://doi.org/10.1007/s10853-019-04064-9,NOT_SAFE_AS_DIRECT_NUMERIC_SFE_OR_DELTAG,MASTER_FIELD_MAPPING
P022,10.1007/s10853-019-04064-9,P022_SERIES01,P022_MAT_C4,P022_MC_C4_ASCAST_RT,P022_OBS_C4_ASCAST_RT,P022_OBS_C4_ASCAST_RT,SFE_method,UNRESOLVED_NA,as reported,QUALITATIVE_DIRECTION_OR_VERIFIED_GAP,Introduction/results and whole-paper review,No current-alloy numeric SFE or DeltaG; no cross-paper transfer,HIGH_FOR_NA_DECISION,VERIFIED_NA_NO_CURRENT_ALLOY_NUMERIC_SFE,EXPERIMENTAL,https://doi.org/10.1007/s10853-019-04064-9,NOT_SAFE_AS_DIRECT_NUMERIC_SFE_OR_DELTAG,MASTER_FIELD_MAPPING
P022,10.1007/s10853-019-04064-9,P022_SERIES01,P022_MAT_C4,P022_MC_C4_ASCAST_RT,P022_OBS_C4_ASCAST_RT,P022_OBS_C4_ASCAST_RT,DeltaG_FCC_HCP_J_mol,UNRESOLVED_NA,J/mol,QUALITATIVE_DIRECTION_OR_VERIFIED_GAP,Introduction/results and whole-paper review,No current-alloy numeric SFE or DeltaG; no cross-paper transfer,HIGH_FOR_NA_DECISION,VERIFIED_NA_NOT_REPORTED_NO_CROSS_PAPER_TRANSFER,EXPERIMENTAL,https://doi.org/10.1007/s10853-019-04064-9,NOT_SAFE_AS_DIRECT_NUMERIC_SFE_OR_DELTAG,MASTER_FIELD_MAPPING
P022,10.1007/s10853-019-04064-9,P022_SERIES01,P022_MAT_C4,P022_MC_C4_ASCAST_RT,P022_OBS_C4_ASCAST_RT,P022_OBS_C4_ASCAST_RT,DeltaG_method,UNRESOLVED_NA,as reported,QUALITATIVE_DIRECTION_OR_VERIFIED_GAP,Introduction/results and whole-paper review,No current-alloy numeric SFE or DeltaG; no cross-paper transfer,HIGH_FOR_NA_DECISION,VERIFIED_NA_NOT_REPORTED_NO_CROSS_PAPER_TRANSFER,EXPERIMENTAL,https://doi.org/10.1007/s10853-019-04064-9,NOT_SAFE_AS_DIRECT_NUMERIC_SFE_OR_DELTAG,MASTER_FIELD_MAPPING
P022,10.1007/s10853-019-04064-9,P022_SERIES01,P022_MAT_C4,P022_MC_C4_ASCAST_RT,P022_OBS_C4_ASCAST_RT,P022_OBS_C4_ASCAST_RT,Slip,UNRESOLVED_NA,binary,CONDITION_OR_STAGE_TARGET_EVIDENCE,Methods p.2; Figs.1-4 pp.2-5,Condition-level evidence grading from verified workbook,HIGH_FOR_NA_DECISION,VERIFIED_NA_INSUFFICIENT_CONDITION_LEVEL_EVIDENCE,EXPERIMENTAL,https://doi.org/10.1007/s10853-019-04064-9,TARGET_OR_TARGET_EVIDENCE_NOT_PREDICTOR,MASTER_FIELD_MAPPING
P022,10.1007/s10853-019-04064-9,P022_SERIES01,P022_MAT_C4,P022_MC_C4_ASCAST_RT,P022_OBS_C4_ASCAST_RT,P022_OBS_C4_ASCAST_RT,Evidence_TRIP,NO_CONDITION_SPECIFIC_POST_TEST_PHASE_CHARACTERIZATION,as reported,CONDITION_OR_STAGE_TARGET_EVIDENCE,Methods p.2; Figs.1-4 pp.2-5,Condition-level evidence grading from verified workbook,HIGH_FOR_NA_DECISION,VERIFIED,EXPERIMENTAL,https://doi.org/10.1007/s10853-019-04064-9,TARGET_OR_TARGET_EVIDENCE_NOT_PREDICTOR,MASTER_FIELD_MAPPING
P022,10.1007/s10853-019-04064-9,P022_SERIES01,P022_MAT_C4,P022_MC_C4_ASCAST_RT,P022_OBS_C4_ASCAST_RT,P022_OBS_C4_ASCAST_RT,Evidence_TWIP,NO_CONDITION_SPECIFIC_POST_TEST_TWIN_CHARACTERIZATION,as reported,CONDITION_OR_STAGE_TARGET_EVIDENCE,Methods p.2; Figs.1-4 pp.2-5,Condition-level evidence grading from verified workbook,HIGH_FOR_NA_DECISION,VERIFIED,EXPERIMENTAL,https://doi.org/10.1007/s10853-019-04064-9,TARGET_OR_TARGET_EVIDENCE_NOT_PREDICTOR,MASTER_FIELD_MAPPING
P022,10.1007/s10853-019-04064-9,P022_SERIES01,P022_MAT_C4,P022_MC_C4_ASCAST_RT,P022_OBS_C4_ASCAST_RT,P022_OBS_C4_ASCAST_RT,Characterization_methods,XRD; OM/SEM,as reported,VERIFIED_MASTER_FIELD_MAPPING,Methods p.2; Figs.1-4 pp.2-5,Verified workbook-to-master mapping,HIGH_FOR_NA_DECISION,VERIFIED,EXPERIMENTAL,https://doi.org/10.1007/s10853-019-04064-9,AUDIT_SCOPE_DEPENDENT,MASTER_FIELD_MAPPING
P022,10.1007/s10853-019-04064-9,P022_SERIES01,P022_MAT_C4,P022_MC_C4_ASCAST_RT,P022_OBS_C4_ASCAST_RT,P022_OBS_C4_ASCAST_RT,Source_location,Methods p.2; Figs.1-4 pp.2-5,as reported,VERIFIED_MASTER_FIELD_MAPPING,Methods p.2; Figs.1-4 pp.2-5,Verified workbook-to-master mapping,HIGH_FOR_NA_DECISION,VERIFIED,EXPERIMENTAL,https://doi.org/10.1007/s10853-019-04064-9,AUDIT_SCOPE_DEPENDENT,MASTER_FIELD_MAPPING
P022,10.1007/s10853-019-04064-9,P022_SERIES01,P022_MAT_C4,P022_MC_C4_ASCAST_RT,P022_OBS_C4_ASCAST_RT,P022_OBS_C4_ASCAST_RT,Label_confidence,HIGH_FOR_NA_DECISION,as reported,CONDITION_OR_STAGE_TARGET_EVIDENCE,Methods p.2; Figs.1-4 pp.2-5,Condition-level evidence grading from verified workbook,HIGH_FOR_NA_DECISION,VERIFIED,EXPERIMENTAL,https://doi.org/10.1007/s10853-019-04064-9,TARGET_OR_TARGET_EVIDENCE_NOT_PREDICTOR,MASTER_FIELD_MAPPING
P022,10.1007/s10853-019-04064-9,P022_SERIES01,P022_MAT_C4,P022_MC_C4_ASCAST_RT,P022_OBS_C4_ASCAST_RT,P022_OBS_C4_ASCAST_RT,Notes,Keep TRIP/TWIP NA.,as reported,VERIFIED_MASTER_FIELD_MAPPING,Methods p.2; Figs.1-4 pp.2-5,Verified workbook-to-master mapping,HIGH_FOR_NA_DECISION,VERIFIED,EXPERIMENTAL,https://doi.org/10.1007/s10853-019-04064-9,AUDIT_SCOPE_DEPENDENT,MASTER_FIELD_MAPPING
P022,10.1007/s10853-019-04064-9,P022_SERIES01,P022_MAT_C4,P022_MC_C4_ASCAST_RT,P022_OBS_C4_ASCAST_RT,P022_OBS_C4_ASCAST_RT,Parent_Experiment_ID,P022_MC_C4_ASCAST_RT,as reported,HIERARCHY_INTEGRATION,"Verified material-parent, condition, and stage sheets",Source-defined hierarchy with correlated stage-child control,HIGH_FOR_NA_DECISION,VERIFIED,EXPERIMENTAL,https://doi.org/10.1007/s10853-019-04064-9,AUDIT_SCOPE_DEPENDENT,MASTER_FIELD_MAPPING
P022,10.1007/s10853-019-04064-9,P022_SERIES01,P022_MAT_C4,P022_MC_C4_ASCAST_RT,P022_OBS_C4_ASCAST_RT,P022_OBS_C4_ASCAST_RT,ML_Condition_ID,P022_MC_C4_ASCAST_RT,as reported,HIERARCHY_INTEGRATION,"Verified material-parent, condition, and stage sheets",Source-defined hierarchy with correlated stage-child control,HIGH_FOR_NA_DECISION,VERIFIED,EXPERIMENTAL,https://doi.org/10.1007/s10853-019-04064-9,AUDIT_SCOPE_DEPENDENT,MASTER_FIELD_MAPPING
P022,10.1007/s10853-019-04064-9,P022_SERIES01,P022_MAT_C4,P022_MC_C4_ASCAST_RT,P022_OBS_C4_ASCAST_RT,P022_OBS_C4_ASCAST_RT,Observation_ID,P022_OBS_C4_ASCAST_RT,as reported,HIERARCHY_INTEGRATION,"Verified material-parent, condition, and stage sheets",Source-defined hierarchy with correlated stage-child control,HIGH_FOR_NA_DECISION,VERIFIED,EXPERIMENTAL,https://doi.org/10.1007/s10853-019-04064-9,AUDIT_SCOPE_DEPENDENT,MASTER_FIELD_MAPPING
P022,10.1007/s10853-019-04064-9,P022_SERIES01,P022_MAT_C4,P022_MC_C4_ASCAST_RT,P022_OBS_C4_ASCAST_RT,P022_OBS_C4_ASCAST_RT,Data_Origin,EXPERIMENTAL,as reported,SOURCE_IDENTITY,Verified article identity / whole paper,Verified PDF and bibliographic DOI identity,HIGH_FOR_NA_DECISION,VERIFIED,EXPERIMENTAL,https://doi.org/10.1007/s10853-019-04064-9,AUDIT_SCOPE_DEPENDENT,MASTER_FIELD_MAPPING
P022,10.1007/s10853-019-04064-9,P022_SERIES01,P022_MAT_C4,P022_MC_C4_ASCAST_RT,P022_OBS_C4_ASCAST_RT,P022_OBS_C4_ASCAST_RT,Observation_Role,INDEPENDENT_CONDITION,as reported,HIERARCHY_INTEGRATION,"Verified material-parent, condition, and stage sheets",Source-defined hierarchy with correlated stage-child control,HIGH_FOR_NA_DECISION,VERIFIED,EXPERIMENTAL,https://doi.org/10.1007/s10853-019-04064-9,AUDIT_SCOPE_DEPENDENT,MASTER_FIELD_MAPPING
P022,10.1007/s10853-019-04064-9,P022_SERIES01,P022_MAT_C4,P022_MC_C4_ASCAST_RT,P022_OBS_C4_ASCAST_RT,P022_OBS_C4_ASCAST_RT,Grouping_Review_Required,False,as reported,HIERARCHY_INTEGRATION,"Verified material-parent, condition, and stage sheets",Source-defined hierarchy with correlated stage-child control,HIGH_FOR_NA_DECISION,VERIFIED,EXPERIMENTAL,https://doi.org/10.1007/s10853-019-04064-9,AUDIT_SCOPE_DEPENDENT,MASTER_FIELD_MAPPING
P022,10.1007/s10853-019-04064-9,P022_SERIES01,P022_MAT_C4,P022_MC_C4_ASCAST_RT,P022_OBS_C4_ASCAST_RT,P022_OBS_C4_ASCAST_RT,Grouping_Confidence,HIGH,as reported,HIERARCHY_INTEGRATION,"Verified material-parent, condition, and stage sheets",Source-defined hierarchy with correlated stage-child control,HIGH_FOR_NA_DECISION,VERIFIED,EXPERIMENTAL,https://doi.org/10.1007/s10853-019-04064-9,AUDIT_SCOPE_DEPENDENT,MASTER_FIELD_MAPPING
P022,10.1007/s10853-019-04064-9,P022_SERIES01,P022_MAT_C4,P022_MC_C4_ASCAST_RT,P022_OBS_C4_ASCAST_RT,P022_OBS_C4_ASCAST_RT,Grouping_Reason,Source-defined separately fabricated chemistry variant; one primary room-temperature tensile condition,as reported,HIERARCHY_INTEGRATION,"Verified material-parent, condition, and stage sheets",Source-defined hierarchy with correlated stage-child control,HIGH_FOR_NA_DECISION,VERIFIED,EXPERIMENTAL,https://doi.org/10.1007/s10853-019-04064-9,AUDIT_SCOPE_DEPENDENT,MASTER_FIELD_MAPPING
P022,10.1007/s10853-019-04064-9,P022_SERIES01,P022_MAT_C4,P022_MC_C4_ASCAST_RT,P022_OBS_C4_ASCAST_RT,P022_OBS_C4_ASCAST_RT,Recovered_Initial_FCC_fraction,UNRESOLVED_NA,fraction,DIRECT_XRD_OM_SEM_OR_VERIFIED_NA,Figs.1-2 pp.2-3,XRD plus OM/SEM with phase-scope safeguards,HIGH_FOR_NA_DECISION,VERIFIED_NA_EXACT_NUMERIC_FCC_FRACTION_NOT_REPORTED,EXPERIMENTAL,https://doi.org/10.1007/s10853-019-04064-9,AUDIT_SCOPE_DEPENDENT,MASTER_FIELD_MAPPING
P022,10.1007/s10853-019-04064-9,P022_SERIES01,P022_MAT_C4,P022_MC_C4_ASCAST_RT,P022_OBS_C4_ASCAST_RT,P022_OBS_C4_ASCAST_RT,Recovered_Initial_HCP_fraction,0,fraction,DIRECT_XRD_OM_SEM_OR_VERIFIED_NA,Figs.1-2 pp.2-3,XRD plus OM/SEM with phase-scope safeguards,HIGH_FOR_NA_DECISION,VERIFIED,EXPERIMENTAL,https://doi.org/10.1007/s10853-019-04064-9,AUDIT_SCOPE_DEPENDENT,MASTER_FIELD_MAPPING
P022,10.1007/s10853-019-04064-9,P022_SERIES01,P022_MAT_C4,P022_MC_C4_ASCAST_RT,P022_OBS_C4_ASCAST_RT,P022_OBS_C4_ASCAST_RT,Effective_TRIP,UNRESOLVED_NA,binary,CONDITION_OR_STAGE_TARGET_EVIDENCE,Methods p.2; Figs.1-4 pp.2-5,Condition-level evidence grading from verified workbook,HIGH_FOR_NA_DECISION,VERIFIED_NA_INSUFFICIENT_CONDITION_LEVEL_EVIDENCE,EXPERIMENTAL,https://doi.org/10.1007/s10853-019-04064-9,TARGET_OR_TARGET_EVIDENCE_NOT_PREDICTOR,MASTER_FIELD_MAPPING
P022,10.1007/s10853-019-04064-9,P022_SERIES01,P022_MAT_C4,P022_MC_C4_ASCAST_RT,P022_OBS_C4_ASCAST_RT,P022_OBS_C4_ASCAST_RT,Effective_TWIP,UNRESOLVED_NA,binary,CONDITION_OR_STAGE_TARGET_EVIDENCE,Methods p.2; Figs.1-4 pp.2-5,Condition-level evidence grading from verified workbook,HIGH_FOR_NA_DECISION,VERIFIED_NA_INSUFFICIENT_CONDITION_LEVEL_EVIDENCE,EXPERIMENTAL,https://doi.org/10.1007/s10853-019-04064-9,TARGET_OR_TARGET_EVIDENCE_NOT_PREDICTOR,MASTER_FIELD_MAPPING
P022,10.1007/s10853-019-04064-9,P022_SERIES01,P022_MAT_C4,P022_MC_C4_ASCAST_RT,P022_OBS_C4_ASCAST_RT,P022_OBS_C4_ASCAST_RT,Study_Series_ID,P022_SERIES01,as reported,HIERARCHY_INTEGRATION,"Verified material-parent, condition, and stage sheets",Source-defined hierarchy with correlated stage-child control,HIGH_FOR_NA_DECISION,VERIFIED,EXPERIMENTAL,https://doi.org/10.1007/s10853-019-04064-9,AUDIT_SCOPE_DEPENDENT,MASTER_FIELD_MAPPING
P022,10.1007/s10853-019-04064-9,P022_SERIES01,P022_MAT_C4,P022_MC_C4_ASCAST_RT,P022_OBS_C4_ASCAST_RT,P022_OBS_C4_ASCAST_RT,Material_Parent_ID,P022_MAT_C4,as reported,HIERARCHY_INTEGRATION,"Verified material-parent, condition, and stage sheets",Source-defined hierarchy with correlated stage-child control,HIGH_FOR_NA_DECISION,VERIFIED,EXPERIMENTAL,https://doi.org/10.1007/s10853-019-04064-9,AUDIT_SCOPE_DEPENDENT,MASTER_FIELD_MAPPING
P022,10.1007/s10853-019-04064-9,P022_SERIES01,P022_MAT_C4,P022_MC_C4_ASCAST_RT,P022_OBS_C4_ASCAST_RT,P022_OBS_C4_ASCAST_RT,Physical_Batch_ID,UNRESOLVED_NA,as reported,HIERARCHY_INTEGRATION,"Verified material-parent, condition, and stage sheets",Source-defined hierarchy with correlated stage-child control,HIGH_FOR_NA_DECISION,VERIFIED_NA_NOT_SOURCE_SUPPORTED_NO_PSEUDOREPLICATION,EXPERIMENTAL,https://doi.org/10.1007/s10853-019-04064-9,AUDIT_SCOPE_DEPENDENT,MASTER_FIELD_MAPPING
P022,10.1007/s10853-019-04064-9,P022_SERIES01,P022_MAT_C4,P022_MC_C4_ASCAST_RT,P022_OBS_C4_ASCAST_RT,P022_OBS_C4_ASCAST_RT,Replicate_ID,UNRESOLVED_NA,as reported,HIERARCHY_INTEGRATION,"Verified material-parent, condition, and stage sheets",Source-defined hierarchy with correlated stage-child control,HIGH_FOR_NA_DECISION,VERIFIED_NA_NOT_SOURCE_SUPPORTED_NO_PSEUDOREPLICATION,EXPERIMENTAL,https://doi.org/10.1007/s10853-019-04064-9,AUDIT_SCOPE_DEPENDENT,MASTER_FIELD_MAPPING
P022,10.1007/s10853-019-04064-9,P022_SERIES01,P022_MAT_C4,P022_MC_C4_ASCAST_RT,P022_OBS_C4_ASCAST_RT,P022_OBS_C4_ASCAST_RT,Leakage_Group_Strict,P022_SERIES01,as reported,HIERARCHY_INTEGRATION,"Verified material-parent, condition, and stage sheets",Source-defined hierarchy with correlated stage-child control,HIGH_FOR_NA_DECISION,VERIFIED,EXPERIMENTAL,https://doi.org/10.1007/s10853-019-04064-9,AUDIT_SCOPE_DEPENDENT,MASTER_FIELD_MAPPING
P022,10.1007/s10853-019-04064-9,P022_SERIES01,P022_MAT_C4,P022_MC_C4_ASCAST_RT,P022_OBS_C4_ASCAST_RT,P022_OBS_C4_ASCAST_RT,Leakage_Group_Material,P022_MAT_C4,as reported,HIERARCHY_INTEGRATION,"Verified material-parent, condition, and stage sheets",Source-defined hierarchy with correlated stage-child control,HIGH_FOR_NA_DECISION,VERIFIED,EXPERIMENTAL,https://doi.org/10.1007/s10853-019-04064-9,AUDIT_SCOPE_DEPENDENT,MASTER_FIELD_MAPPING
P022,10.1007/s10853-019-04064-9,P022_SERIES01,P022_MAT_C4,P022_MC_C4_ASCAST_RT,P022_OBS_C4_ASCAST_RT,P022_OBS_C4_ASCAST_RT,Parent_ML_Condition_ID,P022_MC_C4_ASCAST_RT,as reported,HIERARCHY_INTEGRATION,"Verified material-parent, condition, and stage sheets",Source-defined hierarchy with correlated stage-child control,HIGH_FOR_NA_DECISION,VERIFIED,EXPERIMENTAL,https://doi.org/10.1007/s10853-019-04064-9,AUDIT_SCOPE_DEPENDENT,MASTER_FIELD_MAPPING
P022,10.1007/s10853-019-04064-9,P022_SERIES01,P022_MAT_C4,P022_MC_C4_ASCAST_RT,P022_OBS_C4_ASCAST_RT,P022_OBS_C4_ASCAST_RT,Replicate_n,UNRESOLVED_NA,as reported,HIERARCHY_INTEGRATION,"Verified material-parent, condition, and stage sheets",Source-defined hierarchy with correlated stage-child control,HIGH_FOR_NA_DECISION,VERIFIED_NA_NOT_SOURCE_SUPPORTED_NO_PSEUDOREPLICATION,EXPERIMENTAL,https://doi.org/10.1007/s10853-019-04064-9,AUDIT_SCOPE_DEPENDENT,MASTER_FIELD_MAPPING
P022,10.1007/s10853-019-04064-9,P022_SERIES01,P022_MAT_C4,P022_MC_C4_ASCAST_RT,P022_OBS_C4_ASCAST_RT,P022_OBS_C4_ASCAST_RT,Recovered_Bulk_Composition_at_pct,UNRESOLVED_NA,as reported,DIRECT_TEXT_OR_VERIFIED_NA,Materials and methods p.2; tensile condition p.3,Source text without chemistry normalization or temperature/rate inference,HIGH_FOR_NA_DECISION,VERIFIED_NA_NO_QUANTITATIVE_POSTMELT_BULK_CHEMISTRY,EXPERIMENTAL,https://doi.org/10.1007/s10853-019-04064-9,AUDIT_SCOPE_DEPENDENT,MASTER_FIELD_MAPPING
P022,10.1007/s10853-019-04064-9,P022_SERIES01,P022_MAT_C4,P022_MC_C4_ASCAST_RT,P022_OBS_C4_ASCAST_RT,P022_OBS_C4_ASCAST_RT,Recovered_Composition_Status,NOMINAL_ORIGINAL_ATOMIC_RATIO_ONLY_NO_QUANTITATIVE_POSTMELT_BULK_CHEMISTRY_REPORTED,as reported,DIRECT_TEXT_OR_VERIFIED_NA,Materials and methods p.2; tensile condition p.3,Source text without chemistry normalization or temperature/rate inference,HIGH_FOR_NA_DECISION,VERIFIED,EXPERIMENTAL,https://doi.org/10.1007/s10853-019-04064-9,AUDIT_SCOPE_DEPENDENT,MASTER_FIELD_MAPPING
P022,10.1007/s10853-019-04064-9,P022_SERIES01,P022_MAT_C4,P022_MC_C4_ASCAST_RT,P022_OBS_C4_ASCAST_RT,P022_OBS_C4_ASCAST_RT,Recovered_Initial_HCP_status,DIRECT_XRD_HCP_FRACTION_ZERO,as reported,DIRECT_XRD_OM_SEM_OR_VERIFIED_NA,Figs.1-2 pp.2-3,XRD plus OM/SEM with phase-scope safeguards,HIGH_FOR_NA_DECISION,VERIFIED,EXPERIMENTAL,https://doi.org/10.1007/s10853-019-04064-9,AUDIT_SCOPE_DEPENDENT,MASTER_FIELD_MAPPING
P022,10.1007/s10853-019-04064-9,P022_SERIES01,P022_MAT_C4,P022_MC_C4_ASCAST_RT,P022_OBS_C4_ASCAST_RT,P022_OBS_C4_ASCAST_RT,Independent_ML_sample,True,as reported,HIERARCHY_INTEGRATION,"Verified material-parent, condition, and stage sheets",Source-defined hierarchy with correlated stage-child control,HIGH_FOR_NA_DECISION,VERIFIED,EXPERIMENTAL,https://doi.org/10.1007/s10853-019-04064-9,AUDIT_SCOPE_DEPENDENT,MASTER_FIELD_MAPPING
P022,10.1007/s10853-019-04064-9,P022_SERIES01,P022_MAT_C4,P022_MC_C4_ASCAST_RT,P022_OBS_C4_ASCAST_RT,P022_OBS_C4_ASCAST_RT,Nominal_Composition_at_pct,UNRESOLVED_NA,as reported,DIRECT_TEXT_OR_VERIFIED_NA,Materials and methods p.2; tensile condition p.3,Source text without chemistry normalization or temperature/rate inference,HIGH_FOR_NA_DECISION,VERIFIED_NA_ATOMIC_RATIO_FORMULA_NOT_NORMALIZED_TO_ATPCT,EXPERIMENTAL,https://doi.org/10.1007/s10853-019-04064-9,AUDIT_SCOPE_DEPENDENT,MASTER_FIELD_MAPPING
P022,10.1007/s10853-019-04064-9,P022_SERIES01,P022_MAT_C4,P022_MC_C4_ASCAST_RT,P022_OBS_C4_ASCAST_RT,P022_OBS_C4_ASCAST_RT,Measured_Composition_Status,NO_QUANTITATIVE_POSTMELT_BULK_CHEMISTRY_REPORTED,as reported,DIRECT_TEXT_OR_VERIFIED_NA,Materials and methods p.2; tensile condition p.3,Source text without chemistry normalization or temperature/rate inference,HIGH_FOR_NA_DECISION,VERIFIED,EXPERIMENTAL,https://doi.org/10.1007/s10853-019-04064-9,AUDIT_SCOPE_DEPENDENT,MASTER_FIELD_MAPPING
P022,10.1007/s10853-019-04064-9,P022_SERIES01,P022_MAT_C4,P022_MC_C4_ASCAST_RT,P022_OBS_C4_ASCAST_RT,P022_OBS_C4_ASCAST_RT,Initial_Phase_State_Qualitative,XRD_SINGLE_FCC_MATRIX,as reported,DIRECT_XRD_OM_SEM_OR_VERIFIED_NA,Figs.1-2 pp.2-3,XRD plus OM/SEM with phase-scope safeguards,HIGH_FOR_NA_DECISION,VERIFIED,EXPERIMENTAL,https://doi.org/10.1007/s10853-019-04064-9,AUDIT_SCOPE_DEPENDENT,MASTER_FIELD_MAPPING
P022,10.1007/s10853-019-04064-9,P022_SERIES01,P022_MAT_C4,P022_MC_C4_ASCAST_RT,P022_OBS_C4_ASCAST_RT,P022_OBS_C4_ASCAST_RT,Initial_Phase_Status,DIRECT_XRD_WITH_MICROSCOPY_CONTEXT,as reported,DIRECT_XRD_OM_SEM_OR_VERIFIED_NA,Figs.1-2 pp.2-3,XRD plus OM/SEM with phase-scope safeguards,HIGH_FOR_NA_DECISION,VERIFIED,EXPERIMENTAL,https://doi.org/10.1007/s10853-019-04064-9,AUDIT_SCOPE_DEPENDENT,MASTER_FIELD_MAPPING
P022,10.1007/s10853-019-04064-9,P022_SERIES01,P022_MAT_C4,P022_MC_C4_ASCAST_RT,P022_OBS_C4_ASCAST_RT,P022_OBS_C4_ASCAST_RT,Processing_State_ID,AS_CAST,as reported,DIRECT_TEXT_OR_VERIFIED_NA,Materials and methods p.2; tensile condition p.3,Source text without chemistry normalization or temperature/rate inference,HIGH_FOR_NA_DECISION,VERIFIED,EXPERIMENTAL,https://doi.org/10.1007/s10853-019-04064-9,AUDIT_SCOPE_DEPENDENT,MASTER_FIELD_MAPPING
P022,10.1007/s10853-019-04064-9,P022_SERIES01,P022_MAT_C4,P022_MC_C4_ASCAST_RT,P022_OBS_C4_ASCAST_RT,P022_OBS_C4_ASCAST_RT,Measured_Composition_at_pct,UNRESOLVED_NA,as reported,DIRECT_TEXT_OR_VERIFIED_NA,Materials and methods p.2; tensile condition p.3,Source text without chemistry normalization or temperature/rate inference,HIGH_FOR_NA_DECISION,VERIFIED_NA_NO_QUANTITATIVE_POSTMELT_BULK_CHEMISTRY,EXPERIMENTAL,https://doi.org/10.1007/s10853-019-04064-9,AUDIT_SCOPE_DEPENDENT,MASTER_FIELD_MAPPING
P022,10.1007/s10853-019-04064-9,P022_SERIES01,P022_MAT_C4,P022_MC_C4_ASCAST_RT,P022_OBS_C4_ASCAST_RT,P022_OBS_C4_ASCAST_RT,Test_T_Raw,room temperature,as reported,DIRECT_TEXT_OR_VERIFIED_NA,Materials and methods p.2; tensile condition p.3,Source text without chemistry normalization or temperature/rate inference,HIGH_FOR_NA_DECISION,VERIFIED,EXPERIMENTAL,https://doi.org/10.1007/s10853-019-04064-9,AUDIT_SCOPE_DEPENDENT,MASTER_FIELD_MAPPING
P022,10.1007/s10853-019-04064-9,P022_SERIES01,P022_MAT_C4,P022_MC_C4_ASCAST_RT,P022_OBS_C4_ASCAST_RT,P022_OBS_C4_ASCAST_RT,Composition_Status,NOMINAL_ORIGINAL_ATOMIC_RATIO_ONLY_NO_QUANTITATIVE_POSTMELT_BULK_CHEMISTRY_REPORTED,as reported,DIRECT_TEXT_OR_VERIFIED_NA,Materials and methods p.2; tensile condition p.3,Source text without chemistry normalization or temperature/rate inference,HIGH_FOR_NA_DECISION,VERIFIED,EXPERIMENTAL,https://doi.org/10.1007/s10853-019-04064-9,AUDIT_SCOPE_DEPENDENT,MASTER_FIELD_MAPPING
P022,10.1007/s10853-019-04064-9,P022_SERIES01,P022_MAT_C4,P022_MC_C4_ASCAST_RT,P022_OBS_C4_ASCAST_RT,P022_OBS_C4_ASCAST_RT,Initial_HCP_Status,DIRECT_XRD_SINGLE_FCC_HCP_ABSENT,as reported,DIRECT_XRD_OM_SEM_OR_VERIFIED_NA,Figs.1-2 pp.2-3,XRD plus OM/SEM with phase-scope safeguards,HIGH_FOR_NA_DECISION,VERIFIED,EXPERIMENTAL,https://doi.org/10.1007/s10853-019-04064-9,AUDIT_SCOPE_DEPENDENT,MASTER_FIELD_MAPPING
P022,10.1007/s10853-019-04064-9,P022_SERIES01,P022_MAT_C4,P022_MC_C4_ASCAST_RT,P022_OBS_C4_ASCAST_RT,P022_OBS_C4_ASCAST_RT,Initial_HCP_Origin,NOT_PRESENT_BY_XRD,as reported,DIRECT_XRD_OM_SEM_OR_VERIFIED_NA,Figs.1-2 pp.2-3,XRD plus OM/SEM with phase-scope safeguards,HIGH_FOR_NA_DECISION,VERIFIED,EXPERIMENTAL,https://doi.org/10.1007/s10853-019-04064-9,AUDIT_SCOPE_DEPENDENT,MASTER_FIELD_MAPPING
P022,10.1007/s10853-019-04064-9,P022_SERIES01,P022_MAT_C4,P022_MC_C4_ASCAST_RT,P022_OBS_C4_ASCAST_RT,P022_OBS_C4_ASCAST_RT,Test_T_Status,SOURCE_TEXT_ROOM_TEMPERATURE_EXACT_NUMERIC_K_NOT_REPORTED,as reported,DIRECT_TEXT_OR_VERIFIED_NA,Materials and methods p.2; tensile condition p.3,Source text without chemistry normalization or temperature/rate inference,HIGH_FOR_NA_DECISION,VERIFIED,EXPERIMENTAL,https://doi.org/10.1007/s10853-019-04064-9,AUDIT_SCOPE_DEPENDENT,MASTER_FIELD_MAPPING
P022,10.1007/s10853-019-04064-9,P022_SERIES01,P022_MAT_C4,P022_MC_C4_ASCAST_RT,P022_OBS_C4_ASCAST_RT,P022_OBS_C4_ASCAST_RT,Raw_Material_Purity,>99.9 wt.%,as reported,DIRECT_TEXT_OR_VERIFIED_NA,Materials and methods p.2; tensile condition p.3,Source text without chemistry normalization or temperature/rate inference,HIGH_FOR_NA_DECISION,VERIFIED,EXPERIMENTAL,https://doi.org/10.1007/s10853-019-04064-9,AUDIT_SCOPE_DEPENDENT,MASTER_FIELD_MAPPING
P022,10.1007/s10853-019-04064-9,P022_SERIES01,P022_MAT_C4,P022_MC_C4_ASCAST_RT,P022_OBS_C4_ASCAST_RT,P022_OBS_C4_ASCAST_RT,Grain_Size_Status,NOT_NUMERICALLY_REPORTED,as reported,DIRECT_XRD_OM_SEM_OR_VERIFIED_NA,Figs.1-2 pp.2-3,XRD plus OM/SEM with phase-scope safeguards,HIGH_FOR_NA_DECISION,VERIFIED,EXPERIMENTAL,https://doi.org/10.1007/s10853-019-04064-9,AUDIT_SCOPE_DEPENDENT,MASTER_FIELD_MAPPING
P022,10.1007/s10853-019-04064-9,P022_SERIES01,P022_MAT_C4,P022_MC_C4_ASCAST_RT,P022_OBS_C4_ASCAST_RT,P022_OBS_C4_ASCAST_RT,Engineering_YS_MPa,UNRESOLVED_NA,MPa,DIRECT_APPROX_TEXT_OR_VERIFIED_NA,Methods p.2; Figs.1-4 pp.2-5,Engineering tensile response; Figure 3 not digitized,HIGH_FOR_NA_DECISION,VERIFIED_NA_NOT_EXPLICIT_DIRECT_TEXT_NO_FIGURE_DIGITIZATION,EXPERIMENTAL,https://doi.org/10.1007/s10853-019-04064-9,MECHANICAL_OUTCOME_LEAKAGE,MASTER_FIELD_MAPPING
P022,10.1007/s10853-019-04064-9,P022_SERIES01,P022_MAT_C4,P022_MC_C4_ASCAST_RT,P022_OBS_C4_ASCAST_RT,P022_OBS_C4_ASCAST_RT,Engineering_UTS_MPa,UNRESOLVED_NA,MPa,DIRECT_APPROX_TEXT_OR_VERIFIED_NA,Methods p.2; Figs.1-4 pp.2-5,Engineering tensile response; Figure 3 not digitized,HIGH_FOR_NA_DECISION,VERIFIED_NA_NOT_EXPLICIT_DIRECT_TEXT_NO_FIGURE_DIGITIZATION,EXPERIMENTAL,https://doi.org/10.1007/s10853-019-04064-9,MECHANICAL_OUTCOME_LEAKAGE,MASTER_FIELD_MAPPING
P022,10.1007/s10853-019-04064-9,P022_SERIES01,P022_MAT_C4,P022_MC_C4_ASCAST_RT,P022_OBS_C4_ASCAST_RT,P022_OBS_C4_ASCAST_RT,Engineering_Elongation_pct,UNRESOLVED_NA,%,DIRECT_APPROX_TEXT_OR_VERIFIED_NA,Methods p.2; Figs.1-4 pp.2-5,Engineering tensile response; Figure 3 not digitized,HIGH_FOR_NA_DECISION,VERIFIED_NA_NOT_EXPLICIT_DIRECT_TEXT_NO_FIGURE_DIGITIZATION,EXPERIMENTAL,https://doi.org/10.1007/s10853-019-04064-9,MECHANICAL_OUTCOME_LEAKAGE,MASTER_FIELD_MAPPING
P022,10.1007/s10853-019-04064-9,P022_SERIES01,P022_MAT_C4,P022_MC_C4_ASCAST_RT,P022_OBS_C4_ASCAST_RT,P022_OBS_C4_ASCAST_RT,SFE_Value_Status,NOT_REPORTED_CURRENT_ALLOY_NUMERIC,as reported,QUALITATIVE_DIRECTION_OR_VERIFIED_GAP,Introduction/results and whole-paper review,No current-alloy numeric SFE or DeltaG; no cross-paper transfer,HIGH_FOR_NA_DECISION,VERIFIED,EXPERIMENTAL,https://doi.org/10.1007/s10853-019-04064-9,NOT_SAFE_AS_DIRECT_NUMERIC_SFE_OR_DELTAG,MASTER_FIELD_MAPPING
P022,10.1007/s10853-019-04064-9,P022_SERIES01,P022_MAT_C4,P022_MC_C4_ASCAST_RT,P022_OBS_C4_ASCAST_RT,P022_OBS_C4_ASCAST_RT,SFE_Data_Origin,CURRENT_PAPER_GAP,as reported,QUALITATIVE_DIRECTION_OR_VERIFIED_GAP,Introduction/results and whole-paper review,No current-alloy numeric SFE or DeltaG; no cross-paper transfer,HIGH_FOR_NA_DECISION,VERIFIED,EXPERIMENTAL,https://doi.org/10.1007/s10853-019-04064-9,NOT_SAFE_AS_DIRECT_NUMERIC_SFE_OR_DELTAG,MASTER_FIELD_MAPPING
P022,10.1007/s10853-019-04064-9,P022_SERIES01,P022_MAT_C4,P022_MC_C4_ASCAST_RT,P022_OBS_C4_ASCAST_RT,P022_OBS_C4_ASCAST_RT,Independent_Experimental_ML_sample,True,as reported,HIERARCHY_INTEGRATION,"Verified material-parent, condition, and stage sheets",Source-defined hierarchy with correlated stage-child control,HIGH_FOR_NA_DECISION,VERIFIED,EXPERIMENTAL,https://doi.org/10.1007/s10853-019-04064-9,AUDIT_SCOPE_DEPENDENT,MASTER_FIELD_MAPPING
P022,10.1007/s10853-019-04064-9,P022_SERIES01,P022_MAT_C4,P022_MC_C4_ASCAST_RT,P022_OBS_C4_ASCAST_RT,P022_OBS_C4_ASCAST_RT,Experimental_Target_Eligibility,True,as reported,HIERARCHY_INTEGRATION,"Verified material-parent, condition, and stage sheets",Source-defined hierarchy with correlated stage-child control,HIGH_FOR_NA_DECISION,VERIFIED,EXPERIMENTAL,https://doi.org/10.1007/s10853-019-04064-9,AUDIT_SCOPE_DEPENDENT,MASTER_FIELD_MAPPING
P022,10.1007/s10853-019-04064-9,P022_SERIES01,P022_MAT_C4,P022_MC_C4_ASCAST_RT,P022_OBS_C4_ASCAST_RT,P022_OBS_C4_ASCAST_RT,Measured_Bulk_Composition,UNRESOLVED_NA,as reported,DIRECT_TEXT_OR_VERIFIED_NA,Materials and methods p.2; tensile condition p.3,Source text without chemistry normalization or temperature/rate inference,HIGH_FOR_NA_DECISION,VERIFIED_NA_NO_QUANTITATIVE_POSTMELT_BULK_CHEMISTRY,EXPERIMENTAL,https://doi.org/10.1007/s10853-019-04064-9,AUDIT_SCOPE_DEPENDENT,MASTER_FIELD_MAPPING
P022,10.1007/s10853-019-04064-9,P022_SERIES01,P022_MAT_C4,P022_MC_C4_ASCAST_RT,P022_OBS_C4_ASCAST_RT,P022_OBS_C4_ASCAST_RT,Loading_Mode,Uniaxial tension,as reported,DIRECT_TEXT_OR_VERIFIED_NA,Materials and methods p.2; tensile condition p.3,Source text without chemistry normalization or temperature/rate inference,HIGH_FOR_NA_DECISION,VERIFIED,EXPERIMENTAL,https://doi.org/10.1007/s10853-019-04064-9,AUDIT_SCOPE_DEPENDENT,MASTER_FIELD_MAPPING
P022,10.1007/s10853-019-04064-9,P022_SERIES01,P022_MAT_C4,P022_MC_C4_ASCAST_RT,P022_OBS_C4_ASCAST_RT,P022_OBS_C4_ASCAST_RT,Initial_Phase,XRD_SINGLE_FCC_MATRIX,as reported,DIRECT_XRD_OM_SEM_OR_VERIFIED_NA,Figs.1-2 pp.2-3,XRD plus OM/SEM with phase-scope safeguards,HIGH_FOR_NA_DECISION,VERIFIED,EXPERIMENTAL,https://doi.org/10.1007/s10853-019-04064-9,AUDIT_SCOPE_DEPENDENT,MASTER_FIELD_MAPPING
P022,10.1007/s10853-019-04064-9,P022_SERIES01,P022_MAT_C4,P022_MC_C4_ASCAST_RT,P022_OBS_C4_ASCAST_RT,P022_OBS_C4_ASCAST_RT,Mechanical_Value_Status,FIGURE_ONLY_NOT_DIGITIZED,as reported,DIRECT_APPROX_TEXT_OR_VERIFIED_NA,Methods p.2; Figs.1-4 pp.2-5,Engineering tensile response; Figure 3 not digitized,HIGH_FOR_NA_DECISION,VERIFIED,EXPERIMENTAL,https://doi.org/10.1007/s10853-019-04064-9,MECHANICAL_OUTCOME_LEAKAGE,MASTER_FIELD_MAPPING
P022,10.1007/s10853-019-04064-9,P022_SERIES01,P022_MAT_C4,P022_MC_C4_ASCAST_RT,P022_OBS_C4_ASCAST_RT,P022_OBS_C4_ASCAST_RT,Mechanical_Predictor_Eligibility,MECHANICAL_OUTCOME_LEAKAGE,as reported,DIRECT_APPROX_TEXT_OR_VERIFIED_NA,Methods p.2; Figs.1-4 pp.2-5,Engineering tensile response; Figure 3 not digitized,HIGH_FOR_NA_DECISION,VERIFIED,EXPERIMENTAL,https://doi.org/10.1007/s10853-019-04064-9,MECHANICAL_OUTCOME_LEAKAGE,MASTER_FIELD_MAPPING
P022,10.1007/s10853-019-04064-9,P022_SERIES01,P022_MAT_C4,P022_MC_C4_ASCAST_RT,P022_OBS_C4_ASCAST_RT,P022_OBS_C4_ASCAST_RT,TRIP_Evidence_Type,NO_CONDITION_SPECIFIC_POST_TEST_PHASE_CHARACTERIZATION,as reported,CONDITION_OR_STAGE_TARGET_EVIDENCE,Methods p.2; Figs.1-4 pp.2-5,Condition-level evidence grading from verified workbook,HIGH_FOR_NA_DECISION,VERIFIED,EXPERIMENTAL,https://doi.org/10.1007/s10853-019-04064-9,TARGET_OR_TARGET_EVIDENCE_NOT_PREDICTOR,MASTER_FIELD_MAPPING
P022,10.1007/s10853-019-04064-9,P022_SERIES01,P022_MAT_C4,P022_MC_C4_ASCAST_RT,P022_OBS_C4_ASCAST_RT,P022_OBS_C4_ASCAST_RT,TWIP_Evidence_Type,NO_CONDITION_SPECIFIC_POST_TEST_TWIN_CHARACTERIZATION,as reported,CONDITION_OR_STAGE_TARGET_EVIDENCE,Methods p.2; Figs.1-4 pp.2-5,Condition-level evidence grading from verified workbook,HIGH_FOR_NA_DECISION,VERIFIED,EXPERIMENTAL,https://doi.org/10.1007/s10853-019-04064-9,TARGET_OR_TARGET_EVIDENCE_NOT_PREDICTOR,MASTER_FIELD_MAPPING
P022,10.1007/s10853-019-04064-9,P022_SERIES01,P022_MAT_C4,P022_MC_C4_ASCAST_RT,P022_OBS_C4_ASCAST_RT,P022_OBS_C4_ASCAST_RT,Negative_Evidence_Status,INSUFFICIENT_FOR_ZERO,as reported,CONDITION_OR_STAGE_TARGET_EVIDENCE,Methods p.2; Figs.1-4 pp.2-5,Condition-level evidence grading from verified workbook,HIGH_FOR_NA_DECISION,VERIFIED,EXPERIMENTAL,https://doi.org/10.1007/s10853-019-04064-9,TARGET_OR_TARGET_EVIDENCE_NOT_PREDICTOR,MASTER_FIELD_MAPPING
P022,10.1007/s10853-019-04064-9,P022_SERIES01,P022_MAT_C4,P022_MC_C4_ASCAST_RT,P022_OBS_C4_ASCAST_RT,P022_OBS_C4_ASCAST_RT,Condition_Level_Target_Evidence,C4 has mechanical response and carbide evidence but no condition-specific mechanism characterization sufficient for TRIP/TWIP labels.,as reported,CONDITION_OR_STAGE_TARGET_EVIDENCE,Methods p.2; Figs.1-4 pp.2-5,Condition-level evidence grading from verified workbook,HIGH_FOR_NA_DECISION,VERIFIED,EXPERIMENTAL,https://doi.org/10.1007/s10853-019-04064-9,TARGET_OR_TARGET_EVIDENCE_NOT_PREDICTOR,MASTER_FIELD_MAPPING
P022,10.1007/s10853-019-04064-9,P022_SERIES01,P022_MAT_C4,P022_MC_C4_ASCAST_RT,P022_OBS_C4_ASCAST_RT,P022_OBS_C4_ASCAST_RT,Target_Evidence_Confidence,HIGH_FOR_NA_DECISION,as reported,CONDITION_OR_STAGE_TARGET_EVIDENCE,Methods p.2; Figs.1-4 pp.2-5,Condition-level evidence grading from verified workbook,HIGH_FOR_NA_DECISION,VERIFIED,EXPERIMENTAL,https://doi.org/10.1007/s10853-019-04064-9,TARGET_OR_TARGET_EVIDENCE_NOT_PREDICTOR,MASTER_FIELD_MAPPING
P022,10.1007/s10853-019-04064-9,P022_SERIES01,P022_MAT_C4,P022_MC_C4_ASCAST_RT,P022_OBS_C4_ASCAST_RT,P022_OBS_C4_ASCAST_RT,DeltaG_Value_Status,NOT_REPORTED,as reported,QUALITATIVE_DIRECTION_OR_VERIFIED_GAP,Introduction/results and whole-paper review,No current-alloy numeric SFE or DeltaG; no cross-paper transfer,HIGH_FOR_NA_DECISION,VERIFIED,EXPERIMENTAL,https://doi.org/10.1007/s10853-019-04064-9,NOT_SAFE_AS_DIRECT_NUMERIC_SFE_OR_DELTAG,MASTER_FIELD_MAPPING
P022,10.1007/s10853-019-04064-9,P022_SERIES01,P022_MAT_C4,P022_MC_C4_ASCAST_RT,P022_OBS_C4_ASCAST_RT,P022_OBS_C4_ASCAST_RT,DeltaG_Data_Origin,CURRENT_PAPER_GAP,as reported,QUALITATIVE_DIRECTION_OR_VERIFIED_GAP,Introduction/results and whole-paper review,No current-alloy numeric SFE or DeltaG; no cross-paper transfer,HIGH_FOR_NA_DECISION,VERIFIED,EXPERIMENTAL,https://doi.org/10.1007/s10853-019-04064-9,NOT_SAFE_AS_DIRECT_NUMERIC_SFE_OR_DELTAG,MASTER_FIELD_MAPPING
P022,10.1007/s10853-019-04064-9,P022_SERIES01,P022_MAT_C4,P022_MC_C4_ASCAST_RT,P022_OBS_C4_ASCAST_RT,P022_OBS_C4_ASCAST_RT,Journal,Journal of Materials Science,as reported,SOURCE_IDENTITY,Verified article identity / whole paper,Verified PDF and bibliographic DOI identity,HIGH_FOR_NA_DECISION,VERIFIED,EXPERIMENTAL,https://doi.org/10.1007/s10853-019-04064-9,AUDIT_SCOPE_DEPENDENT,MASTER_FIELD_MAPPING
P022,10.1007/s10853-019-04064-9,P022_SERIES01,P022_MAT_C4,P022_MC_C4_ASCAST_RT,P022_OBS_C4_ASCAST_RT,P022_OBS_C4_ASCAST_RT,Volume,55,as reported,SOURCE_IDENTITY,Verified article identity / whole paper,Verified PDF and bibliographic DOI identity,HIGH_FOR_NA_DECISION,VERIFIED,EXPERIMENTAL,https://doi.org/10.1007/s10853-019-04064-9,AUDIT_SCOPE_DEPENDENT,MASTER_FIELD_MAPPING
P022,10.1007/s10853-019-04064-9,P022_SERIES01,P022_MAT_C4,P022_MC_C4_ASCAST_RT,P022_OBS_C4_ASCAST_RT,P022_OBS_C4_ASCAST_RT,Issue,5,as reported,SOURCE_IDENTITY,Verified article identity / whole paper,Verified PDF and bibliographic DOI identity,HIGH_FOR_NA_DECISION,VERIFIED,EXPERIMENTAL,https://doi.org/10.1007/s10853-019-04064-9,AUDIT_SCOPE_DEPENDENT,MASTER_FIELD_MAPPING
P022,10.1007/s10853-019-04064-9,P022_SERIES01,P022_MAT_C4,P022_MC_C4_ASCAST_RT,P022_OBS_C4_ASCAST_RT,P022_OBS_C4_ASCAST_RT,Pages,2239-2244,as reported,SOURCE_IDENTITY,Verified article identity / whole paper,Verified PDF and bibliographic DOI identity,HIGH_FOR_NA_DECISION,VERIFIED,EXPERIMENTAL,https://doi.org/10.1007/s10853-019-04064-9,AUDIT_SCOPE_DEPENDENT,MASTER_FIELD_MAPPING
P022,10.1007/s10853-019-04064-9,P022_SERIES01,P022_MAT_C4,P022_MC_C4_ASCAST_RT,P022_OBS_C4_ASCAST_RT,P022_OBS_C4_ASCAST_RT,Publication_Year,2020,as reported,SOURCE_IDENTITY,Verified article identity / whole paper,Verified PDF and bibliographic DOI identity,HIGH_FOR_NA_DECISION,VERIFIED,EXPERIMENTAL,https://doi.org/10.1007/s10853-019-04064-9,AUDIT_SCOPE_DEPENDENT,MASTER_FIELD_MAPPING
P022,10.1007/s10853-019-04064-9,P022_SERIES01,P022_MAT_C4,P022_MC_C4_ASCAST_RT,P022_OBS_C4_ASCAST_RT,P022_OBS_C4_ASCAST_RT,Source_URL,https://doi.org/10.1007/s10853-019-04064-9,as reported,SOURCE_IDENTITY,Verified article identity / whole paper,Verified PDF and bibliographic DOI identity,HIGH_FOR_NA_DECISION,VERIFIED,EXPERIMENTAL,https://doi.org/10.1007/s10853-019-04064-9,AUDIT_SCOPE_DEPENDENT,MASTER_FIELD_MAPPING
P022,10.1007/s10853-019-04064-9,P022_SERIES01,P022_MAT_C4,P022_MC_C4_ASCAST_RT,P022_OBS_C4_ASCAST_RT,P022_OBS_C4_ASCAST_RT,Melting_Route,Arc melting under Ti-gettered high-purity Ar in water-cooled Cu crucible,as reported,DIRECT_TEXT_OR_VERIFIED_NA,Materials and methods p.2; tensile condition p.3,Source text without chemistry normalization or temperature/rate inference,HIGH_FOR_NA_DECISION,VERIFIED,EXPERIMENTAL,https://doi.org/10.1007/s10853-019-04064-9,AUDIT_SCOPE_DEPENDENT,MASTER_FIELD_MAPPING
P022,10.1007/s10853-019-04064-9,P022_SERIES01,P022_MAT_C4,P022_MC_C4_ASCAST_RT,P022_OBS_C4_ASCAST_RT,P022_OBS_C4_ASCAST_RT,Casting_Route,WATER_COOLED_CU_CRUCIBLE,as reported,DIRECT_TEXT_OR_VERIFIED_NA,Materials and methods p.2; tensile condition p.3,Source text without chemistry normalization or temperature/rate inference,HIGH_FOR_NA_DECISION,VERIFIED,EXPERIMENTAL,https://doi.org/10.1007/s10853-019-04064-9,AUDIT_SCOPE_DEPENDENT,MASTER_FIELD_MAPPING
P022,10.1007/s10853-019-04064-9,P022_SERIES01,P022_MAT_C4,P022_MC_C4_ASCAST_RT,P022_OBS_C4_ASCAST_RT,P022_OBS_C4_ASCAST_RT,Test_Metadata_Status,ROOM_TEMPERATURE_RAW_ONLY_EXACT_K_AND_TENSILE_STRAIN_RATE_NOT_REPORTED,as reported,DIRECT_TEXT_OR_VERIFIED_NA,Materials and methods p.2; tensile condition p.3,Source text without chemistry normalization or temperature/rate inference,HIGH_FOR_NA_DECISION,VERIFIED,EXPERIMENTAL,https://doi.org/10.1007/s10853-019-04064-9,AUDIT_SCOPE_DEPENDENT,MASTER_FIELD_MAPPING
P022,10.1007/s10853-019-04064-9,P022_SERIES01,P022_MAT_C4,P022_MC_C4_ASCAST_RT,P022_OBS_C4_ASCAST_RT,P022_OBS_C4_ASCAST_RT,Initial_TRIP_Target_Guardrail,PRE_EXISTING_AS_CAST_HCP_DOES_NOT_GENERATE_DEFORMATION_INDUCED_TRIP,as reported,DIRECT_XRD_OM_SEM_OR_VERIFIED_NA,Figs.1-2 pp.2-3,XRD plus OM/SEM with phase-scope safeguards,HIGH_FOR_NA_DECISION,VERIFIED,EXPERIMENTAL,https://doi.org/10.1007/s10853-019-04064-9,AUDIT_SCOPE_DEPENDENT,MASTER_FIELD_MAPPING
P022,10.1007/s10853-019-04064-9,P022_SERIES01,P022_MAT_C4,P022_MC_C4_ASCAST_RT,P022_OBS_C4_ASCAST_RT,P022_OBS_C4_ASCAST_RT,Strain_Basis_Status,FIGURE_ONLY_NOT_DIGITIZED,as reported,DIRECT_APPROX_TEXT_OR_VERIFIED_NA,Methods p.2; Figs.1-4 pp.2-5,Engineering tensile response; Figure 3 not digitized,HIGH_FOR_NA_DECISION,VERIFIED,EXPERIMENTAL,https://doi.org/10.1007/s10853-019-04064-9,MECHANICAL_OUTCOME_LEAKAGE,MASTER_FIELD_MAPPING
P022,10.1007/s10853-019-04064-9,P022_SERIES01,P022_MAT_C4,P022_MC_C4_ASCAST_RT,P022_OBS_C4_ASCAST_RT,P022_OBS_C4_ASCAST_RT,Target_Status,TARGETS_UNRESOLVED,as reported,CONDITION_OR_STAGE_TARGET_EVIDENCE,Methods p.2; Figs.1-4 pp.2-5,Condition-level evidence grading from verified workbook,HIGH_FOR_NA_DECISION,VERIFIED,EXPERIMENTAL,https://doi.org/10.1007/s10853-019-04064-9,TARGET_OR_TARGET_EVIDENCE_NOT_PREDICTOR,MASTER_FIELD_MAPPING
P022,10.1007/s10853-019-04064-9,P022_SERIES01,P022_MAT_C4,P022_MC_C4_ASCAST_RT,P022_OBS_C4_ASCAST_RT,P022_OBS_C4_ASCAST_RT,Remelt_Count_Min,5,minimum count,DIRECT_TEXT_OR_VERIFIED_NA,Materials and methods p.2; tensile condition p.3,Source text without chemistry normalization or temperature/rate inference,HIGH_FOR_NA_DECISION,VERIFIED,EXPERIMENTAL,https://doi.org/10.1007/s10853-019-04064-9,AUDIT_SCOPE_DEPENDENT,MASTER_FIELD_MAPPING
P022,10.1007/s10853-019-04064-9,P022_SERIES01,P022_MAT_C4,P022_MC_C4_ASCAST_RT,P022_OBS_C4_ASCAST_RT,P022_OBS_C4_ASCAST_RT,Remelt_Count_Status,AT_LEAST_FIVE,as reported,DIRECT_TEXT_OR_VERIFIED_NA,Materials and methods p.2; tensile condition p.3,Source text without chemistry normalization or temperature/rate inference,HIGH_FOR_NA_DECISION,VERIFIED,EXPERIMENTAL,https://doi.org/10.1007/s10853-019-04064-9,AUDIT_SCOPE_DEPENDENT,MASTER_FIELD_MAPPING
P022,10.1007/s10853-019-04064-9,P022_SERIES01,P022_MAT_C4,P022_MC_C4_ASCAST_RT,P022_OBS_C4_ASCAST_RT,P022_OBS_C4_ASCAST_RT,Test_T_C,UNRESOLVED_NA,C,DIRECT_TEXT_OR_VERIFIED_NA,Materials and methods p.2; tensile condition p.3,Source text without chemistry normalization or temperature/rate inference,HIGH_FOR_NA_DECISION,VERIFIED_NA_ROOM_TEMPERATURE_NOT_NUMERICALLY_REPORTED,EXPERIMENTAL,https://doi.org/10.1007/s10853-019-04064-9,AUDIT_SCOPE_DEPENDENT,MASTER_FIELD_MAPPING
P022,10.1007/s10853-019-04064-9,P022_SERIES01,P022_MAT_C4,P022_MC_C4_ASCAST_RT,P022_OBS_C4_ASCAST_RT,P022_OBS_C4_ASCAST_RT,Initial_Secondary_Phase_Status,CARBIDES_IN_INTERDENDRITIC_REGION_DIRECT_SEM,as reported,DIRECT_XRD_OM_SEM_OR_VERIFIED_NA,Figs.1-2 pp.2-3,XRD plus OM/SEM with phase-scope safeguards,HIGH_FOR_NA_DECISION,VERIFIED,EXPERIMENTAL,https://doi.org/10.1007/s10853-019-04064-9,AUDIT_SCOPE_DEPENDENT,MASTER_FIELD_MAPPING
P022,10.1007/s10853-019-04064-9,P022_SERIES01,P022_MAT_C4,P022_MC_C4_ASCAST_RT,P022_OBS_C4_ASCAST_RT,P022_OBS_C4_ASCAST_RT,SFE_Predictor_Eligibility,NOT_SAFE_AS_DIRECT_NUMERIC_SFE,as reported,QUALITATIVE_DIRECTION_OR_VERIFIED_GAP,Introduction/results and whole-paper review,No current-alloy numeric SFE or DeltaG; no cross-paper transfer,HIGH_FOR_NA_DECISION,VERIFIED,EXPERIMENTAL,https://doi.org/10.1007/s10853-019-04064-9,NOT_SAFE_AS_DIRECT_NUMERIC_SFE_OR_DELTAG,MASTER_FIELD_MAPPING
P022,10.1007/s10853-019-04064-9,P022_SERIES01,P022_MAT_C4,P022_MC_C4_ASCAST_RT,P022_OBS_C4_ASCAST_RT,P022_OBS_C4_ASCAST_RT,P022_Record_Role,RECOVERED_EXACT_PRIMARY_CONDITION,as reported,HIERARCHY_INTEGRATION,"Verified material-parent, condition, and stage sheets",Source-defined hierarchy with correlated stage-child control,HIGH_FOR_NA_DECISION,VERIFIED,EXPERIMENTAL,https://doi.org/10.1007/s10853-019-04064-9,AUDIT_SCOPE_DEPENDENT,MASTER_FIELD_MAPPING
P022,10.1007/s10853-019-04064-9,P022_SERIES01,P022_MAT_C4,P022_MC_C4_ASCAST_RT,P022_OBS_C4_ASCAST_RT,P022_OBS_C4_ASCAST_RT,P022_Target_Status,TARGETS_UNRESOLVED,as reported,CONDITION_OR_STAGE_TARGET_EVIDENCE,Methods p.2; Figs.1-4 pp.2-5,Condition-level evidence grading from verified workbook,HIGH_FOR_NA_DECISION,VERIFIED,EXPERIMENTAL,https://doi.org/10.1007/s10853-019-04064-9,TARGET_OR_TARGET_EVIDENCE_NOT_PREDICTOR,MASTER_FIELD_MAPPING
P022,10.1007/s10853-019-04064-9,P022_SERIES01,P022_MAT_C4,P022_MC_C4_ASCAST_RT,P022_OBS_C4_ASCAST_RT,P022_OBS_C4_ASCAST_RT,P022_Source_Identity_Status,VERIFIED_PDF_AND_EXTERNAL_BIBLIOGRAPHIC_MATCH,as reported,SOURCE_IDENTITY,Verified article identity / whole paper,Verified PDF and bibliographic DOI identity,HIGH_FOR_NA_DECISION,VERIFIED,EXPERIMENTAL,https://doi.org/10.1007/s10853-019-04064-9,AUDIT_SCOPE_DEPENDENT,MASTER_FIELD_MAPPING
P022,10.1007/s10853-019-04064-9,P022_SERIES01,P022_MAT_C4,P022_MC_C4_ASCAST_RT,P022_OBS_C4_ASCAST_RT,P022_OBS_C4_ASCAST_RT,P022_QC_Status,PENDING_GLOBAL_QC_SCHEMA_SPLIT_REFRESH_AFTER_COLLECTION,as reported,HIERARCHY_INTEGRATION,"Verified material-parent, condition, and stage sheets",Source-defined hierarchy with correlated stage-child control,HIGH_FOR_NA_DECISION,VERIFIED,EXPERIMENTAL,https://doi.org/10.1007/s10853-019-04064-9,AUDIT_SCOPE_DEPENDENT,MASTER_FIELD_MAPPING
P022,10.1007/s10853-019-04064-9,P022_SERIES01,P022_MAT_C4,P022_MC_C4_ASCAST_RT,P022_OBS_C4_ASCAST_RT,P022_OBS_C4_ASCAST_RT,Original_Composition_Basis,ATOMIC_RATIO_AS_REPORTED,as reported,DIRECT_TEXT_OR_VERIFIED_NA,Materials and methods p.2; tensile condition p.3,Source text without chemistry normalization or temperature/rate inference,HIGH_FOR_NA_DECISION,VERIFIED,EXPERIMENTAL,https://doi.org/10.1007/s10853-019-04064-9,AUDIT_SCOPE_DEPENDENT,MASTER_FIELD_MAPPING
P022,10.1007/s10853-019-04064-9,P022_SERIES01,P022_MAT_C4,P022_MC_C4_ASCAST_RT,P022_OBS_C4_ASCAST_RT,P022_OBS_C4_ASCAST_RT,Normalized_Composition_at_pct,UNRESOLVED_NA,as reported,DIRECT_TEXT_OR_VERIFIED_NA,Materials and methods p.2; tensile condition p.3,Source text without chemistry normalization or temperature/rate inference,HIGH_FOR_NA_DECISION,VERIFIED_NA_ATOMIC_RATIO_FORMULA_NOT_NORMALIZED_TO_ATPCT,EXPERIMENTAL,https://doi.org/10.1007/s10853-019-04064-9,AUDIT_SCOPE_DEPENDENT,MASTER_FIELD_MAPPING
P022,10.1007/s10853-019-04064-9,P022_SERIES01,P022_MAT_C4,P022_MC_C4_ASCAST_RT,P022_OBS_C4_ASCAST_RT,P022_OBS_C4_ASCAST_RT,Composition_Normalization_Status,NOT_NORMALIZED_RECOVERY_PRESERVES_ATOMIC_RATIO_FORMULA,as reported,DIRECT_TEXT_OR_VERIFIED_NA,Materials and methods p.2; tensile condition p.3,Source text without chemistry normalization or temperature/rate inference,HIGH_FOR_NA_DECISION,VERIFIED,EXPERIMENTAL,https://doi.org/10.1007/s10853-019-04064-9,AUDIT_SCOPE_DEPENDENT,MASTER_FIELD_MAPPING
P022,10.1007/s10853-019-04064-9,P022_SERIES01,P022_MAT_C4,P022_MC_C4_ASCAST_RT,P022_OBS_C4_ASCAST_RT,P022_OBS_C4_ASCAST_RT,Atomic_Ratio_C_Addition_Raw,4.0,atomic-ratio addition,DIRECT_TEXT_OR_VERIFIED_NA,Materials and methods p.2; tensile condition p.3,Source text without chemistry normalization or temperature/rate inference,HIGH_FOR_NA_DECISION,VERIFIED,EXPERIMENTAL,https://doi.org/10.1007/s10853-019-04064-9,AUDIT_SCOPE_DEPENDENT,MASTER_FIELD_MAPPING
P022,10.1007/s10853-019-04064-9,P022_SERIES01,P022_MAT_C4,P022_MC_C4_ASCAST_RT,P022_OBS_C4_ASCAST_RT,P022_OBS_C4_ASCAST_RT,Atomic_Ratio_Mo_Addition_Raw,0.0,atomic-ratio addition,DIRECT_TEXT_OR_VERIFIED_NA,Materials and methods p.2; tensile condition p.3,Source text without chemistry normalization or temperature/rate inference,HIGH_FOR_NA_DECISION,VERIFIED,EXPERIMENTAL,https://doi.org/10.1007/s10853-019-04064-9,AUDIT_SCOPE_DEPENDENT,MASTER_FIELD_MAPPING
P022,10.1007/s10853-019-04064-9,P022_SERIES01,P022_MAT_C4,P022_MC_C4_ASCAST_RT,P022_OBS_C4_ASCAST_RT,P022_OBS_C4_ASCAST_RT,Processing_State,AS_CAST,as reported,DIRECT_TEXT_OR_VERIFIED_NA,Materials and methods p.2; tensile condition p.3,Source text without chemistry normalization or temperature/rate inference,HIGH_FOR_NA_DECISION,VERIFIED,EXPERIMENTAL,https://doi.org/10.1007/s10853-019-04064-9,AUDIT_SCOPE_DEPENDENT,MASTER_FIELD_MAPPING
P022,10.1007/s10853-019-04064-9,P022_SERIES01,P022_MAT_C4,P022_MC_C4_ASCAST_RT,P022_OBS_C4_ASCAST_RT,P022_OBS_C4_ASCAST_RT,Flat_Tensile_Specimen_Dimensions_mm,22 x 2.5 x 1.5,as reported,DIRECT_TEXT_OR_VERIFIED_NA,Materials and methods p.2; tensile condition p.3,Source text without chemistry normalization or temperature/rate inference,HIGH_FOR_NA_DECISION,VERIFIED,EXPERIMENTAL,https://doi.org/10.1007/s10853-019-04064-9,AUDIT_SCOPE_DEPENDENT,MASTER_FIELD_MAPPING
P022,10.1007/s10853-019-04064-9,P022_SERIES01,P022_MAT_C4,P022_MC_C4_ASCAST_RT,P022_OBS_C4_ASCAST_RT,P022_OBS_C4_ASCAST_RT,Strain_Rate_Status,NOT_REPORTED,as reported,DIRECT_TEXT_OR_VERIFIED_NA,Materials and methods p.2; tensile condition p.3,Source text without chemistry normalization or temperature/rate inference,HIGH_FOR_NA_DECISION,VERIFIED,EXPERIMENTAL,https://doi.org/10.1007/s10853-019-04064-9,AUDIT_SCOPE_DEPENDENT,MASTER_FIELD_MAPPING
P022,10.1007/s10853-019-04064-9,P022_SERIES01,P022_MAT_C4,P022_MC_C4_ASCAST_RT,P022_OBS_C4_ASCAST_RT,P022_OBS_C4_ASCAST_RT,Initial_Secondary_Phase,CARBIDES_IN_INTERDENDRITIC_REGION_DIRECT_SEM,as reported,DIRECT_XRD_OM_SEM_OR_VERIFIED_NA,Figs.1-2 pp.2-3,XRD plus OM/SEM with phase-scope safeguards,HIGH_FOR_NA_DECISION,VERIFIED,EXPERIMENTAL,https://doi.org/10.1007/s10853-019-04064-9,AUDIT_SCOPE_DEPENDENT,MASTER_FIELD_MAPPING
P022,10.1007/s10853-019-04064-9,P022_SERIES01,P022_MAT_C4,P022_MC_C4_ASCAST_RT,P022_OBS_C4_ASCAST_RT,P022_OBS_C4_ASCAST_RT,Dendrite_Morphology,Dendritic; mass carbides observed in interdendritic region,as reported,DIRECT_XRD_OM_SEM_OR_VERIFIED_NA,Figs.1-2 pp.2-3,XRD plus OM/SEM with phase-scope safeguards,HIGH_FOR_NA_DECISION,VERIFIED,EXPERIMENTAL,https://doi.org/10.1007/s10853-019-04064-9,AUDIT_SCOPE_DEPENDENT,MASTER_FIELD_MAPPING
P022,10.1007/s10853-019-04064-9,P022_SERIES01,P022_MAT_C4,P022_MC_C4_ASCAST_RT,P022_OBS_C4_ASCAST_RT,P022_OBS_C4_ASCAST_RT,Sigma_Phase_Evidence_Status,NO_SIGMA_PHASE_VALUE_ASSIGNED,as reported,DIRECT_XRD_OM_SEM_OR_VERIFIED_NA,Figs.1-2 pp.2-3,XRD plus OM/SEM with phase-scope safeguards,HIGH_FOR_NA_DECISION,VERIFIED,EXPERIMENTAL,https://doi.org/10.1007/s10853-019-04064-9,AUDIT_SCOPE_DEPENDENT,MASTER_FIELD_MAPPING
P022,10.1007/s10853-019-04064-9,P022_SERIES01,P022_MAT_C4,P022_MC_C4_ASCAST_RT,P022_OBS_C4_ASCAST_RT,P022_OBS_C4_ASCAST_RT,Initial_HCP_Target_Guardrail,INITIAL_HCP_IS_NOT_DEFORMATION_INDUCED_TRIP_EVIDENCE,as reported,DIRECT_XRD_OM_SEM_OR_VERIFIED_NA,Figs.1-2 pp.2-3,XRD plus OM/SEM with phase-scope safeguards,HIGH_FOR_NA_DECISION,VERIFIED,EXPERIMENTAL,https://doi.org/10.1007/s10853-019-04064-9,AUDIT_SCOPE_DEPENDENT,MASTER_FIELD_MAPPING
P022,10.1007/s10853-019-04064-9,P022_SERIES01,P022_MAT_C4,P022_MC_C4_ASCAST_RT,P022_OBS_C4_ASCAST_RT,P022_OBS_C4_ASCAST_RT,TRIP_to_TWIP_Negative_Safeguard,MECHANISM_SHIFT_WORDING_DOES_NOT_GENERATE_TRIP_ZERO,as reported,CONDITION_OR_STAGE_TARGET_EVIDENCE,Methods p.2; Figs.1-4 pp.2-5,Condition-level evidence grading from verified workbook,HIGH_FOR_NA_DECISION,VERIFIED,EXPERIMENTAL,https://doi.org/10.1007/s10853-019-04064-9,TARGET_OR_TARGET_EVIDENCE_NOT_PREDICTOR,MASTER_FIELD_MAPPING
P022,10.1007/s10853-019-04064-9,P022_SERIES01,P022_MAT_C4,P022_MC_C4_ASCAST_RT,P022_OBS_C4_ASCAST_RT,P022_OBS_C4_ASCAST_RT,Figure3_Digitization_Status,NOT_DIGITIZED_TEXT_ONLY_VALUES_WHERE_EXPLICIT,as reported,DIRECT_APPROX_TEXT_OR_VERIFIED_NA,Methods p.2; Figs.1-4 pp.2-5,Engineering tensile response; Figure 3 not digitized,HIGH_FOR_NA_DECISION,VERIFIED,EXPERIMENTAL,https://doi.org/10.1007/s10853-019-04064-9,MECHANICAL_OUTCOME_LEAKAGE,MASTER_FIELD_MAPPING
P022,10.1007/s10853-019-04064-9,P022_SERIES01,P022_MAT_C4,P022_MC_C4_ASCAST_RT,P022_OBS_C4_ASCAST_RT,P022_OBS_C4_ASCAST_RT,SFE_General_Threshold_Status,SECONDARY_GENERAL_THRESHOLDS_NOT_ASSIGNED_TO_P022_CONDITIONS,as reported,QUALITATIVE_DIRECTION_OR_VERIFIED_GAP,Introduction/results and whole-paper review,No current-alloy numeric SFE or DeltaG; no cross-paper transfer,HIGH_FOR_NA_DECISION,VERIFIED,EXPERIMENTAL,https://doi.org/10.1007/s10853-019-04064-9,NOT_SAFE_AS_DIRECT_NUMERIC_SFE_OR_DELTAG,MASTER_FIELD_MAPPING
P022,10.1007/s10853-019-04064-9,P022_SERIES01,P022_MAT_C4,P022_MC_C4_ASCAST_RT,P022_OBS_C4_ASCAST_RT,P022_OBS_C4_ASCAST_RT,SFE_Qualitative_Trend,C_TENDS_TO_INCREASE_SFE_QUALITATIVE_DIRECTION_ONLY,as reported,QUALITATIVE_DIRECTION_OR_VERIFIED_GAP,Introduction/results and whole-paper review,No current-alloy numeric SFE or DeltaG; no cross-paper transfer,HIGH_FOR_NA_DECISION,VERIFIED,EXPERIMENTAL,https://doi.org/10.1007/s10853-019-04064-9,NOT_SAFE_AS_DIRECT_NUMERIC_SFE_OR_DELTAG,MASTER_FIELD_MAPPING
P022,10.1007/s10853-019-04064-9,P022_SERIES01,P022_MAT_C4,P022_MC_C4_ASCAST_RT,P022_OBS_C4_ASCAST_RT,P022_OBS_C4_ASCAST_RT,C4_Carbide_XRD_Coexistence_Safeguard,XRD_SINGLE_FCC_MATRIX_DOES_NOT_ERASE_DIRECT_SEM_CARBIDES,as reported,DIRECT_XRD_OM_SEM_OR_VERIFIED_NA,Figs.1-2 pp.2-3,XRD plus OM/SEM with phase-scope safeguards,HIGH_FOR_NA_DECISION,VERIFIED,EXPERIMENTAL,https://doi.org/10.1007/s10853-019-04064-9,AUDIT_SCOPE_DEPENDENT,MASTER_FIELD_MAPPING
P022,10.1007/s10853-019-04064-9,P022_SERIES01,P022_MAT_C2MO1,P022_MC_C2MO1_ASCAST_RT,P022_OBS_C2MO1_ASCAST_RT,P022_OBS_C2MO1_ASCAST_RT,Paper_ID,P022,as reported,SOURCE_IDENTITY,Verified article identity / whole paper,Verified PDF and bibliographic DOI identity,HIGH,VERIFIED,EXPERIMENTAL,https://doi.org/10.1007/s10853-019-04064-9,AUDIT_SCOPE_DEPENDENT,MASTER_FIELD_MAPPING
P022,10.1007/s10853-019-04064-9,P022_SERIES01,P022_MAT_C2MO1,P022_MC_C2MO1_ASCAST_RT,P022_OBS_C2MO1_ASCAST_RT,P022_OBS_C2MO1_ASCAST_RT,DOI,10.1007/s10853-019-04064-9,as reported,SOURCE_IDENTITY,Verified article identity / whole paper,Verified PDF and bibliographic DOI identity,HIGH,VERIFIED,EXPERIMENTAL,https://doi.org/10.1007/s10853-019-04064-9,AUDIT_SCOPE_DEPENDENT,MASTER_FIELD_MAPPING
P022,10.1007/s10853-019-04064-9,P022_SERIES01,P022_MAT_C2MO1,P022_MC_C2MO1_ASCAST_RT,P022_OBS_C2MO1_ASCAST_RT,P022_OBS_C2MO1_ASCAST_RT,Paper_Title,Excellent room temperature ductility of as-cast TRIP high-entropy alloy via Mo and C alloying,as reported,SOURCE_IDENTITY,Verified article identity / whole paper,Verified PDF and bibliographic DOI identity,HIGH,VERIFIED,EXPERIMENTAL,https://doi.org/10.1007/s10853-019-04064-9,AUDIT_SCOPE_DEPENDENT,MASTER_FIELD_MAPPING
P022,10.1007/s10853-019-04064-9,P022_SERIES01,P022_MAT_C2MO1,P022_MC_C2MO1_ASCAST_RT,P022_OBS_C2MO1_ASCAST_RT,P022_OBS_C2MO1_ASCAST_RT,Condition_ID,P022_MC_C2MO1_ASCAST_RT,as reported,HIERARCHY_INTEGRATION,"Verified material-parent, condition, and stage sheets",Source-defined hierarchy with correlated stage-child control,HIGH,VERIFIED,EXPERIMENTAL,https://doi.org/10.1007/s10853-019-04064-9,AUDIT_SCOPE_DEPENDENT,MASTER_FIELD_MAPPING
P022,10.1007/s10853-019-04064-9,P022_SERIES01,P022_MAT_C2MO1,P022_MC_C2MO1_ASCAST_RT,P022_OBS_C2MO1_ASCAST_RT,P022_OBS_C2MO1_ASCAST_RT,Experiment_Group_ID,P022_SERIES01,as reported,HIERARCHY_INTEGRATION,"Verified material-parent, condition, and stage sheets",Source-defined hierarchy with correlated stage-child control,HIGH,VERIFIED,EXPERIMENTAL,https://doi.org/10.1007/s10853-019-04064-9,AUDIT_SCOPE_DEPENDENT,MASTER_FIELD_MAPPING
P022,10.1007/s10853-019-04064-9,P022_SERIES01,P022_MAT_C2MO1,P022_MC_C2MO1_ASCAST_RT,P022_OBS_C2MO1_ASCAST_RT,P022_OBS_C2MO1_ASCAST_RT,Row_Type,Primary as-cast experimental tensile condition,as reported,HIERARCHY_INTEGRATION,"Verified material-parent, condition, and stage sheets",Source-defined hierarchy with correlated stage-child control,HIGH,VERIFIED,EXPERIMENTAL,https://doi.org/10.1007/s10853-019-04064-9,AUDIT_SCOPE_DEPENDENT,MASTER_FIELD_MAPPING
P022,10.1007/s10853-019-04064-9,P022_SERIES01,P022_MAT_C2MO1,P022_MC_C2MO1_ASCAST_RT,P022_OBS_C2MO1_ASCAST_RT,P022_OBS_C2MO1_ASCAST_RT,Alloy_ID,C2Mo1,as reported,DIRECT_TEXT_OR_VERIFIED_NA,Materials and methods p.2; tensile condition p.3,Source text without chemistry normalization or temperature/rate inference,HIGH,VERIFIED,EXPERIMENTAL,https://doi.org/10.1007/s10853-019-04064-9,AUDIT_SCOPE_DEPENDENT,MASTER_FIELD_MAPPING
P022,10.1007/s10853-019-04064-9,P022_SERIES01,P022_MAT_C2MO1,P022_MC_C2MO1_ASCAST_RT,P022_OBS_C2MO1_ASCAST_RT,P022_OBS_C2MO1_ASCAST_RT,Original_Composition,Fe50Mn30Co10Cr10C2Mo1,as reported,DIRECT_TEXT_OR_VERIFIED_NA,Materials and methods p.2; tensile condition p.3,Source text without chemistry normalization or temperature/rate inference,HIGH,VERIFIED,EXPERIMENTAL,https://doi.org/10.1007/s10853-019-04064-9,AUDIT_SCOPE_DEPENDENT,MASTER_FIELD_MAPPING
P022,10.1007/s10853-019-04064-9,P022_SERIES01,P022_MAT_C2MO1,P022_MC_C2MO1_ASCAST_RT,P022_OBS_C2MO1_ASCAST_RT,P022_OBS_C2MO1_ASCAST_RT,Composition_basis,ATOMIC_RATIO_AS_REPORTED,as reported,DIRECT_TEXT_OR_VERIFIED_NA,Materials and methods p.2; tensile condition p.3,Source text without chemistry normalization or temperature/rate inference,HIGH,VERIFIED,EXPERIMENTAL,https://doi.org/10.1007/s10853-019-04064-9,AUDIT_SCOPE_DEPENDENT,MASTER_FIELD_MAPPING
P022,10.1007/s10853-019-04064-9,P022_SERIES01,P022_MAT_C2MO1,P022_MC_C2MO1_ASCAST_RT,P022_OBS_C2MO1_ASCAST_RT,P022_OBS_C2MO1_ASCAST_RT,Fe_at%,UNRESOLVED_NA,as reported,DIRECT_TEXT_OR_VERIFIED_NA,Materials and methods p.2; tensile condition p.3,Source text without chemistry normalization or temperature/rate inference,HIGH,VERIFIED_NA_ATOMIC_RATIO_FORMULA_NOT_NORMALIZED_TO_ATPCT,EXPERIMENTAL,https://doi.org/10.1007/s10853-019-04064-9,AUDIT_SCOPE_DEPENDENT,MASTER_FIELD_MAPPING
P022,10.1007/s10853-019-04064-9,P022_SERIES01,P022_MAT_C2MO1,P022_MC_C2MO1_ASCAST_RT,P022_OBS_C2MO1_ASCAST_RT,P022_OBS_C2MO1_ASCAST_RT,Mn_at%,UNRESOLVED_NA,as reported,DIRECT_TEXT_OR_VERIFIED_NA,Materials and methods p.2; tensile condition p.3,Source text without chemistry normalization or temperature/rate inference,HIGH,VERIFIED_NA_ATOMIC_RATIO_FORMULA_NOT_NORMALIZED_TO_ATPCT,EXPERIMENTAL,https://doi.org/10.1007/s10853-019-04064-9,AUDIT_SCOPE_DEPENDENT,MASTER_FIELD_MAPPING
P022,10.1007/s10853-019-04064-9,P022_SERIES01,P022_MAT_C2MO1,P022_MC_C2MO1_ASCAST_RT,P022_OBS_C2MO1_ASCAST_RT,P022_OBS_C2MO1_ASCAST_RT,Co_at%,UNRESOLVED_NA,as reported,DIRECT_TEXT_OR_VERIFIED_NA,Materials and methods p.2; tensile condition p.3,Source text without chemistry normalization or temperature/rate inference,HIGH,VERIFIED_NA_ATOMIC_RATIO_FORMULA_NOT_NORMALIZED_TO_ATPCT,EXPERIMENTAL,https://doi.org/10.1007/s10853-019-04064-9,AUDIT_SCOPE_DEPENDENT,MASTER_FIELD_MAPPING
P022,10.1007/s10853-019-04064-9,P022_SERIES01,P022_MAT_C2MO1,P022_MC_C2MO1_ASCAST_RT,P022_OBS_C2MO1_ASCAST_RT,P022_OBS_C2MO1_ASCAST_RT,Cr_at%,UNRESOLVED_NA,as reported,DIRECT_TEXT_OR_VERIFIED_NA,Materials and methods p.2; tensile condition p.3,Source text without chemistry normalization or temperature/rate inference,HIGH,VERIFIED_NA_ATOMIC_RATIO_FORMULA_NOT_NORMALIZED_TO_ATPCT,EXPERIMENTAL,https://doi.org/10.1007/s10853-019-04064-9,AUDIT_SCOPE_DEPENDENT,MASTER_FIELD_MAPPING
P022,10.1007/s10853-019-04064-9,P022_SERIES01,P022_MAT_C2MO1,P022_MC_C2MO1_ASCAST_RT,P022_OBS_C2MO1_ASCAST_RT,P022_OBS_C2MO1_ASCAST_RT,C_at%,UNRESOLVED_NA,as reported,DIRECT_TEXT_OR_VERIFIED_NA,Materials and methods p.2; tensile condition p.3,Source text without chemistry normalization or temperature/rate inference,HIGH,VERIFIED_NA_ATOMIC_RATIO_FORMULA_NOT_NORMALIZED_TO_ATPCT,EXPERIMENTAL,https://doi.org/10.1007/s10853-019-04064-9,AUDIT_SCOPE_DEPENDENT,MASTER_FIELD_MAPPING
P022,10.1007/s10853-019-04064-9,P022_SERIES01,P022_MAT_C2MO1,P022_MC_C2MO1_ASCAST_RT,P022_OBS_C2MO1_ASCAST_RT,P022_OBS_C2MO1_ASCAST_RT,Mo_at%,UNRESOLVED_NA,as reported,DIRECT_TEXT_OR_VERIFIED_NA,Materials and methods p.2; tensile condition p.3,Source text without chemistry normalization or temperature/rate inference,HIGH,VERIFIED_NA_ATOMIC_RATIO_FORMULA_NOT_NORMALIZED_TO_ATPCT,EXPERIMENTAL,https://doi.org/10.1007/s10853-019-04064-9,AUDIT_SCOPE_DEPENDENT,MASTER_FIELD_MAPPING
P022,10.1007/s10853-019-04064-9,P022_SERIES01,P022_MAT_C2MO1,P022_MC_C2MO1_ASCAST_RT,P022_OBS_C2MO1_ASCAST_RT,P022_OBS_C2MO1_ASCAST_RT,Processing_route,AS_CAST_ARC_MELTED_NO_REPORTED_HOMOGENIZATION_ROLLING_OR_ANNEALING,as reported,DIRECT_TEXT_OR_VERIFIED_NA,Materials and methods p.2; tensile condition p.3,Source text without chemistry normalization or temperature/rate inference,HIGH,VERIFIED,EXPERIMENTAL,https://doi.org/10.1007/s10853-019-04064-9,AUDIT_SCOPE_DEPENDENT,MASTER_FIELD_MAPPING
P022,10.1007/s10853-019-04064-9,P022_SERIES01,P022_MAT_C2MO1,P022_MC_C2MO1_ASCAST_RT,P022_OBS_C2MO1_ASCAST_RT,P022_OBS_C2MO1_ASCAST_RT,Cast_method,Arc melting; Ti-gettered high-purity Ar; water-cooled Cu crucible,as reported,DIRECT_TEXT_OR_VERIFIED_NA,Materials and methods p.2; tensile condition p.3,Source text without chemistry normalization or temperature/rate inference,HIGH,VERIFIED,EXPERIMENTAL,https://doi.org/10.1007/s10853-019-04064-9,AUDIT_SCOPE_DEPENDENT,MASTER_FIELD_MAPPING
P022,10.1007/s10853-019-04064-9,P022_SERIES01,P022_MAT_C2MO1,P022_MC_C2MO1_ASCAST_RT,P022_OBS_C2MO1_ASCAST_RT,P022_OBS_C2MO1_ASCAST_RT,Homogenization_T_K,UNRESOLVED_NA,as reported,DIRECT_TEXT_OR_VERIFIED_NA,Materials and methods p.2; tensile condition p.3,Source text without chemistry normalization or temperature/rate inference,HIGH,VERIFIED_NA_NO_POSTCAST_TREATMENT_REPORTED,EXPERIMENTAL,https://doi.org/10.1007/s10853-019-04064-9,AUDIT_SCOPE_DEPENDENT,MASTER_FIELD_MAPPING
P022,10.1007/s10853-019-04064-9,P022_SERIES01,P022_MAT_C2MO1,P022_MC_C2MO1_ASCAST_RT,P022_OBS_C2MO1_ASCAST_RT,P022_OBS_C2MO1_ASCAST_RT,Homogenization_time_h,UNRESOLVED_NA,as reported,DIRECT_TEXT_OR_VERIFIED_NA,Materials and methods p.2; tensile condition p.3,Source text without chemistry normalization or temperature/rate inference,HIGH,VERIFIED_NA_NO_POSTCAST_TREATMENT_REPORTED,EXPERIMENTAL,https://doi.org/10.1007/s10853-019-04064-9,AUDIT_SCOPE_DEPENDENT,MASTER_FIELD_MAPPING
P022,10.1007/s10853-019-04064-9,P022_SERIES01,P022_MAT_C2MO1,P022_MC_C2MO1_ASCAST_RT,P022_OBS_C2MO1_ASCAST_RT,P022_OBS_C2MO1_ASCAST_RT,Hot_rolling_T_K,UNRESOLVED_NA,as reported,DIRECT_TEXT_OR_VERIFIED_NA,Materials and methods p.2; tensile condition p.3,Source text without chemistry normalization or temperature/rate inference,HIGH,VERIFIED_NA_NO_POSTCAST_TREATMENT_REPORTED,EXPERIMENTAL,https://doi.org/10.1007/s10853-019-04064-9,AUDIT_SCOPE_DEPENDENT,MASTER_FIELD_MAPPING
P022,10.1007/s10853-019-04064-9,P022_SERIES01,P022_MAT_C2MO1,P022_MC_C2MO1_ASCAST_RT,P022_OBS_C2MO1_ASCAST_RT,P022_OBS_C2MO1_ASCAST_RT,Hot_rolling_reduction_pct,UNRESOLVED_NA,as reported,DIRECT_TEXT_OR_VERIFIED_NA,Materials and methods p.2; tensile condition p.3,Source text without chemistry normalization or temperature/rate inference,HIGH,VERIFIED_NA_NO_POSTCAST_TREATMENT_REPORTED,EXPERIMENTAL,https://doi.org/10.1007/s10853-019-04064-9,AUDIT_SCOPE_DEPENDENT,MASTER_FIELD_MAPPING
P022,10.1007/s10853-019-04064-9,P022_SERIES01,P022_MAT_C2MO1,P022_MC_C2MO1_ASCAST_RT,P022_OBS_C2MO1_ASCAST_RT,P022_OBS_C2MO1_ASCAST_RT,Cold_rolling_reduction_pct,UNRESOLVED_NA,as reported,DIRECT_TEXT_OR_VERIFIED_NA,Materials and methods p.2; tensile condition p.3,Source text without chemistry normalization or temperature/rate inference,HIGH,VERIFIED_NA_NO_POSTCAST_TREATMENT_REPORTED,EXPERIMENTAL,https://doi.org/10.1007/s10853-019-04064-9,AUDIT_SCOPE_DEPENDENT,MASTER_FIELD_MAPPING
P022,10.1007/s10853-019-04064-9,P022_SERIES01,P022_MAT_C2MO1,P022_MC_C2MO1_ASCAST_RT,P022_OBS_C2MO1_ASCAST_RT,P022_OBS_C2MO1_ASCAST_RT,Annealing_T_K,UNRESOLVED_NA,as reported,DIRECT_TEXT_OR_VERIFIED_NA,Materials and methods p.2; tensile condition p.3,Source text without chemistry normalization or temperature/rate inference,HIGH,VERIFIED_NA_NO_POSTCAST_TREATMENT_REPORTED,EXPERIMENTAL,https://doi.org/10.1007/s10853-019-04064-9,AUDIT_SCOPE_DEPENDENT,MASTER_FIELD_MAPPING
P022,10.1007/s10853-019-04064-9,P022_SERIES01,P022_MAT_C2MO1,P022_MC_C2MO1_ASCAST_RT,P022_OBS_C2MO1_ASCAST_RT,P022_OBS_C2MO1_ASCAST_RT,Annealing_time_min,UNRESOLVED_NA,as reported,DIRECT_TEXT_OR_VERIFIED_NA,Materials and methods p.2; tensile condition p.3,Source text without chemistry normalization or temperature/rate inference,HIGH,VERIFIED_NA_NO_POSTCAST_TREATMENT_REPORTED,EXPERIMENTAL,https://doi.org/10.1007/s10853-019-04064-9,AUDIT_SCOPE_DEPENDENT,MASTER_FIELD_MAPPING
P022,10.1007/s10853-019-04064-9,P022_SERIES01,P022_MAT_C2MO1,P022_MC_C2MO1_ASCAST_RT,P022_OBS_C2MO1_ASCAST_RT,P022_OBS_C2MO1_ASCAST_RT,Cooling_route,AS_CAST_IN_WATER_COOLED_CU_CRUCIBLE,as reported,DIRECT_TEXT_OR_VERIFIED_NA,Materials and methods p.2; tensile condition p.3,Source text without chemistry normalization or temperature/rate inference,HIGH,VERIFIED,EXPERIMENTAL,https://doi.org/10.1007/s10853-019-04064-9,AUDIT_SCOPE_DEPENDENT,MASTER_FIELD_MAPPING
P022,10.1007/s10853-019-04064-9,P022_SERIES01,P022_MAT_C2MO1,P022_MC_C2MO1_ASCAST_RT,P022_OBS_C2MO1_ASCAST_RT,P022_OBS_C2MO1_ASCAST_RT,Test_T_K,UNRESOLVED_NA,K,DIRECT_TEXT_OR_VERIFIED_NA,Materials and methods p.2; tensile condition p.3,Source text without chemistry normalization or temperature/rate inference,HIGH,VERIFIED_NA_ROOM_TEMPERATURE_NOT_NUMERICALLY_REPORTED,EXPERIMENTAL,https://doi.org/10.1007/s10853-019-04064-9,AUDIT_SCOPE_DEPENDENT,MASTER_FIELD_MAPPING
P022,10.1007/s10853-019-04064-9,P022_SERIES01,P022_MAT_C2MO1,P022_MC_C2MO1_ASCAST_RT,P022_OBS_C2MO1_ASCAST_RT,P022_OBS_C2MO1_ASCAST_RT,Strain_rate_s-1,UNRESOLVED_NA,s^-1,DIRECT_TEXT_OR_VERIFIED_NA,Materials and methods p.2; tensile condition p.3,Source text without chemistry normalization or temperature/rate inference,HIGH,VERIFIED_NA_TENSILE_STRAIN_RATE_NOT_REPORTED,EXPERIMENTAL,https://doi.org/10.1007/s10853-019-04064-9,AUDIT_SCOPE_DEPENDENT,MASTER_FIELD_MAPPING
P022,10.1007/s10853-019-04064-9,P022_SERIES01,P022_MAT_C2MO1,P022_MC_C2MO1_ASCAST_RT,P022_OBS_C2MO1_ASCAST_RT,P022_OBS_C2MO1_ASCAST_RT,Gauge_length_mm,UNRESOLVED_NA,mm,DIRECT_TEXT_OR_VERIFIED_NA,Materials and methods p.2; tensile condition p.3,Source text without chemistry normalization or temperature/rate inference,HIGH,VERIFIED_NA_SOURCE_DIMENSIONS_NOT_PROMOTED_TO_GAUGE_FIELDS,EXPERIMENTAL,https://doi.org/10.1007/s10853-019-04064-9,AUDIT_SCOPE_DEPENDENT,MASTER_FIELD_MAPPING
P022,10.1007/s10853-019-04064-9,P022_SERIES01,P022_MAT_C2MO1,P022_MC_C2MO1_ASCAST_RT,P022_OBS_C2MO1_ASCAST_RT,P022_OBS_C2MO1_ASCAST_RT,Gauge_width_mm,UNRESOLVED_NA,mm,DIRECT_TEXT_OR_VERIFIED_NA,Materials and methods p.2; tensile condition p.3,Source text without chemistry normalization or temperature/rate inference,HIGH,VERIFIED_NA_SOURCE_DIMENSIONS_NOT_PROMOTED_TO_GAUGE_FIELDS,EXPERIMENTAL,https://doi.org/10.1007/s10853-019-04064-9,AUDIT_SCOPE_DEPENDENT,MASTER_FIELD_MAPPING
P022,10.1007/s10853-019-04064-9,P022_SERIES01,P022_MAT_C2MO1,P022_MC_C2MO1_ASCAST_RT,P022_OBS_C2MO1_ASCAST_RT,P022_OBS_C2MO1_ASCAST_RT,Specimen_thickness_mm,UNRESOLVED_NA,mm,DIRECT_TEXT_OR_VERIFIED_NA,Materials and methods p.2; tensile condition p.3,Source text without chemistry normalization or temperature/rate inference,HIGH,VERIFIED_NA_SOURCE_DIMENSIONS_NOT_PROMOTED_TO_GAUGE_FIELDS,EXPERIMENTAL,https://doi.org/10.1007/s10853-019-04064-9,AUDIT_SCOPE_DEPENDENT,MASTER_FIELD_MAPPING
P022,10.1007/s10853-019-04064-9,P022_SERIES01,P022_MAT_C2MO1,P022_MC_C2MO1_ASCAST_RT,P022_OBS_C2MO1_ASCAST_RT,P022_OBS_C2MO1_ASCAST_RT,Grain_size_um,UNRESOLVED_NA,um,DIRECT_XRD_OM_SEM_OR_VERIFIED_NA,Figs.1-2 pp.2-3,XRD plus OM/SEM with phase-scope safeguards,HIGH,VERIFIED_NA_NUMERIC_GRAIN_SIZE_NOT_REPORTED_NO_DIGITIZATION,EXPERIMENTAL,https://doi.org/10.1007/s10853-019-04064-9,AUDIT_SCOPE_DEPENDENT,MASTER_FIELD_MAPPING
P022,10.1007/s10853-019-04064-9,P022_SERIES01,P022_MAT_C2MO1,P022_MC_C2MO1_ASCAST_RT,P022_OBS_C2MO1_ASCAST_RT,P022_OBS_C2MO1_ASCAST_RT,Initial_FCC_fraction,UNRESOLVED_NA,fraction,DIRECT_XRD_OM_SEM_OR_VERIFIED_NA,Figs.1-2 pp.2-3,XRD plus OM/SEM with phase-scope safeguards,HIGH,VERIFIED_NA_EXACT_NUMERIC_FCC_FRACTION_NOT_REPORTED,EXPERIMENTAL,https://doi.org/10.1007/s10853-019-04064-9,AUDIT_SCOPE_DEPENDENT,MASTER_FIELD_MAPPING
P022,10.1007/s10853-019-04064-9,P022_SERIES01,P022_MAT_C2MO1,P022_MC_C2MO1_ASCAST_RT,P022_OBS_C2MO1_ASCAST_RT,P022_OBS_C2MO1_ASCAST_RT,Initial_HCP_fraction,0,fraction,DIRECT_XRD_OM_SEM_OR_VERIFIED_NA,Figs.1-2 pp.2-3,XRD plus OM/SEM with phase-scope safeguards,HIGH,VERIFIED,EXPERIMENTAL,https://doi.org/10.1007/s10853-019-04064-9,AUDIT_SCOPE_DEPENDENT,MASTER_FIELD_MAPPING
P022,10.1007/s10853-019-04064-9,P022_SERIES01,P022_MAT_C2MO1,P022_MC_C2MO1_ASCAST_RT,P022_OBS_C2MO1_ASCAST_RT,P022_OBS_C2MO1_ASCAST_RT,SFE_mJ_m2,UNRESOLVED_NA,mJ/m2,QUALITATIVE_DIRECTION_OR_VERIFIED_GAP,Introduction/results and whole-paper review,No current-alloy numeric SFE or DeltaG; no cross-paper transfer,HIGH,VERIFIED_NA_NO_CURRENT_ALLOY_NUMERIC_SFE,EXPERIMENTAL,https://doi.org/10.1007/s10853-019-04064-9,NOT_SAFE_AS_DIRECT_NUMERIC_SFE_OR_DELTAG,MASTER_FIELD_MAPPING
P022,10.1007/s10853-019-04064-9,P022_SERIES01,P022_MAT_C2MO1,P022_MC_C2MO1_ASCAST_RT,P022_OBS_C2MO1_ASCAST_RT,P022_OBS_C2MO1_ASCAST_RT,SFE_method,UNRESOLVED_NA,as reported,QUALITATIVE_DIRECTION_OR_VERIFIED_GAP,Introduction/results and whole-paper review,No current-alloy numeric SFE or DeltaG; no cross-paper transfer,HIGH,VERIFIED_NA_NO_CURRENT_ALLOY_NUMERIC_SFE,EXPERIMENTAL,https://doi.org/10.1007/s10853-019-04064-9,NOT_SAFE_AS_DIRECT_NUMERIC_SFE_OR_DELTAG,MASTER_FIELD_MAPPING
P022,10.1007/s10853-019-04064-9,P022_SERIES01,P022_MAT_C2MO1,P022_MC_C2MO1_ASCAST_RT,P022_OBS_C2MO1_ASCAST_RT,P022_OBS_C2MO1_ASCAST_RT,DeltaG_FCC_HCP_J_mol,UNRESOLVED_NA,J/mol,QUALITATIVE_DIRECTION_OR_VERIFIED_GAP,Introduction/results and whole-paper review,No current-alloy numeric SFE or DeltaG; no cross-paper transfer,HIGH,VERIFIED_NA_NOT_REPORTED_NO_CROSS_PAPER_TRANSFER,EXPERIMENTAL,https://doi.org/10.1007/s10853-019-04064-9,NOT_SAFE_AS_DIRECT_NUMERIC_SFE_OR_DELTAG,MASTER_FIELD_MAPPING
P022,10.1007/s10853-019-04064-9,P022_SERIES01,P022_MAT_C2MO1,P022_MC_C2MO1_ASCAST_RT,P022_OBS_C2MO1_ASCAST_RT,P022_OBS_C2MO1_ASCAST_RT,DeltaG_method,UNRESOLVED_NA,as reported,QUALITATIVE_DIRECTION_OR_VERIFIED_GAP,Introduction/results and whole-paper review,No current-alloy numeric SFE or DeltaG; no cross-paper transfer,HIGH,VERIFIED_NA_NOT_REPORTED_NO_CROSS_PAPER_TRANSFER,EXPERIMENTAL,https://doi.org/10.1007/s10853-019-04064-9,NOT_SAFE_AS_DIRECT_NUMERIC_SFE_OR_DELTAG,MASTER_FIELD_MAPPING
P022,10.1007/s10853-019-04064-9,P022_SERIES01,P022_MAT_C2MO1,P022_MC_C2MO1_ASCAST_RT,P022_OBS_C2MO1_ASCAST_RT,P022_OBS_C2MO1_ASCAST_RT,Slip,UNRESOLVED_NA,binary,CONDITION_OR_STAGE_TARGET_EVIDENCE,Methods p.2; Figs.1-4 pp.2-5; abstract/results/conclusions,Condition-level evidence grading from verified workbook,HIGH,VERIFIED_NA_INSUFFICIENT_CONDITION_LEVEL_EVIDENCE,EXPERIMENTAL,https://doi.org/10.1007/s10853-019-04064-9,TARGET_OR_TARGET_EVIDENCE_NOT_PREDICTOR,MASTER_FIELD_MAPPING
P022,10.1007/s10853-019-04064-9,P022_SERIES01,P022_MAT_C2MO1,P022_MC_C2MO1_ASCAST_RT,P022_OBS_C2MO1_ASCAST_RT,P022_OBS_C2MO1_ASCAST_RT,UTS_MPa,658,MPa,DIRECT_APPROX_TEXT_OR_VERIFIED_NA,Methods p.2; Figs.1-4 pp.2-5; abstract/results/conclusions,Engineering tensile response; Figure 3 not digitized,HIGH,VERIFIED,EXPERIMENTAL,https://doi.org/10.1007/s10853-019-04064-9,MECHANICAL_OUTCOME_LEAKAGE,MASTER_FIELD_MAPPING
P022,10.1007/s10853-019-04064-9,P022_SERIES01,P022_MAT_C2MO1,P022_MC_C2MO1_ASCAST_RT,P022_OBS_C2MO1_ASCAST_RT,P022_OBS_C2MO1_ASCAST_RT,Elongation_pct,89.8,%,DIRECT_APPROX_TEXT_OR_VERIFIED_NA,Methods p.2; Figs.1-4 pp.2-5; abstract/results/conclusions,Engineering tensile response; Figure 3 not digitized,HIGH,VERIFIED,EXPERIMENTAL,https://doi.org/10.1007/s10853-019-04064-9,MECHANICAL_OUTCOME_LEAKAGE,MASTER_FIELD_MAPPING
P022,10.1007/s10853-019-04064-9,P022_SERIES01,P022_MAT_C2MO1,P022_MC_C2MO1_ASCAST_RT,P022_OBS_C2MO1_ASCAST_RT,P022_OBS_C2MO1_ASCAST_RT,Evidence_TRIP,NO_CONDITION_SPECIFIC_POST_TEST_PHASE_CHARACTERIZATION,as reported,CONDITION_OR_STAGE_TARGET_EVIDENCE,Methods p.2; Figs.1-4 pp.2-5; abstract/results/conclusions,Condition-level evidence grading from verified workbook,HIGH,VERIFIED,EXPERIMENTAL,https://doi.org/10.1007/s10853-019-04064-9,TARGET_OR_TARGET_EVIDENCE_NOT_PREDICTOR,MASTER_FIELD_MAPPING
P022,10.1007/s10853-019-04064-9,P022_SERIES01,P022_MAT_C2MO1,P022_MC_C2MO1_ASCAST_RT,P022_OBS_C2MO1_ASCAST_RT,P022_OBS_C2MO1_ASCAST_RT,Evidence_TWIP,C2Mo1 shows the largest deformation-twin population among C2/C2Mo1/C2Mo2 at 40% strain.,as reported,CONDITION_OR_STAGE_TARGET_EVIDENCE,Methods p.2; Figs.1-4 pp.2-5; abstract/results/conclusions,Condition-level evidence grading from verified workbook,HIGH,VERIFIED,EXPERIMENTAL,https://doi.org/10.1007/s10853-019-04064-9,TARGET_OR_TARGET_EVIDENCE_NOT_PREDICTOR,MASTER_FIELD_MAPPING
P022,10.1007/s10853-019-04064-9,P022_SERIES01,P022_MAT_C2MO1,P022_MC_C2MO1_ASCAST_RT,P022_OBS_C2MO1_ASCAST_RT,P022_OBS_C2MO1_ASCAST_RT,Characterization_methods,XRD; OM/SEM; EBSD/IPF and misorientation at 40% strain,as reported,VERIFIED_MASTER_FIELD_MAPPING,Methods p.2; Figs.1-4 pp.2-5; abstract/results/conclusions,Verified workbook-to-master mapping,HIGH,VERIFIED,EXPERIMENTAL,https://doi.org/10.1007/s10853-019-04064-9,AUDIT_SCOPE_DEPENDENT,MASTER_FIELD_MAPPING
P022,10.1007/s10853-019-04064-9,P022_SERIES01,P022_MAT_C2MO1,P022_MC_C2MO1_ASCAST_RT,P022_OBS_C2MO1_ASCAST_RT,P022_OBS_C2MO1_ASCAST_RT,Source_location,Methods p.2; Figs.1-4 pp.2-5; abstract/results/conclusions,as reported,VERIFIED_MASTER_FIELD_MAPPING,Methods p.2; Figs.1-4 pp.2-5; abstract/results/conclusions,Verified workbook-to-master mapping,HIGH,VERIFIED,EXPERIMENTAL,https://doi.org/10.1007/s10853-019-04064-9,AUDIT_SCOPE_DEPENDENT,MASTER_FIELD_MAPPING
P022,10.1007/s10853-019-04064-9,P022_SERIES01,P022_MAT_C2MO1,P022_MC_C2MO1_ASCAST_RT,P022_OBS_C2MO1_ASCAST_RT,P022_OBS_C2MO1_ASCAST_RT,Label_confidence,HIGH,as reported,CONDITION_OR_STAGE_TARGET_EVIDENCE,Methods p.2; Figs.1-4 pp.2-5; abstract/results/conclusions,Condition-level evidence grading from verified workbook,HIGH,VERIFIED,EXPERIMENTAL,https://doi.org/10.1007/s10853-019-04064-9,TARGET_OR_TARGET_EVIDENCE_NOT_PREDICTOR,MASTER_FIELD_MAPPING
P022,10.1007/s10853-019-04064-9,P022_SERIES01,P022_MAT_C2MO1,P022_MC_C2MO1_ASCAST_RT,P022_OBS_C2MO1_ASCAST_RT,P022_OBS_C2MO1_ASCAST_RT,Notes,"TWIP=1 directly. The authors discuss a TRIP-to-TWIP mechanism shift, but this is insufficient to set TRIP=0 without condition-wide phase evidence.",as reported,VERIFIED_MASTER_FIELD_MAPPING,Methods p.2; Figs.1-4 pp.2-5; abstract/results/conclusions,Verified workbook-to-master mapping,HIGH,VERIFIED,EXPERIMENTAL,https://doi.org/10.1007/s10853-019-04064-9,AUDIT_SCOPE_DEPENDENT,MASTER_FIELD_MAPPING
P022,10.1007/s10853-019-04064-9,P022_SERIES01,P022_MAT_C2MO1,P022_MC_C2MO1_ASCAST_RT,P022_OBS_C2MO1_ASCAST_RT,P022_OBS_C2MO1_ASCAST_RT,Parent_Experiment_ID,P022_MC_C2MO1_ASCAST_RT,as reported,HIERARCHY_INTEGRATION,"Verified material-parent, condition, and stage sheets",Source-defined hierarchy with correlated stage-child control,HIGH,VERIFIED,EXPERIMENTAL,https://doi.org/10.1007/s10853-019-04064-9,AUDIT_SCOPE_DEPENDENT,MASTER_FIELD_MAPPING
P022,10.1007/s10853-019-04064-9,P022_SERIES01,P022_MAT_C2MO1,P022_MC_C2MO1_ASCAST_RT,P022_OBS_C2MO1_ASCAST_RT,P022_OBS_C2MO1_ASCAST_RT,ML_Condition_ID,P022_MC_C2MO1_ASCAST_RT,as reported,HIERARCHY_INTEGRATION,"Verified material-parent, condition, and stage sheets",Source-defined hierarchy with correlated stage-child control,HIGH,VERIFIED,EXPERIMENTAL,https://doi.org/10.1007/s10853-019-04064-9,AUDIT_SCOPE_DEPENDENT,MASTER_FIELD_MAPPING
P022,10.1007/s10853-019-04064-9,P022_SERIES01,P022_MAT_C2MO1,P022_MC_C2MO1_ASCAST_RT,P022_OBS_C2MO1_ASCAST_RT,P022_OBS_C2MO1_ASCAST_RT,Observation_ID,P022_OBS_C2MO1_ASCAST_RT,as reported,HIERARCHY_INTEGRATION,"Verified material-parent, condition, and stage sheets",Source-defined hierarchy with correlated stage-child control,HIGH,VERIFIED,EXPERIMENTAL,https://doi.org/10.1007/s10853-019-04064-9,AUDIT_SCOPE_DEPENDENT,MASTER_FIELD_MAPPING
P022,10.1007/s10853-019-04064-9,P022_SERIES01,P022_MAT_C2MO1,P022_MC_C2MO1_ASCAST_RT,P022_OBS_C2MO1_ASCAST_RT,P022_OBS_C2MO1_ASCAST_RT,Data_Origin,EXPERIMENTAL,as reported,SOURCE_IDENTITY,Verified article identity / whole paper,Verified PDF and bibliographic DOI identity,HIGH,VERIFIED,EXPERIMENTAL,https://doi.org/10.1007/s10853-019-04064-9,AUDIT_SCOPE_DEPENDENT,MASTER_FIELD_MAPPING
P022,10.1007/s10853-019-04064-9,P022_SERIES01,P022_MAT_C2MO1,P022_MC_C2MO1_ASCAST_RT,P022_OBS_C2MO1_ASCAST_RT,P022_OBS_C2MO1_ASCAST_RT,Observation_Role,INDEPENDENT_CONDITION,as reported,HIERARCHY_INTEGRATION,"Verified material-parent, condition, and stage sheets",Source-defined hierarchy with correlated stage-child control,HIGH,VERIFIED,EXPERIMENTAL,https://doi.org/10.1007/s10853-019-04064-9,AUDIT_SCOPE_DEPENDENT,MASTER_FIELD_MAPPING
P022,10.1007/s10853-019-04064-9,P022_SERIES01,P022_MAT_C2MO1,P022_MC_C2MO1_ASCAST_RT,P022_OBS_C2MO1_ASCAST_RT,P022_OBS_C2MO1_ASCAST_RT,Grouping_Review_Required,False,as reported,HIERARCHY_INTEGRATION,"Verified material-parent, condition, and stage sheets",Source-defined hierarchy with correlated stage-child control,HIGH,VERIFIED,EXPERIMENTAL,https://doi.org/10.1007/s10853-019-04064-9,AUDIT_SCOPE_DEPENDENT,MASTER_FIELD_MAPPING
P022,10.1007/s10853-019-04064-9,P022_SERIES01,P022_MAT_C2MO1,P022_MC_C2MO1_ASCAST_RT,P022_OBS_C2MO1_ASCAST_RT,P022_OBS_C2MO1_ASCAST_RT,Grouping_Confidence,HIGH,as reported,HIERARCHY_INTEGRATION,"Verified material-parent, condition, and stage sheets",Source-defined hierarchy with correlated stage-child control,HIGH,VERIFIED,EXPERIMENTAL,https://doi.org/10.1007/s10853-019-04064-9,AUDIT_SCOPE_DEPENDENT,MASTER_FIELD_MAPPING
P022,10.1007/s10853-019-04064-9,P022_SERIES01,P022_MAT_C2MO1,P022_MC_C2MO1_ASCAST_RT,P022_OBS_C2MO1_ASCAST_RT,P022_OBS_C2MO1_ASCAST_RT,Grouping_Reason,Source-defined separately fabricated chemistry variant; one primary room-temperature tensile condition,as reported,HIERARCHY_INTEGRATION,"Verified material-parent, condition, and stage sheets",Source-defined hierarchy with correlated stage-child control,HIGH,VERIFIED,EXPERIMENTAL,https://doi.org/10.1007/s10853-019-04064-9,AUDIT_SCOPE_DEPENDENT,MASTER_FIELD_MAPPING
P022,10.1007/s10853-019-04064-9,P022_SERIES01,P022_MAT_C2MO1,P022_MC_C2MO1_ASCAST_RT,P022_OBS_C2MO1_ASCAST_RT,P022_OBS_C2MO1_ASCAST_RT,Recovered_Initial_FCC_fraction,UNRESOLVED_NA,fraction,DIRECT_XRD_OM_SEM_OR_VERIFIED_NA,Figs.1-2 pp.2-3,XRD plus OM/SEM with phase-scope safeguards,HIGH,VERIFIED_NA_EXACT_NUMERIC_FCC_FRACTION_NOT_REPORTED,EXPERIMENTAL,https://doi.org/10.1007/s10853-019-04064-9,AUDIT_SCOPE_DEPENDENT,MASTER_FIELD_MAPPING
P022,10.1007/s10853-019-04064-9,P022_SERIES01,P022_MAT_C2MO1,P022_MC_C2MO1_ASCAST_RT,P022_OBS_C2MO1_ASCAST_RT,P022_OBS_C2MO1_ASCAST_RT,Recovered_Initial_HCP_fraction,0,fraction,DIRECT_XRD_OM_SEM_OR_VERIFIED_NA,Figs.1-2 pp.2-3,XRD plus OM/SEM with phase-scope safeguards,HIGH,VERIFIED,EXPERIMENTAL,https://doi.org/10.1007/s10853-019-04064-9,AUDIT_SCOPE_DEPENDENT,MASTER_FIELD_MAPPING
P022,10.1007/s10853-019-04064-9,P022_SERIES01,P022_MAT_C2MO1,P022_MC_C2MO1_ASCAST_RT,P022_OBS_C2MO1_ASCAST_RT,P022_OBS_C2MO1_ASCAST_RT,Recovered_TWIP,1,binary,CONDITION_OR_STAGE_TARGET_EVIDENCE,Methods p.2; Figs.1-4 pp.2-5; abstract/results/conclusions,Condition-level evidence grading from verified workbook,HIGH,VERIFIED,EXPERIMENTAL,https://doi.org/10.1007/s10853-019-04064-9,TARGET_OR_TARGET_EVIDENCE_NOT_PREDICTOR,MASTER_FIELD_MAPPING
P022,10.1007/s10853-019-04064-9,P022_SERIES01,P022_MAT_C2MO1,P022_MC_C2MO1_ASCAST_RT,P022_OBS_C2MO1_ASCAST_RT,P022_OBS_C2MO1_ASCAST_RT,Effective_TRIP,UNRESOLVED_NA,binary,CONDITION_OR_STAGE_TARGET_EVIDENCE,Methods p.2; Figs.1-4 pp.2-5; abstract/results/conclusions,Condition-level evidence grading from verified workbook,HIGH,VERIFIED_NA_INSUFFICIENT_CONDITION_LEVEL_EVIDENCE,EXPERIMENTAL,https://doi.org/10.1007/s10853-019-04064-9,TARGET_OR_TARGET_EVIDENCE_NOT_PREDICTOR,MASTER_FIELD_MAPPING
P022,10.1007/s10853-019-04064-9,P022_SERIES01,P022_MAT_C2MO1,P022_MC_C2MO1_ASCAST_RT,P022_OBS_C2MO1_ASCAST_RT,P022_OBS_C2MO1_ASCAST_RT,Effective_TWIP,1,binary,CONDITION_OR_STAGE_TARGET_EVIDENCE,Methods p.2; Figs.1-4 pp.2-5; abstract/results/conclusions,Condition-level evidence grading from verified workbook,HIGH,VERIFIED,EXPERIMENTAL,https://doi.org/10.1007/s10853-019-04064-9,TARGET_OR_TARGET_EVIDENCE_NOT_PREDICTOR,MASTER_FIELD_MAPPING
P022,10.1007/s10853-019-04064-9,P022_SERIES01,P022_MAT_C2MO1,P022_MC_C2MO1_ASCAST_RT,P022_OBS_C2MO1_ASCAST_RT,P022_OBS_C2MO1_ASCAST_RT,Study_Series_ID,P022_SERIES01,as reported,HIERARCHY_INTEGRATION,"Verified material-parent, condition, and stage sheets",Source-defined hierarchy with correlated stage-child control,HIGH,VERIFIED,EXPERIMENTAL,https://doi.org/10.1007/s10853-019-04064-9,AUDIT_SCOPE_DEPENDENT,MASTER_FIELD_MAPPING
P022,10.1007/s10853-019-04064-9,P022_SERIES01,P022_MAT_C2MO1,P022_MC_C2MO1_ASCAST_RT,P022_OBS_C2MO1_ASCAST_RT,P022_OBS_C2MO1_ASCAST_RT,Material_Parent_ID,P022_MAT_C2MO1,as reported,HIERARCHY_INTEGRATION,"Verified material-parent, condition, and stage sheets",Source-defined hierarchy with correlated stage-child control,HIGH,VERIFIED,EXPERIMENTAL,https://doi.org/10.1007/s10853-019-04064-9,AUDIT_SCOPE_DEPENDENT,MASTER_FIELD_MAPPING
P022,10.1007/s10853-019-04064-9,P022_SERIES01,P022_MAT_C2MO1,P022_MC_C2MO1_ASCAST_RT,P022_OBS_C2MO1_ASCAST_RT,P022_OBS_C2MO1_ASCAST_RT,Physical_Batch_ID,UNRESOLVED_NA,as reported,HIERARCHY_INTEGRATION,"Verified material-parent, condition, and stage sheets",Source-defined hierarchy with correlated stage-child control,HIGH,VERIFIED_NA_NOT_SOURCE_SUPPORTED_NO_PSEUDOREPLICATION,EXPERIMENTAL,https://doi.org/10.1007/s10853-019-04064-9,AUDIT_SCOPE_DEPENDENT,MASTER_FIELD_MAPPING
P022,10.1007/s10853-019-04064-9,P022_SERIES01,P022_MAT_C2MO1,P022_MC_C2MO1_ASCAST_RT,P022_OBS_C2MO1_ASCAST_RT,P022_OBS_C2MO1_ASCAST_RT,Replicate_ID,UNRESOLVED_NA,as reported,HIERARCHY_INTEGRATION,"Verified material-parent, condition, and stage sheets",Source-defined hierarchy with correlated stage-child control,HIGH,VERIFIED_NA_NOT_SOURCE_SUPPORTED_NO_PSEUDOREPLICATION,EXPERIMENTAL,https://doi.org/10.1007/s10853-019-04064-9,AUDIT_SCOPE_DEPENDENT,MASTER_FIELD_MAPPING
P022,10.1007/s10853-019-04064-9,P022_SERIES01,P022_MAT_C2MO1,P022_MC_C2MO1_ASCAST_RT,P022_OBS_C2MO1_ASCAST_RT,P022_OBS_C2MO1_ASCAST_RT,Leakage_Group_Strict,P022_SERIES01,as reported,HIERARCHY_INTEGRATION,"Verified material-parent, condition, and stage sheets",Source-defined hierarchy with correlated stage-child control,HIGH,VERIFIED,EXPERIMENTAL,https://doi.org/10.1007/s10853-019-04064-9,AUDIT_SCOPE_DEPENDENT,MASTER_FIELD_MAPPING
P022,10.1007/s10853-019-04064-9,P022_SERIES01,P022_MAT_C2MO1,P022_MC_C2MO1_ASCAST_RT,P022_OBS_C2MO1_ASCAST_RT,P022_OBS_C2MO1_ASCAST_RT,Leakage_Group_Material,P022_MAT_C2MO1,as reported,HIERARCHY_INTEGRATION,"Verified material-parent, condition, and stage sheets",Source-defined hierarchy with correlated stage-child control,HIGH,VERIFIED,EXPERIMENTAL,https://doi.org/10.1007/s10853-019-04064-9,AUDIT_SCOPE_DEPENDENT,MASTER_FIELD_MAPPING
P022,10.1007/s10853-019-04064-9,P022_SERIES01,P022_MAT_C2MO1,P022_MC_C2MO1_ASCAST_RT,P022_OBS_C2MO1_ASCAST_RT,P022_OBS_C2MO1_ASCAST_RT,Parent_ML_Condition_ID,P022_MC_C2MO1_ASCAST_RT,as reported,HIERARCHY_INTEGRATION,"Verified material-parent, condition, and stage sheets",Source-defined hierarchy with correlated stage-child control,HIGH,VERIFIED,EXPERIMENTAL,https://doi.org/10.1007/s10853-019-04064-9,AUDIT_SCOPE_DEPENDENT,MASTER_FIELD_MAPPING
P022,10.1007/s10853-019-04064-9,P022_SERIES01,P022_MAT_C2MO1,P022_MC_C2MO1_ASCAST_RT,P022_OBS_C2MO1_ASCAST_RT,P022_OBS_C2MO1_ASCAST_RT,UTS_mean,658,MPa,DIRECT_APPROX_TEXT_OR_VERIFIED_NA,Methods p.2; Figs.1-4 pp.2-5; abstract/results/conclusions,Engineering tensile response; Figure 3 not digitized,HIGH,VERIFIED,EXPERIMENTAL,https://doi.org/10.1007/s10853-019-04064-9,MECHANICAL_OUTCOME_LEAKAGE,MASTER_FIELD_MAPPING
P022,10.1007/s10853-019-04064-9,P022_SERIES01,P022_MAT_C2MO1,P022_MC_C2MO1_ASCAST_RT,P022_OBS_C2MO1_ASCAST_RT,P022_OBS_C2MO1_ASCAST_RT,TE_mean,89.8,%,DIRECT_APPROX_TEXT_OR_VERIFIED_NA,Methods p.2; Figs.1-4 pp.2-5; abstract/results/conclusions,Engineering tensile response; Figure 3 not digitized,HIGH,VERIFIED,EXPERIMENTAL,https://doi.org/10.1007/s10853-019-04064-9,MECHANICAL_OUTCOME_LEAKAGE,MASTER_FIELD_MAPPING
P022,10.1007/s10853-019-04064-9,P022_SERIES01,P022_MAT_C2MO1,P022_MC_C2MO1_ASCAST_RT,P022_OBS_C2MO1_ASCAST_RT,P022_OBS_C2MO1_ASCAST_RT,Replicate_n,UNRESOLVED_NA,as reported,HIERARCHY_INTEGRATION,"Verified material-parent, condition, and stage sheets",Source-defined hierarchy with correlated stage-child control,HIGH,VERIFIED_NA_NOT_SOURCE_SUPPORTED_NO_PSEUDOREPLICATION,EXPERIMENTAL,https://doi.org/10.1007/s10853-019-04064-9,AUDIT_SCOPE_DEPENDENT,MASTER_FIELD_MAPPING
P022,10.1007/s10853-019-04064-9,P022_SERIES01,P022_MAT_C2MO1,P022_MC_C2MO1_ASCAST_RT,P022_OBS_C2MO1_ASCAST_RT,P022_OBS_C2MO1_ASCAST_RT,Recovered_Bulk_Composition_at_pct,UNRESOLVED_NA,as reported,DIRECT_TEXT_OR_VERIFIED_NA,Materials and methods p.2; tensile condition p.3,Source text without chemistry normalization or temperature/rate inference,HIGH,VERIFIED_NA_NO_QUANTITATIVE_POSTMELT_BULK_CHEMISTRY,EXPERIMENTAL,https://doi.org/10.1007/s10853-019-04064-9,AUDIT_SCOPE_DEPENDENT,MASTER_FIELD_MAPPING
P022,10.1007/s10853-019-04064-9,P022_SERIES01,P022_MAT_C2MO1,P022_MC_C2MO1_ASCAST_RT,P022_OBS_C2MO1_ASCAST_RT,P022_OBS_C2MO1_ASCAST_RT,Recovered_Composition_Status,NOMINAL_ORIGINAL_ATOMIC_RATIO_ONLY_NO_QUANTITATIVE_POSTMELT_BULK_CHEMISTRY_REPORTED,as reported,DIRECT_TEXT_OR_VERIFIED_NA,Materials and methods p.2; tensile condition p.3,Source text without chemistry normalization or temperature/rate inference,HIGH,VERIFIED,EXPERIMENTAL,https://doi.org/10.1007/s10853-019-04064-9,AUDIT_SCOPE_DEPENDENT,MASTER_FIELD_MAPPING
P022,10.1007/s10853-019-04064-9,P022_SERIES01,P022_MAT_C2MO1,P022_MC_C2MO1_ASCAST_RT,P022_OBS_C2MO1_ASCAST_RT,P022_OBS_C2MO1_ASCAST_RT,Recovered_Initial_HCP_status,DIRECT_XRD_HCP_FRACTION_ZERO,as reported,DIRECT_XRD_OM_SEM_OR_VERIFIED_NA,Figs.1-2 pp.2-3,XRD plus OM/SEM with phase-scope safeguards,HIGH,VERIFIED,EXPERIMENTAL,https://doi.org/10.1007/s10853-019-04064-9,AUDIT_SCOPE_DEPENDENT,MASTER_FIELD_MAPPING
P022,10.1007/s10853-019-04064-9,P022_SERIES01,P022_MAT_C2MO1,P022_MC_C2MO1_ASCAST_RT,P022_OBS_C2MO1_ASCAST_RT,P022_OBS_C2MO1_ASCAST_RT,Independent_ML_sample,True,as reported,HIERARCHY_INTEGRATION,"Verified material-parent, condition, and stage sheets",Source-defined hierarchy with correlated stage-child control,HIGH,VERIFIED,EXPERIMENTAL,https://doi.org/10.1007/s10853-019-04064-9,AUDIT_SCOPE_DEPENDENT,MASTER_FIELD_MAPPING
P022,10.1007/s10853-019-04064-9,P022_SERIES01,P022_MAT_C2MO1,P022_MC_C2MO1_ASCAST_RT,P022_OBS_C2MO1_ASCAST_RT,P022_OBS_C2MO1_ASCAST_RT,Nominal_Composition_at_pct,UNRESOLVED_NA,as reported,DIRECT_TEXT_OR_VERIFIED_NA,Materials and methods p.2; tensile condition p.3,Source text without chemistry normalization or temperature/rate inference,HIGH,VERIFIED_NA_ATOMIC_RATIO_FORMULA_NOT_NORMALIZED_TO_ATPCT,EXPERIMENTAL,https://doi.org/10.1007/s10853-019-04064-9,AUDIT_SCOPE_DEPENDENT,MASTER_FIELD_MAPPING
P022,10.1007/s10853-019-04064-9,P022_SERIES01,P022_MAT_C2MO1,P022_MC_C2MO1_ASCAST_RT,P022_OBS_C2MO1_ASCAST_RT,P022_OBS_C2MO1_ASCAST_RT,Measured_Composition_Status,NO_QUANTITATIVE_POSTMELT_BULK_CHEMISTRY_REPORTED,as reported,DIRECT_TEXT_OR_VERIFIED_NA,Materials and methods p.2; tensile condition p.3,Source text without chemistry normalization or temperature/rate inference,HIGH,VERIFIED,EXPERIMENTAL,https://doi.org/10.1007/s10853-019-04064-9,AUDIT_SCOPE_DEPENDENT,MASTER_FIELD_MAPPING
P022,10.1007/s10853-019-04064-9,P022_SERIES01,P022_MAT_C2MO1,P022_MC_C2MO1_ASCAST_RT,P022_OBS_C2MO1_ASCAST_RT,P022_OBS_C2MO1_ASCAST_RT,Initial_Phase_State_Qualitative,XRD_SINGLE_FCC,as reported,DIRECT_XRD_OM_SEM_OR_VERIFIED_NA,Figs.1-2 pp.2-3,XRD plus OM/SEM with phase-scope safeguards,HIGH,VERIFIED,EXPERIMENTAL,https://doi.org/10.1007/s10853-019-04064-9,AUDIT_SCOPE_DEPENDENT,MASTER_FIELD_MAPPING
P022,10.1007/s10853-019-04064-9,P022_SERIES01,P022_MAT_C2MO1,P022_MC_C2MO1_ASCAST_RT,P022_OBS_C2MO1_ASCAST_RT,P022_OBS_C2MO1_ASCAST_RT,Initial_Phase_Status,DIRECT_XRD_WITH_MICROSCOPY_CONTEXT,as reported,DIRECT_XRD_OM_SEM_OR_VERIFIED_NA,Figs.1-2 pp.2-3,XRD plus OM/SEM with phase-scope safeguards,HIGH,VERIFIED,EXPERIMENTAL,https://doi.org/10.1007/s10853-019-04064-9,AUDIT_SCOPE_DEPENDENT,MASTER_FIELD_MAPPING
P022,10.1007/s10853-019-04064-9,P022_SERIES01,P022_MAT_C2MO1,P022_MC_C2MO1_ASCAST_RT,P022_OBS_C2MO1_ASCAST_RT,P022_OBS_C2MO1_ASCAST_RT,Processing_State_ID,AS_CAST,as reported,DIRECT_TEXT_OR_VERIFIED_NA,Materials and methods p.2; tensile condition p.3,Source text without chemistry normalization or temperature/rate inference,HIGH,VERIFIED,EXPERIMENTAL,https://doi.org/10.1007/s10853-019-04064-9,AUDIT_SCOPE_DEPENDENT,MASTER_FIELD_MAPPING
P022,10.1007/s10853-019-04064-9,P022_SERIES01,P022_MAT_C2MO1,P022_MC_C2MO1_ASCAST_RT,P022_OBS_C2MO1_ASCAST_RT,P022_OBS_C2MO1_ASCAST_RT,Measured_Composition_at_pct,UNRESOLVED_NA,as reported,DIRECT_TEXT_OR_VERIFIED_NA,Materials and methods p.2; tensile condition p.3,Source text without chemistry normalization or temperature/rate inference,HIGH,VERIFIED_NA_NO_QUANTITATIVE_POSTMELT_BULK_CHEMISTRY,EXPERIMENTAL,https://doi.org/10.1007/s10853-019-04064-9,AUDIT_SCOPE_DEPENDENT,MASTER_FIELD_MAPPING
P022,10.1007/s10853-019-04064-9,P022_SERIES01,P022_MAT_C2MO1,P022_MC_C2MO1_ASCAST_RT,P022_OBS_C2MO1_ASCAST_RT,P022_OBS_C2MO1_ASCAST_RT,Test_T_Raw,room temperature,as reported,DIRECT_TEXT_OR_VERIFIED_NA,Materials and methods p.2; tensile condition p.3,Source text without chemistry normalization or temperature/rate inference,HIGH,VERIFIED,EXPERIMENTAL,https://doi.org/10.1007/s10853-019-04064-9,AUDIT_SCOPE_DEPENDENT,MASTER_FIELD_MAPPING
P022,10.1007/s10853-019-04064-9,P022_SERIES01,P022_MAT_C2MO1,P022_MC_C2MO1_ASCAST_RT,P022_OBS_C2MO1_ASCAST_RT,P022_OBS_C2MO1_ASCAST_RT,Composition_Status,NOMINAL_ORIGINAL_ATOMIC_RATIO_ONLY_NO_QUANTITATIVE_POSTMELT_BULK_CHEMISTRY_REPORTED,as reported,DIRECT_TEXT_OR_VERIFIED_NA,Materials and methods p.2; tensile condition p.3,Source text without chemistry normalization or temperature/rate inference,HIGH,VERIFIED,EXPERIMENTAL,https://doi.org/10.1007/s10853-019-04064-9,AUDIT_SCOPE_DEPENDENT,MASTER_FIELD_MAPPING
P022,10.1007/s10853-019-04064-9,P022_SERIES01,P022_MAT_C2MO1,P022_MC_C2MO1_ASCAST_RT,P022_OBS_C2MO1_ASCAST_RT,P022_OBS_C2MO1_ASCAST_RT,Initial_HCP_Status,DIRECT_XRD_SINGLE_FCC_HCP_ABSENT,as reported,DIRECT_XRD_OM_SEM_OR_VERIFIED_NA,Figs.1-2 pp.2-3,XRD plus OM/SEM with phase-scope safeguards,HIGH,VERIFIED,EXPERIMENTAL,https://doi.org/10.1007/s10853-019-04064-9,AUDIT_SCOPE_DEPENDENT,MASTER_FIELD_MAPPING
P022,10.1007/s10853-019-04064-9,P022_SERIES01,P022_MAT_C2MO1,P022_MC_C2MO1_ASCAST_RT,P022_OBS_C2MO1_ASCAST_RT,P022_OBS_C2MO1_ASCAST_RT,Initial_HCP_Origin,NOT_PRESENT_BY_XRD,as reported,DIRECT_XRD_OM_SEM_OR_VERIFIED_NA,Figs.1-2 pp.2-3,XRD plus OM/SEM with phase-scope safeguards,HIGH,VERIFIED,EXPERIMENTAL,https://doi.org/10.1007/s10853-019-04064-9,AUDIT_SCOPE_DEPENDENT,MASTER_FIELD_MAPPING
P022,10.1007/s10853-019-04064-9,P022_SERIES01,P022_MAT_C2MO1,P022_MC_C2MO1_ASCAST_RT,P022_OBS_C2MO1_ASCAST_RT,P022_OBS_C2MO1_ASCAST_RT,Test_T_Status,SOURCE_TEXT_ROOM_TEMPERATURE_EXACT_NUMERIC_K_NOT_REPORTED,as reported,DIRECT_TEXT_OR_VERIFIED_NA,Materials and methods p.2; tensile condition p.3,Source text without chemistry normalization or temperature/rate inference,HIGH,VERIFIED,EXPERIMENTAL,https://doi.org/10.1007/s10853-019-04064-9,AUDIT_SCOPE_DEPENDENT,MASTER_FIELD_MAPPING
P022,10.1007/s10853-019-04064-9,P022_SERIES01,P022_MAT_C2MO1,P022_MC_C2MO1_ASCAST_RT,P022_OBS_C2MO1_ASCAST_RT,P022_OBS_C2MO1_ASCAST_RT,Raw_Material_Purity,>99.9 wt.%,as reported,DIRECT_TEXT_OR_VERIFIED_NA,Materials and methods p.2; tensile condition p.3,Source text without chemistry normalization or temperature/rate inference,HIGH,VERIFIED,EXPERIMENTAL,https://doi.org/10.1007/s10853-019-04064-9,AUDIT_SCOPE_DEPENDENT,MASTER_FIELD_MAPPING
P022,10.1007/s10853-019-04064-9,P022_SERIES01,P022_MAT_C2MO1,P022_MC_C2MO1_ASCAST_RT,P022_OBS_C2MO1_ASCAST_RT,P022_OBS_C2MO1_ASCAST_RT,Grain_Size_Status,QUALITATIVE_ONLY,as reported,DIRECT_XRD_OM_SEM_OR_VERIFIED_NA,Figs.1-2 pp.2-3,XRD plus OM/SEM with phase-scope safeguards,HIGH,VERIFIED,EXPERIMENTAL,https://doi.org/10.1007/s10853-019-04064-9,AUDIT_SCOPE_DEPENDENT,MASTER_FIELD_MAPPING
P022,10.1007/s10853-019-04064-9,P022_SERIES01,P022_MAT_C2MO1,P022_MC_C2MO1_ASCAST_RT,P022_OBS_C2MO1_ASCAST_RT,P022_OBS_C2MO1_ASCAST_RT,Engineering_YS_MPa,UNRESOLVED_NA,MPa,DIRECT_APPROX_TEXT_OR_VERIFIED_NA,Methods p.2; Figs.1-4 pp.2-5; abstract/results/conclusions,Engineering tensile response; Figure 3 not digitized,HIGH,VERIFIED_NA_NOT_EXPLICIT_DIRECT_TEXT_NO_FIGURE_DIGITIZATION,EXPERIMENTAL,https://doi.org/10.1007/s10853-019-04064-9,MECHANICAL_OUTCOME_LEAKAGE,MASTER_FIELD_MAPPING
P022,10.1007/s10853-019-04064-9,P022_SERIES01,P022_MAT_C2MO1,P022_MC_C2MO1_ASCAST_RT,P022_OBS_C2MO1_ASCAST_RT,P022_OBS_C2MO1_ASCAST_RT,Engineering_UTS_MPa,658,MPa,DIRECT_APPROX_TEXT_OR_VERIFIED_NA,Methods p.2; Figs.1-4 pp.2-5; abstract/results/conclusions,Engineering tensile response; Figure 3 not digitized,HIGH,VERIFIED,EXPERIMENTAL,https://doi.org/10.1007/s10853-019-04064-9,MECHANICAL_OUTCOME_LEAKAGE,MASTER_FIELD_MAPPING
P022,10.1007/s10853-019-04064-9,P022_SERIES01,P022_MAT_C2MO1,P022_MC_C2MO1_ASCAST_RT,P022_OBS_C2MO1_ASCAST_RT,P022_OBS_C2MO1_ASCAST_RT,Engineering_Elongation_pct,89.8,%,DIRECT_APPROX_TEXT_OR_VERIFIED_NA,Methods p.2; Figs.1-4 pp.2-5; abstract/results/conclusions,Engineering tensile response; Figure 3 not digitized,HIGH,VERIFIED,EXPERIMENTAL,https://doi.org/10.1007/s10853-019-04064-9,MECHANICAL_OUTCOME_LEAKAGE,MASTER_FIELD_MAPPING
P022,10.1007/s10853-019-04064-9,P022_SERIES01,P022_MAT_C2MO1,P022_MC_C2MO1_ASCAST_RT,P022_OBS_C2MO1_ASCAST_RT,P022_OBS_C2MO1_ASCAST_RT,SFE_Value_Status,NOT_REPORTED_CURRENT_ALLOY_NUMERIC,as reported,QUALITATIVE_DIRECTION_OR_VERIFIED_GAP,Introduction/results and whole-paper review,No current-alloy numeric SFE or DeltaG; no cross-paper transfer,HIGH,VERIFIED,EXPERIMENTAL,https://doi.org/10.1007/s10853-019-04064-9,NOT_SAFE_AS_DIRECT_NUMERIC_SFE_OR_DELTAG,MASTER_FIELD_MAPPING
P022,10.1007/s10853-019-04064-9,P022_SERIES01,P022_MAT_C2MO1,P022_MC_C2MO1_ASCAST_RT,P022_OBS_C2MO1_ASCAST_RT,P022_OBS_C2MO1_ASCAST_RT,SFE_Data_Origin,CURRENT_PAPER_GAP,as reported,QUALITATIVE_DIRECTION_OR_VERIFIED_GAP,Introduction/results and whole-paper review,No current-alloy numeric SFE or DeltaG; no cross-paper transfer,HIGH,VERIFIED,EXPERIMENTAL,https://doi.org/10.1007/s10853-019-04064-9,NOT_SAFE_AS_DIRECT_NUMERIC_SFE_OR_DELTAG,MASTER_FIELD_MAPPING
P022,10.1007/s10853-019-04064-9,P022_SERIES01,P022_MAT_C2MO1,P022_MC_C2MO1_ASCAST_RT,P022_OBS_C2MO1_ASCAST_RT,P022_OBS_C2MO1_ASCAST_RT,Independent_Experimental_ML_sample,True,as reported,HIERARCHY_INTEGRATION,"Verified material-parent, condition, and stage sheets",Source-defined hierarchy with correlated stage-child control,HIGH,VERIFIED,EXPERIMENTAL,https://doi.org/10.1007/s10853-019-04064-9,AUDIT_SCOPE_DEPENDENT,MASTER_FIELD_MAPPING
P022,10.1007/s10853-019-04064-9,P022_SERIES01,P022_MAT_C2MO1,P022_MC_C2MO1_ASCAST_RT,P022_OBS_C2MO1_ASCAST_RT,P022_OBS_C2MO1_ASCAST_RT,Experimental_Target_Eligibility,True,as reported,HIERARCHY_INTEGRATION,"Verified material-parent, condition, and stage sheets",Source-defined hierarchy with correlated stage-child control,HIGH,VERIFIED,EXPERIMENTAL,https://doi.org/10.1007/s10853-019-04064-9,AUDIT_SCOPE_DEPENDENT,MASTER_FIELD_MAPPING
P022,10.1007/s10853-019-04064-9,P022_SERIES01,P022_MAT_C2MO1,P022_MC_C2MO1_ASCAST_RT,P022_OBS_C2MO1_ASCAST_RT,P022_OBS_C2MO1_ASCAST_RT,Measured_Bulk_Composition,UNRESOLVED_NA,as reported,DIRECT_TEXT_OR_VERIFIED_NA,Materials and methods p.2; tensile condition p.3,Source text without chemistry normalization or temperature/rate inference,HIGH,VERIFIED_NA_NO_QUANTITATIVE_POSTMELT_BULK_CHEMISTRY,EXPERIMENTAL,https://doi.org/10.1007/s10853-019-04064-9,AUDIT_SCOPE_DEPENDENT,MASTER_FIELD_MAPPING
P022,10.1007/s10853-019-04064-9,P022_SERIES01,P022_MAT_C2MO1,P022_MC_C2MO1_ASCAST_RT,P022_OBS_C2MO1_ASCAST_RT,P022_OBS_C2MO1_ASCAST_RT,Loading_Mode,Uniaxial tension,as reported,DIRECT_TEXT_OR_VERIFIED_NA,Materials and methods p.2; tensile condition p.3,Source text without chemistry normalization or temperature/rate inference,HIGH,VERIFIED,EXPERIMENTAL,https://doi.org/10.1007/s10853-019-04064-9,AUDIT_SCOPE_DEPENDENT,MASTER_FIELD_MAPPING
P022,10.1007/s10853-019-04064-9,P022_SERIES01,P022_MAT_C2MO1,P022_MC_C2MO1_ASCAST_RT,P022_OBS_C2MO1_ASCAST_RT,P022_OBS_C2MO1_ASCAST_RT,Initial_Phase,XRD_SINGLE_FCC,as reported,DIRECT_XRD_OM_SEM_OR_VERIFIED_NA,Figs.1-2 pp.2-3,XRD plus OM/SEM with phase-scope safeguards,HIGH,VERIFIED,EXPERIMENTAL,https://doi.org/10.1007/s10853-019-04064-9,AUDIT_SCOPE_DEPENDENT,MASTER_FIELD_MAPPING
P022,10.1007/s10853-019-04064-9,P022_SERIES01,P022_MAT_C2MO1,P022_MC_C2MO1_ASCAST_RT,P022_OBS_C2MO1_ASCAST_RT,P022_OBS_C2MO1_ASCAST_RT,Mechanical_Value_Status,APPROX_DIRECT_TEXT,as reported,DIRECT_APPROX_TEXT_OR_VERIFIED_NA,Methods p.2; Figs.1-4 pp.2-5; abstract/results/conclusions,Engineering tensile response; Figure 3 not digitized,HIGH,VERIFIED,EXPERIMENTAL,https://doi.org/10.1007/s10853-019-04064-9,MECHANICAL_OUTCOME_LEAKAGE,MASTER_FIELD_MAPPING
P022,10.1007/s10853-019-04064-9,P022_SERIES01,P022_MAT_C2MO1,P022_MC_C2MO1_ASCAST_RT,P022_OBS_C2MO1_ASCAST_RT,P022_OBS_C2MO1_ASCAST_RT,Mechanical_Predictor_Eligibility,MECHANICAL_OUTCOME_LEAKAGE,as reported,DIRECT_APPROX_TEXT_OR_VERIFIED_NA,Methods p.2; Figs.1-4 pp.2-5; abstract/results/conclusions,Engineering tensile response; Figure 3 not digitized,HIGH,VERIFIED,EXPERIMENTAL,https://doi.org/10.1007/s10853-019-04064-9,MECHANICAL_OUTCOME_LEAKAGE,MASTER_FIELD_MAPPING
P022,10.1007/s10853-019-04064-9,P022_SERIES01,P022_MAT_C2MO1,P022_MC_C2MO1_ASCAST_RT,P022_OBS_C2MO1_ASCAST_RT,P022_OBS_C2MO1_ASCAST_RT,TRIP_Evidence_Type,NO_CONDITION_SPECIFIC_POST_TEST_PHASE_CHARACTERIZATION,as reported,CONDITION_OR_STAGE_TARGET_EVIDENCE,Methods p.2; Figs.1-4 pp.2-5; abstract/results/conclusions,Condition-level evidence grading from verified workbook,HIGH,VERIFIED,EXPERIMENTAL,https://doi.org/10.1007/s10853-019-04064-9,TARGET_OR_TARGET_EVIDENCE_NOT_PREDICTOR,MASTER_FIELD_MAPPING
P022,10.1007/s10853-019-04064-9,P022_SERIES01,P022_MAT_C2MO1,P022_MC_C2MO1_ASCAST_RT,P022_OBS_C2MO1_ASCAST_RT,P022_OBS_C2MO1_ASCAST_RT,TWIP_Evidence_Type,DIRECT_EBSD_DEFORMATION_TWIN_BOUNDARIES_AT_40PCT,as reported,CONDITION_OR_STAGE_TARGET_EVIDENCE,Methods p.2; Figs.1-4 pp.2-5; abstract/results/conclusions,Condition-level evidence grading from verified workbook,HIGH,VERIFIED,EXPERIMENTAL,https://doi.org/10.1007/s10853-019-04064-9,TARGET_OR_TARGET_EVIDENCE_NOT_PREDICTOR,MASTER_FIELD_MAPPING
P022,10.1007/s10853-019-04064-9,P022_SERIES01,P022_MAT_C2MO1,P022_MC_C2MO1_ASCAST_RT,P022_OBS_C2MO1_ASCAST_RT,P022_OBS_C2MO1_ASCAST_RT,Negative_Evidence_Status,INSUFFICIENT_FOR_ZERO,as reported,CONDITION_OR_STAGE_TARGET_EVIDENCE,Methods p.2; Figs.1-4 pp.2-5; abstract/results/conclusions,Condition-level evidence grading from verified workbook,HIGH,VERIFIED,EXPERIMENTAL,https://doi.org/10.1007/s10853-019-04064-9,TARGET_OR_TARGET_EVIDENCE_NOT_PREDICTOR,MASTER_FIELD_MAPPING
P022,10.1007/s10853-019-04064-9,P022_SERIES01,P022_MAT_C2MO1,P022_MC_C2MO1_ASCAST_RT,P022_OBS_C2MO1_ASCAST_RT,P022_OBS_C2MO1_ASCAST_RT,Condition_Level_Target_Evidence,C2Mo1 shows the largest deformation-twin population among C2/C2Mo1/C2Mo2 at 40% strain.,as reported,CONDITION_OR_STAGE_TARGET_EVIDENCE,Methods p.2; Figs.1-4 pp.2-5; abstract/results/conclusions,Condition-level evidence grading from verified workbook,HIGH,VERIFIED,EXPERIMENTAL,https://doi.org/10.1007/s10853-019-04064-9,TARGET_OR_TARGET_EVIDENCE_NOT_PREDICTOR,MASTER_FIELD_MAPPING
P022,10.1007/s10853-019-04064-9,P022_SERIES01,P022_MAT_C2MO1,P022_MC_C2MO1_ASCAST_RT,P022_OBS_C2MO1_ASCAST_RT,P022_OBS_C2MO1_ASCAST_RT,Target_Evidence_Confidence,HIGH,as reported,CONDITION_OR_STAGE_TARGET_EVIDENCE,Methods p.2; Figs.1-4 pp.2-5; abstract/results/conclusions,Condition-level evidence grading from verified workbook,HIGH,VERIFIED,EXPERIMENTAL,https://doi.org/10.1007/s10853-019-04064-9,TARGET_OR_TARGET_EVIDENCE_NOT_PREDICTOR,MASTER_FIELD_MAPPING
P022,10.1007/s10853-019-04064-9,P022_SERIES01,P022_MAT_C2MO1,P022_MC_C2MO1_ASCAST_RT,P022_OBS_C2MO1_ASCAST_RT,P022_OBS_C2MO1_ASCAST_RT,DeltaG_Value_Status,NOT_REPORTED,as reported,QUALITATIVE_DIRECTION_OR_VERIFIED_GAP,Introduction/results and whole-paper review,No current-alloy numeric SFE or DeltaG; no cross-paper transfer,HIGH,VERIFIED,EXPERIMENTAL,https://doi.org/10.1007/s10853-019-04064-9,NOT_SAFE_AS_DIRECT_NUMERIC_SFE_OR_DELTAG,MASTER_FIELD_MAPPING
P022,10.1007/s10853-019-04064-9,P022_SERIES01,P022_MAT_C2MO1,P022_MC_C2MO1_ASCAST_RT,P022_OBS_C2MO1_ASCAST_RT,P022_OBS_C2MO1_ASCAST_RT,DeltaG_Data_Origin,CURRENT_PAPER_GAP,as reported,QUALITATIVE_DIRECTION_OR_VERIFIED_GAP,Introduction/results and whole-paper review,No current-alloy numeric SFE or DeltaG; no cross-paper transfer,HIGH,VERIFIED,EXPERIMENTAL,https://doi.org/10.1007/s10853-019-04064-9,NOT_SAFE_AS_DIRECT_NUMERIC_SFE_OR_DELTAG,MASTER_FIELD_MAPPING
P022,10.1007/s10853-019-04064-9,P022_SERIES01,P022_MAT_C2MO1,P022_MC_C2MO1_ASCAST_RT,P022_OBS_C2MO1_ASCAST_RT,P022_OBS_C2MO1_ASCAST_RT,Journal,Journal of Materials Science,as reported,SOURCE_IDENTITY,Verified article identity / whole paper,Verified PDF and bibliographic DOI identity,HIGH,VERIFIED,EXPERIMENTAL,https://doi.org/10.1007/s10853-019-04064-9,AUDIT_SCOPE_DEPENDENT,MASTER_FIELD_MAPPING
P022,10.1007/s10853-019-04064-9,P022_SERIES01,P022_MAT_C2MO1,P022_MC_C2MO1_ASCAST_RT,P022_OBS_C2MO1_ASCAST_RT,P022_OBS_C2MO1_ASCAST_RT,Volume,55,as reported,SOURCE_IDENTITY,Verified article identity / whole paper,Verified PDF and bibliographic DOI identity,HIGH,VERIFIED,EXPERIMENTAL,https://doi.org/10.1007/s10853-019-04064-9,AUDIT_SCOPE_DEPENDENT,MASTER_FIELD_MAPPING
P022,10.1007/s10853-019-04064-9,P022_SERIES01,P022_MAT_C2MO1,P022_MC_C2MO1_ASCAST_RT,P022_OBS_C2MO1_ASCAST_RT,P022_OBS_C2MO1_ASCAST_RT,Issue,5,as reported,SOURCE_IDENTITY,Verified article identity / whole paper,Verified PDF and bibliographic DOI identity,HIGH,VERIFIED,EXPERIMENTAL,https://doi.org/10.1007/s10853-019-04064-9,AUDIT_SCOPE_DEPENDENT,MASTER_FIELD_MAPPING
P022,10.1007/s10853-019-04064-9,P022_SERIES01,P022_MAT_C2MO1,P022_MC_C2MO1_ASCAST_RT,P022_OBS_C2MO1_ASCAST_RT,P022_OBS_C2MO1_ASCAST_RT,Pages,2239-2244,as reported,SOURCE_IDENTITY,Verified article identity / whole paper,Verified PDF and bibliographic DOI identity,HIGH,VERIFIED,EXPERIMENTAL,https://doi.org/10.1007/s10853-019-04064-9,AUDIT_SCOPE_DEPENDENT,MASTER_FIELD_MAPPING
P022,10.1007/s10853-019-04064-9,P022_SERIES01,P022_MAT_C2MO1,P022_MC_C2MO1_ASCAST_RT,P022_OBS_C2MO1_ASCAST_RT,P022_OBS_C2MO1_ASCAST_RT,Publication_Year,2020,as reported,SOURCE_IDENTITY,Verified article identity / whole paper,Verified PDF and bibliographic DOI identity,HIGH,VERIFIED,EXPERIMENTAL,https://doi.org/10.1007/s10853-019-04064-9,AUDIT_SCOPE_DEPENDENT,MASTER_FIELD_MAPPING
P022,10.1007/s10853-019-04064-9,P022_SERIES01,P022_MAT_C2MO1,P022_MC_C2MO1_ASCAST_RT,P022_OBS_C2MO1_ASCAST_RT,P022_OBS_C2MO1_ASCAST_RT,Source_URL,https://doi.org/10.1007/s10853-019-04064-9,as reported,SOURCE_IDENTITY,Verified article identity / whole paper,Verified PDF and bibliographic DOI identity,HIGH,VERIFIED,EXPERIMENTAL,https://doi.org/10.1007/s10853-019-04064-9,AUDIT_SCOPE_DEPENDENT,MASTER_FIELD_MAPPING
P022,10.1007/s10853-019-04064-9,P022_SERIES01,P022_MAT_C2MO1,P022_MC_C2MO1_ASCAST_RT,P022_OBS_C2MO1_ASCAST_RT,P022_OBS_C2MO1_ASCAST_RT,Melting_Route,Arc melting under Ti-gettered high-purity Ar in water-cooled Cu crucible,as reported,DIRECT_TEXT_OR_VERIFIED_NA,Materials and methods p.2; tensile condition p.3,Source text without chemistry normalization or temperature/rate inference,HIGH,VERIFIED,EXPERIMENTAL,https://doi.org/10.1007/s10853-019-04064-9,AUDIT_SCOPE_DEPENDENT,MASTER_FIELD_MAPPING
P022,10.1007/s10853-019-04064-9,P022_SERIES01,P022_MAT_C2MO1,P022_MC_C2MO1_ASCAST_RT,P022_OBS_C2MO1_ASCAST_RT,P022_OBS_C2MO1_ASCAST_RT,Casting_Route,WATER_COOLED_CU_CRUCIBLE,as reported,DIRECT_TEXT_OR_VERIFIED_NA,Materials and methods p.2; tensile condition p.3,Source text without chemistry normalization or temperature/rate inference,HIGH,VERIFIED,EXPERIMENTAL,https://doi.org/10.1007/s10853-019-04064-9,AUDIT_SCOPE_DEPENDENT,MASTER_FIELD_MAPPING
P022,10.1007/s10853-019-04064-9,P022_SERIES01,P022_MAT_C2MO1,P022_MC_C2MO1_ASCAST_RT,P022_OBS_C2MO1_ASCAST_RT,P022_OBS_C2MO1_ASCAST_RT,Test_Metadata_Status,ROOM_TEMPERATURE_RAW_ONLY_EXACT_K_AND_TENSILE_STRAIN_RATE_NOT_REPORTED,as reported,DIRECT_TEXT_OR_VERIFIED_NA,Materials and methods p.2; tensile condition p.3,Source text without chemistry normalization or temperature/rate inference,HIGH,VERIFIED,EXPERIMENTAL,https://doi.org/10.1007/s10853-019-04064-9,AUDIT_SCOPE_DEPENDENT,MASTER_FIELD_MAPPING
P022,10.1007/s10853-019-04064-9,P022_SERIES01,P022_MAT_C2MO1,P022_MC_C2MO1_ASCAST_RT,P022_OBS_C2MO1_ASCAST_RT,P022_OBS_C2MO1_ASCAST_RT,Initial_TRIP_Target_Guardrail,PRE_EXISTING_AS_CAST_HCP_DOES_NOT_GENERATE_DEFORMATION_INDUCED_TRIP,as reported,DIRECT_XRD_OM_SEM_OR_VERIFIED_NA,Figs.1-2 pp.2-3,XRD plus OM/SEM with phase-scope safeguards,HIGH,VERIFIED,EXPERIMENTAL,https://doi.org/10.1007/s10853-019-04064-9,AUDIT_SCOPE_DEPENDENT,MASTER_FIELD_MAPPING
P022,10.1007/s10853-019-04064-9,P022_SERIES01,P022_MAT_C2MO1,P022_MC_C2MO1_ASCAST_RT,P022_OBS_C2MO1_ASCAST_RT,P022_OBS_C2MO1_ASCAST_RT,Reported_Ultimate_Strength_MPa,658,MPa,DIRECT_APPROX_TEXT_OR_VERIFIED_NA,Methods p.2; Figs.1-4 pp.2-5; abstract/results/conclusions,Engineering tensile response; Figure 3 not digitized,HIGH,VERIFIED,EXPERIMENTAL,https://doi.org/10.1007/s10853-019-04064-9,MECHANICAL_OUTCOME_LEAKAGE,MASTER_FIELD_MAPPING
P022,10.1007/s10853-019-04064-9,P022_SERIES01,P022_MAT_C2MO1,P022_MC_C2MO1_ASCAST_RT,P022_OBS_C2MO1_ASCAST_RT,P022_OBS_C2MO1_ASCAST_RT,Reported_Elongation_pct,89.8,%,DIRECT_APPROX_TEXT_OR_VERIFIED_NA,Methods p.2; Figs.1-4 pp.2-5; abstract/results/conclusions,Engineering tensile response; Figure 3 not digitized,HIGH,VERIFIED,EXPERIMENTAL,https://doi.org/10.1007/s10853-019-04064-9,MECHANICAL_OUTCOME_LEAKAGE,MASTER_FIELD_MAPPING
P022,10.1007/s10853-019-04064-9,P022_SERIES01,P022_MAT_C2MO1,P022_MC_C2MO1_ASCAST_RT,P022_OBS_C2MO1_ASCAST_RT,P022_OBS_C2MO1_ASCAST_RT,Strain_Basis_Status,ENGINEERING_TENSILE_APPROXIMATE_DIRECT_TEXT,as reported,DIRECT_APPROX_TEXT_OR_VERIFIED_NA,Methods p.2; Figs.1-4 pp.2-5; abstract/results/conclusions,Engineering tensile response; Figure 3 not digitized,HIGH,VERIFIED,EXPERIMENTAL,https://doi.org/10.1007/s10853-019-04064-9,MECHANICAL_OUTCOME_LEAKAGE,MASTER_FIELD_MAPPING
P022,10.1007/s10853-019-04064-9,P022_SERIES01,P022_MAT_C2MO1,P022_MC_C2MO1_ASCAST_RT,P022_OBS_C2MO1_ASCAST_RT,P022_OBS_C2MO1_ASCAST_RT,Target_Status,TWIP_VERIFIED_TRIP_UNRESOLVED,as reported,CONDITION_OR_STAGE_TARGET_EVIDENCE,Methods p.2; Figs.1-4 pp.2-5; abstract/results/conclusions,Condition-level evidence grading from verified workbook,HIGH,VERIFIED,EXPERIMENTAL,https://doi.org/10.1007/s10853-019-04064-9,TARGET_OR_TARGET_EVIDENCE_NOT_PREDICTOR,MASTER_FIELD_MAPPING
P022,10.1007/s10853-019-04064-9,P022_SERIES01,P022_MAT_C2MO1,P022_MC_C2MO1_ASCAST_RT,P022_OBS_C2MO1_ASCAST_RT,P022_OBS_C2MO1_ASCAST_RT,TWIP_Mode,DEFORMATION_TWINNING_DIRECT_EBSD,as reported,CONDITION_OR_STAGE_TARGET_EVIDENCE,Methods p.2; Figs.1-4 pp.2-5; abstract/results/conclusions,Condition-level evidence grading from verified workbook,HIGH,VERIFIED,EXPERIMENTAL,https://doi.org/10.1007/s10853-019-04064-9,TARGET_OR_TARGET_EVIDENCE_NOT_PREDICTOR,MASTER_FIELD_MAPPING
P022,10.1007/s10853-019-04064-9,P022_SERIES01,P022_MAT_C2MO1,P022_MC_C2MO1_ASCAST_RT,P022_OBS_C2MO1_ASCAST_RT,P022_OBS_C2MO1_ASCAST_RT,Remelt_Count_Min,5,minimum count,DIRECT_TEXT_OR_VERIFIED_NA,Materials and methods p.2; tensile condition p.3,Source text without chemistry normalization or temperature/rate inference,HIGH,VERIFIED,EXPERIMENTAL,https://doi.org/10.1007/s10853-019-04064-9,AUDIT_SCOPE_DEPENDENT,MASTER_FIELD_MAPPING
P022,10.1007/s10853-019-04064-9,P022_SERIES01,P022_MAT_C2MO1,P022_MC_C2MO1_ASCAST_RT,P022_OBS_C2MO1_ASCAST_RT,P022_OBS_C2MO1_ASCAST_RT,Remelt_Count_Status,AT_LEAST_FIVE,as reported,DIRECT_TEXT_OR_VERIFIED_NA,Materials and methods p.2; tensile condition p.3,Source text without chemistry normalization or temperature/rate inference,HIGH,VERIFIED,EXPERIMENTAL,https://doi.org/10.1007/s10853-019-04064-9,AUDIT_SCOPE_DEPENDENT,MASTER_FIELD_MAPPING
P022,10.1007/s10853-019-04064-9,P022_SERIES01,P022_MAT_C2MO1,P022_MC_C2MO1_ASCAST_RT,P022_OBS_C2MO1_ASCAST_RT,P022_OBS_C2MO1_ASCAST_RT,Test_T_C,UNRESOLVED_NA,C,DIRECT_TEXT_OR_VERIFIED_NA,Materials and methods p.2; tensile condition p.3,Source text without chemistry normalization or temperature/rate inference,HIGH,VERIFIED_NA_ROOM_TEMPERATURE_NOT_NUMERICALLY_REPORTED,EXPERIMENTAL,https://doi.org/10.1007/s10853-019-04064-9,AUDIT_SCOPE_DEPENDENT,MASTER_FIELD_MAPPING
P022,10.1007/s10853-019-04064-9,P022_SERIES01,P022_MAT_C2MO1,P022_MC_C2MO1_ASCAST_RT,P022_OBS_C2MO1_ASCAST_RT,P022_OBS_C2MO1_ASCAST_RT,SFE_Predictor_Eligibility,NOT_SAFE_AS_DIRECT_NUMERIC_SFE,as reported,QUALITATIVE_DIRECTION_OR_VERIFIED_GAP,Introduction/results and whole-paper review,No current-alloy numeric SFE or DeltaG; no cross-paper transfer,HIGH,VERIFIED,EXPERIMENTAL,https://doi.org/10.1007/s10853-019-04064-9,NOT_SAFE_AS_DIRECT_NUMERIC_SFE_OR_DELTAG,MASTER_FIELD_MAPPING
P022,10.1007/s10853-019-04064-9,P022_SERIES01,P022_MAT_C2MO1,P022_MC_C2MO1_ASCAST_RT,P022_OBS_C2MO1_ASCAST_RT,P022_OBS_C2MO1_ASCAST_RT,P022_Record_Role,RECOVERED_EXACT_PRIMARY_CONDITION,as reported,HIERARCHY_INTEGRATION,"Verified material-parent, condition, and stage sheets",Source-defined hierarchy with correlated stage-child control,HIGH,VERIFIED,EXPERIMENTAL,https://doi.org/10.1007/s10853-019-04064-9,AUDIT_SCOPE_DEPENDENT,MASTER_FIELD_MAPPING
P022,10.1007/s10853-019-04064-9,P022_SERIES01,P022_MAT_C2MO1,P022_MC_C2MO1_ASCAST_RT,P022_OBS_C2MO1_ASCAST_RT,P022_OBS_C2MO1_ASCAST_RT,P022_Target_Status,TWIP_VERIFIED_TRIP_UNRESOLVED,as reported,CONDITION_OR_STAGE_TARGET_EVIDENCE,Methods p.2; Figs.1-4 pp.2-5; abstract/results/conclusions,Condition-level evidence grading from verified workbook,HIGH,VERIFIED,EXPERIMENTAL,https://doi.org/10.1007/s10853-019-04064-9,TARGET_OR_TARGET_EVIDENCE_NOT_PREDICTOR,MASTER_FIELD_MAPPING
P022,10.1007/s10853-019-04064-9,P022_SERIES01,P022_MAT_C2MO1,P022_MC_C2MO1_ASCAST_RT,P022_OBS_C2MO1_ASCAST_RT,P022_OBS_C2MO1_ASCAST_RT,P022_Source_Identity_Status,VERIFIED_PDF_AND_EXTERNAL_BIBLIOGRAPHIC_MATCH,as reported,SOURCE_IDENTITY,Verified article identity / whole paper,Verified PDF and bibliographic DOI identity,HIGH,VERIFIED,EXPERIMENTAL,https://doi.org/10.1007/s10853-019-04064-9,AUDIT_SCOPE_DEPENDENT,MASTER_FIELD_MAPPING
P022,10.1007/s10853-019-04064-9,P022_SERIES01,P022_MAT_C2MO1,P022_MC_C2MO1_ASCAST_RT,P022_OBS_C2MO1_ASCAST_RT,P022_OBS_C2MO1_ASCAST_RT,P022_QC_Status,PENDING_GLOBAL_QC_SCHEMA_SPLIT_REFRESH_AFTER_COLLECTION,as reported,HIERARCHY_INTEGRATION,"Verified material-parent, condition, and stage sheets",Source-defined hierarchy with correlated stage-child control,HIGH,VERIFIED,EXPERIMENTAL,https://doi.org/10.1007/s10853-019-04064-9,AUDIT_SCOPE_DEPENDENT,MASTER_FIELD_MAPPING
P022,10.1007/s10853-019-04064-9,P022_SERIES01,P022_MAT_C2MO1,P022_MC_C2MO1_ASCAST_RT,P022_OBS_C2MO1_ASCAST_RT,P022_OBS_C2MO1_ASCAST_RT,Original_Composition_Basis,ATOMIC_RATIO_AS_REPORTED,as reported,DIRECT_TEXT_OR_VERIFIED_NA,Materials and methods p.2; tensile condition p.3,Source text without chemistry normalization or temperature/rate inference,HIGH,VERIFIED,EXPERIMENTAL,https://doi.org/10.1007/s10853-019-04064-9,AUDIT_SCOPE_DEPENDENT,MASTER_FIELD_MAPPING
P022,10.1007/s10853-019-04064-9,P022_SERIES01,P022_MAT_C2MO1,P022_MC_C2MO1_ASCAST_RT,P022_OBS_C2MO1_ASCAST_RT,P022_OBS_C2MO1_ASCAST_RT,Normalized_Composition_at_pct,UNRESOLVED_NA,as reported,DIRECT_TEXT_OR_VERIFIED_NA,Materials and methods p.2; tensile condition p.3,Source text without chemistry normalization or temperature/rate inference,HIGH,VERIFIED_NA_ATOMIC_RATIO_FORMULA_NOT_NORMALIZED_TO_ATPCT,EXPERIMENTAL,https://doi.org/10.1007/s10853-019-04064-9,AUDIT_SCOPE_DEPENDENT,MASTER_FIELD_MAPPING
P022,10.1007/s10853-019-04064-9,P022_SERIES01,P022_MAT_C2MO1,P022_MC_C2MO1_ASCAST_RT,P022_OBS_C2MO1_ASCAST_RT,P022_OBS_C2MO1_ASCAST_RT,Composition_Normalization_Status,NOT_NORMALIZED_RECOVERY_PRESERVES_ATOMIC_RATIO_FORMULA,as reported,DIRECT_TEXT_OR_VERIFIED_NA,Materials and methods p.2; tensile condition p.3,Source text without chemistry normalization or temperature/rate inference,HIGH,VERIFIED,EXPERIMENTAL,https://doi.org/10.1007/s10853-019-04064-9,AUDIT_SCOPE_DEPENDENT,MASTER_FIELD_MAPPING
P022,10.1007/s10853-019-04064-9,P022_SERIES01,P022_MAT_C2MO1,P022_MC_C2MO1_ASCAST_RT,P022_OBS_C2MO1_ASCAST_RT,P022_OBS_C2MO1_ASCAST_RT,Atomic_Ratio_C_Addition_Raw,2.0,atomic-ratio addition,DIRECT_TEXT_OR_VERIFIED_NA,Materials and methods p.2; tensile condition p.3,Source text without chemistry normalization or temperature/rate inference,HIGH,VERIFIED,EXPERIMENTAL,https://doi.org/10.1007/s10853-019-04064-9,AUDIT_SCOPE_DEPENDENT,MASTER_FIELD_MAPPING
P022,10.1007/s10853-019-04064-9,P022_SERIES01,P022_MAT_C2MO1,P022_MC_C2MO1_ASCAST_RT,P022_OBS_C2MO1_ASCAST_RT,P022_OBS_C2MO1_ASCAST_RT,Atomic_Ratio_Mo_Addition_Raw,1.0,atomic-ratio addition,DIRECT_TEXT_OR_VERIFIED_NA,Materials and methods p.2; tensile condition p.3,Source text without chemistry normalization or temperature/rate inference,HIGH,VERIFIED,EXPERIMENTAL,https://doi.org/10.1007/s10853-019-04064-9,AUDIT_SCOPE_DEPENDENT,MASTER_FIELD_MAPPING
P022,10.1007/s10853-019-04064-9,P022_SERIES01,P022_MAT_C2MO1,P022_MC_C2MO1_ASCAST_RT,P022_OBS_C2MO1_ASCAST_RT,P022_OBS_C2MO1_ASCAST_RT,Processing_State,AS_CAST,as reported,DIRECT_TEXT_OR_VERIFIED_NA,Materials and methods p.2; tensile condition p.3,Source text without chemistry normalization or temperature/rate inference,HIGH,VERIFIED,EXPERIMENTAL,https://doi.org/10.1007/s10853-019-04064-9,AUDIT_SCOPE_DEPENDENT,MASTER_FIELD_MAPPING
P022,10.1007/s10853-019-04064-9,P022_SERIES01,P022_MAT_C2MO1,P022_MC_C2MO1_ASCAST_RT,P022_OBS_C2MO1_ASCAST_RT,P022_OBS_C2MO1_ASCAST_RT,Flat_Tensile_Specimen_Dimensions_mm,22 x 2.5 x 1.5,as reported,DIRECT_TEXT_OR_VERIFIED_NA,Materials and methods p.2; tensile condition p.3,Source text without chemistry normalization or temperature/rate inference,HIGH,VERIFIED,EXPERIMENTAL,https://doi.org/10.1007/s10853-019-04064-9,AUDIT_SCOPE_DEPENDENT,MASTER_FIELD_MAPPING
P022,10.1007/s10853-019-04064-9,P022_SERIES01,P022_MAT_C2MO1,P022_MC_C2MO1_ASCAST_RT,P022_OBS_C2MO1_ASCAST_RT,P022_OBS_C2MO1_ASCAST_RT,Strain_Rate_Status,NOT_REPORTED,as reported,DIRECT_TEXT_OR_VERIFIED_NA,Materials and methods p.2; tensile condition p.3,Source text without chemistry normalization or temperature/rate inference,HIGH,VERIFIED,EXPERIMENTAL,https://doi.org/10.1007/s10853-019-04064-9,AUDIT_SCOPE_DEPENDENT,MASTER_FIELD_MAPPING
P022,10.1007/s10853-019-04064-9,P022_SERIES01,P022_MAT_C2MO1,P022_MC_C2MO1_ASCAST_RT,P022_OBS_C2MO1_ASCAST_RT,P022_OBS_C2MO1_ASCAST_RT,Dendrite_Morphology,More uniform and finer equiaxed dendrite morphology,as reported,DIRECT_XRD_OM_SEM_OR_VERIFIED_NA,Figs.1-2 pp.2-3,XRD plus OM/SEM with phase-scope safeguards,HIGH,VERIFIED,EXPERIMENTAL,https://doi.org/10.1007/s10853-019-04064-9,AUDIT_SCOPE_DEPENDENT,MASTER_FIELD_MAPPING
P022,10.1007/s10853-019-04064-9,P022_SERIES01,P022_MAT_C2MO1,P022_MC_C2MO1_ASCAST_RT,P022_OBS_C2MO1_ASCAST_RT,P022_OBS_C2MO1_ASCAST_RT,Sigma_Phase_Evidence_Status,NO_SIGMA_PHASE_VALUE_ASSIGNED,as reported,DIRECT_XRD_OM_SEM_OR_VERIFIED_NA,Figs.1-2 pp.2-3,XRD plus OM/SEM with phase-scope safeguards,HIGH,VERIFIED,EXPERIMENTAL,https://doi.org/10.1007/s10853-019-04064-9,AUDIT_SCOPE_DEPENDENT,MASTER_FIELD_MAPPING
P022,10.1007/s10853-019-04064-9,P022_SERIES01,P022_MAT_C2MO1,P022_MC_C2MO1_ASCAST_RT,P022_OBS_C2MO1_ASCAST_RT,P022_OBS_C2MO1_ASCAST_RT,Initial_HCP_Target_Guardrail,INITIAL_HCP_IS_NOT_DEFORMATION_INDUCED_TRIP_EVIDENCE,as reported,DIRECT_XRD_OM_SEM_OR_VERIFIED_NA,Figs.1-2 pp.2-3,XRD plus OM/SEM with phase-scope safeguards,HIGH,VERIFIED,EXPERIMENTAL,https://doi.org/10.1007/s10853-019-04064-9,AUDIT_SCOPE_DEPENDENT,MASTER_FIELD_MAPPING
P022,10.1007/s10853-019-04064-9,P022_SERIES01,P022_MAT_C2MO1,P022_MC_C2MO1_ASCAST_RT,P022_OBS_C2MO1_ASCAST_RT,P022_OBS_C2MO1_ASCAST_RT,Paper_Native_Mechanism_Attribution,TWIP,as reported,CONDITION_OR_STAGE_TARGET_EVIDENCE,Methods p.2; Figs.1-4 pp.2-5; abstract/results/conclusions,Condition-level evidence grading from verified workbook,HIGH,VERIFIED,EXPERIMENTAL,https://doi.org/10.1007/s10853-019-04064-9,TARGET_OR_TARGET_EVIDENCE_NOT_PREDICTOR,MASTER_FIELD_MAPPING
P022,10.1007/s10853-019-04064-9,P022_SERIES01,P022_MAT_C2MO1,P022_MC_C2MO1_ASCAST_RT,P022_OBS_C2MO1_ASCAST_RT,P022_OBS_C2MO1_ASCAST_RT,TRIP_to_TWIP_Negative_Safeguard,MECHANISM_SHIFT_WORDING_DOES_NOT_GENERATE_TRIP_ZERO,as reported,CONDITION_OR_STAGE_TARGET_EVIDENCE,Methods p.2; Figs.1-4 pp.2-5; abstract/results/conclusions,Condition-level evidence grading from verified workbook,HIGH,VERIFIED,EXPERIMENTAL,https://doi.org/10.1007/s10853-019-04064-9,TARGET_OR_TARGET_EVIDENCE_NOT_PREDICTOR,MASTER_FIELD_MAPPING
P022,10.1007/s10853-019-04064-9,P022_SERIES01,P022_MAT_C2MO1,P022_MC_C2MO1_ASCAST_RT,P022_OBS_C2MO1_ASCAST_RT,P022_OBS_C2MO1_ASCAST_RT,Twin_Boundary_Character,APPROXIMATELY_60_DEGREE_<111>_DEFORMATION_TWIN_BOUNDARIES,as reported,CONDITION_OR_STAGE_TARGET_EVIDENCE,Methods p.2; Figs.1-4 pp.2-5; abstract/results/conclusions,Condition-level evidence grading from verified workbook,HIGH,VERIFIED,EXPERIMENTAL,https://doi.org/10.1007/s10853-019-04064-9,TARGET_OR_TARGET_EVIDENCE_NOT_PREDICTOR,MASTER_FIELD_MAPPING
P022,10.1007/s10853-019-04064-9,P022_SERIES01,P022_MAT_C2MO1,P022_MC_C2MO1_ASCAST_RT,P022_OBS_C2MO1_ASCAST_RT,P022_OBS_C2MO1_ASCAST_RT,Twin_Population_Qualitative,LARGEST_AMONG_C2_C2MO1_C2MO2_QUALITATIVE,as reported,CONDITION_OR_STAGE_TARGET_EVIDENCE,Methods p.2; Figs.1-4 pp.2-5; abstract/results/conclusions,Condition-level evidence grading from verified workbook,HIGH,VERIFIED,EXPERIMENTAL,https://doi.org/10.1007/s10853-019-04064-9,TARGET_OR_TARGET_EVIDENCE_NOT_PREDICTOR,MASTER_FIELD_MAPPING
P022,10.1007/s10853-019-04064-9,P022_SERIES01,P022_MAT_C2MO1,P022_MC_C2MO1_ASCAST_RT,P022_OBS_C2MO1_ASCAST_RT,P022_OBS_C2MO1_ASCAST_RT,Twin_Fraction_Status,QUALITATIVE_POPULATION_ONLY_NO_FRACTION_DIGITIZED,as reported,CONDITION_OR_STAGE_TARGET_EVIDENCE,Methods p.2; Figs.1-4 pp.2-5; abstract/results/conclusions,Condition-level evidence grading from verified workbook,HIGH,VERIFIED,EXPERIMENTAL,https://doi.org/10.1007/s10853-019-04064-9,TARGET_OR_TARGET_EVIDENCE_NOT_PREDICTOR,MASTER_FIELD_MAPPING
P022,10.1007/s10853-019-04064-9,P022_SERIES01,P022_MAT_C2MO1,P022_MC_C2MO1_ASCAST_RT,P022_OBS_C2MO1_ASCAST_RT,P022_OBS_C2MO1_ASCAST_RT,Figure3_Digitization_Status,NOT_DIGITIZED_TEXT_ONLY_VALUES_WHERE_EXPLICIT,as reported,DIRECT_APPROX_TEXT_OR_VERIFIED_NA,Methods p.2; Figs.1-4 pp.2-5; abstract/results/conclusions,Engineering tensile response; Figure 3 not digitized,HIGH,VERIFIED,EXPERIMENTAL,https://doi.org/10.1007/s10853-019-04064-9,MECHANICAL_OUTCOME_LEAKAGE,MASTER_FIELD_MAPPING
P022,10.1007/s10853-019-04064-9,P022_SERIES01,P022_MAT_C2MO1,P022_MC_C2MO1_ASCAST_RT,P022_OBS_C2MO1_ASCAST_RT,P022_OBS_C2MO1_ASCAST_RT,SFE_General_Threshold_Status,SECONDARY_GENERAL_THRESHOLDS_NOT_ASSIGNED_TO_P022_CONDITIONS,as reported,QUALITATIVE_DIRECTION_OR_VERIFIED_GAP,Introduction/results and whole-paper review,No current-alloy numeric SFE or DeltaG; no cross-paper transfer,HIGH,VERIFIED,EXPERIMENTAL,https://doi.org/10.1007/s10853-019-04064-9,NOT_SAFE_AS_DIRECT_NUMERIC_SFE_OR_DELTAG,MASTER_FIELD_MAPPING
P022,10.1007/s10853-019-04064-9,P022_SERIES01,P022_MAT_C2MO1,P022_MC_C2MO1_ASCAST_RT,P022_OBS_C2MO1_ASCAST_RT,P022_OBS_C2MO1_ASCAST_RT,SFE_Qualitative_Trend,C2MO1_MAY_HAVE_REDUCED_SFE_FROM_COMBINED_C_MO_EFFECT_QUALITATIVE_DIRECTION_ONLY,as reported,QUALITATIVE_DIRECTION_OR_VERIFIED_GAP,Introduction/results and whole-paper review,No current-alloy numeric SFE or DeltaG; no cross-paper transfer,HIGH,VERIFIED,EXPERIMENTAL,https://doi.org/10.1007/s10853-019-04064-9,NOT_SAFE_AS_DIRECT_NUMERIC_SFE_OR_DELTAG,MASTER_FIELD_MAPPING
P022,10.1007/s10853-019-04064-9,P022_SERIES01,P022_MAT_C2MO2,P022_MC_C2MO2_ASCAST_RT,P022_OBS_C2MO2_ASCAST_RT,P022_OBS_C2MO2_ASCAST_RT,Paper_ID,P022,as reported,SOURCE_IDENTITY,Verified article identity / whole paper,Verified PDF and bibliographic DOI identity,HIGH,VERIFIED,EXPERIMENTAL,https://doi.org/10.1007/s10853-019-04064-9,AUDIT_SCOPE_DEPENDENT,MASTER_FIELD_MAPPING
P022,10.1007/s10853-019-04064-9,P022_SERIES01,P022_MAT_C2MO2,P022_MC_C2MO2_ASCAST_RT,P022_OBS_C2MO2_ASCAST_RT,P022_OBS_C2MO2_ASCAST_RT,DOI,10.1007/s10853-019-04064-9,as reported,SOURCE_IDENTITY,Verified article identity / whole paper,Verified PDF and bibliographic DOI identity,HIGH,VERIFIED,EXPERIMENTAL,https://doi.org/10.1007/s10853-019-04064-9,AUDIT_SCOPE_DEPENDENT,MASTER_FIELD_MAPPING
P022,10.1007/s10853-019-04064-9,P022_SERIES01,P022_MAT_C2MO2,P022_MC_C2MO2_ASCAST_RT,P022_OBS_C2MO2_ASCAST_RT,P022_OBS_C2MO2_ASCAST_RT,Paper_Title,Excellent room temperature ductility of as-cast TRIP high-entropy alloy via Mo and C alloying,as reported,SOURCE_IDENTITY,Verified article identity / whole paper,Verified PDF and bibliographic DOI identity,HIGH,VERIFIED,EXPERIMENTAL,https://doi.org/10.1007/s10853-019-04064-9,AUDIT_SCOPE_DEPENDENT,MASTER_FIELD_MAPPING
P022,10.1007/s10853-019-04064-9,P022_SERIES01,P022_MAT_C2MO2,P022_MC_C2MO2_ASCAST_RT,P022_OBS_C2MO2_ASCAST_RT,P022_OBS_C2MO2_ASCAST_RT,Condition_ID,P022_MC_C2MO2_ASCAST_RT,as reported,HIERARCHY_INTEGRATION,"Verified material-parent, condition, and stage sheets",Source-defined hierarchy with correlated stage-child control,HIGH,VERIFIED,EXPERIMENTAL,https://doi.org/10.1007/s10853-019-04064-9,AUDIT_SCOPE_DEPENDENT,MASTER_FIELD_MAPPING
P022,10.1007/s10853-019-04064-9,P022_SERIES01,P022_MAT_C2MO2,P022_MC_C2MO2_ASCAST_RT,P022_OBS_C2MO2_ASCAST_RT,P022_OBS_C2MO2_ASCAST_RT,Experiment_Group_ID,P022_SERIES01,as reported,HIERARCHY_INTEGRATION,"Verified material-parent, condition, and stage sheets",Source-defined hierarchy with correlated stage-child control,HIGH,VERIFIED,EXPERIMENTAL,https://doi.org/10.1007/s10853-019-04064-9,AUDIT_SCOPE_DEPENDENT,MASTER_FIELD_MAPPING
P022,10.1007/s10853-019-04064-9,P022_SERIES01,P022_MAT_C2MO2,P022_MC_C2MO2_ASCAST_RT,P022_OBS_C2MO2_ASCAST_RT,P022_OBS_C2MO2_ASCAST_RT,Row_Type,Primary as-cast experimental tensile condition,as reported,HIERARCHY_INTEGRATION,"Verified material-parent, condition, and stage sheets",Source-defined hierarchy with correlated stage-child control,HIGH,VERIFIED,EXPERIMENTAL,https://doi.org/10.1007/s10853-019-04064-9,AUDIT_SCOPE_DEPENDENT,MASTER_FIELD_MAPPING
P022,10.1007/s10853-019-04064-9,P022_SERIES01,P022_MAT_C2MO2,P022_MC_C2MO2_ASCAST_RT,P022_OBS_C2MO2_ASCAST_RT,P022_OBS_C2MO2_ASCAST_RT,Alloy_ID,C2Mo2,as reported,DIRECT_TEXT_OR_VERIFIED_NA,Materials and methods p.2; tensile condition p.3,Source text without chemistry normalization or temperature/rate inference,HIGH,VERIFIED,EXPERIMENTAL,https://doi.org/10.1007/s10853-019-04064-9,AUDIT_SCOPE_DEPENDENT,MASTER_FIELD_MAPPING
P022,10.1007/s10853-019-04064-9,P022_SERIES01,P022_MAT_C2MO2,P022_MC_C2MO2_ASCAST_RT,P022_OBS_C2MO2_ASCAST_RT,P022_OBS_C2MO2_ASCAST_RT,Original_Composition,Fe50Mn30Co10Cr10C2Mo2,as reported,DIRECT_TEXT_OR_VERIFIED_NA,Materials and methods p.2; tensile condition p.3,Source text without chemistry normalization or temperature/rate inference,HIGH,VERIFIED,EXPERIMENTAL,https://doi.org/10.1007/s10853-019-04064-9,AUDIT_SCOPE_DEPENDENT,MASTER_FIELD_MAPPING
P022,10.1007/s10853-019-04064-9,P022_SERIES01,P022_MAT_C2MO2,P022_MC_C2MO2_ASCAST_RT,P022_OBS_C2MO2_ASCAST_RT,P022_OBS_C2MO2_ASCAST_RT,Composition_basis,ATOMIC_RATIO_AS_REPORTED,as reported,DIRECT_TEXT_OR_VERIFIED_NA,Materials and methods p.2; tensile condition p.3,Source text without chemistry normalization or temperature/rate inference,HIGH,VERIFIED,EXPERIMENTAL,https://doi.org/10.1007/s10853-019-04064-9,AUDIT_SCOPE_DEPENDENT,MASTER_FIELD_MAPPING
P022,10.1007/s10853-019-04064-9,P022_SERIES01,P022_MAT_C2MO2,P022_MC_C2MO2_ASCAST_RT,P022_OBS_C2MO2_ASCAST_RT,P022_OBS_C2MO2_ASCAST_RT,Fe_at%,UNRESOLVED_NA,as reported,DIRECT_TEXT_OR_VERIFIED_NA,Materials and methods p.2; tensile condition p.3,Source text without chemistry normalization or temperature/rate inference,HIGH,VERIFIED_NA_ATOMIC_RATIO_FORMULA_NOT_NORMALIZED_TO_ATPCT,EXPERIMENTAL,https://doi.org/10.1007/s10853-019-04064-9,AUDIT_SCOPE_DEPENDENT,MASTER_FIELD_MAPPING
P022,10.1007/s10853-019-04064-9,P022_SERIES01,P022_MAT_C2MO2,P022_MC_C2MO2_ASCAST_RT,P022_OBS_C2MO2_ASCAST_RT,P022_OBS_C2MO2_ASCAST_RT,Mn_at%,UNRESOLVED_NA,as reported,DIRECT_TEXT_OR_VERIFIED_NA,Materials and methods p.2; tensile condition p.3,Source text without chemistry normalization or temperature/rate inference,HIGH,VERIFIED_NA_ATOMIC_RATIO_FORMULA_NOT_NORMALIZED_TO_ATPCT,EXPERIMENTAL,https://doi.org/10.1007/s10853-019-04064-9,AUDIT_SCOPE_DEPENDENT,MASTER_FIELD_MAPPING
P022,10.1007/s10853-019-04064-9,P022_SERIES01,P022_MAT_C2MO2,P022_MC_C2MO2_ASCAST_RT,P022_OBS_C2MO2_ASCAST_RT,P022_OBS_C2MO2_ASCAST_RT,Co_at%,UNRESOLVED_NA,as reported,DIRECT_TEXT_OR_VERIFIED_NA,Materials and methods p.2; tensile condition p.3,Source text without chemistry normalization or temperature/rate inference,HIGH,VERIFIED_NA_ATOMIC_RATIO_FORMULA_NOT_NORMALIZED_TO_ATPCT,EXPERIMENTAL,https://doi.org/10.1007/s10853-019-04064-9,AUDIT_SCOPE_DEPENDENT,MASTER_FIELD_MAPPING
P022,10.1007/s10853-019-04064-9,P022_SERIES01,P022_MAT_C2MO2,P022_MC_C2MO2_ASCAST_RT,P022_OBS_C2MO2_ASCAST_RT,P022_OBS_C2MO2_ASCAST_RT,Cr_at%,UNRESOLVED_NA,as reported,DIRECT_TEXT_OR_VERIFIED_NA,Materials and methods p.2; tensile condition p.3,Source text without chemistry normalization or temperature/rate inference,HIGH,VERIFIED_NA_ATOMIC_RATIO_FORMULA_NOT_NORMALIZED_TO_ATPCT,EXPERIMENTAL,https://doi.org/10.1007/s10853-019-04064-9,AUDIT_SCOPE_DEPENDENT,MASTER_FIELD_MAPPING
P022,10.1007/s10853-019-04064-9,P022_SERIES01,P022_MAT_C2MO2,P022_MC_C2MO2_ASCAST_RT,P022_OBS_C2MO2_ASCAST_RT,P022_OBS_C2MO2_ASCAST_RT,C_at%,UNRESOLVED_NA,as reported,DIRECT_TEXT_OR_VERIFIED_NA,Materials and methods p.2; tensile condition p.3,Source text without chemistry normalization or temperature/rate inference,HIGH,VERIFIED_NA_ATOMIC_RATIO_FORMULA_NOT_NORMALIZED_TO_ATPCT,EXPERIMENTAL,https://doi.org/10.1007/s10853-019-04064-9,AUDIT_SCOPE_DEPENDENT,MASTER_FIELD_MAPPING
P022,10.1007/s10853-019-04064-9,P022_SERIES01,P022_MAT_C2MO2,P022_MC_C2MO2_ASCAST_RT,P022_OBS_C2MO2_ASCAST_RT,P022_OBS_C2MO2_ASCAST_RT,Mo_at%,UNRESOLVED_NA,as reported,DIRECT_TEXT_OR_VERIFIED_NA,Materials and methods p.2; tensile condition p.3,Source text without chemistry normalization or temperature/rate inference,HIGH,VERIFIED_NA_ATOMIC_RATIO_FORMULA_NOT_NORMALIZED_TO_ATPCT,EXPERIMENTAL,https://doi.org/10.1007/s10853-019-04064-9,AUDIT_SCOPE_DEPENDENT,MASTER_FIELD_MAPPING
P022,10.1007/s10853-019-04064-9,P022_SERIES01,P022_MAT_C2MO2,P022_MC_C2MO2_ASCAST_RT,P022_OBS_C2MO2_ASCAST_RT,P022_OBS_C2MO2_ASCAST_RT,Processing_route,AS_CAST_ARC_MELTED_NO_REPORTED_HOMOGENIZATION_ROLLING_OR_ANNEALING,as reported,DIRECT_TEXT_OR_VERIFIED_NA,Materials and methods p.2; tensile condition p.3,Source text without chemistry normalization or temperature/rate inference,HIGH,VERIFIED,EXPERIMENTAL,https://doi.org/10.1007/s10853-019-04064-9,AUDIT_SCOPE_DEPENDENT,MASTER_FIELD_MAPPING
P022,10.1007/s10853-019-04064-9,P022_SERIES01,P022_MAT_C2MO2,P022_MC_C2MO2_ASCAST_RT,P022_OBS_C2MO2_ASCAST_RT,P022_OBS_C2MO2_ASCAST_RT,Cast_method,Arc melting; Ti-gettered high-purity Ar; water-cooled Cu crucible,as reported,DIRECT_TEXT_OR_VERIFIED_NA,Materials and methods p.2; tensile condition p.3,Source text without chemistry normalization or temperature/rate inference,HIGH,VERIFIED,EXPERIMENTAL,https://doi.org/10.1007/s10853-019-04064-9,AUDIT_SCOPE_DEPENDENT,MASTER_FIELD_MAPPING
P022,10.1007/s10853-019-04064-9,P022_SERIES01,P022_MAT_C2MO2,P022_MC_C2MO2_ASCAST_RT,P022_OBS_C2MO2_ASCAST_RT,P022_OBS_C2MO2_ASCAST_RT,Homogenization_T_K,UNRESOLVED_NA,as reported,DIRECT_TEXT_OR_VERIFIED_NA,Materials and methods p.2; tensile condition p.3,Source text without chemistry normalization or temperature/rate inference,HIGH,VERIFIED_NA_NO_POSTCAST_TREATMENT_REPORTED,EXPERIMENTAL,https://doi.org/10.1007/s10853-019-04064-9,AUDIT_SCOPE_DEPENDENT,MASTER_FIELD_MAPPING
P022,10.1007/s10853-019-04064-9,P022_SERIES01,P022_MAT_C2MO2,P022_MC_C2MO2_ASCAST_RT,P022_OBS_C2MO2_ASCAST_RT,P022_OBS_C2MO2_ASCAST_RT,Homogenization_time_h,UNRESOLVED_NA,as reported,DIRECT_TEXT_OR_VERIFIED_NA,Materials and methods p.2; tensile condition p.3,Source text without chemistry normalization or temperature/rate inference,HIGH,VERIFIED_NA_NO_POSTCAST_TREATMENT_REPORTED,EXPERIMENTAL,https://doi.org/10.1007/s10853-019-04064-9,AUDIT_SCOPE_DEPENDENT,MASTER_FIELD_MAPPING
P022,10.1007/s10853-019-04064-9,P022_SERIES01,P022_MAT_C2MO2,P022_MC_C2MO2_ASCAST_RT,P022_OBS_C2MO2_ASCAST_RT,P022_OBS_C2MO2_ASCAST_RT,Hot_rolling_T_K,UNRESOLVED_NA,as reported,DIRECT_TEXT_OR_VERIFIED_NA,Materials and methods p.2; tensile condition p.3,Source text without chemistry normalization or temperature/rate inference,HIGH,VERIFIED_NA_NO_POSTCAST_TREATMENT_REPORTED,EXPERIMENTAL,https://doi.org/10.1007/s10853-019-04064-9,AUDIT_SCOPE_DEPENDENT,MASTER_FIELD_MAPPING
P022,10.1007/s10853-019-04064-9,P022_SERIES01,P022_MAT_C2MO2,P022_MC_C2MO2_ASCAST_RT,P022_OBS_C2MO2_ASCAST_RT,P022_OBS_C2MO2_ASCAST_RT,Hot_rolling_reduction_pct,UNRESOLVED_NA,as reported,DIRECT_TEXT_OR_VERIFIED_NA,Materials and methods p.2; tensile condition p.3,Source text without chemistry normalization or temperature/rate inference,HIGH,VERIFIED_NA_NO_POSTCAST_TREATMENT_REPORTED,EXPERIMENTAL,https://doi.org/10.1007/s10853-019-04064-9,AUDIT_SCOPE_DEPENDENT,MASTER_FIELD_MAPPING
P022,10.1007/s10853-019-04064-9,P022_SERIES01,P022_MAT_C2MO2,P022_MC_C2MO2_ASCAST_RT,P022_OBS_C2MO2_ASCAST_RT,P022_OBS_C2MO2_ASCAST_RT,Cold_rolling_reduction_pct,UNRESOLVED_NA,as reported,DIRECT_TEXT_OR_VERIFIED_NA,Materials and methods p.2; tensile condition p.3,Source text without chemistry normalization or temperature/rate inference,HIGH,VERIFIED_NA_NO_POSTCAST_TREATMENT_REPORTED,EXPERIMENTAL,https://doi.org/10.1007/s10853-019-04064-9,AUDIT_SCOPE_DEPENDENT,MASTER_FIELD_MAPPING
P022,10.1007/s10853-019-04064-9,P022_SERIES01,P022_MAT_C2MO2,P022_MC_C2MO2_ASCAST_RT,P022_OBS_C2MO2_ASCAST_RT,P022_OBS_C2MO2_ASCAST_RT,Annealing_T_K,UNRESOLVED_NA,as reported,DIRECT_TEXT_OR_VERIFIED_NA,Materials and methods p.2; tensile condition p.3,Source text without chemistry normalization or temperature/rate inference,HIGH,VERIFIED_NA_NO_POSTCAST_TREATMENT_REPORTED,EXPERIMENTAL,https://doi.org/10.1007/s10853-019-04064-9,AUDIT_SCOPE_DEPENDENT,MASTER_FIELD_MAPPING
P022,10.1007/s10853-019-04064-9,P022_SERIES01,P022_MAT_C2MO2,P022_MC_C2MO2_ASCAST_RT,P022_OBS_C2MO2_ASCAST_RT,P022_OBS_C2MO2_ASCAST_RT,Annealing_time_min,UNRESOLVED_NA,as reported,DIRECT_TEXT_OR_VERIFIED_NA,Materials and methods p.2; tensile condition p.3,Source text without chemistry normalization or temperature/rate inference,HIGH,VERIFIED_NA_NO_POSTCAST_TREATMENT_REPORTED,EXPERIMENTAL,https://doi.org/10.1007/s10853-019-04064-9,AUDIT_SCOPE_DEPENDENT,MASTER_FIELD_MAPPING
P022,10.1007/s10853-019-04064-9,P022_SERIES01,P022_MAT_C2MO2,P022_MC_C2MO2_ASCAST_RT,P022_OBS_C2MO2_ASCAST_RT,P022_OBS_C2MO2_ASCAST_RT,Cooling_route,AS_CAST_IN_WATER_COOLED_CU_CRUCIBLE,as reported,DIRECT_TEXT_OR_VERIFIED_NA,Materials and methods p.2; tensile condition p.3,Source text without chemistry normalization or temperature/rate inference,HIGH,VERIFIED,EXPERIMENTAL,https://doi.org/10.1007/s10853-019-04064-9,AUDIT_SCOPE_DEPENDENT,MASTER_FIELD_MAPPING
P022,10.1007/s10853-019-04064-9,P022_SERIES01,P022_MAT_C2MO2,P022_MC_C2MO2_ASCAST_RT,P022_OBS_C2MO2_ASCAST_RT,P022_OBS_C2MO2_ASCAST_RT,Test_T_K,UNRESOLVED_NA,K,DIRECT_TEXT_OR_VERIFIED_NA,Materials and methods p.2; tensile condition p.3,Source text without chemistry normalization or temperature/rate inference,HIGH,VERIFIED_NA_ROOM_TEMPERATURE_NOT_NUMERICALLY_REPORTED,EXPERIMENTAL,https://doi.org/10.1007/s10853-019-04064-9,AUDIT_SCOPE_DEPENDENT,MASTER_FIELD_MAPPING
P022,10.1007/s10853-019-04064-9,P022_SERIES01,P022_MAT_C2MO2,P022_MC_C2MO2_ASCAST_RT,P022_OBS_C2MO2_ASCAST_RT,P022_OBS_C2MO2_ASCAST_RT,Strain_rate_s-1,UNRESOLVED_NA,s^-1,DIRECT_TEXT_OR_VERIFIED_NA,Materials and methods p.2; tensile condition p.3,Source text without chemistry normalization or temperature/rate inference,HIGH,VERIFIED_NA_TENSILE_STRAIN_RATE_NOT_REPORTED,EXPERIMENTAL,https://doi.org/10.1007/s10853-019-04064-9,AUDIT_SCOPE_DEPENDENT,MASTER_FIELD_MAPPING
P022,10.1007/s10853-019-04064-9,P022_SERIES01,P022_MAT_C2MO2,P022_MC_C2MO2_ASCAST_RT,P022_OBS_C2MO2_ASCAST_RT,P022_OBS_C2MO2_ASCAST_RT,Gauge_length_mm,UNRESOLVED_NA,mm,DIRECT_TEXT_OR_VERIFIED_NA,Materials and methods p.2; tensile condition p.3,Source text without chemistry normalization or temperature/rate inference,HIGH,VERIFIED_NA_SOURCE_DIMENSIONS_NOT_PROMOTED_TO_GAUGE_FIELDS,EXPERIMENTAL,https://doi.org/10.1007/s10853-019-04064-9,AUDIT_SCOPE_DEPENDENT,MASTER_FIELD_MAPPING
P022,10.1007/s10853-019-04064-9,P022_SERIES01,P022_MAT_C2MO2,P022_MC_C2MO2_ASCAST_RT,P022_OBS_C2MO2_ASCAST_RT,P022_OBS_C2MO2_ASCAST_RT,Gauge_width_mm,UNRESOLVED_NA,mm,DIRECT_TEXT_OR_VERIFIED_NA,Materials and methods p.2; tensile condition p.3,Source text without chemistry normalization or temperature/rate inference,HIGH,VERIFIED_NA_SOURCE_DIMENSIONS_NOT_PROMOTED_TO_GAUGE_FIELDS,EXPERIMENTAL,https://doi.org/10.1007/s10853-019-04064-9,AUDIT_SCOPE_DEPENDENT,MASTER_FIELD_MAPPING
P022,10.1007/s10853-019-04064-9,P022_SERIES01,P022_MAT_C2MO2,P022_MC_C2MO2_ASCAST_RT,P022_OBS_C2MO2_ASCAST_RT,P022_OBS_C2MO2_ASCAST_RT,Specimen_thickness_mm,UNRESOLVED_NA,mm,DIRECT_TEXT_OR_VERIFIED_NA,Materials and methods p.2; tensile condition p.3,Source text without chemistry normalization or temperature/rate inference,HIGH,VERIFIED_NA_SOURCE_DIMENSIONS_NOT_PROMOTED_TO_GAUGE_FIELDS,EXPERIMENTAL,https://doi.org/10.1007/s10853-019-04064-9,AUDIT_SCOPE_DEPENDENT,MASTER_FIELD_MAPPING
P022,10.1007/s10853-019-04064-9,P022_SERIES01,P022_MAT_C2MO2,P022_MC_C2MO2_ASCAST_RT,P022_OBS_C2MO2_ASCAST_RT,P022_OBS_C2MO2_ASCAST_RT,Grain_size_um,UNRESOLVED_NA,um,DIRECT_XRD_OM_SEM_OR_VERIFIED_NA,Figs.1-2 pp.2-3,XRD plus OM/SEM with phase-scope safeguards,HIGH,VERIFIED_NA_NUMERIC_GRAIN_SIZE_NOT_REPORTED_NO_DIGITIZATION,EXPERIMENTAL,https://doi.org/10.1007/s10853-019-04064-9,AUDIT_SCOPE_DEPENDENT,MASTER_FIELD_MAPPING
P022,10.1007/s10853-019-04064-9,P022_SERIES01,P022_MAT_C2MO2,P022_MC_C2MO2_ASCAST_RT,P022_OBS_C2MO2_ASCAST_RT,P022_OBS_C2MO2_ASCAST_RT,Initial_FCC_fraction,UNRESOLVED_NA,fraction,DIRECT_XRD_OM_SEM_OR_VERIFIED_NA,Figs.1-2 pp.2-3,XRD plus OM/SEM with phase-scope safeguards,HIGH,VERIFIED_NA_EXACT_NUMERIC_FCC_FRACTION_NOT_REPORTED,EXPERIMENTAL,https://doi.org/10.1007/s10853-019-04064-9,AUDIT_SCOPE_DEPENDENT,MASTER_FIELD_MAPPING
P022,10.1007/s10853-019-04064-9,P022_SERIES01,P022_MAT_C2MO2,P022_MC_C2MO2_ASCAST_RT,P022_OBS_C2MO2_ASCAST_RT,P022_OBS_C2MO2_ASCAST_RT,Initial_HCP_fraction,0,fraction,DIRECT_XRD_OM_SEM_OR_VERIFIED_NA,Figs.1-2 pp.2-3,XRD plus OM/SEM with phase-scope safeguards,HIGH,VERIFIED,EXPERIMENTAL,https://doi.org/10.1007/s10853-019-04064-9,AUDIT_SCOPE_DEPENDENT,MASTER_FIELD_MAPPING
P022,10.1007/s10853-019-04064-9,P022_SERIES01,P022_MAT_C2MO2,P022_MC_C2MO2_ASCAST_RT,P022_OBS_C2MO2_ASCAST_RT,P022_OBS_C2MO2_ASCAST_RT,SFE_mJ_m2,UNRESOLVED_NA,mJ/m2,QUALITATIVE_DIRECTION_OR_VERIFIED_GAP,Introduction/results and whole-paper review,No current-alloy numeric SFE or DeltaG; no cross-paper transfer,HIGH,VERIFIED_NA_NO_CURRENT_ALLOY_NUMERIC_SFE,EXPERIMENTAL,https://doi.org/10.1007/s10853-019-04064-9,NOT_SAFE_AS_DIRECT_NUMERIC_SFE_OR_DELTAG,MASTER_FIELD_MAPPING
P022,10.1007/s10853-019-04064-9,P022_SERIES01,P022_MAT_C2MO2,P022_MC_C2MO2_ASCAST_RT,P022_OBS_C2MO2_ASCAST_RT,P022_OBS_C2MO2_ASCAST_RT,SFE_method,UNRESOLVED_NA,as reported,QUALITATIVE_DIRECTION_OR_VERIFIED_GAP,Introduction/results and whole-paper review,No current-alloy numeric SFE or DeltaG; no cross-paper transfer,HIGH,VERIFIED_NA_NO_CURRENT_ALLOY_NUMERIC_SFE,EXPERIMENTAL,https://doi.org/10.1007/s10853-019-04064-9,NOT_SAFE_AS_DIRECT_NUMERIC_SFE_OR_DELTAG,MASTER_FIELD_MAPPING
P022,10.1007/s10853-019-04064-9,P022_SERIES01,P022_MAT_C2MO2,P022_MC_C2MO2_ASCAST_RT,P022_OBS_C2MO2_ASCAST_RT,P022_OBS_C2MO2_ASCAST_RT,DeltaG_FCC_HCP_J_mol,UNRESOLVED_NA,J/mol,QUALITATIVE_DIRECTION_OR_VERIFIED_GAP,Introduction/results and whole-paper review,No current-alloy numeric SFE or DeltaG; no cross-paper transfer,HIGH,VERIFIED_NA_NOT_REPORTED_NO_CROSS_PAPER_TRANSFER,EXPERIMENTAL,https://doi.org/10.1007/s10853-019-04064-9,NOT_SAFE_AS_DIRECT_NUMERIC_SFE_OR_DELTAG,MASTER_FIELD_MAPPING
P022,10.1007/s10853-019-04064-9,P022_SERIES01,P022_MAT_C2MO2,P022_MC_C2MO2_ASCAST_RT,P022_OBS_C2MO2_ASCAST_RT,P022_OBS_C2MO2_ASCAST_RT,DeltaG_method,UNRESOLVED_NA,as reported,QUALITATIVE_DIRECTION_OR_VERIFIED_GAP,Introduction/results and whole-paper review,No current-alloy numeric SFE or DeltaG; no cross-paper transfer,HIGH,VERIFIED_NA_NOT_REPORTED_NO_CROSS_PAPER_TRANSFER,EXPERIMENTAL,https://doi.org/10.1007/s10853-019-04064-9,NOT_SAFE_AS_DIRECT_NUMERIC_SFE_OR_DELTAG,MASTER_FIELD_MAPPING
P022,10.1007/s10853-019-04064-9,P022_SERIES01,P022_MAT_C2MO2,P022_MC_C2MO2_ASCAST_RT,P022_OBS_C2MO2_ASCAST_RT,P022_OBS_C2MO2_ASCAST_RT,Slip,UNRESOLVED_NA,binary,CONDITION_OR_STAGE_TARGET_EVIDENCE,Methods p.2; Figs.1-4 pp.2-5,Condition-level evidence grading from verified workbook,HIGH,VERIFIED_NA_INSUFFICIENT_CONDITION_LEVEL_EVIDENCE,EXPERIMENTAL,https://doi.org/10.1007/s10853-019-04064-9,TARGET_OR_TARGET_EVIDENCE_NOT_PREDICTOR,MASTER_FIELD_MAPPING
P022,10.1007/s10853-019-04064-9,P022_SERIES01,P022_MAT_C2MO2,P022_MC_C2MO2_ASCAST_RT,P022_OBS_C2MO2_ASCAST_RT,P022_OBS_C2MO2_ASCAST_RT,Evidence_TRIP,NO_CONDITION_SPECIFIC_POST_TEST_PHASE_CHARACTERIZATION,as reported,CONDITION_OR_STAGE_TARGET_EVIDENCE,Methods p.2; Figs.1-4 pp.2-5,Condition-level evidence grading from verified workbook,HIGH,VERIFIED,EXPERIMENTAL,https://doi.org/10.1007/s10853-019-04064-9,TARGET_OR_TARGET_EVIDENCE_NOT_PREDICTOR,MASTER_FIELD_MAPPING
P022,10.1007/s10853-019-04064-9,P022_SERIES01,P022_MAT_C2MO2,P022_MC_C2MO2_ASCAST_RT,P022_OBS_C2MO2_ASCAST_RT,P022_OBS_C2MO2_ASCAST_RT,Evidence_TWIP,"Direct deformation twins are present at 40% strain, though less than C2Mo1.",as reported,CONDITION_OR_STAGE_TARGET_EVIDENCE,Methods p.2; Figs.1-4 pp.2-5,Condition-level evidence grading from verified workbook,HIGH,VERIFIED,EXPERIMENTAL,https://doi.org/10.1007/s10853-019-04064-9,TARGET_OR_TARGET_EVIDENCE_NOT_PREDICTOR,MASTER_FIELD_MAPPING
P022,10.1007/s10853-019-04064-9,P022_SERIES01,P022_MAT_C2MO2,P022_MC_C2MO2_ASCAST_RT,P022_OBS_C2MO2_ASCAST_RT,P022_OBS_C2MO2_ASCAST_RT,Characterization_methods,XRD; OM/SEM; EBSD/IPF and misorientation at 40% strain,as reported,VERIFIED_MASTER_FIELD_MAPPING,Methods p.2; Figs.1-4 pp.2-5,Verified workbook-to-master mapping,HIGH,VERIFIED,EXPERIMENTAL,https://doi.org/10.1007/s10853-019-04064-9,AUDIT_SCOPE_DEPENDENT,MASTER_FIELD_MAPPING
P022,10.1007/s10853-019-04064-9,P022_SERIES01,P022_MAT_C2MO2,P022_MC_C2MO2_ASCAST_RT,P022_OBS_C2MO2_ASCAST_RT,P022_OBS_C2MO2_ASCAST_RT,Source_location,Methods p.2; Figs.1-4 pp.2-5,as reported,VERIFIED_MASTER_FIELD_MAPPING,Methods p.2; Figs.1-4 pp.2-5,Verified workbook-to-master mapping,HIGH,VERIFIED,EXPERIMENTAL,https://doi.org/10.1007/s10853-019-04064-9,AUDIT_SCOPE_DEPENDENT,MASTER_FIELD_MAPPING
P022,10.1007/s10853-019-04064-9,P022_SERIES01,P022_MAT_C2MO2,P022_MC_C2MO2_ASCAST_RT,P022_OBS_C2MO2_ASCAST_RT,P022_OBS_C2MO2_ASCAST_RT,Label_confidence,HIGH,as reported,CONDITION_OR_STAGE_TARGET_EVIDENCE,Methods p.2; Figs.1-4 pp.2-5,Condition-level evidence grading from verified workbook,HIGH,VERIFIED,EXPERIMENTAL,https://doi.org/10.1007/s10853-019-04064-9,TARGET_OR_TARGET_EVIDENCE_NOT_PREDICTOR,MASTER_FIELD_MAPPING
P022,10.1007/s10853-019-04064-9,P022_SERIES01,P022_MAT_C2MO2,P022_MC_C2MO2_ASCAST_RT,P022_OBS_C2MO2_ASCAST_RT,P022_OBS_C2MO2_ASCAST_RT,Notes,TWIP=1; TRIP remains NA.,as reported,VERIFIED_MASTER_FIELD_MAPPING,Methods p.2; Figs.1-4 pp.2-5,Verified workbook-to-master mapping,HIGH,VERIFIED,EXPERIMENTAL,https://doi.org/10.1007/s10853-019-04064-9,AUDIT_SCOPE_DEPENDENT,MASTER_FIELD_MAPPING
P022,10.1007/s10853-019-04064-9,P022_SERIES01,P022_MAT_C2MO2,P022_MC_C2MO2_ASCAST_RT,P022_OBS_C2MO2_ASCAST_RT,P022_OBS_C2MO2_ASCAST_RT,Parent_Experiment_ID,P022_MC_C2MO2_ASCAST_RT,as reported,HIERARCHY_INTEGRATION,"Verified material-parent, condition, and stage sheets",Source-defined hierarchy with correlated stage-child control,HIGH,VERIFIED,EXPERIMENTAL,https://doi.org/10.1007/s10853-019-04064-9,AUDIT_SCOPE_DEPENDENT,MASTER_FIELD_MAPPING
P022,10.1007/s10853-019-04064-9,P022_SERIES01,P022_MAT_C2MO2,P022_MC_C2MO2_ASCAST_RT,P022_OBS_C2MO2_ASCAST_RT,P022_OBS_C2MO2_ASCAST_RT,ML_Condition_ID,P022_MC_C2MO2_ASCAST_RT,as reported,HIERARCHY_INTEGRATION,"Verified material-parent, condition, and stage sheets",Source-defined hierarchy with correlated stage-child control,HIGH,VERIFIED,EXPERIMENTAL,https://doi.org/10.1007/s10853-019-04064-9,AUDIT_SCOPE_DEPENDENT,MASTER_FIELD_MAPPING
P022,10.1007/s10853-019-04064-9,P022_SERIES01,P022_MAT_C2MO2,P022_MC_C2MO2_ASCAST_RT,P022_OBS_C2MO2_ASCAST_RT,P022_OBS_C2MO2_ASCAST_RT,Observation_ID,P022_OBS_C2MO2_ASCAST_RT,as reported,HIERARCHY_INTEGRATION,"Verified material-parent, condition, and stage sheets",Source-defined hierarchy with correlated stage-child control,HIGH,VERIFIED,EXPERIMENTAL,https://doi.org/10.1007/s10853-019-04064-9,AUDIT_SCOPE_DEPENDENT,MASTER_FIELD_MAPPING
P022,10.1007/s10853-019-04064-9,P022_SERIES01,P022_MAT_C2MO2,P022_MC_C2MO2_ASCAST_RT,P022_OBS_C2MO2_ASCAST_RT,P022_OBS_C2MO2_ASCAST_RT,Data_Origin,EXPERIMENTAL,as reported,SOURCE_IDENTITY,Verified article identity / whole paper,Verified PDF and bibliographic DOI identity,HIGH,VERIFIED,EXPERIMENTAL,https://doi.org/10.1007/s10853-019-04064-9,AUDIT_SCOPE_DEPENDENT,MASTER_FIELD_MAPPING
P022,10.1007/s10853-019-04064-9,P022_SERIES01,P022_MAT_C2MO2,P022_MC_C2MO2_ASCAST_RT,P022_OBS_C2MO2_ASCAST_RT,P022_OBS_C2MO2_ASCAST_RT,Observation_Role,INDEPENDENT_CONDITION,as reported,HIERARCHY_INTEGRATION,"Verified material-parent, condition, and stage sheets",Source-defined hierarchy with correlated stage-child control,HIGH,VERIFIED,EXPERIMENTAL,https://doi.org/10.1007/s10853-019-04064-9,AUDIT_SCOPE_DEPENDENT,MASTER_FIELD_MAPPING
P022,10.1007/s10853-019-04064-9,P022_SERIES01,P022_MAT_C2MO2,P022_MC_C2MO2_ASCAST_RT,P022_OBS_C2MO2_ASCAST_RT,P022_OBS_C2MO2_ASCAST_RT,Grouping_Review_Required,False,as reported,HIERARCHY_INTEGRATION,"Verified material-parent, condition, and stage sheets",Source-defined hierarchy with correlated stage-child control,HIGH,VERIFIED,EXPERIMENTAL,https://doi.org/10.1007/s10853-019-04064-9,AUDIT_SCOPE_DEPENDENT,MASTER_FIELD_MAPPING
P022,10.1007/s10853-019-04064-9,P022_SERIES01,P022_MAT_C2MO2,P022_MC_C2MO2_ASCAST_RT,P022_OBS_C2MO2_ASCAST_RT,P022_OBS_C2MO2_ASCAST_RT,Grouping_Confidence,HIGH,as reported,HIERARCHY_INTEGRATION,"Verified material-parent, condition, and stage sheets",Source-defined hierarchy with correlated stage-child control,HIGH,VERIFIED,EXPERIMENTAL,https://doi.org/10.1007/s10853-019-04064-9,AUDIT_SCOPE_DEPENDENT,MASTER_FIELD_MAPPING
P022,10.1007/s10853-019-04064-9,P022_SERIES01,P022_MAT_C2MO2,P022_MC_C2MO2_ASCAST_RT,P022_OBS_C2MO2_ASCAST_RT,P022_OBS_C2MO2_ASCAST_RT,Grouping_Reason,Source-defined separately fabricated chemistry variant; one primary room-temperature tensile condition,as reported,HIERARCHY_INTEGRATION,"Verified material-parent, condition, and stage sheets",Source-defined hierarchy with correlated stage-child control,HIGH,VERIFIED,EXPERIMENTAL,https://doi.org/10.1007/s10853-019-04064-9,AUDIT_SCOPE_DEPENDENT,MASTER_FIELD_MAPPING
P022,10.1007/s10853-019-04064-9,P022_SERIES01,P022_MAT_C2MO2,P022_MC_C2MO2_ASCAST_RT,P022_OBS_C2MO2_ASCAST_RT,P022_OBS_C2MO2_ASCAST_RT,Recovered_Initial_FCC_fraction,UNRESOLVED_NA,fraction,DIRECT_XRD_OM_SEM_OR_VERIFIED_NA,Figs.1-2 pp.2-3,XRD plus OM/SEM with phase-scope safeguards,HIGH,VERIFIED_NA_EXACT_NUMERIC_FCC_FRACTION_NOT_REPORTED,EXPERIMENTAL,https://doi.org/10.1007/s10853-019-04064-9,AUDIT_SCOPE_DEPENDENT,MASTER_FIELD_MAPPING
P022,10.1007/s10853-019-04064-9,P022_SERIES01,P022_MAT_C2MO2,P022_MC_C2MO2_ASCAST_RT,P022_OBS_C2MO2_ASCAST_RT,P022_OBS_C2MO2_ASCAST_RT,Recovered_Initial_HCP_fraction,0,fraction,DIRECT_XRD_OM_SEM_OR_VERIFIED_NA,Figs.1-2 pp.2-3,XRD plus OM/SEM with phase-scope safeguards,HIGH,VERIFIED,EXPERIMENTAL,https://doi.org/10.1007/s10853-019-04064-9,AUDIT_SCOPE_DEPENDENT,MASTER_FIELD_MAPPING
P022,10.1007/s10853-019-04064-9,P022_SERIES01,P022_MAT_C2MO2,P022_MC_C2MO2_ASCAST_RT,P022_OBS_C2MO2_ASCAST_RT,P022_OBS_C2MO2_ASCAST_RT,Recovered_TWIP,1,binary,CONDITION_OR_STAGE_TARGET_EVIDENCE,Methods p.2; Figs.1-4 pp.2-5,Condition-level evidence grading from verified workbook,HIGH,VERIFIED,EXPERIMENTAL,https://doi.org/10.1007/s10853-019-04064-9,TARGET_OR_TARGET_EVIDENCE_NOT_PREDICTOR,MASTER_FIELD_MAPPING
P022,10.1007/s10853-019-04064-9,P022_SERIES01,P022_MAT_C2MO2,P022_MC_C2MO2_ASCAST_RT,P022_OBS_C2MO2_ASCAST_RT,P022_OBS_C2MO2_ASCAST_RT,Effective_TRIP,UNRESOLVED_NA,binary,CONDITION_OR_STAGE_TARGET_EVIDENCE,Methods p.2; Figs.1-4 pp.2-5,Condition-level evidence grading from verified workbook,HIGH,VERIFIED_NA_INSUFFICIENT_CONDITION_LEVEL_EVIDENCE,EXPERIMENTAL,https://doi.org/10.1007/s10853-019-04064-9,TARGET_OR_TARGET_EVIDENCE_NOT_PREDICTOR,MASTER_FIELD_MAPPING
P022,10.1007/s10853-019-04064-9,P022_SERIES01,P022_MAT_C2MO2,P022_MC_C2MO2_ASCAST_RT,P022_OBS_C2MO2_ASCAST_RT,P022_OBS_C2MO2_ASCAST_RT,Effective_TWIP,1,binary,CONDITION_OR_STAGE_TARGET_EVIDENCE,Methods p.2; Figs.1-4 pp.2-5,Condition-level evidence grading from verified workbook,HIGH,VERIFIED,EXPERIMENTAL,https://doi.org/10.1007/s10853-019-04064-9,TARGET_OR_TARGET_EVIDENCE_NOT_PREDICTOR,MASTER_FIELD_MAPPING
P022,10.1007/s10853-019-04064-9,P022_SERIES01,P022_MAT_C2MO2,P022_MC_C2MO2_ASCAST_RT,P022_OBS_C2MO2_ASCAST_RT,P022_OBS_C2MO2_ASCAST_RT,Study_Series_ID,P022_SERIES01,as reported,HIERARCHY_INTEGRATION,"Verified material-parent, condition, and stage sheets",Source-defined hierarchy with correlated stage-child control,HIGH,VERIFIED,EXPERIMENTAL,https://doi.org/10.1007/s10853-019-04064-9,AUDIT_SCOPE_DEPENDENT,MASTER_FIELD_MAPPING
P022,10.1007/s10853-019-04064-9,P022_SERIES01,P022_MAT_C2MO2,P022_MC_C2MO2_ASCAST_RT,P022_OBS_C2MO2_ASCAST_RT,P022_OBS_C2MO2_ASCAST_RT,Material_Parent_ID,P022_MAT_C2MO2,as reported,HIERARCHY_INTEGRATION,"Verified material-parent, condition, and stage sheets",Source-defined hierarchy with correlated stage-child control,HIGH,VERIFIED,EXPERIMENTAL,https://doi.org/10.1007/s10853-019-04064-9,AUDIT_SCOPE_DEPENDENT,MASTER_FIELD_MAPPING
P022,10.1007/s10853-019-04064-9,P022_SERIES01,P022_MAT_C2MO2,P022_MC_C2MO2_ASCAST_RT,P022_OBS_C2MO2_ASCAST_RT,P022_OBS_C2MO2_ASCAST_RT,Physical_Batch_ID,UNRESOLVED_NA,as reported,HIERARCHY_INTEGRATION,"Verified material-parent, condition, and stage sheets",Source-defined hierarchy with correlated stage-child control,HIGH,VERIFIED_NA_NOT_SOURCE_SUPPORTED_NO_PSEUDOREPLICATION,EXPERIMENTAL,https://doi.org/10.1007/s10853-019-04064-9,AUDIT_SCOPE_DEPENDENT,MASTER_FIELD_MAPPING
P022,10.1007/s10853-019-04064-9,P022_SERIES01,P022_MAT_C2MO2,P022_MC_C2MO2_ASCAST_RT,P022_OBS_C2MO2_ASCAST_RT,P022_OBS_C2MO2_ASCAST_RT,Replicate_ID,UNRESOLVED_NA,as reported,HIERARCHY_INTEGRATION,"Verified material-parent, condition, and stage sheets",Source-defined hierarchy with correlated stage-child control,HIGH,VERIFIED_NA_NOT_SOURCE_SUPPORTED_NO_PSEUDOREPLICATION,EXPERIMENTAL,https://doi.org/10.1007/s10853-019-04064-9,AUDIT_SCOPE_DEPENDENT,MASTER_FIELD_MAPPING
P022,10.1007/s10853-019-04064-9,P022_SERIES01,P022_MAT_C2MO2,P022_MC_C2MO2_ASCAST_RT,P022_OBS_C2MO2_ASCAST_RT,P022_OBS_C2MO2_ASCAST_RT,Leakage_Group_Strict,P022_SERIES01,as reported,HIERARCHY_INTEGRATION,"Verified material-parent, condition, and stage sheets",Source-defined hierarchy with correlated stage-child control,HIGH,VERIFIED,EXPERIMENTAL,https://doi.org/10.1007/s10853-019-04064-9,AUDIT_SCOPE_DEPENDENT,MASTER_FIELD_MAPPING
P022,10.1007/s10853-019-04064-9,P022_SERIES01,P022_MAT_C2MO2,P022_MC_C2MO2_ASCAST_RT,P022_OBS_C2MO2_ASCAST_RT,P022_OBS_C2MO2_ASCAST_RT,Leakage_Group_Material,P022_MAT_C2MO2,as reported,HIERARCHY_INTEGRATION,"Verified material-parent, condition, and stage sheets",Source-defined hierarchy with correlated stage-child control,HIGH,VERIFIED,EXPERIMENTAL,https://doi.org/10.1007/s10853-019-04064-9,AUDIT_SCOPE_DEPENDENT,MASTER_FIELD_MAPPING
P022,10.1007/s10853-019-04064-9,P022_SERIES01,P022_MAT_C2MO2,P022_MC_C2MO2_ASCAST_RT,P022_OBS_C2MO2_ASCAST_RT,P022_OBS_C2MO2_ASCAST_RT,Parent_ML_Condition_ID,P022_MC_C2MO2_ASCAST_RT,as reported,HIERARCHY_INTEGRATION,"Verified material-parent, condition, and stage sheets",Source-defined hierarchy with correlated stage-child control,HIGH,VERIFIED,EXPERIMENTAL,https://doi.org/10.1007/s10853-019-04064-9,AUDIT_SCOPE_DEPENDENT,MASTER_FIELD_MAPPING
P022,10.1007/s10853-019-04064-9,P022_SERIES01,P022_MAT_C2MO2,P022_MC_C2MO2_ASCAST_RT,P022_OBS_C2MO2_ASCAST_RT,P022_OBS_C2MO2_ASCAST_RT,Replicate_n,UNRESOLVED_NA,as reported,HIERARCHY_INTEGRATION,"Verified material-parent, condition, and stage sheets",Source-defined hierarchy with correlated stage-child control,HIGH,VERIFIED_NA_NOT_SOURCE_SUPPORTED_NO_PSEUDOREPLICATION,EXPERIMENTAL,https://doi.org/10.1007/s10853-019-04064-9,AUDIT_SCOPE_DEPENDENT,MASTER_FIELD_MAPPING
P022,10.1007/s10853-019-04064-9,P022_SERIES01,P022_MAT_C2MO2,P022_MC_C2MO2_ASCAST_RT,P022_OBS_C2MO2_ASCAST_RT,P022_OBS_C2MO2_ASCAST_RT,Recovered_Bulk_Composition_at_pct,UNRESOLVED_NA,as reported,DIRECT_TEXT_OR_VERIFIED_NA,Materials and methods p.2; tensile condition p.3,Source text without chemistry normalization or temperature/rate inference,HIGH,VERIFIED_NA_NO_QUANTITATIVE_POSTMELT_BULK_CHEMISTRY,EXPERIMENTAL,https://doi.org/10.1007/s10853-019-04064-9,AUDIT_SCOPE_DEPENDENT,MASTER_FIELD_MAPPING
P022,10.1007/s10853-019-04064-9,P022_SERIES01,P022_MAT_C2MO2,P022_MC_C2MO2_ASCAST_RT,P022_OBS_C2MO2_ASCAST_RT,P022_OBS_C2MO2_ASCAST_RT,Recovered_Composition_Status,NOMINAL_ORIGINAL_ATOMIC_RATIO_ONLY_NO_QUANTITATIVE_POSTMELT_BULK_CHEMISTRY_REPORTED,as reported,DIRECT_TEXT_OR_VERIFIED_NA,Materials and methods p.2; tensile condition p.3,Source text without chemistry normalization or temperature/rate inference,HIGH,VERIFIED,EXPERIMENTAL,https://doi.org/10.1007/s10853-019-04064-9,AUDIT_SCOPE_DEPENDENT,MASTER_FIELD_MAPPING
P022,10.1007/s10853-019-04064-9,P022_SERIES01,P022_MAT_C2MO2,P022_MC_C2MO2_ASCAST_RT,P022_OBS_C2MO2_ASCAST_RT,P022_OBS_C2MO2_ASCAST_RT,Recovered_Initial_HCP_status,DIRECT_XRD_HCP_FRACTION_ZERO,as reported,DIRECT_XRD_OM_SEM_OR_VERIFIED_NA,Figs.1-2 pp.2-3,XRD plus OM/SEM with phase-scope safeguards,HIGH,VERIFIED,EXPERIMENTAL,https://doi.org/10.1007/s10853-019-04064-9,AUDIT_SCOPE_DEPENDENT,MASTER_FIELD_MAPPING
P022,10.1007/s10853-019-04064-9,P022_SERIES01,P022_MAT_C2MO2,P022_MC_C2MO2_ASCAST_RT,P022_OBS_C2MO2_ASCAST_RT,P022_OBS_C2MO2_ASCAST_RT,Independent_ML_sample,True,as reported,HIERARCHY_INTEGRATION,"Verified material-parent, condition, and stage sheets",Source-defined hierarchy with correlated stage-child control,HIGH,VERIFIED,EXPERIMENTAL,https://doi.org/10.1007/s10853-019-04064-9,AUDIT_SCOPE_DEPENDENT,MASTER_FIELD_MAPPING
P022,10.1007/s10853-019-04064-9,P022_SERIES01,P022_MAT_C2MO2,P022_MC_C2MO2_ASCAST_RT,P022_OBS_C2MO2_ASCAST_RT,P022_OBS_C2MO2_ASCAST_RT,Nominal_Composition_at_pct,UNRESOLVED_NA,as reported,DIRECT_TEXT_OR_VERIFIED_NA,Materials and methods p.2; tensile condition p.3,Source text without chemistry normalization or temperature/rate inference,HIGH,VERIFIED_NA_ATOMIC_RATIO_FORMULA_NOT_NORMALIZED_TO_ATPCT,EXPERIMENTAL,https://doi.org/10.1007/s10853-019-04064-9,AUDIT_SCOPE_DEPENDENT,MASTER_FIELD_MAPPING
P022,10.1007/s10853-019-04064-9,P022_SERIES01,P022_MAT_C2MO2,P022_MC_C2MO2_ASCAST_RT,P022_OBS_C2MO2_ASCAST_RT,P022_OBS_C2MO2_ASCAST_RT,Measured_Composition_Status,NO_QUANTITATIVE_POSTMELT_BULK_CHEMISTRY_REPORTED,as reported,DIRECT_TEXT_OR_VERIFIED_NA,Materials and methods p.2; tensile condition p.3,Source text without chemistry normalization or temperature/rate inference,HIGH,VERIFIED,EXPERIMENTAL,https://doi.org/10.1007/s10853-019-04064-9,AUDIT_SCOPE_DEPENDENT,MASTER_FIELD_MAPPING
P022,10.1007/s10853-019-04064-9,P022_SERIES01,P022_MAT_C2MO2,P022_MC_C2MO2_ASCAST_RT,P022_OBS_C2MO2_ASCAST_RT,P022_OBS_C2MO2_ASCAST_RT,Initial_Phase_State_Qualitative,XRD_SINGLE_FCC,as reported,DIRECT_XRD_OM_SEM_OR_VERIFIED_NA,Figs.1-2 pp.2-3,XRD plus OM/SEM with phase-scope safeguards,HIGH,VERIFIED,EXPERIMENTAL,https://doi.org/10.1007/s10853-019-04064-9,AUDIT_SCOPE_DEPENDENT,MASTER_FIELD_MAPPING
P022,10.1007/s10853-019-04064-9,P022_SERIES01,P022_MAT_C2MO2,P022_MC_C2MO2_ASCAST_RT,P022_OBS_C2MO2_ASCAST_RT,P022_OBS_C2MO2_ASCAST_RT,Initial_Phase_Status,DIRECT_XRD_WITH_MICROSCOPY_CONTEXT,as reported,DIRECT_XRD_OM_SEM_OR_VERIFIED_NA,Figs.1-2 pp.2-3,XRD plus OM/SEM with phase-scope safeguards,HIGH,VERIFIED,EXPERIMENTAL,https://doi.org/10.1007/s10853-019-04064-9,AUDIT_SCOPE_DEPENDENT,MASTER_FIELD_MAPPING
P022,10.1007/s10853-019-04064-9,P022_SERIES01,P022_MAT_C2MO2,P022_MC_C2MO2_ASCAST_RT,P022_OBS_C2MO2_ASCAST_RT,P022_OBS_C2MO2_ASCAST_RT,Processing_State_ID,AS_CAST,as reported,DIRECT_TEXT_OR_VERIFIED_NA,Materials and methods p.2; tensile condition p.3,Source text without chemistry normalization or temperature/rate inference,HIGH,VERIFIED,EXPERIMENTAL,https://doi.org/10.1007/s10853-019-04064-9,AUDIT_SCOPE_DEPENDENT,MASTER_FIELD_MAPPING
P022,10.1007/s10853-019-04064-9,P022_SERIES01,P022_MAT_C2MO2,P022_MC_C2MO2_ASCAST_RT,P022_OBS_C2MO2_ASCAST_RT,P022_OBS_C2MO2_ASCAST_RT,Measured_Composition_at_pct,UNRESOLVED_NA,as reported,DIRECT_TEXT_OR_VERIFIED_NA,Materials and methods p.2; tensile condition p.3,Source text without chemistry normalization or temperature/rate inference,HIGH,VERIFIED_NA_NO_QUANTITATIVE_POSTMELT_BULK_CHEMISTRY,EXPERIMENTAL,https://doi.org/10.1007/s10853-019-04064-9,AUDIT_SCOPE_DEPENDENT,MASTER_FIELD_MAPPING
P022,10.1007/s10853-019-04064-9,P022_SERIES01,P022_MAT_C2MO2,P022_MC_C2MO2_ASCAST_RT,P022_OBS_C2MO2_ASCAST_RT,P022_OBS_C2MO2_ASCAST_RT,Test_T_Raw,room temperature,as reported,DIRECT_TEXT_OR_VERIFIED_NA,Materials and methods p.2; tensile condition p.3,Source text without chemistry normalization or temperature/rate inference,HIGH,VERIFIED,EXPERIMENTAL,https://doi.org/10.1007/s10853-019-04064-9,AUDIT_SCOPE_DEPENDENT,MASTER_FIELD_MAPPING
P022,10.1007/s10853-019-04064-9,P022_SERIES01,P022_MAT_C2MO2,P022_MC_C2MO2_ASCAST_RT,P022_OBS_C2MO2_ASCAST_RT,P022_OBS_C2MO2_ASCAST_RT,Composition_Status,NOMINAL_ORIGINAL_ATOMIC_RATIO_ONLY_NO_QUANTITATIVE_POSTMELT_BULK_CHEMISTRY_REPORTED,as reported,DIRECT_TEXT_OR_VERIFIED_NA,Materials and methods p.2; tensile condition p.3,Source text without chemistry normalization or temperature/rate inference,HIGH,VERIFIED,EXPERIMENTAL,https://doi.org/10.1007/s10853-019-04064-9,AUDIT_SCOPE_DEPENDENT,MASTER_FIELD_MAPPING
P022,10.1007/s10853-019-04064-9,P022_SERIES01,P022_MAT_C2MO2,P022_MC_C2MO2_ASCAST_RT,P022_OBS_C2MO2_ASCAST_RT,P022_OBS_C2MO2_ASCAST_RT,Initial_HCP_Status,DIRECT_XRD_SINGLE_FCC_HCP_ABSENT,as reported,DIRECT_XRD_OM_SEM_OR_VERIFIED_NA,Figs.1-2 pp.2-3,XRD plus OM/SEM with phase-scope safeguards,HIGH,VERIFIED,EXPERIMENTAL,https://doi.org/10.1007/s10853-019-04064-9,AUDIT_SCOPE_DEPENDENT,MASTER_FIELD_MAPPING
P022,10.1007/s10853-019-04064-9,P022_SERIES01,P022_MAT_C2MO2,P022_MC_C2MO2_ASCAST_RT,P022_OBS_C2MO2_ASCAST_RT,P022_OBS_C2MO2_ASCAST_RT,Initial_HCP_Origin,NOT_PRESENT_BY_XRD,as reported,DIRECT_XRD_OM_SEM_OR_VERIFIED_NA,Figs.1-2 pp.2-3,XRD plus OM/SEM with phase-scope safeguards,HIGH,VERIFIED,EXPERIMENTAL,https://doi.org/10.1007/s10853-019-04064-9,AUDIT_SCOPE_DEPENDENT,MASTER_FIELD_MAPPING
P022,10.1007/s10853-019-04064-9,P022_SERIES01,P022_MAT_C2MO2,P022_MC_C2MO2_ASCAST_RT,P022_OBS_C2MO2_ASCAST_RT,P022_OBS_C2MO2_ASCAST_RT,Test_T_Status,SOURCE_TEXT_ROOM_TEMPERATURE_EXACT_NUMERIC_K_NOT_REPORTED,as reported,DIRECT_TEXT_OR_VERIFIED_NA,Materials and methods p.2; tensile condition p.3,Source text without chemistry normalization or temperature/rate inference,HIGH,VERIFIED,EXPERIMENTAL,https://doi.org/10.1007/s10853-019-04064-9,AUDIT_SCOPE_DEPENDENT,MASTER_FIELD_MAPPING
P022,10.1007/s10853-019-04064-9,P022_SERIES01,P022_MAT_C2MO2,P022_MC_C2MO2_ASCAST_RT,P022_OBS_C2MO2_ASCAST_RT,P022_OBS_C2MO2_ASCAST_RT,Raw_Material_Purity,>99.9 wt.%,as reported,DIRECT_TEXT_OR_VERIFIED_NA,Materials and methods p.2; tensile condition p.3,Source text without chemistry normalization or temperature/rate inference,HIGH,VERIFIED,EXPERIMENTAL,https://doi.org/10.1007/s10853-019-04064-9,AUDIT_SCOPE_DEPENDENT,MASTER_FIELD_MAPPING
P022,10.1007/s10853-019-04064-9,P022_SERIES01,P022_MAT_C2MO2,P022_MC_C2MO2_ASCAST_RT,P022_OBS_C2MO2_ASCAST_RT,P022_OBS_C2MO2_ASCAST_RT,Grain_Size_Status,NOT_NUMERICALLY_REPORTED,as reported,DIRECT_XRD_OM_SEM_OR_VERIFIED_NA,Figs.1-2 pp.2-3,XRD plus OM/SEM with phase-scope safeguards,HIGH,VERIFIED,EXPERIMENTAL,https://doi.org/10.1007/s10853-019-04064-9,AUDIT_SCOPE_DEPENDENT,MASTER_FIELD_MAPPING
P022,10.1007/s10853-019-04064-9,P022_SERIES01,P022_MAT_C2MO2,P022_MC_C2MO2_ASCAST_RT,P022_OBS_C2MO2_ASCAST_RT,P022_OBS_C2MO2_ASCAST_RT,Engineering_YS_MPa,UNRESOLVED_NA,MPa,DIRECT_APPROX_TEXT_OR_VERIFIED_NA,Methods p.2; Figs.1-4 pp.2-5,Engineering tensile response; Figure 3 not digitized,HIGH,VERIFIED_NA_NOT_EXPLICIT_DIRECT_TEXT_NO_FIGURE_DIGITIZATION,EXPERIMENTAL,https://doi.org/10.1007/s10853-019-04064-9,MECHANICAL_OUTCOME_LEAKAGE,MASTER_FIELD_MAPPING
P022,10.1007/s10853-019-04064-9,P022_SERIES01,P022_MAT_C2MO2,P022_MC_C2MO2_ASCAST_RT,P022_OBS_C2MO2_ASCAST_RT,P022_OBS_C2MO2_ASCAST_RT,Engineering_UTS_MPa,UNRESOLVED_NA,MPa,DIRECT_APPROX_TEXT_OR_VERIFIED_NA,Methods p.2; Figs.1-4 pp.2-5,Engineering tensile response; Figure 3 not digitized,HIGH,VERIFIED_NA_NOT_EXPLICIT_DIRECT_TEXT_NO_FIGURE_DIGITIZATION,EXPERIMENTAL,https://doi.org/10.1007/s10853-019-04064-9,MECHANICAL_OUTCOME_LEAKAGE,MASTER_FIELD_MAPPING
P022,10.1007/s10853-019-04064-9,P022_SERIES01,P022_MAT_C2MO2,P022_MC_C2MO2_ASCAST_RT,P022_OBS_C2MO2_ASCAST_RT,P022_OBS_C2MO2_ASCAST_RT,Engineering_Elongation_pct,UNRESOLVED_NA,%,DIRECT_APPROX_TEXT_OR_VERIFIED_NA,Methods p.2; Figs.1-4 pp.2-5,Engineering tensile response; Figure 3 not digitized,HIGH,VERIFIED_NA_NOT_EXPLICIT_DIRECT_TEXT_NO_FIGURE_DIGITIZATION,EXPERIMENTAL,https://doi.org/10.1007/s10853-019-04064-9,MECHANICAL_OUTCOME_LEAKAGE,MASTER_FIELD_MAPPING
P022,10.1007/s10853-019-04064-9,P022_SERIES01,P022_MAT_C2MO2,P022_MC_C2MO2_ASCAST_RT,P022_OBS_C2MO2_ASCAST_RT,P022_OBS_C2MO2_ASCAST_RT,SFE_Value_Status,NOT_REPORTED_CURRENT_ALLOY_NUMERIC,as reported,QUALITATIVE_DIRECTION_OR_VERIFIED_GAP,Introduction/results and whole-paper review,No current-alloy numeric SFE or DeltaG; no cross-paper transfer,HIGH,VERIFIED,EXPERIMENTAL,https://doi.org/10.1007/s10853-019-04064-9,NOT_SAFE_AS_DIRECT_NUMERIC_SFE_OR_DELTAG,MASTER_FIELD_MAPPING
P022,10.1007/s10853-019-04064-9,P022_SERIES01,P022_MAT_C2MO2,P022_MC_C2MO2_ASCAST_RT,P022_OBS_C2MO2_ASCAST_RT,P022_OBS_C2MO2_ASCAST_RT,SFE_Data_Origin,CURRENT_PAPER_GAP,as reported,QUALITATIVE_DIRECTION_OR_VERIFIED_GAP,Introduction/results and whole-paper review,No current-alloy numeric SFE or DeltaG; no cross-paper transfer,HIGH,VERIFIED,EXPERIMENTAL,https://doi.org/10.1007/s10853-019-04064-9,NOT_SAFE_AS_DIRECT_NUMERIC_SFE_OR_DELTAG,MASTER_FIELD_MAPPING
P022,10.1007/s10853-019-04064-9,P022_SERIES01,P022_MAT_C2MO2,P022_MC_C2MO2_ASCAST_RT,P022_OBS_C2MO2_ASCAST_RT,P022_OBS_C2MO2_ASCAST_RT,Independent_Experimental_ML_sample,True,as reported,HIERARCHY_INTEGRATION,"Verified material-parent, condition, and stage sheets",Source-defined hierarchy with correlated stage-child control,HIGH,VERIFIED,EXPERIMENTAL,https://doi.org/10.1007/s10853-019-04064-9,AUDIT_SCOPE_DEPENDENT,MASTER_FIELD_MAPPING
P022,10.1007/s10853-019-04064-9,P022_SERIES01,P022_MAT_C2MO2,P022_MC_C2MO2_ASCAST_RT,P022_OBS_C2MO2_ASCAST_RT,P022_OBS_C2MO2_ASCAST_RT,Experimental_Target_Eligibility,True,as reported,HIERARCHY_INTEGRATION,"Verified material-parent, condition, and stage sheets",Source-defined hierarchy with correlated stage-child control,HIGH,VERIFIED,EXPERIMENTAL,https://doi.org/10.1007/s10853-019-04064-9,AUDIT_SCOPE_DEPENDENT,MASTER_FIELD_MAPPING
P022,10.1007/s10853-019-04064-9,P022_SERIES01,P022_MAT_C2MO2,P022_MC_C2MO2_ASCAST_RT,P022_OBS_C2MO2_ASCAST_RT,P022_OBS_C2MO2_ASCAST_RT,Measured_Bulk_Composition,UNRESOLVED_NA,as reported,DIRECT_TEXT_OR_VERIFIED_NA,Materials and methods p.2; tensile condition p.3,Source text without chemistry normalization or temperature/rate inference,HIGH,VERIFIED_NA_NO_QUANTITATIVE_POSTMELT_BULK_CHEMISTRY,EXPERIMENTAL,https://doi.org/10.1007/s10853-019-04064-9,AUDIT_SCOPE_DEPENDENT,MASTER_FIELD_MAPPING
P022,10.1007/s10853-019-04064-9,P022_SERIES01,P022_MAT_C2MO2,P022_MC_C2MO2_ASCAST_RT,P022_OBS_C2MO2_ASCAST_RT,P022_OBS_C2MO2_ASCAST_RT,Loading_Mode,Uniaxial tension,as reported,DIRECT_TEXT_OR_VERIFIED_NA,Materials and methods p.2; tensile condition p.3,Source text without chemistry normalization or temperature/rate inference,HIGH,VERIFIED,EXPERIMENTAL,https://doi.org/10.1007/s10853-019-04064-9,AUDIT_SCOPE_DEPENDENT,MASTER_FIELD_MAPPING
P022,10.1007/s10853-019-04064-9,P022_SERIES01,P022_MAT_C2MO2,P022_MC_C2MO2_ASCAST_RT,P022_OBS_C2MO2_ASCAST_RT,P022_OBS_C2MO2_ASCAST_RT,Initial_Phase,XRD_SINGLE_FCC,as reported,DIRECT_XRD_OM_SEM_OR_VERIFIED_NA,Figs.1-2 pp.2-3,XRD plus OM/SEM with phase-scope safeguards,HIGH,VERIFIED,EXPERIMENTAL,https://doi.org/10.1007/s10853-019-04064-9,AUDIT_SCOPE_DEPENDENT,MASTER_FIELD_MAPPING
P022,10.1007/s10853-019-04064-9,P022_SERIES01,P022_MAT_C2MO2,P022_MC_C2MO2_ASCAST_RT,P022_OBS_C2MO2_ASCAST_RT,P022_OBS_C2MO2_ASCAST_RT,Mechanical_Value_Status,FIGURE_ONLY_NOT_DIGITIZED,as reported,DIRECT_APPROX_TEXT_OR_VERIFIED_NA,Methods p.2; Figs.1-4 pp.2-5,Engineering tensile response; Figure 3 not digitized,HIGH,VERIFIED,EXPERIMENTAL,https://doi.org/10.1007/s10853-019-04064-9,MECHANICAL_OUTCOME_LEAKAGE,MASTER_FIELD_MAPPING
P022,10.1007/s10853-019-04064-9,P022_SERIES01,P022_MAT_C2MO2,P022_MC_C2MO2_ASCAST_RT,P022_OBS_C2MO2_ASCAST_RT,P022_OBS_C2MO2_ASCAST_RT,Mechanical_Predictor_Eligibility,MECHANICAL_OUTCOME_LEAKAGE,as reported,DIRECT_APPROX_TEXT_OR_VERIFIED_NA,Methods p.2; Figs.1-4 pp.2-5,Engineering tensile response; Figure 3 not digitized,HIGH,VERIFIED,EXPERIMENTAL,https://doi.org/10.1007/s10853-019-04064-9,MECHANICAL_OUTCOME_LEAKAGE,MASTER_FIELD_MAPPING
P022,10.1007/s10853-019-04064-9,P022_SERIES01,P022_MAT_C2MO2,P022_MC_C2MO2_ASCAST_RT,P022_OBS_C2MO2_ASCAST_RT,P022_OBS_C2MO2_ASCAST_RT,TRIP_Evidence_Type,NO_CONDITION_SPECIFIC_POST_TEST_PHASE_CHARACTERIZATION,as reported,CONDITION_OR_STAGE_TARGET_EVIDENCE,Methods p.2; Figs.1-4 pp.2-5,Condition-level evidence grading from verified workbook,HIGH,VERIFIED,EXPERIMENTAL,https://doi.org/10.1007/s10853-019-04064-9,TARGET_OR_TARGET_EVIDENCE_NOT_PREDICTOR,MASTER_FIELD_MAPPING
P022,10.1007/s10853-019-04064-9,P022_SERIES01,P022_MAT_C2MO2,P022_MC_C2MO2_ASCAST_RT,P022_OBS_C2MO2_ASCAST_RT,P022_OBS_C2MO2_ASCAST_RT,TWIP_Evidence_Type,DIRECT_EBSD_DEFORMATION_TWIN_BOUNDARIES_AT_40PCT,as reported,CONDITION_OR_STAGE_TARGET_EVIDENCE,Methods p.2; Figs.1-4 pp.2-5,Condition-level evidence grading from verified workbook,HIGH,VERIFIED,EXPERIMENTAL,https://doi.org/10.1007/s10853-019-04064-9,TARGET_OR_TARGET_EVIDENCE_NOT_PREDICTOR,MASTER_FIELD_MAPPING
P022,10.1007/s10853-019-04064-9,P022_SERIES01,P022_MAT_C2MO2,P022_MC_C2MO2_ASCAST_RT,P022_OBS_C2MO2_ASCAST_RT,P022_OBS_C2MO2_ASCAST_RT,Negative_Evidence_Status,INSUFFICIENT_FOR_ZERO,as reported,CONDITION_OR_STAGE_TARGET_EVIDENCE,Methods p.2; Figs.1-4 pp.2-5,Condition-level evidence grading from verified workbook,HIGH,VERIFIED,EXPERIMENTAL,https://doi.org/10.1007/s10853-019-04064-9,TARGET_OR_TARGET_EVIDENCE_NOT_PREDICTOR,MASTER_FIELD_MAPPING
P022,10.1007/s10853-019-04064-9,P022_SERIES01,P022_MAT_C2MO2,P022_MC_C2MO2_ASCAST_RT,P022_OBS_C2MO2_ASCAST_RT,P022_OBS_C2MO2_ASCAST_RT,Condition_Level_Target_Evidence,"Direct deformation twins are present at 40% strain, though less than C2Mo1.",as reported,CONDITION_OR_STAGE_TARGET_EVIDENCE,Methods p.2; Figs.1-4 pp.2-5,Condition-level evidence grading from verified workbook,HIGH,VERIFIED,EXPERIMENTAL,https://doi.org/10.1007/s10853-019-04064-9,TARGET_OR_TARGET_EVIDENCE_NOT_PREDICTOR,MASTER_FIELD_MAPPING
P022,10.1007/s10853-019-04064-9,P022_SERIES01,P022_MAT_C2MO2,P022_MC_C2MO2_ASCAST_RT,P022_OBS_C2MO2_ASCAST_RT,P022_OBS_C2MO2_ASCAST_RT,Target_Evidence_Confidence,HIGH,as reported,CONDITION_OR_STAGE_TARGET_EVIDENCE,Methods p.2; Figs.1-4 pp.2-5,Condition-level evidence grading from verified workbook,HIGH,VERIFIED,EXPERIMENTAL,https://doi.org/10.1007/s10853-019-04064-9,TARGET_OR_TARGET_EVIDENCE_NOT_PREDICTOR,MASTER_FIELD_MAPPING
P022,10.1007/s10853-019-04064-9,P022_SERIES01,P022_MAT_C2MO2,P022_MC_C2MO2_ASCAST_RT,P022_OBS_C2MO2_ASCAST_RT,P022_OBS_C2MO2_ASCAST_RT,DeltaG_Value_Status,NOT_REPORTED,as reported,QUALITATIVE_DIRECTION_OR_VERIFIED_GAP,Introduction/results and whole-paper review,No current-alloy numeric SFE or DeltaG; no cross-paper transfer,HIGH,VERIFIED,EXPERIMENTAL,https://doi.org/10.1007/s10853-019-04064-9,NOT_SAFE_AS_DIRECT_NUMERIC_SFE_OR_DELTAG,MASTER_FIELD_MAPPING
P022,10.1007/s10853-019-04064-9,P022_SERIES01,P022_MAT_C2MO2,P022_MC_C2MO2_ASCAST_RT,P022_OBS_C2MO2_ASCAST_RT,P022_OBS_C2MO2_ASCAST_RT,DeltaG_Data_Origin,CURRENT_PAPER_GAP,as reported,QUALITATIVE_DIRECTION_OR_VERIFIED_GAP,Introduction/results and whole-paper review,No current-alloy numeric SFE or DeltaG; no cross-paper transfer,HIGH,VERIFIED,EXPERIMENTAL,https://doi.org/10.1007/s10853-019-04064-9,NOT_SAFE_AS_DIRECT_NUMERIC_SFE_OR_DELTAG,MASTER_FIELD_MAPPING
P022,10.1007/s10853-019-04064-9,P022_SERIES01,P022_MAT_C2MO2,P022_MC_C2MO2_ASCAST_RT,P022_OBS_C2MO2_ASCAST_RT,P022_OBS_C2MO2_ASCAST_RT,Journal,Journal of Materials Science,as reported,SOURCE_IDENTITY,Verified article identity / whole paper,Verified PDF and bibliographic DOI identity,HIGH,VERIFIED,EXPERIMENTAL,https://doi.org/10.1007/s10853-019-04064-9,AUDIT_SCOPE_DEPENDENT,MASTER_FIELD_MAPPING
P022,10.1007/s10853-019-04064-9,P022_SERIES01,P022_MAT_C2MO2,P022_MC_C2MO2_ASCAST_RT,P022_OBS_C2MO2_ASCAST_RT,P022_OBS_C2MO2_ASCAST_RT,Volume,55,as reported,SOURCE_IDENTITY,Verified article identity / whole paper,Verified PDF and bibliographic DOI identity,HIGH,VERIFIED,EXPERIMENTAL,https://doi.org/10.1007/s10853-019-04064-9,AUDIT_SCOPE_DEPENDENT,MASTER_FIELD_MAPPING
P022,10.1007/s10853-019-04064-9,P022_SERIES01,P022_MAT_C2MO2,P022_MC_C2MO2_ASCAST_RT,P022_OBS_C2MO2_ASCAST_RT,P022_OBS_C2MO2_ASCAST_RT,Issue,5,as reported,SOURCE_IDENTITY,Verified article identity / whole paper,Verified PDF and bibliographic DOI identity,HIGH,VERIFIED,EXPERIMENTAL,https://doi.org/10.1007/s10853-019-04064-9,AUDIT_SCOPE_DEPENDENT,MASTER_FIELD_MAPPING
P022,10.1007/s10853-019-04064-9,P022_SERIES01,P022_MAT_C2MO2,P022_MC_C2MO2_ASCAST_RT,P022_OBS_C2MO2_ASCAST_RT,P022_OBS_C2MO2_ASCAST_RT,Pages,2239-2244,as reported,SOURCE_IDENTITY,Verified article identity / whole paper,Verified PDF and bibliographic DOI identity,HIGH,VERIFIED,EXPERIMENTAL,https://doi.org/10.1007/s10853-019-04064-9,AUDIT_SCOPE_DEPENDENT,MASTER_FIELD_MAPPING
P022,10.1007/s10853-019-04064-9,P022_SERIES01,P022_MAT_C2MO2,P022_MC_C2MO2_ASCAST_RT,P022_OBS_C2MO2_ASCAST_RT,P022_OBS_C2MO2_ASCAST_RT,Publication_Year,2020,as reported,SOURCE_IDENTITY,Verified article identity / whole paper,Verified PDF and bibliographic DOI identity,HIGH,VERIFIED,EXPERIMENTAL,https://doi.org/10.1007/s10853-019-04064-9,AUDIT_SCOPE_DEPENDENT,MASTER_FIELD_MAPPING
P022,10.1007/s10853-019-04064-9,P022_SERIES01,P022_MAT_C2MO2,P022_MC_C2MO2_ASCAST_RT,P022_OBS_C2MO2_ASCAST_RT,P022_OBS_C2MO2_ASCAST_RT,Source_URL,https://doi.org/10.1007/s10853-019-04064-9,as reported,SOURCE_IDENTITY,Verified article identity / whole paper,Verified PDF and bibliographic DOI identity,HIGH,VERIFIED,EXPERIMENTAL,https://doi.org/10.1007/s10853-019-04064-9,AUDIT_SCOPE_DEPENDENT,MASTER_FIELD_MAPPING
P022,10.1007/s10853-019-04064-9,P022_SERIES01,P022_MAT_C2MO2,P022_MC_C2MO2_ASCAST_RT,P022_OBS_C2MO2_ASCAST_RT,P022_OBS_C2MO2_ASCAST_RT,Melting_Route,Arc melting under Ti-gettered high-purity Ar in water-cooled Cu crucible,as reported,DIRECT_TEXT_OR_VERIFIED_NA,Materials and methods p.2; tensile condition p.3,Source text without chemistry normalization or temperature/rate inference,HIGH,VERIFIED,EXPERIMENTAL,https://doi.org/10.1007/s10853-019-04064-9,AUDIT_SCOPE_DEPENDENT,MASTER_FIELD_MAPPING
P022,10.1007/s10853-019-04064-9,P022_SERIES01,P022_MAT_C2MO2,P022_MC_C2MO2_ASCAST_RT,P022_OBS_C2MO2_ASCAST_RT,P022_OBS_C2MO2_ASCAST_RT,Casting_Route,WATER_COOLED_CU_CRUCIBLE,as reported,DIRECT_TEXT_OR_VERIFIED_NA,Materials and methods p.2; tensile condition p.3,Source text without chemistry normalization or temperature/rate inference,HIGH,VERIFIED,EXPERIMENTAL,https://doi.org/10.1007/s10853-019-04064-9,AUDIT_SCOPE_DEPENDENT,MASTER_FIELD_MAPPING
P022,10.1007/s10853-019-04064-9,P022_SERIES01,P022_MAT_C2MO2,P022_MC_C2MO2_ASCAST_RT,P022_OBS_C2MO2_ASCAST_RT,P022_OBS_C2MO2_ASCAST_RT,Test_Metadata_Status,ROOM_TEMPERATURE_RAW_ONLY_EXACT_K_AND_TENSILE_STRAIN_RATE_NOT_REPORTED,as reported,DIRECT_TEXT_OR_VERIFIED_NA,Materials and methods p.2; tensile condition p.3,Source text without chemistry normalization or temperature/rate inference,HIGH,VERIFIED,EXPERIMENTAL,https://doi.org/10.1007/s10853-019-04064-9,AUDIT_SCOPE_DEPENDENT,MASTER_FIELD_MAPPING
P022,10.1007/s10853-019-04064-9,P022_SERIES01,P022_MAT_C2MO2,P022_MC_C2MO2_ASCAST_RT,P022_OBS_C2MO2_ASCAST_RT,P022_OBS_C2MO2_ASCAST_RT,Initial_TRIP_Target_Guardrail,PRE_EXISTING_AS_CAST_HCP_DOES_NOT_GENERATE_DEFORMATION_INDUCED_TRIP,as reported,DIRECT_XRD_OM_SEM_OR_VERIFIED_NA,Figs.1-2 pp.2-3,XRD plus OM/SEM with phase-scope safeguards,HIGH,VERIFIED,EXPERIMENTAL,https://doi.org/10.1007/s10853-019-04064-9,AUDIT_SCOPE_DEPENDENT,MASTER_FIELD_MAPPING
P022,10.1007/s10853-019-04064-9,P022_SERIES01,P022_MAT_C2MO2,P022_MC_C2MO2_ASCAST_RT,P022_OBS_C2MO2_ASCAST_RT,P022_OBS_C2MO2_ASCAST_RT,Strain_Basis_Status,FIGURE_ONLY_NOT_DIGITIZED,as reported,DIRECT_APPROX_TEXT_OR_VERIFIED_NA,Methods p.2; Figs.1-4 pp.2-5,Engineering tensile response; Figure 3 not digitized,HIGH,VERIFIED,EXPERIMENTAL,https://doi.org/10.1007/s10853-019-04064-9,MECHANICAL_OUTCOME_LEAKAGE,MASTER_FIELD_MAPPING
P022,10.1007/s10853-019-04064-9,P022_SERIES01,P022_MAT_C2MO2,P022_MC_C2MO2_ASCAST_RT,P022_OBS_C2MO2_ASCAST_RT,P022_OBS_C2MO2_ASCAST_RT,Target_Status,TWIP_VERIFIED_TRIP_UNRESOLVED,as reported,CONDITION_OR_STAGE_TARGET_EVIDENCE,Methods p.2; Figs.1-4 pp.2-5,Condition-level evidence grading from verified workbook,HIGH,VERIFIED,EXPERIMENTAL,https://doi.org/10.1007/s10853-019-04064-9,TARGET_OR_TARGET_EVIDENCE_NOT_PREDICTOR,MASTER_FIELD_MAPPING
P022,10.1007/s10853-019-04064-9,P022_SERIES01,P022_MAT_C2MO2,P022_MC_C2MO2_ASCAST_RT,P022_OBS_C2MO2_ASCAST_RT,P022_OBS_C2MO2_ASCAST_RT,TWIP_Mode,DEFORMATION_TWINNING_DIRECT_EBSD,as reported,CONDITION_OR_STAGE_TARGET_EVIDENCE,Methods p.2; Figs.1-4 pp.2-5,Condition-level evidence grading from verified workbook,HIGH,VERIFIED,EXPERIMENTAL,https://doi.org/10.1007/s10853-019-04064-9,TARGET_OR_TARGET_EVIDENCE_NOT_PREDICTOR,MASTER_FIELD_MAPPING
P022,10.1007/s10853-019-04064-9,P022_SERIES01,P022_MAT_C2MO2,P022_MC_C2MO2_ASCAST_RT,P022_OBS_C2MO2_ASCAST_RT,P022_OBS_C2MO2_ASCAST_RT,Remelt_Count_Min,5,minimum count,DIRECT_TEXT_OR_VERIFIED_NA,Materials and methods p.2; tensile condition p.3,Source text without chemistry normalization or temperature/rate inference,HIGH,VERIFIED,EXPERIMENTAL,https://doi.org/10.1007/s10853-019-04064-9,AUDIT_SCOPE_DEPENDENT,MASTER_FIELD_MAPPING
P022,10.1007/s10853-019-04064-9,P022_SERIES01,P022_MAT_C2MO2,P022_MC_C2MO2_ASCAST_RT,P022_OBS_C2MO2_ASCAST_RT,P022_OBS_C2MO2_ASCAST_RT,Remelt_Count_Status,AT_LEAST_FIVE,as reported,DIRECT_TEXT_OR_VERIFIED_NA,Materials and methods p.2; tensile condition p.3,Source text without chemistry normalization or temperature/rate inference,HIGH,VERIFIED,EXPERIMENTAL,https://doi.org/10.1007/s10853-019-04064-9,AUDIT_SCOPE_DEPENDENT,MASTER_FIELD_MAPPING
P022,10.1007/s10853-019-04064-9,P022_SERIES01,P022_MAT_C2MO2,P022_MC_C2MO2_ASCAST_RT,P022_OBS_C2MO2_ASCAST_RT,P022_OBS_C2MO2_ASCAST_RT,Test_T_C,UNRESOLVED_NA,C,DIRECT_TEXT_OR_VERIFIED_NA,Materials and methods p.2; tensile condition p.3,Source text without chemistry normalization or temperature/rate inference,HIGH,VERIFIED_NA_ROOM_TEMPERATURE_NOT_NUMERICALLY_REPORTED,EXPERIMENTAL,https://doi.org/10.1007/s10853-019-04064-9,AUDIT_SCOPE_DEPENDENT,MASTER_FIELD_MAPPING
P022,10.1007/s10853-019-04064-9,P022_SERIES01,P022_MAT_C2MO2,P022_MC_C2MO2_ASCAST_RT,P022_OBS_C2MO2_ASCAST_RT,P022_OBS_C2MO2_ASCAST_RT,SFE_Predictor_Eligibility,NOT_SAFE_AS_DIRECT_NUMERIC_SFE,as reported,QUALITATIVE_DIRECTION_OR_VERIFIED_GAP,Introduction/results and whole-paper review,No current-alloy numeric SFE or DeltaG; no cross-paper transfer,HIGH,VERIFIED,EXPERIMENTAL,https://doi.org/10.1007/s10853-019-04064-9,NOT_SAFE_AS_DIRECT_NUMERIC_SFE_OR_DELTAG,MASTER_FIELD_MAPPING
P022,10.1007/s10853-019-04064-9,P022_SERIES01,P022_MAT_C2MO2,P022_MC_C2MO2_ASCAST_RT,P022_OBS_C2MO2_ASCAST_RT,P022_OBS_C2MO2_ASCAST_RT,P022_Record_Role,RECOVERED_EXACT_PRIMARY_CONDITION,as reported,HIERARCHY_INTEGRATION,"Verified material-parent, condition, and stage sheets",Source-defined hierarchy with correlated stage-child control,HIGH,VERIFIED,EXPERIMENTAL,https://doi.org/10.1007/s10853-019-04064-9,AUDIT_SCOPE_DEPENDENT,MASTER_FIELD_MAPPING
P022,10.1007/s10853-019-04064-9,P022_SERIES01,P022_MAT_C2MO2,P022_MC_C2MO2_ASCAST_RT,P022_OBS_C2MO2_ASCAST_RT,P022_OBS_C2MO2_ASCAST_RT,P022_Target_Status,TWIP_VERIFIED_TRIP_UNRESOLVED,as reported,CONDITION_OR_STAGE_TARGET_EVIDENCE,Methods p.2; Figs.1-4 pp.2-5,Condition-level evidence grading from verified workbook,HIGH,VERIFIED,EXPERIMENTAL,https://doi.org/10.1007/s10853-019-04064-9,TARGET_OR_TARGET_EVIDENCE_NOT_PREDICTOR,MASTER_FIELD_MAPPING
P022,10.1007/s10853-019-04064-9,P022_SERIES01,P022_MAT_C2MO2,P022_MC_C2MO2_ASCAST_RT,P022_OBS_C2MO2_ASCAST_RT,P022_OBS_C2MO2_ASCAST_RT,P022_Source_Identity_Status,VERIFIED_PDF_AND_EXTERNAL_BIBLIOGRAPHIC_MATCH,as reported,SOURCE_IDENTITY,Verified article identity / whole paper,Verified PDF and bibliographic DOI identity,HIGH,VERIFIED,EXPERIMENTAL,https://doi.org/10.1007/s10853-019-04064-9,AUDIT_SCOPE_DEPENDENT,MASTER_FIELD_MAPPING
P022,10.1007/s10853-019-04064-9,P022_SERIES01,P022_MAT_C2MO2,P022_MC_C2MO2_ASCAST_RT,P022_OBS_C2MO2_ASCAST_RT,P022_OBS_C2MO2_ASCAST_RT,P022_QC_Status,PENDING_GLOBAL_QC_SCHEMA_SPLIT_REFRESH_AFTER_COLLECTION,as reported,HIERARCHY_INTEGRATION,"Verified material-parent, condition, and stage sheets",Source-defined hierarchy with correlated stage-child control,HIGH,VERIFIED,EXPERIMENTAL,https://doi.org/10.1007/s10853-019-04064-9,AUDIT_SCOPE_DEPENDENT,MASTER_FIELD_MAPPING
P022,10.1007/s10853-019-04064-9,P022_SERIES01,P022_MAT_C2MO2,P022_MC_C2MO2_ASCAST_RT,P022_OBS_C2MO2_ASCAST_RT,P022_OBS_C2MO2_ASCAST_RT,Original_Composition_Basis,ATOMIC_RATIO_AS_REPORTED,as reported,DIRECT_TEXT_OR_VERIFIED_NA,Materials and methods p.2; tensile condition p.3,Source text without chemistry normalization or temperature/rate inference,HIGH,VERIFIED,EXPERIMENTAL,https://doi.org/10.1007/s10853-019-04064-9,AUDIT_SCOPE_DEPENDENT,MASTER_FIELD_MAPPING
P022,10.1007/s10853-019-04064-9,P022_SERIES01,P022_MAT_C2MO2,P022_MC_C2MO2_ASCAST_RT,P022_OBS_C2MO2_ASCAST_RT,P022_OBS_C2MO2_ASCAST_RT,Normalized_Composition_at_pct,UNRESOLVED_NA,as reported,DIRECT_TEXT_OR_VERIFIED_NA,Materials and methods p.2; tensile condition p.3,Source text without chemistry normalization or temperature/rate inference,HIGH,VERIFIED_NA_ATOMIC_RATIO_FORMULA_NOT_NORMALIZED_TO_ATPCT,EXPERIMENTAL,https://doi.org/10.1007/s10853-019-04064-9,AUDIT_SCOPE_DEPENDENT,MASTER_FIELD_MAPPING
P022,10.1007/s10853-019-04064-9,P022_SERIES01,P022_MAT_C2MO2,P022_MC_C2MO2_ASCAST_RT,P022_OBS_C2MO2_ASCAST_RT,P022_OBS_C2MO2_ASCAST_RT,Composition_Normalization_Status,NOT_NORMALIZED_RECOVERY_PRESERVES_ATOMIC_RATIO_FORMULA,as reported,DIRECT_TEXT_OR_VERIFIED_NA,Materials and methods p.2; tensile condition p.3,Source text without chemistry normalization or temperature/rate inference,HIGH,VERIFIED,EXPERIMENTAL,https://doi.org/10.1007/s10853-019-04064-9,AUDIT_SCOPE_DEPENDENT,MASTER_FIELD_MAPPING
P022,10.1007/s10853-019-04064-9,P022_SERIES01,P022_MAT_C2MO2,P022_MC_C2MO2_ASCAST_RT,P022_OBS_C2MO2_ASCAST_RT,P022_OBS_C2MO2_ASCAST_RT,Atomic_Ratio_C_Addition_Raw,2.0,atomic-ratio addition,DIRECT_TEXT_OR_VERIFIED_NA,Materials and methods p.2; tensile condition p.3,Source text without chemistry normalization or temperature/rate inference,HIGH,VERIFIED,EXPERIMENTAL,https://doi.org/10.1007/s10853-019-04064-9,AUDIT_SCOPE_DEPENDENT,MASTER_FIELD_MAPPING
P022,10.1007/s10853-019-04064-9,P022_SERIES01,P022_MAT_C2MO2,P022_MC_C2MO2_ASCAST_RT,P022_OBS_C2MO2_ASCAST_RT,P022_OBS_C2MO2_ASCAST_RT,Atomic_Ratio_Mo_Addition_Raw,2.0,atomic-ratio addition,DIRECT_TEXT_OR_VERIFIED_NA,Materials and methods p.2; tensile condition p.3,Source text without chemistry normalization or temperature/rate inference,HIGH,VERIFIED,EXPERIMENTAL,https://doi.org/10.1007/s10853-019-04064-9,AUDIT_SCOPE_DEPENDENT,MASTER_FIELD_MAPPING
P022,10.1007/s10853-019-04064-9,P022_SERIES01,P022_MAT_C2MO2,P022_MC_C2MO2_ASCAST_RT,P022_OBS_C2MO2_ASCAST_RT,P022_OBS_C2MO2_ASCAST_RT,Processing_State,AS_CAST,as reported,DIRECT_TEXT_OR_VERIFIED_NA,Materials and methods p.2; tensile condition p.3,Source text without chemistry normalization or temperature/rate inference,HIGH,VERIFIED,EXPERIMENTAL,https://doi.org/10.1007/s10853-019-04064-9,AUDIT_SCOPE_DEPENDENT,MASTER_FIELD_MAPPING
P022,10.1007/s10853-019-04064-9,P022_SERIES01,P022_MAT_C2MO2,P022_MC_C2MO2_ASCAST_RT,P022_OBS_C2MO2_ASCAST_RT,P022_OBS_C2MO2_ASCAST_RT,Flat_Tensile_Specimen_Dimensions_mm,22 x 2.5 x 1.5,as reported,DIRECT_TEXT_OR_VERIFIED_NA,Materials and methods p.2; tensile condition p.3,Source text without chemistry normalization or temperature/rate inference,HIGH,VERIFIED,EXPERIMENTAL,https://doi.org/10.1007/s10853-019-04064-9,AUDIT_SCOPE_DEPENDENT,MASTER_FIELD_MAPPING
P022,10.1007/s10853-019-04064-9,P022_SERIES01,P022_MAT_C2MO2,P022_MC_C2MO2_ASCAST_RT,P022_OBS_C2MO2_ASCAST_RT,P022_OBS_C2MO2_ASCAST_RT,Strain_Rate_Status,NOT_REPORTED,as reported,DIRECT_TEXT_OR_VERIFIED_NA,Materials and methods p.2; tensile condition p.3,Source text without chemistry normalization or temperature/rate inference,HIGH,VERIFIED,EXPERIMENTAL,https://doi.org/10.1007/s10853-019-04064-9,AUDIT_SCOPE_DEPENDENT,MASTER_FIELD_MAPPING
P022,10.1007/s10853-019-04064-9,P022_SERIES01,P022_MAT_C2MO2,P022_MC_C2MO2_ASCAST_RT,P022_OBS_C2MO2_ASCAST_RT,P022_OBS_C2MO2_ASCAST_RT,Dendrite_Morphology,Non-equiaxed / striped dendrites,as reported,DIRECT_XRD_OM_SEM_OR_VERIFIED_NA,Figs.1-2 pp.2-3,XRD plus OM/SEM with phase-scope safeguards,HIGH,VERIFIED,EXPERIMENTAL,https://doi.org/10.1007/s10853-019-04064-9,AUDIT_SCOPE_DEPENDENT,MASTER_FIELD_MAPPING
P022,10.1007/s10853-019-04064-9,P022_SERIES01,P022_MAT_C2MO2,P022_MC_C2MO2_ASCAST_RT,P022_OBS_C2MO2_ASCAST_RT,P022_OBS_C2MO2_ASCAST_RT,Sigma_Phase_Evidence_Status,PRIOR_WORK_POSSIBILITY_NOT_CURRENT_PAPER_MEASUREMENT,as reported,DIRECT_XRD_OM_SEM_OR_VERIFIED_NA,Figs.1-2 pp.2-3,XRD plus OM/SEM with phase-scope safeguards,HIGH,VERIFIED,EXPERIMENTAL,https://doi.org/10.1007/s10853-019-04064-9,AUDIT_SCOPE_DEPENDENT,MASTER_FIELD_MAPPING
P022,10.1007/s10853-019-04064-9,P022_SERIES01,P022_MAT_C2MO2,P022_MC_C2MO2_ASCAST_RT,P022_OBS_C2MO2_ASCAST_RT,P022_OBS_C2MO2_ASCAST_RT,Initial_HCP_Target_Guardrail,INITIAL_HCP_IS_NOT_DEFORMATION_INDUCED_TRIP_EVIDENCE,as reported,DIRECT_XRD_OM_SEM_OR_VERIFIED_NA,Figs.1-2 pp.2-3,XRD plus OM/SEM with phase-scope safeguards,HIGH,VERIFIED,EXPERIMENTAL,https://doi.org/10.1007/s10853-019-04064-9,AUDIT_SCOPE_DEPENDENT,MASTER_FIELD_MAPPING
P022,10.1007/s10853-019-04064-9,P022_SERIES01,P022_MAT_C2MO2,P022_MC_C2MO2_ASCAST_RT,P022_OBS_C2MO2_ASCAST_RT,P022_OBS_C2MO2_ASCAST_RT,Paper_Native_Mechanism_Attribution,TWIP,as reported,CONDITION_OR_STAGE_TARGET_EVIDENCE,Methods p.2; Figs.1-4 pp.2-5,Condition-level evidence grading from verified workbook,HIGH,VERIFIED,EXPERIMENTAL,https://doi.org/10.1007/s10853-019-04064-9,TARGET_OR_TARGET_EVIDENCE_NOT_PREDICTOR,MASTER_FIELD_MAPPING
P022,10.1007/s10853-019-04064-9,P022_SERIES01,P022_MAT_C2MO2,P022_MC_C2MO2_ASCAST_RT,P022_OBS_C2MO2_ASCAST_RT,P022_OBS_C2MO2_ASCAST_RT,TRIP_to_TWIP_Negative_Safeguard,MECHANISM_SHIFT_WORDING_DOES_NOT_GENERATE_TRIP_ZERO,as reported,CONDITION_OR_STAGE_TARGET_EVIDENCE,Methods p.2; Figs.1-4 pp.2-5,Condition-level evidence grading from verified workbook,HIGH,VERIFIED,EXPERIMENTAL,https://doi.org/10.1007/s10853-019-04064-9,TARGET_OR_TARGET_EVIDENCE_NOT_PREDICTOR,MASTER_FIELD_MAPPING
P022,10.1007/s10853-019-04064-9,P022_SERIES01,P022_MAT_C2MO2,P022_MC_C2MO2_ASCAST_RT,P022_OBS_C2MO2_ASCAST_RT,P022_OBS_C2MO2_ASCAST_RT,Twin_Boundary_Character,APPROXIMATELY_60_DEGREE_<111>_DEFORMATION_TWIN_BOUNDARIES,as reported,CONDITION_OR_STAGE_TARGET_EVIDENCE,Methods p.2; Figs.1-4 pp.2-5,Condition-level evidence grading from verified workbook,HIGH,VERIFIED,EXPERIMENTAL,https://doi.org/10.1007/s10853-019-04064-9,TARGET_OR_TARGET_EVIDENCE_NOT_PREDICTOR,MASTER_FIELD_MAPPING
P022,10.1007/s10853-019-04064-9,P022_SERIES01,P022_MAT_C2MO2,P022_MC_C2MO2_ASCAST_RT,P022_OBS_C2MO2_ASCAST_RT,P022_OBS_C2MO2_ASCAST_RT,Twin_Population_Qualitative,LOWER_THAN_C2MO1_QUALITATIVE,as reported,CONDITION_OR_STAGE_TARGET_EVIDENCE,Methods p.2; Figs.1-4 pp.2-5,Condition-level evidence grading from verified workbook,HIGH,VERIFIED,EXPERIMENTAL,https://doi.org/10.1007/s10853-019-04064-9,TARGET_OR_TARGET_EVIDENCE_NOT_PREDICTOR,MASTER_FIELD_MAPPING
P022,10.1007/s10853-019-04064-9,P022_SERIES01,P022_MAT_C2MO2,P022_MC_C2MO2_ASCAST_RT,P022_OBS_C2MO2_ASCAST_RT,P022_OBS_C2MO2_ASCAST_RT,Twin_Fraction_Status,QUALITATIVE_POPULATION_ONLY_NO_FRACTION_DIGITIZED,as reported,CONDITION_OR_STAGE_TARGET_EVIDENCE,Methods p.2; Figs.1-4 pp.2-5,Condition-level evidence grading from verified workbook,HIGH,VERIFIED,EXPERIMENTAL,https://doi.org/10.1007/s10853-019-04064-9,TARGET_OR_TARGET_EVIDENCE_NOT_PREDICTOR,MASTER_FIELD_MAPPING
P022,10.1007/s10853-019-04064-9,P022_SERIES01,P022_MAT_C2MO2,P022_MC_C2MO2_ASCAST_RT,P022_OBS_C2MO2_ASCAST_RT,P022_OBS_C2MO2_ASCAST_RT,Figure3_Digitization_Status,NOT_DIGITIZED_TEXT_ONLY_VALUES_WHERE_EXPLICIT,as reported,DIRECT_APPROX_TEXT_OR_VERIFIED_NA,Methods p.2; Figs.1-4 pp.2-5,Engineering tensile response; Figure 3 not digitized,HIGH,VERIFIED,EXPERIMENTAL,https://doi.org/10.1007/s10853-019-04064-9,MECHANICAL_OUTCOME_LEAKAGE,MASTER_FIELD_MAPPING
P022,10.1007/s10853-019-04064-9,P022_SERIES01,P022_MAT_C2MO2,P022_MC_C2MO2_ASCAST_RT,P022_OBS_C2MO2_ASCAST_RT,P022_OBS_C2MO2_ASCAST_RT,SFE_General_Threshold_Status,SECONDARY_GENERAL_THRESHOLDS_NOT_ASSIGNED_TO_P022_CONDITIONS,as reported,QUALITATIVE_DIRECTION_OR_VERIFIED_GAP,Introduction/results and whole-paper review,No current-alloy numeric SFE or DeltaG; no cross-paper transfer,HIGH,VERIFIED,EXPERIMENTAL,https://doi.org/10.1007/s10853-019-04064-9,NOT_SAFE_AS_DIRECT_NUMERIC_SFE_OR_DELTAG,MASTER_FIELD_MAPPING
P022,10.1007/s10853-019-04064-9,P022_SERIES01,P022_MAT_C2MO2,P022_MC_C2MO2_ASCAST_RT,P022_OBS_C2MO2_ASCAST_RT,P022_OBS_C2MO2_ASCAST_RT,SFE_Qualitative_Trend,C_INCREASE_AND_MO_REDUCTION_DISCUSSION_QUALITATIVE_DIRECTION_ONLY,as reported,QUALITATIVE_DIRECTION_OR_VERIFIED_GAP,Introduction/results and whole-paper review,No current-alloy numeric SFE or DeltaG; no cross-paper transfer,HIGH,VERIFIED,EXPERIMENTAL,https://doi.org/10.1007/s10853-019-04064-9,NOT_SAFE_AS_DIRECT_NUMERIC_SFE_OR_DELTAG,MASTER_FIELD_MAPPING
P022,10.1007/s10853-019-04064-9,P022_SERIES01,P022_MAT_C2,P022_MC_C2_ASCAST_RT,P022_C2_EBSD_40,P022_C2_EBSD_40,Paper_ID,P022,as reported,SOURCE_IDENTITY,Verified article identity / whole paper,Verified PDF and bibliographic DOI identity,HIGH,VERIFIED,EXPERIMENTAL,https://doi.org/10.1007/s10853-019-04064-9,AUDIT_SCOPE_DEPENDENT,MASTER_FIELD_MAPPING
P022,10.1007/s10853-019-04064-9,P022_SERIES01,P022_MAT_C2,P022_MC_C2_ASCAST_RT,P022_C2_EBSD_40,P022_C2_EBSD_40,DOI,10.1007/s10853-019-04064-9,as reported,SOURCE_IDENTITY,Verified article identity / whole paper,Verified PDF and bibliographic DOI identity,HIGH,VERIFIED,EXPERIMENTAL,https://doi.org/10.1007/s10853-019-04064-9,AUDIT_SCOPE_DEPENDENT,MASTER_FIELD_MAPPING
P022,10.1007/s10853-019-04064-9,P022_SERIES01,P022_MAT_C2,P022_MC_C2_ASCAST_RT,P022_C2_EBSD_40,P022_C2_EBSD_40,Paper_Title,Excellent room temperature ductility of as-cast TRIP high-entropy alloy via Mo and C alloying,as reported,SOURCE_IDENTITY,Verified article identity / whole paper,Verified PDF and bibliographic DOI identity,HIGH,VERIFIED,EXPERIMENTAL,https://doi.org/10.1007/s10853-019-04064-9,AUDIT_SCOPE_DEPENDENT,MASTER_FIELD_MAPPING
P022,10.1007/s10853-019-04064-9,P022_SERIES01,P022_MAT_C2,P022_MC_C2_ASCAST_RT,P022_C2_EBSD_40,P022_C2_EBSD_40,Condition_ID,P022_C2_EBSD_40,as reported,HIERARCHY_INTEGRATION,"Verified material-parent, condition, and stage sheets",Source-defined hierarchy with correlated stage-child control,HIGH,VERIFIED,EXPERIMENTAL,https://doi.org/10.1007/s10853-019-04064-9,AUDIT_SCOPE_DEPENDENT,MASTER_FIELD_MAPPING
P022,10.1007/s10853-019-04064-9,P022_SERIES01,P022_MAT_C2,P022_MC_C2_ASCAST_RT,P022_C2_EBSD_40,P022_C2_EBSD_40,Experiment_Group_ID,P022_SERIES01,as reported,HIERARCHY_INTEGRATION,"Verified material-parent, condition, and stage sheets",Source-defined hierarchy with correlated stage-child control,HIGH,VERIFIED,EXPERIMENTAL,https://doi.org/10.1007/s10853-019-04064-9,AUDIT_SCOPE_DEPENDENT,MASTER_FIELD_MAPPING
P022,10.1007/s10853-019-04064-9,P022_SERIES01,P022_MAT_C2,P022_MC_C2_ASCAST_RT,P022_C2_EBSD_40,P022_C2_EBSD_40,Row_Type,Correlated 40%-strain EBSD twin observation,as reported,HIERARCHY_INTEGRATION,"Verified material-parent, condition, and stage sheets",Source-defined hierarchy with correlated stage-child control,HIGH,VERIFIED,EXPERIMENTAL,https://doi.org/10.1007/s10853-019-04064-9,AUDIT_SCOPE_DEPENDENT,MASTER_FIELD_MAPPING
P022,10.1007/s10853-019-04064-9,P022_SERIES01,P022_MAT_C2,P022_MC_C2_ASCAST_RT,P022_C2_EBSD_40,P022_C2_EBSD_40,Alloy_ID,C2,as reported,DIRECT_TEXT_OR_VERIFIED_NA,Materials and methods p.2; tensile condition p.3,Source text without chemistry normalization or temperature/rate inference,HIGH,VERIFIED,EXPERIMENTAL,https://doi.org/10.1007/s10853-019-04064-9,AUDIT_SCOPE_DEPENDENT,MASTER_FIELD_MAPPING
P022,10.1007/s10853-019-04064-9,P022_SERIES01,P022_MAT_C2,P022_MC_C2_ASCAST_RT,P022_C2_EBSD_40,P022_C2_EBSD_40,Original_Composition,Fe50Mn30Co10Cr10C2,as reported,DIRECT_TEXT_OR_VERIFIED_NA,Materials and methods p.2; tensile condition p.3,Source text without chemistry normalization or temperature/rate inference,HIGH,VERIFIED,EXPERIMENTAL,https://doi.org/10.1007/s10853-019-04064-9,AUDIT_SCOPE_DEPENDENT,MASTER_FIELD_MAPPING
P022,10.1007/s10853-019-04064-9,P022_SERIES01,P022_MAT_C2,P022_MC_C2_ASCAST_RT,P022_C2_EBSD_40,P022_C2_EBSD_40,Composition_basis,ATOMIC_RATIO_AS_REPORTED,as reported,DIRECT_TEXT_OR_VERIFIED_NA,Materials and methods p.2; tensile condition p.3,Source text without chemistry normalization or temperature/rate inference,HIGH,VERIFIED,EXPERIMENTAL,https://doi.org/10.1007/s10853-019-04064-9,AUDIT_SCOPE_DEPENDENT,MASTER_FIELD_MAPPING
P022,10.1007/s10853-019-04064-9,P022_SERIES01,P022_MAT_C2,P022_MC_C2_ASCAST_RT,P022_C2_EBSD_40,P022_C2_EBSD_40,Deformation_stage,40% strain EBSD observation,as reported,CONDITION_OR_STAGE_TARGET_EVIDENCE,Fig.4 pp.4-5,EBSD/IPF plus misorientation at 40% strain,HIGH,VERIFIED,EXPERIMENTAL,https://doi.org/10.1007/s10853-019-04064-9,POST_DEFORMATION_TARGET_EVIDENCE,MASTER_FIELD_MAPPING
P022,10.1007/s10853-019-04064-9,P022_SERIES01,P022_MAT_C2,P022_MC_C2_ASCAST_RT,P022_C2_EBSD_40,P022_C2_EBSD_40,Slip,UNRESOLVED_NA,binary,CONDITION_OR_STAGE_TARGET_EVIDENCE,Fig.4 pp.4-5,EBSD/IPF plus misorientation at 40% strain,HIGH,VERIFIED_NA_INSUFFICIENT_CONDITION_LEVEL_EVIDENCE,EXPERIMENTAL,https://doi.org/10.1007/s10853-019-04064-9,POST_DEFORMATION_TARGET_EVIDENCE,MASTER_FIELD_MAPPING
P022,10.1007/s10853-019-04064-9,P022_SERIES01,P022_MAT_C2,P022_MC_C2_ASCAST_RT,P022_C2_EBSD_40,P022_C2_EBSD_40,Twin_fraction_or_Sigma3,UNRESOLVED_NA,fraction,CONDITION_OR_STAGE_TARGET_EVIDENCE,Fig.4 pp.4-5,EBSD/IPF plus misorientation at 40% strain,HIGH,VERIFIED_NA_TWIN_FRACTION_NOT_DIGITIZED,EXPERIMENTAL,https://doi.org/10.1007/s10853-019-04064-9,POST_DEFORMATION_TARGET_EVIDENCE,MASTER_FIELD_MAPPING
P022,10.1007/s10853-019-04064-9,P022_SERIES01,P022_MAT_C2,P022_MC_C2_ASCAST_RT,P022_C2_EBSD_40,P022_C2_EBSD_40,Evidence_TWIP,60°<111> deformation-twin boundaries directly shown; lower amount than C2Mo1,as reported,CONDITION_OR_STAGE_TARGET_EVIDENCE,Fig.4 pp.4-5,EBSD/IPF plus misorientation at 40% strain,HIGH,VERIFIED,EXPERIMENTAL,https://doi.org/10.1007/s10853-019-04064-9,POST_DEFORMATION_TARGET_EVIDENCE,MASTER_FIELD_MAPPING
P022,10.1007/s10853-019-04064-9,P022_SERIES01,P022_MAT_C2,P022_MC_C2_ASCAST_RT,P022_C2_EBSD_40,P022_C2_EBSD_40,Characterization_methods,EBSD/IPF + misorientation,as reported,VERIFIED_MASTER_FIELD_MAPPING,Fig.4 pp.4-5,Verified workbook-to-master mapping,HIGH,VERIFIED,EXPERIMENTAL,https://doi.org/10.1007/s10853-019-04064-9,AUDIT_SCOPE_DEPENDENT,MASTER_FIELD_MAPPING
P022,10.1007/s10853-019-04064-9,P022_SERIES01,P022_MAT_C2,P022_MC_C2_ASCAST_RT,P022_C2_EBSD_40,P022_C2_EBSD_40,Source_location,Fig.4 pp.4-5,as reported,VERIFIED_MASTER_FIELD_MAPPING,Fig.4 pp.4-5,Verified workbook-to-master mapping,HIGH,VERIFIED,EXPERIMENTAL,https://doi.org/10.1007/s10853-019-04064-9,AUDIT_SCOPE_DEPENDENT,MASTER_FIELD_MAPPING
P022,10.1007/s10853-019-04064-9,P022_SERIES01,P022_MAT_C2,P022_MC_C2_ASCAST_RT,P022_C2_EBSD_40,P022_C2_EBSD_40,Notes,Positive stage evidence is sufficient for condition-level TWIP occurrence. No condition-specific phase-transformation characterization is shown.,as reported,VERIFIED_MASTER_FIELD_MAPPING,Fig.4 pp.4-5,Verified workbook-to-master mapping,HIGH,VERIFIED,EXPERIMENTAL,https://doi.org/10.1007/s10853-019-04064-9,AUDIT_SCOPE_DEPENDENT,MASTER_FIELD_MAPPING
P022,10.1007/s10853-019-04064-9,P022_SERIES01,P022_MAT_C2,P022_MC_C2_ASCAST_RT,P022_C2_EBSD_40,P022_C2_EBSD_40,Parent_Experiment_ID,P022_MC_C2_ASCAST_RT,as reported,HIERARCHY_INTEGRATION,"Verified material-parent, condition, and stage sheets",Source-defined hierarchy with correlated stage-child control,HIGH,VERIFIED,EXPERIMENTAL,https://doi.org/10.1007/s10853-019-04064-9,AUDIT_SCOPE_DEPENDENT,MASTER_FIELD_MAPPING
P022,10.1007/s10853-019-04064-9,P022_SERIES01,P022_MAT_C2,P022_MC_C2_ASCAST_RT,P022_C2_EBSD_40,P022_C2_EBSD_40,ML_Condition_ID,UNRESOLVED_NA,as reported,HIERARCHY_INTEGRATION,"Verified material-parent, condition, and stage sheets",Source-defined hierarchy with correlated stage-child control,HIGH,VERIFIED_NA_NOT_SOURCE_SUPPORTED,EXPERIMENTAL,https://doi.org/10.1007/s10853-019-04064-9,AUDIT_SCOPE_DEPENDENT,MASTER_FIELD_MAPPING
P022,10.1007/s10853-019-04064-9,P022_SERIES01,P022_MAT_C2,P022_MC_C2_ASCAST_RT,P022_C2_EBSD_40,P022_C2_EBSD_40,Observation_ID,P022_C2_EBSD_40,as reported,HIERARCHY_INTEGRATION,"Verified material-parent, condition, and stage sheets",Source-defined hierarchy with correlated stage-child control,HIGH,VERIFIED,EXPERIMENTAL,https://doi.org/10.1007/s10853-019-04064-9,AUDIT_SCOPE_DEPENDENT,MASTER_FIELD_MAPPING
P022,10.1007/s10853-019-04064-9,P022_SERIES01,P022_MAT_C2,P022_MC_C2_ASCAST_RT,P022_C2_EBSD_40,P022_C2_EBSD_40,Data_Origin,EXPERIMENTAL,as reported,SOURCE_IDENTITY,Verified article identity / whole paper,Verified PDF and bibliographic DOI identity,HIGH,VERIFIED,EXPERIMENTAL,https://doi.org/10.1007/s10853-019-04064-9,AUDIT_SCOPE_DEPENDENT,MASTER_FIELD_MAPPING
P022,10.1007/s10853-019-04064-9,P022_SERIES01,P022_MAT_C2,P022_MC_C2_ASCAST_RT,P022_C2_EBSD_40,P022_C2_EBSD_40,Observation_Role,CORRELATED_STAGE_CHILD,as reported,HIERARCHY_INTEGRATION,"Verified material-parent, condition, and stage sheets",Source-defined hierarchy with correlated stage-child control,HIGH,VERIFIED,EXPERIMENTAL,https://doi.org/10.1007/s10853-019-04064-9,AUDIT_SCOPE_DEPENDENT,MASTER_FIELD_MAPPING
P022,10.1007/s10853-019-04064-9,P022_SERIES01,P022_MAT_C2,P022_MC_C2_ASCAST_RT,P022_C2_EBSD_40,P022_C2_EBSD_40,Deformation_Stage_ID,P022_C2_EBSD_40,as reported,HIERARCHY_INTEGRATION,"Verified material-parent, condition, and stage sheets",Source-defined hierarchy with correlated stage-child control,HIGH,VERIFIED,EXPERIMENTAL,https://doi.org/10.1007/s10853-019-04064-9,AUDIT_SCOPE_DEPENDENT,MASTER_FIELD_MAPPING
P022,10.1007/s10853-019-04064-9,P022_SERIES01,P022_MAT_C2,P022_MC_C2_ASCAST_RT,P022_C2_EBSD_40,P022_C2_EBSD_40,Grouping_Review_Required,False,as reported,HIERARCHY_INTEGRATION,"Verified material-parent, condition, and stage sheets",Source-defined hierarchy with correlated stage-child control,HIGH,VERIFIED,EXPERIMENTAL,https://doi.org/10.1007/s10853-019-04064-9,AUDIT_SCOPE_DEPENDENT,MASTER_FIELD_MAPPING
P022,10.1007/s10853-019-04064-9,P022_SERIES01,P022_MAT_C2,P022_MC_C2_ASCAST_RT,P022_C2_EBSD_40,P022_C2_EBSD_40,Grouping_Confidence,HIGH,as reported,HIERARCHY_INTEGRATION,"Verified material-parent, condition, and stage sheets",Source-defined hierarchy with correlated stage-child control,HIGH,VERIFIED,EXPERIMENTAL,https://doi.org/10.1007/s10853-019-04064-9,AUDIT_SCOPE_DEPENDENT,MASTER_FIELD_MAPPING
P022,10.1007/s10853-019-04064-9,P022_SERIES01,P022_MAT_C2,P022_MC_C2_ASCAST_RT,P022_C2_EBSD_40,P022_C2_EBSD_40,Grouping_Reason,40%-strain observation is correlated with its parent tensile condition and cannot count independently,as reported,HIERARCHY_INTEGRATION,"Verified material-parent, condition, and stage sheets",Source-defined hierarchy with correlated stage-child control,HIGH,VERIFIED,EXPERIMENTAL,https://doi.org/10.1007/s10853-019-04064-9,AUDIT_SCOPE_DEPENDENT,MASTER_FIELD_MAPPING
P022,10.1007/s10853-019-04064-9,P022_SERIES01,P022_MAT_C2,P022_MC_C2_ASCAST_RT,P022_C2_EBSD_40,P022_C2_EBSD_40,Effective_TRIP,UNRESOLVED_NA,binary,CONDITION_OR_STAGE_TARGET_EVIDENCE,Fig.4 pp.4-5,EBSD/IPF plus misorientation at 40% strain,HIGH,VERIFIED_NA_INSUFFICIENT_CONDITION_LEVEL_EVIDENCE,EXPERIMENTAL,https://doi.org/10.1007/s10853-019-04064-9,POST_DEFORMATION_TARGET_EVIDENCE,MASTER_FIELD_MAPPING
P022,10.1007/s10853-019-04064-9,P022_SERIES01,P022_MAT_C2,P022_MC_C2_ASCAST_RT,P022_C2_EBSD_40,P022_C2_EBSD_40,Effective_TWIP,UNRESOLVED_NA,binary,CONDITION_OR_STAGE_TARGET_EVIDENCE,Fig.4 pp.4-5,EBSD/IPF plus misorientation at 40% strain,HIGH,VERIFIED_NA_INSUFFICIENT_CONDITION_LEVEL_EVIDENCE,EXPERIMENTAL,https://doi.org/10.1007/s10853-019-04064-9,POST_DEFORMATION_TARGET_EVIDENCE,MASTER_FIELD_MAPPING
P022,10.1007/s10853-019-04064-9,P022_SERIES01,P022_MAT_C2,P022_MC_C2_ASCAST_RT,P022_C2_EBSD_40,P022_C2_EBSD_40,Study_Series_ID,P022_SERIES01,as reported,HIERARCHY_INTEGRATION,"Verified material-parent, condition, and stage sheets",Source-defined hierarchy with correlated stage-child control,HIGH,VERIFIED,EXPERIMENTAL,https://doi.org/10.1007/s10853-019-04064-9,AUDIT_SCOPE_DEPENDENT,MASTER_FIELD_MAPPING
P022,10.1007/s10853-019-04064-9,P022_SERIES01,P022_MAT_C2,P022_MC_C2_ASCAST_RT,P022_C2_EBSD_40,P022_C2_EBSD_40,Material_Parent_ID,P022_MAT_C2,as reported,HIERARCHY_INTEGRATION,"Verified material-parent, condition, and stage sheets",Source-defined hierarchy with correlated stage-child control,HIGH,VERIFIED,EXPERIMENTAL,https://doi.org/10.1007/s10853-019-04064-9,AUDIT_SCOPE_DEPENDENT,MASTER_FIELD_MAPPING
P022,10.1007/s10853-019-04064-9,P022_SERIES01,P022_MAT_C2,P022_MC_C2_ASCAST_RT,P022_C2_EBSD_40,P022_C2_EBSD_40,Leakage_Group_Strict,P022_SERIES01,as reported,HIERARCHY_INTEGRATION,"Verified material-parent, condition, and stage sheets",Source-defined hierarchy with correlated stage-child control,HIGH,VERIFIED,EXPERIMENTAL,https://doi.org/10.1007/s10853-019-04064-9,AUDIT_SCOPE_DEPENDENT,MASTER_FIELD_MAPPING
P022,10.1007/s10853-019-04064-9,P022_SERIES01,P022_MAT_C2,P022_MC_C2_ASCAST_RT,P022_C2_EBSD_40,P022_C2_EBSD_40,Leakage_Group_Material,P022_MAT_C2,as reported,HIERARCHY_INTEGRATION,"Verified material-parent, condition, and stage sheets",Source-defined hierarchy with correlated stage-child control,HIGH,VERIFIED,EXPERIMENTAL,https://doi.org/10.1007/s10853-019-04064-9,AUDIT_SCOPE_DEPENDENT,MASTER_FIELD_MAPPING
P022,10.1007/s10853-019-04064-9,P022_SERIES01,P022_MAT_C2,P022_MC_C2_ASCAST_RT,P022_C2_EBSD_40,P022_C2_EBSD_40,Parent_ML_Condition_ID,P022_MC_C2_ASCAST_RT,as reported,HIERARCHY_INTEGRATION,"Verified material-parent, condition, and stage sheets",Source-defined hierarchy with correlated stage-child control,HIGH,VERIFIED,EXPERIMENTAL,https://doi.org/10.1007/s10853-019-04064-9,AUDIT_SCOPE_DEPENDENT,MASTER_FIELD_MAPPING
P022,10.1007/s10853-019-04064-9,P022_SERIES01,P022_MAT_C2,P022_MC_C2_ASCAST_RT,P022_C2_EBSD_40,P022_C2_EBSD_40,Independent_ML_sample,False,as reported,HIERARCHY_INTEGRATION,"Verified material-parent, condition, and stage sheets",Source-defined hierarchy with correlated stage-child control,HIGH,VERIFIED,EXPERIMENTAL,https://doi.org/10.1007/s10853-019-04064-9,AUDIT_SCOPE_DEPENDENT,MASTER_FIELD_MAPPING
P022,10.1007/s10853-019-04064-9,P022_SERIES01,P022_MAT_C2,P022_MC_C2_ASCAST_RT,P022_C2_EBSD_40,P022_C2_EBSD_40,Processing_State_ID,AS_CAST,as reported,DIRECT_TEXT_OR_VERIFIED_NA,Materials and methods p.2; tensile condition p.3,Source text without chemistry normalization or temperature/rate inference,HIGH,VERIFIED,EXPERIMENTAL,https://doi.org/10.1007/s10853-019-04064-9,AUDIT_SCOPE_DEPENDENT,MASTER_FIELD_MAPPING
P022,10.1007/s10853-019-04064-9,P022_SERIES01,P022_MAT_C2,P022_MC_C2_ASCAST_RT,P022_C2_EBSD_40,P022_C2_EBSD_40,Tensile_Strain_pct,40.0,%,CONDITION_OR_STAGE_TARGET_EVIDENCE,Fig.4 pp.4-5,EBSD/IPF plus misorientation at 40% strain,HIGH,VERIFIED,EXPERIMENTAL,https://doi.org/10.1007/s10853-019-04064-9,POST_DEFORMATION_TARGET_EVIDENCE,MASTER_FIELD_MAPPING
P022,10.1007/s10853-019-04064-9,P022_SERIES01,P022_MAT_C2,P022_MC_C2_ASCAST_RT,P022_C2_EBSD_40,P022_C2_EBSD_40,TWIP_at_stage,1,binary,CONDITION_OR_STAGE_TARGET_EVIDENCE,Fig.4 pp.4-5,EBSD/IPF plus misorientation at 40% strain,HIGH,VERIFIED,EXPERIMENTAL,https://doi.org/10.1007/s10853-019-04064-9,POST_DEFORMATION_TARGET_EVIDENCE,MASTER_FIELD_MAPPING
P022,10.1007/s10853-019-04064-9,P022_SERIES01,P022_MAT_C2,P022_MC_C2_ASCAST_RT,P022_C2_EBSD_40,P022_C2_EBSD_40,TRIP_at_stage,UNRESOLVED_NA,binary,CONDITION_OR_STAGE_TARGET_EVIDENCE,Fig.4 pp.4-5,EBSD/IPF plus misorientation at 40% strain,HIGH,VERIFIED_NA_NO_STAGE_PHASE_TRANSFORMATION_ASSIGNMENT,EXPERIMENTAL,https://doi.org/10.1007/s10853-019-04064-9,POST_DEFORMATION_TARGET_EVIDENCE,MASTER_FIELD_MAPPING
P022,10.1007/s10853-019-04064-9,P022_SERIES01,P022_MAT_C2,P022_MC_C2_ASCAST_RT,P022_C2_EBSD_40,P022_C2_EBSD_40,Independent_Experimental_ML_sample,False,as reported,HIERARCHY_INTEGRATION,"Verified material-parent, condition, and stage sheets",Source-defined hierarchy with correlated stage-child control,HIGH,VERIFIED,EXPERIMENTAL,https://doi.org/10.1007/s10853-019-04064-9,AUDIT_SCOPE_DEPENDENT,MASTER_FIELD_MAPPING
P022,10.1007/s10853-019-04064-9,P022_SERIES01,P022_MAT_C2,P022_MC_C2_ASCAST_RT,P022_C2_EBSD_40,P022_C2_EBSD_40,Experimental_Target_Eligibility,False,as reported,HIERARCHY_INTEGRATION,"Verified material-parent, condition, and stage sheets",Source-defined hierarchy with correlated stage-child control,HIGH,VERIFIED,EXPERIMENTAL,https://doi.org/10.1007/s10853-019-04064-9,AUDIT_SCOPE_DEPENDENT,MASTER_FIELD_MAPPING
P022,10.1007/s10853-019-04064-9,P022_SERIES01,P022_MAT_C2,P022_MC_C2_ASCAST_RT,P022_C2_EBSD_40,P022_C2_EBSD_40,Target_Evidence_Confidence,HIGH,as reported,CONDITION_OR_STAGE_TARGET_EVIDENCE,Fig.4 pp.4-5,EBSD/IPF plus misorientation at 40% strain,HIGH,VERIFIED,EXPERIMENTAL,https://doi.org/10.1007/s10853-019-04064-9,POST_DEFORMATION_TARGET_EVIDENCE,MASTER_FIELD_MAPPING
P022,10.1007/s10853-019-04064-9,P022_SERIES01,P022_MAT_C2,P022_MC_C2_ASCAST_RT,P022_C2_EBSD_40,P022_C2_EBSD_40,Stage_Method,EBSD/IPF + misorientation,as reported,CONDITION_OR_STAGE_TARGET_EVIDENCE,Fig.4 pp.4-5,EBSD/IPF plus misorientation at 40% strain,HIGH,VERIFIED,EXPERIMENTAL,https://doi.org/10.1007/s10853-019-04064-9,POST_DEFORMATION_TARGET_EVIDENCE,MASTER_FIELD_MAPPING
P022,10.1007/s10853-019-04064-9,P022_SERIES01,P022_MAT_C2,P022_MC_C2_ASCAST_RT,P022_C2_EBSD_40,P022_C2_EBSD_40,Local_Strain_pct,40.0,%,CONDITION_OR_STAGE_TARGET_EVIDENCE,Fig.4 pp.4-5,EBSD/IPF plus misorientation at 40% strain,HIGH,VERIFIED,EXPERIMENTAL,https://doi.org/10.1007/s10853-019-04064-9,POST_DEFORMATION_TARGET_EVIDENCE,MASTER_FIELD_MAPPING
P022,10.1007/s10853-019-04064-9,P022_SERIES01,P022_MAT_C2,P022_MC_C2_ASCAST_RT,P022_C2_EBSD_40,P022_C2_EBSD_40,Journal,Journal of Materials Science,as reported,SOURCE_IDENTITY,Verified article identity / whole paper,Verified PDF and bibliographic DOI identity,HIGH,VERIFIED,EXPERIMENTAL,https://doi.org/10.1007/s10853-019-04064-9,AUDIT_SCOPE_DEPENDENT,MASTER_FIELD_MAPPING
P022,10.1007/s10853-019-04064-9,P022_SERIES01,P022_MAT_C2,P022_MC_C2_ASCAST_RT,P022_C2_EBSD_40,P022_C2_EBSD_40,Volume,55,as reported,SOURCE_IDENTITY,Verified article identity / whole paper,Verified PDF and bibliographic DOI identity,HIGH,VERIFIED,EXPERIMENTAL,https://doi.org/10.1007/s10853-019-04064-9,AUDIT_SCOPE_DEPENDENT,MASTER_FIELD_MAPPING
P022,10.1007/s10853-019-04064-9,P022_SERIES01,P022_MAT_C2,P022_MC_C2_ASCAST_RT,P022_C2_EBSD_40,P022_C2_EBSD_40,Issue,5,as reported,SOURCE_IDENTITY,Verified article identity / whole paper,Verified PDF and bibliographic DOI identity,HIGH,VERIFIED,EXPERIMENTAL,https://doi.org/10.1007/s10853-019-04064-9,AUDIT_SCOPE_DEPENDENT,MASTER_FIELD_MAPPING
P022,10.1007/s10853-019-04064-9,P022_SERIES01,P022_MAT_C2,P022_MC_C2_ASCAST_RT,P022_C2_EBSD_40,P022_C2_EBSD_40,Pages,2239-2244,as reported,SOURCE_IDENTITY,Verified article identity / whole paper,Verified PDF and bibliographic DOI identity,HIGH,VERIFIED,EXPERIMENTAL,https://doi.org/10.1007/s10853-019-04064-9,AUDIT_SCOPE_DEPENDENT,MASTER_FIELD_MAPPING
P022,10.1007/s10853-019-04064-9,P022_SERIES01,P022_MAT_C2,P022_MC_C2_ASCAST_RT,P022_C2_EBSD_40,P022_C2_EBSD_40,Publication_Year,2020,as reported,SOURCE_IDENTITY,Verified article identity / whole paper,Verified PDF and bibliographic DOI identity,HIGH,VERIFIED,EXPERIMENTAL,https://doi.org/10.1007/s10853-019-04064-9,AUDIT_SCOPE_DEPENDENT,MASTER_FIELD_MAPPING
P022,10.1007/s10853-019-04064-9,P022_SERIES01,P022_MAT_C2,P022_MC_C2_ASCAST_RT,P022_C2_EBSD_40,P022_C2_EBSD_40,Source_URL,https://doi.org/10.1007/s10853-019-04064-9,as reported,SOURCE_IDENTITY,Verified article identity / whole paper,Verified PDF and bibliographic DOI identity,HIGH,VERIFIED,EXPERIMENTAL,https://doi.org/10.1007/s10853-019-04064-9,AUDIT_SCOPE_DEPENDENT,MASTER_FIELD_MAPPING
P022,10.1007/s10853-019-04064-9,P022_SERIES01,P022_MAT_C2,P022_MC_C2_ASCAST_RT,P022_C2_EBSD_40,P022_C2_EBSD_40,Stage_Label,40% strain,as reported,CONDITION_OR_STAGE_TARGET_EVIDENCE,Fig.4 pp.4-5,EBSD/IPF plus misorientation at 40% strain,HIGH,VERIFIED,EXPERIMENTAL,https://doi.org/10.1007/s10853-019-04064-9,POST_DEFORMATION_TARGET_EVIDENCE,MASTER_FIELD_MAPPING
P022,10.1007/s10853-019-04064-9,P022_SERIES01,P022_MAT_C2,P022_MC_C2_ASCAST_RT,P022_C2_EBSD_40,P022_C2_EBSD_40,TRIP_Stage,UNRESOLVED_NA,binary,CONDITION_OR_STAGE_TARGET_EVIDENCE,Fig.4 pp.4-5,EBSD/IPF plus misorientation at 40% strain,HIGH,VERIFIED_NA_NO_STAGE_PHASE_TRANSFORMATION_ASSIGNMENT,EXPERIMENTAL,https://doi.org/10.1007/s10853-019-04064-9,POST_DEFORMATION_TARGET_EVIDENCE,MASTER_FIELD_MAPPING
P022,10.1007/s10853-019-04064-9,P022_SERIES01,P022_MAT_C2,P022_MC_C2_ASCAST_RT,P022_C2_EBSD_40,P022_C2_EBSD_40,TWIP_Stage,1,binary,CONDITION_OR_STAGE_TARGET_EVIDENCE,Fig.4 pp.4-5,EBSD/IPF plus misorientation at 40% strain,HIGH,VERIFIED,EXPERIMENTAL,https://doi.org/10.1007/s10853-019-04064-9,POST_DEFORMATION_TARGET_EVIDENCE,MASTER_FIELD_MAPPING
P022,10.1007/s10853-019-04064-9,P022_SERIES01,P022_MAT_C2,P022_MC_C2_ASCAST_RT,P022_C2_EBSD_40,P022_C2_EBSD_40,Stage_Evidence_Type,DIRECT_EBSD_DEFORMATION_TWIN_BOUNDARIES_AT_40PCT,as reported,CONDITION_OR_STAGE_TARGET_EVIDENCE,Fig.4 pp.4-5,EBSD/IPF plus misorientation at 40% strain,HIGH,VERIFIED,EXPERIMENTAL,https://doi.org/10.1007/s10853-019-04064-9,POST_DEFORMATION_TARGET_EVIDENCE,MASTER_FIELD_MAPPING
P022,10.1007/s10853-019-04064-9,P022_SERIES01,P022_MAT_C2,P022_MC_C2_ASCAST_RT,P022_C2_EBSD_40,P022_C2_EBSD_40,P022_Record_Role,RECOVERED_CORRELATED_40PCT_EBSD_STAGE,as reported,HIERARCHY_INTEGRATION,"Verified material-parent, condition, and stage sheets",Source-defined hierarchy with correlated stage-child control,HIGH,VERIFIED,EXPERIMENTAL,https://doi.org/10.1007/s10853-019-04064-9,AUDIT_SCOPE_DEPENDENT,MASTER_FIELD_MAPPING
P022,10.1007/s10853-019-04064-9,P022_SERIES01,P022_MAT_C2,P022_MC_C2_ASCAST_RT,P022_C2_EBSD_40,P022_C2_EBSD_40,P022_Target_Status,STAGE_SPECIFIC_SUPPORT_NOT_CONDITION_LABEL,as reported,CONDITION_OR_STAGE_TARGET_EVIDENCE,Fig.4 pp.4-5,EBSD/IPF plus misorientation at 40% strain,HIGH,VERIFIED,EXPERIMENTAL,https://doi.org/10.1007/s10853-019-04064-9,POST_DEFORMATION_TARGET_EVIDENCE,MASTER_FIELD_MAPPING
P022,10.1007/s10853-019-04064-9,P022_SERIES01,P022_MAT_C2,P022_MC_C2_ASCAST_RT,P022_C2_EBSD_40,P022_C2_EBSD_40,P022_Source_Identity_Status,VERIFIED_PDF_AND_EXTERNAL_BIBLIOGRAPHIC_MATCH,as reported,SOURCE_IDENTITY,Verified article identity / whole paper,Verified PDF and bibliographic DOI identity,HIGH,VERIFIED,EXPERIMENTAL,https://doi.org/10.1007/s10853-019-04064-9,AUDIT_SCOPE_DEPENDENT,MASTER_FIELD_MAPPING
P022,10.1007/s10853-019-04064-9,P022_SERIES01,P022_MAT_C2,P022_MC_C2_ASCAST_RT,P022_C2_EBSD_40,P022_C2_EBSD_40,P022_QC_Status,PENDING_GLOBAL_QC_SCHEMA_SPLIT_REFRESH_AFTER_COLLECTION,as reported,HIERARCHY_INTEGRATION,"Verified material-parent, condition, and stage sheets",Source-defined hierarchy with correlated stage-child control,HIGH,VERIFIED,EXPERIMENTAL,https://doi.org/10.1007/s10853-019-04064-9,AUDIT_SCOPE_DEPENDENT,MASTER_FIELD_MAPPING
P022,10.1007/s10853-019-04064-9,P022_SERIES01,P022_MAT_C2,P022_MC_C2_ASCAST_RT,P022_C2_EBSD_40,P022_C2_EBSD_40,Original_Composition_Basis,ATOMIC_RATIO_AS_REPORTED,as reported,DIRECT_TEXT_OR_VERIFIED_NA,Materials and methods p.2; tensile condition p.3,Source text without chemistry normalization or temperature/rate inference,HIGH,VERIFIED,EXPERIMENTAL,https://doi.org/10.1007/s10853-019-04064-9,AUDIT_SCOPE_DEPENDENT,MASTER_FIELD_MAPPING
P022,10.1007/s10853-019-04064-9,P022_SERIES01,P022_MAT_C2,P022_MC_C2_ASCAST_RT,P022_C2_EBSD_40,P022_C2_EBSD_40,Composition_Normalization_Status,NOT_NORMALIZED_RECOVERY_PRESERVES_ATOMIC_RATIO_FORMULA,as reported,DIRECT_TEXT_OR_VERIFIED_NA,Materials and methods p.2; tensile condition p.3,Source text without chemistry normalization or temperature/rate inference,HIGH,VERIFIED,EXPERIMENTAL,https://doi.org/10.1007/s10853-019-04064-9,AUDIT_SCOPE_DEPENDENT,MASTER_FIELD_MAPPING
P022,10.1007/s10853-019-04064-9,P022_SERIES01,P022_MAT_C2,P022_MC_C2_ASCAST_RT,P022_C2_EBSD_40,P022_C2_EBSD_40,Atomic_Ratio_C_Addition_Raw,2.0,atomic-ratio addition,DIRECT_TEXT_OR_VERIFIED_NA,Materials and methods p.2; tensile condition p.3,Source text without chemistry normalization or temperature/rate inference,HIGH,VERIFIED,EXPERIMENTAL,https://doi.org/10.1007/s10853-019-04064-9,AUDIT_SCOPE_DEPENDENT,MASTER_FIELD_MAPPING
P022,10.1007/s10853-019-04064-9,P022_SERIES01,P022_MAT_C2,P022_MC_C2_ASCAST_RT,P022_C2_EBSD_40,P022_C2_EBSD_40,Atomic_Ratio_Mo_Addition_Raw,0.0,atomic-ratio addition,DIRECT_TEXT_OR_VERIFIED_NA,Materials and methods p.2; tensile condition p.3,Source text without chemistry normalization or temperature/rate inference,HIGH,VERIFIED,EXPERIMENTAL,https://doi.org/10.1007/s10853-019-04064-9,AUDIT_SCOPE_DEPENDENT,MASTER_FIELD_MAPPING
P022,10.1007/s10853-019-04064-9,P022_SERIES01,P022_MAT_C2,P022_MC_C2_ASCAST_RT,P022_C2_EBSD_40,P022_C2_EBSD_40,Processing_State,AS_CAST,as reported,DIRECT_TEXT_OR_VERIFIED_NA,Materials and methods p.2; tensile condition p.3,Source text without chemistry normalization or temperature/rate inference,HIGH,VERIFIED,EXPERIMENTAL,https://doi.org/10.1007/s10853-019-04064-9,AUDIT_SCOPE_DEPENDENT,MASTER_FIELD_MAPPING
P022,10.1007/s10853-019-04064-9,P022_SERIES01,P022_MAT_C2,P022_MC_C2_ASCAST_RT,P022_C2_EBSD_40,P022_C2_EBSD_40,TRIP_to_TWIP_Negative_Safeguard,STAGE_TWIP_EVIDENCE_DOES_NOT_GENERATE_TRIP_ZERO,as reported,CONDITION_OR_STAGE_TARGET_EVIDENCE,Fig.4 pp.4-5,EBSD/IPF plus misorientation at 40% strain,HIGH,VERIFIED,EXPERIMENTAL,https://doi.org/10.1007/s10853-019-04064-9,POST_DEFORMATION_TARGET_EVIDENCE,MASTER_FIELD_MAPPING
P022,10.1007/s10853-019-04064-9,P022_SERIES01,P022_MAT_C2,P022_MC_C2_ASCAST_RT,P022_C2_EBSD_40,P022_C2_EBSD_40,Twin_Boundary_Character,APPROXIMATELY_60_DEGREE_<111>_DEFORMATION_TWIN_BOUNDARIES,as reported,CONDITION_OR_STAGE_TARGET_EVIDENCE,Fig.4 pp.4-5,EBSD/IPF plus misorientation at 40% strain,HIGH,VERIFIED,EXPERIMENTAL,https://doi.org/10.1007/s10853-019-04064-9,POST_DEFORMATION_TARGET_EVIDENCE,MASTER_FIELD_MAPPING
P022,10.1007/s10853-019-04064-9,P022_SERIES01,P022_MAT_C2,P022_MC_C2_ASCAST_RT,P022_C2_EBSD_40,P022_C2_EBSD_40,Twin_Population_Qualitative,LOWER_THAN_C2MO1_QUALITATIVE,as reported,CONDITION_OR_STAGE_TARGET_EVIDENCE,Fig.4 pp.4-5,EBSD/IPF plus misorientation at 40% strain,HIGH,VERIFIED,EXPERIMENTAL,https://doi.org/10.1007/s10853-019-04064-9,POST_DEFORMATION_TARGET_EVIDENCE,MASTER_FIELD_MAPPING
P022,10.1007/s10853-019-04064-9,P022_SERIES01,P022_MAT_C2,P022_MC_C2_ASCAST_RT,P022_C2_EBSD_40,P022_C2_EBSD_40,Twin_Fraction_Status,QUALITATIVE_POPULATION_ONLY_NO_FRACTION_DIGITIZED,as reported,CONDITION_OR_STAGE_TARGET_EVIDENCE,Fig.4 pp.4-5,EBSD/IPF plus misorientation at 40% strain,HIGH,VERIFIED,EXPERIMENTAL,https://doi.org/10.1007/s10853-019-04064-9,POST_DEFORMATION_TARGET_EVIDENCE,MASTER_FIELD_MAPPING
P022,10.1007/s10853-019-04064-9,P022_SERIES01,P022_MAT_C2,P022_MC_C2_ASCAST_RT,P022_C2_EBSD_40,P022_C2_EBSD_40,SFE_General_Threshold_Status,SECONDARY_GENERAL_THRESHOLDS_NOT_ASSIGNED_TO_P022_CONDITIONS,as reported,QUALITATIVE_DIRECTION_OR_VERIFIED_GAP,Introduction/results and whole-paper review,No current-alloy numeric SFE or DeltaG; no cross-paper transfer,HIGH,VERIFIED,EXPERIMENTAL,https://doi.org/10.1007/s10853-019-04064-9,NOT_SAFE_AS_DIRECT_NUMERIC_SFE_OR_DELTAG,MASTER_FIELD_MAPPING
P022,10.1007/s10853-019-04064-9,P022_SERIES01,P022_MAT_C2MO1,P022_MC_C2MO1_ASCAST_RT,P022_C2MO1_EBSD_40,P022_C2MO1_EBSD_40,Paper_ID,P022,as reported,SOURCE_IDENTITY,Verified article identity / whole paper,Verified PDF and bibliographic DOI identity,HIGH,VERIFIED,EXPERIMENTAL,https://doi.org/10.1007/s10853-019-04064-9,AUDIT_SCOPE_DEPENDENT,MASTER_FIELD_MAPPING
P022,10.1007/s10853-019-04064-9,P022_SERIES01,P022_MAT_C2MO1,P022_MC_C2MO1_ASCAST_RT,P022_C2MO1_EBSD_40,P022_C2MO1_EBSD_40,DOI,10.1007/s10853-019-04064-9,as reported,SOURCE_IDENTITY,Verified article identity / whole paper,Verified PDF and bibliographic DOI identity,HIGH,VERIFIED,EXPERIMENTAL,https://doi.org/10.1007/s10853-019-04064-9,AUDIT_SCOPE_DEPENDENT,MASTER_FIELD_MAPPING
P022,10.1007/s10853-019-04064-9,P022_SERIES01,P022_MAT_C2MO1,P022_MC_C2MO1_ASCAST_RT,P022_C2MO1_EBSD_40,P022_C2MO1_EBSD_40,Paper_Title,Excellent room temperature ductility of as-cast TRIP high-entropy alloy via Mo and C alloying,as reported,SOURCE_IDENTITY,Verified article identity / whole paper,Verified PDF and bibliographic DOI identity,HIGH,VERIFIED,EXPERIMENTAL,https://doi.org/10.1007/s10853-019-04064-9,AUDIT_SCOPE_DEPENDENT,MASTER_FIELD_MAPPING
P022,10.1007/s10853-019-04064-9,P022_SERIES01,P022_MAT_C2MO1,P022_MC_C2MO1_ASCAST_RT,P022_C2MO1_EBSD_40,P022_C2MO1_EBSD_40,Condition_ID,P022_C2MO1_EBSD_40,as reported,HIERARCHY_INTEGRATION,"Verified material-parent, condition, and stage sheets",Source-defined hierarchy with correlated stage-child control,HIGH,VERIFIED,EXPERIMENTAL,https://doi.org/10.1007/s10853-019-04064-9,AUDIT_SCOPE_DEPENDENT,MASTER_FIELD_MAPPING
P022,10.1007/s10853-019-04064-9,P022_SERIES01,P022_MAT_C2MO1,P022_MC_C2MO1_ASCAST_RT,P022_C2MO1_EBSD_40,P022_C2MO1_EBSD_40,Experiment_Group_ID,P022_SERIES01,as reported,HIERARCHY_INTEGRATION,"Verified material-parent, condition, and stage sheets",Source-defined hierarchy with correlated stage-child control,HIGH,VERIFIED,EXPERIMENTAL,https://doi.org/10.1007/s10853-019-04064-9,AUDIT_SCOPE_DEPENDENT,MASTER_FIELD_MAPPING
P022,10.1007/s10853-019-04064-9,P022_SERIES01,P022_MAT_C2MO1,P022_MC_C2MO1_ASCAST_RT,P022_C2MO1_EBSD_40,P022_C2MO1_EBSD_40,Row_Type,Correlated 40%-strain EBSD twin observation,as reported,HIERARCHY_INTEGRATION,"Verified material-parent, condition, and stage sheets",Source-defined hierarchy with correlated stage-child control,HIGH,VERIFIED,EXPERIMENTAL,https://doi.org/10.1007/s10853-019-04064-9,AUDIT_SCOPE_DEPENDENT,MASTER_FIELD_MAPPING
P022,10.1007/s10853-019-04064-9,P022_SERIES01,P022_MAT_C2MO1,P022_MC_C2MO1_ASCAST_RT,P022_C2MO1_EBSD_40,P022_C2MO1_EBSD_40,Alloy_ID,C2Mo1,as reported,DIRECT_TEXT_OR_VERIFIED_NA,Materials and methods p.2; tensile condition p.3,Source text without chemistry normalization or temperature/rate inference,HIGH,VERIFIED,EXPERIMENTAL,https://doi.org/10.1007/s10853-019-04064-9,AUDIT_SCOPE_DEPENDENT,MASTER_FIELD_MAPPING
P022,10.1007/s10853-019-04064-9,P022_SERIES01,P022_MAT_C2MO1,P022_MC_C2MO1_ASCAST_RT,P022_C2MO1_EBSD_40,P022_C2MO1_EBSD_40,Original_Composition,Fe50Mn30Co10Cr10C2Mo1,as reported,DIRECT_TEXT_OR_VERIFIED_NA,Materials and methods p.2; tensile condition p.3,Source text without chemistry normalization or temperature/rate inference,HIGH,VERIFIED,EXPERIMENTAL,https://doi.org/10.1007/s10853-019-04064-9,AUDIT_SCOPE_DEPENDENT,MASTER_FIELD_MAPPING
P022,10.1007/s10853-019-04064-9,P022_SERIES01,P022_MAT_C2MO1,P022_MC_C2MO1_ASCAST_RT,P022_C2MO1_EBSD_40,P022_C2MO1_EBSD_40,Composition_basis,ATOMIC_RATIO_AS_REPORTED,as reported,DIRECT_TEXT_OR_VERIFIED_NA,Materials and methods p.2; tensile condition p.3,Source text without chemistry normalization or temperature/rate inference,HIGH,VERIFIED,EXPERIMENTAL,https://doi.org/10.1007/s10853-019-04064-9,AUDIT_SCOPE_DEPENDENT,MASTER_FIELD_MAPPING
P022,10.1007/s10853-019-04064-9,P022_SERIES01,P022_MAT_C2MO1,P022_MC_C2MO1_ASCAST_RT,P022_C2MO1_EBSD_40,P022_C2MO1_EBSD_40,Deformation_stage,40% strain EBSD observation,as reported,CONDITION_OR_STAGE_TARGET_EVIDENCE,Fig.4 pp.4-5,EBSD/IPF plus misorientation at 40% strain,HIGH,VERIFIED,EXPERIMENTAL,https://doi.org/10.1007/s10853-019-04064-9,POST_DEFORMATION_TARGET_EVIDENCE,MASTER_FIELD_MAPPING
P022,10.1007/s10853-019-04064-9,P022_SERIES01,P022_MAT_C2MO1,P022_MC_C2MO1_ASCAST_RT,P022_C2MO1_EBSD_40,P022_C2MO1_EBSD_40,Slip,UNRESOLVED_NA,binary,CONDITION_OR_STAGE_TARGET_EVIDENCE,Fig.4 pp.4-5,EBSD/IPF plus misorientation at 40% strain,HIGH,VERIFIED_NA_INSUFFICIENT_CONDITION_LEVEL_EVIDENCE,EXPERIMENTAL,https://doi.org/10.1007/s10853-019-04064-9,POST_DEFORMATION_TARGET_EVIDENCE,MASTER_FIELD_MAPPING
P022,10.1007/s10853-019-04064-9,P022_SERIES01,P022_MAT_C2MO1,P022_MC_C2MO1_ASCAST_RT,P022_C2MO1_EBSD_40,P022_C2MO1_EBSD_40,Twin_fraction_or_Sigma3,UNRESOLVED_NA,fraction,CONDITION_OR_STAGE_TARGET_EVIDENCE,Fig.4 pp.4-5,EBSD/IPF plus misorientation at 40% strain,HIGH,VERIFIED_NA_TWIN_FRACTION_NOT_DIGITIZED,EXPERIMENTAL,https://doi.org/10.1007/s10853-019-04064-9,POST_DEFORMATION_TARGET_EVIDENCE,MASTER_FIELD_MAPPING
P022,10.1007/s10853-019-04064-9,P022_SERIES01,P022_MAT_C2MO1,P022_MC_C2MO1_ASCAST_RT,P022_C2MO1_EBSD_40,P022_C2MO1_EBSD_40,Evidence_TWIP,Much larger population of 60°<111> deformation-twin boundaries,as reported,CONDITION_OR_STAGE_TARGET_EVIDENCE,Fig.4 pp.4-5,EBSD/IPF plus misorientation at 40% strain,HIGH,VERIFIED,EXPERIMENTAL,https://doi.org/10.1007/s10853-019-04064-9,POST_DEFORMATION_TARGET_EVIDENCE,MASTER_FIELD_MAPPING
P022,10.1007/s10853-019-04064-9,P022_SERIES01,P022_MAT_C2MO1,P022_MC_C2MO1_ASCAST_RT,P022_C2MO1_EBSD_40,P022_C2MO1_EBSD_40,Characterization_methods,EBSD/IPF + misorientation,as reported,VERIFIED_MASTER_FIELD_MAPPING,Fig.4 pp.4-5,Verified workbook-to-master mapping,HIGH,VERIFIED,EXPERIMENTAL,https://doi.org/10.1007/s10853-019-04064-9,AUDIT_SCOPE_DEPENDENT,MASTER_FIELD_MAPPING
P022,10.1007/s10853-019-04064-9,P022_SERIES01,P022_MAT_C2MO1,P022_MC_C2MO1_ASCAST_RT,P022_C2MO1_EBSD_40,P022_C2MO1_EBSD_40,Source_location,Fig.4 pp.4-5,as reported,VERIFIED_MASTER_FIELD_MAPPING,Fig.4 pp.4-5,Verified workbook-to-master mapping,HIGH,VERIFIED,EXPERIMENTAL,https://doi.org/10.1007/s10853-019-04064-9,AUDIT_SCOPE_DEPENDENT,MASTER_FIELD_MAPPING
P022,10.1007/s10853-019-04064-9,P022_SERIES01,P022_MAT_C2MO1,P022_MC_C2MO1_ASCAST_RT,P022_C2MO1_EBSD_40,P022_C2MO1_EBSD_40,Notes,Strong direct TWIP evidence at 40% strain.,as reported,VERIFIED_MASTER_FIELD_MAPPING,Fig.4 pp.4-5,Verified workbook-to-master mapping,HIGH,VERIFIED,EXPERIMENTAL,https://doi.org/10.1007/s10853-019-04064-9,AUDIT_SCOPE_DEPENDENT,MASTER_FIELD_MAPPING
P022,10.1007/s10853-019-04064-9,P022_SERIES01,P022_MAT_C2MO1,P022_MC_C2MO1_ASCAST_RT,P022_C2MO1_EBSD_40,P022_C2MO1_EBSD_40,Parent_Experiment_ID,P022_MC_C2MO1_ASCAST_RT,as reported,HIERARCHY_INTEGRATION,"Verified material-parent, condition, and stage sheets",Source-defined hierarchy with correlated stage-child control,HIGH,VERIFIED,EXPERIMENTAL,https://doi.org/10.1007/s10853-019-04064-9,AUDIT_SCOPE_DEPENDENT,MASTER_FIELD_MAPPING
P022,10.1007/s10853-019-04064-9,P022_SERIES01,P022_MAT_C2MO1,P022_MC_C2MO1_ASCAST_RT,P022_C2MO1_EBSD_40,P022_C2MO1_EBSD_40,ML_Condition_ID,UNRESOLVED_NA,as reported,HIERARCHY_INTEGRATION,"Verified material-parent, condition, and stage sheets",Source-defined hierarchy with correlated stage-child control,HIGH,VERIFIED_NA_NOT_SOURCE_SUPPORTED,EXPERIMENTAL,https://doi.org/10.1007/s10853-019-04064-9,AUDIT_SCOPE_DEPENDENT,MASTER_FIELD_MAPPING
P022,10.1007/s10853-019-04064-9,P022_SERIES01,P022_MAT_C2MO1,P022_MC_C2MO1_ASCAST_RT,P022_C2MO1_EBSD_40,P022_C2MO1_EBSD_40,Observation_ID,P022_C2MO1_EBSD_40,as reported,HIERARCHY_INTEGRATION,"Verified material-parent, condition, and stage sheets",Source-defined hierarchy with correlated stage-child control,HIGH,VERIFIED,EXPERIMENTAL,https://doi.org/10.1007/s10853-019-04064-9,AUDIT_SCOPE_DEPENDENT,MASTER_FIELD_MAPPING
P022,10.1007/s10853-019-04064-9,P022_SERIES01,P022_MAT_C2MO1,P022_MC_C2MO1_ASCAST_RT,P022_C2MO1_EBSD_40,P022_C2MO1_EBSD_40,Data_Origin,EXPERIMENTAL,as reported,SOURCE_IDENTITY,Verified article identity / whole paper,Verified PDF and bibliographic DOI identity,HIGH,VERIFIED,EXPERIMENTAL,https://doi.org/10.1007/s10853-019-04064-9,AUDIT_SCOPE_DEPENDENT,MASTER_FIELD_MAPPING
P022,10.1007/s10853-019-04064-9,P022_SERIES01,P022_MAT_C2MO1,P022_MC_C2MO1_ASCAST_RT,P022_C2MO1_EBSD_40,P022_C2MO1_EBSD_40,Observation_Role,CORRELATED_STAGE_CHILD,as reported,HIERARCHY_INTEGRATION,"Verified material-parent, condition, and stage sheets",Source-defined hierarchy with correlated stage-child control,HIGH,VERIFIED,EXPERIMENTAL,https://doi.org/10.1007/s10853-019-04064-9,AUDIT_SCOPE_DEPENDENT,MASTER_FIELD_MAPPING
P022,10.1007/s10853-019-04064-9,P022_SERIES01,P022_MAT_C2MO1,P022_MC_C2MO1_ASCAST_RT,P022_C2MO1_EBSD_40,P022_C2MO1_EBSD_40,Deformation_Stage_ID,P022_C2MO1_EBSD_40,as reported,HIERARCHY_INTEGRATION,"Verified material-parent, condition, and stage sheets",Source-defined hierarchy with correlated stage-child control,HIGH,VERIFIED,EXPERIMENTAL,https://doi.org/10.1007/s10853-019-04064-9,AUDIT_SCOPE_DEPENDENT,MASTER_FIELD_MAPPING
P022,10.1007/s10853-019-04064-9,P022_SERIES01,P022_MAT_C2MO1,P022_MC_C2MO1_ASCAST_RT,P022_C2MO1_EBSD_40,P022_C2MO1_EBSD_40,Grouping_Review_Required,False,as reported,HIERARCHY_INTEGRATION,"Verified material-parent, condition, and stage sheets",Source-defined hierarchy with correlated stage-child control,HIGH,VERIFIED,EXPERIMENTAL,https://doi.org/10.1007/s10853-019-04064-9,AUDIT_SCOPE_DEPENDENT,MASTER_FIELD_MAPPING
P022,10.1007/s10853-019-04064-9,P022_SERIES01,P022_MAT_C2MO1,P022_MC_C2MO1_ASCAST_RT,P022_C2MO1_EBSD_40,P022_C2MO1_EBSD_40,Grouping_Confidence,HIGH,as reported,HIERARCHY_INTEGRATION,"Verified material-parent, condition, and stage sheets",Source-defined hierarchy with correlated stage-child control,HIGH,VERIFIED,EXPERIMENTAL,https://doi.org/10.1007/s10853-019-04064-9,AUDIT_SCOPE_DEPENDENT,MASTER_FIELD_MAPPING
P022,10.1007/s10853-019-04064-9,P022_SERIES01,P022_MAT_C2MO1,P022_MC_C2MO1_ASCAST_RT,P022_C2MO1_EBSD_40,P022_C2MO1_EBSD_40,Grouping_Reason,40%-strain observation is correlated with its parent tensile condition and cannot count independently,as reported,HIERARCHY_INTEGRATION,"Verified material-parent, condition, and stage sheets",Source-defined hierarchy with correlated stage-child control,HIGH,VERIFIED,EXPERIMENTAL,https://doi.org/10.1007/s10853-019-04064-9,AUDIT_SCOPE_DEPENDENT,MASTER_FIELD_MAPPING
P022,10.1007/s10853-019-04064-9,P022_SERIES01,P022_MAT_C2MO1,P022_MC_C2MO1_ASCAST_RT,P022_C2MO1_EBSD_40,P022_C2MO1_EBSD_40,Effective_TRIP,UNRESOLVED_NA,binary,CONDITION_OR_STAGE_TARGET_EVIDENCE,Fig.4 pp.4-5,EBSD/IPF plus misorientation at 40% strain,HIGH,VERIFIED_NA_INSUFFICIENT_CONDITION_LEVEL_EVIDENCE,EXPERIMENTAL,https://doi.org/10.1007/s10853-019-04064-9,POST_DEFORMATION_TARGET_EVIDENCE,MASTER_FIELD_MAPPING
P022,10.1007/s10853-019-04064-9,P022_SERIES01,P022_MAT_C2MO1,P022_MC_C2MO1_ASCAST_RT,P022_C2MO1_EBSD_40,P022_C2MO1_EBSD_40,Effective_TWIP,UNRESOLVED_NA,binary,CONDITION_OR_STAGE_TARGET_EVIDENCE,Fig.4 pp.4-5,EBSD/IPF plus misorientation at 40% strain,HIGH,VERIFIED_NA_INSUFFICIENT_CONDITION_LEVEL_EVIDENCE,EXPERIMENTAL,https://doi.org/10.1007/s10853-019-04064-9,POST_DEFORMATION_TARGET_EVIDENCE,MASTER_FIELD_MAPPING
P022,10.1007/s10853-019-04064-9,P022_SERIES01,P022_MAT_C2MO1,P022_MC_C2MO1_ASCAST_RT,P022_C2MO1_EBSD_40,P022_C2MO1_EBSD_40,Study_Series_ID,P022_SERIES01,as reported,HIERARCHY_INTEGRATION,"Verified material-parent, condition, and stage sheets",Source-defined hierarchy with correlated stage-child control,HIGH,VERIFIED,EXPERIMENTAL,https://doi.org/10.1007/s10853-019-04064-9,AUDIT_SCOPE_DEPENDENT,MASTER_FIELD_MAPPING
P022,10.1007/s10853-019-04064-9,P022_SERIES01,P022_MAT_C2MO1,P022_MC_C2MO1_ASCAST_RT,P022_C2MO1_EBSD_40,P022_C2MO1_EBSD_40,Material_Parent_ID,P022_MAT_C2MO1,as reported,HIERARCHY_INTEGRATION,"Verified material-parent, condition, and stage sheets",Source-defined hierarchy with correlated stage-child control,HIGH,VERIFIED,EXPERIMENTAL,https://doi.org/10.1007/s10853-019-04064-9,AUDIT_SCOPE_DEPENDENT,MASTER_FIELD_MAPPING
P022,10.1007/s10853-019-04064-9,P022_SERIES01,P022_MAT_C2MO1,P022_MC_C2MO1_ASCAST_RT,P022_C2MO1_EBSD_40,P022_C2MO1_EBSD_40,Leakage_Group_Strict,P022_SERIES01,as reported,HIERARCHY_INTEGRATION,"Verified material-parent, condition, and stage sheets",Source-defined hierarchy with correlated stage-child control,HIGH,VERIFIED,EXPERIMENTAL,https://doi.org/10.1007/s10853-019-04064-9,AUDIT_SCOPE_DEPENDENT,MASTER_FIELD_MAPPING
P022,10.1007/s10853-019-04064-9,P022_SERIES01,P022_MAT_C2MO1,P022_MC_C2MO1_ASCAST_RT,P022_C2MO1_EBSD_40,P022_C2MO1_EBSD_40,Leakage_Group_Material,P022_MAT_C2MO1,as reported,HIERARCHY_INTEGRATION,"Verified material-parent, condition, and stage sheets",Source-defined hierarchy with correlated stage-child control,HIGH,VERIFIED,EXPERIMENTAL,https://doi.org/10.1007/s10853-019-04064-9,AUDIT_SCOPE_DEPENDENT,MASTER_FIELD_MAPPING
P022,10.1007/s10853-019-04064-9,P022_SERIES01,P022_MAT_C2MO1,P022_MC_C2MO1_ASCAST_RT,P022_C2MO1_EBSD_40,P022_C2MO1_EBSD_40,Parent_ML_Condition_ID,P022_MC_C2MO1_ASCAST_RT,as reported,HIERARCHY_INTEGRATION,"Verified material-parent, condition, and stage sheets",Source-defined hierarchy with correlated stage-child control,HIGH,VERIFIED,EXPERIMENTAL,https://doi.org/10.1007/s10853-019-04064-9,AUDIT_SCOPE_DEPENDENT,MASTER_FIELD_MAPPING
P022,10.1007/s10853-019-04064-9,P022_SERIES01,P022_MAT_C2MO1,P022_MC_C2MO1_ASCAST_RT,P022_C2MO1_EBSD_40,P022_C2MO1_EBSD_40,Independent_ML_sample,False,as reported,HIERARCHY_INTEGRATION,"Verified material-parent, condition, and stage sheets",Source-defined hierarchy with correlated stage-child control,HIGH,VERIFIED,EXPERIMENTAL,https://doi.org/10.1007/s10853-019-04064-9,AUDIT_SCOPE_DEPENDENT,MASTER_FIELD_MAPPING
P022,10.1007/s10853-019-04064-9,P022_SERIES01,P022_MAT_C2MO1,P022_MC_C2MO1_ASCAST_RT,P022_C2MO1_EBSD_40,P022_C2MO1_EBSD_40,Processing_State_ID,AS_CAST,as reported,DIRECT_TEXT_OR_VERIFIED_NA,Materials and methods p.2; tensile condition p.3,Source text without chemistry normalization or temperature/rate inference,HIGH,VERIFIED,EXPERIMENTAL,https://doi.org/10.1007/s10853-019-04064-9,AUDIT_SCOPE_DEPENDENT,MASTER_FIELD_MAPPING
P022,10.1007/s10853-019-04064-9,P022_SERIES01,P022_MAT_C2MO1,P022_MC_C2MO1_ASCAST_RT,P022_C2MO1_EBSD_40,P022_C2MO1_EBSD_40,Tensile_Strain_pct,40.0,%,CONDITION_OR_STAGE_TARGET_EVIDENCE,Fig.4 pp.4-5,EBSD/IPF plus misorientation at 40% strain,HIGH,VERIFIED,EXPERIMENTAL,https://doi.org/10.1007/s10853-019-04064-9,POST_DEFORMATION_TARGET_EVIDENCE,MASTER_FIELD_MAPPING
P022,10.1007/s10853-019-04064-9,P022_SERIES01,P022_MAT_C2MO1,P022_MC_C2MO1_ASCAST_RT,P022_C2MO1_EBSD_40,P022_C2MO1_EBSD_40,TWIP_at_stage,1,binary,CONDITION_OR_STAGE_TARGET_EVIDENCE,Fig.4 pp.4-5,EBSD/IPF plus misorientation at 40% strain,HIGH,VERIFIED,EXPERIMENTAL,https://doi.org/10.1007/s10853-019-04064-9,POST_DEFORMATION_TARGET_EVIDENCE,MASTER_FIELD_MAPPING
P022,10.1007/s10853-019-04064-9,P022_SERIES01,P022_MAT_C2MO1,P022_MC_C2MO1_ASCAST_RT,P022_C2MO1_EBSD_40,P022_C2MO1_EBSD_40,TRIP_at_stage,UNRESOLVED_NA,binary,CONDITION_OR_STAGE_TARGET_EVIDENCE,Fig.4 pp.4-5,EBSD/IPF plus misorientation at 40% strain,HIGH,VERIFIED_NA_NO_STAGE_PHASE_TRANSFORMATION_ASSIGNMENT,EXPERIMENTAL,https://doi.org/10.1007/s10853-019-04064-9,POST_DEFORMATION_TARGET_EVIDENCE,MASTER_FIELD_MAPPING
P022,10.1007/s10853-019-04064-9,P022_SERIES01,P022_MAT_C2MO1,P022_MC_C2MO1_ASCAST_RT,P022_C2MO1_EBSD_40,P022_C2MO1_EBSD_40,Independent_Experimental_ML_sample,False,as reported,HIERARCHY_INTEGRATION,"Verified material-parent, condition, and stage sheets",Source-defined hierarchy with correlated stage-child control,HIGH,VERIFIED,EXPERIMENTAL,https://doi.org/10.1007/s10853-019-04064-9,AUDIT_SCOPE_DEPENDENT,MASTER_FIELD_MAPPING
P022,10.1007/s10853-019-04064-9,P022_SERIES01,P022_MAT_C2MO1,P022_MC_C2MO1_ASCAST_RT,P022_C2MO1_EBSD_40,P022_C2MO1_EBSD_40,Experimental_Target_Eligibility,False,as reported,HIERARCHY_INTEGRATION,"Verified material-parent, condition, and stage sheets",Source-defined hierarchy with correlated stage-child control,HIGH,VERIFIED,EXPERIMENTAL,https://doi.org/10.1007/s10853-019-04064-9,AUDIT_SCOPE_DEPENDENT,MASTER_FIELD_MAPPING
P022,10.1007/s10853-019-04064-9,P022_SERIES01,P022_MAT_C2MO1,P022_MC_C2MO1_ASCAST_RT,P022_C2MO1_EBSD_40,P022_C2MO1_EBSD_40,Target_Evidence_Confidence,HIGH,as reported,CONDITION_OR_STAGE_TARGET_EVIDENCE,Fig.4 pp.4-5,EBSD/IPF plus misorientation at 40% strain,HIGH,VERIFIED,EXPERIMENTAL,https://doi.org/10.1007/s10853-019-04064-9,POST_DEFORMATION_TARGET_EVIDENCE,MASTER_FIELD_MAPPING
P022,10.1007/s10853-019-04064-9,P022_SERIES01,P022_MAT_C2MO1,P022_MC_C2MO1_ASCAST_RT,P022_C2MO1_EBSD_40,P022_C2MO1_EBSD_40,Stage_Method,EBSD/IPF + misorientation,as reported,CONDITION_OR_STAGE_TARGET_EVIDENCE,Fig.4 pp.4-5,EBSD/IPF plus misorientation at 40% strain,HIGH,VERIFIED,EXPERIMENTAL,https://doi.org/10.1007/s10853-019-04064-9,POST_DEFORMATION_TARGET_EVIDENCE,MASTER_FIELD_MAPPING
P022,10.1007/s10853-019-04064-9,P022_SERIES01,P022_MAT_C2MO1,P022_MC_C2MO1_ASCAST_RT,P022_C2MO1_EBSD_40,P022_C2MO1_EBSD_40,Local_Strain_pct,40.0,%,CONDITION_OR_STAGE_TARGET_EVIDENCE,Fig.4 pp.4-5,EBSD/IPF plus misorientation at 40% strain,HIGH,VERIFIED,EXPERIMENTAL,https://doi.org/10.1007/s10853-019-04064-9,POST_DEFORMATION_TARGET_EVIDENCE,MASTER_FIELD_MAPPING
P022,10.1007/s10853-019-04064-9,P022_SERIES01,P022_MAT_C2MO1,P022_MC_C2MO1_ASCAST_RT,P022_C2MO1_EBSD_40,P022_C2MO1_EBSD_40,Journal,Journal of Materials Science,as reported,SOURCE_IDENTITY,Verified article identity / whole paper,Verified PDF and bibliographic DOI identity,HIGH,VERIFIED,EXPERIMENTAL,https://doi.org/10.1007/s10853-019-04064-9,AUDIT_SCOPE_DEPENDENT,MASTER_FIELD_MAPPING
P022,10.1007/s10853-019-04064-9,P022_SERIES01,P022_MAT_C2MO1,P022_MC_C2MO1_ASCAST_RT,P022_C2MO1_EBSD_40,P022_C2MO1_EBSD_40,Volume,55,as reported,SOURCE_IDENTITY,Verified article identity / whole paper,Verified PDF and bibliographic DOI identity,HIGH,VERIFIED,EXPERIMENTAL,https://doi.org/10.1007/s10853-019-04064-9,AUDIT_SCOPE_DEPENDENT,MASTER_FIELD_MAPPING
P022,10.1007/s10853-019-04064-9,P022_SERIES01,P022_MAT_C2MO1,P022_MC_C2MO1_ASCAST_RT,P022_C2MO1_EBSD_40,P022_C2MO1_EBSD_40,Issue,5,as reported,SOURCE_IDENTITY,Verified article identity / whole paper,Verified PDF and bibliographic DOI identity,HIGH,VERIFIED,EXPERIMENTAL,https://doi.org/10.1007/s10853-019-04064-9,AUDIT_SCOPE_DEPENDENT,MASTER_FIELD_MAPPING
P022,10.1007/s10853-019-04064-9,P022_SERIES01,P022_MAT_C2MO1,P022_MC_C2MO1_ASCAST_RT,P022_C2MO1_EBSD_40,P022_C2MO1_EBSD_40,Pages,2239-2244,as reported,SOURCE_IDENTITY,Verified article identity / whole paper,Verified PDF and bibliographic DOI identity,HIGH,VERIFIED,EXPERIMENTAL,https://doi.org/10.1007/s10853-019-04064-9,AUDIT_SCOPE_DEPENDENT,MASTER_FIELD_MAPPING
P022,10.1007/s10853-019-04064-9,P022_SERIES01,P022_MAT_C2MO1,P022_MC_C2MO1_ASCAST_RT,P022_C2MO1_EBSD_40,P022_C2MO1_EBSD_40,Publication_Year,2020,as reported,SOURCE_IDENTITY,Verified article identity / whole paper,Verified PDF and bibliographic DOI identity,HIGH,VERIFIED,EXPERIMENTAL,https://doi.org/10.1007/s10853-019-04064-9,AUDIT_SCOPE_DEPENDENT,MASTER_FIELD_MAPPING
P022,10.1007/s10853-019-04064-9,P022_SERIES01,P022_MAT_C2MO1,P022_MC_C2MO1_ASCAST_RT,P022_C2MO1_EBSD_40,P022_C2MO1_EBSD_40,Source_URL,https://doi.org/10.1007/s10853-019-04064-9,as reported,SOURCE_IDENTITY,Verified article identity / whole paper,Verified PDF and bibliographic DOI identity,HIGH,VERIFIED,EXPERIMENTAL,https://doi.org/10.1007/s10853-019-04064-9,AUDIT_SCOPE_DEPENDENT,MASTER_FIELD_MAPPING
P022,10.1007/s10853-019-04064-9,P022_SERIES01,P022_MAT_C2MO1,P022_MC_C2MO1_ASCAST_RT,P022_C2MO1_EBSD_40,P022_C2MO1_EBSD_40,Stage_Label,40% strain,as reported,CONDITION_OR_STAGE_TARGET_EVIDENCE,Fig.4 pp.4-5,EBSD/IPF plus misorientation at 40% strain,HIGH,VERIFIED,EXPERIMENTAL,https://doi.org/10.1007/s10853-019-04064-9,POST_DEFORMATION_TARGET_EVIDENCE,MASTER_FIELD_MAPPING
P022,10.1007/s10853-019-04064-9,P022_SERIES01,P022_MAT_C2MO1,P022_MC_C2MO1_ASCAST_RT,P022_C2MO1_EBSD_40,P022_C2MO1_EBSD_40,TRIP_Stage,UNRESOLVED_NA,binary,CONDITION_OR_STAGE_TARGET_EVIDENCE,Fig.4 pp.4-5,EBSD/IPF plus misorientation at 40% strain,HIGH,VERIFIED_NA_NO_STAGE_PHASE_TRANSFORMATION_ASSIGNMENT,EXPERIMENTAL,https://doi.org/10.1007/s10853-019-04064-9,POST_DEFORMATION_TARGET_EVIDENCE,MASTER_FIELD_MAPPING
P022,10.1007/s10853-019-04064-9,P022_SERIES01,P022_MAT_C2MO1,P022_MC_C2MO1_ASCAST_RT,P022_C2MO1_EBSD_40,P022_C2MO1_EBSD_40,TWIP_Stage,1,binary,CONDITION_OR_STAGE_TARGET_EVIDENCE,Fig.4 pp.4-5,EBSD/IPF plus misorientation at 40% strain,HIGH,VERIFIED,EXPERIMENTAL,https://doi.org/10.1007/s10853-019-04064-9,POST_DEFORMATION_TARGET_EVIDENCE,MASTER_FIELD_MAPPING
P022,10.1007/s10853-019-04064-9,P022_SERIES01,P022_MAT_C2MO1,P022_MC_C2MO1_ASCAST_RT,P022_C2MO1_EBSD_40,P022_C2MO1_EBSD_40,Stage_Evidence_Type,DIRECT_EBSD_DEFORMATION_TWIN_BOUNDARIES_AT_40PCT,as reported,CONDITION_OR_STAGE_TARGET_EVIDENCE,Fig.4 pp.4-5,EBSD/IPF plus misorientation at 40% strain,HIGH,VERIFIED,EXPERIMENTAL,https://doi.org/10.1007/s10853-019-04064-9,POST_DEFORMATION_TARGET_EVIDENCE,MASTER_FIELD_MAPPING
P022,10.1007/s10853-019-04064-9,P022_SERIES01,P022_MAT_C2MO1,P022_MC_C2MO1_ASCAST_RT,P022_C2MO1_EBSD_40,P022_C2MO1_EBSD_40,P022_Record_Role,RECOVERED_CORRELATED_40PCT_EBSD_STAGE,as reported,HIERARCHY_INTEGRATION,"Verified material-parent, condition, and stage sheets",Source-defined hierarchy with correlated stage-child control,HIGH,VERIFIED,EXPERIMENTAL,https://doi.org/10.1007/s10853-019-04064-9,AUDIT_SCOPE_DEPENDENT,MASTER_FIELD_MAPPING
P022,10.1007/s10853-019-04064-9,P022_SERIES01,P022_MAT_C2MO1,P022_MC_C2MO1_ASCAST_RT,P022_C2MO1_EBSD_40,P022_C2MO1_EBSD_40,P022_Target_Status,STAGE_SPECIFIC_SUPPORT_NOT_CONDITION_LABEL,as reported,CONDITION_OR_STAGE_TARGET_EVIDENCE,Fig.4 pp.4-5,EBSD/IPF plus misorientation at 40% strain,HIGH,VERIFIED,EXPERIMENTAL,https://doi.org/10.1007/s10853-019-04064-9,POST_DEFORMATION_TARGET_EVIDENCE,MASTER_FIELD_MAPPING
P022,10.1007/s10853-019-04064-9,P022_SERIES01,P022_MAT_C2MO1,P022_MC_C2MO1_ASCAST_RT,P022_C2MO1_EBSD_40,P022_C2MO1_EBSD_40,P022_Source_Identity_Status,VERIFIED_PDF_AND_EXTERNAL_BIBLIOGRAPHIC_MATCH,as reported,SOURCE_IDENTITY,Verified article identity / whole paper,Verified PDF and bibliographic DOI identity,HIGH,VERIFIED,EXPERIMENTAL,https://doi.org/10.1007/s10853-019-04064-9,AUDIT_SCOPE_DEPENDENT,MASTER_FIELD_MAPPING
P022,10.1007/s10853-019-04064-9,P022_SERIES01,P022_MAT_C2MO1,P022_MC_C2MO1_ASCAST_RT,P022_C2MO1_EBSD_40,P022_C2MO1_EBSD_40,P022_QC_Status,PENDING_GLOBAL_QC_SCHEMA_SPLIT_REFRESH_AFTER_COLLECTION,as reported,HIERARCHY_INTEGRATION,"Verified material-parent, condition, and stage sheets",Source-defined hierarchy with correlated stage-child control,HIGH,VERIFIED,EXPERIMENTAL,https://doi.org/10.1007/s10853-019-04064-9,AUDIT_SCOPE_DEPENDENT,MASTER_FIELD_MAPPING
P022,10.1007/s10853-019-04064-9,P022_SERIES01,P022_MAT_C2MO1,P022_MC_C2MO1_ASCAST_RT,P022_C2MO1_EBSD_40,P022_C2MO1_EBSD_40,Original_Composition_Basis,ATOMIC_RATIO_AS_REPORTED,as reported,DIRECT_TEXT_OR_VERIFIED_NA,Materials and methods p.2; tensile condition p.3,Source text without chemistry normalization or temperature/rate inference,HIGH,VERIFIED,EXPERIMENTAL,https://doi.org/10.1007/s10853-019-04064-9,AUDIT_SCOPE_DEPENDENT,MASTER_FIELD_MAPPING
P022,10.1007/s10853-019-04064-9,P022_SERIES01,P022_MAT_C2MO1,P022_MC_C2MO1_ASCAST_RT,P022_C2MO1_EBSD_40,P022_C2MO1_EBSD_40,Composition_Normalization_Status,NOT_NORMALIZED_RECOVERY_PRESERVES_ATOMIC_RATIO_FORMULA,as reported,DIRECT_TEXT_OR_VERIFIED_NA,Materials and methods p.2; tensile condition p.3,Source text without chemistry normalization or temperature/rate inference,HIGH,VERIFIED,EXPERIMENTAL,https://doi.org/10.1007/s10853-019-04064-9,AUDIT_SCOPE_DEPENDENT,MASTER_FIELD_MAPPING
P022,10.1007/s10853-019-04064-9,P022_SERIES01,P022_MAT_C2MO1,P022_MC_C2MO1_ASCAST_RT,P022_C2MO1_EBSD_40,P022_C2MO1_EBSD_40,Atomic_Ratio_C_Addition_Raw,2.0,atomic-ratio addition,DIRECT_TEXT_OR_VERIFIED_NA,Materials and methods p.2; tensile condition p.3,Source text without chemistry normalization or temperature/rate inference,HIGH,VERIFIED,EXPERIMENTAL,https://doi.org/10.1007/s10853-019-04064-9,AUDIT_SCOPE_DEPENDENT,MASTER_FIELD_MAPPING
P022,10.1007/s10853-019-04064-9,P022_SERIES01,P022_MAT_C2MO1,P022_MC_C2MO1_ASCAST_RT,P022_C2MO1_EBSD_40,P022_C2MO1_EBSD_40,Atomic_Ratio_Mo_Addition_Raw,1.0,atomic-ratio addition,DIRECT_TEXT_OR_VERIFIED_NA,Materials and methods p.2; tensile condition p.3,Source text without chemistry normalization or temperature/rate inference,HIGH,VERIFIED,EXPERIMENTAL,https://doi.org/10.1007/s10853-019-04064-9,AUDIT_SCOPE_DEPENDENT,MASTER_FIELD_MAPPING
P022,10.1007/s10853-019-04064-9,P022_SERIES01,P022_MAT_C2MO1,P022_MC_C2MO1_ASCAST_RT,P022_C2MO1_EBSD_40,P022_C2MO1_EBSD_40,Processing_State,AS_CAST,as reported,DIRECT_TEXT_OR_VERIFIED_NA,Materials and methods p.2; tensile condition p.3,Source text without chemistry normalization or temperature/rate inference,HIGH,VERIFIED,EXPERIMENTAL,https://doi.org/10.1007/s10853-019-04064-9,AUDIT_SCOPE_DEPENDENT,MASTER_FIELD_MAPPING
P022,10.1007/s10853-019-04064-9,P022_SERIES01,P022_MAT_C2MO1,P022_MC_C2MO1_ASCAST_RT,P022_C2MO1_EBSD_40,P022_C2MO1_EBSD_40,TRIP_to_TWIP_Negative_Safeguard,STAGE_TWIP_EVIDENCE_DOES_NOT_GENERATE_TRIP_ZERO,as reported,CONDITION_OR_STAGE_TARGET_EVIDENCE,Fig.4 pp.4-5,EBSD/IPF plus misorientation at 40% strain,HIGH,VERIFIED,EXPERIMENTAL,https://doi.org/10.1007/s10853-019-04064-9,POST_DEFORMATION_TARGET_EVIDENCE,MASTER_FIELD_MAPPING
P022,10.1007/s10853-019-04064-9,P022_SERIES01,P022_MAT_C2MO1,P022_MC_C2MO1_ASCAST_RT,P022_C2MO1_EBSD_40,P022_C2MO1_EBSD_40,Twin_Boundary_Character,APPROXIMATELY_60_DEGREE_<111>_DEFORMATION_TWIN_BOUNDARIES,as reported,CONDITION_OR_STAGE_TARGET_EVIDENCE,Fig.4 pp.4-5,EBSD/IPF plus misorientation at 40% strain,HIGH,VERIFIED,EXPERIMENTAL,https://doi.org/10.1007/s10853-019-04064-9,POST_DEFORMATION_TARGET_EVIDENCE,MASTER_FIELD_MAPPING
P022,10.1007/s10853-019-04064-9,P022_SERIES01,P022_MAT_C2MO1,P022_MC_C2MO1_ASCAST_RT,P022_C2MO1_EBSD_40,P022_C2MO1_EBSD_40,Twin_Population_Qualitative,LARGEST_AMONG_C2_C2MO1_C2MO2_QUALITATIVE,as reported,CONDITION_OR_STAGE_TARGET_EVIDENCE,Fig.4 pp.4-5,EBSD/IPF plus misorientation at 40% strain,HIGH,VERIFIED,EXPERIMENTAL,https://doi.org/10.1007/s10853-019-04064-9,POST_DEFORMATION_TARGET_EVIDENCE,MASTER_FIELD_MAPPING
P022,10.1007/s10853-019-04064-9,P022_SERIES01,P022_MAT_C2MO1,P022_MC_C2MO1_ASCAST_RT,P022_C2MO1_EBSD_40,P022_C2MO1_EBSD_40,Twin_Fraction_Status,QUALITATIVE_POPULATION_ONLY_NO_FRACTION_DIGITIZED,as reported,CONDITION_OR_STAGE_TARGET_EVIDENCE,Fig.4 pp.4-5,EBSD/IPF plus misorientation at 40% strain,HIGH,VERIFIED,EXPERIMENTAL,https://doi.org/10.1007/s10853-019-04064-9,POST_DEFORMATION_TARGET_EVIDENCE,MASTER_FIELD_MAPPING
P022,10.1007/s10853-019-04064-9,P022_SERIES01,P022_MAT_C2MO1,P022_MC_C2MO1_ASCAST_RT,P022_C2MO1_EBSD_40,P022_C2MO1_EBSD_40,SFE_General_Threshold_Status,SECONDARY_GENERAL_THRESHOLDS_NOT_ASSIGNED_TO_P022_CONDITIONS,as reported,QUALITATIVE_DIRECTION_OR_VERIFIED_GAP,Introduction/results and whole-paper review,No current-alloy numeric SFE or DeltaG; no cross-paper transfer,HIGH,VERIFIED,EXPERIMENTAL,https://doi.org/10.1007/s10853-019-04064-9,NOT_SAFE_AS_DIRECT_NUMERIC_SFE_OR_DELTAG,MASTER_FIELD_MAPPING
P022,10.1007/s10853-019-04064-9,P022_SERIES01,P022_MAT_C2MO2,P022_MC_C2MO2_ASCAST_RT,P022_C2MO2_EBSD_40,P022_C2MO2_EBSD_40,Paper_ID,P022,as reported,SOURCE_IDENTITY,Verified article identity / whole paper,Verified PDF and bibliographic DOI identity,HIGH,VERIFIED,EXPERIMENTAL,https://doi.org/10.1007/s10853-019-04064-9,AUDIT_SCOPE_DEPENDENT,MASTER_FIELD_MAPPING
P022,10.1007/s10853-019-04064-9,P022_SERIES01,P022_MAT_C2MO2,P022_MC_C2MO2_ASCAST_RT,P022_C2MO2_EBSD_40,P022_C2MO2_EBSD_40,DOI,10.1007/s10853-019-04064-9,as reported,SOURCE_IDENTITY,Verified article identity / whole paper,Verified PDF and bibliographic DOI identity,HIGH,VERIFIED,EXPERIMENTAL,https://doi.org/10.1007/s10853-019-04064-9,AUDIT_SCOPE_DEPENDENT,MASTER_FIELD_MAPPING
P022,10.1007/s10853-019-04064-9,P022_SERIES01,P022_MAT_C2MO2,P022_MC_C2MO2_ASCAST_RT,P022_C2MO2_EBSD_40,P022_C2MO2_EBSD_40,Paper_Title,Excellent room temperature ductility of as-cast TRIP high-entropy alloy via Mo and C alloying,as reported,SOURCE_IDENTITY,Verified article identity / whole paper,Verified PDF and bibliographic DOI identity,HIGH,VERIFIED,EXPERIMENTAL,https://doi.org/10.1007/s10853-019-04064-9,AUDIT_SCOPE_DEPENDENT,MASTER_FIELD_MAPPING
P022,10.1007/s10853-019-04064-9,P022_SERIES01,P022_MAT_C2MO2,P022_MC_C2MO2_ASCAST_RT,P022_C2MO2_EBSD_40,P022_C2MO2_EBSD_40,Condition_ID,P022_C2MO2_EBSD_40,as reported,HIERARCHY_INTEGRATION,"Verified material-parent, condition, and stage sheets",Source-defined hierarchy with correlated stage-child control,HIGH,VERIFIED,EXPERIMENTAL,https://doi.org/10.1007/s10853-019-04064-9,AUDIT_SCOPE_DEPENDENT,MASTER_FIELD_MAPPING
P022,10.1007/s10853-019-04064-9,P022_SERIES01,P022_MAT_C2MO2,P022_MC_C2MO2_ASCAST_RT,P022_C2MO2_EBSD_40,P022_C2MO2_EBSD_40,Experiment_Group_ID,P022_SERIES01,as reported,HIERARCHY_INTEGRATION,"Verified material-parent, condition, and stage sheets",Source-defined hierarchy with correlated stage-child control,HIGH,VERIFIED,EXPERIMENTAL,https://doi.org/10.1007/s10853-019-04064-9,AUDIT_SCOPE_DEPENDENT,MASTER_FIELD_MAPPING
P022,10.1007/s10853-019-04064-9,P022_SERIES01,P022_MAT_C2MO2,P022_MC_C2MO2_ASCAST_RT,P022_C2MO2_EBSD_40,P022_C2MO2_EBSD_40,Row_Type,Correlated 40%-strain EBSD twin observation,as reported,HIERARCHY_INTEGRATION,"Verified material-parent, condition, and stage sheets",Source-defined hierarchy with correlated stage-child control,HIGH,VERIFIED,EXPERIMENTAL,https://doi.org/10.1007/s10853-019-04064-9,AUDIT_SCOPE_DEPENDENT,MASTER_FIELD_MAPPING
P022,10.1007/s10853-019-04064-9,P022_SERIES01,P022_MAT_C2MO2,P022_MC_C2MO2_ASCAST_RT,P022_C2MO2_EBSD_40,P022_C2MO2_EBSD_40,Alloy_ID,C2Mo2,as reported,DIRECT_TEXT_OR_VERIFIED_NA,Materials and methods p.2; tensile condition p.3,Source text without chemistry normalization or temperature/rate inference,HIGH,VERIFIED,EXPERIMENTAL,https://doi.org/10.1007/s10853-019-04064-9,AUDIT_SCOPE_DEPENDENT,MASTER_FIELD_MAPPING
P022,10.1007/s10853-019-04064-9,P022_SERIES01,P022_MAT_C2MO2,P022_MC_C2MO2_ASCAST_RT,P022_C2MO2_EBSD_40,P022_C2MO2_EBSD_40,Original_Composition,Fe50Mn30Co10Cr10C2Mo2,as reported,DIRECT_TEXT_OR_VERIFIED_NA,Materials and methods p.2; tensile condition p.3,Source text without chemistry normalization or temperature/rate inference,HIGH,VERIFIED,EXPERIMENTAL,https://doi.org/10.1007/s10853-019-04064-9,AUDIT_SCOPE_DEPENDENT,MASTER_FIELD_MAPPING
P022,10.1007/s10853-019-04064-9,P022_SERIES01,P022_MAT_C2MO2,P022_MC_C2MO2_ASCAST_RT,P022_C2MO2_EBSD_40,P022_C2MO2_EBSD_40,Composition_basis,ATOMIC_RATIO_AS_REPORTED,as reported,DIRECT_TEXT_OR_VERIFIED_NA,Materials and methods p.2; tensile condition p.3,Source text without chemistry normalization or temperature/rate inference,HIGH,VERIFIED,EXPERIMENTAL,https://doi.org/10.1007/s10853-019-04064-9,AUDIT_SCOPE_DEPENDENT,MASTER_FIELD_MAPPING
P022,10.1007/s10853-019-04064-9,P022_SERIES01,P022_MAT_C2MO2,P022_MC_C2MO2_ASCAST_RT,P022_C2MO2_EBSD_40,P022_C2MO2_EBSD_40,Deformation_stage,40% strain EBSD observation,as reported,CONDITION_OR_STAGE_TARGET_EVIDENCE,Fig.4 pp.4-5,EBSD/IPF plus misorientation at 40% strain,HIGH,VERIFIED,EXPERIMENTAL,https://doi.org/10.1007/s10853-019-04064-9,POST_DEFORMATION_TARGET_EVIDENCE,MASTER_FIELD_MAPPING
P022,10.1007/s10853-019-04064-9,P022_SERIES01,P022_MAT_C2MO2,P022_MC_C2MO2_ASCAST_RT,P022_C2MO2_EBSD_40,P022_C2MO2_EBSD_40,Slip,UNRESOLVED_NA,binary,CONDITION_OR_STAGE_TARGET_EVIDENCE,Fig.4 pp.4-5,EBSD/IPF plus misorientation at 40% strain,HIGH,VERIFIED_NA_INSUFFICIENT_CONDITION_LEVEL_EVIDENCE,EXPERIMENTAL,https://doi.org/10.1007/s10853-019-04064-9,POST_DEFORMATION_TARGET_EVIDENCE,MASTER_FIELD_MAPPING
P022,10.1007/s10853-019-04064-9,P022_SERIES01,P022_MAT_C2MO2,P022_MC_C2MO2_ASCAST_RT,P022_C2MO2_EBSD_40,P022_C2MO2_EBSD_40,Twin_fraction_or_Sigma3,UNRESOLVED_NA,fraction,CONDITION_OR_STAGE_TARGET_EVIDENCE,Fig.4 pp.4-5,EBSD/IPF plus misorientation at 40% strain,HIGH,VERIFIED_NA_TWIN_FRACTION_NOT_DIGITIZED,EXPERIMENTAL,https://doi.org/10.1007/s10853-019-04064-9,POST_DEFORMATION_TARGET_EVIDENCE,MASTER_FIELD_MAPPING
P022,10.1007/s10853-019-04064-9,P022_SERIES01,P022_MAT_C2MO2,P022_MC_C2MO2_ASCAST_RT,P022_C2MO2_EBSD_40,P022_C2MO2_EBSD_40,Evidence_TWIP,60°<111> deformation-twin boundaries directly shown; lower amount than C2Mo1,as reported,CONDITION_OR_STAGE_TARGET_EVIDENCE,Fig.4 pp.4-5,EBSD/IPF plus misorientation at 40% strain,HIGH,VERIFIED,EXPERIMENTAL,https://doi.org/10.1007/s10853-019-04064-9,POST_DEFORMATION_TARGET_EVIDENCE,MASTER_FIELD_MAPPING
P022,10.1007/s10853-019-04064-9,P022_SERIES01,P022_MAT_C2MO2,P022_MC_C2MO2_ASCAST_RT,P022_C2MO2_EBSD_40,P022_C2MO2_EBSD_40,Characterization_methods,EBSD/IPF + misorientation,as reported,VERIFIED_MASTER_FIELD_MAPPING,Fig.4 pp.4-5,Verified workbook-to-master mapping,HIGH,VERIFIED,EXPERIMENTAL,https://doi.org/10.1007/s10853-019-04064-9,AUDIT_SCOPE_DEPENDENT,MASTER_FIELD_MAPPING
P022,10.1007/s10853-019-04064-9,P022_SERIES01,P022_MAT_C2MO2,P022_MC_C2MO2_ASCAST_RT,P022_C2MO2_EBSD_40,P022_C2MO2_EBSD_40,Source_location,Fig.4 pp.4-5,as reported,VERIFIED_MASTER_FIELD_MAPPING,Fig.4 pp.4-5,Verified workbook-to-master mapping,HIGH,VERIFIED,EXPERIMENTAL,https://doi.org/10.1007/s10853-019-04064-9,AUDIT_SCOPE_DEPENDENT,MASTER_FIELD_MAPPING
P022,10.1007/s10853-019-04064-9,P022_SERIES01,P022_MAT_C2MO2,P022_MC_C2MO2_ASCAST_RT,P022_C2MO2_EBSD_40,P022_C2MO2_EBSD_40,Notes,Positive direct TWIP evidence. No TRIP label inferred.,as reported,VERIFIED_MASTER_FIELD_MAPPING,Fig.4 pp.4-5,Verified workbook-to-master mapping,HIGH,VERIFIED,EXPERIMENTAL,https://doi.org/10.1007/s10853-019-04064-9,AUDIT_SCOPE_DEPENDENT,MASTER_FIELD_MAPPING
P022,10.1007/s10853-019-04064-9,P022_SERIES01,P022_MAT_C2MO2,P022_MC_C2MO2_ASCAST_RT,P022_C2MO2_EBSD_40,P022_C2MO2_EBSD_40,Parent_Experiment_ID,P022_MC_C2MO2_ASCAST_RT,as reported,HIERARCHY_INTEGRATION,"Verified material-parent, condition, and stage sheets",Source-defined hierarchy with correlated stage-child control,HIGH,VERIFIED,EXPERIMENTAL,https://doi.org/10.1007/s10853-019-04064-9,AUDIT_SCOPE_DEPENDENT,MASTER_FIELD_MAPPING
P022,10.1007/s10853-019-04064-9,P022_SERIES01,P022_MAT_C2MO2,P022_MC_C2MO2_ASCAST_RT,P022_C2MO2_EBSD_40,P022_C2MO2_EBSD_40,ML_Condition_ID,UNRESOLVED_NA,as reported,HIERARCHY_INTEGRATION,"Verified material-parent, condition, and stage sheets",Source-defined hierarchy with correlated stage-child control,HIGH,VERIFIED_NA_NOT_SOURCE_SUPPORTED,EXPERIMENTAL,https://doi.org/10.1007/s10853-019-04064-9,AUDIT_SCOPE_DEPENDENT,MASTER_FIELD_MAPPING
P022,10.1007/s10853-019-04064-9,P022_SERIES01,P022_MAT_C2MO2,P022_MC_C2MO2_ASCAST_RT,P022_C2MO2_EBSD_40,P022_C2MO2_EBSD_40,Observation_ID,P022_C2MO2_EBSD_40,as reported,HIERARCHY_INTEGRATION,"Verified material-parent, condition, and stage sheets",Source-defined hierarchy with correlated stage-child control,HIGH,VERIFIED,EXPERIMENTAL,https://doi.org/10.1007/s10853-019-04064-9,AUDIT_SCOPE_DEPENDENT,MASTER_FIELD_MAPPING
P022,10.1007/s10853-019-04064-9,P022_SERIES01,P022_MAT_C2MO2,P022_MC_C2MO2_ASCAST_RT,P022_C2MO2_EBSD_40,P022_C2MO2_EBSD_40,Data_Origin,EXPERIMENTAL,as reported,SOURCE_IDENTITY,Verified article identity / whole paper,Verified PDF and bibliographic DOI identity,HIGH,VERIFIED,EXPERIMENTAL,https://doi.org/10.1007/s10853-019-04064-9,AUDIT_SCOPE_DEPENDENT,MASTER_FIELD_MAPPING
P022,10.1007/s10853-019-04064-9,P022_SERIES01,P022_MAT_C2MO2,P022_MC_C2MO2_ASCAST_RT,P022_C2MO2_EBSD_40,P022_C2MO2_EBSD_40,Observation_Role,CORRELATED_STAGE_CHILD,as reported,HIERARCHY_INTEGRATION,"Verified material-parent, condition, and stage sheets",Source-defined hierarchy with correlated stage-child control,HIGH,VERIFIED,EXPERIMENTAL,https://doi.org/10.1007/s10853-019-04064-9,AUDIT_SCOPE_DEPENDENT,MASTER_FIELD_MAPPING
P022,10.1007/s10853-019-04064-9,P022_SERIES01,P022_MAT_C2MO2,P022_MC_C2MO2_ASCAST_RT,P022_C2MO2_EBSD_40,P022_C2MO2_EBSD_40,Deformation_Stage_ID,P022_C2MO2_EBSD_40,as reported,HIERARCHY_INTEGRATION,"Verified material-parent, condition, and stage sheets",Source-defined hierarchy with correlated stage-child control,HIGH,VERIFIED,EXPERIMENTAL,https://doi.org/10.1007/s10853-019-04064-9,AUDIT_SCOPE_DEPENDENT,MASTER_FIELD_MAPPING
P022,10.1007/s10853-019-04064-9,P022_SERIES01,P022_MAT_C2MO2,P022_MC_C2MO2_ASCAST_RT,P022_C2MO2_EBSD_40,P022_C2MO2_EBSD_40,Grouping_Review_Required,False,as reported,HIERARCHY_INTEGRATION,"Verified material-parent, condition, and stage sheets",Source-defined hierarchy with correlated stage-child control,HIGH,VERIFIED,EXPERIMENTAL,https://doi.org/10.1007/s10853-019-04064-9,AUDIT_SCOPE_DEPENDENT,MASTER_FIELD_MAPPING
P022,10.1007/s10853-019-04064-9,P022_SERIES01,P022_MAT_C2MO2,P022_MC_C2MO2_ASCAST_RT,P022_C2MO2_EBSD_40,P022_C2MO2_EBSD_40,Grouping_Confidence,HIGH,as reported,HIERARCHY_INTEGRATION,"Verified material-parent, condition, and stage sheets",Source-defined hierarchy with correlated stage-child control,HIGH,VERIFIED,EXPERIMENTAL,https://doi.org/10.1007/s10853-019-04064-9,AUDIT_SCOPE_DEPENDENT,MASTER_FIELD_MAPPING
P022,10.1007/s10853-019-04064-9,P022_SERIES01,P022_MAT_C2MO2,P022_MC_C2MO2_ASCAST_RT,P022_C2MO2_EBSD_40,P022_C2MO2_EBSD_40,Grouping_Reason,40%-strain observation is correlated with its parent tensile condition and cannot count independently,as reported,HIERARCHY_INTEGRATION,"Verified material-parent, condition, and stage sheets",Source-defined hierarchy with correlated stage-child control,HIGH,VERIFIED,EXPERIMENTAL,https://doi.org/10.1007/s10853-019-04064-9,AUDIT_SCOPE_DEPENDENT,MASTER_FIELD_MAPPING
P022,10.1007/s10853-019-04064-9,P022_SERIES01,P022_MAT_C2MO2,P022_MC_C2MO2_ASCAST_RT,P022_C2MO2_EBSD_40,P022_C2MO2_EBSD_40,Effective_TRIP,UNRESOLVED_NA,binary,CONDITION_OR_STAGE_TARGET_EVIDENCE,Fig.4 pp.4-5,EBSD/IPF plus misorientation at 40% strain,HIGH,VERIFIED_NA_INSUFFICIENT_CONDITION_LEVEL_EVIDENCE,EXPERIMENTAL,https://doi.org/10.1007/s10853-019-04064-9,POST_DEFORMATION_TARGET_EVIDENCE,MASTER_FIELD_MAPPING
P022,10.1007/s10853-019-04064-9,P022_SERIES01,P022_MAT_C2MO2,P022_MC_C2MO2_ASCAST_RT,P022_C2MO2_EBSD_40,P022_C2MO2_EBSD_40,Effective_TWIP,UNRESOLVED_NA,binary,CONDITION_OR_STAGE_TARGET_EVIDENCE,Fig.4 pp.4-5,EBSD/IPF plus misorientation at 40% strain,HIGH,VERIFIED_NA_INSUFFICIENT_CONDITION_LEVEL_EVIDENCE,EXPERIMENTAL,https://doi.org/10.1007/s10853-019-04064-9,POST_DEFORMATION_TARGET_EVIDENCE,MASTER_FIELD_MAPPING
P022,10.1007/s10853-019-04064-9,P022_SERIES01,P022_MAT_C2MO2,P022_MC_C2MO2_ASCAST_RT,P022_C2MO2_EBSD_40,P022_C2MO2_EBSD_40,Study_Series_ID,P022_SERIES01,as reported,HIERARCHY_INTEGRATION,"Verified material-parent, condition, and stage sheets",Source-defined hierarchy with correlated stage-child control,HIGH,VERIFIED,EXPERIMENTAL,https://doi.org/10.1007/s10853-019-04064-9,AUDIT_SCOPE_DEPENDENT,MASTER_FIELD_MAPPING
P022,10.1007/s10853-019-04064-9,P022_SERIES01,P022_MAT_C2MO2,P022_MC_C2MO2_ASCAST_RT,P022_C2MO2_EBSD_40,P022_C2MO2_EBSD_40,Material_Parent_ID,P022_MAT_C2MO2,as reported,HIERARCHY_INTEGRATION,"Verified material-parent, condition, and stage sheets",Source-defined hierarchy with correlated stage-child control,HIGH,VERIFIED,EXPERIMENTAL,https://doi.org/10.1007/s10853-019-04064-9,AUDIT_SCOPE_DEPENDENT,MASTER_FIELD_MAPPING
P022,10.1007/s10853-019-04064-9,P022_SERIES01,P022_MAT_C2MO2,P022_MC_C2MO2_ASCAST_RT,P022_C2MO2_EBSD_40,P022_C2MO2_EBSD_40,Leakage_Group_Strict,P022_SERIES01,as reported,HIERARCHY_INTEGRATION,"Verified material-parent, condition, and stage sheets",Source-defined hierarchy with correlated stage-child control,HIGH,VERIFIED,EXPERIMENTAL,https://doi.org/10.1007/s10853-019-04064-9,AUDIT_SCOPE_DEPENDENT,MASTER_FIELD_MAPPING
P022,10.1007/s10853-019-04064-9,P022_SERIES01,P022_MAT_C2MO2,P022_MC_C2MO2_ASCAST_RT,P022_C2MO2_EBSD_40,P022_C2MO2_EBSD_40,Leakage_Group_Material,P022_MAT_C2MO2,as reported,HIERARCHY_INTEGRATION,"Verified material-parent, condition, and stage sheets",Source-defined hierarchy with correlated stage-child control,HIGH,VERIFIED,EXPERIMENTAL,https://doi.org/10.1007/s10853-019-04064-9,AUDIT_SCOPE_DEPENDENT,MASTER_FIELD_MAPPING
P022,10.1007/s10853-019-04064-9,P022_SERIES01,P022_MAT_C2MO2,P022_MC_C2MO2_ASCAST_RT,P022_C2MO2_EBSD_40,P022_C2MO2_EBSD_40,Parent_ML_Condition_ID,P022_MC_C2MO2_ASCAST_RT,as reported,HIERARCHY_INTEGRATION,"Verified material-parent, condition, and stage sheets",Source-defined hierarchy with correlated stage-child control,HIGH,VERIFIED,EXPERIMENTAL,https://doi.org/10.1007/s10853-019-04064-9,AUDIT_SCOPE_DEPENDENT,MASTER_FIELD_MAPPING
P022,10.1007/s10853-019-04064-9,P022_SERIES01,P022_MAT_C2MO2,P022_MC_C2MO2_ASCAST_RT,P022_C2MO2_EBSD_40,P022_C2MO2_EBSD_40,Independent_ML_sample,False,as reported,HIERARCHY_INTEGRATION,"Verified material-parent, condition, and stage sheets",Source-defined hierarchy with correlated stage-child control,HIGH,VERIFIED,EXPERIMENTAL,https://doi.org/10.1007/s10853-019-04064-9,AUDIT_SCOPE_DEPENDENT,MASTER_FIELD_MAPPING
P022,10.1007/s10853-019-04064-9,P022_SERIES01,P022_MAT_C2MO2,P022_MC_C2MO2_ASCAST_RT,P022_C2MO2_EBSD_40,P022_C2MO2_EBSD_40,Processing_State_ID,AS_CAST,as reported,DIRECT_TEXT_OR_VERIFIED_NA,Materials and methods p.2; tensile condition p.3,Source text without chemistry normalization or temperature/rate inference,HIGH,VERIFIED,EXPERIMENTAL,https://doi.org/10.1007/s10853-019-04064-9,AUDIT_SCOPE_DEPENDENT,MASTER_FIELD_MAPPING
P022,10.1007/s10853-019-04064-9,P022_SERIES01,P022_MAT_C2MO2,P022_MC_C2MO2_ASCAST_RT,P022_C2MO2_EBSD_40,P022_C2MO2_EBSD_40,Tensile_Strain_pct,40.0,%,CONDITION_OR_STAGE_TARGET_EVIDENCE,Fig.4 pp.4-5,EBSD/IPF plus misorientation at 40% strain,HIGH,VERIFIED,EXPERIMENTAL,https://doi.org/10.1007/s10853-019-04064-9,POST_DEFORMATION_TARGET_EVIDENCE,MASTER_FIELD_MAPPING
P022,10.1007/s10853-019-04064-9,P022_SERIES01,P022_MAT_C2MO2,P022_MC_C2MO2_ASCAST_RT,P022_C2MO2_EBSD_40,P022_C2MO2_EBSD_40,TWIP_at_stage,1,binary,CONDITION_OR_STAGE_TARGET_EVIDENCE,Fig.4 pp.4-5,EBSD/IPF plus misorientation at 40% strain,HIGH,VERIFIED,EXPERIMENTAL,https://doi.org/10.1007/s10853-019-04064-9,POST_DEFORMATION_TARGET_EVIDENCE,MASTER_FIELD_MAPPING
P022,10.1007/s10853-019-04064-9,P022_SERIES01,P022_MAT_C2MO2,P022_MC_C2MO2_ASCAST_RT,P022_C2MO2_EBSD_40,P022_C2MO2_EBSD_40,TRIP_at_stage,UNRESOLVED_NA,binary,CONDITION_OR_STAGE_TARGET_EVIDENCE,Fig.4 pp.4-5,EBSD/IPF plus misorientation at 40% strain,HIGH,VERIFIED_NA_NO_STAGE_PHASE_TRANSFORMATION_ASSIGNMENT,EXPERIMENTAL,https://doi.org/10.1007/s10853-019-04064-9,POST_DEFORMATION_TARGET_EVIDENCE,MASTER_FIELD_MAPPING
P022,10.1007/s10853-019-04064-9,P022_SERIES01,P022_MAT_C2MO2,P022_MC_C2MO2_ASCAST_RT,P022_C2MO2_EBSD_40,P022_C2MO2_EBSD_40,Independent_Experimental_ML_sample,False,as reported,HIERARCHY_INTEGRATION,"Verified material-parent, condition, and stage sheets",Source-defined hierarchy with correlated stage-child control,HIGH,VERIFIED,EXPERIMENTAL,https://doi.org/10.1007/s10853-019-04064-9,AUDIT_SCOPE_DEPENDENT,MASTER_FIELD_MAPPING
P022,10.1007/s10853-019-04064-9,P022_SERIES01,P022_MAT_C2MO2,P022_MC_C2MO2_ASCAST_RT,P022_C2MO2_EBSD_40,P022_C2MO2_EBSD_40,Experimental_Target_Eligibility,False,as reported,HIERARCHY_INTEGRATION,"Verified material-parent, condition, and stage sheets",Source-defined hierarchy with correlated stage-child control,HIGH,VERIFIED,EXPERIMENTAL,https://doi.org/10.1007/s10853-019-04064-9,AUDIT_SCOPE_DEPENDENT,MASTER_FIELD_MAPPING
P022,10.1007/s10853-019-04064-9,P022_SERIES01,P022_MAT_C2MO2,P022_MC_C2MO2_ASCAST_RT,P022_C2MO2_EBSD_40,P022_C2MO2_EBSD_40,Target_Evidence_Confidence,HIGH,as reported,CONDITION_OR_STAGE_TARGET_EVIDENCE,Fig.4 pp.4-5,EBSD/IPF plus misorientation at 40% strain,HIGH,VERIFIED,EXPERIMENTAL,https://doi.org/10.1007/s10853-019-04064-9,POST_DEFORMATION_TARGET_EVIDENCE,MASTER_FIELD_MAPPING
P022,10.1007/s10853-019-04064-9,P022_SERIES01,P022_MAT_C2MO2,P022_MC_C2MO2_ASCAST_RT,P022_C2MO2_EBSD_40,P022_C2MO2_EBSD_40,Stage_Method,EBSD/IPF + misorientation,as reported,CONDITION_OR_STAGE_TARGET_EVIDENCE,Fig.4 pp.4-5,EBSD/IPF plus misorientation at 40% strain,HIGH,VERIFIED,EXPERIMENTAL,https://doi.org/10.1007/s10853-019-04064-9,POST_DEFORMATION_TARGET_EVIDENCE,MASTER_FIELD_MAPPING
P022,10.1007/s10853-019-04064-9,P022_SERIES01,P022_MAT_C2MO2,P022_MC_C2MO2_ASCAST_RT,P022_C2MO2_EBSD_40,P022_C2MO2_EBSD_40,Local_Strain_pct,40.0,%,CONDITION_OR_STAGE_TARGET_EVIDENCE,Fig.4 pp.4-5,EBSD/IPF plus misorientation at 40% strain,HIGH,VERIFIED,EXPERIMENTAL,https://doi.org/10.1007/s10853-019-04064-9,POST_DEFORMATION_TARGET_EVIDENCE,MASTER_FIELD_MAPPING
P022,10.1007/s10853-019-04064-9,P022_SERIES01,P022_MAT_C2MO2,P022_MC_C2MO2_ASCAST_RT,P022_C2MO2_EBSD_40,P022_C2MO2_EBSD_40,Journal,Journal of Materials Science,as reported,SOURCE_IDENTITY,Verified article identity / whole paper,Verified PDF and bibliographic DOI identity,HIGH,VERIFIED,EXPERIMENTAL,https://doi.org/10.1007/s10853-019-04064-9,AUDIT_SCOPE_DEPENDENT,MASTER_FIELD_MAPPING
P022,10.1007/s10853-019-04064-9,P022_SERIES01,P022_MAT_C2MO2,P022_MC_C2MO2_ASCAST_RT,P022_C2MO2_EBSD_40,P022_C2MO2_EBSD_40,Volume,55,as reported,SOURCE_IDENTITY,Verified article identity / whole paper,Verified PDF and bibliographic DOI identity,HIGH,VERIFIED,EXPERIMENTAL,https://doi.org/10.1007/s10853-019-04064-9,AUDIT_SCOPE_DEPENDENT,MASTER_FIELD_MAPPING
P022,10.1007/s10853-019-04064-9,P022_SERIES01,P022_MAT_C2MO2,P022_MC_C2MO2_ASCAST_RT,P022_C2MO2_EBSD_40,P022_C2MO2_EBSD_40,Issue,5,as reported,SOURCE_IDENTITY,Verified article identity / whole paper,Verified PDF and bibliographic DOI identity,HIGH,VERIFIED,EXPERIMENTAL,https://doi.org/10.1007/s10853-019-04064-9,AUDIT_SCOPE_DEPENDENT,MASTER_FIELD_MAPPING
P022,10.1007/s10853-019-04064-9,P022_SERIES01,P022_MAT_C2MO2,P022_MC_C2MO2_ASCAST_RT,P022_C2MO2_EBSD_40,P022_C2MO2_EBSD_40,Pages,2239-2244,as reported,SOURCE_IDENTITY,Verified article identity / whole paper,Verified PDF and bibliographic DOI identity,HIGH,VERIFIED,EXPERIMENTAL,https://doi.org/10.1007/s10853-019-04064-9,AUDIT_SCOPE_DEPENDENT,MASTER_FIELD_MAPPING
P022,10.1007/s10853-019-04064-9,P022_SERIES01,P022_MAT_C2MO2,P022_MC_C2MO2_ASCAST_RT,P022_C2MO2_EBSD_40,P022_C2MO2_EBSD_40,Publication_Year,2020,as reported,SOURCE_IDENTITY,Verified article identity / whole paper,Verified PDF and bibliographic DOI identity,HIGH,VERIFIED,EXPERIMENTAL,https://doi.org/10.1007/s10853-019-04064-9,AUDIT_SCOPE_DEPENDENT,MASTER_FIELD_MAPPING
P022,10.1007/s10853-019-04064-9,P022_SERIES01,P022_MAT_C2MO2,P022_MC_C2MO2_ASCAST_RT,P022_C2MO2_EBSD_40,P022_C2MO2_EBSD_40,Source_URL,https://doi.org/10.1007/s10853-019-04064-9,as reported,SOURCE_IDENTITY,Verified article identity / whole paper,Verified PDF and bibliographic DOI identity,HIGH,VERIFIED,EXPERIMENTAL,https://doi.org/10.1007/s10853-019-04064-9,AUDIT_SCOPE_DEPENDENT,MASTER_FIELD_MAPPING
P022,10.1007/s10853-019-04064-9,P022_SERIES01,P022_MAT_C2MO2,P022_MC_C2MO2_ASCAST_RT,P022_C2MO2_EBSD_40,P022_C2MO2_EBSD_40,Stage_Label,40% strain,as reported,CONDITION_OR_STAGE_TARGET_EVIDENCE,Fig.4 pp.4-5,EBSD/IPF plus misorientation at 40% strain,HIGH,VERIFIED,EXPERIMENTAL,https://doi.org/10.1007/s10853-019-04064-9,POST_DEFORMATION_TARGET_EVIDENCE,MASTER_FIELD_MAPPING
P022,10.1007/s10853-019-04064-9,P022_SERIES01,P022_MAT_C2MO2,P022_MC_C2MO2_ASCAST_RT,P022_C2MO2_EBSD_40,P022_C2MO2_EBSD_40,TRIP_Stage,UNRESOLVED_NA,binary,CONDITION_OR_STAGE_TARGET_EVIDENCE,Fig.4 pp.4-5,EBSD/IPF plus misorientation at 40% strain,HIGH,VERIFIED_NA_NO_STAGE_PHASE_TRANSFORMATION_ASSIGNMENT,EXPERIMENTAL,https://doi.org/10.1007/s10853-019-04064-9,POST_DEFORMATION_TARGET_EVIDENCE,MASTER_FIELD_MAPPING
P022,10.1007/s10853-019-04064-9,P022_SERIES01,P022_MAT_C2MO2,P022_MC_C2MO2_ASCAST_RT,P022_C2MO2_EBSD_40,P022_C2MO2_EBSD_40,TWIP_Stage,1,binary,CONDITION_OR_STAGE_TARGET_EVIDENCE,Fig.4 pp.4-5,EBSD/IPF plus misorientation at 40% strain,HIGH,VERIFIED,EXPERIMENTAL,https://doi.org/10.1007/s10853-019-04064-9,POST_DEFORMATION_TARGET_EVIDENCE,MASTER_FIELD_MAPPING
P022,10.1007/s10853-019-04064-9,P022_SERIES01,P022_MAT_C2MO2,P022_MC_C2MO2_ASCAST_RT,P022_C2MO2_EBSD_40,P022_C2MO2_EBSD_40,Stage_Evidence_Type,DIRECT_EBSD_DEFORMATION_TWIN_BOUNDARIES_AT_40PCT,as reported,CONDITION_OR_STAGE_TARGET_EVIDENCE,Fig.4 pp.4-5,EBSD/IPF plus misorientation at 40% strain,HIGH,VERIFIED,EXPERIMENTAL,https://doi.org/10.1007/s10853-019-04064-9,POST_DEFORMATION_TARGET_EVIDENCE,MASTER_FIELD_MAPPING
P022,10.1007/s10853-019-04064-9,P022_SERIES01,P022_MAT_C2MO2,P022_MC_C2MO2_ASCAST_RT,P022_C2MO2_EBSD_40,P022_C2MO2_EBSD_40,P022_Record_Role,RECOVERED_CORRELATED_40PCT_EBSD_STAGE,as reported,HIERARCHY_INTEGRATION,"Verified material-parent, condition, and stage sheets",Source-defined hierarchy with correlated stage-child control,HIGH,VERIFIED,EXPERIMENTAL,https://doi.org/10.1007/s10853-019-04064-9,AUDIT_SCOPE_DEPENDENT,MASTER_FIELD_MAPPING
P022,10.1007/s10853-019-04064-9,P022_SERIES01,P022_MAT_C2MO2,P022_MC_C2MO2_ASCAST_RT,P022_C2MO2_EBSD_40,P022_C2MO2_EBSD_40,P022_Target_Status,STAGE_SPECIFIC_SUPPORT_NOT_CONDITION_LABEL,as reported,CONDITION_OR_STAGE_TARGET_EVIDENCE,Fig.4 pp.4-5,EBSD/IPF plus misorientation at 40% strain,HIGH,VERIFIED,EXPERIMENTAL,https://doi.org/10.1007/s10853-019-04064-9,POST_DEFORMATION_TARGET_EVIDENCE,MASTER_FIELD_MAPPING
P022,10.1007/s10853-019-04064-9,P022_SERIES01,P022_MAT_C2MO2,P022_MC_C2MO2_ASCAST_RT,P022_C2MO2_EBSD_40,P022_C2MO2_EBSD_40,P022_Source_Identity_Status,VERIFIED_PDF_AND_EXTERNAL_BIBLIOGRAPHIC_MATCH,as reported,SOURCE_IDENTITY,Verified article identity / whole paper,Verified PDF and bibliographic DOI identity,HIGH,VERIFIED,EXPERIMENTAL,https://doi.org/10.1007/s10853-019-04064-9,AUDIT_SCOPE_DEPENDENT,MASTER_FIELD_MAPPING
P022,10.1007/s10853-019-04064-9,P022_SERIES01,P022_MAT_C2MO2,P022_MC_C2MO2_ASCAST_RT,P022_C2MO2_EBSD_40,P022_C2MO2_EBSD_40,P022_QC_Status,PENDING_GLOBAL_QC_SCHEMA_SPLIT_REFRESH_AFTER_COLLECTION,as reported,HIERARCHY_INTEGRATION,"Verified material-parent, condition, and stage sheets",Source-defined hierarchy with correlated stage-child control,HIGH,VERIFIED,EXPERIMENTAL,https://doi.org/10.1007/s10853-019-04064-9,AUDIT_SCOPE_DEPENDENT,MASTER_FIELD_MAPPING
P022,10.1007/s10853-019-04064-9,P022_SERIES01,P022_MAT_C2MO2,P022_MC_C2MO2_ASCAST_RT,P022_C2MO2_EBSD_40,P022_C2MO2_EBSD_40,Original_Composition_Basis,ATOMIC_RATIO_AS_REPORTED,as reported,DIRECT_TEXT_OR_VERIFIED_NA,Materials and methods p.2; tensile condition p.3,Source text without chemistry normalization or temperature/rate inference,HIGH,VERIFIED,EXPERIMENTAL,https://doi.org/10.1007/s10853-019-04064-9,AUDIT_SCOPE_DEPENDENT,MASTER_FIELD_MAPPING
P022,10.1007/s10853-019-04064-9,P022_SERIES01,P022_MAT_C2MO2,P022_MC_C2MO2_ASCAST_RT,P022_C2MO2_EBSD_40,P022_C2MO2_EBSD_40,Composition_Normalization_Status,NOT_NORMALIZED_RECOVERY_PRESERVES_ATOMIC_RATIO_FORMULA,as reported,DIRECT_TEXT_OR_VERIFIED_NA,Materials and methods p.2; tensile condition p.3,Source text without chemistry normalization or temperature/rate inference,HIGH,VERIFIED,EXPERIMENTAL,https://doi.org/10.1007/s10853-019-04064-9,AUDIT_SCOPE_DEPENDENT,MASTER_FIELD_MAPPING
P022,10.1007/s10853-019-04064-9,P022_SERIES01,P022_MAT_C2MO2,P022_MC_C2MO2_ASCAST_RT,P022_C2MO2_EBSD_40,P022_C2MO2_EBSD_40,Atomic_Ratio_C_Addition_Raw,2.0,atomic-ratio addition,DIRECT_TEXT_OR_VERIFIED_NA,Materials and methods p.2; tensile condition p.3,Source text without chemistry normalization or temperature/rate inference,HIGH,VERIFIED,EXPERIMENTAL,https://doi.org/10.1007/s10853-019-04064-9,AUDIT_SCOPE_DEPENDENT,MASTER_FIELD_MAPPING
P022,10.1007/s10853-019-04064-9,P022_SERIES01,P022_MAT_C2MO2,P022_MC_C2MO2_ASCAST_RT,P022_C2MO2_EBSD_40,P022_C2MO2_EBSD_40,Atomic_Ratio_Mo_Addition_Raw,2.0,atomic-ratio addition,DIRECT_TEXT_OR_VERIFIED_NA,Materials and methods p.2; tensile condition p.3,Source text without chemistry normalization or temperature/rate inference,HIGH,VERIFIED,EXPERIMENTAL,https://doi.org/10.1007/s10853-019-04064-9,AUDIT_SCOPE_DEPENDENT,MASTER_FIELD_MAPPING
P022,10.1007/s10853-019-04064-9,P022_SERIES01,P022_MAT_C2MO2,P022_MC_C2MO2_ASCAST_RT,P022_C2MO2_EBSD_40,P022_C2MO2_EBSD_40,Processing_State,AS_CAST,as reported,DIRECT_TEXT_OR_VERIFIED_NA,Materials and methods p.2; tensile condition p.3,Source text without chemistry normalization or temperature/rate inference,HIGH,VERIFIED,EXPERIMENTAL,https://doi.org/10.1007/s10853-019-04064-9,AUDIT_SCOPE_DEPENDENT,MASTER_FIELD_MAPPING
P022,10.1007/s10853-019-04064-9,P022_SERIES01,P022_MAT_C2MO2,P022_MC_C2MO2_ASCAST_RT,P022_C2MO2_EBSD_40,P022_C2MO2_EBSD_40,TRIP_to_TWIP_Negative_Safeguard,STAGE_TWIP_EVIDENCE_DOES_NOT_GENERATE_TRIP_ZERO,as reported,CONDITION_OR_STAGE_TARGET_EVIDENCE,Fig.4 pp.4-5,EBSD/IPF plus misorientation at 40% strain,HIGH,VERIFIED,EXPERIMENTAL,https://doi.org/10.1007/s10853-019-04064-9,POST_DEFORMATION_TARGET_EVIDENCE,MASTER_FIELD_MAPPING
P022,10.1007/s10853-019-04064-9,P022_SERIES01,P022_MAT_C2MO2,P022_MC_C2MO2_ASCAST_RT,P022_C2MO2_EBSD_40,P022_C2MO2_EBSD_40,Twin_Boundary_Character,APPROXIMATELY_60_DEGREE_<111>_DEFORMATION_TWIN_BOUNDARIES,as reported,CONDITION_OR_STAGE_TARGET_EVIDENCE,Fig.4 pp.4-5,EBSD/IPF plus misorientation at 40% strain,HIGH,VERIFIED,EXPERIMENTAL,https://doi.org/10.1007/s10853-019-04064-9,POST_DEFORMATION_TARGET_EVIDENCE,MASTER_FIELD_MAPPING
P022,10.1007/s10853-019-04064-9,P022_SERIES01,P022_MAT_C2MO2,P022_MC_C2MO2_ASCAST_RT,P022_C2MO2_EBSD_40,P022_C2MO2_EBSD_40,Twin_Population_Qualitative,LOWER_THAN_C2MO1_QUALITATIVE,as reported,CONDITION_OR_STAGE_TARGET_EVIDENCE,Fig.4 pp.4-5,EBSD/IPF plus misorientation at 40% strain,HIGH,VERIFIED,EXPERIMENTAL,https://doi.org/10.1007/s10853-019-04064-9,POST_DEFORMATION_TARGET_EVIDENCE,MASTER_FIELD_MAPPING
P022,10.1007/s10853-019-04064-9,P022_SERIES01,P022_MAT_C2MO2,P022_MC_C2MO2_ASCAST_RT,P022_C2MO2_EBSD_40,P022_C2MO2_EBSD_40,Twin_Fraction_Status,QUALITATIVE_POPULATION_ONLY_NO_FRACTION_DIGITIZED,as reported,CONDITION_OR_STAGE_TARGET_EVIDENCE,Fig.4 pp.4-5,EBSD/IPF plus misorientation at 40% strain,HIGH,VERIFIED,EXPERIMENTAL,https://doi.org/10.1007/s10853-019-04064-9,POST_DEFORMATION_TARGET_EVIDENCE,MASTER_FIELD_MAPPING
P022,10.1007/s10853-019-04064-9,P022_SERIES01,P022_MAT_C2MO2,P022_MC_C2MO2_ASCAST_RT,P022_C2MO2_EBSD_40,P022_C2MO2_EBSD_40,SFE_General_Threshold_Status,SECONDARY_GENERAL_THRESHOLDS_NOT_ASSIGNED_TO_P022_CONDITIONS,as reported,QUALITATIVE_DIRECTION_OR_VERIFIED_GAP,Introduction/results and whole-paper review,No current-alloy numeric SFE or DeltaG; no cross-paper transfer,HIGH,VERIFIED,EXPERIMENTAL,https://doi.org/10.1007/s10853-019-04064-9,NOT_SAFE_AS_DIRECT_NUMERIC_SFE_OR_DELTAG,MASTER_FIELD_MAPPING
P022,10.1007/s10853-019-04064-9,P022_SERIES01,P022_MAT_C0,P022_MC_C0_ASCAST_RT,P022_OBS_C0_ASCAST_RT,P022_SERIES01,Source_Identity,Excellent room temperature ductility of as-cast TRIP high-entropy alloy via Mo and C alloying,not applicable,DIRECT_PDF_PLUS_EXTERNAL_BIBLIOGRAPHY,p.1,Source verification,High,VERIFIED,EXPERIMENTAL,https://doi.org/10.1007/s10853-019-04064-9,SOURCE_LEDGER_SCOPE_DEPENDENT,VERIFIED_WORKBOOK_LEDGER
P022,10.1007/s10853-019-04064-9,P022_SERIES01,P022_MAT_C2,P022_MC_C2_ASCAST_RT,P022_OBS_C2_ASCAST_RT,P022_SERIES01,Source_Identity,Excellent room temperature ductility of as-cast TRIP high-entropy alloy via Mo and C alloying,not applicable,DIRECT_PDF_PLUS_EXTERNAL_BIBLIOGRAPHY,p.1,Source verification,High,VERIFIED,EXPERIMENTAL,https://doi.org/10.1007/s10853-019-04064-9,SOURCE_LEDGER_SCOPE_DEPENDENT,VERIFIED_WORKBOOK_LEDGER
P022,10.1007/s10853-019-04064-9,P022_SERIES01,P022_MAT_C4,P022_MC_C4_ASCAST_RT,P022_OBS_C4_ASCAST_RT,P022_SERIES01,Source_Identity,Excellent room temperature ductility of as-cast TRIP high-entropy alloy via Mo and C alloying,not applicable,DIRECT_PDF_PLUS_EXTERNAL_BIBLIOGRAPHY,p.1,Source verification,High,VERIFIED,EXPERIMENTAL,https://doi.org/10.1007/s10853-019-04064-9,SOURCE_LEDGER_SCOPE_DEPENDENT,VERIFIED_WORKBOOK_LEDGER
P022,10.1007/s10853-019-04064-9,P022_SERIES01,P022_MAT_C2MO1,P022_MC_C2MO1_ASCAST_RT,P022_OBS_C2MO1_ASCAST_RT,P022_SERIES01,Source_Identity,Excellent room temperature ductility of as-cast TRIP high-entropy alloy via Mo and C alloying,not applicable,DIRECT_PDF_PLUS_EXTERNAL_BIBLIOGRAPHY,p.1,Source verification,High,VERIFIED,EXPERIMENTAL,https://doi.org/10.1007/s10853-019-04064-9,SOURCE_LEDGER_SCOPE_DEPENDENT,VERIFIED_WORKBOOK_LEDGER
P022,10.1007/s10853-019-04064-9,P022_SERIES01,P022_MAT_C2MO2,P022_MC_C2MO2_ASCAST_RT,P022_OBS_C2MO2_ASCAST_RT,P022_SERIES01,Source_Identity,Excellent room temperature ductility of as-cast TRIP high-entropy alloy via Mo and C alloying,not applicable,DIRECT_PDF_PLUS_EXTERNAL_BIBLIOGRAPHY,p.1,Source verification,High,VERIFIED,EXPERIMENTAL,https://doi.org/10.1007/s10853-019-04064-9,SOURCE_LEDGER_SCOPE_DEPENDENT,VERIFIED_WORKBOOK_LEDGER
P022,10.1007/s10853-019-04064-9,P022_SERIES01,P022_MAT_C0,P022_MC_C0_ASCAST_RT,P022_OBS_C0_ASCAST_RT,P022_MAT_C0,Original_Composition_Formula,Fe50Mn30Co10Cr10,atomic ratio,DIRECT_TEXT,Materials and methods p.2,Nominal formula,High,VERIFIED_RAW,EXPERIMENTAL,https://doi.org/10.1007/s10853-019-04064-9,SOURCE_LEDGER_SCOPE_DEPENDENT,VERIFIED_WORKBOOK_LEDGER
P022,10.1007/s10853-019-04064-9,P022_SERIES01,P022_MAT_C0,P022_MC_C0_ASCAST_RT,P022_OBS_C0_ASCAST_RT,P022_MAT_C0,Measured_Bulk_Composition,UNRESOLVED_NA,not applicable,NOT_REPORTED,Whole paper,Source review,High,VERIFIED_NA,EXPERIMENTAL,https://doi.org/10.1007/s10853-019-04064-9,SOURCE_LEDGER_SCOPE_DEPENDENT,VERIFIED_WORKBOOK_LEDGER
P022,10.1007/s10853-019-04064-9,P022_SERIES01,P022_MAT_C2,P022_MC_C2_ASCAST_RT,P022_OBS_C2_ASCAST_RT,P022_MAT_C2,Original_Composition_Formula,Fe50Mn30Co10Cr10C2,atomic ratio,DIRECT_TEXT,Materials and methods p.2,Nominal formula,High,VERIFIED_RAW,EXPERIMENTAL,https://doi.org/10.1007/s10853-019-04064-9,SOURCE_LEDGER_SCOPE_DEPENDENT,VERIFIED_WORKBOOK_LEDGER
P022,10.1007/s10853-019-04064-9,P022_SERIES01,P022_MAT_C2,P022_MC_C2_ASCAST_RT,P022_OBS_C2_ASCAST_RT,P022_MAT_C2,Measured_Bulk_Composition,UNRESOLVED_NA,not applicable,NOT_REPORTED,Whole paper,Source review,High,VERIFIED_NA,EXPERIMENTAL,https://doi.org/10.1007/s10853-019-04064-9,SOURCE_LEDGER_SCOPE_DEPENDENT,VERIFIED_WORKBOOK_LEDGER
P022,10.1007/s10853-019-04064-9,P022_SERIES01,P022_MAT_C4,P022_MC_C4_ASCAST_RT,P022_OBS_C4_ASCAST_RT,P022_MAT_C4,Original_Composition_Formula,Fe50Mn30Co10Cr10C4,atomic ratio,DIRECT_TEXT,Materials and methods p.2,Nominal formula,High,VERIFIED_RAW,EXPERIMENTAL,https://doi.org/10.1007/s10853-019-04064-9,SOURCE_LEDGER_SCOPE_DEPENDENT,VERIFIED_WORKBOOK_LEDGER
P022,10.1007/s10853-019-04064-9,P022_SERIES01,P022_MAT_C4,P022_MC_C4_ASCAST_RT,P022_OBS_C4_ASCAST_RT,P022_MAT_C4,Measured_Bulk_Composition,UNRESOLVED_NA,not applicable,NOT_REPORTED,Whole paper,Source review,High,VERIFIED_NA,EXPERIMENTAL,https://doi.org/10.1007/s10853-019-04064-9,SOURCE_LEDGER_SCOPE_DEPENDENT,VERIFIED_WORKBOOK_LEDGER
P022,10.1007/s10853-019-04064-9,P022_SERIES01,P022_MAT_C2MO1,P022_MC_C2MO1_ASCAST_RT,P022_OBS_C2MO1_ASCAST_RT,P022_MAT_C2MO1,Original_Composition_Formula,Fe50Mn30Co10Cr10C2Mo1,atomic ratio,DIRECT_TEXT,Materials and methods p.2,Nominal formula,High,VERIFIED_RAW,EXPERIMENTAL,https://doi.org/10.1007/s10853-019-04064-9,SOURCE_LEDGER_SCOPE_DEPENDENT,VERIFIED_WORKBOOK_LEDGER
P022,10.1007/s10853-019-04064-9,P022_SERIES01,P022_MAT_C2MO1,P022_MC_C2MO1_ASCAST_RT,P022_OBS_C2MO1_ASCAST_RT,P022_MAT_C2MO1,Measured_Bulk_Composition,UNRESOLVED_NA,not applicable,NOT_REPORTED,Whole paper,Source review,High,VERIFIED_NA,EXPERIMENTAL,https://doi.org/10.1007/s10853-019-04064-9,SOURCE_LEDGER_SCOPE_DEPENDENT,VERIFIED_WORKBOOK_LEDGER
P022,10.1007/s10853-019-04064-9,P022_SERIES01,P022_MAT_C2MO2,P022_MC_C2MO2_ASCAST_RT,P022_OBS_C2MO2_ASCAST_RT,P022_MAT_C2MO2,Original_Composition_Formula,Fe50Mn30Co10Cr10C2Mo2,atomic ratio,DIRECT_TEXT,Materials and methods p.2,Nominal formula,High,VERIFIED_RAW,EXPERIMENTAL,https://doi.org/10.1007/s10853-019-04064-9,SOURCE_LEDGER_SCOPE_DEPENDENT,VERIFIED_WORKBOOK_LEDGER
P022,10.1007/s10853-019-04064-9,P022_SERIES01,P022_MAT_C2MO2,P022_MC_C2MO2_ASCAST_RT,P022_OBS_C2MO2_ASCAST_RT,P022_MAT_C2MO2,Measured_Bulk_Composition,UNRESOLVED_NA,not applicable,NOT_REPORTED,Whole paper,Source review,High,VERIFIED_NA,EXPERIMENTAL,https://doi.org/10.1007/s10853-019-04064-9,SOURCE_LEDGER_SCOPE_DEPENDENT,VERIFIED_WORKBOOK_LEDGER
P022,10.1007/s10853-019-04064-9,P022_SERIES01,P022_MAT_C0,P022_MC_C0_ASCAST_RT,P022_OBS_C0_ASCAST_RT,P022_MC_C0_ASCAST_RT,Test_T_Raw,room temperature,not applicable,DIRECT_TEXT,Results p.3,Tensile test,High,VERIFIED_RAW,EXPERIMENTAL,https://doi.org/10.1007/s10853-019-04064-9,SOURCE_LEDGER_SCOPE_DEPENDENT,VERIFIED_WORKBOOK_LEDGER
P022,10.1007/s10853-019-04064-9,P022_SERIES01,P022_MAT_C0,P022_MC_C0_ASCAST_RT,P022_OBS_C0_ASCAST_RT,P022_MC_C0_ASCAST_RT,Test_T_K,UNRESOLVED_NA,K,NOT_NUMERICALLY_REPORTED,Whole paper,Source review,High,VERIFIED_NA,EXPERIMENTAL,https://doi.org/10.1007/s10853-019-04064-9,SOURCE_LEDGER_SCOPE_DEPENDENT,VERIFIED_WORKBOOK_LEDGER
P022,10.1007/s10853-019-04064-9,P022_SERIES01,P022_MAT_C0,P022_MC_C0_ASCAST_RT,P022_OBS_C0_ASCAST_RT,P022_MC_C0_ASCAST_RT,Strain_Rate,UNRESOLVED_NA,s^-1,NOT_REPORTED,Methods,Source review,High,VERIFIED_NA,EXPERIMENTAL,https://doi.org/10.1007/s10853-019-04064-9,SOURCE_LEDGER_SCOPE_DEPENDENT,VERIFIED_WORKBOOK_LEDGER
P022,10.1007/s10853-019-04064-9,P022_SERIES01,P022_MAT_C2,P022_MC_C2_ASCAST_RT,P022_OBS_C2_ASCAST_RT,P022_MC_C2_ASCAST_RT,Test_T_Raw,room temperature,not applicable,DIRECT_TEXT,Results p.3,Tensile test,High,VERIFIED_RAW,EXPERIMENTAL,https://doi.org/10.1007/s10853-019-04064-9,SOURCE_LEDGER_SCOPE_DEPENDENT,VERIFIED_WORKBOOK_LEDGER
P022,10.1007/s10853-019-04064-9,P022_SERIES01,P022_MAT_C2,P022_MC_C2_ASCAST_RT,P022_OBS_C2_ASCAST_RT,P022_MC_C2_ASCAST_RT,Test_T_K,UNRESOLVED_NA,K,NOT_NUMERICALLY_REPORTED,Whole paper,Source review,High,VERIFIED_NA,EXPERIMENTAL,https://doi.org/10.1007/s10853-019-04064-9,SOURCE_LEDGER_SCOPE_DEPENDENT,VERIFIED_WORKBOOK_LEDGER
P022,10.1007/s10853-019-04064-9,P022_SERIES01,P022_MAT_C2,P022_MC_C2_ASCAST_RT,P022_OBS_C2_ASCAST_RT,P022_MC_C2_ASCAST_RT,Strain_Rate,UNRESOLVED_NA,s^-1,NOT_REPORTED,Methods,Source review,High,VERIFIED_NA,EXPERIMENTAL,https://doi.org/10.1007/s10853-019-04064-9,SOURCE_LEDGER_SCOPE_DEPENDENT,VERIFIED_WORKBOOK_LEDGER
P022,10.1007/s10853-019-04064-9,P022_SERIES01,P022_MAT_C4,P022_MC_C4_ASCAST_RT,P022_OBS_C4_ASCAST_RT,P022_MC_C4_ASCAST_RT,Test_T_Raw,room temperature,not applicable,DIRECT_TEXT,Results p.3,Tensile test,High,VERIFIED_RAW,EXPERIMENTAL,https://doi.org/10.1007/s10853-019-04064-9,SOURCE_LEDGER_SCOPE_DEPENDENT,VERIFIED_WORKBOOK_LEDGER
P022,10.1007/s10853-019-04064-9,P022_SERIES01,P022_MAT_C4,P022_MC_C4_ASCAST_RT,P022_OBS_C4_ASCAST_RT,P022_MC_C4_ASCAST_RT,Test_T_K,UNRESOLVED_NA,K,NOT_NUMERICALLY_REPORTED,Whole paper,Source review,High,VERIFIED_NA,EXPERIMENTAL,https://doi.org/10.1007/s10853-019-04064-9,SOURCE_LEDGER_SCOPE_DEPENDENT,VERIFIED_WORKBOOK_LEDGER
P022,10.1007/s10853-019-04064-9,P022_SERIES01,P022_MAT_C4,P022_MC_C4_ASCAST_RT,P022_OBS_C4_ASCAST_RT,P022_MC_C4_ASCAST_RT,Strain_Rate,UNRESOLVED_NA,s^-1,NOT_REPORTED,Methods,Source review,High,VERIFIED_NA,EXPERIMENTAL,https://doi.org/10.1007/s10853-019-04064-9,SOURCE_LEDGER_SCOPE_DEPENDENT,VERIFIED_WORKBOOK_LEDGER
P022,10.1007/s10853-019-04064-9,P022_SERIES01,P022_MAT_C2MO1,P022_MC_C2MO1_ASCAST_RT,P022_OBS_C2MO1_ASCAST_RT,P022_MC_C2MO1_ASCAST_RT,Test_T_Raw,room temperature,not applicable,DIRECT_TEXT,Results p.3,Tensile test,High,VERIFIED_RAW,EXPERIMENTAL,https://doi.org/10.1007/s10853-019-04064-9,SOURCE_LEDGER_SCOPE_DEPENDENT,VERIFIED_WORKBOOK_LEDGER
P022,10.1007/s10853-019-04064-9,P022_SERIES01,P022_MAT_C2MO1,P022_MC_C2MO1_ASCAST_RT,P022_OBS_C2MO1_ASCAST_RT,P022_MC_C2MO1_ASCAST_RT,Test_T_K,UNRESOLVED_NA,K,NOT_NUMERICALLY_REPORTED,Whole paper,Source review,High,VERIFIED_NA,EXPERIMENTAL,https://doi.org/10.1007/s10853-019-04064-9,SOURCE_LEDGER_SCOPE_DEPENDENT,VERIFIED_WORKBOOK_LEDGER
P022,10.1007/s10853-019-04064-9,P022_SERIES01,P022_MAT_C2MO1,P022_MC_C2MO1_ASCAST_RT,P022_OBS_C2MO1_ASCAST_RT,P022_MC_C2MO1_ASCAST_RT,Strain_Rate,UNRESOLVED_NA,s^-1,NOT_REPORTED,Methods,Source review,High,VERIFIED_NA,EXPERIMENTAL,https://doi.org/10.1007/s10853-019-04064-9,SOURCE_LEDGER_SCOPE_DEPENDENT,VERIFIED_WORKBOOK_LEDGER
P022,10.1007/s10853-019-04064-9,P022_SERIES01,P022_MAT_C2MO2,P022_MC_C2MO2_ASCAST_RT,P022_OBS_C2MO2_ASCAST_RT,P022_MC_C2MO2_ASCAST_RT,Test_T_Raw,room temperature,not applicable,DIRECT_TEXT,Results p.3,Tensile test,High,VERIFIED_RAW,EXPERIMENTAL,https://doi.org/10.1007/s10853-019-04064-9,SOURCE_LEDGER_SCOPE_DEPENDENT,VERIFIED_WORKBOOK_LEDGER
P022,10.1007/s10853-019-04064-9,P022_SERIES01,P022_MAT_C2MO2,P022_MC_C2MO2_ASCAST_RT,P022_OBS_C2MO2_ASCAST_RT,P022_MC_C2MO2_ASCAST_RT,Test_T_K,UNRESOLVED_NA,K,NOT_NUMERICALLY_REPORTED,Whole paper,Source review,High,VERIFIED_NA,EXPERIMENTAL,https://doi.org/10.1007/s10853-019-04064-9,SOURCE_LEDGER_SCOPE_DEPENDENT,VERIFIED_WORKBOOK_LEDGER
P022,10.1007/s10853-019-04064-9,P022_SERIES01,P022_MAT_C2MO2,P022_MC_C2MO2_ASCAST_RT,P022_OBS_C2MO2_ASCAST_RT,P022_MC_C2MO2_ASCAST_RT,Strain_Rate,UNRESOLVED_NA,s^-1,NOT_REPORTED,Methods,Source review,High,VERIFIED_NA,EXPERIMENTAL,https://doi.org/10.1007/s10853-019-04064-9,SOURCE_LEDGER_SCOPE_DEPENDENT,VERIFIED_WORKBOOK_LEDGER
P022,10.1007/s10853-019-04064-9,P022_SERIES01,P022_MAT_C0,P022_MC_C0_ASCAST_RT,P022_OBS_C0_ASCAST_RT,P022_MC_C0_ASCAST_RT,Effective_TRIP,1,binary,AUTHOR_CONDITION_ATTRIBUTION,Results p.4,Mechanistic attribution,Medium,VERIFIED_WITH_EVIDENCE_GRADE,EXPERIMENTAL,https://doi.org/10.1007/s10853-019-04064-9,SOURCE_LEDGER_SCOPE_DEPENDENT,VERIFIED_WORKBOOK_LEDGER
P022,10.1007/s10853-019-04064-9,P022_SERIES01,P022_MAT_C2,P022_MC_C2_ASCAST_RT,P022_OBS_C2_ASCAST_RT,P022_MC_C2_ASCAST_RT,Effective_TWIP,1,binary,DIRECT_EBSD_STAGE_EVIDENCE,Fig.4,EBSD/IPF + misorientation,High,VERIFIED,EXPERIMENTAL,https://doi.org/10.1007/s10853-019-04064-9,SOURCE_LEDGER_SCOPE_DEPENDENT,VERIFIED_WORKBOOK_LEDGER
P022,10.1007/s10853-019-04064-9,P022_SERIES01,P022_MAT_C2MO1,P022_MC_C2MO1_ASCAST_RT,P022_OBS_C2MO1_ASCAST_RT,P022_MC_C2MO1_ASCAST_RT,Effective_TWIP,1,binary,DIRECT_EBSD_STAGE_EVIDENCE,Fig.4,EBSD/IPF + misorientation,High,VERIFIED,EXPERIMENTAL,https://doi.org/10.1007/s10853-019-04064-9,SOURCE_LEDGER_SCOPE_DEPENDENT,VERIFIED_WORKBOOK_LEDGER
P022,10.1007/s10853-019-04064-9,P022_SERIES01,P022_MAT_C2MO2,P022_MC_C2MO2_ASCAST_RT,P022_OBS_C2MO2_ASCAST_RT,P022_MC_C2MO2_ASCAST_RT,Effective_TWIP,1,binary,DIRECT_EBSD_STAGE_EVIDENCE,Fig.4,EBSD/IPF + misorientation,High,VERIFIED,EXPERIMENTAL,https://doi.org/10.1007/s10853-019-04064-9,SOURCE_LEDGER_SCOPE_DEPENDENT,VERIFIED_WORKBOOK_LEDGER
P022,10.1007/s10853-019-04064-9,P022_SERIES01,P022_MAT_C2,P022_MC_C2_ASCAST_RT,P022_OBS_C2_ASCAST_RT,P022_MC_C2_ASCAST_RT,Engineering_UTS_Approx,600,MPa,DIRECT_APPROX_TEXT,Abstract/Conclusions,Tensile test,High,VERIFIED_APPROX,EXPERIMENTAL,https://doi.org/10.1007/s10853-019-04064-9,SOURCE_LEDGER_SCOPE_DEPENDENT,VERIFIED_WORKBOOK_LEDGER
P022,10.1007/s10853-019-04064-9,P022_SERIES01,P022_MAT_C2,P022_MC_C2_ASCAST_RT,P022_OBS_C2_ASCAST_RT,P022_MC_C2_ASCAST_RT,Elongation_Approx,67.4,%,DIRECT_APPROX_TEXT,Abstract/Conclusions,Tensile test,High,VERIFIED_APPROX,EXPERIMENTAL,https://doi.org/10.1007/s10853-019-04064-9,SOURCE_LEDGER_SCOPE_DEPENDENT,VERIFIED_WORKBOOK_LEDGER
P022,10.1007/s10853-019-04064-9,P022_SERIES01,P022_MAT_C2MO1,P022_MC_C2MO1_ASCAST_RT,P022_OBS_C2MO1_ASCAST_RT,P022_MC_C2MO1_ASCAST_RT,Engineering_UTS_Approx,658,MPa,DIRECT_APPROX_TEXT,Abstract/Conclusions,Tensile test,High,VERIFIED_APPROX,EXPERIMENTAL,https://doi.org/10.1007/s10853-019-04064-9,SOURCE_LEDGER_SCOPE_DEPENDENT,VERIFIED_WORKBOOK_LEDGER
P022,10.1007/s10853-019-04064-9,P022_SERIES01,P022_MAT_C2MO1,P022_MC_C2MO1_ASCAST_RT,P022_OBS_C2MO1_ASCAST_RT,P022_MC_C2MO1_ASCAST_RT,Elongation_Approx,89.8,%,DIRECT_APPROX_TEXT,Abstract/Results/Conclusions,Tensile test,High,VERIFIED_APPROX,EXPERIMENTAL,https://doi.org/10.1007/s10853-019-04064-9,SOURCE_LEDGER_SCOPE_DEPENDENT,VERIFIED_WORKBOOK_LEDGER
P022,10.1007/s10853-019-04064-9,P022_SERIES01,P022_MAT_C4,P022_MC_C4_ASCAST_RT,P022_OBS_C4_ASCAST_RT,P022_C4_PHASE,C4_Carbide_Status,PRESENT_INTERDENDRITIC,not applicable,DIRECT_SEM_TEXT,Results p.3 / Fig.2,SEM/OM,High,VERIFIED,EXPERIMENTAL,https://doi.org/10.1007/s10853-019-04064-9,SOURCE_LEDGER_SCOPE_DEPENDENT,VERIFIED_WORKBOOK_LEDGER
P022,10.1007/s10853-019-04064-9,P022_SERIES01,P022_MAT_C0,P022_MC_C0_ASCAST_RT,P022_OBS_C0_ASCAST_RT,P022_SFE_GENERIC_LOW,SFE_numeric,UNRESOLVED_NA,mJ/m2,NOT_REPORTED_CURRENT_ALLOY_NUMERIC,Whole paper,Source review,High,VERIFIED_NA,EXPERIMENTAL,https://doi.org/10.1007/s10853-019-04064-9,SOURCE_LEDGER_SCOPE_DEPENDENT,VERIFIED_WORKBOOK_LEDGER
P022,10.1007/s10853-019-04064-9,P022_SERIES01,P022_MAT_C2,P022_MC_C2_ASCAST_RT,P022_OBS_C2_ASCAST_RT,P022_SFE_GENERIC_LOW,SFE_numeric,UNRESOLVED_NA,mJ/m2,NOT_REPORTED_CURRENT_ALLOY_NUMERIC,Whole paper,Source review,High,VERIFIED_NA,EXPERIMENTAL,https://doi.org/10.1007/s10853-019-04064-9,SOURCE_LEDGER_SCOPE_DEPENDENT,VERIFIED_WORKBOOK_LEDGER
P022,10.1007/s10853-019-04064-9,P022_SERIES01,P022_MAT_C4,P022_MC_C4_ASCAST_RT,P022_OBS_C4_ASCAST_RT,P022_SFE_GENERIC_LOW,SFE_numeric,UNRESOLVED_NA,mJ/m2,NOT_REPORTED_CURRENT_ALLOY_NUMERIC,Whole paper,Source review,High,VERIFIED_NA,EXPERIMENTAL,https://doi.org/10.1007/s10853-019-04064-9,SOURCE_LEDGER_SCOPE_DEPENDENT,VERIFIED_WORKBOOK_LEDGER
P022,10.1007/s10853-019-04064-9,P022_SERIES01,P022_MAT_C2MO1,P022_MC_C2MO1_ASCAST_RT,P022_OBS_C2MO1_ASCAST_RT,P022_SFE_GENERIC_LOW,SFE_numeric,UNRESOLVED_NA,mJ/m2,NOT_REPORTED_CURRENT_ALLOY_NUMERIC,Whole paper,Source review,High,VERIFIED_NA,EXPERIMENTAL,https://doi.org/10.1007/s10853-019-04064-9,SOURCE_LEDGER_SCOPE_DEPENDENT,VERIFIED_WORKBOOK_LEDGER
P022,10.1007/s10853-019-04064-9,P022_SERIES01,P022_MAT_C2MO2,P022_MC_C2MO2_ASCAST_RT,P022_OBS_C2MO2_ASCAST_RT,P022_SFE_GENERIC_LOW,SFE_numeric,UNRESOLVED_NA,mJ/m2,NOT_REPORTED_CURRENT_ALLOY_NUMERIC,Whole paper,Source review,High,VERIFIED_NA,EXPERIMENTAL,https://doi.org/10.1007/s10853-019-04064-9,SOURCE_LEDGER_SCOPE_DEPENDENT,VERIFIED_WORKBOOK_LEDGER
P022,10.1007/s10853-019-04064-9,P022_SERIES01,P022_MAT_C0,P022_MC_C0_ASCAST_RT,P022_OBS_C0_ASCAST_RT,P022_DELTAG,DeltaG_FCC_HCP,UNRESOLVED_NA,J/mol,NOT_REPORTED,Whole paper,Source review,High,VERIFIED_NA,EXPERIMENTAL,https://doi.org/10.1007/s10853-019-04064-9,SOURCE_LEDGER_SCOPE_DEPENDENT,VERIFIED_WORKBOOK_LEDGER
P022,10.1007/s10853-019-04064-9,P022_SERIES01,P022_MAT_C2,P022_MC_C2_ASCAST_RT,P022_OBS_C2_ASCAST_RT,P022_DELTAG,DeltaG_FCC_HCP,UNRESOLVED_NA,J/mol,NOT_REPORTED,Whole paper,Source review,High,VERIFIED_NA,EXPERIMENTAL,https://doi.org/10.1007/s10853-019-04064-9,SOURCE_LEDGER_SCOPE_DEPENDENT,VERIFIED_WORKBOOK_LEDGER
P022,10.1007/s10853-019-04064-9,P022_SERIES01,P022_MAT_C4,P022_MC_C4_ASCAST_RT,P022_OBS_C4_ASCAST_RT,P022_DELTAG,DeltaG_FCC_HCP,UNRESOLVED_NA,J/mol,NOT_REPORTED,Whole paper,Source review,High,VERIFIED_NA,EXPERIMENTAL,https://doi.org/10.1007/s10853-019-04064-9,SOURCE_LEDGER_SCOPE_DEPENDENT,VERIFIED_WORKBOOK_LEDGER
P022,10.1007/s10853-019-04064-9,P022_SERIES01,P022_MAT_C2MO1,P022_MC_C2MO1_ASCAST_RT,P022_OBS_C2MO1_ASCAST_RT,P022_DELTAG,DeltaG_FCC_HCP,UNRESOLVED_NA,J/mol,NOT_REPORTED,Whole paper,Source review,High,VERIFIED_NA,EXPERIMENTAL,https://doi.org/10.1007/s10853-019-04064-9,SOURCE_LEDGER_SCOPE_DEPENDENT,VERIFIED_WORKBOOK_LEDGER
P022,10.1007/s10853-019-04064-9,P022_SERIES01,P022_MAT_C2MO2,P022_MC_C2MO2_ASCAST_RT,P022_OBS_C2MO2_ASCAST_RT,P022_DELTAG,DeltaG_FCC_HCP,UNRESOLVED_NA,J/mol,NOT_REPORTED,Whole paper,Source review,High,VERIFIED_NA,EXPERIMENTAL,https://doi.org/10.1007/s10853-019-04064-9,SOURCE_LEDGER_SCOPE_DEPENDENT,VERIFIED_WORKBOOK_LEDGER
P022,10.1007/s10853-019-04064-9,P022_SERIES01,P022_MAT_C0,P022_MC_C0_ASCAST_RT,P022_OBS_C0_ASCAST_RT,P022_SFE_GENERIC_LOW,SFE_numeric_current_alloy,UNRESOLVED_NA,mJ/m2,NOT_REPORTED_CURRENT_ALLOY_NUMERIC,Whole paper,Not measured/calculated for current alloys,High,NOT_REPORTED_CURRENT_ALLOY_NUMERIC,EXPERIMENTAL,https://doi.org/10.1007/s10853-019-04064-9,NOT_SAFE_AS_DIRECT_NUMERIC_SFE_OR_DELTAG,PHYSICS_SAFEGUARD_MAPPING
P022,10.1007/s10853-019-04064-9,P022_SERIES01,P022_MAT_C2,P022_MC_C2_ASCAST_RT,P022_OBS_C2_ASCAST_RT,P022_SFE_GENERIC_LOW,SFE_numeric_current_alloy,UNRESOLVED_NA,mJ/m2,NOT_REPORTED_CURRENT_ALLOY_NUMERIC,Whole paper,Not measured/calculated for current alloys,High,NOT_REPORTED_CURRENT_ALLOY_NUMERIC,EXPERIMENTAL,https://doi.org/10.1007/s10853-019-04064-9,NOT_SAFE_AS_DIRECT_NUMERIC_SFE_OR_DELTAG,PHYSICS_SAFEGUARD_MAPPING
P022,10.1007/s10853-019-04064-9,P022_SERIES01,P022_MAT_C4,P022_MC_C4_ASCAST_RT,P022_OBS_C4_ASCAST_RT,P022_SFE_GENERIC_LOW,SFE_numeric_current_alloy,UNRESOLVED_NA,mJ/m2,NOT_REPORTED_CURRENT_ALLOY_NUMERIC,Whole paper,Not measured/calculated for current alloys,High,NOT_REPORTED_CURRENT_ALLOY_NUMERIC,EXPERIMENTAL,https://doi.org/10.1007/s10853-019-04064-9,NOT_SAFE_AS_DIRECT_NUMERIC_SFE_OR_DELTAG,PHYSICS_SAFEGUARD_MAPPING
P022,10.1007/s10853-019-04064-9,P022_SERIES01,P022_MAT_C2MO1,P022_MC_C2MO1_ASCAST_RT,P022_OBS_C2MO1_ASCAST_RT,P022_SFE_GENERIC_LOW,SFE_numeric_current_alloy,UNRESOLVED_NA,mJ/m2,NOT_REPORTED_CURRENT_ALLOY_NUMERIC,Whole paper,Not measured/calculated for current alloys,High,NOT_REPORTED_CURRENT_ALLOY_NUMERIC,EXPERIMENTAL,https://doi.org/10.1007/s10853-019-04064-9,NOT_SAFE_AS_DIRECT_NUMERIC_SFE_OR_DELTAG,PHYSICS_SAFEGUARD_MAPPING
P022,10.1007/s10853-019-04064-9,P022_SERIES01,P022_MAT_C2MO2,P022_MC_C2MO2_ASCAST_RT,P022_OBS_C2MO2_ASCAST_RT,P022_SFE_GENERIC_LOW,SFE_numeric_current_alloy,UNRESOLVED_NA,mJ/m2,NOT_REPORTED_CURRENT_ALLOY_NUMERIC,Whole paper,Not measured/calculated for current alloys,High,NOT_REPORTED_CURRENT_ALLOY_NUMERIC,EXPERIMENTAL,https://doi.org/10.1007/s10853-019-04064-9,NOT_SAFE_AS_DIRECT_NUMERIC_SFE_OR_DELTAG,PHYSICS_SAFEGUARD_MAPPING
P022,10.1007/s10853-019-04064-9,P022_SERIES01,P022_MAT_C0,P022_MC_C0_ASCAST_RT,P022_OBS_C0_ASCAST_RT,P022_C_EFFECT_SFE,SFE_qualitative_direction,C addition discussed as increasing SFE,qualitative,QUALITATIVE_DIRECTION_ONLY,Introduction p.2; Results p.4,Author interpretation supported by literature,Medium,QUALITATIVE_DIRECTION_ONLY,EXPERIMENTAL,https://doi.org/10.1007/s10853-019-04064-9,CONDITIONAL_METADATA_ONLY,PHYSICS_SAFEGUARD_MAPPING
P022,10.1007/s10853-019-04064-9,P022_SERIES01,P022_MAT_C2,P022_MC_C2_ASCAST_RT,P022_OBS_C2_ASCAST_RT,P022_C_EFFECT_SFE,SFE_qualitative_direction,C addition discussed as increasing SFE,qualitative,QUALITATIVE_DIRECTION_ONLY,Introduction p.2; Results p.4,Author interpretation supported by literature,Medium,QUALITATIVE_DIRECTION_ONLY,EXPERIMENTAL,https://doi.org/10.1007/s10853-019-04064-9,CONDITIONAL_METADATA_ONLY,PHYSICS_SAFEGUARD_MAPPING
P022,10.1007/s10853-019-04064-9,P022_SERIES01,P022_MAT_C4,P022_MC_C4_ASCAST_RT,P022_OBS_C4_ASCAST_RT,P022_C_EFFECT_SFE,SFE_qualitative_direction,C addition discussed as increasing SFE,qualitative,QUALITATIVE_DIRECTION_ONLY,Introduction p.2; Results p.4,Author interpretation supported by literature,Medium,QUALITATIVE_DIRECTION_ONLY,EXPERIMENTAL,https://doi.org/10.1007/s10853-019-04064-9,CONDITIONAL_METADATA_ONLY,PHYSICS_SAFEGUARD_MAPPING
P022,10.1007/s10853-019-04064-9,P022_SERIES01,P022_MAT_C2MO1,P022_MC_C2MO1_ASCAST_RT,P022_OBS_C2MO1_ASCAST_RT,P022_C_EFFECT_SFE,SFE_qualitative_direction,C addition discussed as increasing SFE,qualitative,QUALITATIVE_DIRECTION_ONLY,Introduction p.2; Results p.4,Author interpretation supported by literature,Medium,QUALITATIVE_DIRECTION_ONLY,EXPERIMENTAL,https://doi.org/10.1007/s10853-019-04064-9,CONDITIONAL_METADATA_ONLY,PHYSICS_SAFEGUARD_MAPPING
P022,10.1007/s10853-019-04064-9,P022_SERIES01,P022_MAT_C2MO2,P022_MC_C2MO2_ASCAST_RT,P022_OBS_C2MO2_ASCAST_RT,P022_C_EFFECT_SFE,SFE_qualitative_direction,C addition discussed as increasing SFE,qualitative,QUALITATIVE_DIRECTION_ONLY,Introduction p.2; Results p.4,Author interpretation supported by literature,Medium,QUALITATIVE_DIRECTION_ONLY,EXPERIMENTAL,https://doi.org/10.1007/s10853-019-04064-9,CONDITIONAL_METADATA_ONLY,PHYSICS_SAFEGUARD_MAPPING
P022,10.1007/s10853-019-04064-9,P022_SERIES01,P022_MAT_C0,P022_MC_C0_ASCAST_RT,P022_OBS_C0_ASCAST_RT,P022_MO_EFFECT_SFE,SFE_qualitative_direction,Mo addition discussed as reducing SFE / promoting twinning,qualitative,QUALITATIVE_DIRECTION_ONLY,Introduction p.2; Results p.4,Author interpretation supported by prior Wei et al. study,Medium,QUALITATIVE_DIRECTION_ONLY,EXPERIMENTAL,https://doi.org/10.1007/s10853-019-04064-9,CONDITIONAL_METADATA_ONLY,PHYSICS_SAFEGUARD_MAPPING
P022,10.1007/s10853-019-04064-9,P022_SERIES01,P022_MAT_C2,P022_MC_C2_ASCAST_RT,P022_OBS_C2_ASCAST_RT,P022_MO_EFFECT_SFE,SFE_qualitative_direction,Mo addition discussed as reducing SFE / promoting twinning,qualitative,QUALITATIVE_DIRECTION_ONLY,Introduction p.2; Results p.4,Author interpretation supported by prior Wei et al. study,Medium,QUALITATIVE_DIRECTION_ONLY,EXPERIMENTAL,https://doi.org/10.1007/s10853-019-04064-9,CONDITIONAL_METADATA_ONLY,PHYSICS_SAFEGUARD_MAPPING
P022,10.1007/s10853-019-04064-9,P022_SERIES01,P022_MAT_C4,P022_MC_C4_ASCAST_RT,P022_OBS_C4_ASCAST_RT,P022_MO_EFFECT_SFE,SFE_qualitative_direction,Mo addition discussed as reducing SFE / promoting twinning,qualitative,QUALITATIVE_DIRECTION_ONLY,Introduction p.2; Results p.4,Author interpretation supported by prior Wei et al. study,Medium,QUALITATIVE_DIRECTION_ONLY,EXPERIMENTAL,https://doi.org/10.1007/s10853-019-04064-9,CONDITIONAL_METADATA_ONLY,PHYSICS_SAFEGUARD_MAPPING
P022,10.1007/s10853-019-04064-9,P022_SERIES01,P022_MAT_C2MO1,P022_MC_C2MO1_ASCAST_RT,P022_OBS_C2MO1_ASCAST_RT,P022_MO_EFFECT_SFE,SFE_qualitative_direction,Mo addition discussed as reducing SFE / promoting twinning,qualitative,QUALITATIVE_DIRECTION_ONLY,Introduction p.2; Results p.4,Author interpretation supported by prior Wei et al. study,Medium,QUALITATIVE_DIRECTION_ONLY,EXPERIMENTAL,https://doi.org/10.1007/s10853-019-04064-9,CONDITIONAL_METADATA_ONLY,PHYSICS_SAFEGUARD_MAPPING
P022,10.1007/s10853-019-04064-9,P022_SERIES01,P022_MAT_C2MO2,P022_MC_C2MO2_ASCAST_RT,P022_OBS_C2MO2_ASCAST_RT,P022_MO_EFFECT_SFE,SFE_qualitative_direction,Mo addition discussed as reducing SFE / promoting twinning,qualitative,QUALITATIVE_DIRECTION_ONLY,Introduction p.2; Results p.4,Author interpretation supported by prior Wei et al. study,Medium,QUALITATIVE_DIRECTION_ONLY,EXPERIMENTAL,https://doi.org/10.1007/s10853-019-04064-9,CONDITIONAL_METADATA_ONLY,PHYSICS_SAFEGUARD_MAPPING
P022,10.1007/s10853-019-04064-9,P022_SERIES01,P022_MAT_C0,P022_MC_C0_ASCAST_RT,P022_OBS_C0_ASCAST_RT,P022_DELTAG,DeltaG_FCC_HCP_J_mol,UNRESOLVED_NA,J/mol,NOT_REPORTED,Whole paper,Not reported,High,NOT_REPORTED,EXPERIMENTAL,https://doi.org/10.1007/s10853-019-04064-9,NOT_SAFE_AS_DIRECT_NUMERIC_SFE_OR_DELTAG,PHYSICS_SAFEGUARD_MAPPING
P022,10.1007/s10853-019-04064-9,P022_SERIES01,P022_MAT_C2,P022_MC_C2_ASCAST_RT,P022_OBS_C2_ASCAST_RT,P022_DELTAG,DeltaG_FCC_HCP_J_mol,UNRESOLVED_NA,J/mol,NOT_REPORTED,Whole paper,Not reported,High,NOT_REPORTED,EXPERIMENTAL,https://doi.org/10.1007/s10853-019-04064-9,NOT_SAFE_AS_DIRECT_NUMERIC_SFE_OR_DELTAG,PHYSICS_SAFEGUARD_MAPPING
P022,10.1007/s10853-019-04064-9,P022_SERIES01,P022_MAT_C4,P022_MC_C4_ASCAST_RT,P022_OBS_C4_ASCAST_RT,P022_DELTAG,DeltaG_FCC_HCP_J_mol,UNRESOLVED_NA,J/mol,NOT_REPORTED,Whole paper,Not reported,High,NOT_REPORTED,EXPERIMENTAL,https://doi.org/10.1007/s10853-019-04064-9,NOT_SAFE_AS_DIRECT_NUMERIC_SFE_OR_DELTAG,PHYSICS_SAFEGUARD_MAPPING
P022,10.1007/s10853-019-04064-9,P022_SERIES01,P022_MAT_C2MO1,P022_MC_C2MO1_ASCAST_RT,P022_OBS_C2MO1_ASCAST_RT,P022_DELTAG,DeltaG_FCC_HCP_J_mol,UNRESOLVED_NA,J/mol,NOT_REPORTED,Whole paper,Not reported,High,NOT_REPORTED,EXPERIMENTAL,https://doi.org/10.1007/s10853-019-04064-9,NOT_SAFE_AS_DIRECT_NUMERIC_SFE_OR_DELTAG,PHYSICS_SAFEGUARD_MAPPING
P022,10.1007/s10853-019-04064-9,P022_SERIES01,P022_MAT_C2MO2,P022_MC_C2MO2_ASCAST_RT,P022_OBS_C2MO2_ASCAST_RT,P022_DELTAG,DeltaG_FCC_HCP_J_mol,UNRESOLVED_NA,J/mol,NOT_REPORTED,Whole paper,Not reported,High,NOT_REPORTED,EXPERIMENTAL,https://doi.org/10.1007/s10853-019-04064-9,NOT_SAFE_AS_DIRECT_NUMERIC_SFE_OR_DELTAG,PHYSICS_SAFEGUARD_MAPPING
P022,10.1007/s10853-019-04064-9,P022_SERIES01,P022_MAT_C0,P022_MC_C0_ASCAST_RT,P022_OBS_C0_ASCAST_RT,P022_SFE_THRESHOLD_TWIP_GENERAL,SFE_general_TWIP_range_15_45,15-45,mJ/m2,SECONDARY_GENERAL_THRESHOLD_NOT_CURRENT_ALLOY_VALUE,Introduction p.2,Secondary general literature threshold,Medium,VERIFIED_SUPPORT_ONLY_NOT_CONDITION_VALUE,EXPERIMENTAL,https://doi.org/10.1007/s10853-019-04064-9,SUPPORT_ONLY_NOT_CONDITION_VALUE,PHYSICS_SAFEGUARD_MAPPING
P022,10.1007/s10853-019-04064-9,P022_SERIES01,P022_MAT_C2,P022_MC_C2_ASCAST_RT,P022_OBS_C2_ASCAST_RT,P022_SFE_THRESHOLD_TWIP_GENERAL,SFE_general_TWIP_range_15_45,15-45,mJ/m2,SECONDARY_GENERAL_THRESHOLD_NOT_CURRENT_ALLOY_VALUE,Introduction p.2,Secondary general literature threshold,Medium,VERIFIED_SUPPORT_ONLY_NOT_CONDITION_VALUE,EXPERIMENTAL,https://doi.org/10.1007/s10853-019-04064-9,SUPPORT_ONLY_NOT_CONDITION_VALUE,PHYSICS_SAFEGUARD_MAPPING
P022,10.1007/s10853-019-04064-9,P022_SERIES01,P022_MAT_C4,P022_MC_C4_ASCAST_RT,P022_OBS_C4_ASCAST_RT,P022_SFE_THRESHOLD_TWIP_GENERAL,SFE_general_TWIP_range_15_45,15-45,mJ/m2,SECONDARY_GENERAL_THRESHOLD_NOT_CURRENT_ALLOY_VALUE,Introduction p.2,Secondary general literature threshold,Medium,VERIFIED_SUPPORT_ONLY_NOT_CONDITION_VALUE,EXPERIMENTAL,https://doi.org/10.1007/s10853-019-04064-9,SUPPORT_ONLY_NOT_CONDITION_VALUE,PHYSICS_SAFEGUARD_MAPPING
P022,10.1007/s10853-019-04064-9,P022_SERIES01,P022_MAT_C2MO1,P022_MC_C2MO1_ASCAST_RT,P022_OBS_C2MO1_ASCAST_RT,P022_SFE_THRESHOLD_TWIP_GENERAL,SFE_general_TWIP_range_15_45,15-45,mJ/m2,SECONDARY_GENERAL_THRESHOLD_NOT_CURRENT_ALLOY_VALUE,Introduction p.2,Secondary general literature threshold,Medium,VERIFIED_SUPPORT_ONLY_NOT_CONDITION_VALUE,EXPERIMENTAL,https://doi.org/10.1007/s10853-019-04064-9,SUPPORT_ONLY_NOT_CONDITION_VALUE,PHYSICS_SAFEGUARD_MAPPING
P022,10.1007/s10853-019-04064-9,P022_SERIES01,P022_MAT_C2MO2,P022_MC_C2MO2_ASCAST_RT,P022_OBS_C2MO2_ASCAST_RT,P022_SFE_THRESHOLD_TWIP_GENERAL,SFE_general_TWIP_range_15_45,15-45,mJ/m2,SECONDARY_GENERAL_THRESHOLD_NOT_CURRENT_ALLOY_VALUE,Introduction p.2,Secondary general literature threshold,Medium,VERIFIED_SUPPORT_ONLY_NOT_CONDITION_VALUE,EXPERIMENTAL,https://doi.org/10.1007/s10853-019-04064-9,SUPPORT_ONLY_NOT_CONDITION_VALUE,PHYSICS_SAFEGUARD_MAPPING
P022,10.1007/s10853-019-04064-9,P022_SERIES01,P022_MAT_C0,P022_MC_C0_ASCAST_RT,P022_OBS_C0_ASCAST_RT,P022_SFE_THRESHOLD_TRIP_GENERAL,SFE_general_TRIP_upper_threshold_lt15,<15,mJ/m2,SECONDARY_GENERAL_THRESHOLD_NOT_CURRENT_ALLOY_VALUE,Introduction p.2,Secondary general literature threshold,Medium,VERIFIED_SUPPORT_ONLY_NOT_CONDITION_VALUE,EXPERIMENTAL,https://doi.org/10.1007/s10853-019-04064-9,SUPPORT_ONLY_NOT_CONDITION_VALUE,PHYSICS_SAFEGUARD_MAPPING
P022,10.1007/s10853-019-04064-9,P022_SERIES01,P022_MAT_C2,P022_MC_C2_ASCAST_RT,P022_OBS_C2_ASCAST_RT,P022_SFE_THRESHOLD_TRIP_GENERAL,SFE_general_TRIP_upper_threshold_lt15,<15,mJ/m2,SECONDARY_GENERAL_THRESHOLD_NOT_CURRENT_ALLOY_VALUE,Introduction p.2,Secondary general literature threshold,Medium,VERIFIED_SUPPORT_ONLY_NOT_CONDITION_VALUE,EXPERIMENTAL,https://doi.org/10.1007/s10853-019-04064-9,SUPPORT_ONLY_NOT_CONDITION_VALUE,PHYSICS_SAFEGUARD_MAPPING
P022,10.1007/s10853-019-04064-9,P022_SERIES01,P022_MAT_C4,P022_MC_C4_ASCAST_RT,P022_OBS_C4_ASCAST_RT,P022_SFE_THRESHOLD_TRIP_GENERAL,SFE_general_TRIP_upper_threshold_lt15,<15,mJ/m2,SECONDARY_GENERAL_THRESHOLD_NOT_CURRENT_ALLOY_VALUE,Introduction p.2,Secondary general literature threshold,Medium,VERIFIED_SUPPORT_ONLY_NOT_CONDITION_VALUE,EXPERIMENTAL,https://doi.org/10.1007/s10853-019-04064-9,SUPPORT_ONLY_NOT_CONDITION_VALUE,PHYSICS_SAFEGUARD_MAPPING
P022,10.1007/s10853-019-04064-9,P022_SERIES01,P022_MAT_C2MO1,P022_MC_C2MO1_ASCAST_RT,P022_OBS_C2MO1_ASCAST_RT,P022_SFE_THRESHOLD_TRIP_GENERAL,SFE_general_TRIP_upper_threshold_lt15,<15,mJ/m2,SECONDARY_GENERAL_THRESHOLD_NOT_CURRENT_ALLOY_VALUE,Introduction p.2,Secondary general literature threshold,Medium,VERIFIED_SUPPORT_ONLY_NOT_CONDITION_VALUE,EXPERIMENTAL,https://doi.org/10.1007/s10853-019-04064-9,SUPPORT_ONLY_NOT_CONDITION_VALUE,PHYSICS_SAFEGUARD_MAPPING
P022,10.1007/s10853-019-04064-9,P022_SERIES01,P022_MAT_C2MO2,P022_MC_C2MO2_ASCAST_RT,P022_OBS_C2MO2_ASCAST_RT,P022_SFE_THRESHOLD_TRIP_GENERAL,SFE_general_TRIP_upper_threshold_lt15,<15,mJ/m2,SECONDARY_GENERAL_THRESHOLD_NOT_CURRENT_ALLOY_VALUE,Introduction p.2,Secondary general literature threshold,Medium,VERIFIED_SUPPORT_ONLY_NOT_CONDITION_VALUE,EXPERIMENTAL,https://doi.org/10.1007/s10853-019-04064-9,SUPPORT_ONLY_NOT_CONDITION_VALUE,PHYSICS_SAFEGUARD_MAPPING
